<?xml version="1.0" encoding="UTF-8"?>
<gpx creator="Garmin Connect" version="1.1"
  xsi:schemaLocation="http://www.topografix.com/GPX/1/1 http://www.topografix.com/GPX/11.xsd"
  xmlns:ns3="http://www.garmin.com/xmlschemas/TrackPointExtension/v1"
  xmlns="http://www.topografix.com/GPX/1/1"
  xmlns:xsi="http://www.w3.org/2001/XMLSchema-instance" xmlns:ns2="http://www.garmin.com/xmlschemas/GpxExtensions/v3">
  <metadata>
    <link href="connect.garmin.com">
      <text>Garmin Connect</text>
    </link>
    <time>2025-04-20T08:30:18.000Z</time>
  </metadata>
  <trk>
    <name>Teylingen Cycling</name>
    <type>cycling</type>
    <trkseg>
      <trkpt lat="52.22518351860344409942626953125" lon="4.48478247039020061492919921875">
        <ele>19.200000762939453125</ele>
        <time>2025-04-20T08:30:33.000Z</time>
        <extensions>
          <ns3:TrackPointExtension>
            <ns3:hr>93</ns3:hr>
          </ns3:TrackPointExtension>
        </extensions>
      </trkpt>
      <trkpt lat="52.22527362406253814697265625" lon="4.4847193546593189239501953125">
        <ele>19.200000762939453125</ele>
        <time>2025-04-20T08:30:39.000Z</time>
        <extensions>
          <ns3:TrackPointExtension>
            <ns3:hr>91</ns3:hr>
          </ns3:TrackPointExtension>
        </extensions>
      </trkpt>
      <trkpt lat="52.2253354825079441070556640625" lon="4.484600163996219635009765625">
        <ele>19.200000762939453125</ele>
        <time>2025-04-20T08:30:48.000Z</time>
        <extensions>
          <ns3:TrackPointExtension>
            <ns3:hr>89</ns3:hr>
          </ns3:TrackPointExtension>
        </extensions>
      </trkpt>
      <trkpt lat="52.2253333032131195068359375" lon="4.48460452258586883544921875">
        <ele>19.200000762939453125</ele>
        <time>2025-04-20T08:30:50.000Z</time>
        <extensions>
          <ns3:TrackPointExtension>
            <ns3:hr>86</ns3:hr>
          </ns3:TrackPointExtension>
        </extensions>
      </trkpt>
      <trkpt lat="52.22533321939408779144287109375" lon="4.48460745625197887420654296875">
        <ele>19.200000762939453125</ele>
        <time>2025-04-20T08:30:55.000Z</time>
        <extensions>
          <ns3:TrackPointExtension>
            <ns3:hr>89</ns3:hr>
          </ns3:TrackPointExtension>
        </extensions>
      </trkpt>
      <trkpt lat="52.2252918966114521026611328125" lon="4.48459957726299762725830078125">
        <ele>19.200000762939453125</ele>
        <time>2025-04-20T08:31:02.000Z</time>
        <extensions>
          <ns3:TrackPointExtension>
            <ns3:hr>91</ns3:hr>
          </ns3:TrackPointExtension>
        </extensions>
      </trkpt>
      <trkpt lat="52.22528611309826374053955078125" lon="4.4846100546419620513916015625">
        <ele>19.200000762939453125</ele>
        <time>2025-04-20T08:31:26.000Z</time>
        <extensions>
          <ns3:TrackPointExtension>
            <ns3:hr>94</ns3:hr>
          </ns3:TrackPointExtension>
        </extensions>
      </trkpt>
      <trkpt lat="52.22529415972530841827392578125" lon="4.484602175652980804443359375">
        <ele>19.200000762939453125</ele>
        <time>2025-04-20T08:31:29.000Z</time>
        <extensions>
          <ns3:TrackPointExtension>
            <ns3:hr>95</ns3:hr>
          </ns3:TrackPointExtension>
        </extensions>
      </trkpt>
      <trkpt lat="52.22529508173465728759765625" lon="4.484607875347137451171875">
        <ele>19.200000762939453125</ele>
        <time>2025-04-20T08:31:38.000Z</time>
        <extensions>
          <ns3:TrackPointExtension>
            <ns3:hr>93</ns3:hr>
          </ns3:TrackPointExtension>
        </extensions>
      </trkpt>
      <trkpt lat="52.22529508173465728759765625" lon="4.484607875347137451171875">
        <ele>19.200000762939453125</ele>
        <time>2025-04-20T08:31:50.000Z</time>
        <extensions>
          <ns3:TrackPointExtension>
            <ns3:hr>96</ns3:hr>
          </ns3:TrackPointExtension>
        </extensions>
      </trkpt>
      <trkpt lat="52.225274629890918731689453125" lon="4.48463142849504947662353515625">
        <ele>19.200000762939453125</ele>
        <time>2025-04-20T08:31:52.000Z</time>
        <extensions>
          <ns3:TrackPointExtension>
            <ns3:hr>95</ns3:hr>
          </ns3:TrackPointExtension>
        </extensions>
      </trkpt>
      <trkpt lat="52.22523850388824939727783203125" lon="4.48467736132442951202392578125">
        <ele>19.200000762939453125</ele>
        <time>2025-04-20T08:31:54.000Z</time>
        <extensions>
          <ns3:TrackPointExtension>
            <ns3:hr>98</ns3:hr>
          </ns3:TrackPointExtension>
        </extensions>
      </trkpt>
      <trkpt lat="52.2250964306294918060302734375" lon="4.4848031736910343170166015625">
        <ele>19.3999996185302734375</ele>
        <time>2025-04-20T08:31:59.000Z</time>
        <extensions>
          <ns3:TrackPointExtension>
            <ns3:hr>98</ns3:hr>
          </ns3:TrackPointExtension>
        </extensions>
      </trkpt>
      <trkpt lat="52.22496458329260349273681640625" lon="4.48500425554811954498291015625">
        <ele>19.3999996185302734375</ele>
        <time>2025-04-20T08:32:04.000Z</time>
        <extensions>
          <ns3:TrackPointExtension>
            <ns3:hr>103</ns3:hr>
          </ns3:TrackPointExtension>
        </extensions>
      </trkpt>
      <trkpt lat="52.22473374567925930023193359375" lon="4.48534757830202579498291015625">
        <ele>19.6000003814697265625</ele>
        <time>2025-04-20T08:32:12.000Z</time>
        <extensions>
          <ns3:TrackPointExtension>
            <ns3:hr>101</ns3:hr>
          </ns3:TrackPointExtension>
        </extensions>
      </trkpt>
      <trkpt lat="52.22458362579345703125" lon="4.4855686090886592864990234375">
        <ele>19.3999996185302734375</ele>
        <time>2025-04-20T08:32:17.000Z</time>
        <extensions>
          <ns3:TrackPointExtension>
            <ns3:hr>104</ns3:hr>
          </ns3:TrackPointExtension>
        </extensions>
      </trkpt>
      <trkpt lat="52.2244014032185077667236328125" lon="4.4858515821397304534912109375">
        <ele>19.6000003814697265625</ele>
        <time>2025-04-20T08:32:23.000Z</time>
        <extensions>
          <ns3:TrackPointExtension>
            <ns3:hr>107</ns3:hr>
          </ns3:TrackPointExtension>
        </extensions>
      </trkpt>
      <trkpt lat="52.22431741654872894287109375" lon="4.485986195504665374755859375">
        <ele>19.6000003814697265625</ele>
        <time>2025-04-20T08:32:26.000Z</time>
        <extensions>
          <ns3:TrackPointExtension>
            <ns3:hr>109</ns3:hr>
          </ns3:TrackPointExtension>
        </extensions>
      </trkpt>
      <trkpt lat="52.22423024475574493408203125" lon="4.48605031706392765045166015625">
        <ele>19.799999237060546875</ele>
        <time>2025-04-20T08:32:29.000Z</time>
        <extensions>
          <ns3:TrackPointExtension>
            <ns3:hr>109</ns3:hr>
          </ns3:TrackPointExtension>
        </extensions>
      </trkpt>
      <trkpt lat="52.22406470216810703277587890625" lon="4.48608032427728176116943359375">
        <ele>20</ele>
        <time>2025-04-20T08:32:34.000Z</time>
        <extensions>
          <ns3:TrackPointExtension>
            <ns3:hr>111</ns3:hr>
          </ns3:TrackPointExtension>
        </extensions>
      </trkpt>
      <trkpt lat="52.22391106188297271728515625" lon="4.4859863631427288055419921875">
        <ele>20</ele>
        <time>2025-04-20T08:32:39.000Z</time>
        <extensions>
          <ns3:TrackPointExtension>
            <ns3:hr>114</ns3:hr>
          </ns3:TrackPointExtension>
        </extensions>
      </trkpt>
      <trkpt lat="52.223885916173458099365234375" lon="4.48595224879682064056396484375">
        <ele>20</ele>
        <time>2025-04-20T08:32:40.000Z</time>
        <extensions>
          <ns3:TrackPointExtension>
            <ns3:hr>114</ns3:hr>
          </ns3:TrackPointExtension>
        </extensions>
      </trkpt>
      <trkpt lat="52.2236691601574420928955078125" lon="4.48556869290769100189208984375">
        <ele>20.200000762939453125</ele>
        <time>2025-04-20T08:32:49.000Z</time>
        <extensions>
          <ns3:TrackPointExtension>
            <ns3:hr>115</ns3:hr>
          </ns3:TrackPointExtension>
        </extensions>
      </trkpt>
      <trkpt lat="52.2234156914055347442626953125" lon="4.48527649976313114166259765625">
        <ele>20</ele>
        <time>2025-04-20T08:32:57.000Z</time>
        <extensions>
          <ns3:TrackPointExtension>
            <ns3:hr>112</ns3:hr>
          </ns3:TrackPointExtension>
        </extensions>
      </trkpt>
      <trkpt lat="52.22330312244594097137451171875" lon="4.4851220212876796722412109375">
        <ele>20</ele>
        <time>2025-04-20T08:33:02.000Z</time>
        <extensions>
          <ns3:TrackPointExtension>
            <ns3:hr>112</ns3:hr>
          </ns3:TrackPointExtension>
        </extensions>
      </trkpt>
      <trkpt lat="52.22312056459486484527587890625" lon="4.4848906807601451873779296875">
        <ele>20.3999996185302734375</ele>
        <time>2025-04-20T08:33:10.000Z</time>
        <extensions>
          <ns3:TrackPointExtension>
            <ns3:hr>114</ns3:hr>
          </ns3:TrackPointExtension>
        </extensions>
      </trkpt>
      <trkpt lat="52.223095335066318511962890625" lon="4.4848598353564739227294921875">
        <ele>20.6000003814697265625</ele>
        <time>2025-04-20T08:33:11.000Z</time>
        <extensions>
          <ns3:TrackPointExtension>
            <ns3:hr>115</ns3:hr>
          </ns3:TrackPointExtension>
        </extensions>
      </trkpt>
      <trkpt lat="52.22284731455147266387939453125" lon="4.4845367968082427978515625">
        <ele>20.6000003814697265625</ele>
        <time>2025-04-20T08:33:20.000Z</time>
        <extensions>
          <ns3:TrackPointExtension>
            <ns3:hr>117</ns3:hr>
          </ns3:TrackPointExtension>
        </extensions>
      </trkpt>
      <trkpt lat="52.22273214720189571380615234375" lon="4.484310150146484375">
        <ele>20.3999996185302734375</ele>
        <time>2025-04-20T08:33:26.000Z</time>
        <extensions>
          <ns3:TrackPointExtension>
            <ns3:hr>117</ns3:hr>
          </ns3:TrackPointExtension>
        </extensions>
      </trkpt>
      <trkpt lat="52.2227277047932147979736328125" lon="4.48427570052444934844970703125">
        <ele>20.3999996185302734375</ele>
        <time>2025-04-20T08:33:27.000Z</time>
        <extensions>
          <ns3:TrackPointExtension>
            <ns3:hr>118</ns3:hr>
          </ns3:TrackPointExtension>
        </extensions>
      </trkpt>
      <trkpt lat="52.22274941392242908477783203125" lon="4.48417696170508861541748046875">
        <ele>20.3999996185302734375</ele>
        <time>2025-04-20T08:33:30.000Z</time>
        <extensions>
          <ns3:TrackPointExtension>
            <ns3:hr>118</ns3:hr>
          </ns3:TrackPointExtension>
        </extensions>
      </trkpt>
      <trkpt lat="52.22281135618686676025390625" lon="4.48407478630542755126953125">
        <ele>20.3999996185302734375</ele>
        <time>2025-04-20T08:33:35.000Z</time>
        <extensions>
          <ns3:TrackPointExtension>
            <ns3:hr>117</ns3:hr>
          </ns3:TrackPointExtension>
        </extensions>
      </trkpt>
      <trkpt lat="52.222818396985530853271484375" lon="4.48406581766903400421142578125">
        <ele>20.200000762939453125</ele>
        <time>2025-04-20T08:33:36.000Z</time>
        <extensions>
          <ns3:TrackPointExtension>
            <ns3:hr>118</ns3:hr>
          </ns3:TrackPointExtension>
        </extensions>
      </trkpt>
      <trkpt lat="52.22284228540956974029541015625" lon="4.4840084016323089599609375">
        <ele>20.200000762939453125</ele>
        <time>2025-04-20T08:33:41.000Z</time>
        <extensions>
          <ns3:TrackPointExtension>
            <ns3:hr>115</ns3:hr>
          </ns3:TrackPointExtension>
        </extensions>
      </trkpt>
      <trkpt lat="52.222845219075679779052734375" lon="4.484008066356182098388671875">
        <ele>20.3999996185302734375</ele>
        <time>2025-04-20T08:33:45.000Z</time>
        <extensions>
          <ns3:TrackPointExtension>
            <ns3:hr>116</ns3:hr>
          </ns3:TrackPointExtension>
        </extensions>
      </trkpt>
      <trkpt lat="52.2228416986763477325439453125" lon="4.48400898836553096771240234375">
        <ele>20.3999996185302734375</ele>
        <time>2025-04-20T08:33:49.000Z</time>
        <extensions>
          <ns3:TrackPointExtension>
            <ns3:hr>113</ns3:hr>
          </ns3:TrackPointExtension>
        </extensions>
      </trkpt>
      <trkpt lat="52.2228363342583179473876953125" lon="4.48402290232479572296142578125">
        <ele>20.200000762939453125</ele>
        <time>2025-04-20T08:33:55.000Z</time>
        <extensions>
          <ns3:TrackPointExtension>
            <ns3:hr>111</ns3:hr>
          </ns3:TrackPointExtension>
        </extensions>
      </trkpt>
      <trkpt lat="52.22283440642058849334716796875" lon="4.48400177992880344390869140625">
        <ele>20.200000762939453125</ele>
        <time>2025-04-20T08:34:05.000Z</time>
        <extensions>
          <ns3:TrackPointExtension>
            <ns3:hr>110</ns3:hr>
          </ns3:TrackPointExtension>
        </extensions>
      </trkpt>
      <trkpt lat="52.2228306345641613006591796875" lon="4.4839901290833950042724609375">
        <ele>20.200000762939453125</ele>
        <time>2025-04-20T08:34:06.000Z</time>
        <extensions>
          <ns3:TrackPointExtension>
            <ns3:hr>110</ns3:hr>
          </ns3:TrackPointExtension>
        </extensions>
      </trkpt>
      <trkpt lat="52.22277271561324596405029296875" lon="4.484050311148166656494140625">
        <ele>20.3999996185302734375</ele>
        <time>2025-04-20T08:34:10.000Z</time>
        <extensions>
          <ns3:TrackPointExtension>
            <ns3:hr>109</ns3:hr>
          </ns3:TrackPointExtension>
        </extensions>
      </trkpt>
      <trkpt lat="52.22263625822961330413818359375" lon="4.4841644726693630218505859375">
        <ele>20.799999237060546875</ele>
        <time>2025-04-20T08:34:17.000Z</time>
        <extensions>
          <ns3:TrackPointExtension>
            <ns3:hr>107</ns3:hr>
          </ns3:TrackPointExtension>
        </extensions>
      </trkpt>
      <trkpt lat="52.222538776695728302001953125" lon="4.48401116766035556793212890625">
        <ele>20.799999237060546875</ele>
        <time>2025-04-20T08:34:22.000Z</time>
        <extensions>
          <ns3:TrackPointExtension>
            <ns3:hr>110</ns3:hr>
          </ns3:TrackPointExtension>
        </extensions>
      </trkpt>
      <trkpt lat="52.2224713861942291259765625" lon="4.4838744588196277618408203125">
        <ele>20.799999237060546875</ele>
        <time>2025-04-20T08:34:25.000Z</time>
        <extensions>
          <ns3:TrackPointExtension>
            <ns3:hr>115</ns3:hr>
          </ns3:TrackPointExtension>
        </extensions>
      </trkpt>
      <trkpt lat="52.22240776754915714263916015625" lon="4.4837527535855770111083984375">
        <ele>21</ele>
        <time>2025-04-20T08:34:28.000Z</time>
        <extensions>
          <ns3:TrackPointExtension>
            <ns3:hr>113</ns3:hr>
          </ns3:TrackPointExtension>
        </extensions>
      </trkpt>
      <trkpt lat="52.22228723578155040740966796875" lon="4.48350372724235057830810546875">
        <ele>20.799999237060546875</ele>
        <time>2025-04-20T08:34:33.000Z</time>
        <extensions>
          <ns3:TrackPointExtension>
            <ns3:hr>116</ns3:hr>
          </ns3:TrackPointExtension>
        </extensions>
      </trkpt>
      <trkpt lat="52.22222956828773021697998046875" lon="4.4833889789879322052001953125">
        <ele>20.799999237060546875</ele>
        <time>2025-04-20T08:34:35.000Z</time>
        <extensions>
          <ns3:TrackPointExtension>
            <ns3:hr>119</ns3:hr>
          </ns3:TrackPointExtension>
        </extensions>
      </trkpt>
      <trkpt lat="52.2220958769321441650390625" lon="4.48308295570313930511474609375">
        <ele>20.799999237060546875</ele>
        <time>2025-04-20T08:34:41.000Z</time>
        <extensions>
          <ns3:TrackPointExtension>
            <ns3:hr>122</ns3:hr>
          </ns3:TrackPointExtension>
        </extensions>
      </trkpt>
      <trkpt lat="52.22203477285802364349365234375" lon="4.4829125516116619110107421875">
        <ele>21</ele>
        <time>2025-04-20T08:34:44.000Z</time>
        <extensions>
          <ns3:TrackPointExtension>
            <ns3:hr>121</ns3:hr>
          </ns3:TrackPointExtension>
        </extensions>
      </trkpt>
      <trkpt lat="52.2218786180019378662109375" lon="4.48246370069682598114013671875">
        <ele>21.200000762939453125</ele>
        <time>2025-04-20T08:34:52.000Z</time>
        <extensions>
          <ns3:TrackPointExtension>
            <ns3:hr>119</ns3:hr>
          </ns3:TrackPointExtension>
        </extensions>
      </trkpt>
      <trkpt lat="52.22165959887206554412841796875" lon="4.48207193054258823394775390625">
        <ele>21</ele>
        <time>2025-04-20T08:35:00.000Z</time>
        <extensions>
          <ns3:TrackPointExtension>
            <ns3:hr>116</ns3:hr>
          </ns3:TrackPointExtension>
        </extensions>
      </trkpt>
      <trkpt lat="52.22137377597391605377197265625" lon="4.48166155256330966949462890625">
        <ele>21</ele>
        <time>2025-04-20T08:35:09.000Z</time>
        <extensions>
          <ns3:TrackPointExtension>
            <ns3:hr>115</ns3:hr>
          </ns3:TrackPointExtension>
        </extensions>
      </trkpt>
      <trkpt lat="52.22134293057024478912353515625" lon="4.481615535914897918701171875">
        <ele>21</ele>
        <time>2025-04-20T08:35:10.000Z</time>
        <extensions>
          <ns3:TrackPointExtension>
            <ns3:hr>116</ns3:hr>
          </ns3:TrackPointExtension>
        </extensions>
      </trkpt>
      <trkpt lat="52.22108066082000732421875" lon="4.48125318624079227447509765625">
        <ele>20.799999237060546875</ele>
        <time>2025-04-20T08:35:19.000Z</time>
        <extensions>
          <ns3:TrackPointExtension>
            <ns3:hr>115</ns3:hr>
          </ns3:TrackPointExtension>
        </extensions>
      </trkpt>
      <trkpt lat="52.22085711546242237091064453125" lon="4.48092562146484851837158203125">
        <ele>20.3999996185302734375</ele>
        <time>2025-04-20T08:35:28.000Z</time>
        <extensions>
          <ns3:TrackPointExtension>
            <ns3:hr>114</ns3:hr>
          </ns3:TrackPointExtension>
        </extensions>
      </trkpt>
      <trkpt lat="52.22054363228380680084228515625" lon="4.48047123849391937255859375">
        <ele>20.3999996185302734375</ele>
        <time>2025-04-20T08:35:38.000Z</time>
        <extensions>
          <ns3:TrackPointExtension>
            <ns3:hr>112</ns3:hr>
          </ns3:TrackPointExtension>
        </extensions>
      </trkpt>
      <trkpt lat="52.22037197090685367584228515625" lon="4.4801884330809116363525390625">
        <ele>20.6000003814697265625</ele>
        <time>2025-04-20T08:35:43.000Z</time>
        <extensions>
          <ns3:TrackPointExtension>
            <ns3:hr>113</ns3:hr>
          </ns3:TrackPointExtension>
        </extensions>
      </trkpt>
      <trkpt lat="52.21997684799134731292724609375" lon="4.47952651418745517730712890625">
        <ele>20.6000003814697265625</ele>
        <time>2025-04-20T08:35:55.000Z</time>
        <extensions>
          <ns3:TrackPointExtension>
            <ns3:hr>112</ns3:hr>
          </ns3:TrackPointExtension>
        </extensions>
      </trkpt>
      <trkpt lat="52.21965179778635501861572265625" lon="4.47921303100883960723876953125">
        <ele>20.3999996185302734375</ele>
        <time>2025-04-20T08:36:03.000Z</time>
        <extensions>
          <ns3:TrackPointExtension>
            <ns3:hr>114</ns3:hr>
          </ns3:TrackPointExtension>
        </extensions>
      </trkpt>
      <trkpt lat="52.2193466126918792724609375" lon="4.47904589585959911346435546875">
        <ele>20.6000003814697265625</ele>
        <time>2025-04-20T08:36:10.000Z</time>
        <extensions>
          <ns3:TrackPointExtension>
            <ns3:hr>117</ns3:hr>
          </ns3:TrackPointExtension>
        </extensions>
      </trkpt>
      <trkpt lat="52.21930277533829212188720703125" lon="4.4790226779878139495849609375">
        <ele>20.6000003814697265625</ele>
        <time>2025-04-20T08:36:11.000Z</time>
        <extensions>
          <ns3:TrackPointExtension>
            <ns3:hr>118</ns3:hr>
          </ns3:TrackPointExtension>
        </extensions>
      </trkpt>
      <trkpt lat="52.21899532712996006011962890625" lon="4.4788785092532634735107421875">
        <ele>20.6000003814697265625</ele>
        <time>2025-04-20T08:36:18.000Z</time>
        <extensions>
          <ns3:TrackPointExtension>
            <ns3:hr>115</ns3:hr>
          </ns3:TrackPointExtension>
        </extensions>
      </trkpt>
      <trkpt lat="52.21887865103781223297119140625" lon="4.47881740517914295196533203125">
        <ele>20.6000003814697265625</ele>
        <time>2025-04-20T08:36:21.000Z</time>
        <extensions>
          <ns3:TrackPointExtension>
            <ns3:hr>115</ns3:hr>
          </ns3:TrackPointExtension>
        </extensions>
      </trkpt>
      <trkpt lat="52.218581847846508026123046875" lon="4.4785405509173870086669921875">
        <ele>20.799999237060546875</ele>
        <time>2025-04-20T08:36:29.000Z</time>
        <extensions>
          <ns3:TrackPointExtension>
            <ns3:hr>118</ns3:hr>
          </ns3:TrackPointExtension>
        </extensions>
      </trkpt>
      <trkpt lat="52.2185139544308185577392578125" lon="4.47845061309635639190673828125">
        <ele>20.799999237060546875</ele>
        <time>2025-04-20T08:36:31.000Z</time>
        <extensions>
          <ns3:TrackPointExtension>
            <ns3:hr>120</ns3:hr>
          </ns3:TrackPointExtension>
        </extensions>
      </trkpt>
      <trkpt lat="52.218415550887584686279296875" lon="4.47828901000320911407470703125">
        <ele>20.799999237060546875</ele>
        <time>2025-04-20T08:36:34.000Z</time>
        <extensions>
          <ns3:TrackPointExtension>
            <ns3:hr>123</ns3:hr>
          </ns3:TrackPointExtension>
        </extensions>
      </trkpt>
      <trkpt lat="52.21837825141847133636474609375" lon="4.47824232280254364013671875">
        <ele>21</ele>
        <time>2025-04-20T08:36:35.000Z</time>
        <extensions>
          <ns3:TrackPointExtension>
            <ns3:hr>123</ns3:hr>
          </ns3:TrackPointExtension>
        </extensions>
      </trkpt>
      <trkpt lat="52.21816040575504302978515625" lon="4.47799916379153728485107421875">
        <ele>21.6000003814697265625</ele>
        <time>2025-04-20T08:36:41.000Z</time>
        <extensions>
          <ns3:TrackPointExtension>
            <ns3:hr>123</ns3:hr>
          </ns3:TrackPointExtension>
        </extensions>
      </trkpt>
      <trkpt lat="52.218098379671573638916015625" lon="4.47791450656950473785400390625">
        <ele>22</ele>
        <time>2025-04-20T08:36:43.000Z</time>
        <extensions>
          <ns3:TrackPointExtension>
            <ns3:hr>123</ns3:hr>
          </ns3:TrackPointExtension>
        </extensions>
      </trkpt>
      <trkpt lat="52.21807591617107391357421875" lon="4.47786547243595123291015625">
        <ele>22.200000762939453125</ele>
        <time>2025-04-20T08:36:44.000Z</time>
        <extensions>
          <ns3:TrackPointExtension>
            <ns3:hr>123</ns3:hr>
          </ns3:TrackPointExtension>
        </extensions>
      </trkpt>
      <trkpt lat="52.2180586494505405426025390625" lon="4.47781048715114593505859375">
        <ele>22.3999996185302734375</ele>
        <time>2025-04-20T08:36:45.000Z</time>
        <extensions>
          <ns3:TrackPointExtension>
            <ns3:hr>123</ns3:hr>
          </ns3:TrackPointExtension>
        </extensions>
      </trkpt>
      <trkpt lat="52.21805186010897159576416015625" lon="4.47768333368003368377685546875">
        <ele>22.6000003814697265625</ele>
        <time>2025-04-20T08:36:47.000Z</time>
        <extensions>
          <ns3:TrackPointExtension>
            <ns3:hr>123</ns3:hr>
          </ns3:TrackPointExtension>
        </extensions>
      </trkpt>
      <trkpt lat="52.21806560643017292022705078125" lon="4.47761912830173969268798828125">
        <ele>22.799999237060546875</ele>
        <time>2025-04-20T08:36:48.000Z</time>
        <extensions>
          <ns3:TrackPointExtension>
            <ns3:hr>124</ns3:hr>
          </ns3:TrackPointExtension>
        </extensions>
      </trkpt>
      <trkpt lat="52.21816199831664562225341796875" lon="4.4774954952299594879150390625">
        <ele>23</ele>
        <time>2025-04-20T08:36:51.000Z</time>
        <extensions>
          <ns3:TrackPointExtension>
            <ns3:hr>124</ns3:hr>
          </ns3:TrackPointExtension>
        </extensions>
      </trkpt>
      <trkpt lat="52.21841680817306041717529296875" lon="4.47742651216685771942138671875">
        <ele>22.200000762939453125</ele>
        <time>2025-04-20T08:36:56.000Z</time>
        <extensions>
          <ns3:TrackPointExtension>
            <ns3:hr>122</ns3:hr>
          </ns3:TrackPointExtension>
        </extensions>
      </trkpt>
      <trkpt lat="52.2186291217803955078125" lon="4.47737865149974822998046875">
        <ele>21.3999996185302734375</ele>
        <time>2025-04-20T08:37:00.000Z</time>
        <extensions>
          <ns3:TrackPointExtension>
            <ns3:hr>121</ns3:hr>
          </ns3:TrackPointExtension>
        </extensions>
      </trkpt>
      <trkpt lat="52.218857109546661376953125" lon="4.47731017135083675384521484375">
        <ele>20.3999996185302734375</ele>
        <time>2025-04-20T08:37:04.000Z</time>
        <extensions>
          <ns3:TrackPointExtension>
            <ns3:hr>122</ns3:hr>
          </ns3:TrackPointExtension>
        </extensions>
      </trkpt>
      <trkpt lat="52.21891704015433788299560546875" lon="4.477263651788234710693359375">
        <ele>20.200000762939453125</ele>
        <time>2025-04-20T08:37:05.000Z</time>
        <extensions>
          <ns3:TrackPointExtension>
            <ns3:hr>123</ns3:hr>
          </ns3:TrackPointExtension>
        </extensions>
      </trkpt>
      <trkpt lat="52.21895509399473667144775390625" lon="4.4772058166563510894775390625">
        <ele>20</ele>
        <time>2025-04-20T08:37:06.000Z</time>
        <extensions>
          <ns3:TrackPointExtension>
            <ns3:hr>122</ns3:hr>
          </ns3:TrackPointExtension>
        </extensions>
      </trkpt>
      <trkpt lat="52.21904226578772068023681640625" lon="4.4770024716854095458984375">
        <ele>19.799999237060546875</ele>
        <time>2025-04-20T08:37:09.000Z</time>
        <extensions>
          <ns3:TrackPointExtension>
            <ns3:hr>122</ns3:hr>
          </ns3:TrackPointExtension>
        </extensions>
      </trkpt>
      <trkpt lat="52.21909993328154087066650390625" lon="4.47686291299760341644287109375">
        <ele>19.799999237060546875</ele>
        <time>2025-04-20T08:37:11.000Z</time>
        <extensions>
          <ns3:TrackPointExtension>
            <ns3:hr>123</ns3:hr>
          </ns3:TrackPointExtension>
        </extensions>
      </trkpt>
      <trkpt lat="52.21916715614497661590576171875" lon="4.47678630240261554718017578125">
        <ele>19.799999237060546875</ele>
        <time>2025-04-20T08:37:13.000Z</time>
        <extensions>
          <ns3:TrackPointExtension>
            <ns3:hr>122</ns3:hr>
          </ns3:TrackPointExtension>
        </extensions>
      </trkpt>
      <trkpt lat="52.2193494625389575958251953125" lon="4.47676484473049640655517578125">
        <ele>20.200000762939453125</ele>
        <time>2025-04-20T08:37:17.000Z</time>
        <extensions>
          <ns3:TrackPointExtension>
            <ns3:hr>121</ns3:hr>
          </ns3:TrackPointExtension>
        </extensions>
      </trkpt>
      <trkpt lat="52.21960167400538921356201171875" lon="4.476754367351531982421875">
        <ele>21.200000762939453125</ele>
        <time>2025-04-20T08:37:23.000Z</time>
        <extensions>
          <ns3:TrackPointExtension>
            <ns3:hr>121</ns3:hr>
          </ns3:TrackPointExtension>
        </extensions>
      </trkpt>
      <trkpt lat="52.2196719981729984283447265625" lon="4.47674958966672420501708984375">
        <ele>21.6000003814697265625</ele>
        <time>2025-04-20T08:37:25.000Z</time>
        <extensions>
          <ns3:TrackPointExtension>
            <ns3:hr>121</ns3:hr>
          </ns3:TrackPointExtension>
        </extensions>
      </trkpt>
      <trkpt lat="52.21981910057365894317626953125" lon="4.47673617862164974212646484375">
        <ele>21.799999237060546875</ele>
        <time>2025-04-20T08:37:29.000Z</time>
        <extensions>
          <ns3:TrackPointExtension>
            <ns3:hr>118</ns3:hr>
          </ns3:TrackPointExtension>
        </extensions>
      </trkpt>
      <trkpt lat="52.2199348546564579010009765625" lon="4.47670868597924709320068359375">
        <ele>21.3999996185302734375</ele>
        <time>2025-04-20T08:37:32.000Z</time>
        <extensions>
          <ns3:TrackPointExtension>
            <ns3:hr>115</ns3:hr>
          </ns3:TrackPointExtension>
        </extensions>
      </trkpt>
      <trkpt lat="52.22001850605010986328125" lon="4.4766958616673946380615234375">
        <ele>21.200000762939453125</ele>
        <time>2025-04-20T08:37:34.000Z</time>
        <extensions>
          <ns3:TrackPointExtension>
            <ns3:hr>115</ns3:hr>
          </ns3:TrackPointExtension>
        </extensions>
      </trkpt>
      <trkpt lat="52.220348753035068511962890625" lon="4.47665872983634471893310546875">
        <ele>21</ele>
        <time>2025-04-20T08:37:42.000Z</time>
        <extensions>
          <ns3:TrackPointExtension>
            <ns3:hr>113</ns3:hr>
          </ns3:TrackPointExtension>
        </extensions>
      </trkpt>
      <trkpt lat="52.22063030116260051727294921875" lon="4.47666325606405735015869140625">
        <ele>21</ele>
        <time>2025-04-20T08:37:49.000Z</time>
        <extensions>
          <ns3:TrackPointExtension>
            <ns3:hr>116</ns3:hr>
          </ns3:TrackPointExtension>
        </extensions>
      </trkpt>
      <trkpt lat="52.22088142298161983489990234375" lon="4.47657910175621509552001953125">
        <ele>21.3999996185302734375</ele>
        <time>2025-04-20T08:37:55.000Z</time>
        <extensions>
          <ns3:TrackPointExtension>
            <ns3:hr>118</ns3:hr>
          </ns3:TrackPointExtension>
        </extensions>
      </trkpt>
      <trkpt lat="52.2209742106497287750244140625" lon="4.47654088027775287628173828125">
        <ele>21.3999996185302734375</ele>
        <time>2025-04-20T08:37:57.000Z</time>
        <extensions>
          <ns3:TrackPointExtension>
            <ns3:hr>119</ns3:hr>
          </ns3:TrackPointExtension>
        </extensions>
      </trkpt>
      <trkpt lat="52.22132809460163116455078125" lon="4.47640442289412021636962890625">
        <ele>21</ele>
        <time>2025-04-20T08:38:05.000Z</time>
        <extensions>
          <ns3:TrackPointExtension>
            <ns3:hr>119</ns3:hr>
          </ns3:TrackPointExtension>
        </extensions>
      </trkpt>
      <trkpt lat="52.2215646319091320037841796875" lon="4.4762646965682506561279296875">
        <ele>21</ele>
        <time>2025-04-20T08:38:11.000Z</time>
        <extensions>
          <ns3:TrackPointExtension>
            <ns3:hr>119</ns3:hr>
          </ns3:TrackPointExtension>
        </extensions>
      </trkpt>
      <trkpt lat="52.2216028533875942230224609375" lon="4.47622806765139102935791015625">
        <ele>21.200000762939453125</ele>
        <time>2025-04-20T08:38:12.000Z</time>
        <extensions>
          <ns3:TrackPointExtension>
            <ns3:hr>119</ns3:hr>
          </ns3:TrackPointExtension>
        </extensions>
      </trkpt>
      <trkpt lat="52.22178985364735126495361328125" lon="4.4760420732200145721435546875">
        <ele>21.3999996185302734375</ele>
        <time>2025-04-20T08:38:17.000Z</time>
        <extensions>
          <ns3:TrackPointExtension>
            <ns3:hr>122</ns3:hr>
          </ns3:TrackPointExtension>
        </extensions>
      </trkpt>
      <trkpt lat="52.22198733128607273101806640625" lon="4.475824646651744842529296875">
        <ele>21.3999996185302734375</ele>
        <time>2025-04-20T08:38:22.000Z</time>
        <extensions>
          <ns3:TrackPointExtension>
            <ns3:hr>124</ns3:hr>
          </ns3:TrackPointExtension>
        </extensions>
      </trkpt>
      <trkpt lat="52.22239888273179531097412109375" lon="4.475341178476810455322265625">
        <ele>21.3999996185302734375</ele>
        <time>2025-04-20T08:38:33.000Z</time>
        <extensions>
          <ns3:TrackPointExtension>
            <ns3:hr>121</ns3:hr>
          </ns3:TrackPointExtension>
        </extensions>
      </trkpt>
      <trkpt lat="52.22243425436317920684814453125" lon="4.4752979278564453125">
        <ele>21.3999996185302734375</ele>
        <time>2025-04-20T08:38:34.000Z</time>
        <extensions>
          <ns3:TrackPointExtension>
            <ns3:hr>120</ns3:hr>
          </ns3:TrackPointExtension>
        </extensions>
      </trkpt>
      <trkpt lat="52.22266425378620624542236328125" lon="4.4749883003532886505126953125">
        <ele>21.6000003814697265625</ele>
        <time>2025-04-20T08:38:41.000Z</time>
        <extensions>
          <ns3:TrackPointExtension>
            <ns3:hr>119</ns3:hr>
          </ns3:TrackPointExtension>
        </extensions>
      </trkpt>
      <trkpt lat="52.222718484699726104736328125" lon="4.474899955093860626220703125">
        <ele>21.3999996185302734375</ele>
        <time>2025-04-20T08:38:43.000Z</time>
        <extensions>
          <ns3:TrackPointExtension>
            <ns3:hr>117</ns3:hr>
          </ns3:TrackPointExtension>
        </extensions>
      </trkpt>
      <trkpt lat="52.22285804338753223419189453125" lon="4.47468143887817859649658203125">
        <ele>21.200000762939453125</ele>
        <time>2025-04-20T08:38:49.000Z</time>
        <extensions>
          <ns3:TrackPointExtension>
            <ns3:hr>116</ns3:hr>
          </ns3:TrackPointExtension>
        </extensions>
      </trkpt>
      <trkpt lat="52.22304068505764007568359375" lon="4.47440366260707378387451171875">
        <ele>21.200000762939453125</ele>
        <time>2025-04-20T08:38:56.000Z</time>
        <extensions>
          <ns3:TrackPointExtension>
            <ns3:hr>115</ns3:hr>
          </ns3:TrackPointExtension>
        </extensions>
      </trkpt>
      <trkpt lat="52.22327026538550853729248046875" lon="4.47404491715133190155029296875">
        <ele>21.200000762939453125</ele>
        <time>2025-04-20T08:39:03.000Z</time>
        <extensions>
          <ns3:TrackPointExtension>
            <ns3:hr>117</ns3:hr>
          </ns3:TrackPointExtension>
        </extensions>
      </trkpt>
      <trkpt lat="52.22346874885261058807373046875" lon="4.4737266562879085540771484375">
        <ele>21.3999996185302734375</ele>
        <time>2025-04-20T08:39:09.000Z</time>
        <extensions>
          <ns3:TrackPointExtension>
            <ns3:hr>120</ns3:hr>
          </ns3:TrackPointExtension>
        </extensions>
      </trkpt>
      <trkpt lat="52.2236373089253902435302734375" lon="4.47343119420111179351806640625">
        <ele>21.6000003814697265625</ele>
        <time>2025-04-20T08:39:15.000Z</time>
        <extensions>
          <ns3:TrackPointExtension>
            <ns3:hr>123</ns3:hr>
          </ns3:TrackPointExtension>
        </extensions>
      </trkpt>
      <trkpt lat="52.22368567250669002532958984375" lon="4.47332491166889667510986328125">
        <ele>21.6000003814697265625</ele>
        <time>2025-04-20T08:39:17.000Z</time>
        <extensions>
          <ns3:TrackPointExtension>
            <ns3:hr>120</ns3:hr>
          </ns3:TrackPointExtension>
        </extensions>
      </trkpt>
      <trkpt lat="52.223985493183135986328125" lon="4.4725836999714374542236328125">
        <ele>21.3999996185302734375</ele>
        <time>2025-04-20T08:39:30.000Z</time>
        <extensions>
          <ns3:TrackPointExtension>
            <ns3:hr>121</ns3:hr>
          </ns3:TrackPointExtension>
        </extensions>
      </trkpt>
      <trkpt lat="52.22412236966192722320556640625" lon="4.47213367559015750885009765625">
        <ele>21.3999996185302734375</ele>
        <time>2025-04-20T08:39:37.000Z</time>
        <extensions>
          <ns3:TrackPointExtension>
            <ns3:hr>118</ns3:hr>
          </ns3:TrackPointExtension>
        </extensions>
      </trkpt>
      <trkpt lat="52.22420970909297466278076171875" lon="4.47184215299785137176513671875">
        <ele>21.6000003814697265625</ele>
        <time>2025-04-20T08:39:42.000Z</time>
        <extensions>
          <ns3:TrackPointExtension>
            <ns3:hr>119</ns3:hr>
          </ns3:TrackPointExtension>
        </extensions>
      </trkpt>
      <trkpt lat="52.224304340779781341552734375" lon="4.471296407282352447509765625">
        <ele>21.6000003814697265625</ele>
        <time>2025-04-20T08:39:50.000Z</time>
        <extensions>
          <ns3:TrackPointExtension>
            <ns3:hr>117</ns3:hr>
          </ns3:TrackPointExtension>
        </extensions>
      </trkpt>
      <trkpt lat="52.22437617368996143341064453125" lon="4.47058939374983310699462890625">
        <ele>21.799999237060546875</ele>
        <time>2025-04-20T08:40:00.000Z</time>
        <extensions>
          <ns3:TrackPointExtension>
            <ns3:hr>117</ns3:hr>
          </ns3:TrackPointExtension>
        </extensions>
      </trkpt>
      <trkpt lat="52.224478013813495635986328125" lon="4.47004876099526882171630859375">
        <ele>21.6000003814697265625</ele>
        <time>2025-04-20T08:40:08.000Z</time>
        <extensions>
          <ns3:TrackPointExtension>
            <ns3:hr>119</ns3:hr>
          </ns3:TrackPointExtension>
        </extensions>
      </trkpt>
      <trkpt lat="52.22465042956173419952392578125" lon="4.46949832141399383544921875">
        <ele>21.799999237060546875</ele>
        <time>2025-04-20T08:40:17.000Z</time>
        <extensions>
          <ns3:TrackPointExtension>
            <ns3:hr>119</ns3:hr>
          </ns3:TrackPointExtension>
        </extensions>
      </trkpt>
      <trkpt lat="52.2247236035764217376708984375" lon="4.4692436791956424713134765625">
        <ele>22</ele>
        <time>2025-04-20T08:40:21.000Z</time>
        <extensions>
          <ns3:TrackPointExtension>
            <ns3:hr>116</ns3:hr>
          </ns3:TrackPointExtension>
        </extensions>
      </trkpt>
      <trkpt lat="52.224764339625835418701171875" lon="4.46907109580934047698974609375">
        <ele>22.200000762939453125</ele>
        <time>2025-04-20T08:40:24.000Z</time>
        <extensions>
          <ns3:TrackPointExtension>
            <ns3:hr>116</ns3:hr>
          </ns3:TrackPointExtension>
        </extensions>
      </trkpt>
      <trkpt lat="52.22478554584085941314697265625" lon="4.46901879273355007171630859375">
        <ele>22.3999996185302734375</ele>
        <time>2025-04-20T08:40:25.000Z</time>
        <extensions>
          <ns3:TrackPointExtension>
            <ns3:hr>116</ns3:hr>
          </ns3:TrackPointExtension>
        </extensions>
      </trkpt>
      <trkpt lat="52.2248097695410251617431640625" lon="4.46897889487445354461669921875">
        <ele>22.6000003814697265625</ele>
        <time>2025-04-20T08:40:26.000Z</time>
        <extensions>
          <ns3:TrackPointExtension>
            <ns3:hr>115</ns3:hr>
          </ns3:TrackPointExtension>
        </extensions>
      </trkpt>
      <trkpt lat="52.224874310195446014404296875" lon="4.468904547393321990966796875">
        <ele>22.799999237060546875</ele>
        <time>2025-04-20T08:40:28.000Z</time>
        <extensions>
          <ns3:TrackPointExtension>
            <ns3:hr>114</ns3:hr>
          </ns3:TrackPointExtension>
        </extensions>
      </trkpt>
      <trkpt lat="52.22509651444852352142333984375" lon="4.46875895373523235321044921875">
        <ele>23.3999996185302734375</ele>
        <time>2025-04-20T08:40:35.000Z</time>
        <extensions>
          <ns3:TrackPointExtension>
            <ns3:hr>116</ns3:hr>
          </ns3:TrackPointExtension>
        </extensions>
      </trkpt>
      <trkpt lat="52.22513238899409770965576171875" lon="4.46873657405376434326171875">
        <ele>23.6000003814697265625</ele>
        <time>2025-04-20T08:40:36.000Z</time>
        <extensions>
          <ns3:TrackPointExtension>
            <ns3:hr>116</ns3:hr>
          </ns3:TrackPointExtension>
        </extensions>
      </trkpt>
      <trkpt lat="52.22529885359108448028564453125" lon="4.4685883820056915283203125">
        <ele>23.799999237060546875</ele>
        <time>2025-04-20T08:40:42.000Z</time>
        <extensions>
          <ns3:TrackPointExtension>
            <ns3:hr>116</ns3:hr>
          </ns3:TrackPointExtension>
        </extensions>
      </trkpt>
      <trkpt lat="52.22555215470492839813232421875" lon="4.46841311641037464141845703125">
        <ele>23.3999996185302734375</ele>
        <time>2025-04-20T08:40:50.000Z</time>
        <extensions>
          <ns3:TrackPointExtension>
            <ns3:hr>119</ns3:hr>
          </ns3:TrackPointExtension>
        </extensions>
      </trkpt>
      <trkpt lat="52.22562097012996673583984375" lon="4.4683843664824962615966796875">
        <ele>23.3999996185302734375</ele>
        <time>2025-04-20T08:40:52.000Z</time>
        <extensions>
          <ns3:TrackPointExtension>
            <ns3:hr>123</ns3:hr>
          </ns3:TrackPointExtension>
        </extensions>
      </trkpt>
      <trkpt lat="52.22566078417003154754638671875" lon="4.46837154217064380645751953125">
        <ele>23.3999996185302734375</ele>
        <time>2025-04-20T08:40:53.000Z</time>
        <extensions>
          <ns3:TrackPointExtension>
            <ns3:hr>125</ns3:hr>
          </ns3:TrackPointExtension>
        </extensions>
      </trkpt>
      <trkpt lat="52.22582456655800342559814453125" lon="4.4683116115629673004150390625">
        <ele>23.6000003814697265625</ele>
        <time>2025-04-20T08:40:58.000Z</time>
        <extensions>
          <ns3:TrackPointExtension>
            <ns3:hr>128</ns3:hr>
          </ns3:TrackPointExtension>
        </extensions>
      </trkpt>
      <trkpt lat="52.22599639557301998138427734375" lon="4.468282945454120635986328125">
        <ele>23.799999237060546875</ele>
        <time>2025-04-20T08:41:03.000Z</time>
        <extensions>
          <ns3:TrackPointExtension>
            <ns3:hr>129</ns3:hr>
          </ns3:TrackPointExtension>
        </extensions>
      </trkpt>
      <trkpt lat="52.2263205237686634063720703125" lon="4.4683323986828327178955078125">
        <ele>24.200000762939453125</ele>
        <time>2025-04-20T08:41:12.000Z</time>
        <extensions>
          <ns3:TrackPointExtension>
            <ns3:hr>129</ns3:hr>
          </ns3:TrackPointExtension>
        </extensions>
      </trkpt>
      <trkpt lat="52.2264576517045497894287109375" lon="4.46836148388683795928955078125">
        <ele>24.200000762939453125</ele>
        <time>2025-04-20T08:41:16.000Z</time>
        <extensions>
          <ns3:TrackPointExtension>
            <ns3:hr>132</ns3:hr>
          </ns3:TrackPointExtension>
        </extensions>
      </trkpt>
      <trkpt lat="52.22663844935595989227294921875" lon="4.46839392185211181640625">
        <ele>24.3999996185302734375</ele>
        <time>2025-04-20T08:41:21.000Z</time>
        <extensions>
          <ns3:TrackPointExtension>
            <ns3:hr>135</ns3:hr>
          </ns3:TrackPointExtension>
        </extensions>
      </trkpt>
      <trkpt lat="52.226708941161632537841796875" lon="4.46841068565845489501953125">
        <ele>24.3999996185302734375</ele>
        <time>2025-04-20T08:41:23.000Z</time>
        <extensions>
          <ns3:TrackPointExtension>
            <ns3:hr>135</ns3:hr>
          </ns3:TrackPointExtension>
        </extensions>
      </trkpt>
      <trkpt lat="52.2269877232611179351806640625" lon="4.4683893956243991851806640625">
        <ele>24.200000762939453125</ele>
        <time>2025-04-20T08:41:30.000Z</time>
        <extensions>
          <ns3:TrackPointExtension>
            <ns3:hr>133</ns3:hr>
          </ns3:TrackPointExtension>
        </extensions>
      </trkpt>
      <trkpt lat="52.2273890487849712371826171875" lon="4.4682640023529529571533203125">
        <ele>23.3999996185302734375</ele>
        <time>2025-04-20T08:41:39.000Z</time>
        <extensions>
          <ns3:TrackPointExtension>
            <ns3:hr>132</ns3:hr>
          </ns3:TrackPointExtension>
        </extensions>
      </trkpt>
      <trkpt lat="52.2277714312076568603515625" lon="4.46805797517299652099609375">
        <ele>22.6000003814697265625</ele>
        <time>2025-04-20T08:41:48.000Z</time>
        <extensions>
          <ns3:TrackPointExtension>
            <ns3:hr>131</ns3:hr>
          </ns3:TrackPointExtension>
        </extensions>
      </trkpt>
      <trkpt lat="52.22789288498461246490478515625" lon="4.4679548777639865875244140625">
        <ele>22.6000003814697265625</ele>
        <time>2025-04-20T08:41:51.000Z</time>
        <extensions>
          <ns3:TrackPointExtension>
            <ns3:hr>128</ns3:hr>
          </ns3:TrackPointExtension>
        </extensions>
      </trkpt>
      <trkpt lat="52.2280042804777622222900390625" lon="4.46783442981541156768798828125">
        <ele>22.3999996185302734375</ele>
        <time>2025-04-20T08:41:54.000Z</time>
        <extensions>
          <ns3:TrackPointExtension>
            <ns3:hr>128</ns3:hr>
          </ns3:TrackPointExtension>
        </extensions>
      </trkpt>
      <trkpt lat="52.22810662351548671722412109375" lon="4.46770098991692066192626953125">
        <ele>22.3999996185302734375</ele>
        <time>2025-04-20T08:41:57.000Z</time>
        <extensions>
          <ns3:TrackPointExtension>
            <ns3:hr>128</ns3:hr>
          </ns3:TrackPointExtension>
        </extensions>
      </trkpt>
      <trkpt lat="52.22820133902132511138916015625" lon="4.46755078621208667755126953125">
        <ele>22.200000762939453125</ele>
        <time>2025-04-20T08:42:00.000Z</time>
        <extensions>
          <ns3:TrackPointExtension>
            <ns3:hr>123</ns3:hr>
          </ns3:TrackPointExtension>
        </extensions>
      </trkpt>
      <trkpt lat="52.22826973535120487213134765625" lon="4.46744643151760101318359375">
        <ele>22.200000762939453125</ele>
        <time>2025-04-20T08:42:02.000Z</time>
        <extensions>
          <ns3:TrackPointExtension>
            <ns3:hr>120</ns3:hr>
          </ns3:TrackPointExtension>
        </extensions>
      </trkpt>
      <trkpt lat="52.2283566556870937347412109375" lon="4.4672953896224498748779296875">
        <ele>22</ele>
        <time>2025-04-20T08:42:05.000Z</time>
        <extensions>
          <ns3:TrackPointExtension>
            <ns3:hr>118</ns3:hr>
          </ns3:TrackPointExtension>
        </extensions>
      </trkpt>
      <trkpt lat="52.2285970486700534820556640625" lon="4.46678803302347660064697265625">
        <ele>22</ele>
        <time>2025-04-20T08:42:15.000Z</time>
        <extensions>
          <ns3:TrackPointExtension>
            <ns3:hr>118</ns3:hr>
          </ns3:TrackPointExtension>
        </extensions>
      </trkpt>
      <trkpt lat="52.22865429706871509552001953125" lon="4.466685354709625244140625">
        <ele>22</ele>
        <time>2025-04-20T08:42:17.000Z</time>
        <extensions>
          <ns3:TrackPointExtension>
            <ns3:hr>115</ns3:hr>
          </ns3:TrackPointExtension>
        </extensions>
      </trkpt>
      <trkpt lat="52.228704504668712615966796875" lon="4.46660027839243412017822265625">
        <ele>22</ele>
        <time>2025-04-20T08:42:19.000Z</time>
        <extensions>
          <ns3:TrackPointExtension>
            <ns3:hr>112</ns3:hr>
          </ns3:TrackPointExtension>
        </extensions>
      </trkpt>
      <trkpt lat="52.22878756932914257049560546875" lon="4.46647815406322479248046875">
        <ele>22.200000762939453125</ele>
        <time>2025-04-20T08:42:22.000Z</time>
        <extensions>
          <ns3:TrackPointExtension>
            <ns3:hr>112</ns3:hr>
          </ns3:TrackPointExtension>
        </extensions>
      </trkpt>
      <trkpt lat="52.22889083437621593475341796875" lon="4.466327615082263946533203125">
        <ele>22.3999996185302734375</ele>
        <time>2025-04-20T08:42:26.000Z</time>
        <extensions>
          <ns3:TrackPointExtension>
            <ns3:hr>115</ns3:hr>
          </ns3:TrackPointExtension>
        </extensions>
      </trkpt>
      <trkpt lat="52.2291747294366359710693359375" lon="4.4659096933901309967041015625">
        <ele>22.6000003814697265625</ele>
        <time>2025-04-20T08:42:35.000Z</time>
        <extensions>
          <ns3:TrackPointExtension>
            <ns3:hr>116</ns3:hr>
          </ns3:TrackPointExtension>
        </extensions>
      </trkpt>
      <trkpt lat="52.22941503860056400299072265625" lon="4.46549453772604465484619140625">
        <ele>22.799999237060546875</ele>
        <time>2025-04-20T08:42:43.000Z</time>
        <extensions>
          <ns3:TrackPointExtension>
            <ns3:hr>115</ns3:hr>
          </ns3:TrackPointExtension>
        </extensions>
      </trkpt>
      <trkpt lat="52.22947253845632076263427734375" lon="4.465317092835903167724609375">
        <ele>22.6000003814697265625</ele>
        <time>2025-04-20T08:42:46.000Z</time>
        <extensions>
          <ns3:TrackPointExtension>
            <ns3:hr>114</ns3:hr>
          </ns3:TrackPointExtension>
        </extensions>
      </trkpt>
      <trkpt lat="52.22950975410640239715576171875" lon="4.46512741036713123321533203125">
        <ele>22.6000003814697265625</ele>
        <time>2025-04-20T08:42:49.000Z</time>
        <extensions>
          <ns3:TrackPointExtension>
            <ns3:hr>112</ns3:hr>
          </ns3:TrackPointExtension>
        </extensions>
      </trkpt>
      <trkpt lat="52.22955250181257724761962890625" lon="4.46502950973808765411376953125">
        <ele>22.799999237060546875</ele>
        <time>2025-04-20T08:42:51.000Z</time>
        <extensions>
          <ns3:TrackPointExtension>
            <ns3:hr>112</ns3:hr>
          </ns3:TrackPointExtension>
        </extensions>
      </trkpt>
      <trkpt lat="52.229636572301387786865234375" lon="4.4648760370910167694091796875">
        <ele>22.799999237060546875</ele>
        <time>2025-04-20T08:42:54.000Z</time>
        <extensions>
          <ns3:TrackPointExtension>
            <ns3:hr>114</ns3:hr>
          </ns3:TrackPointExtension>
        </extensions>
      </trkpt>
      <trkpt lat="52.2297088243067264556884765625" lon="4.46479045785963535308837890625">
        <ele>23</ele>
        <time>2025-04-20T08:42:56.000Z</time>
        <extensions>
          <ns3:TrackPointExtension>
            <ns3:hr>117</ns3:hr>
          </ns3:TrackPointExtension>
        </extensions>
      </trkpt>
      <trkpt lat="52.22985492087900638580322265625" lon="4.46465584449470043182373046875">
        <ele>23</ele>
        <time>2025-04-20T08:43:00.000Z</time>
        <extensions>
          <ns3:TrackPointExtension>
            <ns3:hr>119</ns3:hr>
          </ns3:TrackPointExtension>
        </extensions>
      </trkpt>
      <trkpt lat="52.229890711605548858642578125" lon="4.46460597217082977294921875">
        <ele>23</ele>
        <time>2025-04-20T08:43:01.000Z</time>
        <extensions>
          <ns3:TrackPointExtension>
            <ns3:hr>119</ns3:hr>
          </ns3:TrackPointExtension>
        </extensions>
      </trkpt>
      <trkpt lat="52.23005742765963077545166015625" lon="4.46434655226767063140869140625">
        <ele>22.799999237060546875</ele>
        <time>2025-04-20T08:43:07.000Z</time>
        <extensions>
          <ns3:TrackPointExtension>
            <ns3:hr>122</ns3:hr>
          </ns3:TrackPointExtension>
        </extensions>
      </trkpt>
      <trkpt lat="52.23020595498383045196533203125" lon="4.4640328176319599151611328125">
        <ele>22.6000003814697265625</ele>
        <time>2025-04-20T08:43:14.000Z</time>
        <extensions>
          <ns3:TrackPointExtension>
            <ns3:hr>124</ns3:hr>
          </ns3:TrackPointExtension>
        </extensions>
      </trkpt>
      <trkpt lat="52.230268903076648712158203125" lon="4.46373484097421169281005859375">
        <ele>22.6000003814697265625</ele>
        <time>2025-04-20T08:43:20.000Z</time>
        <extensions>
          <ns3:TrackPointExtension>
            <ns3:hr>125</ns3:hr>
          </ns3:TrackPointExtension>
        </extensions>
      </trkpt>
      <trkpt lat="52.2304149158298969268798828125" lon="4.46364305913448333740234375">
        <ele>22.799999237060546875</ele>
        <time>2025-04-20T08:43:24.000Z</time>
        <extensions>
          <ns3:TrackPointExtension>
            <ns3:hr>123</ns3:hr>
          </ns3:TrackPointExtension>
        </extensions>
      </trkpt>
      <trkpt lat="52.230504937469959259033203125" lon="4.463637359440326690673828125">
        <ele>22.799999237060546875</ele>
        <time>2025-04-20T08:43:26.000Z</time>
        <extensions>
          <ns3:TrackPointExtension>
            <ns3:hr>122</ns3:hr>
          </ns3:TrackPointExtension>
        </extensions>
      </trkpt>
      <trkpt lat="52.2305912710726261138916015625" lon="4.4635872356593608856201171875">
        <ele>23</ele>
        <time>2025-04-20T08:43:28.000Z</time>
        <extensions>
          <ns3:TrackPointExtension>
            <ns3:hr>122</ns3:hr>
          </ns3:TrackPointExtension>
        </extensions>
      </trkpt>
      <trkpt lat="52.23062873817980289459228515625" lon="4.46354540996253490447998046875">
        <ele>23</ele>
        <time>2025-04-20T08:43:29.000Z</time>
        <extensions>
          <ns3:TrackPointExtension>
            <ns3:hr>122</ns3:hr>
          </ns3:TrackPointExtension>
        </extensions>
      </trkpt>
      <trkpt lat="52.2307947836816310882568359375" lon="4.46330853737890720367431640625">
        <ele>23.200000762939453125</ele>
        <time>2025-04-20T08:43:34.000Z</time>
        <extensions>
          <ns3:TrackPointExtension>
            <ns3:hr>122</ns3:hr>
          </ns3:TrackPointExtension>
        </extensions>
      </trkpt>
      <trkpt lat="52.23089830018579959869384765625" lon="4.46317543275654315948486328125">
        <ele>23.200000762939453125</ele>
        <time>2025-04-20T08:43:37.000Z</time>
        <extensions>
          <ns3:TrackPointExtension>
            <ns3:hr>121</ns3:hr>
          </ns3:TrackPointExtension>
        </extensions>
      </trkpt>
      <trkpt lat="52.23104816861450672149658203125" lon="4.4629837386310100555419921875">
        <ele>23</ele>
        <time>2025-04-20T08:43:42.000Z</time>
        <extensions>
          <ns3:TrackPointExtension>
            <ns3:hr>125</ns3:hr>
          </ns3:TrackPointExtension>
        </extensions>
      </trkpt>
      <trkpt lat="52.23113316111266613006591796875" lon="4.46283437311649322509765625">
        <ele>23</ele>
        <time>2025-04-20T08:43:45.000Z</time>
        <extensions>
          <ns3:TrackPointExtension>
            <ns3:hr>129</ns3:hr>
          </ns3:TrackPointExtension>
        </extensions>
      </trkpt>
      <trkpt lat="52.23119317553937435150146484375" lon="4.4627295993268489837646484375">
        <ele>23</ele>
        <time>2025-04-20T08:43:47.000Z</time>
        <extensions>
          <ns3:TrackPointExtension>
            <ns3:hr>131</ns3:hr>
          </ns3:TrackPointExtension>
        </extensions>
      </trkpt>
      <trkpt lat="52.23140557296574115753173828125" lon="4.46234394796192646026611328125">
        <ele>23</ele>
        <time>2025-04-20T08:43:55.000Z</time>
        <extensions>
          <ns3:TrackPointExtension>
            <ns3:hr>132</ns3:hr>
          </ns3:TrackPointExtension>
        </extensions>
      </trkpt>
      <trkpt lat="52.23159248940646648406982421875" lon="4.4618669338524341583251953125">
        <ele>23.200000762939453125</ele>
        <time>2025-04-20T08:44:04.000Z</time>
        <extensions>
          <ns3:TrackPointExtension>
            <ns3:hr>129</ns3:hr>
          </ns3:TrackPointExtension>
        </extensions>
      </trkpt>
      <trkpt lat="52.23162920214235782623291015625" lon="4.4618347473442554473876953125">
        <ele>23.200000762939453125</ele>
        <time>2025-04-20T08:44:05.000Z</time>
        <extensions>
          <ns3:TrackPointExtension>
            <ns3:hr>129</ns3:hr>
          </ns3:TrackPointExtension>
        </extensions>
      </trkpt>
      <trkpt lat="52.23178426735103130340576171875" lon="4.46185964159667491912841796875">
        <ele>23.3999996185302734375</ele>
        <time>2025-04-20T08:44:09.000Z</time>
        <extensions>
          <ns3:TrackPointExtension>
            <ns3:hr>128</ns3:hr>
          </ns3:TrackPointExtension>
        </extensions>
      </trkpt>
      <trkpt lat="52.23189407028257846832275390625" lon="4.46179325692355632781982421875">
        <ele>23.3999996185302734375</ele>
        <time>2025-04-20T08:44:12.000Z</time>
        <extensions>
          <ns3:TrackPointExtension>
            <ns3:hr>128</ns3:hr>
          </ns3:TrackPointExtension>
        </extensions>
      </trkpt>
      <trkpt lat="52.2319591976702213287353515625" lon="4.46170893497765064239501953125">
        <ele>23.6000003814697265625</ele>
        <time>2025-04-20T08:44:14.000Z</time>
        <extensions>
          <ns3:TrackPointExtension>
            <ns3:hr>128</ns3:hr>
          </ns3:TrackPointExtension>
        </extensions>
      </trkpt>
      <trkpt lat="52.23207109607756137847900390625" lon="4.461540542542934417724609375">
        <ele>23.799999237060546875</ele>
        <time>2025-04-20T08:44:18.000Z</time>
        <extensions>
          <ns3:TrackPointExtension>
            <ns3:hr>127</ns3:hr>
          </ns3:TrackPointExtension>
        </extensions>
      </trkpt>
      <trkpt lat="52.232107222080230712890625" lon="4.46151028387248516082763671875">
        <ele>23.799999237060546875</ele>
        <time>2025-04-20T08:44:19.000Z</time>
        <extensions>
          <ns3:TrackPointExtension>
            <ns3:hr>127</ns3:hr>
          </ns3:TrackPointExtension>
        </extensions>
      </trkpt>
      <trkpt lat="52.23230159841477870941162109375" lon="4.461395703256130218505859375">
        <ele>24</ele>
        <time>2025-04-20T08:44:24.000Z</time>
        <extensions>
          <ns3:TrackPointExtension>
            <ns3:hr>124</ns3:hr>
          </ns3:TrackPointExtension>
        </extensions>
      </trkpt>
      <trkpt lat="52.23243302665650844573974609375" lon="4.46134147234261035919189453125">
        <ele>24.200000762939453125</ele>
        <time>2025-04-20T08:44:27.000Z</time>
        <extensions>
          <ns3:TrackPointExtension>
            <ns3:hr>126</ns3:hr>
          </ns3:TrackPointExtension>
        </extensions>
      </trkpt>
      <trkpt lat="52.23279311321675777435302734375" lon="4.46114332415163516998291015625">
        <ele>24</ele>
        <time>2025-04-20T08:44:36.000Z</time>
        <extensions>
          <ns3:TrackPointExtension>
            <ns3:hr>129</ns3:hr>
          </ns3:TrackPointExtension>
        </extensions>
      </trkpt>
      <trkpt lat="52.2328738309442996978759765625" lon="4.4611014984548091888427734375">
        <ele>24</ele>
        <time>2025-04-20T08:44:38.000Z</time>
        <extensions>
          <ns3:TrackPointExtension>
            <ns3:hr>132</ns3:hr>
          </ns3:TrackPointExtension>
        </extensions>
      </trkpt>
      <trkpt lat="52.2329127229750156402587890625" lon="4.46107459254562854766845703125">
        <ele>24</ele>
        <time>2025-04-20T08:44:39.000Z</time>
        <extensions>
          <ns3:TrackPointExtension>
            <ns3:hr>133</ns3:hr>
          </ns3:TrackPointExtension>
        </extensions>
      </trkpt>
      <trkpt lat="52.232986986637115478515625" lon="4.4610163383185863494873046875">
        <ele>23.799999237060546875</ele>
        <time>2025-04-20T08:44:41.000Z</time>
        <extensions>
          <ns3:TrackPointExtension>
            <ns3:hr>136</ns3:hr>
          </ns3:TrackPointExtension>
        </extensions>
      </trkpt>
      <trkpt lat="52.23320784978568553924560546875" lon="4.4608788751065731048583984375">
        <ele>23.799999237060546875</ele>
        <time>2025-04-20T08:44:47.000Z</time>
        <extensions>
          <ns3:TrackPointExtension>
            <ns3:hr>139</ns3:hr>
          </ns3:TrackPointExtension>
        </extensions>
      </trkpt>
      <trkpt lat="52.23328311927616596221923828125" lon="4.46083612740039825439453125">
        <ele>24</ele>
        <time>2025-04-20T08:44:49.000Z</time>
        <extensions>
          <ns3:TrackPointExtension>
            <ns3:hr>139</ns3:hr>
          </ns3:TrackPointExtension>
        </extensions>
      </trkpt>
      <trkpt lat="52.23365946672856807708740234375" lon="4.46064376272261142730712890625">
        <ele>24</ele>
        <time>2025-04-20T08:44:59.000Z</time>
        <extensions>
          <ns3:TrackPointExtension>
            <ns3:hr>137</ns3:hr>
          </ns3:TrackPointExtension>
        </extensions>
      </trkpt>
      <trkpt lat="52.23388628102838993072509765625" lon="4.4605264998972415924072265625">
        <ele>24</ele>
        <time>2025-04-20T08:45:05.000Z</time>
        <extensions>
          <ns3:TrackPointExtension>
            <ns3:hr>134</ns3:hr>
          </ns3:TrackPointExtension>
        </extensions>
      </trkpt>
      <trkpt lat="52.2341270931065082550048828125" lon="4.46043237112462520599365234375">
        <ele>23.799999237060546875</ele>
        <time>2025-04-20T08:45:11.000Z</time>
        <extensions>
          <ns3:TrackPointExtension>
            <ns3:hr>131</ns3:hr>
          </ns3:TrackPointExtension>
        </extensions>
      </trkpt>
      <trkpt lat="52.23451442085206508636474609375" lon="4.46029834449291229248046875">
        <ele>23.799999237060546875</ele>
        <time>2025-04-20T08:45:21.000Z</time>
        <extensions>
          <ns3:TrackPointExtension>
            <ns3:hr>133</ns3:hr>
          </ns3:TrackPointExtension>
        </extensions>
      </trkpt>
      <trkpt lat="52.23489110358059406280517578125" lon="4.46015845052897930145263671875">
        <ele>24</ele>
        <time>2025-04-20T08:45:31.000Z</time>
        <extensions>
          <ns3:TrackPointExtension>
            <ns3:hr>132</ns3:hr>
          </ns3:TrackPointExtension>
        </extensions>
      </trkpt>
      <trkpt lat="52.2351456619799137115478515625" lon="4.460060633718967437744140625">
        <ele>24</ele>
        <time>2025-04-20T08:45:38.000Z</time>
        <extensions>
          <ns3:TrackPointExtension>
            <ns3:hr>129</ns3:hr>
          </ns3:TrackPointExtension>
        </extensions>
      </trkpt>
      <trkpt lat="52.23525873385369777679443359375" lon="4.46000707335770130157470703125">
        <ele>24</ele>
        <time>2025-04-20T08:45:41.000Z</time>
        <extensions>
          <ns3:TrackPointExtension>
            <ns3:hr>129</ns3:hr>
          </ns3:TrackPointExtension>
        </extensions>
      </trkpt>
      <trkpt lat="52.23551806993782520294189453125" lon="4.45984496735036373138427734375">
        <ele>24</ele>
        <time>2025-04-20T08:45:48.000Z</time>
        <extensions>
          <ns3:TrackPointExtension>
            <ns3:hr>126</ns3:hr>
          </ns3:TrackPointExtension>
        </extensions>
      </trkpt>
      <trkpt lat="52.2356244362890720367431640625" lon="4.45976315997540950775146484375">
        <ele>24</ele>
        <time>2025-04-20T08:45:51.000Z</time>
        <extensions>
          <ns3:TrackPointExtension>
            <ns3:hr>129</ns3:hr>
          </ns3:TrackPointExtension>
        </extensions>
      </trkpt>
      <trkpt lat="52.2356891445815563201904296875" lon="4.45970884524285793304443359375">
        <ele>24</ele>
        <time>2025-04-20T08:45:53.000Z</time>
        <extensions>
          <ns3:TrackPointExtension>
            <ns3:hr>129</ns3:hr>
          </ns3:TrackPointExtension>
        </extensions>
      </trkpt>
      <trkpt lat="52.23592358641326427459716796875" lon="4.45945051498711109161376953125">
        <ele>24</ele>
        <time>2025-04-20T08:46:01.000Z</time>
        <extensions>
          <ns3:TrackPointExtension>
            <ns3:hr>126</ns3:hr>
          </ns3:TrackPointExtension>
        </extensions>
      </trkpt>
      <trkpt lat="52.2361467964947223663330078125" lon="4.45910417474806308746337890625">
        <ele>24</ele>
        <time>2025-04-20T08:46:10.000Z</time>
        <extensions>
          <ns3:TrackPointExtension>
            <ns3:hr>124</ns3:hr>
          </ns3:TrackPointExtension>
        </extensions>
      </trkpt>
      <trkpt lat="52.2362259216606616973876953125" lon="4.4589329324662685394287109375">
        <ele>24.200000762939453125</ele>
        <time>2025-04-20T08:46:15.000Z</time>
        <extensions>
          <ns3:TrackPointExtension>
            <ns3:hr>124</ns3:hr>
          </ns3:TrackPointExtension>
        </extensions>
      </trkpt>
      <trkpt lat="52.2362242452800273895263671875" lon="4.4587367959320545196533203125">
        <ele>24.200000762939453125</ele>
        <time>2025-04-20T08:46:20.000Z</time>
        <extensions>
          <ns3:TrackPointExtension>
            <ns3:hr>125</ns3:hr>
          </ns3:TrackPointExtension>
        </extensions>
      </trkpt>
      <trkpt lat="52.23627336323261260986328125" lon="4.458614252507686614990234375">
        <ele>24.6000003814697265625</ele>
        <time>2025-04-20T08:46:23.000Z</time>
        <extensions>
          <ns3:TrackPointExtension>
            <ns3:hr>125</ns3:hr>
          </ns3:TrackPointExtension>
        </extensions>
      </trkpt>
      <trkpt lat="52.23630127497017383575439453125" lon="4.458579719066619873046875">
        <ele>24.6000003814697265625</ele>
        <time>2025-04-20T08:46:24.000Z</time>
        <extensions>
          <ns3:TrackPointExtension>
            <ns3:hr>125</ns3:hr>
          </ns3:TrackPointExtension>
        </extensions>
      </trkpt>
      <trkpt lat="52.236420549452304840087890625" lon="4.45857209153473377227783203125">
        <ele>24.3999996185302734375</ele>
        <time>2025-04-20T08:46:28.000Z</time>
        <extensions>
          <ns3:TrackPointExtension>
            <ns3:hr>126</ns3:hr>
          </ns3:TrackPointExtension>
        </extensions>
      </trkpt>
      <trkpt lat="52.23653110675513744354248046875" lon="4.4584417529404163360595703125">
        <ele>24</ele>
        <time>2025-04-20T08:46:33.000Z</time>
        <extensions>
          <ns3:TrackPointExtension>
            <ns3:hr>129</ns3:hr>
          </ns3:TrackPointExtension>
        </extensions>
      </trkpt>
      <trkpt lat="52.23660905845463275909423828125" lon="4.458297081291675567626953125">
        <ele>24.200000762939453125</ele>
        <time>2025-04-20T08:46:37.000Z</time>
        <extensions>
          <ns3:TrackPointExtension>
            <ns3:hr>132</ns3:hr>
          </ns3:TrackPointExtension>
        </extensions>
      </trkpt>
      <trkpt lat="52.23672590218484401702880859375" lon="4.45806783623993396759033203125">
        <ele>24.200000762939453125</ele>
        <time>2025-04-20T08:46:43.000Z</time>
        <extensions>
          <ns3:TrackPointExtension>
            <ns3:hr>133</ns3:hr>
          </ns3:TrackPointExtension>
        </extensions>
      </trkpt>
      <trkpt lat="52.236920781433582305908203125" lon="4.45771663449704647064208984375">
        <ele>24.200000762939453125</ele>
        <time>2025-04-20T08:46:52.000Z</time>
        <extensions>
          <ns3:TrackPointExtension>
            <ns3:hr>135</ns3:hr>
          </ns3:TrackPointExtension>
        </extensions>
      </trkpt>
      <trkpt lat="52.23716913722455501556396484375" lon="4.45721640251576900482177734375">
        <ele>24.3999996185302734375</ele>
        <time>2025-04-20T08:47:04.000Z</time>
        <extensions>
          <ns3:TrackPointExtension>
            <ns3:hr>136</ns3:hr>
          </ns3:TrackPointExtension>
        </extensions>
      </trkpt>
      <trkpt lat="52.2372615896165370941162109375" lon="4.457000903785228729248046875">
        <ele>24.3999996185302734375</ele>
        <time>2025-04-20T08:47:09.000Z</time>
        <extensions>
          <ns3:TrackPointExtension>
            <ns3:hr>133</ns3:hr>
          </ns3:TrackPointExtension>
        </extensions>
      </trkpt>
      <trkpt lat="52.2373289801180362701416015625" lon="4.45682479999959468841552734375">
        <ele>24.3999996185302734375</ele>
        <time>2025-04-20T08:47:14.000Z</time>
        <extensions>
          <ns3:TrackPointExtension>
            <ns3:hr>133</ns3:hr>
          </ns3:TrackPointExtension>
        </extensions>
      </trkpt>
      <trkpt lat="52.2374174930155277252197265625" lon="4.45661642588675022125244140625">
        <ele>24.6000003814697265625</ele>
        <time>2025-04-20T08:47:21.000Z</time>
        <extensions>
          <ns3:TrackPointExtension>
            <ns3:hr>132</ns3:hr>
          </ns3:TrackPointExtension>
        </extensions>
      </trkpt>
      <trkpt lat="52.2375086881220340728759765625" lon="4.45640888996422290802001953125">
        <ele>24.799999237060546875</ele>
        <time>2025-04-20T08:47:28.000Z</time>
        <extensions>
          <ns3:TrackPointExtension>
            <ns3:hr>132</ns3:hr>
          </ns3:TrackPointExtension>
        </extensions>
      </trkpt>
      <trkpt lat="52.2375834546983242034912109375" lon="4.4561280123889446258544921875">
        <ele>24.6000003814697265625</ele>
        <time>2025-04-20T08:47:36.000Z</time>
        <extensions>
          <ns3:TrackPointExtension>
            <ns3:hr>133</ns3:hr>
          </ns3:TrackPointExtension>
        </extensions>
      </trkpt>
      <trkpt lat="52.2376216761767864227294921875" lon="4.45598325692117214202880859375">
        <ele>24.6000003814697265625</ele>
        <time>2025-04-20T08:47:42.000Z</time>
        <extensions>
          <ns3:TrackPointExtension>
            <ns3:hr>132</ns3:hr>
          </ns3:TrackPointExtension>
        </extensions>
      </trkpt>
      <trkpt lat="52.2376179881393909454345703125" lon="4.4559784792363643646240234375">
        <ele>24.6000003814697265625</ele>
        <time>2025-04-20T08:47:45.000Z</time>
        <extensions>
          <ns3:TrackPointExtension>
            <ns3:hr>132</ns3:hr>
          </ns3:TrackPointExtension>
        </extensions>
      </trkpt>
      <trkpt lat="52.237633578479290008544921875" lon="4.4560358114540576934814453125">
        <ele>24.6000003814697265625</ele>
        <time>2025-04-20T08:47:50.000Z</time>
        <extensions>
          <ns3:TrackPointExtension>
            <ns3:hr>133</ns3:hr>
          </ns3:TrackPointExtension>
        </extensions>
      </trkpt>
      <trkpt lat="52.23764422349631786346435546875" lon="4.45612709037959575653076171875">
        <ele>24.6000003814697265625</ele>
        <time>2025-04-20T08:47:54.000Z</time>
        <extensions>
          <ns3:TrackPointExtension>
            <ns3:hr>136</ns3:hr>
          </ns3:TrackPointExtension>
        </extensions>
      </trkpt>
      <trkpt lat="52.23765076138079166412353515625" lon="4.45613647811114788055419921875">
        <ele>24.6000003814697265625</ele>
        <time>2025-04-20T08:47:55.000Z</time>
        <extensions>
          <ns3:TrackPointExtension>
            <ns3:hr>136</ns3:hr>
          </ns3:TrackPointExtension>
        </extensions>
      </trkpt>
      <trkpt lat="52.23765260539948940277099609375" lon="4.4561387412250041961669921875">
        <ele>24.799999237060546875</ele>
        <time>2025-04-20T08:48:04.000Z</time>
        <extensions>
          <ns3:TrackPointExtension>
            <ns3:hr>136</ns3:hr>
          </ns3:TrackPointExtension>
        </extensions>
      </trkpt>
      <trkpt lat="52.23765671253204345703125" lon="4.45613932795822620391845703125">
        <ele>24.799999237060546875</ele>
        <time>2025-04-20T08:48:07.000Z</time>
        <extensions>
          <ns3:TrackPointExtension>
            <ns3:hr>133</ns3:hr>
          </ns3:TrackPointExtension>
        </extensions>
      </trkpt>
      <trkpt lat="52.23765671253204345703125" lon="4.45613932795822620391845703125">
        <ele>24.799999237060546875</ele>
        <time>2025-04-20T08:48:10.000Z</time>
        <extensions>
          <ns3:TrackPointExtension>
            <ns3:hr>130</ns3:hr>
          </ns3:TrackPointExtension>
        </extensions>
      </trkpt>
      <trkpt lat="52.23765671253204345703125" lon="4.45613932795822620391845703125">
        <ele>24.799999237060546875</ele>
        <time>2025-04-20T08:48:12.000Z</time>
        <extensions>
          <ns3:TrackPointExtension>
            <ns3:hr>129</ns3:hr>
          </ns3:TrackPointExtension>
        </extensions>
      </trkpt>
      <trkpt lat="52.23765671253204345703125" lon="4.45613932795822620391845703125">
        <ele>24.799999237060546875</ele>
        <time>2025-04-20T08:48:23.000Z</time>
        <extensions>
          <ns3:TrackPointExtension>
            <ns3:hr>127</ns3:hr>
          </ns3:TrackPointExtension>
        </extensions>
      </trkpt>
      <trkpt lat="52.23766132257878780364990234375" lon="4.4561501406133174896240234375">
        <ele>24.799999237060546875</ele>
        <time>2025-04-20T08:48:26.000Z</time>
        <extensions>
          <ns3:TrackPointExtension>
            <ns3:hr>124</ns3:hr>
          </ns3:TrackPointExtension>
        </extensions>
      </trkpt>
      <trkpt lat="52.23768009804189205169677734375" lon="4.45618207566440105438232421875">
        <ele>24.799999237060546875</ele>
        <time>2025-04-20T08:48:28.000Z</time>
        <extensions>
          <ns3:TrackPointExtension>
            <ns3:hr>125</ns3:hr>
          </ns3:TrackPointExtension>
        </extensions>
      </trkpt>
      <trkpt lat="52.2377095185220241546630859375" lon="4.45621593855321407318115234375">
        <ele>24.799999237060546875</ele>
        <time>2025-04-20T08:48:30.000Z</time>
        <extensions>
          <ns3:TrackPointExtension>
            <ns3:hr>124</ns3:hr>
          </ns3:TrackPointExtension>
        </extensions>
      </trkpt>
      <trkpt lat="52.23784807138144969940185546875" lon="4.4564083032310009002685546875">
        <ele>24.799999237060546875</ele>
        <time>2025-04-20T08:48:37.000Z</time>
        <extensions>
          <ns3:TrackPointExtension>
            <ns3:hr>122</ns3:hr>
          </ns3:TrackPointExtension>
        </extensions>
      </trkpt>
      <trkpt lat="52.237883694469928741455078125" lon="4.45645800791680812835693359375">
        <ele>24.799999237060546875</ele>
        <time>2025-04-20T08:48:42.000Z</time>
        <extensions>
          <ns3:TrackPointExtension>
            <ns3:hr>122</ns3:hr>
          </ns3:TrackPointExtension>
        </extensions>
      </trkpt>
      <trkpt lat="52.237883694469928741455078125" lon="4.45645800791680812835693359375">
        <ele>24.6000003814697265625</ele>
        <time>2025-04-20T08:48:49.000Z</time>
        <extensions>
          <ns3:TrackPointExtension>
            <ns3:hr>124</ns3:hr>
          </ns3:TrackPointExtension>
        </extensions>
      </trkpt>
      <trkpt lat="52.23790154792368412017822265625" lon="4.4563965685665607452392578125">
        <ele>24.6000003814697265625</ele>
        <time>2025-04-20T08:48:54.000Z</time>
        <extensions>
          <ns3:TrackPointExtension>
            <ns3:hr>122</ns3:hr>
          </ns3:TrackPointExtension>
        </extensions>
      </trkpt>
      <trkpt lat="52.23790992982685565948486328125" lon="4.45638223551213741302490234375">
        <ele>24.799999237060546875</ele>
        <time>2025-04-20T08:48:55.000Z</time>
        <extensions>
          <ns3:TrackPointExtension>
            <ns3:hr>123</ns3:hr>
          </ns3:TrackPointExtension>
        </extensions>
      </trkpt>
      <trkpt lat="52.23792267031967639923095703125" lon="4.45635859854519367218017578125">
        <ele>25</ele>
        <time>2025-04-20T08:48:59.000Z</time>
        <extensions>
          <ns3:TrackPointExtension>
            <ns3:hr>121</ns3:hr>
          </ns3:TrackPointExtension>
        </extensions>
      </trkpt>
      <trkpt lat="52.23792267031967639923095703125" lon="4.45635859854519367218017578125">
        <ele>25</ele>
        <time>2025-04-20T08:49:03.000Z</time>
        <extensions>
          <ns3:TrackPointExtension>
            <ns3:hr>118</ns3:hr>
          </ns3:TrackPointExtension>
        </extensions>
      </trkpt>
      <trkpt lat="52.2379314713180065155029296875" lon="4.45635340176522731781005859375">
        <ele>25</ele>
        <time>2025-04-20T08:49:06.000Z</time>
        <extensions>
          <ns3:TrackPointExtension>
            <ns3:hr>118</ns3:hr>
          </ns3:TrackPointExtension>
        </extensions>
      </trkpt>
      <trkpt lat="52.2379418648779392242431640625" lon="4.4563342072069644927978515625">
        <ele>25</ele>
        <time>2025-04-20T08:49:07.000Z</time>
        <extensions>
          <ns3:TrackPointExtension>
            <ns3:hr>118</ns3:hr>
          </ns3:TrackPointExtension>
        </extensions>
      </trkpt>
      <trkpt lat="52.2380183078348636627197265625" lon="4.45616916753351688385009765625">
        <ele>25.3999996185302734375</ele>
        <time>2025-04-20T08:49:12.000Z</time>
        <extensions>
          <ns3:TrackPointExtension>
            <ns3:hr>120</ns3:hr>
          </ns3:TrackPointExtension>
        </extensions>
      </trkpt>
      <trkpt lat="52.23810489289462566375732421875" lon="4.45585903711616992950439453125">
        <ele>25.3999996185302734375</ele>
        <time>2025-04-20T08:49:18.000Z</time>
        <extensions>
          <ns3:TrackPointExtension>
            <ns3:hr>121</ns3:hr>
          </ns3:TrackPointExtension>
        </extensions>
      </trkpt>
      <trkpt lat="52.238257192075252532958984375" lon="4.4555493257939815521240234375">
        <ele>25.6000003814697265625</ele>
        <time>2025-04-20T08:49:24.000Z</time>
        <extensions>
          <ns3:TrackPointExtension>
            <ns3:hr>123</ns3:hr>
          </ns3:TrackPointExtension>
        </extensions>
      </trkpt>
      <trkpt lat="52.238330282270908355712890625" lon="4.4553927518427371978759765625">
        <ele>25.6000003814697265625</ele>
        <time>2025-04-20T08:49:27.000Z</time>
        <extensions>
          <ns3:TrackPointExtension>
            <ns3:hr>122</ns3:hr>
          </ns3:TrackPointExtension>
        </extensions>
      </trkpt>
      <trkpt lat="52.23859347403049468994140625" lon="4.45489277131855487823486328125">
        <ele>26</ele>
        <time>2025-04-20T08:49:37.000Z</time>
        <extensions>
          <ns3:TrackPointExtension>
            <ns3:hr>121</ns3:hr>
          </ns3:TrackPointExtension>
        </extensions>
      </trkpt>
      <trkpt lat="52.2388152591884136199951171875" lon="4.454465210437774658203125">
        <ele>26</ele>
        <time>2025-04-20T08:49:46.000Z</time>
        <extensions>
          <ns3:TrackPointExtension>
            <ns3:hr>121</ns3:hr>
          </ns3:TrackPointExtension>
        </extensions>
      </trkpt>
      <trkpt lat="52.23891927860677242279052734375" lon="4.45427435450255870819091796875">
        <ele>25.6000003814697265625</ele>
        <time>2025-04-20T08:49:50.000Z</time>
        <extensions>
          <ns3:TrackPointExtension>
            <ns3:hr>124</ns3:hr>
          </ns3:TrackPointExtension>
        </extensions>
      </trkpt>
      <trkpt lat="52.23899857141077518463134765625" lon="4.4541160203516483306884765625">
        <ele>25.3999996185302734375</ele>
        <time>2025-04-20T08:49:53.000Z</time>
        <extensions>
          <ns3:TrackPointExtension>
            <ns3:hr>127</ns3:hr>
          </ns3:TrackPointExtension>
        </extensions>
      </trkpt>
      <trkpt lat="52.2390442527830600738525390625" lon="4.45400428958237171173095703125">
        <ele>25.6000003814697265625</ele>
        <time>2025-04-20T08:49:55.000Z</time>
        <extensions>
          <ns3:TrackPointExtension>
            <ns3:hr>127</ns3:hr>
          </ns3:TrackPointExtension>
        </extensions>
      </trkpt>
      <trkpt lat="52.23908431828022003173828125" lon="4.45388325490057468414306640625">
        <ele>25.6000003814697265625</ele>
        <time>2025-04-20T08:49:57.000Z</time>
        <extensions>
          <ns3:TrackPointExtension>
            <ns3:hr>130</ns3:hr>
          </ns3:TrackPointExtension>
        </extensions>
      </trkpt>
      <trkpt lat="52.23919319920241832733154296875" lon="4.45352501235902309417724609375">
        <ele>25.799999237060546875</ele>
        <time>2025-04-20T08:50:03.000Z</time>
        <extensions>
          <ns3:TrackPointExtension>
            <ns3:hr>129</ns3:hr>
          </ns3:TrackPointExtension>
        </extensions>
      </trkpt>
      <trkpt lat="52.2392742522060871124267578125" lon="4.4532220065593719482421875">
        <ele>24.6000003814697265625</ele>
        <time>2025-04-20T08:50:08.000Z</time>
        <extensions>
          <ns3:TrackPointExtension>
            <ns3:hr>130</ns3:hr>
          </ns3:TrackPointExtension>
        </extensions>
      </trkpt>
      <trkpt lat="52.23933183588087558746337890625" lon="4.45302662439644336700439453125">
        <ele>24.3999996185302734375</ele>
        <time>2025-04-20T08:50:11.000Z</time>
        <extensions>
          <ns3:TrackPointExtension>
            <ns3:hr>127</ns3:hr>
          </ns3:TrackPointExtension>
        </extensions>
      </trkpt>
      <trkpt lat="52.2393674589693546295166015625" lon="4.45289720781147480010986328125">
        <ele>24.6000003814697265625</ele>
        <time>2025-04-20T08:50:13.000Z</time>
        <extensions>
          <ns3:TrackPointExtension>
            <ns3:hr>127</ns3:hr>
          </ns3:TrackPointExtension>
        </extensions>
      </trkpt>
      <trkpt lat="52.2394256293773651123046875" lon="4.45265849120914936065673828125">
        <ele>24.3999996185302734375</ele>
        <time>2025-04-20T08:50:17.000Z</time>
        <extensions>
          <ns3:TrackPointExtension>
            <ns3:hr>128</ns3:hr>
          </ns3:TrackPointExtension>
        </extensions>
      </trkpt>
      <trkpt lat="52.2394532896578311920166015625" lon="4.452547095715999603271484375">
        <ele>24.3999996185302734375</ele>
        <time>2025-04-20T08:50:19.000Z</time>
        <extensions>
          <ns3:TrackPointExtension>
            <ns3:hr>127</ns3:hr>
          </ns3:TrackPointExtension>
        </extensions>
      </trkpt>
      <trkpt lat="52.23956309258937835693359375" lon="4.45211400277912616729736328125">
        <ele>24.3999996185302734375</ele>
        <time>2025-04-20T08:50:27.000Z</time>
        <extensions>
          <ns3:TrackPointExtension>
            <ns3:hr>128</ns3:hr>
          </ns3:TrackPointExtension>
        </extensions>
      </trkpt>
      <trkpt lat="52.23964397795498371124267578125" lon="4.4518240727484226226806640625">
        <ele>24.3999996185302734375</ele>
        <time>2025-04-20T08:50:33.000Z</time>
        <extensions>
          <ns3:TrackPointExtension>
            <ns3:hr>128</ns3:hr>
          </ns3:TrackPointExtension>
        </extensions>
      </trkpt>
      <trkpt lat="52.23973567597568035125732421875" lon="4.4515367411077022552490234375">
        <ele>24.3999996185302734375</ele>
        <time>2025-04-20T08:50:39.000Z</time>
        <extensions>
          <ns3:TrackPointExtension>
            <ns3:hr>128</ns3:hr>
          </ns3:TrackPointExtension>
        </extensions>
      </trkpt>
      <trkpt lat="52.2397597320377826690673828125" lon="4.4514369964599609375">
        <ele>24.3999996185302734375</ele>
        <time>2025-04-20T08:50:41.000Z</time>
        <extensions>
          <ns3:TrackPointExtension>
            <ns3:hr>131</ns3:hr>
          </ns3:TrackPointExtension>
        </extensions>
      </trkpt>
      <trkpt lat="52.239790745079517364501953125" lon="4.45134387351572513580322265625">
        <ele>24.3999996185302734375</ele>
        <time>2025-04-20T08:50:43.000Z</time>
        <extensions>
          <ns3:TrackPointExtension>
            <ns3:hr>134</ns3:hr>
          </ns3:TrackPointExtension>
        </extensions>
      </trkpt>
      <trkpt lat="52.2398492507636547088623046875" lon="4.4511525146663188934326171875">
        <ele>24.3999996185302734375</ele>
        <time>2025-04-20T08:50:47.000Z</time>
        <extensions>
          <ns3:TrackPointExtension>
            <ns3:hr>137</ns3:hr>
          </ns3:TrackPointExtension>
        </extensions>
      </trkpt>
      <trkpt lat="52.239865176379680633544921875" lon="4.45110884495079517364501953125">
        <ele>24.3999996185302734375</ele>
        <time>2025-04-20T08:50:48.000Z</time>
        <extensions>
          <ns3:TrackPointExtension>
            <ns3:hr>137</ns3:hr>
          </ns3:TrackPointExtension>
        </extensions>
      </trkpt>
      <trkpt lat="52.23991571925580501556396484375" lon="4.45093098096549510955810546875">
        <ele>24.3999996185302734375</ele>
        <time>2025-04-20T08:50:53.000Z</time>
        <extensions>
          <ns3:TrackPointExtension>
            <ns3:hr>139</ns3:hr>
          </ns3:TrackPointExtension>
        </extensions>
      </trkpt>
      <trkpt lat="52.2399303875863552093505859375" lon="4.450851269066333770751953125">
        <ele>24.6000003814697265625</ele>
        <time>2025-04-20T08:50:56.000Z</time>
        <extensions>
          <ns3:TrackPointExtension>
            <ns3:hr>141</ns3:hr>
          </ns3:TrackPointExtension>
        </extensions>
      </trkpt>
      <trkpt lat="52.23992192186415195465087890625" lon="4.45083995349705219268798828125">
        <ele>24.6000003814697265625</ele>
        <time>2025-04-20T08:50:57.000Z</time>
        <extensions>
          <ns3:TrackPointExtension>
            <ns3:hr>140</ns3:hr>
          </ns3:TrackPointExtension>
        </extensions>
      </trkpt>
      <trkpt lat="52.23991018719971179962158203125" lon="4.45085001178085803985595703125">
        <ele>24.6000003814697265625</ele>
        <time>2025-04-20T08:50:59.000Z</time>
        <extensions>
          <ns3:TrackPointExtension>
            <ns3:hr>141</ns3:hr>
          </ns3:TrackPointExtension>
        </extensions>
      </trkpt>
      <trkpt lat="52.23988269455730915069580078125" lon="4.45094623602926731109619140625">
        <ele>24.799999237060546875</ele>
        <time>2025-04-20T08:51:02.000Z</time>
        <extensions>
          <ns3:TrackPointExtension>
            <ns3:hr>140</ns3:hr>
          </ns3:TrackPointExtension>
        </extensions>
      </trkpt>
      <trkpt lat="52.23982133902609348297119140625" lon="4.45120674557983875274658203125">
        <ele>25</ele>
        <time>2025-04-20T08:51:07.000Z</time>
        <extensions>
          <ns3:TrackPointExtension>
            <ns3:hr>139</ns3:hr>
          </ns3:TrackPointExtension>
        </extensions>
      </trkpt>
      <trkpt lat="52.2397332452237606048583984375" lon="4.451548643410205841064453125">
        <ele>25</ele>
        <time>2025-04-20T08:51:14.000Z</time>
        <extensions>
          <ns3:TrackPointExtension>
            <ns3:hr>138</ns3:hr>
          </ns3:TrackPointExtension>
        </extensions>
      </trkpt>
      <trkpt lat="52.2396118752658367156982421875" lon="4.4519399106502532958984375">
        <ele>24.799999237060546875</ele>
        <time>2025-04-20T08:51:22.000Z</time>
        <extensions>
          <ns3:TrackPointExtension>
            <ns3:hr>135</ns3:hr>
          </ns3:TrackPointExtension>
        </extensions>
      </trkpt>
      <trkpt lat="52.2395599074661731719970703125" lon="4.45220536552369594573974609375">
        <ele>24.799999237060546875</ele>
        <time>2025-04-20T08:51:27.000Z</time>
        <extensions>
          <ns3:TrackPointExtension>
            <ns3:hr>132</ns3:hr>
          </ns3:TrackPointExtension>
        </extensions>
      </trkpt>
      <trkpt lat="52.239544652402400970458984375" lon="4.45225498639047145843505859375">
        <ele>24.6000003814697265625</ele>
        <time>2025-04-20T08:51:28.000Z</time>
        <extensions>
          <ns3:TrackPointExtension>
            <ns3:hr>131</ns3:hr>
          </ns3:TrackPointExtension>
        </extensions>
      </trkpt>
      <trkpt lat="52.2394408844411373138427734375" lon="4.4526506960391998291015625">
        <ele>24.799999237060546875</ele>
        <time>2025-04-20T08:51:36.000Z</time>
        <extensions>
          <ns3:TrackPointExtension>
            <ns3:hr>131</ns3:hr>
          </ns3:TrackPointExtension>
        </extensions>
      </trkpt>
      <trkpt lat="52.239336110651493072509765625" lon="4.4529911689460277557373046875">
        <ele>24.799999237060546875</ele>
        <time>2025-04-20T08:51:43.000Z</time>
        <extensions>
          <ns3:TrackPointExtension>
            <ns3:hr>130</ns3:hr>
          </ns3:TrackPointExtension>
        </extensions>
      </trkpt>
      <trkpt lat="52.23920610733330249786376953125" lon="4.4534377567470073699951171875">
        <ele>25.200000762939453125</ele>
        <time>2025-04-20T08:51:51.000Z</time>
        <extensions>
          <ns3:TrackPointExtension>
            <ns3:hr>130</ns3:hr>
          </ns3:TrackPointExtension>
        </extensions>
      </trkpt>
      <trkpt lat="52.23905003629624843597412109375" lon="4.45398987270891666412353515625">
        <ele>25.200000762939453125</ele>
        <time>2025-04-20T08:52:00.000Z</time>
        <extensions>
          <ns3:TrackPointExtension>
            <ns3:hr>129</ns3:hr>
          </ns3:TrackPointExtension>
        </extensions>
      </trkpt>
      <trkpt lat="52.23898507654666900634765625" lon="4.45415876805782318115234375">
        <ele>25.200000762939453125</ele>
        <time>2025-04-20T08:52:03.000Z</time>
        <extensions>
          <ns3:TrackPointExtension>
            <ns3:hr>132</ns3:hr>
          </ns3:TrackPointExtension>
        </extensions>
      </trkpt>
      <trkpt lat="52.238961942493915557861328125" lon="4.45421509444713592529296875">
        <ele>25.200000762939453125</ele>
        <time>2025-04-20T08:52:04.000Z</time>
        <extensions>
          <ns3:TrackPointExtension>
            <ns3:hr>133</ns3:hr>
          </ns3:TrackPointExtension>
        </extensions>
      </trkpt>
      <trkpt lat="52.23887468688189983367919921875" lon="4.45435465313494205474853515625">
        <ele>25.200000762939453125</ele>
        <time>2025-04-20T08:52:07.000Z</time>
        <extensions>
          <ns3:TrackPointExtension>
            <ns3:hr>135</ns3:hr>
          </ns3:TrackPointExtension>
        </extensions>
      </trkpt>
      <trkpt lat="52.23861753009259700775146484375" lon="4.45482219569385051727294921875">
        <ele>25.3999996185302734375</ele>
        <time>2025-04-20T08:52:16.000Z</time>
        <extensions>
          <ns3:TrackPointExtension>
            <ns3:hr>137</ns3:hr>
          </ns3:TrackPointExtension>
        </extensions>
      </trkpt>
      <trkpt lat="52.23856489174067974090576171875" lon="4.454926885664463043212890625">
        <ele>26</ele>
        <time>2025-04-20T08:52:18.000Z</time>
        <extensions>
          <ns3:TrackPointExtension>
            <ns3:hr>136</ns3:hr>
          </ns3:TrackPointExtension>
        </extensions>
      </trkpt>
      <trkpt lat="52.23837093450129032135009765625" lon="4.45531287230551242828369140625">
        <ele>26.200000762939453125</ele>
        <time>2025-04-20T08:52:26.000Z</time>
        <extensions>
          <ns3:TrackPointExtension>
            <ns3:hr>133</ns3:hr>
          </ns3:TrackPointExtension>
        </extensions>
      </trkpt>
      <trkpt lat="52.2381266020238399505615234375" lon="4.45574931800365447998046875">
        <ele>26</ele>
        <time>2025-04-20T08:52:35.000Z</time>
        <extensions>
          <ns3:TrackPointExtension>
            <ns3:hr>132</ns3:hr>
          </ns3:TrackPointExtension>
        </extensions>
      </trkpt>
      <trkpt lat="52.238056361675262451171875" lon="4.4559605419635772705078125">
        <ele>25.799999237060546875</ele>
        <time>2025-04-20T08:52:40.000Z</time>
        <extensions>
          <ns3:TrackPointExtension>
            <ns3:hr>131</ns3:hr>
          </ns3:TrackPointExtension>
        </extensions>
      </trkpt>
      <trkpt lat="52.2380511648952960968017578125" lon="4.4560314528644084930419921875">
        <ele>26</ele>
        <time>2025-04-20T08:52:44.000Z</time>
        <extensions>
          <ns3:TrackPointExtension>
            <ns3:hr>129</ns3:hr>
          </ns3:TrackPointExtension>
        </extensions>
      </trkpt>
      <trkpt lat="52.23804705776274204254150390625" lon="4.45605349726974964141845703125">
        <ele>26.3999996185302734375</ele>
        <time>2025-04-20T08:52:48.000Z</time>
        <extensions>
          <ns3:TrackPointExtension>
            <ns3:hr>127</ns3:hr>
          </ns3:TrackPointExtension>
        </extensions>
      </trkpt>
      <trkpt lat="52.238017134368419647216796875" lon="4.456123150885105133056640625">
        <ele>26.3999996185302734375</ele>
        <time>2025-04-20T08:52:51.000Z</time>
        <extensions>
          <ns3:TrackPointExtension>
            <ns3:hr>127</ns3:hr>
          </ns3:TrackPointExtension>
        </extensions>
      </trkpt>
      <trkpt lat="52.2379048168659210205078125" lon="4.45634619332849979400634765625">
        <ele>26.3999996185302734375</ele>
        <time>2025-04-20T08:52:57.000Z</time>
        <extensions>
          <ns3:TrackPointExtension>
            <ns3:hr>127</ns3:hr>
          </ns3:TrackPointExtension>
        </extensions>
      </trkpt>
      <trkpt lat="52.2378858737647533416748046875" lon="4.45643336512148380279541015625">
        <ele>26.3999996185302734375</ele>
        <time>2025-04-20T08:52:59.000Z</time>
        <extensions>
          <ns3:TrackPointExtension>
            <ns3:hr>127</ns3:hr>
          </ns3:TrackPointExtension>
        </extensions>
      </trkpt>
      <trkpt lat="52.2379093430936336517333984375" lon="4.4565108977258205413818359375">
        <ele>26.3999996185302734375</ele>
        <time>2025-04-20T08:53:01.000Z</time>
        <extensions>
          <ns3:TrackPointExtension>
            <ns3:hr>126</ns3:hr>
          </ns3:TrackPointExtension>
        </extensions>
      </trkpt>
      <trkpt lat="52.23809299059212207794189453125" lon="4.45669320411980152130126953125">
        <ele>26.200000762939453125</ele>
        <time>2025-04-20T08:53:07.000Z</time>
        <extensions>
          <ns3:TrackPointExtension>
            <ns3:hr>128</ns3:hr>
          </ns3:TrackPointExtension>
        </extensions>
      </trkpt>
      <trkpt lat="52.2383683361113071441650390625" lon="4.45697215385735034942626953125">
        <ele>26.200000762939453125</ele>
        <time>2025-04-20T08:53:15.000Z</time>
        <extensions>
          <ns3:TrackPointExtension>
            <ns3:hr>130</ns3:hr>
          </ns3:TrackPointExtension>
        </extensions>
      </trkpt>
      <trkpt lat="52.23840446211397647857666015625" lon="4.45700727403163909912109375">
        <ele>26.200000762939453125</ele>
        <time>2025-04-20T08:53:16.000Z</time>
        <extensions>
          <ns3:TrackPointExtension>
            <ns3:hr>130</ns3:hr>
          </ns3:TrackPointExtension>
        </extensions>
      </trkpt>
      <trkpt lat="52.238746024668216705322265625" lon="4.4573299773037433624267578125">
        <ele>25.799999237060546875</ele>
        <time>2025-04-20T08:53:25.000Z</time>
        <extensions>
          <ns3:TrackPointExtension>
            <ns3:hr>130</ns3:hr>
          </ns3:TrackPointExtension>
        </extensions>
      </trkpt>
      <trkpt lat="52.23883814178407192230224609375" lon="4.45742209441959857940673828125">
        <ele>26</ele>
        <time>2025-04-20T08:53:29.000Z</time>
        <extensions>
          <ns3:TrackPointExtension>
            <ns3:hr>130</ns3:hr>
          </ns3:TrackPointExtension>
        </extensions>
      </trkpt>
      <trkpt lat="52.23906629718840122222900390625" lon="4.4576629064977169036865234375">
        <ele>25.799999237060546875</ele>
        <time>2025-04-20T08:53:36.000Z</time>
        <extensions>
          <ns3:TrackPointExtension>
            <ns3:hr>128</ns3:hr>
          </ns3:TrackPointExtension>
        </extensions>
      </trkpt>
      <trkpt lat="52.23932211287319660186767578125" lon="4.45783616043627262115478515625">
        <ele>26</ele>
        <time>2025-04-20T08:53:43.000Z</time>
        <extensions>
          <ns3:TrackPointExtension>
            <ns3:hr>129</ns3:hr>
          </ns3:TrackPointExtension>
        </extensions>
      </trkpt>
      <trkpt lat="52.23960441537201404571533203125" lon="4.458112008869647979736328125">
        <ele>26</ele>
        <time>2025-04-20T08:53:50.000Z</time>
        <extensions>
          <ns3:TrackPointExtension>
            <ns3:hr>126</ns3:hr>
          </ns3:TrackPointExtension>
        </extensions>
      </trkpt>
      <trkpt lat="52.2396413795650005340576171875" lon="4.45814562030136585235595703125">
        <ele>26.200000762939453125</ele>
        <time>2025-04-20T08:53:51.000Z</time>
        <extensions>
          <ns3:TrackPointExtension>
            <ns3:hr>129</ns3:hr>
          </ns3:TrackPointExtension>
        </extensions>
      </trkpt>
      <trkpt lat="52.23991555161774158477783203125" lon="4.45841652341187000274658203125">
        <ele>25.799999237060546875</ele>
        <time>2025-04-20T08:53:59.000Z</time>
        <extensions>
          <ns3:TrackPointExtension>
            <ns3:hr>129</ns3:hr>
          </ns3:TrackPointExtension>
        </extensions>
      </trkpt>
      <trkpt lat="52.240171618759632110595703125" lon="4.45870108902454376220703125">
        <ele>26</ele>
        <time>2025-04-20T08:54:07.000Z</time>
        <extensions>
          <ns3:TrackPointExtension>
            <ns3:hr>132</ns3:hr>
          </ns3:TrackPointExtension>
        </extensions>
      </trkpt>
      <trkpt lat="52.24031318910419940948486328125" lon="4.45886009372770786285400390625">
        <ele>26.200000762939453125</ele>
        <time>2025-04-20T08:54:11.000Z</time>
        <extensions>
          <ns3:TrackPointExtension>
            <ns3:hr>132</ns3:hr>
          </ns3:TrackPointExtension>
        </extensions>
      </trkpt>
      <trkpt lat="52.24060923792421817779541015625" lon="4.45927516557276248931884765625">
        <ele>26.200000762939453125</ele>
        <time>2025-04-20T08:54:21.000Z</time>
        <extensions>
          <ns3:TrackPointExtension>
            <ns3:hr>133</ns3:hr>
          </ns3:TrackPointExtension>
        </extensions>
      </trkpt>
      <trkpt lat="52.24066816270351409912109375" lon="4.459360577166080474853515625">
        <ele>26.200000762939453125</ele>
        <time>2025-04-20T08:54:23.000Z</time>
        <extensions>
          <ns3:TrackPointExtension>
            <ns3:hr>136</ns3:hr>
          </ns3:TrackPointExtension>
        </extensions>
      </trkpt>
      <trkpt lat="52.24077939055860042572021484375" lon="4.4595015607774257659912109375">
        <ele>26</ele>
        <time>2025-04-20T08:54:27.000Z</time>
        <extensions>
          <ns3:TrackPointExtension>
            <ns3:hr>138</ns3:hr>
          </ns3:TrackPointExtension>
        </extensions>
      </trkpt>
      <trkpt lat="52.24093747325241565704345703125" lon="4.45972627960145473480224609375">
        <ele>26.200000762939453125</ele>
        <time>2025-04-20T08:54:33.000Z</time>
        <extensions>
          <ns3:TrackPointExtension>
            <ns3:hr>137</ns3:hr>
          </ns3:TrackPointExtension>
        </extensions>
      </trkpt>
      <trkpt lat="52.24106672219932079315185546875" lon="4.45997245609760284423828125">
        <ele>26.200000762939453125</ele>
        <time>2025-04-20T08:54:38.000Z</time>
        <extensions>
          <ns3:TrackPointExtension>
            <ns3:hr>140</ns3:hr>
          </ns3:TrackPointExtension>
        </extensions>
      </trkpt>
      <trkpt lat="52.24115204997360706329345703125" lon="4.46011402644217014312744140625">
        <ele>26</ele>
        <time>2025-04-20T08:54:41.000Z</time>
        <extensions>
          <ns3:TrackPointExtension>
            <ns3:hr>139</ns3:hr>
          </ns3:TrackPointExtension>
        </extensions>
      </trkpt>
      <trkpt lat="52.24120871163904666900634765625" lon="4.46022014133632183074951171875">
        <ele>26</ele>
        <time>2025-04-20T08:54:43.000Z</time>
        <extensions>
          <ns3:TrackPointExtension>
            <ns3:hr>136</ns3:hr>
          </ns3:TrackPointExtension>
        </extensions>
      </trkpt>
      <trkpt lat="52.241259254515171051025390625" lon="4.4603135995566844940185546875">
        <ele>26</ele>
        <time>2025-04-20T08:54:45.000Z</time>
        <extensions>
          <ns3:TrackPointExtension>
            <ns3:hr>133</ns3:hr>
          </ns3:TrackPointExtension>
        </extensions>
      </trkpt>
      <trkpt lat="52.24129286594688892364501953125" lon="4.46036146022379398345947265625">
        <ele>26</ele>
        <time>2025-04-20T08:54:46.000Z</time>
        <extensions>
          <ns3:TrackPointExtension>
            <ns3:hr>132</ns3:hr>
          </ns3:TrackPointExtension>
        </extensions>
      </trkpt>
      <trkpt lat="52.24144843406975269317626953125" lon="4.46061425842344760894775390625">
        <ele>26.200000762939453125</ele>
        <time>2025-04-20T08:54:51.000Z</time>
        <extensions>
          <ns3:TrackPointExtension>
            <ns3:hr>129</ns3:hr>
          </ns3:TrackPointExtension>
        </extensions>
      </trkpt>
      <trkpt lat="52.241650186479091644287109375" lon="4.4609878398478031158447265625">
        <ele>26.3999996185302734375</ele>
        <time>2025-04-20T08:54:58.000Z</time>
        <extensions>
          <ns3:TrackPointExtension>
            <ns3:hr>130</ns3:hr>
          </ns3:TrackPointExtension>
        </extensions>
      </trkpt>
      <trkpt lat="52.24168078042566776275634765625" lon="4.46104022674262523651123046875">
        <ele>26.3999996185302734375</ele>
        <time>2025-04-20T08:54:59.000Z</time>
        <extensions>
          <ns3:TrackPointExtension>
            <ns3:hr>130</ns3:hr>
          </ns3:TrackPointExtension>
        </extensions>
      </trkpt>
      <trkpt lat="52.24194481037557125091552734375" lon="4.46149134077131748199462890625">
        <ele>26.6000003814697265625</ele>
        <time>2025-04-20T08:55:08.000Z</time>
        <extensions>
          <ns3:TrackPointExtension>
            <ns3:hr>130</ns3:hr>
          </ns3:TrackPointExtension>
        </extensions>
      </trkpt>
      <trkpt lat="52.242160476744174957275390625" lon="4.46189551614224910736083984375">
        <ele>26.6000003814697265625</ele>
        <time>2025-04-20T08:55:16.000Z</time>
        <extensions>
          <ns3:TrackPointExtension>
            <ns3:hr>133</ns3:hr>
          </ns3:TrackPointExtension>
        </extensions>
      </trkpt>
      <trkpt lat="52.2424479760229587554931640625" lon="4.46241200901567935943603515625">
        <ele>26.3999996185302734375</ele>
        <time>2025-04-20T08:55:26.000Z</time>
        <extensions>
          <ns3:TrackPointExtension>
            <ns3:hr>136</ns3:hr>
          </ns3:TrackPointExtension>
        </extensions>
      </trkpt>
      <trkpt lat="52.2425478883087635040283203125" lon="4.462556429207324981689453125">
        <ele>26.6000003814697265625</ele>
        <time>2025-04-20T08:55:29.000Z</time>
        <extensions>
          <ns3:TrackPointExtension>
            <ns3:hr>139</ns3:hr>
          </ns3:TrackPointExtension>
        </extensions>
      </trkpt>
      <trkpt lat="52.24270018748939037322998046875" lon="4.46275633759796619415283203125">
        <ele>27</ele>
        <time>2025-04-20T08:55:33.000Z</time>
        <extensions>
          <ns3:TrackPointExtension>
            <ns3:hr>138</ns3:hr>
          </ns3:TrackPointExtension>
        </extensions>
      </trkpt>
      <trkpt lat="52.24272985942661762237548828125" lon="4.46280763484537601470947265625">
        <ele>27.200000762939453125</ele>
        <time>2025-04-20T08:55:34.000Z</time>
        <extensions>
          <ns3:TrackPointExtension>
            <ns3:hr>138</ns3:hr>
          </ns3:TrackPointExtension>
        </extensions>
      </trkpt>
      <trkpt lat="52.24292716942727565765380859375" lon="4.4630940444767475128173828125">
        <ele>27.3999996185302734375</ele>
        <time>2025-04-20T08:55:40.000Z</time>
        <extensions>
          <ns3:TrackPointExtension>
            <ns3:hr>138</ns3:hr>
          </ns3:TrackPointExtension>
        </extensions>
      </trkpt>
      <trkpt lat="52.2430668957531452178955078125" lon="4.46336234919726848602294921875">
        <ele>27.200000762939453125</ele>
        <time>2025-04-20T08:55:45.000Z</time>
        <extensions>
          <ns3:TrackPointExtension>
            <ns3:hr>137</ns3:hr>
          </ns3:TrackPointExtension>
        </extensions>
      </trkpt>
      <trkpt lat="52.2430953942239284515380859375" lon="4.46341750212013721466064453125">
        <ele>27.200000762939453125</ele>
        <time>2025-04-20T08:55:46.000Z</time>
        <extensions>
          <ns3:TrackPointExtension>
            <ns3:hr>137</ns3:hr>
          </ns3:TrackPointExtension>
        </extensions>
      </trkpt>
      <trkpt lat="52.24321383051574230194091796875" lon="4.46360819041728973388671875">
        <ele>27.200000762939453125</ele>
        <time>2025-04-20T08:55:50.000Z</time>
        <extensions>
          <ns3:TrackPointExtension>
            <ns3:hr>137</ns3:hr>
          </ns3:TrackPointExtension>
        </extensions>
      </trkpt>
      <trkpt lat="52.2433036006987094879150390625" lon="4.46374087594449520111083984375">
        <ele>27.200000762939453125</ele>
        <time>2025-04-20T08:55:53.000Z</time>
        <extensions>
          <ns3:TrackPointExtension>
            <ns3:hr>137</ns3:hr>
          </ns3:TrackPointExtension>
        </extensions>
      </trkpt>
      <trkpt lat="52.24336302839219570159912109375" lon="4.46383810602128505706787109375">
        <ele>27.200000762939453125</ele>
        <time>2025-04-20T08:55:55.000Z</time>
        <extensions>
          <ns3:TrackPointExtension>
            <ns3:hr>138</ns3:hr>
          </ns3:TrackPointExtension>
        </extensions>
      </trkpt>
      <trkpt lat="52.2434943728148937225341796875" lon="4.46403340436518192291259765625">
        <ele>27.200000762939453125</ele>
        <time>2025-04-20T08:55:59.000Z</time>
        <extensions>
          <ns3:TrackPointExtension>
            <ns3:hr>138</ns3:hr>
          </ns3:TrackPointExtension>
        </extensions>
      </trkpt>
      <trkpt lat="52.24361591041088104248046875" lon="4.46423658169806003570556640625">
        <ele>27.3999996185302734375</ele>
        <time>2025-04-20T08:56:03.000Z</time>
        <extensions>
          <ns3:TrackPointExtension>
            <ns3:hr>135</ns3:hr>
          </ns3:TrackPointExtension>
        </extensions>
      </trkpt>
      <trkpt lat="52.24371783435344696044921875" lon="4.4643826782703399658203125">
        <ele>27.6000003814697265625</ele>
        <time>2025-04-20T08:56:06.000Z</time>
        <extensions>
          <ns3:TrackPointExtension>
            <ns3:hr>133</ns3:hr>
          </ns3:TrackPointExtension>
        </extensions>
      </trkpt>
      <trkpt lat="52.24394171498715877532958984375" lon="4.46475994773209095001220703125">
        <ele>27.3999996185302734375</ele>
        <time>2025-04-20T08:56:14.000Z</time>
        <extensions>
          <ns3:TrackPointExtension>
            <ns3:hr>134</ns3:hr>
          </ns3:TrackPointExtension>
        </extensions>
      </trkpt>
      <trkpt lat="52.24417255260050296783447265625" lon="4.46509438566863536834716796875">
        <ele>27.6000003814697265625</ele>
        <time>2025-04-20T08:56:22.000Z</time>
        <extensions>
          <ns3:TrackPointExtension>
            <ns3:hr>133</ns3:hr>
          </ns3:TrackPointExtension>
        </extensions>
      </trkpt>
      <trkpt lat="52.24435946904122829437255859375" lon="4.46537534706294536590576171875">
        <ele>27.3999996185302734375</ele>
        <time>2025-04-20T08:56:29.000Z</time>
        <extensions>
          <ns3:TrackPointExtension>
            <ns3:hr>133</ns3:hr>
          </ns3:TrackPointExtension>
        </extensions>
      </trkpt>
      <trkpt lat="52.2445504926145076751708984375" lon="4.4656716473400592803955078125">
        <ele>27.799999237060546875</ele>
        <time>2025-04-20T08:56:36.000Z</time>
        <extensions>
          <ns3:TrackPointExtension>
            <ns3:hr>133</ns3:hr>
          </ns3:TrackPointExtension>
        </extensions>
      </trkpt>
      <trkpt lat="52.24474838934838771820068359375" lon="4.46599678136408329010009765625">
        <ele>28</ele>
        <time>2025-04-20T08:56:44.000Z</time>
        <extensions>
          <ns3:TrackPointExtension>
            <ns3:hr>133</ns3:hr>
          </ns3:TrackPointExtension>
        </extensions>
      </trkpt>
      <trkpt lat="52.244911752641201019287109375" lon="4.466249160468578338623046875">
        <ele>28.200000762939453125</ele>
        <time>2025-04-20T08:56:51.000Z</time>
        <extensions>
          <ns3:TrackPointExtension>
            <ns3:hr>131</ns3:hr>
          </ns3:TrackPointExtension>
        </extensions>
      </trkpt>
      <trkpt lat="52.24506639875471591949462890625" lon="4.46649290621280670166015625">
        <ele>28.200000762939453125</ele>
        <time>2025-04-20T08:56:57.000Z</time>
        <extensions>
          <ns3:TrackPointExtension>
            <ns3:hr>132</ns3:hr>
          </ns3:TrackPointExtension>
        </extensions>
      </trkpt>
      <trkpt lat="52.2452173568308353424072265625" lon="4.46675618179142475128173828125">
        <ele>28.200000762939453125</ele>
        <time>2025-04-20T08:57:03.000Z</time>
        <extensions>
          <ns3:TrackPointExtension>
            <ns3:hr>130</ns3:hr>
          </ns3:TrackPointExtension>
        </extensions>
      </trkpt>
      <trkpt lat="52.24536831490695476531982421875" lon="4.46708567440509796142578125">
        <ele>28.200000762939453125</ele>
        <time>2025-04-20T08:57:10.000Z</time>
        <extensions>
          <ns3:TrackPointExtension>
            <ns3:hr>130</ns3:hr>
          </ns3:TrackPointExtension>
        </extensions>
      </trkpt>
      <trkpt lat="52.24552673287689685821533203125" lon="4.46736135520040988922119140625">
        <ele>28.200000762939453125</ele>
        <time>2025-04-20T08:57:16.000Z</time>
        <extensions>
          <ns3:TrackPointExtension>
            <ns3:hr>130</ns3:hr>
          </ns3:TrackPointExtension>
        </extensions>
      </trkpt>
      <trkpt lat="52.245668806135654449462890625" lon="4.4676296599209308624267578125">
        <ele>28.200000762939453125</ele>
        <time>2025-04-20T08:57:22.000Z</time>
        <extensions>
          <ns3:TrackPointExtension>
            <ns3:hr>127</ns3:hr>
          </ns3:TrackPointExtension>
        </extensions>
      </trkpt>
      <trkpt lat="52.24574114196002483367919921875" lon="4.46775354444980621337890625">
        <ele>28.200000762939453125</ele>
        <time>2025-04-20T08:57:25.000Z</time>
        <extensions>
          <ns3:TrackPointExtension>
            <ns3:hr>125</ns3:hr>
          </ns3:TrackPointExtension>
        </extensions>
      </trkpt>
      <trkpt lat="52.245829738676548004150390625" lon="4.46791774593293666839599609375">
        <ele>28</ele>
        <time>2025-04-20T08:57:29.000Z</time>
        <extensions>
          <ns3:TrackPointExtension>
            <ns3:hr>122</ns3:hr>
          </ns3:TrackPointExtension>
        </extensions>
      </trkpt>
      <trkpt lat="52.24592587910592555999755859375" lon="4.46809359826147556304931640625">
        <ele>28</ele>
        <time>2025-04-20T08:57:33.000Z</time>
        <extensions>
          <ns3:TrackPointExtension>
            <ns3:hr>121</ns3:hr>
          </ns3:TrackPointExtension>
        </extensions>
      </trkpt>
      <trkpt lat="52.24606049247086048126220703125" lon="4.46835595183074474334716796875">
        <ele>28.200000762939453125</ele>
        <time>2025-04-20T08:57:39.000Z</time>
        <extensions>
          <ns3:TrackPointExtension>
            <ns3:hr>124</ns3:hr>
          </ns3:TrackPointExtension>
        </extensions>
      </trkpt>
      <trkpt lat="52.246140874922275543212890625" lon="4.46848955936729907989501953125">
        <ele>28.3999996185302734375</ele>
        <time>2025-04-20T08:57:42.000Z</time>
        <extensions>
          <ns3:TrackPointExtension>
            <ns3:hr>124</ns3:hr>
          </ns3:TrackPointExtension>
        </extensions>
      </trkpt>
      <trkpt lat="52.24628780968487262725830078125" lon="4.4687739573419094085693359375">
        <ele>28.3999996185302734375</ele>
        <time>2025-04-20T08:57:49.000Z</time>
        <extensions>
          <ns3:TrackPointExtension>
            <ns3:hr>123</ns3:hr>
          </ns3:TrackPointExtension>
        </extensions>
      </trkpt>
      <trkpt lat="52.24645343609154224395751953125" lon="4.46905466727912425994873046875">
        <ele>28.3999996185302734375</ele>
        <time>2025-04-20T08:57:56.000Z</time>
        <extensions>
          <ns3:TrackPointExtension>
            <ns3:hr>122</ns3:hr>
          </ns3:TrackPointExtension>
        </extensions>
      </trkpt>
      <trkpt lat="52.24664487875998020172119140625" lon="4.469347111880779266357421875">
        <ele>28.3999996185302734375</ele>
        <time>2025-04-20T08:58:04.000Z</time>
        <extensions>
          <ns3:TrackPointExtension>
            <ns3:hr>123</ns3:hr>
          </ns3:TrackPointExtension>
        </extensions>
      </trkpt>
      <trkpt lat="52.24675015546381473541259765625" lon="4.46950435638427734375">
        <ele>28.200000762939453125</ele>
        <time>2025-04-20T08:58:08.000Z</time>
        <extensions>
          <ns3:TrackPointExtension>
            <ns3:hr>126</ns3:hr>
          </ns3:TrackPointExtension>
        </extensions>
      </trkpt>
      <trkpt lat="52.24687169305980205535888671875" lon="4.469740726053714752197265625">
        <ele>28.200000762939453125</ele>
        <time>2025-04-20T08:58:13.000Z</time>
        <extensions>
          <ns3:TrackPointExtension>
            <ns3:hr>126</ns3:hr>
          </ns3:TrackPointExtension>
        </extensions>
      </trkpt>
      <trkpt lat="52.24694176577031612396240234375" lon="4.46988129056990146636962890625">
        <ele>28.200000762939453125</ele>
        <time>2025-04-20T08:58:16.000Z</time>
        <extensions>
          <ns3:TrackPointExtension>
            <ns3:hr>123</ns3:hr>
          </ns3:TrackPointExtension>
        </extensions>
      </trkpt>
      <trkpt lat="52.2470898739993572235107421875" lon="4.47013459168374538421630859375">
        <ele>28</ele>
        <time>2025-04-20T08:58:22.000Z</time>
        <extensions>
          <ns3:TrackPointExtension>
            <ns3:hr>122</ns3:hr>
          </ns3:TrackPointExtension>
        </extensions>
      </trkpt>
      <trkpt lat="52.2473202086985111236572265625" lon="4.470481686294078826904296875">
        <ele>28.3999996185302734375</ele>
        <time>2025-04-20T08:58:31.000Z</time>
        <extensions>
          <ns3:TrackPointExtension>
            <ns3:hr>124</ns3:hr>
          </ns3:TrackPointExtension>
        </extensions>
      </trkpt>
      <trkpt lat="52.24743311293423175811767578125" lon="4.47068461216986179351806640625">
        <ele>28.3999996185302734375</ele>
        <time>2025-04-20T08:58:36.000Z</time>
        <extensions>
          <ns3:TrackPointExtension>
            <ns3:hr>127</ns3:hr>
          </ns3:TrackPointExtension>
        </extensions>
      </trkpt>
      <trkpt lat="52.24753067828714847564697265625" lon="4.47084973566234111785888671875">
        <ele>28.3999996185302734375</ele>
        <time>2025-04-20T08:58:40.000Z</time>
        <extensions>
          <ns3:TrackPointExtension>
            <ns3:hr>127</ns3:hr>
          </ns3:TrackPointExtension>
        </extensions>
      </trkpt>
      <trkpt lat="52.24776855669915676116943359375" lon="4.47122759185731410980224609375">
        <ele>28.3999996185302734375</ele>
        <time>2025-04-20T08:58:50.000Z</time>
        <extensions>
          <ns3:TrackPointExtension>
            <ns3:hr>127</ns3:hr>
          </ns3:TrackPointExtension>
        </extensions>
      </trkpt>
      <trkpt lat="52.24793954752385616302490234375" lon="4.471442587673664093017578125">
        <ele>28.200000762939453125</ele>
        <time>2025-04-20T08:58:57.000Z</time>
        <extensions>
          <ns3:TrackPointExtension>
            <ns3:hr>125</ns3:hr>
          </ns3:TrackPointExtension>
        </extensions>
      </trkpt>
      <trkpt lat="52.24815630353987216949462890625" lon="4.4716559909284114837646484375">
        <ele>28.6000003814697265625</ele>
        <time>2025-04-20T08:59:04.000Z</time>
        <extensions>
          <ns3:TrackPointExtension>
            <ns3:hr>123</ns3:hr>
          </ns3:TrackPointExtension>
        </extensions>
      </trkpt>
      <trkpt lat="52.2483079321682453155517578125" lon="4.47187232784926891326904296875">
        <ele>28.6000003814697265625</ele>
        <time>2025-04-20T08:59:10.000Z</time>
        <extensions>
          <ns3:TrackPointExtension>
            <ns3:hr>124</ns3:hr>
          </ns3:TrackPointExtension>
        </extensions>
      </trkpt>
      <trkpt lat="52.24848705343902111053466796875" lon="4.4721555523574352264404296875">
        <ele>28.6000003814697265625</ele>
        <time>2025-04-20T08:59:17.000Z</time>
        <extensions>
          <ns3:TrackPointExtension>
            <ns3:hr>126</ns3:hr>
          </ns3:TrackPointExtension>
        </extensions>
      </trkpt>
      <trkpt lat="52.248645387589931488037109375" lon="4.47239452041685581207275390625">
        <ele>28.3999996185302734375</ele>
        <time>2025-04-20T08:59:23.000Z</time>
        <extensions>
          <ns3:TrackPointExtension>
            <ns3:hr>128</ns3:hr>
          </ns3:TrackPointExtension>
        </extensions>
      </trkpt>
      <trkpt lat="52.24878461100161075592041015625" lon="4.47256165556609630584716796875">
        <ele>28.3999996185302734375</ele>
        <time>2025-04-20T08:59:27.000Z</time>
        <extensions>
          <ns3:TrackPointExtension>
            <ns3:hr>132</ns3:hr>
          </ns3:TrackPointExtension>
        </extensions>
      </trkpt>
      <trkpt lat="52.2488115169107913970947265625" lon="4.47260172106325626373291015625">
        <ele>28.6000003814697265625</ele>
        <time>2025-04-20T08:59:28.000Z</time>
        <extensions>
          <ns3:TrackPointExtension>
            <ns3:hr>131</ns3:hr>
          </ns3:TrackPointExtension>
        </extensions>
      </trkpt>
      <trkpt lat="52.248987369239330291748046875" lon="4.47292258031666278839111328125">
        <ele>28.6000003814697265625</ele>
        <time>2025-04-20T08:59:35.000Z</time>
        <extensions>
          <ns3:TrackPointExtension>
            <ns3:hr>129</ns3:hr>
          </ns3:TrackPointExtension>
        </extensions>
      </trkpt>
      <trkpt lat="52.24917235784232616424560546875" lon="4.47321544401347637176513671875">
        <ele>28.799999237060546875</ele>
        <time>2025-04-20T08:59:43.000Z</time>
        <extensions>
          <ns3:TrackPointExtension>
            <ns3:hr>127</ns3:hr>
          </ns3:TrackPointExtension>
        </extensions>
      </trkpt>
      <trkpt lat="52.24933630786836147308349609375" lon="4.47350227274000644683837890625">
        <ele>29</ele>
        <time>2025-04-20T08:59:50.000Z</time>
        <extensions>
          <ns3:TrackPointExtension>
            <ns3:hr>125</ns3:hr>
          </ns3:TrackPointExtension>
        </extensions>
      </trkpt>
      <trkpt lat="52.24942247383296489715576171875" lon="4.47373461909592151641845703125">
        <ele>28.799999237060546875</ele>
        <time>2025-04-20T08:59:55.000Z</time>
        <extensions>
          <ns3:TrackPointExtension>
            <ns3:hr>123</ns3:hr>
          </ns3:TrackPointExtension>
        </extensions>
      </trkpt>
      <trkpt lat="52.24952640943229198455810546875" lon="4.4739486090838909149169921875">
        <ele>28.799999237060546875</ele>
        <time>2025-04-20T09:00:00.000Z</time>
        <extensions>
          <ns3:TrackPointExtension>
            <ns3:hr>123</ns3:hr>
          </ns3:TrackPointExtension>
        </extensions>
      </trkpt>
      <trkpt lat="52.24954250268638134002685546875" lon="4.47399663738906383514404296875">
        <ele>28.799999237060546875</ele>
        <time>2025-04-20T09:00:01.000Z</time>
        <extensions>
          <ns3:TrackPointExtension>
            <ns3:hr>123</ns3:hr>
          </ns3:TrackPointExtension>
        </extensions>
      </trkpt>
      <trkpt lat="52.24965197034180164337158203125" lon="4.474186487495899200439453125">
        <ele>29</ele>
        <time>2025-04-20T09:00:06.000Z</time>
        <extensions>
          <ns3:TrackPointExtension>
            <ns3:hr>122</ns3:hr>
          </ns3:TrackPointExtension>
        </extensions>
      </trkpt>
      <trkpt lat="52.249777615070343017578125" lon="4.4744129665195941925048828125">
        <ele>28.799999237060546875</ele>
        <time>2025-04-20T09:00:11.000Z</time>
        <extensions>
          <ns3:TrackPointExtension>
            <ns3:hr>123</ns3:hr>
          </ns3:TrackPointExtension>
        </extensions>
      </trkpt>
      <trkpt lat="52.25003016181290149688720703125" lon="4.47482862509787082672119140625">
        <ele>28.799999237060546875</ele>
        <time>2025-04-20T09:00:20.000Z</time>
        <extensions>
          <ns3:TrackPointExtension>
            <ns3:hr>126</ns3:hr>
          </ns3:TrackPointExtension>
        </extensions>
      </trkpt>
      <trkpt lat="52.2500570677220821380615234375" lon="4.4748739711940288543701171875">
        <ele>28.799999237060546875</ele>
        <time>2025-04-20T09:00:21.000Z</time>
        <extensions>
          <ns3:TrackPointExtension>
            <ns3:hr>126</ns3:hr>
          </ns3:TrackPointExtension>
        </extensions>
      </trkpt>
      <trkpt lat="52.25025412626564502716064453125" lon="4.475190639495849609375">
        <ele>28.6000003814697265625</ele>
        <time>2025-04-20T09:00:28.000Z</time>
        <extensions>
          <ns3:TrackPointExtension>
            <ns3:hr>123</ns3:hr>
          </ns3:TrackPointExtension>
        </extensions>
      </trkpt>
      <trkpt lat="52.25044137798249721527099609375" lon="4.4755165278911590576171875">
        <ele>28.6000003814697265625</ele>
        <time>2025-04-20T09:00:35.000Z</time>
        <extensions>
          <ns3:TrackPointExtension>
            <ns3:hr>125</ns3:hr>
          </ns3:TrackPointExtension>
        </extensions>
      </trkpt>
      <trkpt lat="52.2505968622863292694091796875" lon="4.47587870992720127105712890625">
        <ele>28.799999237060546875</ele>
        <time>2025-04-20T09:00:42.000Z</time>
        <extensions>
          <ns3:TrackPointExtension>
            <ns3:hr>123</ns3:hr>
          </ns3:TrackPointExtension>
        </extensions>
      </trkpt>
      <trkpt lat="52.2507963515818119049072265625" lon="4.47607166133821010589599609375">
        <ele>28.799999237060546875</ele>
        <time>2025-04-20T09:00:48.000Z</time>
        <extensions>
          <ns3:TrackPointExtension>
            <ns3:hr>120</ns3:hr>
          </ns3:TrackPointExtension>
        </extensions>
      </trkpt>
      <trkpt lat="52.25099676288664340972900390625" lon="4.4762633554637432098388671875">
        <ele>28.799999237060546875</ele>
        <time>2025-04-20T09:00:56.000Z</time>
        <extensions>
          <ns3:TrackPointExtension>
            <ns3:hr>122</ns3:hr>
          </ns3:TrackPointExtension>
        </extensions>
      </trkpt>
      <trkpt lat="52.25116590969264507293701171875" lon="4.47644080035388469696044921875">
        <ele>28.799999237060546875</ele>
        <time>2025-04-20T09:01:03.000Z</time>
        <extensions>
          <ns3:TrackPointExtension>
            <ns3:hr>123</ns3:hr>
          </ns3:TrackPointExtension>
        </extensions>
      </trkpt>
      <trkpt lat="52.2511710226535797119140625" lon="4.4764511100947856903076171875">
        <ele>28.799999237060546875</ele>
        <time>2025-04-20T09:01:06.000Z</time>
        <extensions>
          <ns3:TrackPointExtension>
            <ns3:hr>123</ns3:hr>
          </ns3:TrackPointExtension>
        </extensions>
      </trkpt>
      <trkpt lat="52.2511710226535797119140625" lon="4.4764511100947856903076171875">
        <ele>29</ele>
        <time>2025-04-20T09:01:16.000Z</time>
        <extensions>
          <ns3:TrackPointExtension>
            <ns3:hr>122</ns3:hr>
          </ns3:TrackPointExtension>
        </extensions>
      </trkpt>
      <trkpt lat="52.25118988193571567535400390625" lon="4.4764843024313449859619140625">
        <ele>28.799999237060546875</ele>
        <time>2025-04-20T09:01:20.000Z</time>
        <extensions>
          <ns3:TrackPointExtension>
            <ns3:hr>121</ns3:hr>
          </ns3:TrackPointExtension>
        </extensions>
      </trkpt>
      <trkpt lat="52.2512161172926425933837890625" lon="4.47653383947908878326416015625">
        <ele>28.799999237060546875</ele>
        <time>2025-04-20T09:01:22.000Z</time>
        <extensions>
          <ns3:TrackPointExtension>
            <ns3:hr>122</ns3:hr>
          </ns3:TrackPointExtension>
        </extensions>
      </trkpt>
      <trkpt lat="52.25129767321050167083740234375" lon="4.47668354026973247528076171875">
        <ele>29</ele>
        <time>2025-04-20T09:01:27.000Z</time>
        <extensions>
          <ns3:TrackPointExtension>
            <ns3:hr>125</ns3:hr>
          </ns3:TrackPointExtension>
        </extensions>
      </trkpt>
      <trkpt lat="52.2513254173099994659423828125" lon="4.47670273482799530029296875">
        <ele>29</ele>
        <time>2025-04-20T09:01:28.000Z</time>
        <extensions>
          <ns3:TrackPointExtension>
            <ns3:hr>125</ns3:hr>
          </ns3:TrackPointExtension>
        </extensions>
      </trkpt>
      <trkpt lat="52.2513545863330364227294921875" lon="4.47670751251280307769775390625">
        <ele>29.200000762939453125</ele>
        <time>2025-04-20T09:01:29.000Z</time>
        <extensions>
          <ns3:TrackPointExtension>
            <ns3:hr>125</ns3:hr>
          </ns3:TrackPointExtension>
        </extensions>
      </trkpt>
      <trkpt lat="52.25145592354238033294677734375" lon="4.47668706066906452178955078125">
        <ele>29.3999996185302734375</ele>
        <time>2025-04-20T09:01:33.000Z</time>
        <extensions>
          <ns3:TrackPointExtension>
            <ns3:hr>125</ns3:hr>
          </ns3:TrackPointExtension>
        </extensions>
      </trkpt>
      <trkpt lat="52.251598499715328216552734375" lon="4.47667214088141918182373046875">
        <ele>30</ele>
        <time>2025-04-20T09:01:41.000Z</time>
        <extensions>
          <ns3:TrackPointExtension>
            <ns3:hr>125</ns3:hr>
          </ns3:TrackPointExtension>
        </extensions>
      </trkpt>
      <trkpt lat="52.251619286835193634033203125" lon="4.4766140542924404144287109375">
        <ele>29.799999237060546875</ele>
        <time>2025-04-20T09:01:49.000Z</time>
        <extensions>
          <ns3:TrackPointExtension>
            <ns3:hr>126</ns3:hr>
          </ns3:TrackPointExtension>
        </extensions>
      </trkpt>
      <trkpt lat="52.25163973867893218994140625" lon="4.4765706360340118408203125">
        <ele>29.6000003814697265625</ele>
        <time>2025-04-20T09:01:52.000Z</time>
        <extensions>
          <ns3:TrackPointExtension>
            <ns3:hr>126</ns3:hr>
          </ns3:TrackPointExtension>
        </extensions>
      </trkpt>
      <trkpt lat="52.2516734339296817779541015625" lon="4.476471729576587677001953125">
        <ele>29.6000003814697265625</ele>
        <time>2025-04-20T09:01:55.000Z</time>
        <extensions>
          <ns3:TrackPointExtension>
            <ns3:hr>126</ns3:hr>
          </ns3:TrackPointExtension>
        </extensions>
      </trkpt>
      <trkpt lat="52.25177678279578685760498046875" lon="4.47625120170414447784423828125">
        <ele>29.6000003814697265625</ele>
        <time>2025-04-20T09:02:02.000Z</time>
        <extensions>
          <ns3:TrackPointExtension>
            <ns3:hr>126</ns3:hr>
          </ns3:TrackPointExtension>
        </extensions>
      </trkpt>
      <trkpt lat="52.25183746777474880218505859375" lon="4.47631004266440868377685546875">
        <ele>29.3999996185302734375</ele>
        <time>2025-04-20T09:02:05.000Z</time>
        <extensions>
          <ns3:TrackPointExtension>
            <ns3:hr>126</ns3:hr>
          </ns3:TrackPointExtension>
        </extensions>
      </trkpt>
      <trkpt lat="52.25203268229961395263671875" lon="4.47659502737224102020263671875">
        <ele>29.3999996185302734375</ele>
        <time>2025-04-20T09:02:14.000Z</time>
        <extensions>
          <ns3:TrackPointExtension>
            <ns3:hr>123</ns3:hr>
          </ns3:TrackPointExtension>
        </extensions>
      </trkpt>
      <trkpt lat="52.2521733306348323822021484375" lon="4.4767159782350063323974609375">
        <ele>29.6000003814697265625</ele>
        <time>2025-04-20T09:02:22.000Z</time>
        <extensions>
          <ns3:TrackPointExtension>
            <ns3:hr>125</ns3:hr>
          </ns3:TrackPointExtension>
        </extensions>
      </trkpt>
      <trkpt lat="52.25218531675636768341064453125" lon="4.4767127931118011474609375">
        <ele>29.200000762939453125</ele>
        <time>2025-04-20T09:02:32.000Z</time>
        <extensions>
          <ns3:TrackPointExtension>
            <ns3:hr>125</ns3:hr>
          </ns3:TrackPointExtension>
        </extensions>
      </trkpt>
      <trkpt lat="52.2522028349339962005615234375" lon="4.47672360576689243316650390625">
        <ele>29.200000762939453125</ele>
        <time>2025-04-20T09:02:34.000Z</time>
        <extensions>
          <ns3:TrackPointExtension>
            <ns3:hr>124</ns3:hr>
          </ns3:TrackPointExtension>
        </extensions>
      </trkpt>
      <trkpt lat="52.2522206045687198638916015625" lon="4.47677590884268283843994140625">
        <ele>29.200000762939453125</ele>
        <time>2025-04-20T09:02:39.000Z</time>
        <extensions>
          <ns3:TrackPointExtension>
            <ns3:hr>125</ns3:hr>
          </ns3:TrackPointExtension>
        </extensions>
      </trkpt>
      <trkpt lat="52.2522206045687198638916015625" lon="4.47677590884268283843994140625">
        <ele>29.3999996185302734375</ele>
        <time>2025-04-20T09:02:44.000Z</time>
        <extensions>
          <ns3:TrackPointExtension>
            <ns3:hr>128</ns3:hr>
          </ns3:TrackPointExtension>
        </extensions>
      </trkpt>
      <trkpt lat="52.25222471170127391815185546875" lon="4.47677859105169773101806640625">
        <ele>29.3999996185302734375</ele>
        <time>2025-04-20T09:02:47.000Z</time>
        <extensions>
          <ns3:TrackPointExtension>
            <ns3:hr>129</ns3:hr>
          </ns3:TrackPointExtension>
        </extensions>
      </trkpt>
      <trkpt lat="52.25225287489593029022216796875" lon="4.4768135435879230499267578125">
        <ele>29.200000762939453125</ele>
        <time>2025-04-20T09:02:50.000Z</time>
        <extensions>
          <ns3:TrackPointExtension>
            <ns3:hr>129</ns3:hr>
          </ns3:TrackPointExtension>
        </extensions>
      </trkpt>
      <trkpt lat="52.25229210220277309417724609375" lon="4.47685159742832183837890625">
        <ele>29.200000762939453125</ele>
        <time>2025-04-20T09:02:54.000Z</time>
        <extensions>
          <ns3:TrackPointExtension>
            <ns3:hr>129</ns3:hr>
          </ns3:TrackPointExtension>
        </extensions>
      </trkpt>
      <trkpt lat="52.25235697813332080841064453125" lon="4.47691085748374462127685546875">
        <ele>29.200000762939453125</ele>
        <time>2025-04-20T09:03:01.000Z</time>
        <extensions>
          <ns3:TrackPointExtension>
            <ns3:hr>128</ns3:hr>
          </ns3:TrackPointExtension>
        </extensions>
      </trkpt>
      <trkpt lat="52.25239251740276813507080078125" lon="4.47694203816354274749755859375">
        <ele>29.200000762939453125</ele>
        <time>2025-04-20T09:03:05.000Z</time>
        <extensions>
          <ns3:TrackPointExtension>
            <ns3:hr>132</ns3:hr>
          </ns3:TrackPointExtension>
        </extensions>
      </trkpt>
      <trkpt lat="52.2524184174835681915283203125" lon="4.47697229683399200439453125">
        <ele>29.200000762939453125</ele>
        <time>2025-04-20T09:03:08.000Z</time>
        <extensions>
          <ns3:TrackPointExtension>
            <ns3:hr>133</ns3:hr>
          </ns3:TrackPointExtension>
        </extensions>
      </trkpt>
      <trkpt lat="52.2524626739323139190673828125" lon="4.47702468372881412506103515625">
        <ele>29.200000762939453125</ele>
        <time>2025-04-20T09:03:13.000Z</time>
        <extensions>
          <ns3:TrackPointExtension>
            <ns3:hr>137</ns3:hr>
          </ns3:TrackPointExtension>
        </extensions>
      </trkpt>
      <trkpt lat="52.2524787671864032745361328125" lon="4.47704605758190155029296875">
        <ele>29</ele>
        <time>2025-04-20T09:03:15.000Z</time>
        <extensions>
          <ns3:TrackPointExtension>
            <ns3:hr>138</ns3:hr>
          </ns3:TrackPointExtension>
        </extensions>
      </trkpt>
      <trkpt lat="52.2524928487837314605712890625" lon="4.47706122882664203643798828125">
        <ele>29.200000762939453125</ele>
        <time>2025-04-20T09:03:21.000Z</time>
        <extensions>
          <ns3:TrackPointExtension>
            <ns3:hr>139</ns3:hr>
          </ns3:TrackPointExtension>
        </extensions>
      </trkpt>
      <trkpt lat="52.2524898312985897064208984375" lon="4.47706189937889575958251953125">
        <ele>29.3999996185302734375</ele>
        <time>2025-04-20T09:03:30.000Z</time>
        <extensions>
          <ns3:TrackPointExtension>
            <ns3:hr>137</ns3:hr>
          </ns3:TrackPointExtension>
        </extensions>
      </trkpt>
      <trkpt lat="52.2524878196418285369873046875" lon="4.477059133350849151611328125">
        <ele>29.3999996185302734375</ele>
        <time>2025-04-20T09:03:37.000Z</time>
        <extensions>
          <ns3:TrackPointExtension>
            <ns3:hr>136</ns3:hr>
          </ns3:TrackPointExtension>
        </extensions>
      </trkpt>
      <trkpt lat="52.2524878196418285369873046875" lon="4.477059133350849151611328125">
        <ele>29</ele>
        <time>2025-04-20T09:03:44.000Z</time>
        <extensions>
          <ns3:TrackPointExtension>
            <ns3:hr>133</ns3:hr>
          </ns3:TrackPointExtension>
        </extensions>
      </trkpt>
      <trkpt lat="52.25248421542346477508544921875" lon="4.4770609773695468902587890625">
        <ele>29</ele>
        <time>2025-04-20T09:03:47.000Z</time>
        <extensions>
          <ns3:TrackPointExtension>
            <ns3:hr>130</ns3:hr>
          </ns3:TrackPointExtension>
        </extensions>
      </trkpt>
      <trkpt lat="52.25247859954833984375" lon="4.477059803903102874755859375">
        <ele>29</ele>
        <time>2025-04-20T09:03:48.000Z</time>
        <extensions>
          <ns3:TrackPointExtension>
            <ns3:hr>128</ns3:hr>
          </ns3:TrackPointExtension>
        </extensions>
      </trkpt>
      <trkpt lat="52.25246326066553592681884765625" lon="4.47704748250544071197509765625">
        <ele>29</ele>
        <time>2025-04-20T09:03:50.000Z</time>
        <extensions>
          <ns3:TrackPointExtension>
            <ns3:hr>125</ns3:hr>
          </ns3:TrackPointExtension>
        </extensions>
      </trkpt>
      <trkpt lat="52.25242772139608860015869140625" lon="4.476999454200267791748046875">
        <ele>29</ele>
        <time>2025-04-20T09:03:55.000Z</time>
        <extensions>
          <ns3:TrackPointExtension>
            <ns3:hr>124</ns3:hr>
          </ns3:TrackPointExtension>
        </extensions>
      </trkpt>
      <trkpt lat="52.2524040006101131439208984375" lon="4.476974643766880035400390625">
        <ele>29</ele>
        <time>2025-04-20T09:03:57.000Z</time>
        <extensions>
          <ns3:TrackPointExtension>
            <ns3:hr>124</ns3:hr>
          </ns3:TrackPointExtension>
        </extensions>
      </trkpt>
      <trkpt lat="52.252363599836826324462890625" lon="4.47694681584835052490234375">
        <ele>29</ele>
        <time>2025-04-20T09:04:01.000Z</time>
        <extensions>
          <ns3:TrackPointExtension>
            <ns3:hr>125</ns3:hr>
          </ns3:TrackPointExtension>
        </extensions>
      </trkpt>
      <trkpt lat="52.25234842859208583831787109375" lon="4.47693214751780033111572265625">
        <ele>29</ele>
        <time>2025-04-20T09:04:03.000Z</time>
        <extensions>
          <ns3:TrackPointExtension>
            <ns3:hr>126</ns3:hr>
          </ns3:TrackPointExtension>
        </extensions>
      </trkpt>
      <trkpt lat="52.2523382864892482757568359375" lon="4.4769275374710559844970703125">
        <ele>29.200000762939453125</ele>
        <time>2025-04-20T09:04:04.000Z</time>
        <extensions>
          <ns3:TrackPointExtension>
            <ns3:hr>126</ns3:hr>
          </ns3:TrackPointExtension>
        </extensions>
      </trkpt>
      <trkpt lat="52.2522948682308197021484375" lon="4.4768737256526947021484375">
        <ele>29.200000762939453125</ele>
        <time>2025-04-20T09:04:09.000Z</time>
        <extensions>
          <ns3:TrackPointExtension>
            <ns3:hr>130</ns3:hr>
          </ns3:TrackPointExtension>
        </extensions>
      </trkpt>
      <trkpt lat="52.252274416387081146240234375" lon="4.476829804480075836181640625">
        <ele>29.200000762939453125</ele>
        <time>2025-04-20T09:04:12.000Z</time>
        <extensions>
          <ns3:TrackPointExtension>
            <ns3:hr>133</ns3:hr>
          </ns3:TrackPointExtension>
        </extensions>
      </trkpt>
      <trkpt lat="52.25226603448390960693359375" lon="4.47681781835854053497314453125">
        <ele>29.200000762939453125</ele>
        <time>2025-04-20T09:04:13.000Z</time>
        <extensions>
          <ns3:TrackPointExtension>
            <ns3:hr>133</ns3:hr>
          </ns3:TrackPointExtension>
        </extensions>
      </trkpt>
      <trkpt lat="52.25225773639976978302001953125" lon="4.476809687912464141845703125">
        <ele>29.200000762939453125</ele>
        <time>2025-04-20T09:04:14.000Z</time>
        <extensions>
          <ns3:TrackPointExtension>
            <ns3:hr>137</ns3:hr>
          </ns3:TrackPointExtension>
        </extensions>
      </trkpt>
      <trkpt lat="52.25224516354501247406005859375" lon="4.476802647113800048828125">
        <ele>29.200000762939453125</ele>
        <time>2025-04-20T09:04:15.000Z</time>
        <extensions>
          <ns3:TrackPointExtension>
            <ns3:hr>140</ns3:hr>
          </ns3:TrackPointExtension>
        </extensions>
      </trkpt>
      <trkpt lat="52.2522363625466823577880859375" lon="4.4767937622964382171630859375">
        <ele>29.200000762939453125</ele>
        <time>2025-04-20T09:04:16.000Z</time>
        <extensions>
          <ns3:TrackPointExtension>
            <ns3:hr>140</ns3:hr>
          </ns3:TrackPointExtension>
        </extensions>
      </trkpt>
      <trkpt lat="52.25219286046922206878662109375" lon="4.47675026021897792816162109375">
        <ele>29.3999996185302734375</ele>
        <time>2025-04-20T09:04:21.000Z</time>
        <extensions>
          <ns3:TrackPointExtension>
            <ns3:hr>142</ns3:hr>
          </ns3:TrackPointExtension>
        </extensions>
      </trkpt>
      <trkpt lat="52.2521746717393398284912109375" lon="4.4767350889742374420166015625">
        <ele>29.3999996185302734375</ele>
        <time>2025-04-20T09:04:28.000Z</time>
        <extensions>
          <ns3:TrackPointExtension>
            <ns3:hr>141</ns3:hr>
          </ns3:TrackPointExtension>
        </extensions>
      </trkpt>
      <trkpt lat="52.252154387533664703369140625" lon="4.476719163358211517333984375">
        <ele>29.3999996185302734375</ele>
        <time>2025-04-20T09:04:31.000Z</time>
        <extensions>
          <ns3:TrackPointExtension>
            <ns3:hr>141</ns3:hr>
          </ns3:TrackPointExtension>
        </extensions>
      </trkpt>
      <trkpt lat="52.2521545551717281341552734375" lon="4.47671555913984775543212890625">
        <ele>29.3999996185302734375</ele>
        <time>2025-04-20T09:04:32.000Z</time>
        <extensions>
          <ns3:TrackPointExtension>
            <ns3:hr>142</ns3:hr>
          </ns3:TrackPointExtension>
        </extensions>
      </trkpt>
      <trkpt lat="52.2521545551717281341552734375" lon="4.47671555913984775543212890625">
        <ele>29.3999996185302734375</ele>
        <time>2025-04-20T09:04:36.000Z</time>
        <extensions>
          <ns3:TrackPointExtension>
            <ns3:hr>145</ns3:hr>
          </ns3:TrackPointExtension>
        </extensions>
      </trkpt>
      <trkpt lat="52.25215380080044269561767578125" lon="4.47671874426305294036865234375">
        <ele>29.3999996185302734375</ele>
        <time>2025-04-20T09:04:42.000Z</time>
        <extensions>
          <ns3:TrackPointExtension>
            <ns3:hr>143</ns3:hr>
          </ns3:TrackPointExtension>
        </extensions>
      </trkpt>
      <trkpt lat="52.25215380080044269561767578125" lon="4.47671874426305294036865234375">
        <ele>29.3999996185302734375</ele>
        <time>2025-04-20T09:04:46.000Z</time>
        <extensions>
          <ns3:TrackPointExtension>
            <ns3:hr>140</ns3:hr>
          </ns3:TrackPointExtension>
        </extensions>
      </trkpt>
      <trkpt lat="52.25215380080044269561767578125" lon="4.47671874426305294036865234375">
        <ele>29.6000003814697265625</ele>
        <time>2025-04-20T09:04:50.000Z</time>
        <extensions>
          <ns3:TrackPointExtension>
            <ns3:hr>136</ns3:hr>
          </ns3:TrackPointExtension>
        </extensions>
      </trkpt>
      <trkpt lat="52.25215380080044269561767578125" lon="4.47671874426305294036865234375">
        <ele>29.799999237060546875</ele>
        <time>2025-04-20T09:04:52.000Z</time>
        <extensions>
          <ns3:TrackPointExtension>
            <ns3:hr>133</ns3:hr>
          </ns3:TrackPointExtension>
        </extensions>
      </trkpt>
      <trkpt lat="52.25215380080044269561767578125" lon="4.47671874426305294036865234375">
        <ele>30</ele>
        <time>2025-04-20T09:04:54.000Z</time>
        <extensions>
          <ns3:TrackPointExtension>
            <ns3:hr>130</ns3:hr>
          </ns3:TrackPointExtension>
        </extensions>
      </trkpt>
      <trkpt lat="52.252151705324649810791015625" lon="4.47672377340495586395263671875">
        <ele>30</ele>
        <time>2025-04-20T09:04:56.000Z</time>
        <extensions>
          <ns3:TrackPointExtension>
            <ns3:hr>126</ns3:hr>
          </ns3:TrackPointExtension>
        </extensions>
      </trkpt>
      <trkpt lat="52.252151705324649810791015625" lon="4.47672377340495586395263671875">
        <ele>29.799999237060546875</ele>
        <time>2025-04-20T09:04:59.000Z</time>
        <extensions>
          <ns3:TrackPointExtension>
            <ns3:hr>123</ns3:hr>
          </ns3:TrackPointExtension>
        </extensions>
      </trkpt>
      <trkpt lat="52.252151705324649810791015625" lon="4.47672377340495586395263671875">
        <ele>29.6000003814697265625</ele>
        <time>2025-04-20T09:05:02.000Z</time>
        <extensions>
          <ns3:TrackPointExtension>
            <ns3:hr>122</ns3:hr>
          </ns3:TrackPointExtension>
        </extensions>
      </trkpt>
      <trkpt lat="52.25216000340878963470458984375" lon="4.4767404533922672271728515625">
        <ele>29.6000003814697265625</ele>
        <time>2025-04-20T09:05:11.000Z</time>
        <extensions>
          <ns3:TrackPointExtension>
            <ns3:hr>121</ns3:hr>
          </ns3:TrackPointExtension>
        </extensions>
      </trkpt>
      <trkpt lat="52.25216000340878963470458984375" lon="4.4767404533922672271728515625">
        <ele>29.6000003814697265625</ele>
        <time>2025-04-20T09:05:29.000Z</time>
        <extensions>
          <ns3:TrackPointExtension>
            <ns3:hr>120</ns3:hr>
          </ns3:TrackPointExtension>
        </extensions>
      </trkpt>
      <trkpt lat="52.2521535493433475494384765625" lon="4.4767290540039539337158203125">
        <ele>29.6000003814697265625</ele>
        <time>2025-04-20T09:05:45.000Z</time>
        <extensions>
          <ns3:TrackPointExtension>
            <ns3:hr>120</ns3:hr>
          </ns3:TrackPointExtension>
        </extensions>
      </trkpt>
      <trkpt lat="52.2521622665226459503173828125" lon="4.47671069763600826263427734375">
        <ele>29.6000003814697265625</ele>
        <time>2025-04-20T09:05:50.000Z</time>
        <extensions>
          <ns3:TrackPointExtension>
            <ns3:hr>121</ns3:hr>
          </ns3:TrackPointExtension>
        </extensions>
      </trkpt>
      <trkpt lat="52.25216251797974109649658203125" lon="4.4767139665782451629638671875">
        <ele>29.6000003814697265625</ele>
        <time>2025-04-20T09:05:54.000Z</time>
        <extensions>
          <ns3:TrackPointExtension>
            <ns3:hr>118</ns3:hr>
          </ns3:TrackPointExtension>
        </extensions>
      </trkpt>
      <trkpt lat="52.25215162150561809539794921875" lon="4.47671270929276943206787109375">
        <ele>29.6000003814697265625</ele>
        <time>2025-04-20T09:05:56.000Z</time>
        <extensions>
          <ns3:TrackPointExtension>
            <ns3:hr>118</ns3:hr>
          </ns3:TrackPointExtension>
        </extensions>
      </trkpt>
      <trkpt lat="52.25214910693466663360595703125" lon="4.47670768015086650848388671875">
        <ele>29.6000003814697265625</ele>
        <time>2025-04-20T09:06:02.000Z</time>
        <extensions>
          <ns3:TrackPointExtension>
            <ns3:hr>119</ns3:hr>
          </ns3:TrackPointExtension>
        </extensions>
      </trkpt>
      <trkpt lat="52.25211440585553646087646484375" lon="4.47668588720262050628662109375">
        <ele>29.6000003814697265625</ele>
        <time>2025-04-20T09:06:07.000Z</time>
        <extensions>
          <ns3:TrackPointExtension>
            <ns3:hr>117</ns3:hr>
          </ns3:TrackPointExtension>
        </extensions>
      </trkpt>
      <trkpt lat="52.2520965524017810821533203125" lon="4.47667348198592662811279296875">
        <ele>29.6000003814697265625</ele>
        <time>2025-04-20T09:06:08.000Z</time>
        <extensions>
          <ns3:TrackPointExtension>
            <ns3:hr>116</ns3:hr>
          </ns3:TrackPointExtension>
        </extensions>
      </trkpt>
      <trkpt lat="52.25194777362048625946044921875" lon="4.47652730159461498260498046875">
        <ele>29.799999237060546875</ele>
        <time>2025-04-20T09:06:15.000Z</time>
        <extensions>
          <ns3:TrackPointExtension>
            <ns3:hr>115</ns3:hr>
          </ns3:TrackPointExtension>
        </extensions>
      </trkpt>
      <trkpt lat="52.25176580250263214111328125" lon="4.4762103818356990814208984375">
        <ele>29.6000003814697265625</ele>
        <time>2025-04-20T09:06:23.000Z</time>
        <extensions>
          <ns3:TrackPointExtension>
            <ns3:hr>115</ns3:hr>
          </ns3:TrackPointExtension>
        </extensions>
      </trkpt>
      <trkpt lat="52.25171727128326892852783203125" lon="4.47592648677527904510498046875">
        <ele>29.6000003814697265625</ele>
        <time>2025-04-20T09:06:28.000Z</time>
        <extensions>
          <ns3:TrackPointExtension>
            <ns3:hr>116</ns3:hr>
          </ns3:TrackPointExtension>
        </extensions>
      </trkpt>
      <trkpt lat="52.25178214721381664276123046875" lon="4.47568240575492382049560546875">
        <ele>29.6000003814697265625</ele>
        <time>2025-04-20T09:06:33.000Z</time>
        <extensions>
          <ns3:TrackPointExtension>
            <ns3:hr>116</ns3:hr>
          </ns3:TrackPointExtension>
        </extensions>
      </trkpt>
      <trkpt lat="52.25192095153033733367919921875" lon="4.4753245823085308074951171875">
        <ele>29.6000003814697265625</ele>
        <time>2025-04-20T09:06:41.000Z</time>
        <extensions>
          <ns3:TrackPointExtension>
            <ns3:hr>119</ns3:hr>
          </ns3:TrackPointExtension>
        </extensions>
      </trkpt>
      <trkpt lat="52.25212781690061092376708984375" lon="4.4748800061643123626708984375">
        <ele>29.799999237060546875</ele>
        <time>2025-04-20T09:06:51.000Z</time>
        <extensions>
          <ns3:TrackPointExtension>
            <ns3:hr>120</ns3:hr>
          </ns3:TrackPointExtension>
        </extensions>
      </trkpt>
      <trkpt lat="52.25238463841378688812255859375" lon="4.47436091490089893341064453125">
        <ele>30</ele>
        <time>2025-04-20T09:07:02.000Z</time>
        <extensions>
          <ns3:TrackPointExtension>
            <ns3:hr>120</ns3:hr>
          </ns3:TrackPointExtension>
        </extensions>
      </trkpt>
      <trkpt lat="52.25243828259408473968505859375" lon="4.47424826212227344512939453125">
        <ele>30.200000762939453125</ele>
        <time>2025-04-20T09:07:04.000Z</time>
        <extensions>
          <ns3:TrackPointExtension>
            <ns3:hr>120</ns3:hr>
          </ns3:TrackPointExtension>
        </extensions>
      </trkpt>
      <trkpt lat="52.2527186572551727294921875" lon="4.47371182031929492950439453125">
        <ele>29.6000003814697265625</ele>
        <time>2025-04-20T09:07:15.000Z</time>
        <extensions>
          <ns3:TrackPointExtension>
            <ns3:hr>122</ns3:hr>
          </ns3:TrackPointExtension>
        </extensions>
      </trkpt>
      <trkpt lat="52.2528888098895549774169921875" lon="4.473355673253536224365234375">
        <ele>29.6000003814697265625</ele>
        <time>2025-04-20T09:07:22.000Z</time>
        <extensions>
          <ns3:TrackPointExtension>
            <ns3:hr>125</ns3:hr>
          </ns3:TrackPointExtension>
        </extensions>
      </trkpt>
      <trkpt lat="52.253018729388713836669921875" lon="4.47307999245822429656982421875">
        <ele>29.6000003814697265625</ele>
        <time>2025-04-20T09:07:27.000Z</time>
        <extensions>
          <ns3:TrackPointExtension>
            <ns3:hr>126</ns3:hr>
          </ns3:TrackPointExtension>
        </extensions>
      </trkpt>
      <trkpt lat="52.25309039466083049774169921875" lon="4.47292962111532688140869140625">
        <ele>29.200000762939453125</ele>
        <time>2025-04-20T09:07:30.000Z</time>
        <extensions>
          <ns3:TrackPointExtension>
            <ns3:hr>126</ns3:hr>
          </ns3:TrackPointExtension>
        </extensions>
      </trkpt>
      <trkpt lat="52.253184355795383453369140625" lon="4.47273264639079570770263671875">
        <ele>28.6000003814697265625</ele>
        <time>2025-04-20T09:07:34.000Z</time>
        <extensions>
          <ns3:TrackPointExtension>
            <ns3:hr>123</ns3:hr>
          </ns3:TrackPointExtension>
        </extensions>
      </trkpt>
      <trkpt lat="52.25324369966983795166015625" lon="4.47259937413036823272705078125">
        <ele>28.6000003814697265625</ele>
        <time>2025-04-20T09:07:37.000Z</time>
        <extensions>
          <ns3:TrackPointExtension>
            <ns3:hr>123</ns3:hr>
          </ns3:TrackPointExtension>
        </extensions>
      </trkpt>
      <trkpt lat="52.2532901354134082794189453125" lon="4.47253081016242504119873046875">
        <ele>28.6000003814697265625</ele>
        <time>2025-04-20T09:07:39.000Z</time>
        <extensions>
          <ns3:TrackPointExtension>
            <ns3:hr>123</ns3:hr>
          </ns3:TrackPointExtension>
        </extensions>
      </trkpt>
      <trkpt lat="52.25335341878235340118408203125" lon="4.47252427227795124053955078125">
        <ele>28.799999237060546875</ele>
        <time>2025-04-20T09:07:41.000Z</time>
        <extensions>
          <ns3:TrackPointExtension>
            <ns3:hr>123</ns3:hr>
          </ns3:TrackPointExtension>
        </extensions>
      </trkpt>
      <trkpt lat="52.25350060500204563140869140625" lon="4.47264899499714374542236328125">
        <ele>28.799999237060546875</ele>
        <time>2025-04-20T09:07:46.000Z</time>
        <extensions>
          <ns3:TrackPointExtension>
            <ns3:hr>122</ns3:hr>
          </ns3:TrackPointExtension>
        </extensions>
      </trkpt>
      <trkpt lat="52.2536860965192317962646484375" lon="4.47277128696441650390625">
        <ele>28.6000003814697265625</ele>
        <time>2025-04-20T09:07:52.000Z</time>
        <extensions>
          <ns3:TrackPointExtension>
            <ns3:hr>122</ns3:hr>
          </ns3:TrackPointExtension>
        </extensions>
      </trkpt>
      <trkpt lat="52.2538319416344165802001953125" lon="4.47263248264789581298828125">
        <ele>28.799999237060546875</ele>
        <time>2025-04-20T09:07:57.000Z</time>
        <extensions>
          <ns3:TrackPointExtension>
            <ns3:hr>122</ns3:hr>
          </ns3:TrackPointExtension>
        </extensions>
      </trkpt>
      <trkpt lat="52.25403637625277042388916015625" lon="4.472297541797161102294921875">
        <ele>29</ele>
        <time>2025-04-20T09:08:05.000Z</time>
        <extensions>
          <ns3:TrackPointExtension>
            <ns3:hr>124</ns3:hr>
          </ns3:TrackPointExtension>
        </extensions>
      </trkpt>
      <trkpt lat="52.254125811159610748291015625" lon="4.47216150350868701934814453125">
        <ele>29</ele>
        <time>2025-04-20T09:08:08.000Z</time>
        <extensions>
          <ns3:TrackPointExtension>
            <ns3:hr>127</ns3:hr>
          </ns3:TrackPointExtension>
        </extensions>
      </trkpt>
      <trkpt lat="52.25441624410450458526611328125" lon="4.47168566286563873291015625">
        <ele>29</ele>
        <time>2025-04-20T09:08:19.000Z</time>
        <extensions>
          <ns3:TrackPointExtension>
            <ns3:hr>127</ns3:hr>
          </ns3:TrackPointExtension>
        </extensions>
      </trkpt>
      <trkpt lat="52.25462562404572963714599609375" lon="4.47138349525630474090576171875">
        <ele>28.3999996185302734375</ele>
        <time>2025-04-20T09:08:26.000Z</time>
        <extensions>
          <ns3:TrackPointExtension>
            <ns3:hr>130</ns3:hr>
          </ns3:TrackPointExtension>
        </extensions>
      </trkpt>
      <trkpt lat="52.2547851316630840301513671875" lon="4.47114729322493076324462890625">
        <ele>28.3999996185302734375</ele>
        <time>2025-04-20T09:08:31.000Z</time>
        <extensions>
          <ns3:TrackPointExtension>
            <ns3:hr>132</ns3:hr>
          </ns3:TrackPointExtension>
        </extensions>
      </trkpt>
      <trkpt lat="52.2548880614340305328369140625" lon="4.47101150639355182647705078125">
        <ele>28.6000003814697265625</ele>
        <time>2025-04-20T09:08:34.000Z</time>
        <extensions>
          <ns3:TrackPointExtension>
            <ns3:hr>129</ns3:hr>
          </ns3:TrackPointExtension>
        </extensions>
      </trkpt>
      <trkpt lat="52.25518788211047649383544921875" lon="4.4705857895314693450927734375">
        <ele>28.3999996185302734375</ele>
        <time>2025-04-20T09:08:43.000Z</time>
        <extensions>
          <ns3:TrackPointExtension>
            <ns3:hr>128</ns3:hr>
          </ns3:TrackPointExtension>
        </extensions>
      </trkpt>
      <trkpt lat="52.25543883629143238067626953125" lon="4.47023701854050159454345703125">
        <ele>28.200000762939453125</ele>
        <time>2025-04-20T09:08:51.000Z</time>
        <extensions>
          <ns3:TrackPointExtension>
            <ns3:hr>128</ns3:hr>
          </ns3:TrackPointExtension>
        </extensions>
      </trkpt>
      <trkpt lat="52.25551142357289791107177734375" lon="4.47013542987406253814697265625">
        <ele>28</ele>
        <time>2025-04-20T09:08:53.000Z</time>
        <extensions>
          <ns3:TrackPointExtension>
            <ns3:hr>127</ns3:hr>
          </ns3:TrackPointExtension>
        </extensions>
      </trkpt>
      <trkpt lat="52.2556273452937602996826171875" lon="4.46996946819126605987548828125">
        <ele>28</ele>
        <time>2025-04-20T09:08:57.000Z</time>
        <extensions>
          <ns3:TrackPointExtension>
            <ns3:hr>125</ns3:hr>
          </ns3:TrackPointExtension>
        </extensions>
      </trkpt>
      <trkpt lat="52.2556960768997669219970703125" lon="4.469911716878414154052734375">
        <ele>28</ele>
        <time>2025-04-20T09:08:59.000Z</time>
        <extensions>
          <ns3:TrackPointExtension>
            <ns3:hr>126</ns3:hr>
          </ns3:TrackPointExtension>
        </extensions>
      </trkpt>
      <trkpt lat="52.255735807120800018310546875" lon="4.46989394724369049072265625">
        <ele>28</ele>
        <time>2025-04-20T09:09:00.000Z</time>
        <extensions>
          <ns3:TrackPointExtension>
            <ns3:hr>125</ns3:hr>
          </ns3:TrackPointExtension>
        </extensions>
      </trkpt>
      <trkpt lat="52.255925238132476806640625" lon="4.4699286483228206634521484375">
        <ele>27.799999237060546875</ele>
        <time>2025-04-20T09:09:05.000Z</time>
        <extensions>
          <ns3:TrackPointExtension>
            <ns3:hr>127</ns3:hr>
          </ns3:TrackPointExtension>
        </extensions>
      </trkpt>
      <trkpt lat="52.25614492781460285186767578125" lon="4.470034427940845489501953125">
        <ele>27.799999237060546875</ele>
        <time>2025-04-20T09:09:11.000Z</time>
        <extensions>
          <ns3:TrackPointExtension>
            <ns3:hr>130</ns3:hr>
          </ns3:TrackPointExtension>
        </extensions>
      </trkpt>
      <trkpt lat="52.25628398358821868896484375" lon="4.47011916898190975189208984375">
        <ele>28</ele>
        <time>2025-04-20T09:09:15.000Z</time>
        <extensions>
          <ns3:TrackPointExtension>
            <ns3:hr>131</ns3:hr>
          </ns3:TrackPointExtension>
        </extensions>
      </trkpt>
      <trkpt lat="52.2564045153558254241943359375" lon="4.47020516730844974517822265625">
        <ele>28.200000762939453125</ele>
        <time>2025-04-20T09:09:19.000Z</time>
        <extensions>
          <ns3:TrackPointExtension>
            <ns3:hr>134</ns3:hr>
          </ns3:TrackPointExtension>
        </extensions>
      </trkpt>
      <trkpt lat="52.25654675625264644622802734375" lon="4.47031228803098201751708984375">
        <ele>28.200000762939453125</ele>
        <time>2025-04-20T09:09:24.000Z</time>
        <extensions>
          <ns3:TrackPointExtension>
            <ns3:hr>137</ns3:hr>
          </ns3:TrackPointExtension>
        </extensions>
      </trkpt>
      <trkpt lat="52.25683224387466907501220703125" lon="4.4705073349177837371826171875">
        <ele>28</ele>
        <time>2025-04-20T09:09:33.000Z</time>
        <extensions>
          <ns3:TrackPointExtension>
            <ns3:hr>134</ns3:hr>
          </ns3:TrackPointExtension>
        </extensions>
      </trkpt>
      <trkpt lat="52.256870381534099578857421875" lon="4.470531307160854339599609375">
        <ele>28</ele>
        <time>2025-04-20T09:09:34.000Z</time>
        <extensions>
          <ns3:TrackPointExtension>
            <ns3:hr>133</ns3:hr>
          </ns3:TrackPointExtension>
        </extensions>
      </trkpt>
      <trkpt lat="52.2572078369557857513427734375" lon="4.47076776064932346343994140625">
        <ele>27.6000003814697265625</ele>
        <time>2025-04-20T09:09:44.000Z</time>
        <extensions>
          <ns3:TrackPointExtension>
            <ns3:hr>130</ns3:hr>
          </ns3:TrackPointExtension>
        </extensions>
      </trkpt>
      <trkpt lat="52.25728302262723445892333984375" lon="4.47083598934113979339599609375">
        <ele>27.799999237060546875</ele>
        <time>2025-04-20T09:09:46.000Z</time>
        <extensions>
          <ns3:TrackPointExtension>
            <ns3:hr>129</ns3:hr>
          </ns3:TrackPointExtension>
        </extensions>
      </trkpt>
      <trkpt lat="52.25766599178314208984375" lon="4.4711901247501373291015625">
        <ele>27.3999996185302734375</ele>
        <time>2025-04-20T09:09:57.000Z</time>
        <extensions>
          <ns3:TrackPointExtension>
            <ns3:hr>126</ns3:hr>
          </ns3:TrackPointExtension>
        </extensions>
      </trkpt>
      <trkpt lat="52.25770429708063602447509765625" lon="4.47122993879020214080810546875">
        <ele>27.3999996185302734375</ele>
        <time>2025-04-20T09:09:58.000Z</time>
        <extensions>
          <ns3:TrackPointExtension>
            <ns3:hr>127</ns3:hr>
          </ns3:TrackPointExtension>
        </extensions>
      </trkpt>
      <trkpt lat="52.257902361452579498291015625" lon="4.47143009863793849945068359375">
        <ele>27.3999996185302734375</ele>
        <time>2025-04-20T09:10:04.000Z</time>
        <extensions>
          <ns3:TrackPointExtension>
            <ns3:hr>130</ns3:hr>
          </ns3:TrackPointExtension>
        </extensions>
      </trkpt>
      <trkpt lat="52.25799280218780040740966796875" lon="4.47153705172240734100341796875">
        <ele>27.6000003814697265625</ele>
        <time>2025-04-20T09:10:07.000Z</time>
        <extensions>
          <ns3:TrackPointExtension>
            <ns3:hr>132</ns3:hr>
          </ns3:TrackPointExtension>
        </extensions>
      </trkpt>
      <trkpt lat="52.25829237140715122222900390625" lon="4.47190736420452594757080078125">
        <ele>27.799999237060546875</ele>
        <time>2025-04-20T09:10:16.000Z</time>
        <extensions>
          <ns3:TrackPointExtension>
            <ns3:hr>135</ns3:hr>
          </ns3:TrackPointExtension>
        </extensions>
      </trkpt>
      <trkpt lat="52.2583258152008056640625" lon="4.471947848796844482421875">
        <ele>27.799999237060546875</ele>
        <time>2025-04-20T09:10:17.000Z</time>
        <extensions>
          <ns3:TrackPointExtension>
            <ns3:hr>135</ns3:hr>
          </ns3:TrackPointExtension>
        </extensions>
      </trkpt>
      <trkpt lat="52.25858992896974086761474609375" lon="4.4722859747707843780517578125">
        <ele>27.799999237060546875</ele>
        <time>2025-04-20T09:10:25.000Z</time>
        <extensions>
          <ns3:TrackPointExtension>
            <ns3:hr>133</ns3:hr>
          </ns3:TrackPointExtension>
        </extensions>
      </trkpt>
      <trkpt lat="52.25882059894502162933349609375" lon="4.47267715819180011749267578125">
        <ele>27.799999237060546875</ele>
        <time>2025-04-20T09:10:34.000Z</time>
        <extensions>
          <ns3:TrackPointExtension>
            <ns3:hr>133</ns3:hr>
          </ns3:TrackPointExtension>
        </extensions>
      </trkpt>
      <trkpt lat="52.2590478323400020599365234375" lon="4.47310396470129489898681640625">
        <ele>27.799999237060546875</ele>
        <time>2025-04-20T09:10:44.000Z</time>
        <extensions>
          <ns3:TrackPointExtension>
            <ns3:hr>135</ns3:hr>
          </ns3:TrackPointExtension>
        </extensions>
      </trkpt>
      <trkpt lat="52.2591779194772243499755859375" lon="4.473325498402118682861328125">
        <ele>28</ele>
        <time>2025-04-20T09:10:49.000Z</time>
        <extensions>
          <ns3:TrackPointExtension>
            <ns3:hr>132</ns3:hr>
          </ns3:TrackPointExtension>
        </extensions>
      </trkpt>
      <trkpt lat="52.2592744790017604827880859375" lon="4.4734829105436801910400390625">
        <ele>28</ele>
        <time>2025-04-20T09:10:53.000Z</time>
        <extensions>
          <ns3:TrackPointExtension>
            <ns3:hr>130</ns3:hr>
          </ns3:TrackPointExtension>
        </extensions>
      </trkpt>
      <trkpt lat="52.25947623141109943389892578125" lon="4.4738052785396575927734375">
        <ele>27.799999237060546875</ele>
        <time>2025-04-20T09:11:02.000Z</time>
        <extensions>
          <ns3:TrackPointExtension>
            <ns3:hr>128</ns3:hr>
          </ns3:TrackPointExtension>
        </extensions>
      </trkpt>
      <trkpt lat="52.259677313268184661865234375" lon="4.47413980029523372650146484375">
        <ele>27.6000003814697265625</ele>
        <time>2025-04-20T09:11:11.000Z</time>
        <extensions>
          <ns3:TrackPointExtension>
            <ns3:hr>126</ns3:hr>
          </ns3:TrackPointExtension>
        </extensions>
      </trkpt>
      <trkpt lat="52.25988375954329967498779296875" lon="4.4745172373950481414794921875">
        <ele>27.6000003814697265625</ele>
        <time>2025-04-20T09:11:20.000Z</time>
        <extensions>
          <ns3:TrackPointExtension>
            <ns3:hr>125</ns3:hr>
          </ns3:TrackPointExtension>
        </extensions>
      </trkpt>
      <trkpt lat="52.26018131710588932037353515625" lon="4.4750124402344226837158203125">
        <ele>27.799999237060546875</ele>
        <time>2025-04-20T09:11:32.000Z</time>
        <extensions>
          <ns3:TrackPointExtension>
            <ns3:hr>127</ns3:hr>
          </ns3:TrackPointExtension>
        </extensions>
      </trkpt>
      <trkpt lat="52.26043461821973323822021484375" lon="4.4754221476614475250244140625">
        <ele>27.6000003814697265625</ele>
        <time>2025-04-20T09:11:42.000Z</time>
        <extensions>
          <ns3:TrackPointExtension>
            <ns3:hr>125</ns3:hr>
          </ns3:TrackPointExtension>
        </extensions>
      </trkpt>
      <trkpt lat="52.26061751134693622589111328125" lon="4.47573672048747539520263671875">
        <ele>27.3999996185302734375</ele>
        <time>2025-04-20T09:11:50.000Z</time>
        <extensions>
          <ns3:TrackPointExtension>
            <ns3:hr>122</ns3:hr>
          </ns3:TrackPointExtension>
        </extensions>
      </trkpt>
      <trkpt lat="52.26065522991120815277099609375" lon="4.475801847875118255615234375">
        <ele>27.200000762939453125</ele>
        <time>2025-04-20T09:11:52.000Z</time>
        <extensions>
          <ns3:TrackPointExtension>
            <ns3:hr>123</ns3:hr>
          </ns3:TrackPointExtension>
        </extensions>
      </trkpt>
      <trkpt lat="52.2608640231192111968994140625" lon="4.47623603045940399169921875">
        <ele>27.6000003814697265625</ele>
        <time>2025-04-20T09:12:01.000Z</time>
        <extensions>
          <ns3:TrackPointExtension>
            <ns3:hr>123</ns3:hr>
          </ns3:TrackPointExtension>
        </extensions>
      </trkpt>
      <trkpt lat="52.26109829731285572052001953125" lon="4.47677624411880970001220703125">
        <ele>27.799999237060546875</ele>
        <time>2025-04-20T09:12:11.000Z</time>
        <extensions>
          <ns3:TrackPointExtension>
            <ns3:hr>126</ns3:hr>
          </ns3:TrackPointExtension>
        </extensions>
      </trkpt>
      <trkpt lat="52.26111573167145252227783203125" lon="4.47681664489209651947021484375">
        <ele>28</ele>
        <time>2025-04-20T09:12:12.000Z</time>
        <extensions>
          <ns3:TrackPointExtension>
            <ns3:hr>126</ns3:hr>
          </ns3:TrackPointExtension>
        </extensions>
      </trkpt>
      <trkpt lat="52.26133299060165882110595703125" lon="4.4772827625274658203125">
        <ele>28</ele>
        <time>2025-04-20T09:12:22.000Z</time>
        <extensions>
          <ns3:TrackPointExtension>
            <ns3:hr>128</ns3:hr>
          </ns3:TrackPointExtension>
        </extensions>
      </trkpt>
      <trkpt lat="52.26147514767944812774658203125" lon="4.4776336289942264556884765625">
        <ele>27.3999996185302734375</ele>
        <time>2025-04-20T09:12:29.000Z</time>
        <extensions>
          <ns3:TrackPointExtension>
            <ns3:hr>126</ns3:hr>
          </ns3:TrackPointExtension>
        </extensions>
      </trkpt>
      <trkpt lat="52.2615453042089939117431640625" lon="4.47778542526066303253173828125">
        <ele>27.200000762939453125</ele>
        <time>2025-04-20T09:12:32.000Z</time>
        <extensions>
          <ns3:TrackPointExtension>
            <ns3:hr>123</ns3:hr>
          </ns3:TrackPointExtension>
        </extensions>
      </trkpt>
      <trkpt lat="52.261682264506816864013671875" lon="4.47803621180355548858642578125">
        <ele>27.200000762939453125</ele>
        <time>2025-04-20T09:12:38.000Z</time>
        <extensions>
          <ns3:TrackPointExtension>
            <ns3:hr>120</ns3:hr>
          </ns3:TrackPointExtension>
        </extensions>
      </trkpt>
      <trkpt lat="52.26172341965138912200927734375" lon="4.47809739969670772552490234375">
        <ele>27</ele>
        <time>2025-04-20T09:12:40.000Z</time>
        <extensions>
          <ns3:TrackPointExtension>
            <ns3:hr>118</ns3:hr>
          </ns3:TrackPointExtension>
        </extensions>
      </trkpt>
      <trkpt lat="52.261941768229007720947265625" lon="4.47824458591639995574951171875">
        <ele>26.799999237060546875</ele>
        <time>2025-04-20T09:12:47.000Z</time>
        <extensions>
          <ns3:TrackPointExtension>
            <ns3:hr>118</ns3:hr>
          </ns3:TrackPointExtension>
        </extensions>
      </trkpt>
      <trkpt lat="52.2621491365134716033935546875" lon="4.47832320816814899444580078125">
        <ele>26.799999237060546875</ele>
        <time>2025-04-20T09:12:54.000Z</time>
        <extensions>
          <ns3:TrackPointExtension>
            <ns3:hr>121</ns3:hr>
          </ns3:TrackPointExtension>
        </extensions>
      </trkpt>
      <trkpt lat="52.26225466467440128326416015625" lon="4.478391520678997039794921875">
        <ele>27</ele>
        <time>2025-04-20T09:12:58.000Z</time>
        <extensions>
          <ns3:TrackPointExtension>
            <ns3:hr>122</ns3:hr>
          </ns3:TrackPointExtension>
        </extensions>
      </trkpt>
      <trkpt lat="52.26232658140361309051513671875" lon="4.478423707187175750732421875">
        <ele>27.6000003814697265625</ele>
        <time>2025-04-20T09:13:01.000Z</time>
        <extensions>
          <ns3:TrackPointExtension>
            <ns3:hr>124</ns3:hr>
          </ns3:TrackPointExtension>
        </extensions>
      </trkpt>
      <trkpt lat="52.26237528026103973388671875" lon="4.4783812947571277618408203125">
        <ele>27.799999237060546875</ele>
        <time>2025-04-20T09:13:03.000Z</time>
        <extensions>
          <ns3:TrackPointExtension>
            <ns3:hr>123</ns3:hr>
          </ns3:TrackPointExtension>
        </extensions>
      </trkpt>
      <trkpt lat="52.26254400797188282012939453125" lon="4.4782230444252490997314453125">
        <ele>27.6000003814697265625</ele>
        <time>2025-04-20T09:13:10.000Z</time>
        <extensions>
          <ns3:TrackPointExtension>
            <ns3:hr>120</ns3:hr>
          </ns3:TrackPointExtension>
        </extensions>
      </trkpt>
      <trkpt lat="52.26266135461628437042236328125" lon="4.4781129062175750732421875">
        <ele>27.200000762939453125</ele>
        <time>2025-04-20T09:13:16.000Z</time>
        <extensions>
          <ns3:TrackPointExtension>
            <ns3:hr>119</ns3:hr>
          </ns3:TrackPointExtension>
        </extensions>
      </trkpt>
      <trkpt lat="52.262698151171207427978515625" lon="4.47814551182091236114501953125">
        <ele>27.3999996185302734375</ele>
        <time>2025-04-20T09:13:18.000Z</time>
        <extensions>
          <ns3:TrackPointExtension>
            <ns3:hr>119</ns3:hr>
          </ns3:TrackPointExtension>
        </extensions>
      </trkpt>
      <trkpt lat="52.2627367079257965087890625" lon="4.478206448256969451904296875">
        <ele>27.6000003814697265625</ele>
        <time>2025-04-20T09:13:20.000Z</time>
        <extensions>
          <ns3:TrackPointExtension>
            <ns3:hr>120</ns3:hr>
          </ns3:TrackPointExtension>
        </extensions>
      </trkpt>
      <trkpt lat="52.2628602571785449981689453125" lon="4.47841138578951358795166015625">
        <ele>28</ele>
        <time>2025-04-20T09:13:26.000Z</time>
        <extensions>
          <ns3:TrackPointExtension>
            <ns3:hr>117</ns3:hr>
          </ns3:TrackPointExtension>
        </extensions>
      </trkpt>
      <trkpt lat="52.26288867183029651641845703125" lon="4.478496126830577850341796875">
        <ele>28</ele>
        <time>2025-04-20T09:13:28.000Z</time>
        <extensions>
          <ns3:TrackPointExtension>
            <ns3:hr>115</ns3:hr>
          </ns3:TrackPointExtension>
        </extensions>
      </trkpt>
      <trkpt lat="52.2630154900252819061279296875" lon="4.47881899774074554443359375">
        <ele>27.6000003814697265625</ele>
        <time>2025-04-20T09:13:35.000Z</time>
        <extensions>
          <ns3:TrackPointExtension>
            <ns3:hr>118</ns3:hr>
          </ns3:TrackPointExtension>
        </extensions>
      </trkpt>
      <trkpt lat="52.263035438954830169677734375" lon="4.47887406684458255767822265625">
        <ele>27.6000003814697265625</ele>
        <time>2025-04-20T09:13:36.000Z</time>
        <extensions>
          <ns3:TrackPointExtension>
            <ns3:hr>121</ns3:hr>
          </ns3:TrackPointExtension>
        </extensions>
      </trkpt>
      <trkpt lat="52.2630503587424755096435546875" lon="4.4789106957614421844482421875">
        <ele>27.6000003814697265625</ele>
        <time>2025-04-20T09:13:37.000Z</time>
        <extensions>
          <ns3:TrackPointExtension>
            <ns3:hr>121</ns3:hr>
          </ns3:TrackPointExtension>
        </extensions>
      </trkpt>
      <trkpt lat="52.26319159381091594696044921875" lon="4.47930984199047088623046875">
        <ele>27.3999996185302734375</ele>
        <time>2025-04-20T09:13:46.000Z</time>
        <extensions>
          <ns3:TrackPointExtension>
            <ns3:hr>124</ns3:hr>
          </ns3:TrackPointExtension>
        </extensions>
      </trkpt>
      <trkpt lat="52.26321925409138202667236328125" lon="4.479377903044223785400390625">
        <ele>27.6000003814697265625</ele>
        <time>2025-04-20T09:13:48.000Z</time>
        <extensions>
          <ns3:TrackPointExtension>
            <ns3:hr>123</ns3:hr>
          </ns3:TrackPointExtension>
        </extensions>
      </trkpt>
      <trkpt lat="52.263302318751811981201171875" lon="4.479595161974430084228515625">
        <ele>27.799999237060546875</ele>
        <time>2025-04-20T09:13:53.000Z</time>
        <extensions>
          <ns3:TrackPointExtension>
            <ns3:hr>119</ns3:hr>
          </ns3:TrackPointExtension>
        </extensions>
      </trkpt>
      <trkpt lat="52.26331916637718677520751953125" lon="4.479653500020503997802734375">
        <ele>27.799999237060546875</ele>
        <time>2025-04-20T09:13:54.000Z</time>
        <extensions>
          <ns3:TrackPointExtension>
            <ns3:hr>122</ns3:hr>
          </ns3:TrackPointExtension>
        </extensions>
      </trkpt>
      <trkpt lat="52.26332922466099262237548828125" lon="4.4796945713460445404052734375">
        <ele>27.799999237060546875</ele>
        <time>2025-04-20T09:13:55.000Z</time>
        <extensions>
          <ns3:TrackPointExtension>
            <ns3:hr>122</ns3:hr>
          </ns3:TrackPointExtension>
        </extensions>
      </trkpt>
      <trkpt lat="52.2634074278175830841064453125" lon="4.48004744946956634521484375">
        <ele>28</ele>
        <time>2025-04-20T09:14:02.000Z</time>
        <extensions>
          <ns3:TrackPointExtension>
            <ns3:hr>125</ns3:hr>
          </ns3:TrackPointExtension>
        </extensions>
      </trkpt>
      <trkpt lat="52.2634500078856945037841796875" lon="4.48021600954234600067138671875">
        <ele>28</ele>
        <time>2025-04-20T09:14:05.000Z</time>
        <extensions>
          <ns3:TrackPointExtension>
            <ns3:hr>125</ns3:hr>
          </ns3:TrackPointExtension>
        </extensions>
      </trkpt>
      <trkpt lat="52.26355453021824359893798828125" lon="4.48062823154032230377197265625">
        <ele>28</ele>
        <time>2025-04-20T09:14:12.000Z</time>
        <extensions>
          <ns3:TrackPointExtension>
            <ns3:hr>124</ns3:hr>
          </ns3:TrackPointExtension>
        </extensions>
      </trkpt>
      <trkpt lat="52.26360641419887542724609375" lon="4.48082621209323406219482421875">
        <ele>28</ele>
        <time>2025-04-20T09:14:15.000Z</time>
        <extensions>
          <ns3:TrackPointExtension>
            <ns3:hr>121</ns3:hr>
          </ns3:TrackPointExtension>
        </extensions>
      </trkpt>
      <trkpt lat="52.2636806778609752655029296875" lon="4.48104389011859893798828125">
        <ele>28.200000762939453125</ele>
        <time>2025-04-20T09:14:19.000Z</time>
        <extensions>
          <ns3:TrackPointExtension>
            <ns3:hr>121</ns3:hr>
          </ns3:TrackPointExtension>
        </extensions>
      </trkpt>
      <trkpt lat="52.26381034590303897857666015625" lon="4.48130465112626552581787109375">
        <ele>28.200000762939453125</ele>
        <time>2025-04-20T09:14:24.000Z</time>
        <extensions>
          <ns3:TrackPointExtension>
            <ns3:hr>124</ns3:hr>
          </ns3:TrackPointExtension>
        </extensions>
      </trkpt>
      <trkpt lat="52.26386415772140026092529296875" lon="4.48139634914696216583251953125">
        <ele>28.200000762939453125</ele>
        <time>2025-04-20T09:14:26.000Z</time>
        <extensions>
          <ns3:TrackPointExtension>
            <ns3:hr>126</ns3:hr>
          </ns3:TrackPointExtension>
        </extensions>
      </trkpt>
      <trkpt lat="52.2640846855938434600830078125" lon="4.4817685894668102264404296875">
        <ele>28.6000003814697265625</ele>
        <time>2025-04-20T09:14:35.000Z</time>
        <extensions>
          <ns3:TrackPointExtension>
            <ns3:hr>127</ns3:hr>
          </ns3:TrackPointExtension>
        </extensions>
      </trkpt>
      <trkpt lat="52.2642881982028484344482421875" lon="4.4820871017873287200927734375">
        <ele>28.200000762939453125</ele>
        <time>2025-04-20T09:14:43.000Z</time>
        <extensions>
          <ns3:TrackPointExtension>
            <ns3:hr>129</ns3:hr>
          </ns3:TrackPointExtension>
        </extensions>
      </trkpt>
      <trkpt lat="52.2644290141761302947998046875" lon="4.482410810887813568115234375">
        <ele>28.200000762939453125</ele>
        <time>2025-04-20T09:14:50.000Z</time>
        <extensions>
          <ns3:TrackPointExtension>
            <ns3:hr>129</ns3:hr>
          </ns3:TrackPointExtension>
        </extensions>
      </trkpt>
      <trkpt lat="52.26444192230701446533203125" lon="4.482759498059749603271484375">
        <ele>28.3999996185302734375</ele>
        <time>2025-04-20T09:14:56.000Z</time>
        <extensions>
          <ns3:TrackPointExtension>
            <ns3:hr>131</ns3:hr>
          </ns3:TrackPointExtension>
        </extensions>
      </trkpt>
      <trkpt lat="52.26439573802053928375244140625" lon="4.48321756906807422637939453125">
        <ele>28.200000762939453125</ele>
        <time>2025-04-20T09:15:03.000Z</time>
        <extensions>
          <ns3:TrackPointExtension>
            <ns3:hr>130</ns3:hr>
          </ns3:TrackPointExtension>
        </extensions>
      </trkpt>
      <trkpt lat="52.26425576023757457733154296875" lon="4.4838496483862400054931640625">
        <ele>27.799999237060546875</ele>
        <time>2025-04-20T09:15:12.000Z</time>
        <extensions>
          <ns3:TrackPointExtension>
            <ns3:hr>130</ns3:hr>
          </ns3:TrackPointExtension>
        </extensions>
      </trkpt>
      <trkpt lat="52.264090888202190399169921875" lon="4.48445834219455718994140625">
        <ele>27.799999237060546875</ele>
        <time>2025-04-20T09:15:22.000Z</time>
        <extensions>
          <ns3:TrackPointExtension>
            <ns3:hr>129</ns3:hr>
          </ns3:TrackPointExtension>
        </extensions>
      </trkpt>
      <trkpt lat="52.2640716098248958587646484375" lon="4.48452673852443695068359375">
        <ele>27.799999237060546875</ele>
        <time>2025-04-20T09:15:23.000Z</time>
        <extensions>
          <ns3:TrackPointExtension>
            <ns3:hr>129</ns3:hr>
          </ns3:TrackPointExtension>
        </extensions>
      </trkpt>
      <trkpt lat="52.26399265229701995849609375" lon="4.4847163371741771697998046875">
        <ele>28</ele>
        <time>2025-04-20T09:15:27.000Z</time>
        <extensions>
          <ns3:TrackPointExtension>
            <ns3:hr>130</ns3:hr>
          </ns3:TrackPointExtension>
        </extensions>
      </trkpt>
      <trkpt lat="52.263821996748447418212890625" lon="4.48523542843759059906005859375">
        <ele>28</ele>
        <time>2025-04-20T09:15:36.000Z</time>
        <extensions>
          <ns3:TrackPointExtension>
            <ns3:hr>131</ns3:hr>
          </ns3:TrackPointExtension>
        </extensions>
      </trkpt>
      <trkpt lat="52.26377807557582855224609375" lon="4.48536819778382778167724609375">
        <ele>28</ele>
        <time>2025-04-20T09:15:38.000Z</time>
        <extensions>
          <ns3:TrackPointExtension>
            <ns3:hr>128</ns3:hr>
          </ns3:TrackPointExtension>
        </extensions>
      </trkpt>
      <trkpt lat="52.26374362595379352569580078125" lon="4.48547883890569210052490234375">
        <ele>28</ele>
        <time>2025-04-20T09:15:40.000Z</time>
        <extensions>
          <ns3:TrackPointExtension>
            <ns3:hr>124</ns3:hr>
          </ns3:TrackPointExtension>
        </extensions>
      </trkpt>
      <trkpt lat="52.2636325657367706298828125" lon="4.485856778919696807861328125">
        <ele>28</ele>
        <time>2025-04-20T09:15:46.000Z</time>
        <extensions>
          <ns3:TrackPointExtension>
            <ns3:hr>124</ns3:hr>
          </ns3:TrackPointExtension>
        </extensions>
      </trkpt>
      <trkpt lat="52.26346350274980068206787109375" lon="4.48634720407426357269287109375">
        <ele>28</ele>
        <time>2025-04-20T09:15:55.000Z</time>
        <extensions>
          <ns3:TrackPointExtension>
            <ns3:hr>127</ns3:hr>
          </ns3:TrackPointExtension>
        </extensions>
      </trkpt>
      <trkpt lat="52.2634278796613216400146484375" lon="4.4864570908248424530029296875">
        <ele>28</ele>
        <time>2025-04-20T09:15:57.000Z</time>
        <extensions>
          <ns3:TrackPointExtension>
            <ns3:hr>128</ns3:hr>
          </ns3:TrackPointExtension>
        </extensions>
      </trkpt>
      <trkpt lat="52.2633021511137485504150390625" lon="4.4869187660515308380126953125">
        <ele>28.3999996185302734375</ele>
        <time>2025-04-20T09:16:05.000Z</time>
        <extensions>
          <ns3:TrackPointExtension>
            <ns3:hr>127</ns3:hr>
          </ns3:TrackPointExtension>
        </extensions>
      </trkpt>
      <trkpt lat="52.26321355439722537994384765625" lon="4.487411789596080780029296875">
        <ele>28.3999996185302734375</ele>
        <time>2025-04-20T09:16:14.000Z</time>
        <extensions>
          <ns3:TrackPointExtension>
            <ns3:hr>126</ns3:hr>
          </ns3:TrackPointExtension>
        </extensions>
      </trkpt>
      <trkpt lat="52.26319595240056514739990234375" lon="4.4875873066484928131103515625">
        <ele>28.3999996185302734375</ele>
        <time>2025-04-20T09:16:17.000Z</time>
        <extensions>
          <ns3:TrackPointExtension>
            <ns3:hr>129</ns3:hr>
          </ns3:TrackPointExtension>
        </extensions>
      </trkpt>
      <trkpt lat="52.263170219957828521728515625" lon="4.48796055279672145843505859375">
        <ele>28.6000003814697265625</ele>
        <time>2025-04-20T09:16:23.000Z</time>
        <extensions>
          <ns3:TrackPointExtension>
            <ns3:hr>129</ns3:hr>
          </ns3:TrackPointExtension>
        </extensions>
      </trkpt>
      <trkpt lat="52.2631157375872135162353515625" lon="4.48864619247615337371826171875">
        <ele>28.799999237060546875</ele>
        <time>2025-04-20T09:16:34.000Z</time>
        <extensions>
          <ns3:TrackPointExtension>
            <ns3:hr>127</ns3:hr>
          </ns3:TrackPointExtension>
        </extensions>
      </trkpt>
      <trkpt lat="52.2630587406456470489501953125" lon="4.48903695680201053619384765625">
        <ele>28.799999237060546875</ele>
        <time>2025-04-20T09:16:41.000Z</time>
        <extensions>
          <ns3:TrackPointExtension>
            <ns3:hr>127</ns3:hr>
          </ns3:TrackPointExtension>
        </extensions>
      </trkpt>
      <trkpt lat="52.26290945895016193389892578125" lon="4.48964581824839115142822265625">
        <ele>28.3999996185302734375</ele>
        <time>2025-04-20T09:16:52.000Z</time>
        <extensions>
          <ns3:TrackPointExtension>
            <ns3:hr>127</ns3:hr>
          </ns3:TrackPointExtension>
        </extensions>
      </trkpt>
      <trkpt lat="52.26284525357186794281005859375" lon="4.49007446877658367156982421875">
        <ele>28.799999237060546875</ele>
        <time>2025-04-20T09:17:00.000Z</time>
        <extensions>
          <ns3:TrackPointExtension>
            <ns3:hr>126</ns3:hr>
          </ns3:TrackPointExtension>
        </extensions>
      </trkpt>
      <trkpt lat="52.26285816170275211334228515625" lon="4.49031762778759002685546875">
        <ele>29.200000762939453125</ele>
        <time>2025-04-20T09:17:05.000Z</time>
        <extensions>
          <ns3:TrackPointExtension>
            <ns3:hr>125</ns3:hr>
          </ns3:TrackPointExtension>
        </extensions>
      </trkpt>
      <trkpt lat="52.26284609176218509674072265625" lon="4.49051854200661182403564453125">
        <ele>29.200000762939453125</ele>
        <time>2025-04-20T09:17:10.000Z</time>
        <extensions>
          <ns3:TrackPointExtension>
            <ns3:hr>125</ns3:hr>
          </ns3:TrackPointExtension>
        </extensions>
      </trkpt>
      <trkpt lat="52.2628501988947391510009765625" lon="4.49055693112313747406005859375">
        <ele>29.200000762939453125</ele>
        <time>2025-04-20T09:17:11.000Z</time>
        <extensions>
          <ns3:TrackPointExtension>
            <ns3:hr>125</ns3:hr>
          </ns3:TrackPointExtension>
        </extensions>
      </trkpt>
      <trkpt lat="52.26287727244198322296142578125" lon="4.490635134279727935791015625">
        <ele>29</ele>
        <time>2025-04-20T09:17:13.000Z</time>
        <extensions>
          <ns3:TrackPointExtension>
            <ns3:hr>126</ns3:hr>
          </ns3:TrackPointExtension>
        </extensions>
      </trkpt>
      <trkpt lat="52.26287827827036380767822265625" lon="4.490668661892414093017578125">
        <ele>29</ele>
        <time>2025-04-20T09:17:14.000Z</time>
        <extensions>
          <ns3:TrackPointExtension>
            <ns3:hr>126</ns3:hr>
          </ns3:TrackPointExtension>
        </extensions>
      </trkpt>
      <trkpt lat="52.26284374482929706573486328125" lon="4.490887261927127838134765625">
        <ele>29.200000762939453125</ele>
        <time>2025-04-20T09:17:20.000Z</time>
        <extensions>
          <ns3:TrackPointExtension>
            <ns3:hr>129</ns3:hr>
          </ns3:TrackPointExtension>
        </extensions>
      </trkpt>
      <trkpt lat="52.26283335126936435699462890625" lon="4.490929506719112396240234375">
        <ele>29.200000762939453125</ele>
        <time>2025-04-20T09:17:21.000Z</time>
        <extensions>
          <ns3:TrackPointExtension>
            <ns3:hr>129</ns3:hr>
          </ns3:TrackPointExtension>
        </extensions>
      </trkpt>
      <trkpt lat="52.26275372318923473358154296875" lon="4.49119596742093563079833984375">
        <ele>29</ele>
        <time>2025-04-20T09:17:27.000Z</time>
        <extensions>
          <ns3:TrackPointExtension>
            <ns3:hr>128</ns3:hr>
          </ns3:TrackPointExtension>
        </extensions>
      </trkpt>
      <trkpt lat="52.26267635822296142578125" lon="4.49153895489871501922607421875">
        <ele>29</ele>
        <time>2025-04-20T09:17:34.000Z</time>
        <extensions>
          <ns3:TrackPointExtension>
            <ns3:hr>127</ns3:hr>
          </ns3:TrackPointExtension>
        </extensions>
      </trkpt>
      <trkpt lat="52.26253009401261806488037109375" lon="4.49203558266162872314453125">
        <ele>29</ele>
        <time>2025-04-20T09:17:44.000Z</time>
        <extensions>
          <ns3:TrackPointExtension>
            <ns3:hr>127</ns3:hr>
          </ns3:TrackPointExtension>
        </extensions>
      </trkpt>
      <trkpt lat="52.26246354170143604278564453125" lon="4.4922167994081974029541015625">
        <ele>29</ele>
        <time>2025-04-20T09:17:48.000Z</time>
        <extensions>
          <ns3:TrackPointExtension>
            <ns3:hr>126</ns3:hr>
          </ns3:TrackPointExtension>
        </extensions>
      </trkpt>
      <trkpt lat="52.2623942233622074127197265625" lon="4.492412768304347991943359375">
        <ele>29</ele>
        <time>2025-04-20T09:17:53.000Z</time>
        <extensions>
          <ns3:TrackPointExtension>
            <ns3:hr>125</ns3:hr>
          </ns3:TrackPointExtension>
        </extensions>
      </trkpt>
      <trkpt lat="52.26241995580494403839111328125" lon="4.49254763312637805938720703125">
        <ele>28.799999237060546875</ele>
        <time>2025-04-20T09:17:57.000Z</time>
        <extensions>
          <ns3:TrackPointExtension>
            <ns3:hr>123</ns3:hr>
          </ns3:TrackPointExtension>
        </extensions>
      </trkpt>
      <trkpt lat="52.262498326599597930908203125" lon="4.49270722456276416778564453125">
        <ele>28.799999237060546875</ele>
        <time>2025-04-20T09:18:03.000Z</time>
        <extensions>
          <ns3:TrackPointExtension>
            <ns3:hr>121</ns3:hr>
          </ns3:TrackPointExtension>
        </extensions>
      </trkpt>
      <trkpt lat="52.26260402239859104156494140625" lon="4.4928105734288692474365234375">
        <ele>29</ele>
        <time>2025-04-20T09:18:10.000Z</time>
        <extensions>
          <ns3:TrackPointExtension>
            <ns3:hr>120</ns3:hr>
          </ns3:TrackPointExtension>
        </extensions>
      </trkpt>
      <trkpt lat="52.26267828606069087982177734375" lon="4.49287109076976776123046875">
        <ele>29</ele>
        <time>2025-04-20T09:18:15.000Z</time>
        <extensions>
          <ns3:TrackPointExtension>
            <ns3:hr>119</ns3:hr>
          </ns3:TrackPointExtension>
        </extensions>
      </trkpt>
      <trkpt lat="52.26270896382629871368408203125" lon="4.49291224591434001922607421875">
        <ele>29</ele>
        <time>2025-04-20T09:18:17.000Z</time>
        <extensions>
          <ns3:TrackPointExtension>
            <ns3:hr>119</ns3:hr>
          </ns3:TrackPointExtension>
        </extensions>
      </trkpt>
      <trkpt lat="52.26282027550041675567626953125" lon="4.4930650480091571807861328125">
        <ele>28.799999237060546875</ele>
        <time>2025-04-20T09:18:25.000Z</time>
        <extensions>
          <ns3:TrackPointExtension>
            <ns3:hr>117</ns3:hr>
          </ns3:TrackPointExtension>
        </extensions>
      </trkpt>
      <trkpt lat="52.26287559606134891510009765625" lon="4.4931321032345294952392578125">
        <ele>28.6000003814697265625</ele>
        <time>2025-04-20T09:18:29.000Z</time>
        <extensions>
          <ns3:TrackPointExtension>
            <ns3:hr>114</ns3:hr>
          </ns3:TrackPointExtension>
        </extensions>
      </trkpt>
      <trkpt lat="52.2629110515117645263671875" lon="4.493161104619503021240234375">
        <ele>28.6000003814697265625</ele>
        <time>2025-04-20T09:18:31.000Z</time>
        <extensions>
          <ns3:TrackPointExtension>
            <ns3:hr>113</ns3:hr>
          </ns3:TrackPointExtension>
        </extensions>
      </trkpt>
      <trkpt lat="52.26305563934147357940673828125" lon="4.4932484440505504608154296875">
        <ele>28.799999237060546875</ele>
        <time>2025-04-20T09:18:40.000Z</time>
        <extensions>
          <ns3:TrackPointExtension>
            <ns3:hr>115</ns3:hr>
          </ns3:TrackPointExtension>
        </extensions>
      </trkpt>
      <trkpt lat="52.26315856911242008209228515625" lon="4.4933010824024677276611328125">
        <ele>28.799999237060546875</ele>
        <time>2025-04-20T09:18:46.000Z</time>
        <extensions>
          <ns3:TrackPointExtension>
            <ns3:hr>113</ns3:hr>
          </ns3:TrackPointExtension>
        </extensions>
      </trkpt>
      <trkpt lat="52.2632746584713459014892578125" lon="4.493400491774082183837890625">
        <ele>29</ele>
        <time>2025-04-20T09:18:54.000Z</time>
        <extensions>
          <ns3:TrackPointExtension>
            <ns3:hr>112</ns3:hr>
          </ns3:TrackPointExtension>
        </extensions>
      </trkpt>
      <trkpt lat="52.2633683681488037109375" lon="4.493437707424163818359375">
        <ele>29</ele>
        <time>2025-04-20T09:19:00.000Z</time>
        <extensions>
          <ns3:TrackPointExtension>
            <ns3:hr>110</ns3:hr>
          </ns3:TrackPointExtension>
        </extensions>
      </trkpt>
      <trkpt lat="52.26340248249471187591552734375" lon="4.4934539683163166046142578125">
        <ele>29</ele>
        <time>2025-04-20T09:19:02.000Z</time>
        <extensions>
          <ns3:TrackPointExtension>
            <ns3:hr>113</ns3:hr>
          </ns3:TrackPointExtension>
        </extensions>
      </trkpt>
      <trkpt lat="52.26342134177684783935546875" lon="4.49346109293401241302490234375">
        <ele>29</ele>
        <time>2025-04-20T09:19:03.000Z</time>
        <extensions>
          <ns3:TrackPointExtension>
            <ns3:hr>110</ns3:hr>
          </ns3:TrackPointExtension>
        </extensions>
      </trkpt>
      <trkpt lat="52.263461239635944366455078125" lon="4.49348070658743381500244140625">
        <ele>29</ele>
        <time>2025-04-20T09:19:06.000Z</time>
        <extensions>
          <ns3:TrackPointExtension>
            <ns3:hr>111</ns3:hr>
          </ns3:TrackPointExtension>
        </extensions>
      </trkpt>
      <trkpt lat="52.26350205950438976287841796875" lon="4.49349562637507915496826171875">
        <ele>28.799999237060546875</ele>
        <time>2025-04-20T09:19:12.000Z</time>
        <extensions>
          <ns3:TrackPointExtension>
            <ns3:hr>110</ns3:hr>
          </ns3:TrackPointExtension>
        </extensions>
      </trkpt>
      <trkpt lat="52.26351798512041568756103515625" lon="4.49351004324853420257568359375">
        <ele>28.799999237060546875</ele>
        <time>2025-04-20T09:19:13.000Z</time>
        <extensions>
          <ns3:TrackPointExtension>
            <ns3:hr>110</ns3:hr>
          </ns3:TrackPointExtension>
        </extensions>
      </trkpt>
      <trkpt lat="52.26357967592775821685791015625" lon="4.4935582391917705535888671875">
        <ele>28.6000003814697265625</ele>
        <time>2025-04-20T09:19:18.000Z</time>
        <extensions>
          <ns3:TrackPointExtension>
            <ns3:hr>113</ns3:hr>
          </ns3:TrackPointExtension>
        </extensions>
      </trkpt>
      <trkpt lat="52.26359526626765727996826171875" lon="4.4935646094381809234619140625">
        <ele>28.799999237060546875</ele>
        <time>2025-04-20T09:19:22.000Z</time>
        <extensions>
          <ns3:TrackPointExtension>
            <ns3:hr>116</ns3:hr>
          </ns3:TrackPointExtension>
        </extensions>
      </trkpt>
      <trkpt lat="52.26359526626765727996826171875" lon="4.4935646094381809234619140625">
        <ele>29</ele>
        <time>2025-04-20T09:19:28.000Z</time>
        <extensions>
          <ns3:TrackPointExtension>
            <ns3:hr>119</ns3:hr>
          </ns3:TrackPointExtension>
        </extensions>
      </trkpt>
      <trkpt lat="52.26359526626765727996826171875" lon="4.4935646094381809234619140625">
        <ele>29</ele>
        <time>2025-04-20T09:19:36.000Z</time>
        <extensions>
          <ns3:TrackPointExtension>
            <ns3:hr>116</ns3:hr>
          </ns3:TrackPointExtension>
        </extensions>
      </trkpt>
      <trkpt lat="52.26359526626765727996826171875" lon="4.4935646094381809234619140625">
        <ele>29.200000762939453125</ele>
        <time>2025-04-20T09:19:41.000Z</time>
        <extensions>
          <ns3:TrackPointExtension>
            <ns3:hr>117</ns3:hr>
          </ns3:TrackPointExtension>
        </extensions>
      </trkpt>
      <trkpt lat="52.26359526626765727996826171875" lon="4.4935646094381809234619140625">
        <ele>29.200000762939453125</ele>
        <time>2025-04-20T09:19:56.000Z</time>
        <extensions>
          <ns3:TrackPointExtension>
            <ns3:hr>114</ns3:hr>
          </ns3:TrackPointExtension>
        </extensions>
      </trkpt>
      <trkpt lat="52.26359526626765727996826171875" lon="4.4935646094381809234619140625">
        <ele>29.200000762939453125</ele>
        <time>2025-04-20T09:20:01.000Z</time>
        <extensions>
          <ns3:TrackPointExtension>
            <ns3:hr>117</ns3:hr>
          </ns3:TrackPointExtension>
        </extensions>
      </trkpt>
      <trkpt lat="52.26359526626765727996826171875" lon="4.4935646094381809234619140625">
        <ele>29.200000762939453125</ele>
        <time>2025-04-20T09:20:11.000Z</time>
        <extensions>
          <ns3:TrackPointExtension>
            <ns3:hr>117</ns3:hr>
          </ns3:TrackPointExtension>
        </extensions>
      </trkpt>
      <trkpt lat="52.26359526626765727996826171875" lon="4.4935646094381809234619140625">
        <ele>29.200000762939453125</ele>
        <time>2025-04-20T09:20:16.000Z</time>
        <extensions>
          <ns3:TrackPointExtension>
            <ns3:hr>114</ns3:hr>
          </ns3:TrackPointExtension>
        </extensions>
      </trkpt>
      <trkpt lat="52.26359526626765727996826171875" lon="4.4935646094381809234619140625">
        <ele>29.200000762939453125</ele>
        <time>2025-04-20T09:20:32.000Z</time>
        <extensions>
          <ns3:TrackPointExtension>
            <ns3:hr>114</ns3:hr>
          </ns3:TrackPointExtension>
        </extensions>
      </trkpt>
      <trkpt lat="52.26359526626765727996826171875" lon="4.4935646094381809234619140625">
        <ele>29.200000762939453125</ele>
        <time>2025-04-20T09:20:43.000Z</time>
        <extensions>
          <ns3:TrackPointExtension>
            <ns3:hr>111</ns3:hr>
          </ns3:TrackPointExtension>
        </extensions>
      </trkpt>
      <trkpt lat="52.26359945721924304962158203125" lon="4.49356444180011749267578125">
        <ele>29.200000762939453125</ele>
        <time>2025-04-20T09:20:54.000Z</time>
        <extensions>
          <ns3:TrackPointExtension>
            <ns3:hr>110</ns3:hr>
          </ns3:TrackPointExtension>
        </extensions>
      </trkpt>
      <trkpt lat="52.26364170201122760772705078125" lon="4.4935575686395168304443359375">
        <ele>29.200000762939453125</ele>
        <time>2025-04-20T09:21:00.000Z</time>
        <extensions>
          <ns3:TrackPointExtension>
            <ns3:hr>110</ns3:hr>
          </ns3:TrackPointExtension>
        </extensions>
      </trkpt>
      <trkpt lat="52.26369434036314487457275390625" lon="4.49353217147290706634521484375">
        <ele>29.200000762939453125</ele>
        <time>2025-04-20T09:21:02.000Z</time>
        <extensions>
          <ns3:TrackPointExtension>
            <ns3:hr>110</ns3:hr>
          </ns3:TrackPointExtension>
        </extensions>
      </trkpt>
      <trkpt lat="52.26387337781488895416259765625" lon="4.49352546595036983489990234375">
        <ele>29.6000003814697265625</ele>
        <time>2025-04-20T09:21:08.000Z</time>
        <extensions>
          <ns3:TrackPointExtension>
            <ns3:hr>111</ns3:hr>
          </ns3:TrackPointExtension>
        </extensions>
      </trkpt>
      <trkpt lat="52.2640241682529449462890625" lon="4.49356318451464176177978515625">
        <ele>29.6000003814697265625</ele>
        <time>2025-04-20T09:21:12.000Z</time>
        <extensions>
          <ns3:TrackPointExtension>
            <ns3:hr>108</ns3:hr>
          </ns3:TrackPointExtension>
        </extensions>
      </trkpt>
      <trkpt lat="52.2642602026462554931640625" lon="4.49357382953166961669921875">
        <ele>29.3999996185302734375</ele>
        <time>2025-04-20T09:21:17.000Z</time>
        <extensions>
          <ns3:TrackPointExtension>
            <ns3:hr>105</ns3:hr>
          </ns3:TrackPointExtension>
        </extensions>
      </trkpt>
      <trkpt lat="52.2646207921206951141357421875" lon="4.49360744096338748931884765625">
        <ele>29</ele>
        <time>2025-04-20T09:21:25.000Z</time>
        <extensions>
          <ns3:TrackPointExtension>
            <ns3:hr>108</ns3:hr>
          </ns3:TrackPointExtension>
        </extensions>
      </trkpt>
      <trkpt lat="52.26474107243120670318603515625" lon="4.4936160743236541748046875">
        <ele>28.799999237060546875</ele>
        <time>2025-04-20T09:21:28.000Z</time>
        <extensions>
          <ns3:TrackPointExtension>
            <ns3:hr>112</ns3:hr>
          </ns3:TrackPointExtension>
        </extensions>
      </trkpt>
      <trkpt lat="52.264990769326686859130859375" lon="4.4936373643577098846435546875">
        <ele>29</ele>
        <time>2025-04-20T09:21:34.000Z</time>
        <extensions>
          <ns3:TrackPointExtension>
            <ns3:hr>115</ns3:hr>
          </ns3:TrackPointExtension>
        </extensions>
      </trkpt>
      <trkpt lat="52.26516368798911571502685546875" lon="4.493656642735004425048828125">
        <ele>29</ele>
        <time>2025-04-20T09:21:38.000Z</time>
        <extensions>
          <ns3:TrackPointExtension>
            <ns3:hr>116</ns3:hr>
          </ns3:TrackPointExtension>
        </extensions>
      </trkpt>
      <trkpt lat="52.26528354920446872711181640625" lon="4.49366644956171512603759765625">
        <ele>29</ele>
        <time>2025-04-20T09:21:41.000Z</time>
        <extensions>
          <ns3:TrackPointExtension>
            <ns3:hr>119</ns3:hr>
          </ns3:TrackPointExtension>
        </extensions>
      </trkpt>
      <trkpt lat="52.26537558250129222869873046875" lon="4.4936564750969409942626953125">
        <ele>28.799999237060546875</ele>
        <time>2025-04-20T09:21:43.000Z</time>
        <extensions>
          <ns3:TrackPointExtension>
            <ns3:hr>120</ns3:hr>
          </ns3:TrackPointExtension>
        </extensions>
      </trkpt>
      <trkpt lat="52.26544967852532863616943359375" lon="4.4936343468725681304931640625">
        <ele>28.799999237060546875</ele>
        <time>2025-04-20T09:21:45.000Z</time>
        <extensions>
          <ns3:TrackPointExtension>
            <ns3:hr>120</ns3:hr>
          </ns3:TrackPointExtension>
        </extensions>
      </trkpt>
      <trkpt lat="52.26549871265888214111328125" lon="4.4936330057680606842041015625">
        <ele>28.799999237060546875</ele>
        <time>2025-04-20T09:21:46.000Z</time>
        <extensions>
          <ns3:TrackPointExtension>
            <ns3:hr>122</ns3:hr>
          </ns3:TrackPointExtension>
        </extensions>
      </trkpt>
      <trkpt lat="52.26562209427356719970703125" lon="4.4936387054622173309326171875">
        <ele>28.799999237060546875</ele>
        <time>2025-04-20T09:21:49.000Z</time>
        <extensions>
          <ns3:TrackPointExtension>
            <ns3:hr>125</ns3:hr>
          </ns3:TrackPointExtension>
        </extensions>
      </trkpt>
      <trkpt lat="52.26570297963917255401611328125" lon="4.49364499188959598541259765625">
        <ele>28.799999237060546875</ele>
        <time>2025-04-20T09:21:51.000Z</time>
        <extensions>
          <ns3:TrackPointExtension>
            <ns3:hr>127</ns3:hr>
          </ns3:TrackPointExtension>
        </extensions>
      </trkpt>
      <trkpt lat="52.2658063285052776336669921875" lon="4.493650607764720916748046875">
        <ele>28.799999237060546875</ele>
        <time>2025-04-20T09:21:54.000Z</time>
        <extensions>
          <ns3:TrackPointExtension>
            <ns3:hr>131</ns3:hr>
          </ns3:TrackPointExtension>
        </extensions>
      </trkpt>
      <trkpt lat="52.26598285138607025146484375" lon="4.4936584867537021636962890625">
        <ele>28.799999237060546875</ele>
        <time>2025-04-20T09:21:59.000Z</time>
        <extensions>
          <ns3:TrackPointExtension>
            <ns3:hr>133</ns3:hr>
          </ns3:TrackPointExtension>
        </extensions>
      </trkpt>
      <trkpt lat="52.26616012863814830780029296875" lon="4.4936769269406795501708984375">
        <ele>28.799999237060546875</ele>
        <time>2025-04-20T09:22:04.000Z</time>
        <extensions>
          <ns3:TrackPointExtension>
            <ns3:hr>137</ns3:hr>
          </ns3:TrackPointExtension>
        </extensions>
      </trkpt>
      <trkpt lat="52.26628803648054599761962890625" lon="4.49368824250996112823486328125">
        <ele>28.6000003814697265625</ele>
        <time>2025-04-20T09:22:07.000Z</time>
        <extensions>
          <ns3:TrackPointExtension>
            <ns3:hr>137</ns3:hr>
          </ns3:TrackPointExtension>
        </extensions>
      </trkpt>
      <trkpt lat="52.2667119093239307403564453125" lon="4.49372000992298126220703125">
        <ele>28.799999237060546875</ele>
        <time>2025-04-20T09:22:17.000Z</time>
        <extensions>
          <ns3:TrackPointExtension>
            <ns3:hr>134</ns3:hr>
          </ns3:TrackPointExtension>
        </extensions>
      </trkpt>
      <trkpt lat="52.26711818017065525054931640625" lon="4.4938130490481853485107421875">
        <ele>28.6000003814697265625</ele>
        <time>2025-04-20T09:22:27.000Z</time>
        <extensions>
          <ns3:TrackPointExtension>
            <ns3:hr>133</ns3:hr>
          </ns3:TrackPointExtension>
        </extensions>
      </trkpt>
      <trkpt lat="52.26742587983608245849609375" lon="4.493898712098598480224609375">
        <ele>28.6000003814697265625</ele>
        <time>2025-04-20T09:22:34.000Z</time>
        <extensions>
          <ns3:TrackPointExtension>
            <ns3:hr>131</ns3:hr>
          </ns3:TrackPointExtension>
        </extensions>
      </trkpt>
      <trkpt lat="52.26769988425076007843017578125" lon="4.4940182380378246307373046875">
        <ele>28.6000003814697265625</ele>
        <time>2025-04-20T09:22:41.000Z</time>
        <extensions>
          <ns3:TrackPointExtension>
            <ns3:hr>129</ns3:hr>
          </ns3:TrackPointExtension>
        </extensions>
      </trkpt>
      <trkpt lat="52.2680050693452358245849609375" lon="4.4941241852939128875732421875">
        <ele>28.6000003814697265625</ele>
        <time>2025-04-20T09:22:49.000Z</time>
        <extensions>
          <ns3:TrackPointExtension>
            <ns3:hr>129</ns3:hr>
          </ns3:TrackPointExtension>
        </extensions>
      </trkpt>
      <trkpt lat="52.2682628966867923736572265625" lon="4.49419802986085414886474609375">
        <ele>28.799999237060546875</ele>
        <time>2025-04-20T09:22:56.000Z</time>
        <extensions>
          <ns3:TrackPointExtension>
            <ns3:hr>131</ns3:hr>
          </ns3:TrackPointExtension>
        </extensions>
      </trkpt>
      <trkpt lat="52.26844151504337787628173828125" lon="4.4942168891429901123046875">
        <ele>28.799999237060546875</ele>
        <time>2025-04-20T09:23:02.000Z</time>
        <extensions>
          <ns3:TrackPointExtension>
            <ns3:hr>130</ns3:hr>
          </ns3:TrackPointExtension>
        </extensions>
      </trkpt>
      <trkpt lat="52.268633879721164703369140625" lon="4.49428486637771129608154296875">
        <ele>28.799999237060546875</ele>
        <time>2025-04-20T09:23:07.000Z</time>
        <extensions>
          <ns3:TrackPointExtension>
            <ns3:hr>127</ns3:hr>
          </ns3:TrackPointExtension>
        </extensions>
      </trkpt>
      <trkpt lat="52.26867503486573696136474609375" lon="4.49429542757570743560791015625">
        <ele>28.799999237060546875</ele>
        <time>2025-04-20T09:23:08.000Z</time>
        <extensions>
          <ns3:TrackPointExtension>
            <ns3:hr>127</ns3:hr>
          </ns3:TrackPointExtension>
        </extensions>
      </trkpt>
      <trkpt lat="52.2689582593739032745361328125" lon="4.49440305121243000030517578125">
        <ele>28.799999237060546875</ele>
        <time>2025-04-20T09:23:15.000Z</time>
        <extensions>
          <ns3:TrackPointExtension>
            <ns3:hr>126</ns3:hr>
          </ns3:TrackPointExtension>
        </extensions>
      </trkpt>
      <trkpt lat="52.2692061960697174072265625" lon="4.49448443949222564697265625">
        <ele>28.799999237060546875</ele>
        <time>2025-04-20T09:23:21.000Z</time>
        <extensions>
          <ns3:TrackPointExtension>
            <ns3:hr>126</ns3:hr>
          </ns3:TrackPointExtension>
        </extensions>
      </trkpt>
      <trkpt lat="52.26945991627871990203857421875" lon="4.4945657439529895782470703125">
        <ele>28.6000003814697265625</ele>
        <time>2025-04-20T09:23:29.000Z</time>
        <extensions>
          <ns3:TrackPointExtension>
            <ns3:hr>123</ns3:hr>
          </ns3:TrackPointExtension>
        </extensions>
      </trkpt>
      <trkpt lat="52.2697424702346324920654296875" lon="4.4946063123643398284912109375">
        <ele>28.3999996185302734375</ele>
        <time>2025-04-20T09:23:37.000Z</time>
        <extensions>
          <ns3:TrackPointExtension>
            <ns3:hr>121</ns3:hr>
          </ns3:TrackPointExtension>
        </extensions>
      </trkpt>
      <trkpt lat="52.2700462304055690765380859375" lon="4.4946582801640033721923828125">
        <ele>28.6000003814697265625</ele>
        <time>2025-04-20T09:23:46.000Z</time>
        <extensions>
          <ns3:TrackPointExtension>
            <ns3:hr>123</ns3:hr>
          </ns3:TrackPointExtension>
        </extensions>
      </trkpt>
      <trkpt lat="52.27029626257717609405517578125" lon="4.49472709558904170989990234375">
        <ele>29</ele>
        <time>2025-04-20T09:23:54.000Z</time>
        <extensions>
          <ns3:TrackPointExtension>
            <ns3:hr>124</ns3:hr>
          </ns3:TrackPointExtension>
        </extensions>
      </trkpt>
      <trkpt lat="52.27061041630804538726806640625" lon="4.49491350911557674407958984375">
        <ele>28.6000003814697265625</ele>
        <time>2025-04-20T09:24:04.000Z</time>
        <extensions>
          <ns3:TrackPointExtension>
            <ns3:hr>124</ns3:hr>
          </ns3:TrackPointExtension>
        </extensions>
      </trkpt>
      <trkpt lat="52.27077570743858814239501953125" lon="4.49504560790956020355224609375">
        <ele>28.799999237060546875</ele>
        <time>2025-04-20T09:24:11.000Z</time>
        <extensions>
          <ns3:TrackPointExtension>
            <ns3:hr>124</ns3:hr>
          </ns3:TrackPointExtension>
        </extensions>
      </trkpt>
      <trkpt lat="52.270813845098018646240234375" lon="4.49503538198769092559814453125">
        <ele>28.799999237060546875</ele>
        <time>2025-04-20T09:24:15.000Z</time>
        <extensions>
          <ns3:TrackPointExtension>
            <ns3:hr>124</ns3:hr>
          </ns3:TrackPointExtension>
        </extensions>
      </trkpt>
      <trkpt lat="52.27082549594342708587646484375" lon="4.49504912830889225006103515625">
        <ele>28.6000003814697265625</ele>
        <time>2025-04-20T09:24:23.000Z</time>
        <extensions>
          <ns3:TrackPointExtension>
            <ns3:hr>122</ns3:hr>
          </ns3:TrackPointExtension>
        </extensions>
      </trkpt>
      <trkpt lat="52.2708301059901714324951171875" lon="4.495052397251129150390625">
        <ele>28.3999996185302734375</ele>
        <time>2025-04-20T09:24:25.000Z</time>
        <extensions>
          <ns3:TrackPointExtension>
            <ns3:hr>119</ns3:hr>
          </ns3:TrackPointExtension>
        </extensions>
      </trkpt>
      <trkpt lat="52.2708301059901714324951171875" lon="4.495052397251129150390625">
        <ele>28.799999237060546875</ele>
        <time>2025-04-20T09:24:29.000Z</time>
        <extensions>
          <ns3:TrackPointExtension>
            <ns3:hr>118</ns3:hr>
          </ns3:TrackPointExtension>
        </extensions>
      </trkpt>
      <trkpt lat="52.27082465775310993194580078125" lon="4.4950468651950359344482421875">
        <ele>28.200000762939453125</ele>
        <time>2025-04-20T09:24:41.000Z</time>
        <extensions>
          <ns3:TrackPointExtension>
            <ns3:hr>120</ns3:hr>
          </ns3:TrackPointExtension>
        </extensions>
      </trkpt>
      <trkpt lat="52.27082281373441219329833984375" lon="4.49506052769720554351806640625">
        <ele>28.6000003814697265625</ele>
        <time>2025-04-20T09:24:51.000Z</time>
        <extensions>
          <ns3:TrackPointExtension>
            <ns3:hr>120</ns3:hr>
          </ns3:TrackPointExtension>
        </extensions>
      </trkpt>
      <trkpt lat="52.2708156891167163848876953125" lon="4.4950622878968715667724609375">
        <ele>28.6000003814697265625</ele>
        <time>2025-04-20T09:24:56.000Z</time>
        <extensions>
          <ns3:TrackPointExtension>
            <ns3:hr>117</ns3:hr>
          </ns3:TrackPointExtension>
        </extensions>
      </trkpt>
      <trkpt lat="52.27080437354743480682373046875" lon="4.4950492121279239654541015625">
        <ele>28.6000003814697265625</ele>
        <time>2025-04-20T09:24:58.000Z</time>
        <extensions>
          <ns3:TrackPointExtension>
            <ns3:hr>116</ns3:hr>
          </ns3:TrackPointExtension>
        </extensions>
      </trkpt>
      <trkpt lat="52.27081208489835262298583984375" lon="4.4950549118220806121826171875">
        <ele>28.3999996185302734375</ele>
        <time>2025-04-20T09:25:07.000Z</time>
        <extensions>
          <ns3:TrackPointExtension>
            <ns3:hr>113</ns3:hr>
          </ns3:TrackPointExtension>
        </extensions>
      </trkpt>
      <trkpt lat="52.27081208489835262298583984375" lon="4.4950549118220806121826171875">
        <ele>28.200000762939453125</ele>
        <time>2025-04-20T09:25:08.000Z</time>
        <extensions>
          <ns3:TrackPointExtension>
            <ns3:hr>113</ns3:hr>
          </ns3:TrackPointExtension>
        </extensions>
      </trkpt>
      <trkpt lat="52.27081208489835262298583984375" lon="4.4950549118220806121826171875">
        <ele>28.3999996185302734375</ele>
        <time>2025-04-20T09:25:17.000Z</time>
        <extensions>
          <ns3:TrackPointExtension>
            <ns3:hr>116</ns3:hr>
          </ns3:TrackPointExtension>
        </extensions>
      </trkpt>
      <trkpt lat="52.27081208489835262298583984375" lon="4.4950549118220806121826171875">
        <ele>28.200000762939453125</ele>
        <time>2025-04-20T09:25:18.000Z</time>
        <extensions>
          <ns3:TrackPointExtension>
            <ns3:hr>113</ns3:hr>
          </ns3:TrackPointExtension>
        </extensions>
      </trkpt>
      <trkpt lat="52.27081208489835262298583984375" lon="4.4950549118220806121826171875">
        <ele>28.200000762939453125</ele>
        <time>2025-04-20T09:25:20.000Z</time>
        <extensions>
          <ns3:TrackPointExtension>
            <ns3:hr>114</ns3:hr>
          </ns3:TrackPointExtension>
        </extensions>
      </trkpt>
      <trkpt lat="52.270835302770137786865234375" lon="4.49509372003376483917236328125">
        <ele>28.6000003814697265625</ele>
        <time>2025-04-20T09:25:32.000Z</time>
        <extensions>
          <ns3:TrackPointExtension>
            <ns3:hr>114</ns3:hr>
          </ns3:TrackPointExtension>
        </extensions>
      </trkpt>
      <trkpt lat="52.270850725471973419189453125" lon="4.49511785991489887237548828125">
        <ele>28.6000003814697265625</ele>
        <time>2025-04-20T09:25:33.000Z</time>
        <extensions>
          <ns3:TrackPointExtension>
            <ns3:hr>115</ns3:hr>
          </ns3:TrackPointExtension>
        </extensions>
      </trkpt>
      <trkpt lat="52.2709715925157070159912109375" lon="4.49521039612591266632080078125">
        <ele>28.6000003814697265625</ele>
        <time>2025-04-20T09:25:38.000Z</time>
        <extensions>
          <ns3:TrackPointExtension>
            <ns3:hr>115</ns3:hr>
          </ns3:TrackPointExtension>
        </extensions>
      </trkpt>
      <trkpt lat="52.27102716453373432159423828125" lon="4.4952522218227386474609375">
        <ele>28.6000003814697265625</ele>
        <time>2025-04-20T09:25:40.000Z</time>
        <extensions>
          <ns3:TrackPointExtension>
            <ns3:hr>118</ns3:hr>
          </ns3:TrackPointExtension>
        </extensions>
      </trkpt>
      <trkpt lat="52.2710547409951686859130859375" lon="4.4952761940658092498779296875">
        <ele>28.6000003814697265625</ele>
        <time>2025-04-20T09:25:41.000Z</time>
        <extensions>
          <ns3:TrackPointExtension>
            <ns3:hr>115</ns3:hr>
          </ns3:TrackPointExtension>
        </extensions>
      </trkpt>
      <trkpt lat="52.27118105627596378326416015625" lon="4.49537317268550395965576171875">
        <ele>28.3999996185302734375</ele>
        <time>2025-04-20T09:25:45.000Z</time>
        <extensions>
          <ns3:TrackPointExtension>
            <ns3:hr>118</ns3:hr>
          </ns3:TrackPointExtension>
        </extensions>
      </trkpt>
      <trkpt lat="52.2712451778352260589599609375" lon="4.4954237155616283416748046875">
        <ele>28.3999996185302734375</ele>
        <time>2025-04-20T09:25:47.000Z</time>
        <extensions>
          <ns3:TrackPointExtension>
            <ns3:hr>115</ns3:hr>
          </ns3:TrackPointExtension>
        </extensions>
      </trkpt>
      <trkpt lat="52.2712756879627704620361328125" lon="4.49545095674693584442138671875">
        <ele>28.3999996185302734375</ele>
        <time>2025-04-20T09:25:48.000Z</time>
        <extensions>
          <ns3:TrackPointExtension>
            <ns3:hr>118</ns3:hr>
          </ns3:TrackPointExtension>
        </extensions>
      </trkpt>
      <trkpt lat="52.2714346088469028472900390625" lon="4.4955836422741413116455078125">
        <ele>28.200000762939453125</ele>
        <time>2025-04-20T09:25:53.000Z</time>
        <extensions>
          <ns3:TrackPointExtension>
            <ns3:hr>121</ns3:hr>
          </ns3:TrackPointExtension>
        </extensions>
      </trkpt>
      <trkpt lat="52.2717677056789398193359375" lon="4.49584457091987133026123046875">
        <ele>28.3999996185302734375</ele>
        <time>2025-04-20T09:26:03.000Z</time>
        <extensions>
          <ns3:TrackPointExtension>
            <ns3:hr>122</ns3:hr>
          </ns3:TrackPointExtension>
        </extensions>
      </trkpt>
      <trkpt lat="52.27202679030597209930419921875" lon="4.49603836052119731903076171875">
        <ele>28.6000003814697265625</ele>
        <time>2025-04-20T09:26:10.000Z</time>
        <extensions>
          <ns3:TrackPointExtension>
            <ns3:hr>119</ns3:hr>
          </ns3:TrackPointExtension>
        </extensions>
      </trkpt>
      <trkpt lat="52.27210457436740398406982421875" lon="4.49609586037695407867431640625">
        <ele>28.3999996185302734375</ele>
        <time>2025-04-20T09:26:12.000Z</time>
        <extensions>
          <ns3:TrackPointExtension>
            <ns3:hr>119</ns3:hr>
          </ns3:TrackPointExtension>
        </extensions>
      </trkpt>
      <trkpt lat="52.27237581275403499603271484375" lon="4.4963195733726024627685546875">
        <ele>28.6000003814697265625</ele>
        <time>2025-04-20T09:26:20.000Z</time>
        <extensions>
          <ns3:TrackPointExtension>
            <ns3:hr>115</ns3:hr>
          </ns3:TrackPointExtension>
        </extensions>
      </trkpt>
      <trkpt lat="52.27240942418575286865234375" lon="4.49634262360632419586181640625">
        <ele>28.6000003814697265625</ele>
        <time>2025-04-20T09:26:21.000Z</time>
        <extensions>
          <ns3:TrackPointExtension>
            <ns3:hr>116</ns3:hr>
          </ns3:TrackPointExtension>
        </extensions>
      </trkpt>
      <trkpt lat="52.27244161069393157958984375" lon="4.49637028388679027557373046875">
        <ele>28.6000003814697265625</ele>
        <time>2025-04-20T09:26:22.000Z</time>
        <extensions>
          <ns3:TrackPointExtension>
            <ns3:hr>119</ns3:hr>
          </ns3:TrackPointExtension>
        </extensions>
      </trkpt>
      <trkpt lat="52.27289414964616298675537109375" lon="4.4967084936797618865966796875">
        <ele>28.3999996185302734375</ele>
        <time>2025-04-20T09:26:35.000Z</time>
        <extensions>
          <ns3:TrackPointExtension>
            <ns3:hr>120</ns3:hr>
          </ns3:TrackPointExtension>
        </extensions>
      </trkpt>
      <trkpt lat="52.27335087954998016357421875" lon="4.49698803015053272247314453125">
        <ele>28.6000003814697265625</ele>
        <time>2025-04-20T09:26:47.000Z</time>
        <extensions>
          <ns3:TrackPointExtension>
            <ns3:hr>118</ns3:hr>
          </ns3:TrackPointExtension>
        </extensions>
      </trkpt>
      <trkpt lat="52.27376586757600307464599609375" lon="4.4972452707588672637939453125">
        <ele>28.3999996185302734375</ele>
        <time>2025-04-20T09:26:59.000Z</time>
        <extensions>
          <ns3:TrackPointExtension>
            <ns3:hr>118</ns3:hr>
          </ns3:TrackPointExtension>
        </extensions>
      </trkpt>
      <trkpt lat="52.27415277622640132904052734375" lon="4.49746571481227874755859375">
        <ele>28.200000762939453125</ele>
        <time>2025-04-20T09:27:10.000Z</time>
        <extensions>
          <ns3:TrackPointExtension>
            <ns3:hr>121</ns3:hr>
          </ns3:TrackPointExtension>
        </extensions>
      </trkpt>
      <trkpt lat="52.2742190770804882049560546875" lon="4.49749865569174289703369140625">
        <ele>28.200000762939453125</ele>
        <time>2025-04-20T09:27:12.000Z</time>
        <extensions>
          <ns3:TrackPointExtension>
            <ns3:hr>122</ns3:hr>
          </ns3:TrackPointExtension>
        </extensions>
      </trkpt>
      <trkpt lat="52.27458209730684757232666015625" lon="4.497718177735805511474609375">
        <ele>29</ele>
        <time>2025-04-20T09:27:23.000Z</time>
        <extensions>
          <ns3:TrackPointExtension>
            <ns3:hr>124</ns3:hr>
          </ns3:TrackPointExtension>
        </extensions>
      </trkpt>
      <trkpt lat="52.2749147750437259674072265625" lon="4.49798983521759510040283203125">
        <ele>28.799999237060546875</ele>
        <time>2025-04-20T09:27:33.000Z</time>
        <extensions>
          <ns3:TrackPointExtension>
            <ns3:hr>126</ns3:hr>
          </ns3:TrackPointExtension>
        </extensions>
      </trkpt>
      <trkpt lat="52.27510546334087848663330078125" lon="4.4981971196830272674560546875">
        <ele>28.799999237060546875</ele>
        <time>2025-04-20T09:27:39.000Z</time>
        <extensions>
          <ns3:TrackPointExtension>
            <ns3:hr>129</ns3:hr>
          </ns3:TrackPointExtension>
        </extensions>
      </trkpt>
      <trkpt lat="52.2751970775425434112548828125" lon="4.49828286655247211456298828125">
        <ele>29</ele>
        <time>2025-04-20T09:27:42.000Z</time>
        <extensions>
          <ns3:TrackPointExtension>
            <ns3:hr>128</ns3:hr>
          </ns3:TrackPointExtension>
        </extensions>
      </trkpt>
      <trkpt lat="52.2753117419779300689697265625" lon="4.49840842746198177337646484375">
        <ele>29</ele>
        <time>2025-04-20T09:27:46.000Z</time>
        <extensions>
          <ns3:TrackPointExtension>
            <ns3:hr>125</ns3:hr>
          </ns3:TrackPointExtension>
        </extensions>
      </trkpt>
      <trkpt lat="52.27543017826974391937255859375" lon="4.49853549711406230926513671875">
        <ele>29</ele>
        <time>2025-04-20T09:27:50.000Z</time>
        <extensions>
          <ns3:TrackPointExtension>
            <ns3:hr>122</ns3:hr>
          </ns3:TrackPointExtension>
        </extensions>
      </trkpt>
      <trkpt lat="52.27552673779428005218505859375" lon="4.49863725341856479644775390625">
        <ele>28.799999237060546875</ele>
        <time>2025-04-20T09:27:53.000Z</time>
        <extensions>
          <ns3:TrackPointExtension>
            <ns3:hr>122</ns3:hr>
          </ns3:TrackPointExtension>
        </extensions>
      </trkpt>
      <trkpt lat="52.2758273966610431671142578125" lon="4.4990172050893306732177734375">
        <ele>28.6000003814697265625</ele>
        <time>2025-04-20T09:28:03.000Z</time>
        <extensions>
          <ns3:TrackPointExtension>
            <ns3:hr>124</ns3:hr>
          </ns3:TrackPointExtension>
        </extensions>
      </trkpt>
      <trkpt lat="52.27608530782163143157958984375" lon="4.4993917085230350494384765625">
        <ele>28.799999237060546875</ele>
        <time>2025-04-20T09:28:13.000Z</time>
        <extensions>
          <ns3:TrackPointExtension>
            <ns3:hr>125</ns3:hr>
          </ns3:TrackPointExtension>
        </extensions>
      </trkpt>
      <trkpt lat="52.276232577860355377197265625" lon="4.4995999149978160858154296875">
        <ele>29</ele>
        <time>2025-04-20T09:28:19.000Z</time>
        <extensions>
          <ns3:TrackPointExtension>
            <ns3:hr>128</ns3:hr>
          </ns3:TrackPointExtension>
        </extensions>
      </trkpt>
      <trkpt lat="52.27635989896953105926513671875" lon="4.49976034462451934814453125">
        <ele>29</ele>
        <time>2025-04-20T09:28:24.000Z</time>
        <extensions>
          <ns3:TrackPointExtension>
            <ns3:hr>131</ns3:hr>
          </ns3:TrackPointExtension>
        </extensions>
      </trkpt>
      <trkpt lat="52.2764392755925655364990234375" lon="4.4998530484735965728759765625">
        <ele>29</ele>
        <time>2025-04-20T09:28:27.000Z</time>
        <extensions>
          <ns3:TrackPointExtension>
            <ns3:hr>134</ns3:hr>
          </ns3:TrackPointExtension>
        </extensions>
      </trkpt>
      <trkpt lat="52.2766370885074138641357421875" lon="4.49999847449362277984619140625">
        <ele>29</ele>
        <time>2025-04-20T09:28:33.000Z</time>
        <extensions>
          <ns3:TrackPointExtension>
            <ns3:hr>134</ns3:hr>
          </ns3:TrackPointExtension>
        </extensions>
      </trkpt>
      <trkpt lat="52.27689583785831928253173828125" lon="4.500024877488613128662109375">
        <ele>29.200000762939453125</ele>
        <time>2025-04-20T09:28:40.000Z</time>
        <extensions>
          <ns3:TrackPointExtension>
            <ns3:hr>134</ns3:hr>
          </ns3:TrackPointExtension>
        </extensions>
      </trkpt>
      <trkpt lat="52.2771614603698253631591796875" lon="4.49988280422985553741455078125">
        <ele>29</ele>
        <time>2025-04-20T09:28:47.000Z</time>
        <extensions>
          <ns3:TrackPointExtension>
            <ns3:hr>132</ns3:hr>
          </ns3:TrackPointExtension>
        </extensions>
      </trkpt>
      <trkpt lat="52.277368493378162384033203125" lon="4.499560184776782989501953125">
        <ele>28.799999237060546875</ele>
        <time>2025-04-20T09:28:54.000Z</time>
        <extensions>
          <ns3:TrackPointExtension>
            <ns3:hr>132</ns3:hr>
          </ns3:TrackPointExtension>
        </extensions>
      </trkpt>
      <trkpt lat="52.2775014303624629974365234375" lon="4.49929925613105297088623046875">
        <ele>28.799999237060546875</ele>
        <time>2025-04-20T09:28:59.000Z</time>
        <extensions>
          <ns3:TrackPointExtension>
            <ns3:hr>132</ns3:hr>
          </ns3:TrackPointExtension>
        </extensions>
      </trkpt>
      <trkpt lat="52.27755616419017314910888671875" lon="4.499200768768787384033203125">
        <ele>28.3999996185302734375</ele>
        <time>2025-04-20T09:29:01.000Z</time>
        <extensions>
          <ns3:TrackPointExtension>
            <ns3:hr>133</ns3:hr>
          </ns3:TrackPointExtension>
        </extensions>
      </trkpt>
      <trkpt lat="52.27763176895678043365478515625" lon="4.49903841130435466766357421875">
        <ele>28</ele>
        <time>2025-04-20T09:29:04.000Z</time>
        <extensions>
          <ns3:TrackPointExtension>
            <ns3:hr>131</ns3:hr>
          </ns3:TrackPointExtension>
        </extensions>
      </trkpt>
      <trkpt lat="52.27773184888064861297607421875" lon="4.49881754815578460693359375">
        <ele>27.799999237060546875</ele>
        <time>2025-04-20T09:29:08.000Z</time>
        <extensions>
          <ns3:TrackPointExtension>
            <ns3:hr>130</ns3:hr>
          </ns3:TrackPointExtension>
        </extensions>
      </trkpt>
      <trkpt lat="52.277866713702678680419921875" lon="4.4985193200409412384033203125">
        <ele>27.6000003814697265625</ele>
        <time>2025-04-20T09:29:14.000Z</time>
        <extensions>
          <ns3:TrackPointExtension>
            <ns3:hr>128</ns3:hr>
          </ns3:TrackPointExtension>
        </extensions>
      </trkpt>
      <trkpt lat="52.2780038416385650634765625" lon="4.4982723891735076904296875">
        <ele>27.3999996185302734375</ele>
        <time>2025-04-20T09:29:19.000Z</time>
        <extensions>
          <ns3:TrackPointExtension>
            <ns3:hr>127</ns3:hr>
          </ns3:TrackPointExtension>
        </extensions>
      </trkpt>
      <trkpt lat="52.278206683695316314697265625" lon="4.49784658849239349365234375">
        <ele>27.200000762939453125</ele>
        <time>2025-04-20T09:29:27.000Z</time>
        <extensions>
          <ns3:TrackPointExtension>
            <ns3:hr>126</ns3:hr>
          </ns3:TrackPointExtension>
        </extensions>
      </trkpt>
      <trkpt lat="52.27828220464289188385009765625" lon="4.49765908531844615936279296875">
        <ele>27</ele>
        <time>2025-04-20T09:29:31.000Z</time>
        <extensions>
          <ns3:TrackPointExtension>
            <ns3:hr>125</ns3:hr>
          </ns3:TrackPointExtension>
        </extensions>
      </trkpt>
      <trkpt lat="52.27841095067560672760009765625" lon="4.497411064803600311279296875">
        <ele>27</ele>
        <time>2025-04-20T09:29:35.000Z</time>
        <extensions>
          <ns3:TrackPointExtension>
            <ns3:hr>124</ns3:hr>
          </ns3:TrackPointExtension>
        </extensions>
      </trkpt>
      <trkpt lat="52.27868151850998401641845703125" lon="4.496938325464725494384765625">
        <ele>27.200000762939453125</ele>
        <time>2025-04-20T09:29:44.000Z</time>
        <extensions>
          <ns3:TrackPointExtension>
            <ns3:hr>125</ns3:hr>
          </ns3:TrackPointExtension>
        </extensions>
      </trkpt>
      <trkpt lat="52.27887614630162715911865234375" lon="4.49654412455856800079345703125">
        <ele>27</ele>
        <time>2025-04-20T09:29:52.000Z</time>
        <extensions>
          <ns3:TrackPointExtension>
            <ns3:hr>125</ns3:hr>
          </ns3:TrackPointExtension>
        </extensions>
      </trkpt>
      <trkpt lat="52.2790539264678955078125" lon="4.4962002150714397430419921875">
        <ele>27</ele>
        <time>2025-04-20T09:29:59.000Z</time>
        <extensions>
          <ns3:TrackPointExtension>
            <ns3:hr>124</ns3:hr>
          </ns3:TrackPointExtension>
        </extensions>
      </trkpt>
      <trkpt lat="52.279252074658870697021484375" lon="4.49577935971319675445556640625">
        <ele>27.200000762939453125</ele>
        <time>2025-04-20T09:30:07.000Z</time>
        <extensions>
          <ns3:TrackPointExtension>
            <ns3:hr>125</ns3:hr>
          </ns3:TrackPointExtension>
        </extensions>
      </trkpt>
      <trkpt lat="52.2793829999864101409912109375" lon="4.49550091288983821868896484375">
        <ele>27.200000762939453125</ele>
        <time>2025-04-20T09:30:13.000Z</time>
        <extensions>
          <ns3:TrackPointExtension>
            <ns3:hr>128</ns3:hr>
          </ns3:TrackPointExtension>
        </extensions>
      </trkpt>
      <trkpt lat="52.27939984761178493499755859375" lon="4.49546788819134235382080078125">
        <ele>27.200000762939453125</ele>
        <time>2025-04-20T09:30:14.000Z</time>
        <extensions>
          <ns3:TrackPointExtension>
            <ns3:hr>128</ns3:hr>
          </ns3:TrackPointExtension>
        </extensions>
      </trkpt>
      <trkpt lat="52.279420383274555206298828125" lon="4.4954502023756504058837890625">
        <ele>27.200000762939453125</ele>
        <time>2025-04-20T09:30:15.000Z</time>
        <extensions>
          <ns3:TrackPointExtension>
            <ns3:hr>128</ns3:hr>
          </ns3:TrackPointExtension>
        </extensions>
      </trkpt>
      <trkpt lat="52.27946170605719089508056640625" lon="4.4954666309058666229248046875">
        <ele>27.200000762939453125</ele>
        <time>2025-04-20T09:30:17.000Z</time>
        <extensions>
          <ns3:TrackPointExtension>
            <ns3:hr>129</ns3:hr>
          </ns3:TrackPointExtension>
        </extensions>
      </trkpt>
      <trkpt lat="52.27961543016135692596435546875" lon="4.49571297504007816314697265625">
        <ele>26.6000003814697265625</ele>
        <time>2025-04-20T09:30:24.000Z</time>
        <extensions>
          <ns3:TrackPointExtension>
            <ns3:hr>130</ns3:hr>
          </ns3:TrackPointExtension>
        </extensions>
      </trkpt>
      <trkpt lat="52.27979966439306735992431640625" lon="4.4960007257759571075439453125">
        <ele>26.6000003814697265625</ele>
        <time>2025-04-20T09:30:31.000Z</time>
        <extensions>
          <ns3:TrackPointExtension>
            <ns3:hr>130</ns3:hr>
          </ns3:TrackPointExtension>
        </extensions>
      </trkpt>
      <trkpt lat="52.28003318421542644500732421875" lon="4.4963976927101612091064453125">
        <ele>27</ele>
        <time>2025-04-20T09:30:40.000Z</time>
        <extensions>
          <ns3:TrackPointExtension>
            <ns3:hr>132</ns3:hr>
          </ns3:TrackPointExtension>
        </extensions>
      </trkpt>
      <trkpt lat="52.28023066185414791107177734375" lon="4.49674160219728946685791015625">
        <ele>26.799999237060546875</ele>
        <time>2025-04-20T09:30:48.000Z</time>
        <extensions>
          <ns3:TrackPointExtension>
            <ns3:hr>134</ns3:hr>
          </ns3:TrackPointExtension>
        </extensions>
      </trkpt>
      <trkpt lat="52.28044691495597362518310546875" lon="4.49710353277623653411865234375">
        <ele>26.799999237060546875</ele>
        <time>2025-04-20T09:30:56.000Z</time>
        <extensions>
          <ns3:TrackPointExtension>
            <ns3:hr>133</ns3:hr>
          </ns3:TrackPointExtension>
        </extensions>
      </trkpt>
      <trkpt lat="52.2806305624544620513916015625" lon="4.49742950499057769775390625">
        <ele>26.6000003814697265625</ele>
        <time>2025-04-20T09:31:03.000Z</time>
        <extensions>
          <ns3:TrackPointExtension>
            <ns3:hr>134</ns3:hr>
          </ns3:TrackPointExtension>
        </extensions>
      </trkpt>
      <trkpt lat="52.2809220850467681884765625" lon="4.49795463122427463531494140625">
        <ele>26.6000003814697265625</ele>
        <time>2025-04-20T09:31:14.000Z</time>
        <extensions>
          <ns3:TrackPointExtension>
            <ns3:hr>136</ns3:hr>
          </ns3:TrackPointExtension>
        </extensions>
      </trkpt>
      <trkpt lat="52.28102744556963443756103515625" lon="4.4981515221297740936279296875">
        <ele>26.6000003814697265625</ele>
        <time>2025-04-20T09:31:18.000Z</time>
        <extensions>
          <ns3:TrackPointExtension>
            <ns3:hr>139</ns3:hr>
          </ns3:TrackPointExtension>
        </extensions>
      </trkpt>
      <trkpt lat="52.28115552105009555816650390625" lon="4.49838998727500438690185546875">
        <ele>26.3999996185302734375</ele>
        <time>2025-04-20T09:31:23.000Z</time>
        <extensions>
          <ns3:TrackPointExtension>
            <ns3:hr>140</ns3:hr>
          </ns3:TrackPointExtension>
        </extensions>
      </trkpt>
      <trkpt lat="52.28137931786477565765380859375" lon="4.498823247849941253662109375">
        <ele>26.3999996185302734375</ele>
        <time>2025-04-20T09:31:32.000Z</time>
        <extensions>
          <ns3:TrackPointExtension>
            <ns3:hr>142</ns3:hr>
          </ns3:TrackPointExtension>
        </extensions>
      </trkpt>
      <trkpt lat="52.28158182464540004730224609375" lon="4.4991011917591094970703125">
        <ele>26.6000003814697265625</ele>
        <time>2025-04-20T09:31:39.000Z</time>
        <extensions>
          <ns3:TrackPointExtension>
            <ns3:hr>142</ns3:hr>
          </ns3:TrackPointExtension>
        </extensions>
      </trkpt>
      <trkpt lat="52.28166027925908565521240234375" lon="4.49925181455910205841064453125">
        <ele>26.6000003814697265625</ele>
        <time>2025-04-20T09:31:44.000Z</time>
        <extensions>
          <ns3:TrackPointExtension>
            <ns3:hr>143</ns3:hr>
          </ns3:TrackPointExtension>
        </extensions>
      </trkpt>
      <trkpt lat="52.2816652245819568634033203125" lon="4.499263465404510498046875">
        <ele>26.3999996185302734375</ele>
        <time>2025-04-20T09:31:49.000Z</time>
        <extensions>
          <ns3:TrackPointExtension>
            <ns3:hr>144</ns3:hr>
          </ns3:TrackPointExtension>
        </extensions>
      </trkpt>
      <trkpt lat="52.28169263340532779693603515625" lon="4.499300010502338409423828125">
        <ele>26.3999996185302734375</ele>
        <time>2025-04-20T09:31:57.000Z</time>
        <extensions>
          <ns3:TrackPointExtension>
            <ns3:hr>144</ns3:hr>
          </ns3:TrackPointExtension>
        </extensions>
      </trkpt>
      <trkpt lat="52.28169858455657958984375" lon="4.49930998496711254119873046875">
        <ele>26.3999996185302734375</ele>
        <time>2025-04-20T09:31:58.000Z</time>
        <extensions>
          <ns3:TrackPointExtension>
            <ns3:hr>144</ns3:hr>
          </ns3:TrackPointExtension>
        </extensions>
      </trkpt>
      <trkpt lat="52.2817285917699337005615234375" lon="4.49935524724423885345458984375">
        <ele>26.3999996185302734375</ele>
        <time>2025-04-20T09:32:02.000Z</time>
        <extensions>
          <ns3:TrackPointExtension>
            <ns3:hr>141</ns3:hr>
          </ns3:TrackPointExtension>
        </extensions>
      </trkpt>
      <trkpt lat="52.28173119015991687774658203125" lon="4.49935935437679290771484375">
        <ele>26.200000762939453125</ele>
        <time>2025-04-20T09:32:03.000Z</time>
        <extensions>
          <ns3:TrackPointExtension>
            <ns3:hr>144</ns3:hr>
          </ns3:TrackPointExtension>
        </extensions>
      </trkpt>
      <trkpt lat="52.28173119015991687774658203125" lon="4.49935935437679290771484375">
        <ele>26.200000762939453125</ele>
        <time>2025-04-20T09:32:06.000Z</time>
        <extensions>
          <ns3:TrackPointExtension>
            <ns3:hr>143</ns3:hr>
          </ns3:TrackPointExtension>
        </extensions>
      </trkpt>
      <trkpt lat="52.28173119015991687774658203125" lon="4.49935935437679290771484375">
        <ele>26.6000003814697265625</ele>
        <time>2025-04-20T09:32:13.000Z</time>
        <extensions>
          <ns3:TrackPointExtension>
            <ns3:hr>140</ns3:hr>
          </ns3:TrackPointExtension>
        </extensions>
      </trkpt>
      <trkpt lat="52.28173119015991687774658203125" lon="4.49935935437679290771484375">
        <ele>27.200000762939453125</ele>
        <time>2025-04-20T09:32:18.000Z</time>
        <extensions>
          <ns3:TrackPointExtension>
            <ns3:hr>138</ns3:hr>
          </ns3:TrackPointExtension>
        </extensions>
      </trkpt>
      <trkpt lat="52.28173119015991687774658203125" lon="4.49935935437679290771484375">
        <ele>26.200000762939453125</ele>
        <time>2025-04-20T09:32:26.000Z</time>
        <extensions>
          <ns3:TrackPointExtension>
            <ns3:hr>135</ns3:hr>
          </ns3:TrackPointExtension>
        </extensions>
      </trkpt>
      <trkpt lat="52.28173119015991687774658203125" lon="4.49935935437679290771484375">
        <ele>25.799999237060546875</ele>
        <time>2025-04-20T09:32:29.000Z</time>
        <extensions>
          <ns3:TrackPointExtension>
            <ns3:hr>134</ns3:hr>
          </ns3:TrackPointExtension>
        </extensions>
      </trkpt>
      <trkpt lat="52.28173119015991687774658203125" lon="4.49935935437679290771484375">
        <ele>25.799999237060546875</ele>
        <time>2025-04-20T09:32:30.000Z</time>
        <extensions>
          <ns3:TrackPointExtension>
            <ns3:hr>133</ns3:hr>
          </ns3:TrackPointExtension>
        </extensions>
      </trkpt>
      <trkpt lat="52.28173119015991687774658203125" lon="4.49935935437679290771484375">
        <ele>26</ele>
        <time>2025-04-20T09:32:36.000Z</time>
        <extensions>
          <ns3:TrackPointExtension>
            <ns3:hr>128</ns3:hr>
          </ns3:TrackPointExtension>
        </extensions>
      </trkpt>
      <trkpt lat="52.28173068724572658538818359375" lon="4.4993561692535877227783203125">
        <ele>26.200000762939453125</ele>
        <time>2025-04-20T09:32:42.000Z</time>
        <extensions>
          <ns3:TrackPointExtension>
            <ns3:hr>131</ns3:hr>
          </ns3:TrackPointExtension>
        </extensions>
      </trkpt>
      <trkpt lat="52.28172834031283855438232421875" lon="4.4993565045297145843505859375">
        <ele>26.200000762939453125</ele>
        <time>2025-04-20T09:32:43.000Z</time>
        <extensions>
          <ns3:TrackPointExtension>
            <ns3:hr>130</ns3:hr>
          </ns3:TrackPointExtension>
        </extensions>
      </trkpt>
      <trkpt lat="52.28172834031283855438232421875" lon="4.4993565045297145843505859375">
        <ele>26.200000762939453125</ele>
        <time>2025-04-20T09:32:47.000Z</time>
        <extensions>
          <ns3:TrackPointExtension>
            <ns3:hr>127</ns3:hr>
          </ns3:TrackPointExtension>
        </extensions>
      </trkpt>
      <trkpt lat="52.28173454292118549346923828125" lon="4.4993561692535877227783203125">
        <ele>26.3999996185302734375</ele>
        <time>2025-04-20T09:32:55.000Z</time>
        <extensions>
          <ns3:TrackPointExtension>
            <ns3:hr>128</ns3:hr>
          </ns3:TrackPointExtension>
        </extensions>
      </trkpt>
      <trkpt lat="52.28173454292118549346923828125" lon="4.4993561692535877227783203125">
        <ele>26.200000762939453125</ele>
        <time>2025-04-20T09:32:59.000Z</time>
        <extensions>
          <ns3:TrackPointExtension>
            <ns3:hr>125</ns3:hr>
          </ns3:TrackPointExtension>
        </extensions>
      </trkpt>
      <trkpt lat="52.28173454292118549346923828125" lon="4.4993561692535877227783203125">
        <ele>26.3999996185302734375</ele>
        <time>2025-04-20T09:33:09.000Z</time>
        <extensions>
          <ns3:TrackPointExtension>
            <ns3:hr>124</ns3:hr>
          </ns3:TrackPointExtension>
        </extensions>
      </trkpt>
      <trkpt lat="52.28173454292118549346923828125" lon="4.4993561692535877227783203125">
        <ele>26.3999996185302734375</ele>
        <time>2025-04-20T09:33:18.000Z</time>
        <extensions>
          <ns3:TrackPointExtension>
            <ns3:hr>124</ns3:hr>
          </ns3:TrackPointExtension>
        </extensions>
      </trkpt>
      <trkpt lat="52.28172984905540943145751953125" lon="4.49935222975909709930419921875">
        <ele>26.200000762939453125</ele>
        <time>2025-04-20T09:33:28.000Z</time>
        <extensions>
          <ns3:TrackPointExtension>
            <ns3:hr>124</ns3:hr>
          </ns3:TrackPointExtension>
        </extensions>
      </trkpt>
      <trkpt lat="52.28172984905540943145751953125" lon="4.49935222975909709930419921875">
        <ele>26.6000003814697265625</ele>
        <time>2025-04-20T09:33:37.000Z</time>
        <extensions>
          <ns3:TrackPointExtension>
            <ns3:hr>127</ns3:hr>
          </ns3:TrackPointExtension>
        </extensions>
      </trkpt>
      <trkpt lat="52.28173135779798030853271484375" lon="4.49934585951268672943115234375">
        <ele>26.6000003814697265625</ele>
        <time>2025-04-20T09:33:41.000Z</time>
        <extensions>
          <ns3:TrackPointExtension>
            <ns3:hr>126</ns3:hr>
          </ns3:TrackPointExtension>
        </extensions>
      </trkpt>
      <trkpt lat="52.28173336945474147796630859375" lon="4.4993383996188640594482421875">
        <ele>26.3999996185302734375</ele>
        <time>2025-04-20T09:33:47.000Z</time>
        <extensions>
          <ns3:TrackPointExtension>
            <ns3:hr>123</ns3:hr>
          </ns3:TrackPointExtension>
        </extensions>
      </trkpt>
      <trkpt lat="52.28173336945474147796630859375" lon="4.4993383996188640594482421875">
        <ele>26.200000762939453125</ele>
        <time>2025-04-20T09:33:55.000Z</time>
        <extensions>
          <ns3:TrackPointExtension>
            <ns3:hr>122</ns3:hr>
          </ns3:TrackPointExtension>
        </extensions>
      </trkpt>
      <trkpt lat="52.28173336945474147796630859375" lon="4.4993383996188640594482421875">
        <ele>26.200000762939453125</ele>
        <time>2025-04-20T09:33:59.000Z</time>
        <extensions>
          <ns3:TrackPointExtension>
            <ns3:hr>119</ns3:hr>
          </ns3:TrackPointExtension>
        </extensions>
      </trkpt>
      <trkpt lat="52.28173336945474147796630859375" lon="4.4993383996188640594482421875">
        <ele>26</ele>
        <time>2025-04-20T09:34:02.000Z</time>
        <extensions>
          <ns3:TrackPointExtension>
            <ns3:hr>116</ns3:hr>
          </ns3:TrackPointExtension>
        </extensions>
      </trkpt>
      <trkpt lat="52.28173336945474147796630859375" lon="4.4993383996188640594482421875">
        <ele>26.200000762939453125</ele>
        <time>2025-04-20T09:34:13.000Z</time>
        <extensions>
          <ns3:TrackPointExtension>
            <ns3:hr>115</ns3:hr>
          </ns3:TrackPointExtension>
        </extensions>
      </trkpt>
      <trkpt lat="52.28173336945474147796630859375" lon="4.4993383996188640594482421875">
        <ele>26.3999996185302734375</ele>
        <time>2025-04-20T09:34:27.000Z</time>
        <extensions>
          <ns3:TrackPointExtension>
            <ns3:hr>118</ns3:hr>
          </ns3:TrackPointExtension>
        </extensions>
      </trkpt>
      <trkpt lat="52.28173336945474147796630859375" lon="4.4993383996188640594482421875">
        <ele>26.3999996185302734375</ele>
        <time>2025-04-20T09:34:31.000Z</time>
        <extensions>
          <ns3:TrackPointExtension>
            <ns3:hr>118</ns3:hr>
          </ns3:TrackPointExtension>
        </extensions>
      </trkpt>
      <trkpt lat="52.28173336945474147796630859375" lon="4.4993383996188640594482421875">
        <ele>26.3999996185302734375</ele>
        <time>2025-04-20T09:34:43.000Z</time>
        <extensions>
          <ns3:TrackPointExtension>
            <ns3:hr>121</ns3:hr>
          </ns3:TrackPointExtension>
        </extensions>
      </trkpt>
      <trkpt lat="52.28173336945474147796630859375" lon="4.4993383996188640594482421875">
        <ele>26.3999996185302734375</ele>
        <time>2025-04-20T09:34:49.000Z</time>
        <extensions>
          <ns3:TrackPointExtension>
            <ns3:hr>118</ns3:hr>
          </ns3:TrackPointExtension>
        </extensions>
      </trkpt>
      <trkpt lat="52.28173336945474147796630859375" lon="4.4993383996188640594482421875">
        <ele>26.3999996185302734375</ele>
        <time>2025-04-20T09:35:01.000Z</time>
        <extensions>
          <ns3:TrackPointExtension>
            <ns3:hr>113</ns3:hr>
          </ns3:TrackPointExtension>
        </extensions>
      </trkpt>
      <trkpt lat="52.28173336945474147796630859375" lon="4.4993383996188640594482421875">
        <ele>26.3999996185302734375</ele>
        <time>2025-04-20T09:35:05.000Z</time>
        <extensions>
          <ns3:TrackPointExtension>
            <ns3:hr>113</ns3:hr>
          </ns3:TrackPointExtension>
        </extensions>
      </trkpt>
      <trkpt lat="52.28173336945474147796630859375" lon="4.4993383996188640594482421875">
        <ele>26.200000762939453125</ele>
        <time>2025-04-20T09:35:13.000Z</time>
        <extensions>
          <ns3:TrackPointExtension>
            <ns3:hr>110</ns3:hr>
          </ns3:TrackPointExtension>
        </extensions>
      </trkpt>
      <trkpt lat="52.28173336945474147796630859375" lon="4.4993383996188640594482421875">
        <ele>26.200000762939453125</ele>
        <time>2025-04-20T09:35:21.000Z</time>
        <extensions>
          <ns3:TrackPointExtension>
            <ns3:hr>110</ns3:hr>
          </ns3:TrackPointExtension>
        </extensions>
      </trkpt>
      <trkpt lat="52.28173336945474147796630859375" lon="4.4993383996188640594482421875">
        <ele>26.200000762939453125</ele>
        <time>2025-04-20T09:35:31.000Z</time>
        <extensions>
          <ns3:TrackPointExtension>
            <ns3:hr>113</ns3:hr>
          </ns3:TrackPointExtension>
        </extensions>
      </trkpt>
      <trkpt lat="52.28173336945474147796630859375" lon="4.4993383996188640594482421875">
        <ele>26.200000762939453125</ele>
        <time>2025-04-20T09:35:35.000Z</time>
        <extensions>
          <ns3:TrackPointExtension>
            <ns3:hr>115</ns3:hr>
          </ns3:TrackPointExtension>
        </extensions>
      </trkpt>
      <trkpt lat="52.28173336945474147796630859375" lon="4.4993383996188640594482421875">
        <ele>26.200000762939453125</ele>
        <time>2025-04-20T09:35:45.000Z</time>
        <extensions>
          <ns3:TrackPointExtension>
            <ns3:hr>112</ns3:hr>
          </ns3:TrackPointExtension>
        </extensions>
      </trkpt>
      <trkpt lat="52.28173336945474147796630859375" lon="4.4993383996188640594482421875">
        <ele>26.200000762939453125</ele>
        <time>2025-04-20T09:35:47.000Z</time>
        <extensions>
          <ns3:TrackPointExtension>
            <ns3:hr>112</ns3:hr>
          </ns3:TrackPointExtension>
        </extensions>
      </trkpt>
      <trkpt lat="52.28173336945474147796630859375" lon="4.4993383996188640594482421875">
        <ele>26.200000762939453125</ele>
        <time>2025-04-20T09:35:57.000Z</time>
        <extensions>
          <ns3:TrackPointExtension>
            <ns3:hr>109</ns3:hr>
          </ns3:TrackPointExtension>
        </extensions>
      </trkpt>
      <trkpt lat="52.28173336945474147796630859375" lon="4.4993383996188640594482421875">
        <ele>26.200000762939453125</ele>
        <time>2025-04-20T09:35:59.000Z</time>
        <extensions>
          <ns3:TrackPointExtension>
            <ns3:hr>108</ns3:hr>
          </ns3:TrackPointExtension>
        </extensions>
      </trkpt>
      <trkpt lat="52.28173336945474147796630859375" lon="4.4993383996188640594482421875">
        <ele>26.200000762939453125</ele>
        <time>2025-04-20T09:36:02.000Z</time>
        <extensions>
          <ns3:TrackPointExtension>
            <ns3:hr>105</ns3:hr>
          </ns3:TrackPointExtension>
        </extensions>
      </trkpt>
      <trkpt lat="52.28173672221601009368896484375" lon="4.49934351257979869842529296875">
        <ele>26.200000762939453125</ele>
        <time>2025-04-20T09:36:13.000Z</time>
        <extensions>
          <ns3:TrackPointExtension>
            <ns3:hr>105</ns3:hr>
          </ns3:TrackPointExtension>
        </extensions>
      </trkpt>
      <trkpt lat="52.28173672221601009368896484375" lon="4.49934351257979869842529296875">
        <ele>26.200000762939453125</ele>
        <time>2025-04-20T09:36:19.000Z</time>
        <extensions>
          <ns3:TrackPointExtension>
            <ns3:hr>108</ns3:hr>
          </ns3:TrackPointExtension>
        </extensions>
      </trkpt>
      <trkpt lat="52.28173672221601009368896484375" lon="4.49934351257979869842529296875">
        <ele>26.200000762939453125</ele>
        <time>2025-04-20T09:36:22.000Z</time>
        <extensions>
          <ns3:TrackPointExtension>
            <ns3:hr>111</ns3:hr>
          </ns3:TrackPointExtension>
        </extensions>
      </trkpt>
      <trkpt lat="52.28173672221601009368896484375" lon="4.49934351257979869842529296875">
        <ele>26.200000762939453125</ele>
        <time>2025-04-20T09:36:23.000Z</time>
        <extensions>
          <ns3:TrackPointExtension>
            <ns3:hr>112</ns3:hr>
          </ns3:TrackPointExtension>
        </extensions>
      </trkpt>
      <trkpt lat="52.28173672221601009368896484375" lon="4.49934351257979869842529296875">
        <ele>26.200000762939453125</ele>
        <time>2025-04-20T09:36:28.000Z</time>
        <extensions>
          <ns3:TrackPointExtension>
            <ns3:hr>117</ns3:hr>
          </ns3:TrackPointExtension>
        </extensions>
      </trkpt>
      <trkpt lat="52.28173672221601009368896484375" lon="4.49934351257979869842529296875">
        <ele>26.200000762939453125</ele>
        <time>2025-04-20T09:36:39.000Z</time>
        <extensions>
          <ns3:TrackPointExtension>
            <ns3:hr>117</ns3:hr>
          </ns3:TrackPointExtension>
        </extensions>
      </trkpt>
      <trkpt lat="52.281745187938213348388671875" lon="4.499342255294322967529296875">
        <ele>26.200000762939453125</ele>
        <time>2025-04-20T09:36:42.000Z</time>
        <extensions>
          <ns3:TrackPointExtension>
            <ns3:hr>117</ns3:hr>
          </ns3:TrackPointExtension>
        </extensions>
      </trkpt>
      <trkpt lat="52.281753234565258026123046875" lon="4.49935960583388805389404296875">
        <ele>26.200000762939453125</ele>
        <time>2025-04-20T09:36:45.000Z</time>
        <extensions>
          <ns3:TrackPointExtension>
            <ns3:hr>116</ns3:hr>
          </ns3:TrackPointExtension>
        </extensions>
      </trkpt>
      <trkpt lat="52.281753234565258026123046875" lon="4.49935960583388805389404296875">
        <ele>26.200000762939453125</ele>
        <time>2025-04-20T09:36:56.000Z</time>
        <extensions>
          <ns3:TrackPointExtension>
            <ns3:hr>115</ns3:hr>
          </ns3:TrackPointExtension>
        </extensions>
      </trkpt>
      <trkpt lat="52.281753234565258026123046875" lon="4.49935960583388805389404296875">
        <ele>26.200000762939453125</ele>
        <time>2025-04-20T09:37:02.000Z</time>
        <extensions>
          <ns3:TrackPointExtension>
            <ns3:hr>112</ns3:hr>
          </ns3:TrackPointExtension>
        </extensions>
      </trkpt>
      <trkpt lat="52.28176773525774478912353515625" lon="4.4994165189564228057861328125">
        <ele>26.200000762939453125</ele>
        <time>2025-04-20T09:37:10.000Z</time>
        <extensions>
          <ns3:TrackPointExtension>
            <ns3:hr>110</ns3:hr>
          </ns3:TrackPointExtension>
        </extensions>
      </trkpt>
      <trkpt lat="52.2818365506827831268310546875" lon="4.49958558194339275360107421875">
        <ele>26.200000762939453125</ele>
        <time>2025-04-20T09:37:15.000Z</time>
        <extensions>
          <ns3:TrackPointExtension>
            <ns3:hr>110</ns3:hr>
          </ns3:TrackPointExtension>
        </extensions>
      </trkpt>
      <trkpt lat="52.281982898712158203125" lon="4.49981356970965862274169921875">
        <ele>26.200000762939453125</ele>
        <time>2025-04-20T09:37:22.000Z</time>
        <extensions>
          <ns3:TrackPointExtension>
            <ns3:hr>110</ns3:hr>
          </ns3:TrackPointExtension>
        </extensions>
      </trkpt>
      <trkpt lat="52.28218599222600460052490234375" lon="4.50020533986389636993408203125">
        <ele>26</ele>
        <time>2025-04-20T09:37:32.000Z</time>
        <extensions>
          <ns3:TrackPointExtension>
            <ns3:hr>110</ns3:hr>
          </ns3:TrackPointExtension>
        </extensions>
      </trkpt>
      <trkpt lat="52.2823102958500385284423828125" lon="4.50046752579510211944580078125">
        <ele>26</ele>
        <time>2025-04-20T09:37:38.000Z</time>
        <extensions>
          <ns3:TrackPointExtension>
            <ns3:hr>113</ns3:hr>
          </ns3:TrackPointExtension>
        </extensions>
      </trkpt>
      <trkpt lat="52.2823314182460308074951171875" lon="4.50050792656838893890380859375">
        <ele>26</ele>
        <time>2025-04-20T09:37:39.000Z</time>
        <extensions>
          <ns3:TrackPointExtension>
            <ns3:hr>113</ns3:hr>
          </ns3:TrackPointExtension>
        </extensions>
      </trkpt>
      <trkpt lat="52.28254624642431735992431640625" lon="4.50088712386786937713623046875">
        <ele>26</ele>
        <time>2025-04-20T09:37:48.000Z</time>
        <extensions>
          <ns3:TrackPointExtension>
            <ns3:hr>115</ns3:hr>
          </ns3:TrackPointExtension>
        </extensions>
      </trkpt>
      <trkpt lat="52.2827652655541896820068359375" lon="4.50129481963813304901123046875">
        <ele>26</ele>
        <time>2025-04-20T09:37:57.000Z</time>
        <extensions>
          <ns3:TrackPointExtension>
            <ns3:hr>118</ns3:hr>
          </ns3:TrackPointExtension>
        </extensions>
      </trkpt>
      <trkpt lat="52.28279401548206806182861328125" lon="4.5013567619025707244873046875">
        <ele>26</ele>
        <time>2025-04-20T09:37:58.000Z</time>
        <extensions>
          <ns3:TrackPointExtension>
            <ns3:hr>118</ns3:hr>
          </ns3:TrackPointExtension>
        </extensions>
      </trkpt>
      <trkpt lat="52.2828425467014312744140625" lon="4.5014427602291107177734375">
        <ele>26</ele>
        <time>2025-04-20T09:38:00.000Z</time>
        <extensions>
          <ns3:TrackPointExtension>
            <ns3:hr>121</ns3:hr>
          </ns3:TrackPointExtension>
        </extensions>
      </trkpt>
      <trkpt lat="52.28299367241561412811279296875" lon="4.50171408243477344512939453125">
        <ele>25.799999237060546875</ele>
        <time>2025-04-20T09:38:06.000Z</time>
        <extensions>
          <ns3:TrackPointExtension>
            <ns3:hr>121</ns3:hr>
          </ns3:TrackPointExtension>
        </extensions>
      </trkpt>
      <trkpt lat="52.28328041732311248779296875" lon="4.50220475904643535614013671875">
        <ele>26</ele>
        <time>2025-04-20T09:38:17.000Z</time>
        <extensions>
          <ns3:TrackPointExtension>
            <ns3:hr>123</ns3:hr>
          </ns3:TrackPointExtension>
        </extensions>
      </trkpt>
      <trkpt lat="52.28351913392543792724609375" lon="4.50261848978698253631591796875">
        <ele>25.799999237060546875</ele>
        <time>2025-04-20T09:38:26.000Z</time>
        <extensions>
          <ns3:TrackPointExtension>
            <ns3:hr>123</ns3:hr>
          </ns3:TrackPointExtension>
        </extensions>
      </trkpt>
      <trkpt lat="52.28381174616515636444091796875" lon="4.50312978588044643402099609375">
        <ele>25.6000003814697265625</ele>
        <time>2025-04-20T09:38:37.000Z</time>
        <extensions>
          <ns3:TrackPointExtension>
            <ns3:hr>123</ns3:hr>
          </ns3:TrackPointExtension>
        </extensions>
      </trkpt>
      <trkpt lat="52.283959686756134033203125" lon="4.503411166369915008544921875">
        <ele>25.799999237060546875</ele>
        <time>2025-04-20T09:38:43.000Z</time>
        <extensions>
          <ns3:TrackPointExtension>
            <ns3:hr>120</ns3:hr>
          </ns3:TrackPointExtension>
        </extensions>
      </trkpt>
      <trkpt lat="52.2840057872235774993896484375" lon="4.50350998900830745697021484375">
        <ele>25.799999237060546875</ele>
        <time>2025-04-20T09:38:45.000Z</time>
        <extensions>
          <ns3:TrackPointExtension>
            <ns3:hr>123</ns3:hr>
          </ns3:TrackPointExtension>
        </extensions>
      </trkpt>
      <trkpt lat="52.28405398316681385040283203125" lon="4.503604285418987274169921875">
        <ele>25.799999237060546875</ele>
        <time>2025-04-20T09:38:47.000Z</time>
        <extensions>
          <ns3:TrackPointExtension>
            <ns3:hr>124</ns3:hr>
          </ns3:TrackPointExtension>
        </extensions>
      </trkpt>
      <trkpt lat="52.2842840664088726043701171875" lon="4.5039937086403369903564453125">
        <ele>25.799999237060546875</ele>
        <time>2025-04-20T09:38:56.000Z</time>
        <extensions>
          <ns3:TrackPointExtension>
            <ns3:hr>124</ns3:hr>
          </ns3:TrackPointExtension>
        </extensions>
      </trkpt>
      <trkpt lat="52.28454264812171459197998046875" lon="4.5044392906129360198974609375">
        <ele>26.200000762939453125</ele>
        <time>2025-04-20T09:39:06.000Z</time>
        <extensions>
          <ns3:TrackPointExtension>
            <ns3:hr>122</ns3:hr>
          </ns3:TrackPointExtension>
        </extensions>
      </trkpt>
      <trkpt lat="52.28471850045025348663330078125" lon="4.50476576574146747589111328125">
        <ele>26</ele>
        <time>2025-04-20T09:39:13.000Z</time>
        <extensions>
          <ns3:TrackPointExtension>
            <ns3:hr>119</ns3:hr>
          </ns3:TrackPointExtension>
        </extensions>
      </trkpt>
      <trkpt lat="52.2847702167928218841552734375" lon="4.5048583857715129852294921875">
        <ele>26</ele>
        <time>2025-04-20T09:39:15.000Z</time>
        <extensions>
          <ns3:TrackPointExtension>
            <ns3:hr>121</ns3:hr>
          </ns3:TrackPointExtension>
        </extensions>
      </trkpt>
      <trkpt lat="52.28505159728229045867919921875" lon="4.5053576119244098663330078125">
        <ele>26</ele>
        <time>2025-04-20T09:39:26.000Z</time>
        <extensions>
          <ns3:TrackPointExtension>
            <ns3:hr>123</ns3:hr>
          </ns3:TrackPointExtension>
        </extensions>
      </trkpt>
      <trkpt lat="52.28512954898178577423095703125" lon="4.505500607192516326904296875">
        <ele>26</ele>
        <time>2025-04-20T09:39:29.000Z</time>
        <extensions>
          <ns3:TrackPointExtension>
            <ns3:hr>126</ns3:hr>
          </ns3:TrackPointExtension>
        </extensions>
      </trkpt>
      <trkpt lat="52.285310514271259307861328125" lon="4.5057746954262256622314453125">
        <ele>26.200000762939453125</ele>
        <time>2025-04-20T09:39:35.000Z</time>
        <extensions>
          <ns3:TrackPointExtension>
            <ns3:hr>124</ns3:hr>
          </ns3:TrackPointExtension>
        </extensions>
      </trkpt>
      <trkpt lat="52.28560052812099456787109375" lon="4.5061398111283779144287109375">
        <ele>26.3999996185302734375</ele>
        <time>2025-04-20T09:39:44.000Z</time>
        <extensions>
          <ns3:TrackPointExtension>
            <ns3:hr>124</ns3:hr>
          </ns3:TrackPointExtension>
        </extensions>
      </trkpt>
      <trkpt lat="52.28583195246756076812744140625" lon="4.50637056492269039154052734375">
        <ele>26.200000762939453125</ele>
        <time>2025-04-20T09:39:51.000Z</time>
        <extensions>
          <ns3:TrackPointExtension>
            <ns3:hr>121</ns3:hr>
          </ns3:TrackPointExtension>
        </extensions>
      </trkpt>
      <trkpt lat="52.285893224179744720458984375" lon="4.50641951523721218109130859375">
        <ele>26.200000762939453125</ele>
        <time>2025-04-20T09:39:53.000Z</time>
        <extensions>
          <ns3:TrackPointExtension>
            <ns3:hr>124</ns3:hr>
          </ns3:TrackPointExtension>
        </extensions>
      </trkpt>
      <trkpt lat="52.28617611341178417205810546875" lon="4.5067329145967960357666015625">
        <ele>26.200000762939453125</ele>
        <time>2025-04-20T09:40:02.000Z</time>
        <extensions>
          <ns3:TrackPointExtension>
            <ns3:hr>127</ns3:hr>
          </ns3:TrackPointExtension>
        </extensions>
      </trkpt>
      <trkpt lat="52.28620645590126514434814453125" lon="4.50676736421883106231689453125">
        <ele>26.200000762939453125</ele>
        <time>2025-04-20T09:40:03.000Z</time>
        <extensions>
          <ns3:TrackPointExtension>
            <ns3:hr>124</ns3:hr>
          </ns3:TrackPointExtension>
        </extensions>
      </trkpt>
      <trkpt lat="52.28648020885884761810302734375" lon="4.50709350407123565673828125">
        <ele>26.6000003814697265625</ele>
        <time>2025-04-20T09:40:12.000Z</time>
        <extensions>
          <ns3:TrackPointExtension>
            <ns3:hr>128</ns3:hr>
          </ns3:TrackPointExtension>
        </extensions>
      </trkpt>
      <trkpt lat="52.28650937788188457489013671875" lon="4.50713465921580791473388671875">
        <ele>26.6000003814697265625</ele>
        <time>2025-04-20T09:40:13.000Z</time>
        <extensions>
          <ns3:TrackPointExtension>
            <ns3:hr>125</ns3:hr>
          </ns3:TrackPointExtension>
        </extensions>
      </trkpt>
      <trkpt lat="52.28653821162879467010498046875" lon="4.50717388652265071868896484375">
        <ele>26.6000003814697265625</ele>
        <time>2025-04-20T09:40:14.000Z</time>
        <extensions>
          <ns3:TrackPointExtension>
            <ns3:hr>126</ns3:hr>
          </ns3:TrackPointExtension>
        </extensions>
      </trkpt>
      <trkpt lat="52.2868519462645053863525390625" lon="4.5076099969446659088134765625">
        <ele>26.6000003814697265625</ele>
        <time>2025-04-20T09:40:25.000Z</time>
        <extensions>
          <ns3:TrackPointExtension>
            <ns3:hr>127</ns3:hr>
          </ns3:TrackPointExtension>
        </extensions>
      </trkpt>
      <trkpt lat="52.28697650134563446044921875" lon="4.5078128390014171600341796875">
        <ele>26.6000003814697265625</ele>
        <time>2025-04-20T09:40:30.000Z</time>
        <extensions>
          <ns3:TrackPointExtension>
            <ns3:hr>126</ns3:hr>
          </ns3:TrackPointExtension>
        </extensions>
      </trkpt>
      <trkpt lat="52.287026457488536834716796875" lon="4.50789657421410083770751953125">
        <ele>26.6000003814697265625</ele>
        <time>2025-04-20T09:40:35.000Z</time>
        <extensions>
          <ns3:TrackPointExtension>
            <ns3:hr>124</ns3:hr>
          </ns3:TrackPointExtension>
        </extensions>
      </trkpt>
      <trkpt lat="52.28703190572559833526611328125" lon="4.50791115872561931610107421875">
        <ele>26</ele>
        <time>2025-04-20T09:40:41.000Z</time>
        <extensions>
          <ns3:TrackPointExtension>
            <ns3:hr>124</ns3:hr>
          </ns3:TrackPointExtension>
        </extensions>
      </trkpt>
      <trkpt lat="52.2870386950671672821044921875" lon="4.50794820673763751983642578125">
        <ele>26</ele>
        <time>2025-04-20T09:40:46.000Z</time>
        <extensions>
          <ns3:TrackPointExtension>
            <ns3:hr>125</ns3:hr>
          </ns3:TrackPointExtension>
        </extensions>
      </trkpt>
      <trkpt lat="52.28704950772225856781005859375" lon="4.50795273296535015106201171875">
        <ele>26</ele>
        <time>2025-04-20T09:40:47.000Z</time>
        <extensions>
          <ns3:TrackPointExtension>
            <ns3:hr>125</ns3:hr>
          </ns3:TrackPointExtension>
        </extensions>
      </trkpt>
      <trkpt lat="52.28706962428987026214599609375" lon="4.50794016011059284210205078125">
        <ele>25.799999237060546875</ele>
        <time>2025-04-20T09:40:52.000Z</time>
        <extensions>
          <ns3:TrackPointExtension>
            <ns3:hr>127</ns3:hr>
          </ns3:TrackPointExtension>
        </extensions>
      </trkpt>
      <trkpt lat="52.28708605282008647918701171875" lon="4.50792624615132808685302734375">
        <ele>25.799999237060546875</ele>
        <time>2025-04-20T09:41:02.000Z</time>
        <extensions>
          <ns3:TrackPointExtension>
            <ns3:hr>124</ns3:hr>
          </ns3:TrackPointExtension>
        </extensions>
      </trkpt>
      <trkpt lat="52.287113629281520843505859375" lon="4.5078961551189422607421875">
        <ele>25.799999237060546875</ele>
        <time>2025-04-20T09:41:05.000Z</time>
        <extensions>
          <ns3:TrackPointExtension>
            <ns3:hr>126</ns3:hr>
          </ns3:TrackPointExtension>
        </extensions>
      </trkpt>
      <trkpt lat="52.28711941279470920562744140625" lon="4.5078842528164386749267578125">
        <ele>26</ele>
        <time>2025-04-20T09:41:09.000Z</time>
        <extensions>
          <ns3:TrackPointExtension>
            <ns3:hr>129</ns3:hr>
          </ns3:TrackPointExtension>
        </extensions>
      </trkpt>
      <trkpt lat="52.28711941279470920562744140625" lon="4.5078842528164386749267578125">
        <ele>26.200000762939453125</ele>
        <time>2025-04-20T09:41:12.000Z</time>
        <extensions>
          <ns3:TrackPointExtension>
            <ns3:hr>129</ns3:hr>
          </ns3:TrackPointExtension>
        </extensions>
      </trkpt>
      <trkpt lat="52.28713986463844776153564453125" lon="4.50789741240441799163818359375">
        <ele>25.799999237060546875</ele>
        <time>2025-04-20T09:41:19.000Z</time>
        <extensions>
          <ns3:TrackPointExtension>
            <ns3:hr>127</ns3:hr>
          </ns3:TrackPointExtension>
        </extensions>
      </trkpt>
      <trkpt lat="52.28718613274395465850830078125" lon="4.5079724304378032684326171875">
        <ele>25.3999996185302734375</ele>
        <time>2025-04-20T09:41:24.000Z</time>
        <extensions>
          <ns3:TrackPointExtension>
            <ns3:hr>124</ns3:hr>
          </ns3:TrackPointExtension>
        </extensions>
      </trkpt>
      <trkpt lat="52.28720105253159999847412109375" lon="4.5080280862748622894287109375">
        <ele>25.3999996185302734375</ele>
        <time>2025-04-20T09:41:27.000Z</time>
        <extensions>
          <ns3:TrackPointExtension>
            <ns3:hr>124</ns3:hr>
          </ns3:TrackPointExtension>
        </extensions>
      </trkpt>
      <trkpt lat="52.28726995177567005157470703125" lon="4.5081179402768611907958984375">
        <ele>26.200000762939453125</ele>
        <time>2025-04-20T09:41:34.000Z</time>
        <extensions>
          <ns3:TrackPointExtension>
            <ns3:hr>123</ns3:hr>
          </ns3:TrackPointExtension>
        </extensions>
      </trkpt>
      <trkpt lat="52.287290990352630615234375" lon="4.50815037824213504791259765625">
        <ele>26.3999996185302734375</ele>
        <time>2025-04-20T09:41:37.000Z</time>
        <extensions>
          <ns3:TrackPointExtension>
            <ns3:hr>125</ns3:hr>
          </ns3:TrackPointExtension>
        </extensions>
      </trkpt>
      <trkpt lat="52.2873082570731639862060546875" lon="4.508204944431781768798828125">
        <ele>26.200000762939453125</ele>
        <time>2025-04-20T09:41:40.000Z</time>
        <extensions>
          <ns3:TrackPointExtension>
            <ns3:hr>125</ns3:hr>
          </ns3:TrackPointExtension>
        </extensions>
      </trkpt>
      <trkpt lat="52.28732175193727016448974609375" lon="4.50825154781341552734375">
        <ele>26.200000762939453125</ele>
        <time>2025-04-20T09:41:43.000Z</time>
        <extensions>
          <ns3:TrackPointExtension>
            <ns3:hr>127</ns3:hr>
          </ns3:TrackPointExtension>
        </extensions>
      </trkpt>
      <trkpt lat="52.2873330675065517425537109375" lon="4.50826168991625308990478515625">
        <ele>26</ele>
        <time>2025-04-20T09:41:44.000Z</time>
        <extensions>
          <ns3:TrackPointExtension>
            <ns3:hr>123</ns3:hr>
          </ns3:TrackPointExtension>
        </extensions>
      </trkpt>
      <trkpt lat="52.28734119795262813568115234375" lon="4.50827158056199550628662109375">
        <ele>26</ele>
        <time>2025-04-20T09:41:45.000Z</time>
        <extensions>
          <ns3:TrackPointExtension>
            <ns3:hr>125</ns3:hr>
          </ns3:TrackPointExtension>
        </extensions>
      </trkpt>
      <trkpt lat="52.287343628704547882080078125" lon="4.50827627442777156829833984375">
        <ele>26</ele>
        <time>2025-04-20T09:41:46.000Z</time>
        <extensions>
          <ns3:TrackPointExtension>
            <ns3:hr>126</ns3:hr>
          </ns3:TrackPointExtension>
        </extensions>
      </trkpt>
      <trkpt lat="52.287343628704547882080078125" lon="4.50827627442777156829833984375">
        <ele>26.200000762939453125</ele>
        <time>2025-04-20T09:41:50.000Z</time>
        <extensions>
          <ns3:TrackPointExtension>
            <ns3:hr>129</ns3:hr>
          </ns3:TrackPointExtension>
        </extensions>
      </trkpt>
      <trkpt lat="52.287343628704547882080078125" lon="4.50827627442777156829833984375">
        <ele>26.3999996185302734375</ele>
        <time>2025-04-20T09:41:51.000Z</time>
        <extensions>
          <ns3:TrackPointExtension>
            <ns3:hr>126</ns3:hr>
          </ns3:TrackPointExtension>
        </extensions>
      </trkpt>
      <trkpt lat="52.287343628704547882080078125" lon="4.50827627442777156829833984375">
        <ele>26.6000003814697265625</ele>
        <time>2025-04-20T09:41:54.000Z</time>
        <extensions>
          <ns3:TrackPointExtension>
            <ns3:hr>126</ns3:hr>
          </ns3:TrackPointExtension>
        </extensions>
      </trkpt>
      <trkpt lat="52.28733801282942295074462890625" lon="4.5082798786461353302001953125">
        <ele>25.799999237060546875</ele>
        <time>2025-04-20T09:42:04.000Z</time>
        <extensions>
          <ns3:TrackPointExtension>
            <ns3:hr>125</ns3:hr>
          </ns3:TrackPointExtension>
        </extensions>
      </trkpt>
      <trkpt lat="52.28733801282942295074462890625" lon="4.5082798786461353302001953125">
        <ele>25.799999237060546875</ele>
        <time>2025-04-20T09:42:07.000Z</time>
        <extensions>
          <ns3:TrackPointExtension>
            <ns3:hr>122</ns3:hr>
          </ns3:TrackPointExtension>
        </extensions>
      </trkpt>
      <trkpt lat="52.287317477166652679443359375" lon="4.508245848119258880615234375">
        <ele>25.799999237060546875</ele>
        <time>2025-04-20T09:42:11.000Z</time>
        <extensions>
          <ns3:TrackPointExtension>
            <ns3:hr>120</ns3:hr>
          </ns3:TrackPointExtension>
        </extensions>
      </trkpt>
      <trkpt lat="52.28731119073927402496337890625" lon="4.5082326047122478485107421875">
        <ele>25.6000003814697265625</ele>
        <time>2025-04-20T09:42:12.000Z</time>
        <extensions>
          <ns3:TrackPointExtension>
            <ns3:hr>119</ns3:hr>
          </ns3:TrackPointExtension>
        </extensions>
      </trkpt>
      <trkpt lat="52.28727154433727264404296875" lon="4.50815775431692600250244140625">
        <ele>25.799999237060546875</ele>
        <time>2025-04-20T09:42:18.000Z</time>
        <extensions>
          <ns3:TrackPointExtension>
            <ns3:hr>122</ns3:hr>
          </ns3:TrackPointExtension>
        </extensions>
      </trkpt>
      <trkpt lat="52.28726073168218135833740234375" lon="4.5081330277025699615478515625">
        <ele>25.799999237060546875</ele>
        <time>2025-04-20T09:42:19.000Z</time>
        <extensions>
          <ns3:TrackPointExtension>
            <ns3:hr>122</ns3:hr>
          </ns3:TrackPointExtension>
        </extensions>
      </trkpt>
      <trkpt lat="52.28724597953259944915771484375" lon="4.50805432163178920745849609375">
        <ele>25.799999237060546875</ele>
        <time>2025-04-20T09:42:23.000Z</time>
        <extensions>
          <ns3:TrackPointExtension>
            <ns3:hr>120</ns3:hr>
          </ns3:TrackPointExtension>
        </extensions>
      </trkpt>
      <trkpt lat="52.2872378490865230560302734375" lon="4.5080482028424739837646484375">
        <ele>25.799999237060546875</ele>
        <time>2025-04-20T09:42:24.000Z</time>
        <extensions>
          <ns3:TrackPointExtension>
            <ns3:hr>119</ns3:hr>
          </ns3:TrackPointExtension>
        </extensions>
      </trkpt>
      <trkpt lat="52.28723189793527126312255859375" lon="4.508042670786380767822265625">
        <ele>25.6000003814697265625</ele>
        <time>2025-04-20T09:42:25.000Z</time>
        <extensions>
          <ns3:TrackPointExtension>
            <ns3:hr>119</ns3:hr>
          </ns3:TrackPointExtension>
        </extensions>
      </trkpt>
      <trkpt lat="52.28720172308385372161865234375" lon="4.50799799524247646331787109375">
        <ele>25.6000003814697265625</ele>
        <time>2025-04-20T09:42:28.000Z</time>
        <extensions>
          <ns3:TrackPointExtension>
            <ns3:hr>117</ns3:hr>
          </ns3:TrackPointExtension>
        </extensions>
      </trkpt>
      <trkpt lat="52.28717003948986530303955078125" lon="4.507936723530292510986328125">
        <ele>25.799999237060546875</ele>
        <time>2025-04-20T09:42:31.000Z</time>
        <extensions>
          <ns3:TrackPointExtension>
            <ns3:hr>117</ns3:hr>
          </ns3:TrackPointExtension>
        </extensions>
      </trkpt>
      <trkpt lat="52.2871396131813526153564453125" lon="4.50790780596435070037841796875">
        <ele>25.6000003814697265625</ele>
        <time>2025-04-20T09:42:34.000Z</time>
        <extensions>
          <ns3:TrackPointExtension>
            <ns3:hr>119</ns3:hr>
          </ns3:TrackPointExtension>
        </extensions>
      </trkpt>
      <trkpt lat="52.2871335782110691070556640625" lon="4.50790478847920894622802734375">
        <ele>25.6000003814697265625</ele>
        <time>2025-04-20T09:42:35.000Z</time>
        <extensions>
          <ns3:TrackPointExtension>
            <ns3:hr>119</ns3:hr>
          </ns3:TrackPointExtension>
        </extensions>
      </trkpt>
      <trkpt lat="52.2871164791285991668701171875" lon="4.50790897943079471588134765625">
        <ele>25.6000003814697265625</ele>
        <time>2025-04-20T09:42:38.000Z</time>
        <extensions>
          <ns3:TrackPointExtension>
            <ns3:hr>119</ns3:hr>
          </ns3:TrackPointExtension>
        </extensions>
      </trkpt>
      <trkpt lat="52.28708236478269100189208984375" lon="4.50792230665683746337890625">
        <ele>25.6000003814697265625</ele>
        <time>2025-04-20T09:42:40.000Z</time>
        <extensions>
          <ns3:TrackPointExtension>
            <ns3:hr>119</ns3:hr>
          </ns3:TrackPointExtension>
        </extensions>
      </trkpt>
      <trkpt lat="52.2870487533509731292724609375" lon="4.5079063810408115386962890625">
        <ele>25.6000003814697265625</ele>
        <time>2025-04-20T09:42:43.000Z</time>
        <extensions>
          <ns3:TrackPointExtension>
            <ns3:hr>119</ns3:hr>
          </ns3:TrackPointExtension>
        </extensions>
      </trkpt>
      <trkpt lat="52.28704146109521389007568359375" lon="4.50789607129991054534912109375">
        <ele>25.799999237060546875</ele>
        <time>2025-04-20T09:42:44.000Z</time>
        <extensions>
          <ns3:TrackPointExtension>
            <ns3:hr>118</ns3:hr>
          </ns3:TrackPointExtension>
        </extensions>
      </trkpt>
      <trkpt lat="52.287040539085865020751953125" lon="4.50789171271026134490966796875">
        <ele>25.799999237060546875</ele>
        <time>2025-04-20T09:42:48.000Z</time>
        <extensions>
          <ns3:TrackPointExtension>
            <ns3:hr>119</ns3:hr>
          </ns3:TrackPointExtension>
        </extensions>
      </trkpt>
      <trkpt lat="52.287040539085865020751953125" lon="4.50789171271026134490966796875">
        <ele>25.799999237060546875</ele>
        <time>2025-04-20T09:42:59.000Z</time>
        <extensions>
          <ns3:TrackPointExtension>
            <ns3:hr>119</ns3:hr>
          </ns3:TrackPointExtension>
        </extensions>
      </trkpt>
      <trkpt lat="52.287040539085865020751953125" lon="4.50789171271026134490966796875">
        <ele>25.3999996185302734375</ele>
        <time>2025-04-20T09:43:20.000Z</time>
        <extensions>
          <ns3:TrackPointExtension>
            <ns3:hr>119</ns3:hr>
          </ns3:TrackPointExtension>
        </extensions>
      </trkpt>
      <trkpt lat="52.28703659959137439727783203125" lon="4.50793546624481678009033203125">
        <ele>25.6000003814697265625</ele>
        <time>2025-04-20T09:43:25.000Z</time>
        <extensions>
          <ns3:TrackPointExtension>
            <ns3:hr>120</ns3:hr>
          </ns3:TrackPointExtension>
        </extensions>
      </trkpt>
      <trkpt lat="52.28704263456165790557861328125" lon="4.50796647928655147552490234375">
        <ele>25.6000003814697265625</ele>
        <time>2025-04-20T09:43:26.000Z</time>
        <extensions>
          <ns3:TrackPointExtension>
            <ns3:hr>123</ns3:hr>
          </ns3:TrackPointExtension>
        </extensions>
      </trkpt>
      <trkpt lat="52.28712243027985095977783203125" lon="4.50812825001776218414306640625">
        <ele>25.799999237060546875</ele>
        <time>2025-04-20T09:43:33.000Z</time>
        <extensions>
          <ns3:TrackPointExtension>
            <ns3:hr>121</ns3:hr>
          </ns3:TrackPointExtension>
        </extensions>
      </trkpt>
      <trkpt lat="52.28713030926883220672607421875" lon="4.50822514481842517852783203125">
        <ele>25.799999237060546875</ele>
        <time>2025-04-20T09:43:37.000Z</time>
        <extensions>
          <ns3:TrackPointExtension>
            <ns3:hr>121</ns3:hr>
          </ns3:TrackPointExtension>
        </extensions>
      </trkpt>
      <trkpt lat="52.2869699634611606597900390625" lon="4.50846386142075061798095703125">
        <ele>26</ele>
        <time>2025-04-20T09:43:45.000Z</time>
        <extensions>
          <ns3:TrackPointExtension>
            <ns3:hr>121</ns3:hr>
          </ns3:TrackPointExtension>
        </extensions>
      </trkpt>
      <trkpt lat="52.28678740561008453369140625" lon="4.50878572650253772735595703125">
        <ele>26</ele>
        <time>2025-04-20T09:43:53.000Z</time>
        <extensions>
          <ns3:TrackPointExtension>
            <ns3:hr>120</ns3:hr>
          </ns3:TrackPointExtension>
        </extensions>
      </trkpt>
      <trkpt lat="52.28672504425048828125" lon="4.5091717131435871124267578125">
        <ele>26</ele>
        <time>2025-04-20T09:43:59.000Z</time>
        <extensions>
          <ns3:TrackPointExtension>
            <ns3:hr>120</ns3:hr>
          </ns3:TrackPointExtension>
        </extensions>
      </trkpt>
      <trkpt lat="52.28672973811626434326171875" lon="4.50941026210784912109375">
        <ele>25.6000003814697265625</ele>
        <time>2025-04-20T09:44:03.000Z</time>
        <extensions>
          <ns3:TrackPointExtension>
            <ns3:hr>119</ns3:hr>
          </ns3:TrackPointExtension>
        </extensions>
      </trkpt>
      <trkpt lat="52.28667265735566616058349609375" lon="4.50981016270816326141357421875">
        <ele>25</ele>
        <time>2025-04-20T09:44:09.000Z</time>
        <extensions>
          <ns3:TrackPointExtension>
            <ns3:hr>118</ns3:hr>
          </ns3:TrackPointExtension>
        </extensions>
      </trkpt>
      <trkpt lat="52.286546342074871063232421875" lon="4.510335288941860198974609375">
        <ele>25.200000762939453125</ele>
        <time>2025-04-20T09:44:17.000Z</time>
        <extensions>
          <ns3:TrackPointExtension>
            <ns3:hr>119</ns3:hr>
          </ns3:TrackPointExtension>
        </extensions>
      </trkpt>
      <trkpt lat="52.28631894104182720184326171875" lon="4.51115294359624385833740234375">
        <ele>25.200000762939453125</ele>
        <time>2025-04-20T09:44:30.000Z</time>
        <extensions>
          <ns3:TrackPointExtension>
            <ns3:hr>122</ns3:hr>
          </ns3:TrackPointExtension>
        </extensions>
      </trkpt>
      <trkpt lat="52.28630368597805500030517578125" lon="4.51121463440358638763427734375">
        <ele>25.200000762939453125</ele>
        <time>2025-04-20T09:44:31.000Z</time>
        <extensions>
          <ns3:TrackPointExtension>
            <ns3:hr>121</ns3:hr>
          </ns3:TrackPointExtension>
        </extensions>
      </trkpt>
      <trkpt lat="52.286226488649845123291015625" lon="4.511502049863338470458984375">
        <ele>25</ele>
        <time>2025-04-20T09:44:36.000Z</time>
        <extensions>
          <ns3:TrackPointExtension>
            <ns3:hr>124</ns3:hr>
          </ns3:TrackPointExtension>
        </extensions>
      </trkpt>
      <trkpt lat="52.2861797176301479339599609375" lon="4.5116554386913776397705078125">
        <ele>25</ele>
        <time>2025-04-20T09:44:39.000Z</time>
        <extensions>
          <ns3:TrackPointExtension>
            <ns3:hr>126</ns3:hr>
          </ns3:TrackPointExtension>
        </extensions>
      </trkpt>
      <trkpt lat="52.28611844591796398162841796875" lon="4.5118847675621509552001953125">
        <ele>24.799999237060546875</ele>
        <time>2025-04-20T09:44:44.000Z</time>
        <extensions>
          <ns3:TrackPointExtension>
            <ns3:hr>123</ns3:hr>
          </ns3:TrackPointExtension>
        </extensions>
      </trkpt>
      <trkpt lat="52.28610419668257236480712890625" lon="4.51193547807633876800537109375">
        <ele>24.799999237060546875</ele>
        <time>2025-04-20T09:44:45.000Z</time>
        <extensions>
          <ns3:TrackPointExtension>
            <ns3:hr>123</ns3:hr>
          </ns3:TrackPointExtension>
        </extensions>
      </trkpt>
      <trkpt lat="52.28608961217105388641357421875" lon="4.51198853552341461181640625">
        <ele>24.799999237060546875</ele>
        <time>2025-04-20T09:44:46.000Z</time>
        <extensions>
          <ns3:TrackPointExtension>
            <ns3:hr>123</ns3:hr>
          </ns3:TrackPointExtension>
        </extensions>
      </trkpt>
      <trkpt lat="52.28607469238340854644775390625" lon="4.51204410754144191741943359375">
        <ele>24.799999237060546875</ele>
        <time>2025-04-20T09:44:47.000Z</time>
        <extensions>
          <ns3:TrackPointExtension>
            <ns3:hr>120</ns3:hr>
          </ns3:TrackPointExtension>
        </extensions>
      </trkpt>
      <trkpt lat="52.2860593535006046295166015625" lon="4.51210529543459415435791015625">
        <ele>24.799999237060546875</ele>
        <time>2025-04-20T09:44:48.000Z</time>
        <extensions>
          <ns3:TrackPointExtension>
            <ns3:hr>123</ns3:hr>
          </ns3:TrackPointExtension>
        </extensions>
      </trkpt>
      <trkpt lat="52.28599405847489833831787109375" lon="4.51235624961555004119873046875">
        <ele>24.799999237060546875</ele>
        <time>2025-04-20T09:44:52.000Z</time>
        <extensions>
          <ns3:TrackPointExtension>
            <ns3:hr>122</ns3:hr>
          </ns3:TrackPointExtension>
        </extensions>
      </trkpt>
      <trkpt lat="52.28596304543316364288330078125" lon="4.51248667202889919281005859375">
        <ele>24.799999237060546875</ele>
        <time>2025-04-20T09:44:54.000Z</time>
        <extensions>
          <ns3:TrackPointExtension>
            <ns3:hr>121</ns3:hr>
          </ns3:TrackPointExtension>
        </extensions>
      </trkpt>
      <trkpt lat="52.285905964672565460205078125" lon="4.5126867480576038360595703125">
        <ele>25</ele>
        <time>2025-04-20T09:44:57.000Z</time>
        <extensions>
          <ns3:TrackPointExtension>
            <ns3:hr>118</ns3:hr>
          </ns3:TrackPointExtension>
        </extensions>
      </trkpt>
      <trkpt lat="52.2858863510191440582275390625" lon="4.512758664786815643310546875">
        <ele>25</ele>
        <time>2025-04-20T09:44:58.000Z</time>
        <extensions>
          <ns3:TrackPointExtension>
            <ns3:hr>118</ns3:hr>
          </ns3:TrackPointExtension>
        </extensions>
      </trkpt>
      <trkpt lat="52.28573204018175601959228515625" lon="4.51338269747793674468994140625">
        <ele>24.799999237060546875</ele>
        <time>2025-04-20T09:45:07.000Z</time>
        <extensions>
          <ns3:TrackPointExtension>
            <ns3:hr>117</ns3:hr>
          </ns3:TrackPointExtension>
        </extensions>
      </trkpt>
      <trkpt lat="52.2856808267533779144287109375" lon="4.5135909877717494964599609375">
        <ele>25</ele>
        <time>2025-04-20T09:45:10.000Z</time>
        <extensions>
          <ns3:TrackPointExtension>
            <ns3:hr>117</ns3:hr>
          </ns3:TrackPointExtension>
        </extensions>
      </trkpt>
      <trkpt lat="52.28559340350329875946044921875" lon="4.51387010514736175537109375">
        <ele>25</ele>
        <time>2025-04-20T09:45:14.000Z</time>
        <extensions>
          <ns3:TrackPointExtension>
            <ns3:hr>114</ns3:hr>
          </ns3:TrackPointExtension>
        </extensions>
      </trkpt>
      <trkpt lat="52.2854595445096492767333984375" lon="4.514253996312618255615234375">
        <ele>25.3999996185302734375</ele>
        <time>2025-04-20T09:45:20.000Z</time>
        <extensions>
          <ns3:TrackPointExtension>
            <ns3:hr>111</ns3:hr>
          </ns3:TrackPointExtension>
        </extensions>
      </trkpt>
      <trkpt lat="52.2853804193437099456787109375" lon="4.514469914138317108154296875">
        <ele>25.799999237060546875</ele>
        <time>2025-04-20T09:45:24.000Z</time>
        <extensions>
          <ns3:TrackPointExtension>
            <ns3:hr>110</ns3:hr>
          </ns3:TrackPointExtension>
        </extensions>
      </trkpt>
      <trkpt lat="52.28534529916942119598388671875" lon="4.51455716975033283233642578125">
        <ele>26.200000762939453125</ele>
        <time>2025-04-20T09:45:26.000Z</time>
        <extensions>
          <ns3:TrackPointExtension>
            <ns3:hr>113</ns3:hr>
          </ns3:TrackPointExtension>
        </extensions>
      </trkpt>
      <trkpt lat="52.28525586426258087158203125" lon="4.514777027070522308349609375">
        <ele>26.6000003814697265625</ele>
        <time>2025-04-20T09:45:31.000Z</time>
        <extensions>
          <ns3:TrackPointExtension>
            <ns3:hr>113</ns3:hr>
          </ns3:TrackPointExtension>
        </extensions>
      </trkpt>
      <trkpt lat="52.28513709269464015960693359375" lon="4.51507131569087505340576171875">
        <ele>26.6000003814697265625</ele>
        <time>2025-04-20T09:45:38.000Z</time>
        <extensions>
          <ns3:TrackPointExtension>
            <ns3:hr>116</ns3:hr>
          </ns3:TrackPointExtension>
        </extensions>
      </trkpt>
      <trkpt lat="52.2851246036589145660400390625" lon="4.51509864069521427154541015625">
        <ele>26.6000003814697265625</ele>
        <time>2025-04-20T09:45:39.000Z</time>
        <extensions>
          <ns3:TrackPointExtension>
            <ns3:hr>116</ns3:hr>
          </ns3:TrackPointExtension>
        </extensions>
      </trkpt>
      <trkpt lat="52.28511597029864788055419921875" lon="4.515118338167667388916015625">
        <ele>26.6000003814697265625</ele>
        <time>2025-04-20T09:45:43.000Z</time>
        <extensions>
          <ns3:TrackPointExtension>
            <ns3:hr>117</ns3:hr>
          </ns3:TrackPointExtension>
        </extensions>
      </trkpt>
      <trkpt lat="52.285113036632537841796875" lon="4.515126384794712066650390625">
        <ele>26.799999237060546875</ele>
        <time>2025-04-20T09:45:52.000Z</time>
        <extensions>
          <ns3:TrackPointExtension>
            <ns3:hr>118</ns3:hr>
          </ns3:TrackPointExtension>
        </extensions>
      </trkpt>
      <trkpt lat="52.285113036632537841796875" lon="4.515126384794712066650390625">
        <ele>26.799999237060546875</ele>
        <time>2025-04-20T09:45:59.000Z</time>
        <extensions>
          <ns3:TrackPointExtension>
            <ns3:hr>118</ns3:hr>
          </ns3:TrackPointExtension>
        </extensions>
      </trkpt>
      <trkpt lat="52.285113036632537841796875" lon="4.515126384794712066650390625">
        <ele>26.799999237060546875</ele>
        <time>2025-04-20T09:46:10.000Z</time>
        <extensions>
          <ns3:TrackPointExtension>
            <ns3:hr>119</ns3:hr>
          </ns3:TrackPointExtension>
        </extensions>
      </trkpt>
      <trkpt lat="52.285113036632537841796875" lon="4.515126384794712066650390625">
        <ele>26.799999237060546875</ele>
        <time>2025-04-20T09:46:21.000Z</time>
        <extensions>
          <ns3:TrackPointExtension>
            <ns3:hr>117</ns3:hr>
          </ns3:TrackPointExtension>
        </extensions>
      </trkpt>
      <trkpt lat="52.285113036632537841796875" lon="4.515126384794712066650390625">
        <ele>26.799999237060546875</ele>
        <time>2025-04-20T09:46:30.000Z</time>
        <extensions>
          <ns3:TrackPointExtension>
            <ns3:hr>114</ns3:hr>
          </ns3:TrackPointExtension>
        </extensions>
      </trkpt>
      <trkpt lat="52.285113036632537841796875" lon="4.515126384794712066650390625">
        <ele>26.799999237060546875</ele>
        <time>2025-04-20T09:46:31.000Z</time>
        <extensions>
          <ns3:TrackPointExtension>
            <ns3:hr>114</ns3:hr>
          </ns3:TrackPointExtension>
        </extensions>
      </trkpt>
      <trkpt lat="52.285113036632537841796875" lon="4.515126384794712066650390625">
        <ele>26.799999237060546875</ele>
        <time>2025-04-20T09:46:37.000Z</time>
        <extensions>
          <ns3:TrackPointExtension>
            <ns3:hr>111</ns3:hr>
          </ns3:TrackPointExtension>
        </extensions>
      </trkpt>
      <trkpt lat="52.285113036632537841796875" lon="4.515126384794712066650390625">
        <ele>26.799999237060546875</ele>
        <time>2025-04-20T09:46:45.000Z</time>
        <extensions>
          <ns3:TrackPointExtension>
            <ns3:hr>109</ns3:hr>
          </ns3:TrackPointExtension>
        </extensions>
      </trkpt>
      <trkpt lat="52.28511999361217021942138671875" lon="4.51512445695698261260986328125">
        <ele>26.799999237060546875</ele>
        <time>2025-04-20T09:46:57.000Z</time>
        <extensions>
          <ns3:TrackPointExtension>
            <ns3:hr>109</ns3:hr>
          </ns3:TrackPointExtension>
        </extensions>
      </trkpt>
      <trkpt lat="52.2851224243640899658203125" lon="4.515125043690204620361328125">
        <ele>26.799999237060546875</ele>
        <time>2025-04-20T09:47:07.000Z</time>
        <extensions>
          <ns3:TrackPointExtension>
            <ns3:hr>109</ns3:hr>
          </ns3:TrackPointExtension>
        </extensions>
      </trkpt>
      <trkpt lat="52.28512351401150226593017578125" lon="4.51513476669788360595703125">
        <ele>26.799999237060546875</ele>
        <time>2025-04-20T09:47:16.000Z</time>
        <extensions>
          <ns3:TrackPointExtension>
            <ns3:hr>110</ns3:hr>
          </ns3:TrackPointExtension>
        </extensions>
      </trkpt>
      <trkpt lat="52.285119406878948211669921875" lon="4.51515882275998592376708984375">
        <ele>26.799999237060546875</ele>
        <time>2025-04-20T09:47:18.000Z</time>
        <extensions>
          <ns3:TrackPointExtension>
            <ns3:hr>111</ns3:hr>
          </ns3:TrackPointExtension>
        </extensions>
      </trkpt>
      <trkpt lat="52.28509870357811450958251953125" lon="4.515285305678844451904296875">
        <ele>26.6000003814697265625</ele>
        <time>2025-04-20T09:47:22.000Z</time>
        <extensions>
          <ns3:TrackPointExtension>
            <ns3:hr>113</ns3:hr>
          </ns3:TrackPointExtension>
        </extensions>
      </trkpt>
      <trkpt lat="52.28507590480148792266845703125" lon="4.51561228372156620025634765625">
        <ele>26.3999996185302734375</ele>
        <time>2025-04-20T09:47:29.000Z</time>
        <extensions>
          <ns3:TrackPointExtension>
            <ns3:hr>113</ns3:hr>
          </ns3:TrackPointExtension>
        </extensions>
      </trkpt>
      <trkpt lat="52.2850441373884677886962890625" lon="4.51594320125877857208251953125">
        <ele>26</ele>
        <time>2025-04-20T09:47:35.000Z</time>
        <extensions>
          <ns3:TrackPointExtension>
            <ns3:hr>110</ns3:hr>
          </ns3:TrackPointExtension>
        </extensions>
      </trkpt>
      <trkpt lat="52.28501672856509685516357421875" lon="4.51606859453022480010986328125">
        <ele>25.799999237060546875</ele>
        <time>2025-04-20T09:47:37.000Z</time>
        <extensions>
          <ns3:TrackPointExtension>
            <ns3:hr>111</ns3:hr>
          </ns3:TrackPointExtension>
        </extensions>
      </trkpt>
      <trkpt lat="52.2849480807781219482421875" lon="4.51632591895759105682373046875">
        <ele>24.799999237060546875</ele>
        <time>2025-04-20T09:47:41.000Z</time>
        <extensions>
          <ns3:TrackPointExtension>
            <ns3:hr>109</ns3:hr>
          </ns3:TrackPointExtension>
        </extensions>
      </trkpt>
      <trkpt lat="52.28489401750266551971435546875" lon="4.51652691699564456939697265625">
        <ele>24.799999237060546875</ele>
        <time>2025-04-20T09:47:44.000Z</time>
        <extensions>
          <ns3:TrackPointExtension>
            <ns3:hr>109</ns3:hr>
          </ns3:TrackPointExtension>
        </extensions>
      </trkpt>
      <trkpt lat="52.2847174108028411865234375" lon="4.51711549423635005950927734375">
        <ele>24.200000762939453125</ele>
        <time>2025-04-20T09:47:54.000Z</time>
        <extensions>
          <ns3:TrackPointExtension>
            <ns3:hr>110</ns3:hr>
          </ns3:TrackPointExtension>
        </extensions>
      </trkpt>
      <trkpt lat="52.28465245105326175689697265625" lon="4.5173095352947711944580078125">
        <ele>24</ele>
        <time>2025-04-20T09:47:58.000Z</time>
        <extensions>
          <ns3:TrackPointExtension>
            <ns3:hr>113</ns3:hr>
          </ns3:TrackPointExtension>
        </extensions>
      </trkpt>
      <trkpt lat="52.284573577344417572021484375" lon="4.51750407926738262176513671875">
        <ele>23.799999237060546875</ele>
        <time>2025-04-20T09:48:02.000Z</time>
        <extensions>
          <ns3:TrackPointExtension>
            <ns3:hr>114</ns3:hr>
          </ns3:TrackPointExtension>
        </extensions>
      </trkpt>
      <trkpt lat="52.2844020836055278778076171875" lon="4.517988972365856170654296875">
        <ele>24.3999996185302734375</ele>
        <time>2025-04-20T09:48:13.000Z</time>
        <extensions>
          <ns3:TrackPointExtension>
            <ns3:hr>114</ns3:hr>
          </ns3:TrackPointExtension>
        </extensions>
      </trkpt>
      <trkpt lat="52.28428088128566741943359375" lon="4.51834964565932750701904296875">
        <ele>24.799999237060546875</ele>
        <time>2025-04-20T09:48:21.000Z</time>
        <extensions>
          <ns3:TrackPointExtension>
            <ns3:hr>113</ns3:hr>
          </ns3:TrackPointExtension>
        </extensions>
      </trkpt>
      <trkpt lat="52.28394158184528350830078125" lon="4.51895230449736118316650390625">
        <ele>24.799999237060546875</ele>
        <time>2025-04-20T09:48:36.000Z</time>
        <extensions>
          <ns3:TrackPointExtension>
            <ns3:hr>108</ns3:hr>
          </ns3:TrackPointExtension>
        </extensions>
      </trkpt>
      <trkpt lat="52.28390210308134555816650390625" lon="4.5189299248158931732177734375">
        <ele>24.799999237060546875</ele>
        <time>2025-04-20T09:48:38.000Z</time>
        <extensions>
          <ns3:TrackPointExtension>
            <ns3:hr>108</ns3:hr>
          </ns3:TrackPointExtension>
        </extensions>
      </trkpt>
      <trkpt lat="52.2837338782846927642822265625" lon="4.51875532977283000946044921875">
        <ele>25</ele>
        <time>2025-04-20T09:48:44.000Z</time>
        <extensions>
          <ns3:TrackPointExtension>
            <ns3:hr>107</ns3:hr>
          </ns3:TrackPointExtension>
        </extensions>
      </trkpt>
      <trkpt lat="52.2835400886833667755126953125" lon="4.51854544691741466522216796875">
        <ele>25.799999237060546875</ele>
        <time>2025-04-20T09:48:52.000Z</time>
        <extensions>
          <ns3:TrackPointExtension>
            <ns3:hr>109</ns3:hr>
          </ns3:TrackPointExtension>
        </extensions>
      </trkpt>
      <trkpt lat="52.28351485915482044219970703125" lon="4.51851946301758289337158203125">
        <ele>26</ele>
        <time>2025-04-20T09:48:53.000Z</time>
        <extensions>
          <ns3:TrackPointExtension>
            <ns3:hr>111</ns3:hr>
          </ns3:TrackPointExtension>
        </extensions>
      </trkpt>
      <trkpt lat="52.283361889421939849853515625" lon="4.518365152180194854736328125">
        <ele>26.799999237060546875</ele>
        <time>2025-04-20T09:49:00.000Z</time>
        <extensions>
          <ns3:TrackPointExtension>
            <ns3:hr>111</ns3:hr>
          </ns3:TrackPointExtension>
        </extensions>
      </trkpt>
      <trkpt lat="52.28330279700458049774169921875" lon="4.5182680897414684295654296875">
        <ele>26.799999237060546875</ele>
        <time>2025-04-20T09:49:06.000Z</time>
        <extensions>
          <ns3:TrackPointExtension>
            <ns3:hr>111</ns3:hr>
          </ns3:TrackPointExtension>
        </extensions>
      </trkpt>
      <trkpt lat="52.28330195881426334381103515625" lon="4.51822592876851558685302734375">
        <ele>26.799999237060546875</ele>
        <time>2025-04-20T09:49:11.000Z</time>
        <extensions>
          <ns3:TrackPointExtension>
            <ns3:hr>110</ns3:hr>
          </ns3:TrackPointExtension>
        </extensions>
      </trkpt>
      <trkpt lat="52.28330053389072418212890625" lon="4.5181986875832080841064453125">
        <ele>26.799999237060546875</ele>
        <time>2025-04-20T09:49:12.000Z</time>
        <extensions>
          <ns3:TrackPointExtension>
            <ns3:hr>111</ns3:hr>
          </ns3:TrackPointExtension>
        </extensions>
      </trkpt>
      <trkpt lat="52.28330799378454685211181640625" lon="4.5181400142610073089599609375">
        <ele>26.799999237060546875</ele>
        <time>2025-04-20T09:49:14.000Z</time>
        <extensions>
          <ns3:TrackPointExtension>
            <ns3:hr>109</ns3:hr>
          </ns3:TrackPointExtension>
        </extensions>
      </trkpt>
      <trkpt lat="52.28334118612110614776611328125" lon="4.51813121326267719268798828125">
        <ele>27</ele>
        <time>2025-04-20T09:49:16.000Z</time>
        <extensions>
          <ns3:TrackPointExtension>
            <ns3:hr>109</ns3:hr>
          </ns3:TrackPointExtension>
        </extensions>
      </trkpt>
      <trkpt lat="52.28338770568370819091796875" lon="4.518175385892391204833984375">
        <ele>27</ele>
        <time>2025-04-20T09:49:18.000Z</time>
        <extensions>
          <ns3:TrackPointExtension>
            <ns3:hr>110</ns3:hr>
          </ns3:TrackPointExtension>
        </extensions>
      </trkpt>
      <trkpt lat="52.28349038399755954742431640625" lon="4.5182523317635059356689453125">
        <ele>27</ele>
        <time>2025-04-20T09:49:22.000Z</time>
        <extensions>
          <ns3:TrackPointExtension>
            <ns3:hr>109</ns3:hr>
          </ns3:TrackPointExtension>
        </extensions>
      </trkpt>
      <trkpt lat="52.28375206701457500457763671875" lon="4.5184506475925445556640625">
        <ele>27.3999996185302734375</ele>
        <time>2025-04-20T09:49:31.000Z</time>
        <extensions>
          <ns3:TrackPointExtension>
            <ns3:hr>109</ns3:hr>
          </ns3:TrackPointExtension>
        </extensions>
      </trkpt>
      <trkpt lat="52.28410008363425731658935546875" lon="4.51869003474712371826171875">
        <ele>27.6000003814697265625</ele>
        <time>2025-04-20T09:49:43.000Z</time>
        <extensions>
          <ns3:TrackPointExtension>
            <ns3:hr>108</ns3:hr>
          </ns3:TrackPointExtension>
        </extensions>
      </trkpt>
      <trkpt lat="52.2843749262392520904541015625" lon="4.518905617296695709228515625">
        <ele>27.6000003814697265625</ele>
        <time>2025-04-20T09:49:52.000Z</time>
        <extensions>
          <ns3:TrackPointExtension>
            <ns3:hr>110</ns3:hr>
          </ns3:TrackPointExtension>
        </extensions>
      </trkpt>
      <trkpt lat="52.28461925871670246124267578125" lon="4.51914089731872081756591796875">
        <ele>27.3999996185302734375</ele>
        <time>2025-04-20T09:50:00.000Z</time>
        <extensions>
          <ns3:TrackPointExtension>
            <ns3:hr>111</ns3:hr>
          </ns3:TrackPointExtension>
        </extensions>
      </trkpt>
      <trkpt lat="52.28475655429065227508544921875" lon="4.51930451206862926483154296875">
        <ele>27.200000762939453125</ele>
        <time>2025-04-20T09:50:05.000Z</time>
        <extensions>
          <ns3:TrackPointExtension>
            <ns3:hr>114</ns3:hr>
          </ns3:TrackPointExtension>
        </extensions>
      </trkpt>
      <trkpt lat="52.28484724648296833038330078125" lon="4.51940945349633693695068359375">
        <ele>27</ele>
        <time>2025-04-20T09:50:08.000Z</time>
        <extensions>
          <ns3:TrackPointExtension>
            <ns3:hr>118</ns3:hr>
          </ns3:TrackPointExtension>
        </extensions>
      </trkpt>
      <trkpt lat="52.2848771698772907257080078125" lon="4.5194459147751331329345703125">
        <ele>27</ele>
        <time>2025-04-20T09:50:09.000Z</time>
        <extensions>
          <ns3:TrackPointExtension>
            <ns3:hr>121</ns3:hr>
          </ns3:TrackPointExtension>
        </extensions>
      </trkpt>
      <trkpt lat="52.28493626229465007781982421875" lon="4.5195106230676174163818359375">
        <ele>26.799999237060546875</ele>
        <time>2025-04-20T09:50:11.000Z</time>
        <extensions>
          <ns3:TrackPointExtension>
            <ns3:hr>121</ns3:hr>
          </ns3:TrackPointExtension>
        </extensions>
      </trkpt>
      <trkpt lat="52.28501538746058940887451171875" lon="4.51959921978414058685302734375">
        <ele>26.799999237060546875</ele>
        <time>2025-04-20T09:50:14.000Z</time>
        <extensions>
          <ns3:TrackPointExtension>
            <ns3:hr>124</ns3:hr>
          </ns3:TrackPointExtension>
        </extensions>
      </trkpt>
      <trkpt lat="52.28502796031534671783447265625" lon="4.5196410454809665679931640625">
        <ele>26.6000003814697265625</ele>
        <time>2025-04-20T09:50:15.000Z</time>
        <extensions>
          <ns3:TrackPointExtension>
            <ns3:hr>124</ns3:hr>
          </ns3:TrackPointExtension>
        </extensions>
      </trkpt>
      <trkpt lat="52.2850273735821247100830078125" lon="4.519686140120029449462890625">
        <ele>26.6000003814697265625</ele>
        <time>2025-04-20T09:50:16.000Z</time>
        <extensions>
          <ns3:TrackPointExtension>
            <ns3:hr>122</ns3:hr>
          </ns3:TrackPointExtension>
        </extensions>
      </trkpt>
      <trkpt lat="52.2850116156041622161865234375" lon="4.51972913928329944610595703125">
        <ele>26.6000003814697265625</ele>
        <time>2025-04-20T09:50:17.000Z</time>
        <extensions>
          <ns3:TrackPointExtension>
            <ns3:hr>124</ns3:hr>
          </ns3:TrackPointExtension>
        </extensions>
      </trkpt>
      <trkpt lat="52.28495252318680286407470703125" lon="4.519806839525699615478515625">
        <ele>26.6000003814697265625</ele>
        <time>2025-04-20T09:50:19.000Z</time>
        <extensions>
          <ns3:TrackPointExtension>
            <ns3:hr>125</ns3:hr>
          </ns3:TrackPointExtension>
        </extensions>
      </trkpt>
      <trkpt lat="52.28479980491101741790771484375" lon="4.5198019780218601226806640625">
        <ele>26.6000003814697265625</ele>
        <time>2025-04-20T09:50:23.000Z</time>
        <extensions>
          <ns3:TrackPointExtension>
            <ns3:hr>127</ns3:hr>
          </ns3:TrackPointExtension>
        </extensions>
      </trkpt>
      <trkpt lat="52.28461339138448238372802734375" lon="4.51956636272370815277099609375">
        <ele>26.3999996185302734375</ele>
        <time>2025-04-20T09:50:29.000Z</time>
        <extensions>
          <ns3:TrackPointExtension>
            <ns3:hr>126</ns3:hr>
          </ns3:TrackPointExtension>
        </extensions>
      </trkpt>
      <trkpt lat="52.28432036004960536956787109375" lon="4.5192947052419185638427734375">
        <ele>25.799999237060546875</ele>
        <time>2025-04-20T09:50:38.000Z</time>
        <extensions>
          <ns3:TrackPointExtension>
            <ns3:hr>125</ns3:hr>
          </ns3:TrackPointExtension>
        </extensions>
      </trkpt>
      <trkpt lat="52.28424173779785633087158203125" lon="4.51924433000385761260986328125">
        <ele>25.6000003814697265625</ele>
        <time>2025-04-20T09:50:40.000Z</time>
        <extensions>
          <ns3:TrackPointExtension>
            <ns3:hr>125</ns3:hr>
          </ns3:TrackPointExtension>
        </extensions>
      </trkpt>
      <trkpt lat="52.2841546498239040374755859375" lon="4.519259668886661529541015625">
        <ele>25</ele>
        <time>2025-04-20T09:50:42.000Z</time>
        <extensions>
          <ns3:TrackPointExtension>
            <ns3:hr>124</ns3:hr>
          </ns3:TrackPointExtension>
        </extensions>
      </trkpt>
      <trkpt lat="52.284076027572154998779296875" lon="4.5193250477313995361328125">
        <ele>24.799999237060546875</ele>
        <time>2025-04-20T09:50:44.000Z</time>
        <extensions>
          <ns3:TrackPointExtension>
            <ns3:hr>123</ns3:hr>
          </ns3:TrackPointExtension>
        </extensions>
      </trkpt>
      <trkpt lat="52.2840155102312564849853515625" lon="4.5194308273494243621826171875">
        <ele>24.799999237060546875</ele>
        <time>2025-04-20T09:50:46.000Z</time>
        <extensions>
          <ns3:TrackPointExtension>
            <ns3:hr>123</ns3:hr>
          </ns3:TrackPointExtension>
        </extensions>
      </trkpt>
      <trkpt lat="52.28380143642425537109375" lon="4.5199320651590824127197265625">
        <ele>24.6000003814697265625</ele>
        <time>2025-04-20T09:50:55.000Z</time>
        <extensions>
          <ns3:TrackPointExtension>
            <ns3:hr>122</ns3:hr>
          </ns3:TrackPointExtension>
        </extensions>
      </trkpt>
      <trkpt lat="52.28376447223126888275146484375" lon="4.5199927501380443572998046875">
        <ele>24.6000003814697265625</ele>
        <time>2025-04-20T09:50:56.000Z</time>
        <extensions>
          <ns3:TrackPointExtension>
            <ns3:hr>122</ns3:hr>
          </ns3:TrackPointExtension>
        </extensions>
      </trkpt>
      <trkpt lat="52.2835977561771869659423828125" lon="4.52018042095005512237548828125">
        <ele>24.6000003814697265625</ele>
        <time>2025-04-20T09:51:01.000Z</time>
        <extensions>
          <ns3:TrackPointExtension>
            <ns3:hr>123</ns3:hr>
          </ns3:TrackPointExtension>
        </extensions>
      </trkpt>
      <trkpt lat="52.283310592174530029296875" lon="4.520436488091945648193359375">
        <ele>24.799999237060546875</ele>
        <time>2025-04-20T09:51:09.000Z</time>
        <extensions>
          <ns3:TrackPointExtension>
            <ns3:hr>120</ns3:hr>
          </ns3:TrackPointExtension>
        </extensions>
      </trkpt>
      <trkpt lat="52.283283434808254241943359375" lon="4.520459286868572235107421875">
        <ele>24.799999237060546875</ele>
        <time>2025-04-20T09:51:10.000Z</time>
        <extensions>
          <ns3:TrackPointExtension>
            <ns3:hr>119</ns3:hr>
          </ns3:TrackPointExtension>
        </extensions>
      </trkpt>
      <trkpt lat="52.2831779904663562774658203125" lon="4.52054821886122226715087890625">
        <ele>24.799999237060546875</ele>
        <time>2025-04-20T09:51:13.000Z</time>
        <extensions>
          <ns3:TrackPointExtension>
            <ns3:hr>116</ns3:hr>
          </ns3:TrackPointExtension>
        </extensions>
      </trkpt>
      <trkpt lat="52.282885126769542694091796875" lon="4.5207873545587062835693359375">
        <ele>24.6000003814697265625</ele>
        <time>2025-04-20T09:51:22.000Z</time>
        <extensions>
          <ns3:TrackPointExtension>
            <ns3:hr>118</ns3:hr>
          </ns3:TrackPointExtension>
        </extensions>
      </trkpt>
      <trkpt lat="52.282546497881412506103515625" lon="4.52113579027354717254638671875">
        <ele>24.799999237060546875</ele>
        <time>2025-04-20T09:51:33.000Z</time>
        <extensions>
          <ns3:TrackPointExtension>
            <ns3:hr>118</ns3:hr>
          </ns3:TrackPointExtension>
        </extensions>
      </trkpt>
      <trkpt lat="52.282528392970561981201171875" lon="4.5211668871343135833740234375">
        <ele>24.799999237060546875</ele>
        <time>2025-04-20T09:51:34.000Z</time>
        <extensions>
          <ns3:TrackPointExtension>
            <ns3:hr>118</ns3:hr>
          </ns3:TrackPointExtension>
        </extensions>
      </trkpt>
      <trkpt lat="52.2824172489345073699951171875" lon="4.52139948494732379913330078125">
        <ele>24.799999237060546875</ele>
        <time>2025-04-20T09:51:39.000Z</time>
        <extensions>
          <ns3:TrackPointExtension>
            <ns3:hr>121</ns3:hr>
          </ns3:TrackPointExtension>
        </extensions>
      </trkpt>
      <trkpt lat="52.28238145820796489715576171875" lon="4.521485902369022369384765625">
        <ele>24.799999237060546875</ele>
        <time>2025-04-20T09:51:41.000Z</time>
        <extensions>
          <ns3:TrackPointExtension>
            <ns3:hr>124</ns3:hr>
          </ns3:TrackPointExtension>
        </extensions>
      </trkpt>
      <trkpt lat="52.28220225311815738677978515625" lon="4.52193710021674633026123046875">
        <ele>24.6000003814697265625</ele>
        <time>2025-04-20T09:51:51.000Z</time>
        <extensions>
          <ns3:TrackPointExtension>
            <ns3:hr>123</ns3:hr>
          </ns3:TrackPointExtension>
        </extensions>
      </trkpt>
      <trkpt lat="52.28205624036490917205810546875" lon="4.5222679339349269866943359375">
        <ele>24.6000003814697265625</ele>
        <time>2025-04-20T09:51:58.000Z</time>
        <extensions>
          <ns3:TrackPointExtension>
            <ns3:hr>120</ns3:hr>
          </ns3:TrackPointExtension>
        </extensions>
      </trkpt>
      <trkpt lat="52.28203645907342433929443359375" lon="4.5223157107830047607421875">
        <ele>24.6000003814697265625</ele>
        <time>2025-04-20T09:51:59.000Z</time>
        <extensions>
          <ns3:TrackPointExtension>
            <ns3:hr>120</ns3:hr>
          </ns3:TrackPointExtension>
        </extensions>
      </trkpt>
      <trkpt lat="52.28187703527510166168212890625" lon="4.52270404435694217681884765625">
        <ele>24.6000003814697265625</ele>
        <time>2025-04-20T09:52:07.000Z</time>
        <extensions>
          <ns3:TrackPointExtension>
            <ns3:hr>119</ns3:hr>
          </ns3:TrackPointExtension>
        </extensions>
      </trkpt>
      <trkpt lat="52.281730435788631439208984375" lon="4.5230394043028354644775390625">
        <ele>24.799999237060546875</ele>
        <time>2025-04-20T09:52:14.000Z</time>
        <extensions>
          <ns3:TrackPointExtension>
            <ns3:hr>122</ns3:hr>
          </ns3:TrackPointExtension>
        </extensions>
      </trkpt>
      <trkpt lat="52.28167109191417694091796875" lon="4.5231785438954830169677734375">
        <ele>24.799999237060546875</ele>
        <time>2025-04-20T09:52:17.000Z</time>
        <extensions>
          <ns3:TrackPointExtension>
            <ns3:hr>121</ns3:hr>
          </ns3:TrackPointExtension>
        </extensions>
      </trkpt>
      <trkpt lat="52.2814580239355564117431640625" lon="4.52368740923702716827392578125">
        <ele>24.6000003814697265625</ele>
        <time>2025-04-20T09:52:27.000Z</time>
        <extensions>
          <ns3:TrackPointExtension>
            <ns3:hr>123</ns3:hr>
          </ns3:TrackPointExtension>
        </extensions>
      </trkpt>
      <trkpt lat="52.28133439086377620697021484375" lon="4.524106420576572418212890625">
        <ele>24.799999237060546875</ele>
        <time>2025-04-20T09:52:35.000Z</time>
        <extensions>
          <ns3:TrackPointExtension>
            <ns3:hr>124</ns3:hr>
          </ns3:TrackPointExtension>
        </extensions>
      </trkpt>
      <trkpt lat="52.28136205114424228668212890625" lon="4.524188898503780364990234375">
        <ele>24.6000003814697265625</ele>
        <time>2025-04-20T09:52:37.000Z</time>
        <extensions>
          <ns3:TrackPointExtension>
            <ns3:hr>124</ns3:hr>
          </ns3:TrackPointExtension>
        </extensions>
      </trkpt>
      <trkpt lat="52.28141225874423980712890625" lon="4.524252600967884063720703125">
        <ele>24.6000003814697265625</ele>
        <time>2025-04-20T09:52:39.000Z</time>
        <extensions>
          <ns3:TrackPointExtension>
            <ns3:hr>124</ns3:hr>
          </ns3:TrackPointExtension>
        </extensions>
      </trkpt>
      <trkpt lat="52.281694896519184112548828125" lon="4.52456817962229251861572265625">
        <ele>24.6000003814697265625</ele>
        <time>2025-04-20T09:52:49.000Z</time>
        <extensions>
          <ns3:TrackPointExtension>
            <ns3:hr>125</ns3:hr>
          </ns3:TrackPointExtension>
        </extensions>
      </trkpt>
      <trkpt lat="52.282002009451389312744140625" lon="4.524941928684711456298828125">
        <ele>24.3999996185302734375</ele>
        <time>2025-04-20T09:53:00.000Z</time>
        <extensions>
          <ns3:TrackPointExtension>
            <ns3:hr>123</ns3:hr>
          </ns3:TrackPointExtension>
        </extensions>
      </trkpt>
      <trkpt lat="52.28225606493651866912841796875" lon="4.52523252926766872406005859375">
        <ele>24.3999996185302734375</ele>
        <time>2025-04-20T09:53:09.000Z</time>
        <extensions>
          <ns3:TrackPointExtension>
            <ns3:hr>123</ns3:hr>
          </ns3:TrackPointExtension>
        </extensions>
      </trkpt>
      <trkpt lat="52.282447256147861480712890625" lon="4.52554064802825450897216796875">
        <ele>24.6000003814697265625</ele>
        <time>2025-04-20T09:53:17.000Z</time>
        <extensions>
          <ns3:TrackPointExtension>
            <ns3:hr>123</ns3:hr>
          </ns3:TrackPointExtension>
        </extensions>
      </trkpt>
      <trkpt lat="52.28241682983934879302978515625" lon="4.5257730782032012939453125">
        <ele>24.6000003814697265625</ele>
        <time>2025-04-20T09:53:21.000Z</time>
        <extensions>
          <ns3:TrackPointExtension>
            <ns3:hr>123</ns3:hr>
          </ns3:TrackPointExtension>
        </extensions>
      </trkpt>
      <trkpt lat="52.28223879821598529815673828125" lon="4.52619862742722034454345703125">
        <ele>24.200000762939453125</ele>
        <time>2025-04-20T09:53:29.000Z</time>
        <extensions>
          <ns3:TrackPointExtension>
            <ns3:hr>124</ns3:hr>
          </ns3:TrackPointExtension>
        </extensions>
      </trkpt>
      <trkpt lat="52.282024808228015899658203125" lon="4.52663633041083812713623046875">
        <ele>24.3999996185302734375</ele>
        <time>2025-04-20T09:53:38.000Z</time>
        <extensions>
          <ns3:TrackPointExtension>
            <ns3:hr>123</ns3:hr>
          </ns3:TrackPointExtension>
        </extensions>
      </trkpt>
      <trkpt lat="52.28177326731383800506591796875" lon="4.52707151882350444793701171875">
        <ele>24.200000762939453125</ele>
        <time>2025-04-20T09:53:47.000Z</time>
        <extensions>
          <ns3:TrackPointExtension>
            <ns3:hr>125</ns3:hr>
          </ns3:TrackPointExtension>
        </extensions>
      </trkpt>
      <trkpt lat="52.28146447800099849700927734375" lon="4.5275996625423431396484375">
        <ele>24.6000003814697265625</ele>
        <time>2025-04-20T09:53:58.000Z</time>
        <extensions>
          <ns3:TrackPointExtension>
            <ns3:hr>126</ns3:hr>
          </ns3:TrackPointExtension>
        </extensions>
      </trkpt>
      <trkpt lat="52.28121922351419925689697265625" lon="4.5280309952795505523681640625">
        <ele>24.6000003814697265625</ele>
        <time>2025-04-20T09:54:07.000Z</time>
        <extensions>
          <ns3:TrackPointExtension>
            <ns3:hr>129</ns3:hr>
          </ns3:TrackPointExtension>
        </extensions>
      </trkpt>
      <trkpt lat="52.28119374252855777740478515625" lon="4.52808137051761150360107421875">
        <ele>24.799999237060546875</ele>
        <time>2025-04-20T09:54:08.000Z</time>
        <extensions>
          <ns3:TrackPointExtension>
            <ns3:hr>130</ns3:hr>
          </ns3:TrackPointExtension>
        </extensions>
      </trkpt>
      <trkpt lat="52.2810132801532745361328125" lon="4.52840759418904781341552734375">
        <ele>24.799999237060546875</ele>
        <time>2025-04-20T09:54:15.000Z</time>
        <extensions>
          <ns3:TrackPointExtension>
            <ns3:hr>127</ns3:hr>
          </ns3:TrackPointExtension>
        </extensions>
      </trkpt>
      <trkpt lat="52.28087045252323150634765625" lon="4.52866827137768268585205078125">
        <ele>25</ele>
        <time>2025-04-20T09:54:21.000Z</time>
        <extensions>
          <ns3:TrackPointExtension>
            <ns3:hr>124</ns3:hr>
          </ns3:TrackPointExtension>
        </extensions>
      </trkpt>
      <trkpt lat="52.28081370703876018524169921875" lon="4.528774134814739227294921875">
        <ele>25</ele>
        <time>2025-04-20T09:54:23.000Z</time>
        <extensions>
          <ns3:TrackPointExtension>
            <ns3:hr>121</ns3:hr>
          </ns3:TrackPointExtension>
        </extensions>
      </trkpt>
      <trkpt lat="52.28068328462541103363037109375" lon="4.52899374067783355712890625">
        <ele>25</ele>
        <time>2025-04-20T09:54:28.000Z</time>
        <extensions>
          <ns3:TrackPointExtension>
            <ns3:hr>118</ns3:hr>
          </ns3:TrackPointExtension>
        </extensions>
      </trkpt>
      <trkpt lat="52.2805692069232463836669921875" lon="4.5291970856487751007080078125">
        <ele>25</ele>
        <time>2025-04-20T09:54:32.000Z</time>
        <extensions>
          <ns3:TrackPointExtension>
            <ns3:hr>120</ns3:hr>
          </ns3:TrackPointExtension>
        </extensions>
      </trkpt>
      <trkpt lat="52.2804310731589794158935546875" lon="4.5294401608407497406005859375">
        <ele>25.200000762939453125</ele>
        <time>2025-04-20T09:54:37.000Z</time>
        <extensions>
          <ns3:TrackPointExtension>
            <ns3:hr>122</ns3:hr>
          </ns3:TrackPointExtension>
        </extensions>
      </trkpt>
      <trkpt lat="52.2803573124110698699951171875" lon="4.52954082749783992767333984375">
        <ele>25.200000762939453125</ele>
        <time>2025-04-20T09:54:39.000Z</time>
        <extensions>
          <ns3:TrackPointExtension>
            <ns3:hr>123</ns3:hr>
          </ns3:TrackPointExtension>
        </extensions>
      </trkpt>
      <trkpt lat="52.28032051585614681243896484375" lon="4.52958240173757076263427734375">
        <ele>25.200000762939453125</ele>
        <time>2025-04-20T09:54:40.000Z</time>
        <extensions>
          <ns3:TrackPointExtension>
            <ns3:hr>124</ns3:hr>
          </ns3:TrackPointExtension>
        </extensions>
      </trkpt>
      <trkpt lat="52.280223034322261810302734375" lon="4.52970528043806552886962890625">
        <ele>25</ele>
        <time>2025-04-20T09:54:43.000Z</time>
        <extensions>
          <ns3:TrackPointExtension>
            <ns3:hr>127</ns3:hr>
          </ns3:TrackPointExtension>
        </extensions>
      </trkpt>
      <trkpt lat="52.2801053524017333984375" lon="4.52984442003071308135986328125">
        <ele>25</ele>
        <time>2025-04-20T09:54:47.000Z</time>
        <extensions>
          <ns3:TrackPointExtension>
            <ns3:hr>128</ns3:hr>
          </ns3:TrackPointExtension>
        </extensions>
      </trkpt>
      <trkpt lat="52.28004508651793003082275390625" lon="4.5299249701201915740966796875">
        <ele>25.6000003814697265625</ele>
        <time>2025-04-20T09:54:52.000Z</time>
        <extensions>
          <ns3:TrackPointExtension>
            <ns3:hr>129</ns3:hr>
          </ns3:TrackPointExtension>
        </extensions>
      </trkpt>
      <trkpt lat="52.28004508651793003082275390625" lon="4.5299249701201915740966796875">
        <ele>25.6000003814697265625</ele>
        <time>2025-04-20T09:54:59.000Z</time>
        <extensions>
          <ns3:TrackPointExtension>
            <ns3:hr>130</ns3:hr>
          </ns3:TrackPointExtension>
        </extensions>
      </trkpt>
      <trkpt lat="52.28003586642444133758544921875" lon="4.52993385493755340576171875">
        <ele>25.6000003814697265625</ele>
        <time>2025-04-20T09:55:10.000Z</time>
        <extensions>
          <ns3:TrackPointExtension>
            <ns3:hr>132</ns3:hr>
          </ns3:TrackPointExtension>
        </extensions>
      </trkpt>
      <trkpt lat="52.28003586642444133758544921875" lon="4.52993385493755340576171875">
        <ele>25.6000003814697265625</ele>
        <time>2025-04-20T09:55:15.000Z</time>
        <extensions>
          <ns3:TrackPointExtension>
            <ns3:hr>129</ns3:hr>
          </ns3:TrackPointExtension>
        </extensions>
      </trkpt>
      <trkpt lat="52.28003586642444133758544921875" lon="4.52993385493755340576171875">
        <ele>25.6000003814697265625</ele>
        <time>2025-04-20T09:55:20.000Z</time>
        <extensions>
          <ns3:TrackPointExtension>
            <ns3:hr>127</ns3:hr>
          </ns3:TrackPointExtension>
        </extensions>
      </trkpt>
      <trkpt lat="52.28003586642444133758544921875" lon="4.52993385493755340576171875">
        <ele>25.6000003814697265625</ele>
        <time>2025-04-20T09:55:25.000Z</time>
        <extensions>
          <ns3:TrackPointExtension>
            <ns3:hr>124</ns3:hr>
          </ns3:TrackPointExtension>
        </extensions>
      </trkpt>
      <trkpt lat="52.28003586642444133758544921875" lon="4.52993385493755340576171875">
        <ele>25.6000003814697265625</ele>
        <time>2025-04-20T09:55:30.000Z</time>
        <extensions>
          <ns3:TrackPointExtension>
            <ns3:hr>124</ns3:hr>
          </ns3:TrackPointExtension>
        </extensions>
      </trkpt>
      <trkpt lat="52.28003586642444133758544921875" lon="4.52993385493755340576171875">
        <ele>25.6000003814697265625</ele>
        <time>2025-04-20T09:55:33.000Z</time>
        <extensions>
          <ns3:TrackPointExtension>
            <ns3:hr>127</ns3:hr>
          </ns3:TrackPointExtension>
        </extensions>
      </trkpt>
      <trkpt lat="52.2800411470234394073486328125" lon="4.529936201870441436767578125">
        <ele>25.6000003814697265625</ele>
        <time>2025-04-20T09:55:40.000Z</time>
        <extensions>
          <ns3:TrackPointExtension>
            <ns3:hr>128</ns3:hr>
          </ns3:TrackPointExtension>
        </extensions>
      </trkpt>
      <trkpt lat="52.2800411470234394073486328125" lon="4.529936201870441436767578125">
        <ele>25.6000003814697265625</ele>
        <time>2025-04-20T09:55:51.000Z</time>
        <extensions>
          <ns3:TrackPointExtension>
            <ns3:hr>129</ns3:hr>
          </ns3:TrackPointExtension>
        </extensions>
      </trkpt>
      <trkpt lat="52.2800411470234394073486328125" lon="4.529936201870441436767578125">
        <ele>25.6000003814697265625</ele>
        <time>2025-04-20T09:55:54.000Z</time>
        <extensions>
          <ns3:TrackPointExtension>
            <ns3:hr>132</ns3:hr>
          </ns3:TrackPointExtension>
        </extensions>
      </trkpt>
      <trkpt lat="52.2800411470234394073486328125" lon="4.529936201870441436767578125">
        <ele>25.6000003814697265625</ele>
        <time>2025-04-20T09:55:59.000Z</time>
        <extensions>
          <ns3:TrackPointExtension>
            <ns3:hr>136</ns3:hr>
          </ns3:TrackPointExtension>
        </extensions>
      </trkpt>
      <trkpt lat="52.2800411470234394073486328125" lon="4.529936201870441436767578125">
        <ele>25.6000003814697265625</ele>
        <time>2025-04-20T09:56:01.000Z</time>
        <extensions>
          <ns3:TrackPointExtension>
            <ns3:hr>138</ns3:hr>
          </ns3:TrackPointExtension>
        </extensions>
      </trkpt>
      <trkpt lat="52.28004701435565948486328125" lon="4.52992849051952362060546875">
        <ele>25.6000003814697265625</ele>
        <time>2025-04-20T09:56:04.000Z</time>
        <extensions>
          <ns3:TrackPointExtension>
            <ns3:hr>141</ns3:hr>
          </ns3:TrackPointExtension>
        </extensions>
      </trkpt>
      <trkpt lat="52.28004701435565948486328125" lon="4.52992849051952362060546875">
        <ele>25.6000003814697265625</ele>
        <time>2025-04-20T09:56:10.000Z</time>
        <extensions>
          <ns3:TrackPointExtension>
            <ns3:hr>143</ns3:hr>
          </ns3:TrackPointExtension>
        </extensions>
      </trkpt>
      <trkpt lat="52.28004701435565948486328125" lon="4.52992849051952362060546875">
        <ele>25.6000003814697265625</ele>
        <time>2025-04-20T09:56:12.000Z</time>
        <extensions>
          <ns3:TrackPointExtension>
            <ns3:hr>147</ns3:hr>
          </ns3:TrackPointExtension>
        </extensions>
      </trkpt>
      <trkpt lat="52.28004701435565948486328125" lon="4.52992849051952362060546875">
        <ele>25.6000003814697265625</ele>
        <time>2025-04-20T09:56:20.000Z</time>
        <extensions>
          <ns3:TrackPointExtension>
            <ns3:hr>144</ns3:hr>
          </ns3:TrackPointExtension>
        </extensions>
      </trkpt>
      <trkpt lat="52.28004701435565948486328125" lon="4.52992849051952362060546875">
        <ele>25.6000003814697265625</ele>
        <time>2025-04-20T09:56:25.000Z</time>
        <extensions>
          <ns3:TrackPointExtension>
            <ns3:hr>141</ns3:hr>
          </ns3:TrackPointExtension>
        </extensions>
      </trkpt>
      <trkpt lat="52.28004701435565948486328125" lon="4.52992849051952362060546875">
        <ele>25.6000003814697265625</ele>
        <time>2025-04-20T09:56:28.000Z</time>
        <extensions>
          <ns3:TrackPointExtension>
            <ns3:hr>138</ns3:hr>
          </ns3:TrackPointExtension>
        </extensions>
      </trkpt>
      <trkpt lat="52.28004701435565948486328125" lon="4.52992849051952362060546875">
        <ele>25.6000003814697265625</ele>
        <time>2025-04-20T09:56:32.000Z</time>
        <extensions>
          <ns3:TrackPointExtension>
            <ns3:hr>136</ns3:hr>
          </ns3:TrackPointExtension>
        </extensions>
      </trkpt>
      <trkpt lat="52.28004701435565948486328125" lon="4.52992849051952362060546875">
        <ele>25.6000003814697265625</ele>
        <time>2025-04-20T09:56:35.000Z</time>
        <extensions>
          <ns3:TrackPointExtension>
            <ns3:hr>133</ns3:hr>
          </ns3:TrackPointExtension>
        </extensions>
      </trkpt>
      <trkpt lat="52.28004701435565948486328125" lon="4.52992849051952362060546875">
        <ele>25.6000003814697265625</ele>
        <time>2025-04-20T09:56:41.000Z</time>
        <extensions>
          <ns3:TrackPointExtension>
            <ns3:hr>130</ns3:hr>
          </ns3:TrackPointExtension>
        </extensions>
      </trkpt>
      <trkpt lat="52.28004701435565948486328125" lon="4.52992849051952362060546875">
        <ele>25.6000003814697265625</ele>
        <time>2025-04-20T09:56:42.000Z</time>
        <extensions>
          <ns3:TrackPointExtension>
            <ns3:hr>129</ns3:hr>
          </ns3:TrackPointExtension>
        </extensions>
      </trkpt>
      <trkpt lat="52.28004701435565948486328125" lon="4.52992849051952362060546875">
        <ele>25.6000003814697265625</ele>
        <time>2025-04-20T09:56:49.000Z</time>
        <extensions>
          <ns3:TrackPointExtension>
            <ns3:hr>126</ns3:hr>
          </ns3:TrackPointExtension>
        </extensions>
      </trkpt>
      <trkpt lat="52.28004701435565948486328125" lon="4.52992849051952362060546875">
        <ele>25.6000003814697265625</ele>
        <time>2025-04-20T09:56:55.000Z</time>
        <extensions>
          <ns3:TrackPointExtension>
            <ns3:hr>122</ns3:hr>
          </ns3:TrackPointExtension>
        </extensions>
      </trkpt>
      <trkpt lat="52.28004701435565948486328125" lon="4.52992849051952362060546875">
        <ele>25.6000003814697265625</ele>
        <time>2025-04-20T09:56:58.000Z</time>
        <extensions>
          <ns3:TrackPointExtension>
            <ns3:hr>122</ns3:hr>
          </ns3:TrackPointExtension>
        </extensions>
      </trkpt>
      <trkpt lat="52.28004701435565948486328125" lon="4.52992849051952362060546875">
        <ele>25.6000003814697265625</ele>
        <time>2025-04-20T09:57:09.000Z</time>
        <extensions>
          <ns3:TrackPointExtension>
            <ns3:hr>119</ns3:hr>
          </ns3:TrackPointExtension>
        </extensions>
      </trkpt>
      <trkpt lat="52.28004701435565948486328125" lon="4.52992849051952362060546875">
        <ele>25.6000003814697265625</ele>
        <time>2025-04-20T09:57:15.000Z</time>
        <extensions>
          <ns3:TrackPointExtension>
            <ns3:hr>122</ns3:hr>
          </ns3:TrackPointExtension>
        </extensions>
      </trkpt>
      <trkpt lat="52.28004701435565948486328125" lon="4.52992849051952362060546875">
        <ele>25.6000003814697265625</ele>
        <time>2025-04-20T09:57:29.000Z</time>
        <extensions>
          <ns3:TrackPointExtension>
            <ns3:hr>122</ns3:hr>
          </ns3:TrackPointExtension>
        </extensions>
      </trkpt>
      <trkpt lat="52.28004701435565948486328125" lon="4.52992849051952362060546875">
        <ele>25.6000003814697265625</ele>
        <time>2025-04-20T09:57:40.000Z</time>
        <extensions>
          <ns3:TrackPointExtension>
            <ns3:hr>123</ns3:hr>
          </ns3:TrackPointExtension>
        </extensions>
      </trkpt>
      <trkpt lat="52.28004701435565948486328125" lon="4.52992849051952362060546875">
        <ele>25.6000003814697265625</ele>
        <time>2025-04-20T09:57:57.000Z</time>
        <extensions>
          <ns3:TrackPointExtension>
            <ns3:hr>124</ns3:hr>
          </ns3:TrackPointExtension>
        </extensions>
      </trkpt>
      <trkpt lat="52.28004701435565948486328125" lon="4.52992849051952362060546875">
        <ele>25.6000003814697265625</ele>
        <time>2025-04-20T09:58:01.000Z</time>
        <extensions>
          <ns3:TrackPointExtension>
            <ns3:hr>127</ns3:hr>
          </ns3:TrackPointExtension>
        </extensions>
      </trkpt>
      <trkpt lat="52.28004701435565948486328125" lon="4.52992849051952362060546875">
        <ele>25.6000003814697265625</ele>
        <time>2025-04-20T09:58:13.000Z</time>
        <extensions>
          <ns3:TrackPointExtension>
            <ns3:hr>125</ns3:hr>
          </ns3:TrackPointExtension>
        </extensions>
      </trkpt>
      <trkpt lat="52.28004701435565948486328125" lon="4.52992849051952362060546875">
        <ele>25.6000003814697265625</ele>
        <time>2025-04-20T09:58:36.000Z</time>
        <extensions>
          <ns3:TrackPointExtension>
            <ns3:hr>124</ns3:hr>
          </ns3:TrackPointExtension>
        </extensions>
      </trkpt>
      <trkpt lat="52.28004701435565948486328125" lon="4.52992849051952362060546875">
        <ele>25.6000003814697265625</ele>
        <time>2025-04-20T09:58:40.000Z</time>
        <extensions>
          <ns3:TrackPointExtension>
            <ns3:hr>121</ns3:hr>
          </ns3:TrackPointExtension>
        </extensions>
      </trkpt>
      <trkpt lat="52.28004701435565948486328125" lon="4.52992849051952362060546875">
        <ele>25.6000003814697265625</ele>
        <time>2025-04-20T09:58:49.000Z</time>
        <extensions>
          <ns3:TrackPointExtension>
            <ns3:hr>122</ns3:hr>
          </ns3:TrackPointExtension>
        </extensions>
      </trkpt>
      <trkpt lat="52.28004701435565948486328125" lon="4.52992849051952362060546875">
        <ele>25.6000003814697265625</ele>
        <time>2025-04-20T09:58:50.000Z</time>
        <extensions>
          <ns3:TrackPointExtension>
            <ns3:hr>119</ns3:hr>
          </ns3:TrackPointExtension>
        </extensions>
      </trkpt>
      <trkpt lat="52.28004701435565948486328125" lon="4.52992849051952362060546875">
        <ele>25.6000003814697265625</ele>
        <time>2025-04-20T09:58:57.000Z</time>
        <extensions>
          <ns3:TrackPointExtension>
            <ns3:hr>123</ns3:hr>
          </ns3:TrackPointExtension>
        </extensions>
      </trkpt>
      <trkpt lat="52.28004701435565948486328125" lon="4.52992849051952362060546875">
        <ele>25.6000003814697265625</ele>
        <time>2025-04-20T09:59:03.000Z</time>
        <extensions>
          <ns3:TrackPointExtension>
            <ns3:hr>126</ns3:hr>
          </ns3:TrackPointExtension>
        </extensions>
      </trkpt>
      <trkpt lat="52.28004701435565948486328125" lon="4.52992849051952362060546875">
        <ele>25.6000003814697265625</ele>
        <time>2025-04-20T09:59:06.000Z</time>
        <extensions>
          <ns3:TrackPointExtension>
            <ns3:hr>122</ns3:hr>
          </ns3:TrackPointExtension>
        </extensions>
      </trkpt>
      <trkpt lat="52.28004793636500835418701171875" lon="4.5299269817769527435302734375">
        <ele>25.6000003814697265625</ele>
        <time>2025-04-20T09:59:07.000Z</time>
        <extensions>
          <ns3:TrackPointExtension>
            <ns3:hr>121</ns3:hr>
          </ns3:TrackPointExtension>
        </extensions>
      </trkpt>
      <trkpt lat="52.28004910983145236968994140625" lon="4.5299251377582550048828125">
        <ele>25.6000003814697265625</ele>
        <time>2025-04-20T09:59:13.000Z</time>
        <extensions>
          <ns3:TrackPointExtension>
            <ns3:hr>116</ns3:hr>
          </ns3:TrackPointExtension>
        </extensions>
      </trkpt>
      <trkpt lat="52.28004910983145236968994140625" lon="4.5299251377582550048828125">
        <ele>25.6000003814697265625</ele>
        <time>2025-04-20T09:59:15.000Z</time>
        <extensions>
          <ns3:TrackPointExtension>
            <ns3:hr>114</ns3:hr>
          </ns3:TrackPointExtension>
        </extensions>
      </trkpt>
      <trkpt lat="52.28004910983145236968994140625" lon="4.5299251377582550048828125">
        <ele>25.6000003814697265625</ele>
        <time>2025-04-20T09:59:17.000Z</time>
        <extensions>
          <ns3:TrackPointExtension>
            <ns3:hr>117</ns3:hr>
          </ns3:TrackPointExtension>
        </extensions>
      </trkpt>
      <trkpt lat="52.28004910983145236968994140625" lon="4.5299251377582550048828125">
        <ele>25.6000003814697265625</ele>
        <time>2025-04-20T09:59:28.000Z</time>
        <extensions>
          <ns3:TrackPointExtension>
            <ns3:hr>118</ns3:hr>
          </ns3:TrackPointExtension>
        </extensions>
      </trkpt>
      <trkpt lat="52.28004910983145236968994140625" lon="4.5299251377582550048828125">
        <ele>25.6000003814697265625</ele>
        <time>2025-04-20T09:59:41.000Z</time>
        <extensions>
          <ns3:TrackPointExtension>
            <ns3:hr>120</ns3:hr>
          </ns3:TrackPointExtension>
        </extensions>
      </trkpt>
      <trkpt lat="52.280052043497562408447265625" lon="4.52991734258830547332763671875">
        <ele>25.6000003814697265625</ele>
        <time>2025-04-20T09:59:51.000Z</time>
        <extensions>
          <ns3:TrackPointExtension>
            <ns3:hr>120</ns3:hr>
          </ns3:TrackPointExtension>
        </extensions>
      </trkpt>
      <trkpt lat="52.280052043497562408447265625" lon="4.52991734258830547332763671875">
        <ele>25.6000003814697265625</ele>
        <time>2025-04-20T09:59:56.000Z</time>
        <extensions>
          <ns3:TrackPointExtension>
            <ns3:hr>117</ns3:hr>
          </ns3:TrackPointExtension>
        </extensions>
      </trkpt>
      <trkpt lat="52.280052043497562408447265625" lon="4.52991734258830547332763671875">
        <ele>25.6000003814697265625</ele>
        <time>2025-04-20T10:00:02.000Z</time>
        <extensions>
          <ns3:TrackPointExtension>
            <ns3:hr>117</ns3:hr>
          </ns3:TrackPointExtension>
        </extensions>
      </trkpt>
      <trkpt lat="52.280052043497562408447265625" lon="4.52991734258830547332763671875">
        <ele>25.6000003814697265625</ele>
        <time>2025-04-20T10:00:12.000Z</time>
        <extensions>
          <ns3:TrackPointExtension>
            <ns3:hr>116</ns3:hr>
          </ns3:TrackPointExtension>
        </extensions>
      </trkpt>
      <trkpt lat="52.28005179204046726226806640625" lon="4.529942907392978668212890625">
        <ele>25.6000003814697265625</ele>
        <time>2025-04-20T10:00:18.000Z</time>
        <extensions>
          <ns3:TrackPointExtension>
            <ns3:hr>116</ns3:hr>
          </ns3:TrackPointExtension>
        </extensions>
      </trkpt>
      <trkpt lat="52.28002010844647884368896484375" lon="4.529992528259754180908203125">
        <ele>25.6000003814697265625</ele>
        <time>2025-04-20T10:00:21.000Z</time>
        <extensions>
          <ns3:TrackPointExtension>
            <ns3:hr>116</ns3:hr>
          </ns3:TrackPointExtension>
        </extensions>
      </trkpt>
      <trkpt lat="52.2799747623503208160400390625" lon="4.53007509000599384307861328125">
        <ele>25.6000003814697265625</ele>
        <time>2025-04-20T10:00:24.000Z</time>
        <extensions>
          <ns3:TrackPointExtension>
            <ns3:hr>116</ns3:hr>
          </ns3:TrackPointExtension>
        </extensions>
      </trkpt>
      <trkpt lat="52.2798480279743671417236328125" lon="4.53033107332885265350341796875">
        <ele>25.200000762939453125</ele>
        <time>2025-04-20T10:00:31.000Z</time>
        <extensions>
          <ns3:TrackPointExtension>
            <ns3:hr>114</ns3:hr>
          </ns3:TrackPointExtension>
        </extensions>
      </trkpt>
      <trkpt lat="52.2796421684324741363525390625" lon="4.5307554490864276885986328125">
        <ele>25</ele>
        <time>2025-04-20T10:00:41.000Z</time>
        <extensions>
          <ns3:TrackPointExtension>
            <ns3:hr>115</ns3:hr>
          </ns3:TrackPointExtension>
        </extensions>
      </trkpt>
      <trkpt lat="52.27954066358506679534912109375" lon="4.53095418401062488555908203125">
        <ele>24.799999237060546875</ele>
        <time>2025-04-20T10:00:46.000Z</time>
        <extensions>
          <ns3:TrackPointExtension>
            <ns3:hr>118</ns3:hr>
          </ns3:TrackPointExtension>
        </extensions>
      </trkpt>
      <trkpt lat="52.2794822417199611663818359375" lon="4.53107178211212158203125">
        <ele>25</ele>
        <time>2025-04-20T10:00:49.000Z</time>
        <extensions>
          <ns3:TrackPointExtension>
            <ns3:hr>118</ns3:hr>
          </ns3:TrackPointExtension>
        </extensions>
      </trkpt>
      <trkpt lat="52.27929339744150638580322265625" lon="4.5314647257328033447265625">
        <ele>24.799999237060546875</ele>
        <time>2025-04-20T10:00:59.000Z</time>
        <extensions>
          <ns3:TrackPointExtension>
            <ns3:hr>117</ns3:hr>
          </ns3:TrackPointExtension>
        </extensions>
      </trkpt>
      <trkpt lat="52.27925618179142475128173828125" lon="4.53154385089874267578125">
        <ele>24.799999237060546875</ele>
        <time>2025-04-20T10:01:01.000Z</time>
        <extensions>
          <ns3:TrackPointExtension>
            <ns3:hr>114</ns3:hr>
          </ns3:TrackPointExtension>
        </extensions>
      </trkpt>
      <trkpt lat="52.2792136855423450469970703125" lon="4.53162741847336292266845703125">
        <ele>24.799999237060546875</ele>
        <time>2025-04-20T10:01:03.000Z</time>
        <extensions>
          <ns3:TrackPointExtension>
            <ns3:hr>117</ns3:hr>
          </ns3:TrackPointExtension>
        </extensions>
      </trkpt>
      <trkpt lat="52.27913263253867626190185546875" lon="4.531784914433956146240234375">
        <ele>24.799999237060546875</ele>
        <time>2025-04-20T10:01:07.000Z</time>
        <extensions>
          <ns3:TrackPointExtension>
            <ns3:hr>117</ns3:hr>
          </ns3:TrackPointExtension>
        </extensions>
      </trkpt>
      <trkpt lat="52.27890682406723499298095703125" lon="4.5322484336793422698974609375">
        <ele>24.799999237060546875</ele>
        <time>2025-04-20T10:01:17.000Z</time>
        <extensions>
          <ns3:TrackPointExtension>
            <ns3:hr>116</ns3:hr>
          </ns3:TrackPointExtension>
        </extensions>
      </trkpt>
      <trkpt lat="52.2787738032639026641845703125" lon="4.53253199346363544464111328125">
        <ele>24.799999237060546875</ele>
        <time>2025-04-20T10:01:23.000Z</time>
        <extensions>
          <ns3:TrackPointExtension>
            <ns3:hr>119</ns3:hr>
          </ns3:TrackPointExtension>
        </extensions>
      </trkpt>
      <trkpt lat="52.27861739695072174072265625" lon="4.53285469673573970794677734375">
        <ele>24.799999237060546875</ele>
        <time>2025-04-20T10:01:30.000Z</time>
        <extensions>
          <ns3:TrackPointExtension>
            <ns3:hr>122</ns3:hr>
          </ns3:TrackPointExtension>
        </extensions>
      </trkpt>
      <trkpt lat="52.2785555385053157806396484375" lon="4.5329843647778034210205078125">
        <ele>24.799999237060546875</ele>
        <time>2025-04-20T10:01:33.000Z</time>
        <extensions>
          <ns3:TrackPointExtension>
            <ns3:hr>122</ns3:hr>
          </ns3:TrackPointExtension>
        </extensions>
      </trkpt>
      <trkpt lat="52.27849661372601985931396484375" lon="4.53310749493539333343505859375">
        <ele>24.799999237060546875</ele>
        <time>2025-04-20T10:01:36.000Z</time>
        <extensions>
          <ns3:TrackPointExtension>
            <ns3:hr>125</ns3:hr>
          </ns3:TrackPointExtension>
        </extensions>
      </trkpt>
      <trkpt lat="52.2783604077994823455810546875" lon="4.53339256346225738525390625">
        <ele>24.799999237060546875</ele>
        <time>2025-04-20T10:01:43.000Z</time>
        <extensions>
          <ns3:TrackPointExtension>
            <ns3:hr>124</ns3:hr>
          </ns3:TrackPointExtension>
        </extensions>
      </trkpt>
      <trkpt lat="52.2783181630074977874755859375" lon="4.53347395174205303192138671875">
        <ele>24.799999237060546875</ele>
        <time>2025-04-20T10:01:45.000Z</time>
        <extensions>
          <ns3:TrackPointExtension>
            <ns3:hr>121</ns3:hr>
          </ns3:TrackPointExtension>
        </extensions>
      </trkpt>
      <trkpt lat="52.278297878801822662353515625" lon="4.5335112512111663818359375">
        <ele>24.799999237060546875</ele>
        <time>2025-04-20T10:01:46.000Z</time>
        <extensions>
          <ns3:TrackPointExtension>
            <ns3:hr>124</ns3:hr>
          </ns3:TrackPointExtension>
        </extensions>
      </trkpt>
      <trkpt lat="52.27820777334272861480712890625" lon="4.53370965085923671722412109375">
        <ele>24.799999237060546875</ele>
        <time>2025-04-20T10:01:52.000Z</time>
        <extensions>
          <ns3:TrackPointExtension>
            <ns3:hr>124</ns3:hr>
          </ns3:TrackPointExtension>
        </extensions>
      </trkpt>
      <trkpt lat="52.278164438903331756591796875" lon="4.53379380516707897186279296875">
        <ele>24.6000003814697265625</ele>
        <time>2025-04-20T10:01:55.000Z</time>
        <extensions>
          <ns3:TrackPointExtension>
            <ns3:hr>121</ns3:hr>
          </ns3:TrackPointExtension>
        </extensions>
      </trkpt>
      <trkpt lat="52.2781535424292087554931640625" lon="4.533816687762737274169921875">
        <ele>24.6000003814697265625</ele>
        <time>2025-04-20T10:01:56.000Z</time>
        <extensions>
          <ns3:TrackPointExtension>
            <ns3:hr>125</ns3:hr>
          </ns3:TrackPointExtension>
        </extensions>
      </trkpt>
      <trkpt lat="52.2781237028539180755615234375" lon="4.53388248570263385772705078125">
        <ele>24.799999237060546875</ele>
        <time>2025-04-20T10:01:59.000Z</time>
        <extensions>
          <ns3:TrackPointExtension>
            <ns3:hr>124</ns3:hr>
          </ns3:TrackPointExtension>
        </extensions>
      </trkpt>
      <trkpt lat="52.2781086154282093048095703125" lon="4.5338973216712474822998046875">
        <ele>24.799999237060546875</ele>
        <time>2025-04-20T10:02:00.000Z</time>
        <extensions>
          <ns3:TrackPointExtension>
            <ns3:hr>125</ns3:hr>
          </ns3:TrackPointExtension>
        </extensions>
      </trkpt>
      <trkpt lat="52.27803259156644344329833984375" lon="4.533978290855884552001953125">
        <ele>24.799999237060546875</ele>
        <time>2025-04-20T10:02:05.000Z</time>
        <extensions>
          <ns3:TrackPointExtension>
            <ns3:hr>123</ns3:hr>
          </ns3:TrackPointExtension>
        </extensions>
      </trkpt>
      <trkpt lat="52.27796184830367565155029296875" lon="4.53393579460680484771728515625">
        <ele>24.799999237060546875</ele>
        <time>2025-04-20T10:02:09.000Z</time>
        <extensions>
          <ns3:TrackPointExtension>
            <ns3:hr>120</ns3:hr>
          </ns3:TrackPointExtension>
        </extensions>
      </trkpt>
      <trkpt lat="52.277922369539737701416015625" lon="4.5338926278054714202880859375">
        <ele>24.799999237060546875</ele>
        <time>2025-04-20T10:02:11.000Z</time>
        <extensions>
          <ns3:TrackPointExtension>
            <ns3:hr>122</ns3:hr>
          </ns3:TrackPointExtension>
        </extensions>
      </trkpt>
      <trkpt lat="52.27785707451403141021728515625" lon="4.5338116586208343505859375">
        <ele>24.799999237060546875</ele>
        <time>2025-04-20T10:02:14.000Z</time>
        <extensions>
          <ns3:TrackPointExtension>
            <ns3:hr>119</ns3:hr>
          </ns3:TrackPointExtension>
        </extensions>
      </trkpt>
      <trkpt lat="52.27770368568599224090576171875" lon="4.53365919180214405059814453125">
        <ele>24.6000003814697265625</ele>
        <time>2025-04-20T10:02:20.000Z</time>
        <extensions>
          <ns3:TrackPointExtension>
            <ns3:hr>119</ns3:hr>
          </ns3:TrackPointExtension>
        </extensions>
      </trkpt>
      <trkpt lat="52.2775389812886714935302734375" lon="4.53350312076508998870849609375">
        <ele>24.6000003814697265625</ele>
        <time>2025-04-20T10:02:28.000Z</time>
        <extensions>
          <ns3:TrackPointExtension>
            <ns3:hr>119</ns3:hr>
          </ns3:TrackPointExtension>
        </extensions>
      </trkpt>
      <trkpt lat="52.2775302641093730926513671875" lon="4.53349390067160129547119140625">
        <ele>24.6000003814697265625</ele>
        <time>2025-04-20T10:02:30.000Z</time>
        <extensions>
          <ns3:TrackPointExtension>
            <ns3:hr>122</ns3:hr>
          </ns3:TrackPointExtension>
        </extensions>
      </trkpt>
      <trkpt lat="52.2775302641093730926513671875" lon="4.53349390067160129547119140625">
        <ele>24.3999996185302734375</ele>
        <time>2025-04-20T10:02:35.000Z</time>
        <extensions>
          <ns3:TrackPointExtension>
            <ns3:hr>122</ns3:hr>
          </ns3:TrackPointExtension>
        </extensions>
      </trkpt>
      <trkpt lat="52.2775302641093730926513671875" lon="4.53349390067160129547119140625">
        <ele>24.6000003814697265625</ele>
        <time>2025-04-20T10:02:45.000Z</time>
        <extensions>
          <ns3:TrackPointExtension>
            <ns3:hr>121</ns3:hr>
          </ns3:TrackPointExtension>
        </extensions>
      </trkpt>
      <trkpt lat="52.2775302641093730926513671875" lon="4.53349390067160129547119140625">
        <ele>24.6000003814697265625</ele>
        <time>2025-04-20T10:02:50.000Z</time>
        <extensions>
          <ns3:TrackPointExtension>
            <ns3:hr>117</ns3:hr>
          </ns3:TrackPointExtension>
        </extensions>
      </trkpt>
      <trkpt lat="52.277547530829906463623046875" lon="4.5335090719163417816162109375">
        <ele>24</ele>
        <time>2025-04-20T10:03:00.000Z</time>
        <extensions>
          <ns3:TrackPointExtension>
            <ns3:hr>118</ns3:hr>
          </ns3:TrackPointExtension>
        </extensions>
      </trkpt>
      <trkpt lat="52.27758851833641529083251953125" lon="4.533549137413501739501953125">
        <ele>24.3999996185302734375</ele>
        <time>2025-04-20T10:03:07.000Z</time>
        <extensions>
          <ns3:TrackPointExtension>
            <ns3:hr>118</ns3:hr>
          </ns3:TrackPointExtension>
        </extensions>
      </trkpt>
      <trkpt lat="52.27760243229568004608154296875" lon="4.5335613749921321868896484375">
        <ele>24.3999996185302734375</ele>
        <time>2025-04-20T10:03:08.000Z</time>
        <extensions>
          <ns3:TrackPointExtension>
            <ns3:hr>117</ns3:hr>
          </ns3:TrackPointExtension>
        </extensions>
      </trkpt>
      <trkpt lat="52.27768172509968280792236328125" lon="4.53364963643252849578857421875">
        <ele>24.3999996185302734375</ele>
        <time>2025-04-20T10:03:12.000Z</time>
        <extensions>
          <ns3:TrackPointExtension>
            <ns3:hr>121</ns3:hr>
          </ns3:TrackPointExtension>
        </extensions>
      </trkpt>
      <trkpt lat="52.277715504169464111328125" lon="4.53368668444454669952392578125">
        <ele>24.3999996185302734375</ele>
        <time>2025-04-20T10:03:14.000Z</time>
        <extensions>
          <ns3:TrackPointExtension>
            <ns3:hr>119</ns3:hr>
          </ns3:TrackPointExtension>
        </extensions>
      </trkpt>
      <trkpt lat="52.27789990603923797607421875" lon="4.53388432972133159637451171875">
        <ele>24.3999996185302734375</ele>
        <time>2025-04-20T10:03:23.000Z</time>
        <extensions>
          <ns3:TrackPointExtension>
            <ns3:hr>120</ns3:hr>
          </ns3:TrackPointExtension>
        </extensions>
      </trkpt>
      <trkpt lat="52.27801046334207057952880859375" lon="4.5340173505246639251708984375">
        <ele>24.3999996185302734375</ele>
        <time>2025-04-20T10:03:30.000Z</time>
        <extensions>
          <ns3:TrackPointExtension>
            <ns3:hr>119</ns3:hr>
          </ns3:TrackPointExtension>
        </extensions>
      </trkpt>
      <trkpt lat="52.2780113853514194488525390625" lon="4.53407585620880126953125">
        <ele>24.3999996185302734375</ele>
        <time>2025-04-20T10:03:32.000Z</time>
        <extensions>
          <ns3:TrackPointExtension>
            <ns3:hr>119</ns3:hr>
          </ns3:TrackPointExtension>
        </extensions>
      </trkpt>
      <trkpt lat="52.2779114730656147003173828125" lon="4.534321613609790802001953125">
        <ele>24.6000003814697265625</ele>
        <time>2025-04-20T10:03:39.000Z</time>
        <extensions>
          <ns3:TrackPointExtension>
            <ns3:hr>119</ns3:hr>
          </ns3:TrackPointExtension>
        </extensions>
      </trkpt>
      <trkpt lat="52.27782337926328182220458984375" lon="4.5345319993793964385986328125">
        <ele>24.6000003814697265625</ele>
        <time>2025-04-20T10:03:44.000Z</time>
        <extensions>
          <ns3:TrackPointExtension>
            <ns3:hr>116</ns3:hr>
          </ns3:TrackPointExtension>
        </extensions>
      </trkpt>
      <trkpt lat="52.27779471315443515777587890625" lon="4.5346114598214626312255859375">
        <ele>24.3999996185302734375</ele>
        <time>2025-04-20T10:03:46.000Z</time>
        <extensions>
          <ns3:TrackPointExtension>
            <ns3:hr>115</ns3:hr>
          </ns3:TrackPointExtension>
        </extensions>
      </trkpt>
      <trkpt lat="52.27768608368933200836181640625" lon="4.534888900816440582275390625">
        <ele>24.3999996185302734375</ele>
        <time>2025-04-20T10:03:53.000Z</time>
        <extensions>
          <ns3:TrackPointExtension>
            <ns3:hr>115</ns3:hr>
          </ns3:TrackPointExtension>
        </extensions>
      </trkpt>
      <trkpt lat="52.277638725936412811279296875" lon="4.53504790551960468292236328125">
        <ele>24.6000003814697265625</ele>
        <time>2025-04-20T10:03:57.000Z</time>
        <extensions>
          <ns3:TrackPointExtension>
            <ns3:hr>118</ns3:hr>
          </ns3:TrackPointExtension>
        </extensions>
      </trkpt>
      <trkpt lat="52.27762774564325809478759765625" lon="4.5352186448872089385986328125">
        <ele>24.799999237060546875</ele>
        <time>2025-04-20T10:04:01.000Z</time>
        <extensions>
          <ns3:TrackPointExtension>
            <ns3:hr>119</ns3:hr>
          </ns3:TrackPointExtension>
        </extensions>
      </trkpt>
      <trkpt lat="52.27764450944960117340087890625" lon="4.53551142476499080657958984375">
        <ele>25</ele>
        <time>2025-04-20T10:04:08.000Z</time>
        <extensions>
          <ns3:TrackPointExtension>
            <ns3:hr>118</ns3:hr>
          </ns3:TrackPointExtension>
        </extensions>
      </trkpt>
      <trkpt lat="52.277630008757114410400390625" lon="4.53568727709352970123291015625">
        <ele>25</ele>
        <time>2025-04-20T10:04:13.000Z</time>
        <extensions>
          <ns3:TrackPointExtension>
            <ns3:hr>117</ns3:hr>
          </ns3:TrackPointExtension>
        </extensions>
      </trkpt>
      <trkpt lat="52.27760595269501209259033203125" lon="4.535755254328250885009765625">
        <ele>25</ele>
        <time>2025-04-20T10:04:16.000Z</time>
        <extensions>
          <ns3:TrackPointExtension>
            <ns3:hr>117</ns3:hr>
          </ns3:TrackPointExtension>
        </extensions>
      </trkpt>
      <trkpt lat="52.27758717723190784454345703125" lon="4.5357765443623065948486328125">
        <ele>24.799999237060546875</ele>
        <time>2025-04-20T10:04:18.000Z</time>
        <extensions>
          <ns3:TrackPointExtension>
            <ns3:hr>117</ns3:hr>
          </ns3:TrackPointExtension>
        </extensions>
      </trkpt>
      <trkpt lat="52.2775862552225589752197265625" lon="4.535784758627414703369140625">
        <ele>24</ele>
        <time>2025-04-20T10:04:23.000Z</time>
        <extensions>
          <ns3:TrackPointExtension>
            <ns3:hr>119</ns3:hr>
          </ns3:TrackPointExtension>
        </extensions>
      </trkpt>
      <trkpt lat="52.2775862552225589752197265625" lon="4.535784758627414703369140625">
        <ele>24</ele>
        <time>2025-04-20T10:04:30.000Z</time>
        <extensions>
          <ns3:TrackPointExtension>
            <ns3:hr>116</ns3:hr>
          </ns3:TrackPointExtension>
        </extensions>
      </trkpt>
      <trkpt lat="52.2775862552225589752197265625" lon="4.535784758627414703369140625">
        <ele>24</ele>
        <time>2025-04-20T10:04:32.000Z</time>
        <extensions>
          <ns3:TrackPointExtension>
            <ns3:hr>116</ns3:hr>
          </ns3:TrackPointExtension>
        </extensions>
      </trkpt>
      <trkpt lat="52.27759103290736675262451171875" lon="4.5357798971235752105712890625">
        <ele>24</ele>
        <time>2025-04-20T10:04:39.000Z</time>
        <extensions>
          <ns3:TrackPointExtension>
            <ns3:hr>118</ns3:hr>
          </ns3:TrackPointExtension>
        </extensions>
      </trkpt>
      <trkpt lat="52.27759103290736675262451171875" lon="4.5357798971235752105712890625">
        <ele>24</ele>
        <time>2025-04-20T10:04:49.000Z</time>
        <extensions>
          <ns3:TrackPointExtension>
            <ns3:hr>118</ns3:hr>
          </ns3:TrackPointExtension>
        </extensions>
      </trkpt>
      <trkpt lat="52.27759103290736675262451171875" lon="4.5357798971235752105712890625">
        <ele>24</ele>
        <time>2025-04-20T10:05:01.000Z</time>
        <extensions>
          <ns3:TrackPointExtension>
            <ns3:hr>119</ns3:hr>
          </ns3:TrackPointExtension>
        </extensions>
      </trkpt>
      <trkpt lat="52.27759103290736675262451171875" lon="4.5357798971235752105712890625">
        <ele>24</ele>
        <time>2025-04-20T10:05:06.000Z</time>
        <extensions>
          <ns3:TrackPointExtension>
            <ns3:hr>118</ns3:hr>
          </ns3:TrackPointExtension>
        </extensions>
      </trkpt>
    </trkseg>
  </trk>
</gpx>
