<?xml version="1.0" encoding="UTF-8"?>
<gpx creator="Garmin Connect" version="1.1"
  xsi:schemaLocation="http://www.topografix.com/GPX/1/1 http://www.topografix.com/GPX/11.xsd"
  xmlns:ns3="http://www.garmin.com/xmlschemas/TrackPointExtension/v1"
  xmlns="http://www.topografix.com/GPX/1/1"
  xmlns:xsi="http://www.w3.org/2001/XMLSchema-instance" xmlns:ns2="http://www.garmin.com/xmlschemas/GpxExtensions/v3">
  <metadata>
    <link href="connect.garmin.com">
      <text>Garmin Connect</text>
    </link>
    <time>2025-05-31T09:29:28.000Z</time>
  </metadata>
  <trk>
    <name>Midden-Delfland Cycling</name>
    <type>cycling</type>
    <trkseg>
      <trkpt lat="51.97870041243731975555419921875" lon="4.31449413299560546875">
        <ele>-2.400000095367431640625</ele>
        <time>2025-05-31T09:29:36.000Z</time>
        <extensions>
          <ns3:TrackPointExtension>
            <ns3:hr>93</ns3:hr>
          </ns3:TrackPointExtension>
        </extensions>
      </trkpt>
      <trkpt lat="51.97854652069509029388427734375" lon="4.314518608152866363525390625">
        <ele>-2.400000095367431640625</ele>
        <time>2025-05-31T09:29:38.000Z</time>
        <extensions>
          <ns3:TrackPointExtension>
            <ns3:hr>96</ns3:hr>
          </ns3:TrackPointExtension>
        </extensions>
      </trkpt>
      <trkpt lat="51.9781437702476978302001953125" lon="4.3147645331919193267822265625">
        <ele>-2.2000000476837158203125</ele>
        <time>2025-05-31T09:29:40.000Z</time>
        <extensions>
          <ns3:TrackPointExtension>
            <ns3:hr>101</ns3:hr>
          </ns3:TrackPointExtension>
        </extensions>
      </trkpt>
      <trkpt lat="51.978142596781253814697265625" lon="4.31475791148841381072998046875">
        <ele>-2.2000000476837158203125</ele>
        <time>2025-05-31T09:29:42.000Z</time>
        <extensions>
          <ns3:TrackPointExtension>
            <ns3:hr>105</ns3:hr>
          </ns3:TrackPointExtension>
        </extensions>
      </trkpt>
      <trkpt lat="51.97814821265637874603271484375" lon="4.3147487752139568328857421875">
        <ele>-2.2000000476837158203125</ele>
        <time>2025-05-31T09:29:43.000Z</time>
        <extensions>
          <ns3:TrackPointExtension>
            <ns3:hr>108</ns3:hr>
          </ns3:TrackPointExtension>
        </extensions>
      </trkpt>
      <trkpt lat="51.9781796447932720184326171875" lon="4.3147286586463451385498046875">
        <ele>-2.2000000476837158203125</ele>
        <time>2025-05-31T09:29:45.000Z</time>
        <extensions>
          <ns3:TrackPointExtension>
            <ns3:hr>111</ns3:hr>
          </ns3:TrackPointExtension>
        </extensions>
      </trkpt>
      <trkpt lat="51.97821007110178470611572265625" lon="4.31469823233783245086669921875">
        <ele>-2.2000000476837158203125</ele>
        <time>2025-05-31T09:29:51.000Z</time>
        <extensions>
          <ns3:TrackPointExtension>
            <ns3:hr>110</ns3:hr>
          </ns3:TrackPointExtension>
        </extensions>
      </trkpt>
      <trkpt lat="51.97820504195988178253173828125" lon="4.3147159181535243988037109375">
        <ele>-2.2000000476837158203125</ele>
        <time>2025-05-31T09:29:53.000Z</time>
        <extensions>
          <ns3:TrackPointExtension>
            <ns3:hr>109</ns3:hr>
          </ns3:TrackPointExtension>
        </extensions>
      </trkpt>
      <trkpt lat="51.9781575165688991546630859375" lon="4.314752630889415740966796875">
        <ele>-2.2000000476837158203125</ele>
        <time>2025-05-31T09:29:56.000Z</time>
        <extensions>
          <ns3:TrackPointExtension>
            <ns3:hr>107</ns3:hr>
          </ns3:TrackPointExtension>
        </extensions>
      </trkpt>
      <trkpt lat="51.97801284492015838623046875" lon="4.314876012504100799560546875">
        <ele>-2.599999904632568359375</ele>
        <time>2025-05-31T09:30:02.000Z</time>
        <extensions>
          <ns3:TrackPointExtension>
            <ns3:hr>105</ns3:hr>
          </ns3:TrackPointExtension>
        </extensions>
      </trkpt>
      <trkpt lat="51.9778002798557281494140625" lon="4.315072484314441680908203125">
        <ele>-2.400000095367431640625</ele>
        <time>2025-05-31T09:30:10.000Z</time>
        <extensions>
          <ns3:TrackPointExtension>
            <ns3:hr>105</ns3:hr>
          </ns3:TrackPointExtension>
        </extensions>
      </trkpt>
      <trkpt lat="51.977731548249721527099609375" lon="4.315172396600246429443359375">
        <ele>-2.400000095367431640625</ele>
        <time>2025-05-31T09:30:13.000Z</time>
        <extensions>
          <ns3:TrackPointExtension>
            <ns3:hr>105</ns3:hr>
          </ns3:TrackPointExtension>
        </extensions>
      </trkpt>
      <trkpt lat="51.97772920131683349609375" lon="4.3152277171611785888671875">
        <ele>-2.400000095367431640625</ele>
        <time>2025-05-31T09:30:14.000Z</time>
        <extensions>
          <ns3:TrackPointExtension>
            <ns3:hr>104</ns3:hr>
          </ns3:TrackPointExtension>
        </extensions>
      </trkpt>
      <trkpt lat="51.97779851965606212615966796875" lon="4.3154441379010677337646484375">
        <ele>-2.599999904632568359375</ele>
        <time>2025-05-31T09:30:18.000Z</time>
        <extensions>
          <ns3:TrackPointExtension>
            <ns3:hr>103</ns3:hr>
          </ns3:TrackPointExtension>
        </extensions>
      </trkpt>
      <trkpt lat="51.9779513217508792877197265625" lon="4.31581713259220123291015625">
        <ele>-2.7999999523162841796875</ele>
        <time>2025-05-31T09:30:25.000Z</time>
        <extensions>
          <ns3:TrackPointExtension>
            <ns3:hr>102</ns3:hr>
          </ns3:TrackPointExtension>
        </extensions>
      </trkpt>
      <trkpt lat="51.97795995511114597320556640625" lon="4.3158867023885250091552734375">
        <ele>-2.7999999523162841796875</ele>
        <time>2025-05-31T09:30:27.000Z</time>
        <extensions>
          <ns3:TrackPointExtension>
            <ns3:hr>102</ns3:hr>
          </ns3:TrackPointExtension>
        </extensions>
      </trkpt>
      <trkpt lat="51.97796079330146312713623046875" lon="4.31592173874378204345703125">
        <ele>-2.7999999523162841796875</ele>
        <time>2025-05-31T09:30:28.000Z</time>
        <extensions>
          <ns3:TrackPointExtension>
            <ns3:hr>102</ns3:hr>
          </ns3:TrackPointExtension>
        </extensions>
      </trkpt>
      <trkpt lat="51.97791016660630702972412109375" lon="4.3159601278603076934814453125">
        <ele>-2.7999999523162841796875</ele>
        <time>2025-05-31T09:30:30.000Z</time>
        <extensions>
          <ns3:TrackPointExtension>
            <ns3:hr>102</ns3:hr>
          </ns3:TrackPointExtension>
        </extensions>
      </trkpt>
      <trkpt lat="51.9777183048427104949951171875" lon="4.31607118807733058929443359375">
        <ele>-2.599999904632568359375</ele>
        <time>2025-05-31T09:30:37.000Z</time>
        <extensions>
          <ns3:TrackPointExtension>
            <ns3:hr>103</ns3:hr>
          </ns3:TrackPointExtension>
        </extensions>
      </trkpt>
      <trkpt lat="51.97764672338962554931640625" lon="4.31625659577548503875732421875">
        <ele>-2.2000000476837158203125</ele>
        <time>2025-05-31T09:30:42.000Z</time>
        <extensions>
          <ns3:TrackPointExtension>
            <ns3:hr>108</ns3:hr>
          </ns3:TrackPointExtension>
        </extensions>
      </trkpt>
      <trkpt lat="51.97763054631650447845458984375" lon="4.31629649363458156585693359375">
        <ele>-2.2000000476837158203125</ele>
        <time>2025-05-31T09:30:43.000Z</time>
        <extensions>
          <ns3:TrackPointExtension>
            <ns3:hr>105</ns3:hr>
          </ns3:TrackPointExtension>
        </extensions>
      </trkpt>
      <trkpt lat="51.97754605673253536224365234375" lon="4.31648039259016513824462890625">
        <ele>-2</ele>
        <time>2025-05-31T09:30:48.000Z</time>
        <extensions>
          <ns3:TrackPointExtension>
            <ns3:hr>108</ns3:hr>
          </ns3:TrackPointExtension>
        </extensions>
      </trkpt>
      <trkpt lat="51.97751336731016635894775390625" lon="4.31653152219951152801513671875">
        <ele>-1.7999999523162841796875</ele>
        <time>2025-05-31T09:30:50.000Z</time>
        <extensions>
          <ns3:TrackPointExtension>
            <ns3:hr>110</ns3:hr>
          </ns3:TrackPointExtension>
        </extensions>
      </trkpt>
      <trkpt lat="51.9774722121655941009521484375" lon="4.31656957603991031646728515625">
        <ele>-1.7999999523162841796875</ele>
        <time>2025-05-31T09:30:53.000Z</time>
        <extensions>
          <ns3:TrackPointExtension>
            <ns3:hr>111</ns3:hr>
          </ns3:TrackPointExtension>
        </extensions>
      </trkpt>
      <trkpt lat="51.97745569981634616851806640625" lon="4.3165542371571063995361328125">
        <ele>-1.7999999523162841796875</ele>
        <time>2025-05-31T09:30:54.000Z</time>
        <extensions>
          <ns3:TrackPointExtension>
            <ns3:hr>111</ns3:hr>
          </ns3:TrackPointExtension>
        </extensions>
      </trkpt>
      <trkpt lat="51.9774247705936431884765625" lon="4.31648768484592437744140625">
        <ele>-1.7999999523162841796875</ele>
        <time>2025-05-31T09:30:56.000Z</time>
        <extensions>
          <ns3:TrackPointExtension>
            <ns3:hr>114</ns3:hr>
          </ns3:TrackPointExtension>
        </extensions>
      </trkpt>
      <trkpt lat="51.977390237152576446533203125" lon="4.31640923023223876953125">
        <ele>-1.60000002384185791015625</ele>
        <time>2025-05-31T09:30:58.000Z</time>
        <extensions>
          <ns3:TrackPointExtension>
            <ns3:hr>117</ns3:hr>
          </ns3:TrackPointExtension>
        </extensions>
      </trkpt>
      <trkpt lat="51.9773766584694385528564453125" lon="4.31637461297214031219482421875">
        <ele>-1.60000002384185791015625</ele>
        <time>2025-05-31T09:30:59.000Z</time>
        <extensions>
          <ns3:TrackPointExtension>
            <ns3:hr>120</ns3:hr>
          </ns3:TrackPointExtension>
        </extensions>
      </trkpt>
      <trkpt lat="51.977359391748905181884765625" lon="4.31633337400853633880615234375">
        <ele>-1.60000002384185791015625</ele>
        <time>2025-05-31T09:31:00.000Z</time>
        <extensions>
          <ns3:TrackPointExtension>
            <ns3:hr>121</ns3:hr>
          </ns3:TrackPointExtension>
        </extensions>
      </trkpt>
      <trkpt lat="51.97725185193121433258056640625" lon="4.31612701155245304107666015625">
        <ele>-1.39999997615814208984375</ele>
        <time>2025-05-31T09:31:07.000Z</time>
        <extensions>
          <ns3:TrackPointExtension>
            <ns3:hr>121</ns3:hr>
          </ns3:TrackPointExtension>
        </extensions>
      </trkpt>
      <trkpt lat="51.97719133459031581878662109375" lon="4.31611309759318828582763671875">
        <ele>-1.39999997615814208984375</ele>
        <time>2025-05-31T09:31:10.000Z</time>
        <extensions>
          <ns3:TrackPointExtension>
            <ns3:hr>124</ns3:hr>
          </ns3:TrackPointExtension>
        </extensions>
      </trkpt>
      <trkpt lat="51.977168619632720947265625" lon="4.31612022221088409423828125">
        <ele>-1.2000000476837158203125</ele>
        <time>2025-05-31T09:31:11.000Z</time>
        <extensions>
          <ns3:TrackPointExtension>
            <ns3:hr>126</ns3:hr>
          </ns3:TrackPointExtension>
        </extensions>
      </trkpt>
      <trkpt lat="51.9771198369562625885009765625" lon="4.31616037152707576751708984375">
        <ele>-0.800000011920928955078125</ele>
        <time>2025-05-31T09:31:13.000Z</time>
        <extensions>
          <ns3:TrackPointExtension>
            <ns3:hr>128</ns3:hr>
          </ns3:TrackPointExtension>
        </extensions>
      </trkpt>
      <trkpt lat="51.9770222716033458709716796875" lon="4.31630973704159259796142578125">
        <ele>-0.800000011920928955078125</ele>
        <time>2025-05-31T09:31:17.000Z</time>
        <extensions>
          <ns3:TrackPointExtension>
            <ns3:hr>129</ns3:hr>
          </ns3:TrackPointExtension>
        </extensions>
      </trkpt>
      <trkpt lat="51.97684482671320438385009765625" lon="4.31664953939616680145263671875">
        <ele>-1.60000002384185791015625</ele>
        <time>2025-05-31T09:31:23.000Z</time>
        <extensions>
          <ns3:TrackPointExtension>
            <ns3:hr>130</ns3:hr>
          </ns3:TrackPointExtension>
        </extensions>
      </trkpt>
      <trkpt lat="51.976734101772308349609375" lon="4.31680477224290370941162109375">
        <ele>-2</ele>
        <time>2025-05-31T09:31:26.000Z</time>
        <extensions>
          <ns3:TrackPointExtension>
            <ns3:hr>131</ns3:hr>
          </ns3:TrackPointExtension>
        </extensions>
      </trkpt>
      <trkpt lat="51.976607702672481536865234375" lon="4.3168858252465724945068359375">
        <ele>-2.2000000476837158203125</ele>
        <time>2025-05-31T09:31:29.000Z</time>
        <extensions>
          <ns3:TrackPointExtension>
            <ns3:hr>131</ns3:hr>
          </ns3:TrackPointExtension>
        </extensions>
      </trkpt>
      <trkpt lat="51.97619430720806121826171875" lon="4.31713384576141834259033203125">
        <ele>-2.599999904632568359375</ele>
        <time>2025-05-31T09:31:38.000Z</time>
        <extensions>
          <ns3:TrackPointExtension>
            <ns3:hr>131</ns3:hr>
          </ns3:TrackPointExtension>
        </extensions>
      </trkpt>
      <trkpt lat="51.97610202245414257049560546875" lon="4.31717944331467151641845703125">
        <ele>-2.7999999523162841796875</ele>
        <time>2025-05-31T09:31:40.000Z</time>
        <extensions>
          <ns3:TrackPointExtension>
            <ns3:hr>128</ns3:hr>
          </ns3:TrackPointExtension>
        </extensions>
      </trkpt>
      <trkpt lat="51.9758022017776966094970703125" lon="4.3173763342201709747314453125">
        <ele>-2.7999999523162841796875</ele>
        <time>2025-05-31T09:31:47.000Z</time>
        <extensions>
          <ns3:TrackPointExtension>
            <ns3:hr>127</ns3:hr>
          </ns3:TrackPointExtension>
        </extensions>
      </trkpt>
      <trkpt lat="51.97554093785583972930908203125" lon="4.31754455901682376861572265625">
        <ele>-3.2000000476837158203125</ele>
        <time>2025-05-31T09:31:53.000Z</time>
        <extensions>
          <ns3:TrackPointExtension>
            <ns3:hr>124</ns3:hr>
          </ns3:TrackPointExtension>
        </extensions>
      </trkpt>
      <trkpt lat="51.97536475025117397308349609375" lon="4.317649416625499725341796875">
        <ele>-3.2000000476837158203125</ele>
        <time>2025-05-31T09:31:57.000Z</time>
        <extensions>
          <ns3:TrackPointExtension>
            <ns3:hr>122</ns3:hr>
          </ns3:TrackPointExtension>
        </extensions>
      </trkpt>
      <trkpt lat="51.97497867979109287261962890625" lon="4.31788721121847629547119140625">
        <ele>-2.7999999523162841796875</ele>
        <time>2025-05-31T09:32:06.000Z</time>
        <extensions>
          <ns3:TrackPointExtension>
            <ns3:hr>122</ns3:hr>
          </ns3:TrackPointExtension>
        </extensions>
      </trkpt>
      <trkpt lat="51.97463284246623516082763671875" lon="4.31812810711562633514404296875">
        <ele>-3</ele>
        <time>2025-05-31T09:32:14.000Z</time>
        <extensions>
          <ns3:TrackPointExtension>
            <ns3:hr>125</ns3:hr>
          </ns3:TrackPointExtension>
        </extensions>
      </trkpt>
      <trkpt lat="51.974186338484287261962890625" lon="4.318377971649169921875">
        <ele>-3</ele>
        <time>2025-05-31T09:32:24.000Z</time>
        <extensions>
          <ns3:TrackPointExtension>
            <ns3:hr>123</ns3:hr>
          </ns3:TrackPointExtension>
        </extensions>
      </trkpt>
      <trkpt lat="51.97379565797746181488037109375" lon="4.3186332844197750091552734375">
        <ele>-2.599999904632568359375</ele>
        <time>2025-05-31T09:32:33.000Z</time>
        <extensions>
          <ns3:TrackPointExtension>
            <ns3:hr>122</ns3:hr>
          </ns3:TrackPointExtension>
        </extensions>
      </trkpt>
      <trkpt lat="51.97375760413706302642822265625" lon="4.3186676502227783203125">
        <ele>-2.599999904632568359375</ele>
        <time>2025-05-31T09:32:34.000Z</time>
        <extensions>
          <ns3:TrackPointExtension>
            <ns3:hr>122</ns3:hr>
          </ns3:TrackPointExtension>
        </extensions>
      </trkpt>
      <trkpt lat="51.97364662773907184600830078125" lon="4.31874987669289112091064453125">
        <ele>-2.599999904632568359375</ele>
        <time>2025-05-31T09:32:37.000Z</time>
        <extensions>
          <ns3:TrackPointExtension>
            <ns3:hr>123</ns3:hr>
          </ns3:TrackPointExtension>
        </extensions>
      </trkpt>
      <trkpt lat="51.9735246710479259490966796875" lon="4.31883922778069972991943359375">
        <ele>-2.599999904632568359375</ele>
        <time>2025-05-31T09:32:40.000Z</time>
        <extensions>
          <ns3:TrackPointExtension>
            <ns3:hr>124</ns3:hr>
          </ns3:TrackPointExtension>
        </extensions>
      </trkpt>
      <trkpt lat="51.97349005378782749176025390625" lon="4.31885750032961368560791015625">
        <ele>-2.7999999523162841796875</ele>
        <time>2025-05-31T09:32:41.000Z</time>
        <extensions>
          <ns3:TrackPointExtension>
            <ns3:hr>124</ns3:hr>
          </ns3:TrackPointExtension>
        </extensions>
      </trkpt>
      <trkpt lat="51.97336348704993724822998046875" lon="4.31892874650657176971435546875">
        <ele>-3.2000000476837158203125</ele>
        <time>2025-05-31T09:32:44.000Z</time>
        <extensions>
          <ns3:TrackPointExtension>
            <ns3:hr>127</ns3:hr>
          </ns3:TrackPointExtension>
        </extensions>
      </trkpt>
      <trkpt lat="51.97327472269535064697265625" lon="4.3189984001219272613525390625">
        <ele>-3.2000000476837158203125</ele>
        <time>2025-05-31T09:32:46.000Z</time>
        <extensions>
          <ns3:TrackPointExtension>
            <ns3:hr>128</ns3:hr>
          </ns3:TrackPointExtension>
        </extensions>
      </trkpt>
      <trkpt lat="51.97318327613174915313720703125" lon="4.31901860050857067108154296875">
        <ele>-3.2000000476837158203125</ele>
        <time>2025-05-31T09:32:48.000Z</time>
        <extensions>
          <ns3:TrackPointExtension>
            <ns3:hr>128</ns3:hr>
          </ns3:TrackPointExtension>
        </extensions>
      </trkpt>
      <trkpt lat="51.9731498323380947113037109375" lon="4.3189997412264347076416015625">
        <ele>-3.2000000476837158203125</ele>
        <time>2025-05-31T09:32:49.000Z</time>
        <extensions>
          <ns3:TrackPointExtension>
            <ns3:hr>128</ns3:hr>
          </ns3:TrackPointExtension>
        </extensions>
      </trkpt>
      <trkpt lat="51.97311035357415676116943359375" lon="4.318955652415752410888671875">
        <ele>-3.2000000476837158203125</ele>
        <time>2025-05-31T09:32:50.000Z</time>
        <extensions>
          <ns3:TrackPointExtension>
            <ns3:hr>129</ns3:hr>
          </ns3:TrackPointExtension>
        </extensions>
      </trkpt>
      <trkpt lat="51.9730797596275806427001953125" lon="4.31883235462009906768798828125">
        <ele>-3.2000000476837158203125</ele>
        <time>2025-05-31T09:32:52.000Z</time>
        <extensions>
          <ns3:TrackPointExtension>
            <ns3:hr>129</ns3:hr>
          </ns3:TrackPointExtension>
        </extensions>
      </trkpt>
      <trkpt lat="51.97304212488234043121337890625" lon="4.31855239905416965484619140625">
        <ele>-3.2000000476837158203125</ele>
        <time>2025-05-31T09:32:56.000Z</time>
        <extensions>
          <ns3:TrackPointExtension>
            <ns3:hr>129</ns3:hr>
          </ns3:TrackPointExtension>
        </extensions>
      </trkpt>
      <trkpt lat="51.9730029813945293426513671875" lon="4.31828074157238006591796875">
        <ele>-3.2000000476837158203125</ele>
        <time>2025-05-31T09:33:00.000Z</time>
        <extensions>
          <ns3:TrackPointExtension>
            <ns3:hr>130</ns3:hr>
          </ns3:TrackPointExtension>
        </extensions>
      </trkpt>
      <trkpt lat="51.9728864729404449462890625" lon="4.31752041913568973541259765625">
        <ele>-3</ele>
        <time>2025-05-31T09:33:11.000Z</time>
        <extensions>
          <ns3:TrackPointExtension>
            <ns3:hr>129</ns3:hr>
          </ns3:TrackPointExtension>
        </extensions>
      </trkpt>
      <trkpt lat="51.972784884274005889892578125" lon="4.316842071712017059326171875">
        <ele>-3</ele>
        <time>2025-05-31T09:33:21.000Z</time>
        <extensions>
          <ns3:TrackPointExtension>
            <ns3:hr>131</ns3:hr>
          </ns3:TrackPointExtension>
        </extensions>
      </trkpt>
      <trkpt lat="51.9726663641631603240966796875" lon="4.3160726130008697509765625">
        <ele>-2.599999904632568359375</ele>
        <time>2025-05-31T09:33:32.000Z</time>
        <extensions>
          <ns3:TrackPointExtension>
            <ns3:hr>133</ns3:hr>
          </ns3:TrackPointExtension>
        </extensions>
      </trkpt>
      <trkpt lat="51.97265672497451305389404296875" lon="4.3160037137567996978759765625">
        <ele>-2.599999904632568359375</ele>
        <time>2025-05-31T09:33:33.000Z</time>
        <extensions>
          <ns3:TrackPointExtension>
            <ns3:hr>133</ns3:hr>
          </ns3:TrackPointExtension>
        </extensions>
      </trkpt>
      <trkpt lat="51.97261548601090908050537109375" lon="4.3157304637134075164794921875">
        <ele>-2.400000095367431640625</ele>
        <time>2025-05-31T09:33:37.000Z</time>
        <extensions>
          <ns3:TrackPointExtension>
            <ns3:hr>131</ns3:hr>
          </ns3:TrackPointExtension>
        </extensions>
      </trkpt>
      <trkpt lat="51.97259386070072650909423828125" lon="4.31560481898486614227294921875">
        <ele>-2.400000095367431640625</ele>
        <time>2025-05-31T09:33:39.000Z</time>
        <extensions>
          <ns3:TrackPointExtension>
            <ns3:hr>131</ns3:hr>
          </ns3:TrackPointExtension>
        </extensions>
      </trkpt>
      <trkpt lat="51.9725543819367885589599609375" lon="4.31551815010607242584228515625">
        <ele>-2.400000095367431640625</ele>
        <time>2025-05-31T09:33:41.000Z</time>
        <extensions>
          <ns3:TrackPointExtension>
            <ns3:hr>131</ns3:hr>
          </ns3:TrackPointExtension>
        </extensions>
      </trkpt>
      <trkpt lat="51.97252236306667327880859375" lon="4.3154937587678432464599609375">
        <ele>-2.400000095367431640625</ele>
        <time>2025-05-31T09:33:42.000Z</time>
        <extensions>
          <ns3:TrackPointExtension>
            <ns3:hr>131</ns3:hr>
          </ns3:TrackPointExtension>
        </extensions>
      </trkpt>
      <trkpt lat="51.97239235974848270416259765625" lon="4.3153750710189342498779296875">
        <ele>-2.400000095367431640625</ele>
        <time>2025-05-31T09:33:46.000Z</time>
        <extensions>
          <ns3:TrackPointExtension>
            <ns3:hr>132</ns3:hr>
          </ns3:TrackPointExtension>
        </extensions>
      </trkpt>
      <trkpt lat="51.97233687154948711395263671875" lon="4.31506820954382419586181640625">
        <ele>-2.400000095367431640625</ele>
        <time>2025-05-31T09:33:51.000Z</time>
        <extensions>
          <ns3:TrackPointExtension>
            <ns3:hr>132</ns3:hr>
          </ns3:TrackPointExtension>
        </extensions>
      </trkpt>
      <trkpt lat="51.9723056070506572723388671875" lon="4.3148771859705448150634765625">
        <ele>-2.2000000476837158203125</ele>
        <time>2025-05-31T09:33:54.000Z</time>
        <extensions>
          <ns3:TrackPointExtension>
            <ns3:hr>133</ns3:hr>
          </ns3:TrackPointExtension>
        </extensions>
      </trkpt>
      <trkpt lat="51.972268559038639068603515625" lon="4.3146884255111217498779296875">
        <ele>-2.2000000476837158203125</ele>
        <time>2025-05-31T09:33:57.000Z</time>
        <extensions>
          <ns3:TrackPointExtension>
            <ns3:hr>133</ns3:hr>
          </ns3:TrackPointExtension>
        </extensions>
      </trkpt>
      <trkpt lat="51.97225145995616912841796875" lon="4.31462279520928859710693359375">
        <ele>-2.400000095367431640625</ele>
        <time>2025-05-31T09:33:58.000Z</time>
        <extensions>
          <ns3:TrackPointExtension>
            <ns3:hr>133</ns3:hr>
          </ns3:TrackPointExtension>
        </extensions>
      </trkpt>
      <trkpt lat="51.972242407500743865966796875" lon="4.31458323262631893157958984375">
        <ele>-2.400000095367431640625</ele>
        <time>2025-05-31T09:33:59.000Z</time>
        <extensions>
          <ns3:TrackPointExtension>
            <ns3:hr>133</ns3:hr>
          </ns3:TrackPointExtension>
        </extensions>
      </trkpt>
      <trkpt lat="51.9721649587154388427734375" lon="4.31410831399261951446533203125">
        <ele>-2.400000095367431640625</ele>
        <time>2025-05-31T09:34:06.000Z</time>
        <extensions>
          <ns3:TrackPointExtension>
            <ns3:hr>131</ns3:hr>
          </ns3:TrackPointExtension>
        </extensions>
      </trkpt>
      <trkpt lat="51.9721319340169429779052734375" lon="4.31381863541901111602783203125">
        <ele>-2.400000095367431640625</ele>
        <time>2025-05-31T09:34:10.000Z</time>
        <extensions>
          <ns3:TrackPointExtension>
            <ns3:hr>130</ns3:hr>
          </ns3:TrackPointExtension>
        </extensions>
      </trkpt>
      <trkpt lat="51.97213117964565753936767578125" lon="4.31368268094956874847412109375">
        <ele>-2.2000000476837158203125</ele>
        <time>2025-05-31T09:34:12.000Z</time>
        <extensions>
          <ns3:TrackPointExtension>
            <ns3:hr>130</ns3:hr>
          </ns3:TrackPointExtension>
        </extensions>
      </trkpt>
      <trkpt lat="51.9720836542546749114990234375" lon="4.3130073510110378265380859375">
        <ele>-1.39999997615814208984375</ele>
        <time>2025-05-31T09:34:21.000Z</time>
        <extensions>
          <ns3:TrackPointExtension>
            <ns3:hr>129</ns3:hr>
          </ns3:TrackPointExtension>
        </extensions>
      </trkpt>
      <trkpt lat="51.9720652140676975250244140625" lon="4.31288036517798900604248046875">
        <ele>-1.2000000476837158203125</ele>
        <time>2025-05-31T09:34:23.000Z</time>
        <extensions>
          <ns3:TrackPointExtension>
            <ns3:hr>133</ns3:hr>
          </ns3:TrackPointExtension>
        </extensions>
      </trkpt>
      <trkpt lat="51.9720581732690334320068359375" lon="4.31281347759068012237548828125">
        <ele>-1</ele>
        <time>2025-05-31T09:34:24.000Z</time>
        <extensions>
          <ns3:TrackPointExtension>
            <ns3:hr>131</ns3:hr>
          </ns3:TrackPointExtension>
        </extensions>
      </trkpt>
      <trkpt lat="51.9720162637531757354736328125" lon="4.31254408322274684906005859375">
        <ele>-0.20000000298023223876953125</ele>
        <time>2025-05-31T09:34:28.000Z</time>
        <extensions>
          <ns3:TrackPointExtension>
            <ns3:hr>136</ns3:hr>
          </ns3:TrackPointExtension>
        </extensions>
      </trkpt>
      <trkpt lat="51.97199723683297634124755859375" lon="4.31243025697767734527587890625">
        <ele>0.20000000298023223876953125</ele>
        <time>2025-05-31T09:34:30.000Z</time>
        <extensions>
          <ns3:TrackPointExtension>
            <ns3:hr>140</ns3:hr>
          </ns3:TrackPointExtension>
        </extensions>
      </trkpt>
      <trkpt lat="51.97198634035885334014892578125" lon="4.31236504577100276947021484375">
        <ele>0.20000000298023223876953125</ele>
        <time>2025-05-31T09:34:31.000Z</time>
        <extensions>
          <ns3:TrackPointExtension>
            <ns3:hr>142</ns3:hr>
          </ns3:TrackPointExtension>
        </extensions>
      </trkpt>
      <trkpt lat="51.97196002118289470672607421875" lon="4.31224518455564975738525390625">
        <ele>0.60000002384185791015625</ele>
        <time>2025-05-31T09:34:33.000Z</time>
        <extensions>
          <ns3:TrackPointExtension>
            <ns3:hr>149</ns3:hr>
          </ns3:TrackPointExtension>
        </extensions>
      </trkpt>
      <trkpt lat="51.9719445146620273590087890625" lon="4.3121718429028987884521484375">
        <ele>0.800000011920928955078125</ele>
        <time>2025-05-31T09:34:34.000Z</time>
        <extensions>
          <ns3:TrackPointExtension>
            <ns3:hr>152</ns3:hr>
          </ns3:TrackPointExtension>
        </extensions>
      </trkpt>
      <trkpt lat="51.97191928513348102569580078125" lon="4.31204418651759624481201171875">
        <ele>1.2000000476837158203125</ele>
        <time>2025-05-31T09:34:36.000Z</time>
        <extensions>
          <ns3:TrackPointExtension>
            <ns3:hr>155</ns3:hr>
          </ns3:TrackPointExtension>
        </extensions>
      </trkpt>
      <trkpt lat="51.97187192738056182861328125" lon="4.31179943494498729705810546875">
        <ele>1.39999997615814208984375</ele>
        <time>2025-05-31T09:34:40.000Z</time>
        <extensions>
          <ns3:TrackPointExtension>
            <ns3:hr>158</ns3:hr>
          </ns3:TrackPointExtension>
        </extensions>
      </trkpt>
      <trkpt lat="51.971859522163867950439453125" lon="4.311738498508930206298828125">
        <ele>1.60000002384185791015625</ele>
        <time>2025-05-31T09:34:41.000Z</time>
        <extensions>
          <ns3:TrackPointExtension>
            <ns3:hr>158</ns3:hr>
          </ns3:TrackPointExtension>
        </extensions>
      </trkpt>
      <trkpt lat="51.9718231447041034698486328125" lon="4.311554767191410064697265625">
        <ele>1.7999999523162841796875</ele>
        <time>2025-05-31T09:34:44.000Z</time>
        <extensions>
          <ns3:TrackPointExtension>
            <ns3:hr>161</ns3:hr>
          </ns3:TrackPointExtension>
        </extensions>
      </trkpt>
      <trkpt lat="51.97179154492914676666259765625" lon="4.31136826984584331512451171875">
        <ele>2.2000000476837158203125</ele>
        <time>2025-05-31T09:34:47.000Z</time>
        <extensions>
          <ns3:TrackPointExtension>
            <ns3:hr>162</ns3:hr>
          </ns3:TrackPointExtension>
        </extensions>
      </trkpt>
      <trkpt lat="51.9717601127922534942626953125" lon="4.3111831136047840118408203125">
        <ele>2.599999904632568359375</ele>
        <time>2025-05-31T09:34:50.000Z</time>
        <extensions>
          <ns3:TrackPointExtension>
            <ns3:hr>165</ns3:hr>
          </ns3:TrackPointExtension>
        </extensions>
      </trkpt>
      <trkpt lat="51.9717379845678806304931640625" lon="4.31105411611497402191162109375">
        <ele>2.7999999523162841796875</ele>
        <time>2025-05-31T09:34:52.000Z</time>
        <extensions>
          <ns3:TrackPointExtension>
            <ns3:hr>165</ns3:hr>
          </ns3:TrackPointExtension>
        </extensions>
      </trkpt>
      <trkpt lat="51.97159037925302982330322265625" lon="4.310290776193141937255859375">
        <ele>2.599999904632568359375</ele>
        <time>2025-05-31T09:35:03.000Z</time>
        <extensions>
          <ns3:TrackPointExtension>
            <ns3:hr>166</ns3:hr>
          </ns3:TrackPointExtension>
        </extensions>
      </trkpt>
      <trkpt lat="51.97146892547607421875" lon="4.30961695499718189239501953125">
        <ele>2</ele>
        <time>2025-05-31T09:35:11.000Z</time>
        <extensions>
          <ns3:TrackPointExtension>
            <ns3:hr>166</ns3:hr>
          </ns3:TrackPointExtension>
        </extensions>
      </trkpt>
      <trkpt lat="51.97136138565838336944580078125" lon="4.30908822454512119293212890625">
        <ele>1</ele>
        <time>2025-05-31T09:35:17.000Z</time>
        <extensions>
          <ns3:TrackPointExtension>
            <ns3:hr>165</ns3:hr>
          </ns3:TrackPointExtension>
        </extensions>
      </trkpt>
      <trkpt lat="51.971302293241024017333984375" lon="4.308832325041294097900390625">
        <ele>0.60000002384185791015625</ele>
        <time>2025-05-31T09:35:20.000Z</time>
        <extensions>
          <ns3:TrackPointExtension>
            <ns3:hr>164</ns3:hr>
          </ns3:TrackPointExtension>
        </extensions>
      </trkpt>
      <trkpt lat="51.97123280726373195648193359375" lon="4.308588914573192596435546875">
        <ele>0.4000000059604644775390625</ele>
        <time>2025-05-31T09:35:23.000Z</time>
        <extensions>
          <ns3:TrackPointExtension>
            <ns3:hr>161</ns3:hr>
          </ns3:TrackPointExtension>
        </extensions>
      </trkpt>
      <trkpt lat="51.9711881317198276519775390625" lon="4.308427311480045318603515625">
        <ele>0.4000000059604644775390625</ele>
        <time>2025-05-31T09:35:25.000Z</time>
        <extensions>
          <ns3:TrackPointExtension>
            <ns3:hr>158</ns3:hr>
          </ns3:TrackPointExtension>
        </extensions>
      </trkpt>
      <trkpt lat="51.97113976813852787017822265625" lon="4.30827233009040355682373046875">
        <ele>0.4000000059604644775390625</ele>
        <time>2025-05-31T09:35:27.000Z</time>
        <extensions>
          <ns3:TrackPointExtension>
            <ns3:hr>155</ns3:hr>
          </ns3:TrackPointExtension>
        </extensions>
      </trkpt>
      <trkpt lat="51.9710607267916202545166015625" lon="4.30804618634283542633056640625">
        <ele>0.4000000059604644775390625</ele>
        <time>2025-05-31T09:35:30.000Z</time>
        <extensions>
          <ns3:TrackPointExtension>
            <ns3:hr>152</ns3:hr>
          </ns3:TrackPointExtension>
        </extensions>
      </trkpt>
      <trkpt lat="51.9707707129418849945068359375" lon="4.30734529159963130950927734375">
        <ele>0.20000000298023223876953125</ele>
        <time>2025-05-31T09:35:40.000Z</time>
        <extensions>
          <ns3:TrackPointExtension>
            <ns3:hr>152</ns3:hr>
          </ns3:TrackPointExtension>
        </extensions>
      </trkpt>
      <trkpt lat="51.97060869075357913970947265625" lon="4.30701278150081634521484375">
        <ele>0.4000000059604644775390625</ele>
        <time>2025-05-31T09:35:45.000Z</time>
        <extensions>
          <ns3:TrackPointExtension>
            <ns3:hr>155</ns3:hr>
          </ns3:TrackPointExtension>
        </extensions>
      </trkpt>
      <trkpt lat="51.97036921977996826171875" lon="4.30654716677963733673095703125">
        <ele>0.20000000298023223876953125</ele>
        <time>2025-05-31T09:35:52.000Z</time>
        <extensions>
          <ns3:TrackPointExtension>
            <ns3:hr>157</ns3:hr>
          </ns3:TrackPointExtension>
        </extensions>
      </trkpt>
      <trkpt lat="51.96997468359768390655517578125" lon="4.3059709109365940093994140625">
        <ele>0</ele>
        <time>2025-05-31T09:36:02.000Z</time>
        <extensions>
          <ns3:TrackPointExtension>
            <ns3:hr>159</ns3:hr>
          </ns3:TrackPointExtension>
        </extensions>
      </trkpt>
      <trkpt lat="51.96989069692790508270263671875" lon="4.30586772970855236053466796875">
        <ele>0</ele>
        <time>2025-05-31T09:36:04.000Z</time>
        <extensions>
          <ns3:TrackPointExtension>
            <ns3:hr>158</ns3:hr>
          </ns3:TrackPointExtension>
        </extensions>
      </trkpt>
      <trkpt lat="51.9696354679763317108154296875" lon="4.3055776320397853851318359375">
        <ele>0</ele>
        <time>2025-05-31T09:36:10.000Z</time>
        <extensions>
          <ns3:TrackPointExtension>
            <ns3:hr>160</ns3:hr>
          </ns3:TrackPointExtension>
        </extensions>
      </trkpt>
      <trkpt lat="51.9692790694534778594970703125" lon="4.30523975752294063568115234375">
        <ele>-0.800000011920928955078125</ele>
        <time>2025-05-31T09:36:18.000Z</time>
        <extensions>
          <ns3:TrackPointExtension>
            <ns3:hr>160</ns3:hr>
          </ns3:TrackPointExtension>
        </extensions>
      </trkpt>
      <trkpt lat="51.968791075050830841064453125" lon="4.3048829399049282073974609375">
        <ele>-0.4000000059604644775390625</ele>
        <time>2025-05-31T09:36:28.000Z</time>
        <extensions>
          <ns3:TrackPointExtension>
            <ns3:hr>161</ns3:hr>
          </ns3:TrackPointExtension>
        </extensions>
      </trkpt>
      <trkpt lat="51.96830467320978641510009765625" lon="4.304609186947345733642578125">
        <ele>-0.60000002384185791015625</ele>
        <time>2025-05-31T09:36:38.000Z</time>
        <extensions>
          <ns3:TrackPointExtension>
            <ns3:hr>158</ns3:hr>
          </ns3:TrackPointExtension>
        </extensions>
      </trkpt>
      <trkpt lat="51.96825454942882061004638671875" lon="4.30459133349359035491943359375">
        <ele>-0.60000002384185791015625</ele>
        <time>2025-05-31T09:36:39.000Z</time>
        <extensions>
          <ns3:TrackPointExtension>
            <ns3:hr>158</ns3:hr>
          </ns3:TrackPointExtension>
        </extensions>
      </trkpt>
      <trkpt lat="51.96772581897675991058349609375" lon="4.304376505315303802490234375">
        <ele>-0.20000000298023223876953125</ele>
        <time>2025-05-31T09:36:50.000Z</time>
        <extensions>
          <ns3:TrackPointExtension>
            <ns3:hr>158</ns3:hr>
          </ns3:TrackPointExtension>
        </extensions>
      </trkpt>
      <trkpt lat="51.9673448614776134490966796875" lon="4.304263181984424591064453125">
        <ele>0.4000000059604644775390625</ele>
        <time>2025-05-31T09:36:58.000Z</time>
        <extensions>
          <ns3:TrackPointExtension>
            <ns3:hr>161</ns3:hr>
          </ns3:TrackPointExtension>
        </extensions>
      </trkpt>
      <trkpt lat="51.966798864305019378662109375" lon="4.30404089391231536865234375">
        <ele>0.60000002384185791015625</ele>
        <time>2025-05-31T09:37:09.000Z</time>
        <extensions>
          <ns3:TrackPointExtension>
            <ns3:hr>163</ns3:hr>
          </ns3:TrackPointExtension>
        </extensions>
      </trkpt>
      <trkpt lat="51.9667477346956729888916015625" lon="4.30401633493602275848388671875">
        <ele>0.60000002384185791015625</ele>
        <time>2025-05-31T09:37:10.000Z</time>
        <extensions>
          <ns3:TrackPointExtension>
            <ns3:hr>163</ns3:hr>
          </ns3:TrackPointExtension>
        </extensions>
      </trkpt>
      <trkpt lat="51.96625647135078907012939453125" lon="4.3037741817533969879150390625">
        <ele>0.4000000059604644775390625</ele>
        <time>2025-05-31T09:37:20.000Z</time>
        <extensions>
          <ns3:TrackPointExtension>
            <ns3:hr>163</ns3:hr>
          </ns3:TrackPointExtension>
        </extensions>
      </trkpt>
      <trkpt lat="51.96570821106433868408203125" lon="4.30346346460282802581787109375">
        <ele>0.800000011920928955078125</ele>
        <time>2025-05-31T09:37:31.000Z</time>
        <extensions>
          <ns3:TrackPointExtension>
            <ns3:hr>160</ns3:hr>
          </ns3:TrackPointExtension>
        </extensions>
      </trkpt>
      <trkpt lat="51.96565951220691204071044921875" lon="4.3034367263317108154296875">
        <ele>0.800000011920928955078125</ele>
        <time>2025-05-31T09:37:32.000Z</time>
        <extensions>
          <ns3:TrackPointExtension>
            <ns3:hr>160</ns3:hr>
          </ns3:TrackPointExtension>
        </extensions>
      </trkpt>
      <trkpt lat="51.96513799019157886505126953125" lon="4.3031213991343975067138671875">
        <ele>0.800000011920928955078125</ele>
        <time>2025-05-31T09:37:43.000Z</time>
        <extensions>
          <ns3:TrackPointExtension>
            <ns3:hr>159</ns3:hr>
          </ns3:TrackPointExtension>
        </extensions>
      </trkpt>
      <trkpt lat="51.96504444815218448638916015625" lon="4.30306859314441680908203125">
        <ele>0.800000011920928955078125</ele>
        <time>2025-05-31T09:37:45.000Z</time>
        <extensions>
          <ns3:TrackPointExtension>
            <ns3:hr>159</ns3:hr>
          </ns3:TrackPointExtension>
        </extensions>
      </trkpt>
      <trkpt lat="51.9645231775939464569091796875" lon="4.30276726372539997100830078125">
        <ele>0.800000011920928955078125</ele>
        <time>2025-05-31T09:37:56.000Z</time>
        <extensions>
          <ns3:TrackPointExtension>
            <ns3:hr>161</ns3:hr>
          </ns3:TrackPointExtension>
        </extensions>
      </trkpt>
      <trkpt lat="51.96442854590713977813720703125" lon="4.30272015742957592010498046875">
        <ele>0.800000011920928955078125</ele>
        <time>2025-05-31T09:37:58.000Z</time>
        <extensions>
          <ns3:TrackPointExtension>
            <ns3:hr>161</ns3:hr>
          </ns3:TrackPointExtension>
        </extensions>
      </trkpt>
      <trkpt lat="51.96393485181033611297607421875" lon="4.30247875861823558807373046875">
        <ele>0.60000002384185791015625</ele>
        <time>2025-05-31T09:38:08.000Z</time>
        <extensions>
          <ns3:TrackPointExtension>
            <ns3:hr>161</ns3:hr>
          </ns3:TrackPointExtension>
        </extensions>
      </trkpt>
      <trkpt lat="51.96337745524942874908447265625" lon="4.302266947925090789794921875">
        <ele>0.800000011920928955078125</ele>
        <time>2025-05-31T09:38:19.000Z</time>
        <extensions>
          <ns3:TrackPointExtension>
            <ns3:hr>159</ns3:hr>
          </ns3:TrackPointExtension>
        </extensions>
      </trkpt>
      <trkpt lat="51.96282223798334598541259765625" lon="4.30205077864229679107666015625">
        <ele>0.60000002384185791015625</ele>
        <time>2025-05-31T09:38:30.000Z</time>
        <extensions>
          <ns3:TrackPointExtension>
            <ns3:hr>160</ns3:hr>
          </ns3:TrackPointExtension>
        </extensions>
      </trkpt>
      <trkpt lat="51.96266926825046539306640625" lon="4.30199302732944488525390625">
        <ele>0.60000002384185791015625</ele>
        <time>2025-05-31T09:38:33.000Z</time>
        <extensions>
          <ns3:TrackPointExtension>
            <ns3:hr>160</ns3:hr>
          </ns3:TrackPointExtension>
        </extensions>
      </trkpt>
      <trkpt lat="51.96261537261307239532470703125" lon="4.30197425186634063720703125">
        <ele>0.60000002384185791015625</ele>
        <time>2025-05-31T09:38:34.000Z</time>
        <extensions>
          <ns3:TrackPointExtension>
            <ns3:hr>160</ns3:hr>
          </ns3:TrackPointExtension>
        </extensions>
      </trkpt>
      <trkpt lat="51.962300799787044525146484375" lon="4.30186402983963489532470703125">
        <ele>0.60000002384185791015625</ele>
        <time>2025-05-31T09:38:40.000Z</time>
        <extensions>
          <ns3:TrackPointExtension>
            <ns3:hr>159</ns3:hr>
          </ns3:TrackPointExtension>
        </extensions>
      </trkpt>
      <trkpt lat="51.96173074655234813690185546875" lon="4.3016689829528331756591796875">
        <ele>0.800000011920928955078125</ele>
        <time>2025-05-31T09:38:51.000Z</time>
        <extensions>
          <ns3:TrackPointExtension>
            <ns3:hr>159</ns3:hr>
          </ns3:TrackPointExtension>
        </extensions>
      </trkpt>
      <trkpt lat="51.96127326227724552154541015625" lon="4.301520623266696929931640625">
        <ele>0.800000011920928955078125</ele>
        <time>2025-05-31T09:39:00.000Z</time>
        <extensions>
          <ns3:TrackPointExtension>
            <ns3:hr>160</ns3:hr>
          </ns3:TrackPointExtension>
        </extensions>
      </trkpt>
      <trkpt lat="51.96080370806157588958740234375" lon="4.30133060552179813385009765625">
        <ele>0.800000011920928955078125</ele>
        <time>2025-05-31T09:39:09.000Z</time>
        <extensions>
          <ns3:TrackPointExtension>
            <ns3:hr>162</ns3:hr>
          </ns3:TrackPointExtension>
        </extensions>
      </trkpt>
      <trkpt lat="51.9603463076055049896240234375" lon="4.3010685034096240997314453125">
        <ele>1</ele>
        <time>2025-05-31T09:39:18.000Z</time>
        <extensions>
          <ns3:TrackPointExtension>
            <ns3:hr>163</ns3:hr>
          </ns3:TrackPointExtension>
        </extensions>
      </trkpt>
      <trkpt lat="51.9602960161864757537841796875" lon="4.301033131778240203857421875">
        <ele>1</ele>
        <time>2025-05-31T09:39:19.000Z</time>
        <extensions>
          <ns3:TrackPointExtension>
            <ns3:hr>163</ns3:hr>
          </ns3:TrackPointExtension>
        </extensions>
      </trkpt>
      <trkpt lat="51.960018910467624664306640625" lon="4.3008027970790863037109375">
        <ele>1.2000000476837158203125</ele>
        <time>2025-05-31T09:39:25.000Z</time>
        <extensions>
          <ns3:TrackPointExtension>
            <ns3:hr>161</ns3:hr>
          </ns3:TrackPointExtension>
        </extensions>
      </trkpt>
      <trkpt lat="51.95993182249367237091064453125" lon="4.30071319453418254852294921875">
        <ele>1.2000000476837158203125</ele>
        <time>2025-05-31T09:39:27.000Z</time>
        <extensions>
          <ns3:TrackPointExtension>
            <ns3:hr>161</ns3:hr>
          </ns3:TrackPointExtension>
        </extensions>
      </trkpt>
      <trkpt lat="51.9595004059374332427978515625" lon="4.30024380795657634735107421875">
        <ele>1.2000000476837158203125</ele>
        <time>2025-05-31T09:39:37.000Z</time>
        <extensions>
          <ns3:TrackPointExtension>
            <ns3:hr>164</ns3:hr>
          </ns3:TrackPointExtension>
        </extensions>
      </trkpt>
      <trkpt lat="51.959459669888019561767578125" lon="4.3002004735171794891357421875">
        <ele>1.2000000476837158203125</ele>
        <time>2025-05-31T09:39:38.000Z</time>
        <extensions>
          <ns3:TrackPointExtension>
            <ns3:hr>164</ns3:hr>
          </ns3:TrackPointExtension>
        </extensions>
      </trkpt>
      <trkpt lat="51.959174685180187225341796875" lon="4.2998776026070117950439453125">
        <ele>1</ele>
        <time>2025-05-31T09:39:45.000Z</time>
        <extensions>
          <ns3:TrackPointExtension>
            <ns3:hr>161</ns3:hr>
          </ns3:TrackPointExtension>
        </extensions>
      </trkpt>
      <trkpt lat="51.95908877067267894744873046875" lon="4.299786575138568878173828125">
        <ele>0.800000011920928955078125</ele>
        <time>2025-05-31T09:39:47.000Z</time>
        <extensions>
          <ns3:TrackPointExtension>
            <ns3:hr>161</ns3:hr>
          </ns3:TrackPointExtension>
        </extensions>
      </trkpt>
      <trkpt lat="51.959047950804233551025390625" lon="4.299738295376300811767578125">
        <ele>0.800000011920928955078125</ele>
        <time>2025-05-31T09:39:48.000Z</time>
        <extensions>
          <ns3:TrackPointExtension>
            <ns3:hr>161</ns3:hr>
          </ns3:TrackPointExtension>
        </extensions>
      </trkpt>
      <trkpt lat="51.9589197076857089996337890625" lon="4.29959110915660858154296875">
        <ele>0.800000011920928955078125</ele>
        <time>2025-05-31T09:39:51.000Z</time>
        <extensions>
          <ns3:TrackPointExtension>
            <ns3:hr>160</ns3:hr>
          </ns3:TrackPointExtension>
        </extensions>
      </trkpt>
      <trkpt lat="51.95852248929440975189208984375" lon="4.2991624586284160614013671875">
        <ele>0.800000011920928955078125</ele>
        <time>2025-05-31T09:40:00.000Z</time>
        <extensions>
          <ns3:TrackPointExtension>
            <ns3:hr>159</ns3:hr>
          </ns3:TrackPointExtension>
        </extensions>
      </trkpt>
      <trkpt lat="51.9580404460430145263671875" lon="4.29864068515598773956298828125">
        <ele>0.800000011920928955078125</ele>
        <time>2025-05-31T09:40:11.000Z</time>
        <extensions>
          <ns3:TrackPointExtension>
            <ns3:hr>160</ns3:hr>
          </ns3:TrackPointExtension>
        </extensions>
      </trkpt>
      <trkpt lat="51.95799493230879306793212890625" lon="4.2985904775559902191162109375">
        <ele>0.800000011920928955078125</ele>
        <time>2025-05-31T09:40:12.000Z</time>
        <extensions>
          <ns3:TrackPointExtension>
            <ns3:hr>160</ns3:hr>
          </ns3:TrackPointExtension>
        </extensions>
      </trkpt>
      <trkpt lat="51.95764356292784214019775390625" lon="4.298202730715274810791015625">
        <ele>0.60000002384185791015625</ele>
        <time>2025-05-31T09:40:20.000Z</time>
        <extensions>
          <ns3:TrackPointExtension>
            <ns3:hr>162</ns3:hr>
          </ns3:TrackPointExtension>
        </extensions>
      </trkpt>
      <trkpt lat="51.9572979770600795745849609375" lon="4.297695122659206390380859375">
        <ele>1</ele>
        <time>2025-05-31T09:40:29.000Z</time>
        <extensions>
          <ns3:TrackPointExtension>
            <ns3:hr>161</ns3:hr>
          </ns3:TrackPointExtension>
        </extensions>
      </trkpt>
      <trkpt lat="51.9569918699562549591064453125" lon="4.29708383046090602874755859375">
        <ele>1.39999997615814208984375</ele>
        <time>2025-05-31T09:40:39.000Z</time>
        <extensions>
          <ns3:TrackPointExtension>
            <ns3:hr>160</ns3:hr>
          </ns3:TrackPointExtension>
        </extensions>
      </trkpt>
      <trkpt lat="51.95669464766979217529296875" lon="4.29650254547595977783203125">
        <ele>1.60000002384185791015625</ele>
        <time>2025-05-31T09:40:48.000Z</time>
        <extensions>
          <ns3:TrackPointExtension>
            <ns3:hr>161</ns3:hr>
          </ns3:TrackPointExtension>
        </extensions>
      </trkpt>
      <trkpt lat="51.9564064778387546539306640625" lon="4.2959119565784931182861328125">
        <ele>1.60000002384185791015625</ele>
        <time>2025-05-31T09:40:57.000Z</time>
        <extensions>
          <ns3:TrackPointExtension>
            <ns3:hr>162</ns3:hr>
          </ns3:TrackPointExtension>
        </extensions>
      </trkpt>
      <trkpt lat="51.95615208707749843597412109375" lon="4.29540409706532955169677734375">
        <ele>1.60000002384185791015625</ele>
        <time>2025-05-31T09:41:05.000Z</time>
        <extensions>
          <ns3:TrackPointExtension>
            <ns3:hr>159</ns3:hr>
          </ns3:TrackPointExtension>
        </extensions>
      </trkpt>
      <trkpt lat="51.95606030523777008056640625" lon="4.29520527832210063934326171875">
        <ele>1.7999999523162841796875</ele>
        <time>2025-05-31T09:41:08.000Z</time>
        <extensions>
          <ns3:TrackPointExtension>
            <ns3:hr>160</ns3:hr>
          </ns3:TrackPointExtension>
        </extensions>
      </trkpt>
      <trkpt lat="51.9557402841746807098388671875" lon="4.2945336364209651947021484375">
        <ele>1.60000002384185791015625</ele>
        <time>2025-05-31T09:41:18.000Z</time>
        <extensions>
          <ns3:TrackPointExtension>
            <ns3:hr>160</ns3:hr>
          </ns3:TrackPointExtension>
        </extensions>
      </trkpt>
      <trkpt lat="51.95545806549489498138427734375" lon="4.2939656786620616912841796875">
        <ele>1.2000000476837158203125</ele>
        <time>2025-05-31T09:41:26.000Z</time>
        <extensions>
          <ns3:TrackPointExtension>
            <ns3:hr>158</ns3:hr>
          </ns3:TrackPointExtension>
        </extensions>
      </trkpt>
      <trkpt lat="51.955182217061519622802734375" lon="4.29341808892786502838134765625">
        <ele>1</ele>
        <time>2025-05-31T09:41:34.000Z</time>
        <extensions>
          <ns3:TrackPointExtension>
            <ns3:hr>157</ns3:hr>
          </ns3:TrackPointExtension>
        </extensions>
      </trkpt>
      <trkpt lat="51.95487820543348789215087890625" lon="4.2928052879869937896728515625">
        <ele>1</ele>
        <time>2025-05-31T09:41:43.000Z</time>
        <extensions>
          <ns3:TrackPointExtension>
            <ns3:hr>154</ns3:hr>
          </ns3:TrackPointExtension>
        </extensions>
      </trkpt>
      <trkpt lat="51.95484434254467487335205078125" lon="4.29273496381938457489013671875">
        <ele>1</ele>
        <time>2025-05-31T09:41:44.000Z</time>
        <extensions>
          <ns3:TrackPointExtension>
            <ns3:hr>154</ns3:hr>
          </ns3:TrackPointExtension>
        </extensions>
      </trkpt>
      <trkpt lat="51.9546528160572052001953125" lon="4.29233975708484649658203125">
        <ele>1.39999997615814208984375</ele>
        <time>2025-05-31T09:41:50.000Z</time>
        <extensions>
          <ns3:TrackPointExtension>
            <ns3:hr>157</ns3:hr>
          </ns3:TrackPointExtension>
        </extensions>
      </trkpt>
      <trkpt lat="51.9545312784612178802490234375" lon="4.29209626279771327972412109375">
        <ele>1.7999999523162841796875</ele>
        <time>2025-05-31T09:41:54.000Z</time>
        <extensions>
          <ns3:TrackPointExtension>
            <ns3:hr>160</ns3:hr>
          </ns3:TrackPointExtension>
        </extensions>
      </trkpt>
      <trkpt lat="51.95447252131998538970947265625" lon="4.2919721268117427825927734375">
        <ele>2</ele>
        <time>2025-05-31T09:41:56.000Z</time>
        <extensions>
          <ns3:TrackPointExtension>
            <ns3:hr>160</ns3:hr>
          </ns3:TrackPointExtension>
        </extensions>
      </trkpt>
      <trkpt lat="51.95444284938275814056396484375" lon="4.291907586157321929931640625">
        <ele>2</ele>
        <time>2025-05-31T09:41:57.000Z</time>
        <extensions>
          <ns3:TrackPointExtension>
            <ns3:hr>161</ns3:hr>
          </ns3:TrackPointExtension>
        </extensions>
      </trkpt>
      <trkpt lat="51.95426724851131439208984375" lon="4.29153769277036190032958984375">
        <ele>2.400000095367431640625</ele>
        <time>2025-05-31T09:42:03.000Z</time>
        <extensions>
          <ns3:TrackPointExtension>
            <ns3:hr>164</ns3:hr>
          </ns3:TrackPointExtension>
        </extensions>
      </trkpt>
      <trkpt lat="51.95420932956039905548095703125" lon="4.29142135195434093475341796875">
        <ele>2.599999904632568359375</ele>
        <time>2025-05-31T09:42:05.000Z</time>
        <extensions>
          <ns3:TrackPointExtension>
            <ns3:hr>167</ns3:hr>
          </ns3:TrackPointExtension>
        </extensions>
      </trkpt>
      <trkpt lat="51.95418049581348896026611328125" lon="4.29136603139340877532958984375">
        <ele>2.599999904632568359375</ele>
        <time>2025-05-31T09:42:06.000Z</time>
        <extensions>
          <ns3:TrackPointExtension>
            <ns3:hr>168</ns3:hr>
          </ns3:TrackPointExtension>
        </extensions>
      </trkpt>
      <trkpt lat="51.95409416221082210540771484375" lon="4.291206859052181243896484375">
        <ele>3.2000000476837158203125</ele>
        <time>2025-05-31T09:42:09.000Z</time>
        <extensions>
          <ns3:TrackPointExtension>
            <ns3:hr>169</ns3:hr>
          </ns3:TrackPointExtension>
        </extensions>
      </trkpt>
      <trkpt lat="51.95403783582150936126708984375" lon="4.29109998978674411773681640625">
        <ele>3.2000000476837158203125</ele>
        <time>2025-05-31T09:42:11.000Z</time>
        <extensions>
          <ns3:TrackPointExtension>
            <ns3:hr>169</ns3:hr>
          </ns3:TrackPointExtension>
        </extensions>
      </trkpt>
      <trkpt lat="51.95400430820882320404052734375" lon="4.2910618521273136138916015625">
        <ele>3.2000000476837158203125</ele>
        <time>2025-05-31T09:42:12.000Z</time>
        <extensions>
          <ns3:TrackPointExtension>
            <ns3:hr>169</ns3:hr>
          </ns3:TrackPointExtension>
        </extensions>
      </trkpt>
      <trkpt lat="51.95396508090198040008544921875" lon="4.29103779606521129608154296875">
        <ele>3.2000000476837158203125</ele>
        <time>2025-05-31T09:42:13.000Z</time>
        <extensions>
          <ns3:TrackPointExtension>
            <ns3:hr>169</ns3:hr>
          </ns3:TrackPointExtension>
        </extensions>
      </trkpt>
      <trkpt lat="51.95387564599514007568359375" lon="4.2910316772758960723876953125">
        <ele>3</ele>
        <time>2025-05-31T09:42:15.000Z</time>
        <extensions>
          <ns3:TrackPointExtension>
            <ns3:hr>169</ns3:hr>
          </ns3:TrackPointExtension>
        </extensions>
      </trkpt>
      <trkpt lat="51.95382594130933284759521484375" lon="4.29104919545352458953857421875">
        <ele>3</ele>
        <time>2025-05-31T09:42:16.000Z</time>
        <extensions>
          <ns3:TrackPointExtension>
            <ns3:hr>169</ns3:hr>
          </ns3:TrackPointExtension>
        </extensions>
      </trkpt>
      <trkpt lat="51.9535090215504169464111328125" lon="4.2911865748465061187744140625">
        <ele>2.2000000476837158203125</ele>
        <time>2025-05-31T09:42:22.000Z</time>
        <extensions>
          <ns3:TrackPointExtension>
            <ns3:hr>167</ns3:hr>
          </ns3:TrackPointExtension>
        </extensions>
      </trkpt>
      <trkpt lat="51.9534547068178653717041015625" lon="4.2912138998508453369140625">
        <ele>2.2000000476837158203125</ele>
        <time>2025-05-31T09:42:23.000Z</time>
        <extensions>
          <ns3:TrackPointExtension>
            <ns3:hr>167</ns3:hr>
          </ns3:TrackPointExtension>
        </extensions>
      </trkpt>
      <trkpt lat="51.95340315811336040496826171875" lon="4.29124466143548488616943359375">
        <ele>2</ele>
        <time>2025-05-31T09:42:24.000Z</time>
        <extensions>
          <ns3:TrackPointExtension>
            <ns3:hr>164</ns3:hr>
          </ns3:TrackPointExtension>
        </extensions>
      </trkpt>
      <trkpt lat="51.9532424770295619964599609375" lon="4.29134708829224109649658203125">
        <ele>1.7999999523162841796875</ele>
        <time>2025-05-31T09:42:27.000Z</time>
        <extensions>
          <ns3:TrackPointExtension>
            <ns3:hr>161</ns3:hr>
          </ns3:TrackPointExtension>
        </extensions>
      </trkpt>
      <trkpt lat="51.953043825924396514892578125" lon="4.2914695478975772857666015625">
        <ele>2</ele>
        <time>2025-05-31T09:42:31.000Z</time>
        <extensions>
          <ns3:TrackPointExtension>
            <ns3:hr>160</ns3:hr>
          </ns3:TrackPointExtension>
        </extensions>
      </trkpt>
      <trkpt lat="51.95280678570270538330078125" lon="4.29163408465683460235595703125">
        <ele>1.7999999523162841796875</ele>
        <time>2025-05-31T09:42:36.000Z</time>
        <extensions>
          <ns3:TrackPointExtension>
            <ns3:hr>157</ns3:hr>
          </ns3:TrackPointExtension>
        </extensions>
      </trkpt>
      <trkpt lat="51.95266194641590118408203125" lon="4.29173760116100311279296875">
        <ele>1.7999999523162841796875</ele>
        <time>2025-05-31T09:42:39.000Z</time>
        <extensions>
          <ns3:TrackPointExtension>
            <ns3:hr>156</ns3:hr>
          </ns3:TrackPointExtension>
        </extensions>
      </trkpt>
      <trkpt lat="51.9522413425147533416748046875" lon="4.29201244376599788665771484375">
        <ele>2</ele>
        <time>2025-05-31T09:42:48.000Z</time>
        <extensions>
          <ns3:TrackPointExtension>
            <ns3:hr>155</ns3:hr>
          </ns3:TrackPointExtension>
        </extensions>
      </trkpt>
      <trkpt lat="51.9519657455384731292724609375" lon="4.29219248704612255096435546875">
        <ele>2.2000000476837158203125</ele>
        <time>2025-05-31T09:42:54.000Z</time>
        <extensions>
          <ns3:TrackPointExtension>
            <ns3:hr>158</ns3:hr>
          </ns3:TrackPointExtension>
        </extensions>
      </trkpt>
      <trkpt lat="51.9517333991825580596923828125" lon="4.2923302017152309417724609375">
        <ele>2</ele>
        <time>2025-05-31T09:42:59.000Z</time>
        <extensions>
          <ns3:TrackPointExtension>
            <ns3:hr>161</ns3:hr>
          </ns3:TrackPointExtension>
        </extensions>
      </trkpt>
      <trkpt lat="51.95168838836252689361572265625" lon="4.29235585033893585205078125">
        <ele>2</ele>
        <time>2025-05-31T09:43:00.000Z</time>
        <extensions>
          <ns3:TrackPointExtension>
            <ns3:hr>161</ns3:hr>
          </ns3:TrackPointExtension>
        </extensions>
      </trkpt>
      <trkpt lat="51.95155092515051364898681640625" lon="4.29243472404778003692626953125">
        <ele>2</ele>
        <time>2025-05-31T09:43:03.000Z</time>
        <extensions>
          <ns3:TrackPointExtension>
            <ns3:hr>158</ns3:hr>
          </ns3:TrackPointExtension>
        </extensions>
      </trkpt>
      <trkpt lat="51.95146241225302219390869140625" lon="4.29249289445579051971435546875">
        <ele>2</ele>
        <time>2025-05-31T09:43:05.000Z</time>
        <extensions>
          <ns3:TrackPointExtension>
            <ns3:hr>155</ns3:hr>
          </ns3:TrackPointExtension>
        </extensions>
      </trkpt>
      <trkpt lat="51.951188407838344573974609375" lon="4.29264997132122516632080078125">
        <ele>1.7999999523162841796875</ele>
        <time>2025-05-31T09:43:11.000Z</time>
        <extensions>
          <ns3:TrackPointExtension>
            <ns3:hr>152</ns3:hr>
          </ns3:TrackPointExtension>
        </extensions>
      </trkpt>
      <trkpt lat="51.95114205591380596160888671875" lon="4.29267310537397861480712890625">
        <ele>1.7999999523162841796875</ele>
        <time>2025-05-31T09:43:12.000Z</time>
        <extensions>
          <ns3:TrackPointExtension>
            <ns3:hr>152</ns3:hr>
          </ns3:TrackPointExtension>
        </extensions>
      </trkpt>
      <trkpt lat="51.950762607157230377197265625" lon="4.2928887717425823211669921875">
        <ele>2</ele>
        <time>2025-05-31T09:43:20.000Z</time>
        <extensions>
          <ns3:TrackPointExtension>
            <ns3:hr>154</ns3:hr>
          </ns3:TrackPointExtension>
        </extensions>
      </trkpt>
      <trkpt lat="51.950672082602977752685546875" lon="4.29295054636895656585693359375">
        <ele>2</ele>
        <time>2025-05-31T09:43:22.000Z</time>
        <extensions>
          <ns3:TrackPointExtension>
            <ns3:hr>153</ns3:hr>
          </ns3:TrackPointExtension>
        </extensions>
      </trkpt>
      <trkpt lat="51.95043571293354034423828125" lon="4.29307895712554454803466796875">
        <ele>2</ele>
        <time>2025-05-31T09:43:27.000Z</time>
        <extensions>
          <ns3:TrackPointExtension>
            <ns3:hr>153</ns3:hr>
          </ns3:TrackPointExtension>
        </extensions>
      </trkpt>
      <trkpt lat="51.95006229914724826812744140625" lon="4.2932914383709430694580078125">
        <ele>1.39999997615814208984375</ele>
        <time>2025-05-31T09:43:35.000Z</time>
        <extensions>
          <ns3:TrackPointExtension>
            <ns3:hr>153</ns3:hr>
          </ns3:TrackPointExtension>
        </extensions>
      </trkpt>
      <trkpt lat="51.9496892206370830535888671875" lon="4.29350442253053188323974609375">
        <ele>2</ele>
        <time>2025-05-31T09:43:43.000Z</time>
        <extensions>
          <ns3:TrackPointExtension>
            <ns3:hr>154</ns3:hr>
          </ns3:TrackPointExtension>
        </extensions>
      </trkpt>
      <trkpt lat="51.94932200945913791656494140625" lon="4.29371514357626438140869140625">
        <ele>2</ele>
        <time>2025-05-31T09:43:51.000Z</time>
        <extensions>
          <ns3:TrackPointExtension>
            <ns3:hr>157</ns3:hr>
          </ns3:TrackPointExtension>
        </extensions>
      </trkpt>
      <trkpt lat="51.94922746159136295318603515625" lon="4.2937718890607357025146484375">
        <ele>2</ele>
        <time>2025-05-31T09:43:53.000Z</time>
        <extensions>
          <ns3:TrackPointExtension>
            <ns3:hr>157</ns3:hr>
          </ns3:TrackPointExtension>
        </extensions>
      </trkpt>
      <trkpt lat="51.9489928521215915679931640625" lon="4.29392360150814056396484375">
        <ele>1.7999999523162841796875</ele>
        <time>2025-05-31T09:43:58.000Z</time>
        <extensions>
          <ns3:TrackPointExtension>
            <ns3:hr>157</ns3:hr>
          </ns3:TrackPointExtension>
        </extensions>
      </trkpt>
      <trkpt lat="51.94889855571091175079345703125" lon="4.2939831130206584930419921875">
        <ele>1.60000002384185791015625</ele>
        <time>2025-05-31T09:44:00.000Z</time>
        <extensions>
          <ns3:TrackPointExtension>
            <ns3:hr>156</ns3:hr>
          </ns3:TrackPointExtension>
        </extensions>
      </trkpt>
      <trkpt lat="51.9486069492995738983154296875" lon="4.29414044134318828582763671875">
        <ele>1.7999999523162841796875</ele>
        <time>2025-05-31T09:44:06.000Z</time>
        <extensions>
          <ns3:TrackPointExtension>
            <ns3:hr>155</ns3:hr>
          </ns3:TrackPointExtension>
        </extensions>
      </trkpt>
      <trkpt lat="51.94809255190193653106689453125" lon="4.29443079046905040740966796875">
        <ele>1.7999999523162841796875</ele>
        <time>2025-05-31T09:44:17.000Z</time>
        <extensions>
          <ns3:TrackPointExtension>
            <ns3:hr>155</ns3:hr>
          </ns3:TrackPointExtension>
        </extensions>
      </trkpt>
      <trkpt lat="51.947578154504299163818359375" lon="4.294717870652675628662109375">
        <ele>1.7999999523162841796875</ele>
        <time>2025-05-31T09:44:28.000Z</time>
        <extensions>
          <ns3:TrackPointExtension>
            <ns3:hr>155</ns3:hr>
          </ns3:TrackPointExtension>
        </extensions>
      </trkpt>
      <trkpt lat="51.94715511985123157501220703125" lon="4.29496186785399913787841796875">
        <ele>1.7999999523162841796875</ele>
        <time>2025-05-31T09:44:37.000Z</time>
        <extensions>
          <ns3:TrackPointExtension>
            <ns3:hr>156</ns3:hr>
          </ns3:TrackPointExtension>
        </extensions>
      </trkpt>
      <trkpt lat="51.94668120704591274261474609375" lon="4.295238889753818511962890625">
        <ele>1.7999999523162841796875</ele>
        <time>2025-05-31T09:44:47.000Z</time>
        <extensions>
          <ns3:TrackPointExtension>
            <ns3:hr>158</ns3:hr>
          </ns3:TrackPointExtension>
        </extensions>
      </trkpt>
      <trkpt lat="51.946151554584503173828125" lon="4.2955592460930347442626953125">
        <ele>1.60000002384185791015625</ele>
        <time>2025-05-31T09:44:58.000Z</time>
        <extensions>
          <ns3:TrackPointExtension>
            <ns3:hr>159</ns3:hr>
          </ns3:TrackPointExtension>
        </extensions>
      </trkpt>
      <trkpt lat="51.945732124149799346923828125" lon="4.2958180792629718780517578125">
        <ele>1.7999999523162841796875</ele>
        <time>2025-05-31T09:45:07.000Z</time>
        <extensions>
          <ns3:TrackPointExtension>
            <ns3:hr>160</ns3:hr>
          </ns3:TrackPointExtension>
        </extensions>
      </trkpt>
      <trkpt lat="51.94535963237285614013671875" lon="4.29602502845227718353271484375">
        <ele>1.60000002384185791015625</ele>
        <time>2025-05-31T09:45:15.000Z</time>
        <extensions>
          <ns3:TrackPointExtension>
            <ns3:hr>158</ns3:hr>
          </ns3:TrackPointExtension>
        </extensions>
      </trkpt>
      <trkpt lat="51.94499108009040355682373046875" lon="4.2962576262652873992919921875">
        <ele>1.39999997615814208984375</ele>
        <time>2025-05-31T09:45:23.000Z</time>
        <extensions>
          <ns3:TrackPointExtension>
            <ns3:hr>157</ns3:hr>
          </ns3:TrackPointExtension>
        </extensions>
      </trkpt>
      <trkpt lat="51.944757141172885894775390625" lon="4.2964041419327259063720703125">
        <ele>1.60000002384185791015625</ele>
        <time>2025-05-31T09:45:28.000Z</time>
        <extensions>
          <ns3:TrackPointExtension>
            <ns3:hr>157</ns3:hr>
          </ns3:TrackPointExtension>
        </extensions>
      </trkpt>
      <trkpt lat="51.9446117989718914031982421875" lon="4.29649156518280506134033203125">
        <ele>1.39999997615814208984375</ele>
        <time>2025-05-31T09:45:31.000Z</time>
        <extensions>
          <ns3:TrackPointExtension>
            <ns3:hr>157</ns3:hr>
          </ns3:TrackPointExtension>
        </extensions>
      </trkpt>
      <trkpt lat="51.944281049072742462158203125" lon="4.2966981790959835052490234375">
        <ele>1.39999997615814208984375</ele>
        <time>2025-05-31T09:45:38.000Z</time>
        <extensions>
          <ns3:TrackPointExtension>
            <ns3:hr>157</ns3:hr>
          </ns3:TrackPointExtension>
        </extensions>
      </trkpt>
      <trkpt lat="51.9439127482473850250244140625" lon="4.29692943580448627471923828125">
        <ele>1.39999997615814208984375</ele>
        <time>2025-05-31T09:45:46.000Z</time>
        <extensions>
          <ns3:TrackPointExtension>
            <ns3:hr>158</ns3:hr>
          </ns3:TrackPointExtension>
        </extensions>
      </trkpt>
      <trkpt lat="51.94386388175189495086669921875" lon="4.2969449423253536224365234375">
        <ele>1.39999997615814208984375</ele>
        <time>2025-05-31T09:45:47.000Z</time>
        <extensions>
          <ns3:TrackPointExtension>
            <ns3:hr>158</ns3:hr>
          </ns3:TrackPointExtension>
        </extensions>
      </trkpt>
      <trkpt lat="51.94366590119898319244384765625" lon="4.2969891987740993499755859375">
        <ele>1.39999997615814208984375</ele>
        <time>2025-05-31T09:45:51.000Z</time>
        <extensions>
          <ns3:TrackPointExtension>
            <ns3:hr>159</ns3:hr>
          </ns3:TrackPointExtension>
        </extensions>
      </trkpt>
      <trkpt lat="51.9432237558066844940185546875" lon="4.2971910350024700164794921875">
        <ele>1.39999997615814208984375</ele>
        <time>2025-05-31T09:46:00.000Z</time>
        <extensions>
          <ns3:TrackPointExtension>
            <ns3:hr>158</ns3:hr>
          </ns3:TrackPointExtension>
        </extensions>
      </trkpt>
      <trkpt lat="51.94282838143408298492431640625" lon="4.29736110381782054901123046875">
        <ele>1.60000002384185791015625</ele>
        <time>2025-05-31T09:46:08.000Z</time>
        <extensions>
          <ns3:TrackPointExtension>
            <ns3:hr>156</ns3:hr>
          </ns3:TrackPointExtension>
        </extensions>
      </trkpt>
      <trkpt lat="51.94242957048118114471435546875" lon="4.2975266464054584503173828125">
        <ele>1.39999997615814208984375</ele>
        <time>2025-05-31T09:46:16.000Z</time>
        <extensions>
          <ns3:TrackPointExtension>
            <ns3:hr>155</ns3:hr>
          </ns3:TrackPointExtension>
        </extensions>
      </trkpt>
      <trkpt lat="51.9419651292264461517333984375" lon="4.29776444099843502044677734375">
        <ele>1.39999997615814208984375</ele>
        <time>2025-05-31T09:46:26.000Z</time>
        <extensions>
          <ns3:TrackPointExtension>
            <ns3:hr>153</ns3:hr>
          </ns3:TrackPointExtension>
        </extensions>
      </trkpt>
      <trkpt lat="51.9415654800832271575927734375" lon="4.298095442354679107666015625">
        <ele>1.2000000476837158203125</ele>
        <time>2025-05-31T09:46:35.000Z</time>
        <extensions>
          <ns3:TrackPointExtension>
            <ns3:hr>154</ns3:hr>
          </ns3:TrackPointExtension>
        </extensions>
      </trkpt>
      <trkpt lat="51.94111009128391742706298828125" lon="4.29842032492160797119140625">
        <ele>1.2000000476837158203125</ele>
        <time>2025-05-31T09:46:45.000Z</time>
        <extensions>
          <ns3:TrackPointExtension>
            <ns3:hr>154</ns3:hr>
          </ns3:TrackPointExtension>
        </extensions>
      </trkpt>
      <trkpt lat="51.94064623676240444183349609375" lon="4.298723079264163970947265625">
        <ele>1.39999997615814208984375</ele>
        <time>2025-05-31T09:46:55.000Z</time>
        <extensions>
          <ns3:TrackPointExtension>
            <ns3:hr>154</ns3:hr>
          </ns3:TrackPointExtension>
        </extensions>
      </trkpt>
      <trkpt lat="51.94060298614203929901123046875" lon="4.29876272566616535186767578125">
        <ele>1.39999997615814208984375</ele>
        <time>2025-05-31T09:46:56.000Z</time>
        <extensions>
          <ns3:TrackPointExtension>
            <ns3:hr>154</ns3:hr>
          </ns3:TrackPointExtension>
        </extensions>
      </trkpt>
      <trkpt lat="51.94042528979480266571044921875" lon="4.29896456189453601837158203125">
        <ele>1.2000000476837158203125</ele>
        <time>2025-05-31T09:47:00.000Z</time>
        <extensions>
          <ns3:TrackPointExtension>
            <ns3:hr>153</ns3:hr>
          </ns3:TrackPointExtension>
        </extensions>
      </trkpt>
      <trkpt lat="51.9403775967657566070556640625" lon="4.29901041090488433837890625">
        <ele>1.2000000476837158203125</ele>
        <time>2025-05-31T09:47:01.000Z</time>
        <extensions>
          <ns3:TrackPointExtension>
            <ns3:hr>153</ns3:hr>
          </ns3:TrackPointExtension>
        </extensions>
      </trkpt>
      <trkpt lat="51.94027307443320751190185546875" lon="4.2990823276340961456298828125">
        <ele>1.2000000476837158203125</ele>
        <time>2025-05-31T09:47:03.000Z</time>
        <extensions>
          <ns3:TrackPointExtension>
            <ns3:hr>153</ns3:hr>
          </ns3:TrackPointExtension>
        </extensions>
      </trkpt>
      <trkpt lat="51.9401797838509082794189453125" lon="4.29913379251956939697265625">
        <ele>1</ele>
        <time>2025-05-31T09:47:05.000Z</time>
        <extensions>
          <ns3:TrackPointExtension>
            <ns3:hr>152</ns3:hr>
          </ns3:TrackPointExtension>
        </extensions>
      </trkpt>
      <trkpt lat="51.93987292237579822540283203125" lon="4.29933638311922550201416015625">
        <ele>1.2000000476837158203125</ele>
        <time>2025-05-31T09:47:12.000Z</time>
        <extensions>
          <ns3:TrackPointExtension>
            <ns3:hr>152</ns3:hr>
          </ns3:TrackPointExtension>
        </extensions>
      </trkpt>
      <trkpt lat="51.93954460322856903076171875" lon="4.29964634589850902557373046875">
        <ele>1.39999997615814208984375</ele>
        <time>2025-05-31T09:47:20.000Z</time>
        <extensions>
          <ns3:TrackPointExtension>
            <ns3:hr>154</ns3:hr>
          </ns3:TrackPointExtension>
        </extensions>
      </trkpt>
      <trkpt lat="51.93932466208934783935546875" lon="4.29992127232253551483154296875">
        <ele>1.2000000476837158203125</ele>
        <time>2025-05-31T09:47:26.000Z</time>
        <extensions>
          <ns3:TrackPointExtension>
            <ns3:hr>154</ns3:hr>
          </ns3:TrackPointExtension>
        </extensions>
      </trkpt>
      <trkpt lat="51.9392839260399341583251953125" lon="4.299953542649745941162109375">
        <ele>1.2000000476837158203125</ele>
        <time>2025-05-31T09:47:27.000Z</time>
        <extensions>
          <ns3:TrackPointExtension>
            <ns3:hr>154</ns3:hr>
          </ns3:TrackPointExtension>
        </extensions>
      </trkpt>
      <trkpt lat="51.93898343481123447418212890625" lon="4.3001340888440608978271484375">
        <ele>1</ele>
        <time>2025-05-31T09:47:35.000Z</time>
        <extensions>
          <ns3:TrackPointExtension>
            <ns3:hr>152</ns3:hr>
          </ns3:TrackPointExtension>
        </extensions>
      </trkpt>
      <trkpt lat="51.9389308802783489227294921875" lon="4.30010433308780193328857421875">
        <ele>1</ele>
        <time>2025-05-31T09:47:37.000Z</time>
        <extensions>
          <ns3:TrackPointExtension>
            <ns3:hr>151</ns3:hr>
          </ns3:TrackPointExtension>
        </extensions>
      </trkpt>
      <trkpt lat="51.938916631042957305908203125" lon="4.3000747449696063995361328125">
        <ele>1.2000000476837158203125</ele>
        <time>2025-05-31T09:47:38.000Z</time>
        <extensions>
          <ns3:TrackPointExtension>
            <ns3:hr>150</ns3:hr>
          </ns3:TrackPointExtension>
        </extensions>
      </trkpt>
      <trkpt lat="51.9388343207538127899169921875" lon="4.2998397164046764373779296875">
        <ele>1.60000002384185791015625</ele>
        <time>2025-05-31T09:47:44.000Z</time>
        <extensions>
          <ns3:TrackPointExtension>
            <ns3:hr>148</ns3:hr>
          </ns3:TrackPointExtension>
        </extensions>
      </trkpt>
      <trkpt lat="51.9387840293347835540771484375" lon="4.2996465973556041717529296875">
        <ele>1.2000000476837158203125</ele>
        <time>2025-05-31T09:47:47.000Z</time>
        <extensions>
          <ns3:TrackPointExtension>
            <ns3:hr>148</ns3:hr>
          </ns3:TrackPointExtension>
        </extensions>
      </trkpt>
      <trkpt lat="51.93877346813678741455078125" lon="4.2995671369135379791259765625">
        <ele>1</ele>
        <time>2025-05-31T09:47:48.000Z</time>
        <extensions>
          <ns3:TrackPointExtension>
            <ns3:hr>148</ns3:hr>
          </ns3:TrackPointExtension>
        </extensions>
      </trkpt>
      <trkpt lat="51.93874773569405078887939453125" lon="4.299392960965633392333984375">
        <ele>0</ele>
        <time>2025-05-31T09:47:50.000Z</time>
        <extensions>
          <ns3:TrackPointExtension>
            <ns3:hr>148</ns3:hr>
          </ns3:TrackPointExtension>
        </extensions>
      </trkpt>
      <trkpt lat="51.93866509012877941131591796875" lon="4.29896322079002857208251953125">
        <ele>-1</ele>
        <time>2025-05-31T09:47:55.000Z</time>
        <extensions>
          <ns3:TrackPointExtension>
            <ns3:hr>147</ns3:hr>
          </ns3:TrackPointExtension>
        </extensions>
      </trkpt>
      <trkpt lat="51.938643045723438262939453125" lon="4.29888811893761157989501953125">
        <ele>-1</ele>
        <time>2025-05-31T09:47:56.000Z</time>
        <extensions>
          <ns3:TrackPointExtension>
            <ns3:hr>147</ns3:hr>
          </ns3:TrackPointExtension>
        </extensions>
      </trkpt>
      <trkpt lat="51.9385399483144283294677734375" lon="4.29861336015164852142333984375">
        <ele>-1</ele>
        <time>2025-05-31T09:48:00.000Z</time>
        <extensions>
          <ns3:TrackPointExtension>
            <ns3:hr>144</ns3:hr>
          </ns3:TrackPointExtension>
        </extensions>
      </trkpt>
      <trkpt lat="51.938486807048320770263671875" lon="4.298473633825778961181640625">
        <ele>-1</ele>
        <time>2025-05-31T09:48:02.000Z</time>
        <extensions>
          <ns3:TrackPointExtension>
            <ns3:hr>143</ns3:hr>
          </ns3:TrackPointExtension>
        </extensions>
      </trkpt>
      <trkpt lat="51.9384048320353031158447265625" lon="4.2982545308768749237060546875">
        <ele>-1</ele>
        <time>2025-05-31T09:48:05.000Z</time>
        <extensions>
          <ns3:TrackPointExtension>
            <ns3:hr>140</ns3:hr>
          </ns3:TrackPointExtension>
        </extensions>
      </trkpt>
      <trkpt lat="51.938239037990570068359375" lon="4.2978106252849102020263671875">
        <ele>-1.2000000476837158203125</ele>
        <time>2025-05-31T09:48:11.000Z</time>
        <extensions>
          <ns3:TrackPointExtension>
            <ns3:hr>139</ns3:hr>
          </ns3:TrackPointExtension>
        </extensions>
      </trkpt>
      <trkpt lat="51.93804256618022918701171875" lon="4.2973140813410282135009765625">
        <ele>-1.2000000476837158203125</ele>
        <time>2025-05-31T09:48:18.000Z</time>
        <extensions>
          <ns3:TrackPointExtension>
            <ns3:hr>142</ns3:hr>
          </ns3:TrackPointExtension>
        </extensions>
      </trkpt>
      <trkpt lat="51.9379304163157939910888671875" lon="4.297027587890625">
        <ele>-1</ele>
        <time>2025-05-31T09:48:22.000Z</time>
        <extensions>
          <ns3:TrackPointExtension>
            <ns3:hr>143</ns3:hr>
          </ns3:TrackPointExtension>
        </extensions>
      </trkpt>
      <trkpt lat="51.937692202627658843994140625" lon="4.2963850311934947967529296875">
        <ele>-1.2000000476837158203125</ele>
        <time>2025-05-31T09:48:31.000Z</time>
        <extensions>
          <ns3:TrackPointExtension>
            <ns3:hr>144</ns3:hr>
          </ns3:TrackPointExtension>
        </extensions>
      </trkpt>
      <trkpt lat="51.93748734891414642333984375" lon="4.29588966071605682373046875">
        <ele>-1.2000000476837158203125</ele>
        <time>2025-05-31T09:48:38.000Z</time>
        <extensions>
          <ns3:TrackPointExtension>
            <ns3:hr>144</ns3:hr>
          </ns3:TrackPointExtension>
        </extensions>
      </trkpt>
      <trkpt lat="51.9374466128647327423095703125" lon="4.29583065211772918701171875">
        <ele>-1.2000000476837158203125</ele>
        <time>2025-05-31T09:48:39.000Z</time>
        <extensions>
          <ns3:TrackPointExtension>
            <ns3:hr>145</ns3:hr>
          </ns3:TrackPointExtension>
        </extensions>
      </trkpt>
      <trkpt lat="51.9372962415218353271484375" lon="4.29561062715947628021240234375">
        <ele>-0.60000002384185791015625</ele>
        <time>2025-05-31T09:48:43.000Z</time>
        <extensions>
          <ns3:TrackPointExtension>
            <ns3:hr>148</ns3:hr>
          </ns3:TrackPointExtension>
        </extensions>
      </trkpt>
      <trkpt lat="51.93724033422768115997314453125" lon="4.2954824678599834442138671875">
        <ele>-0.20000000298023223876953125</ele>
        <time>2025-05-31T09:48:45.000Z</time>
        <extensions>
          <ns3:TrackPointExtension>
            <ns3:hr>149</ns3:hr>
          </ns3:TrackPointExtension>
        </extensions>
      </trkpt>
      <trkpt lat="51.93714779801666736602783203125" lon="4.29521651007235050201416015625">
        <ele>-0.20000000298023223876953125</ele>
        <time>2025-05-31T09:48:49.000Z</time>
        <extensions>
          <ns3:TrackPointExtension>
            <ns3:hr>151</ns3:hr>
          </ns3:TrackPointExtension>
        </extensions>
      </trkpt>
      <trkpt lat="51.9370677508413791656494140625" lon="4.2950150929391384124755859375">
        <ele>-0.20000000298023223876953125</ele>
        <time>2025-05-31T09:48:52.000Z</time>
        <extensions>
          <ns3:TrackPointExtension>
            <ns3:hr>154</ns3:hr>
          </ns3:TrackPointExtension>
        </extensions>
      </trkpt>
      <trkpt lat="51.936962641775608062744140625" lon="4.29473957978188991546630859375">
        <ele>-0.20000000298023223876953125</ele>
        <time>2025-05-31T09:48:56.000Z</time>
        <extensions>
          <ns3:TrackPointExtension>
            <ns3:hr>157</ns3:hr>
          </ns3:TrackPointExtension>
        </extensions>
      </trkpt>
      <trkpt lat="51.93688628263771533966064453125" lon="4.2945396713912487030029296875">
        <ele>-0.20000000298023223876953125</ele>
        <time>2025-05-31T09:48:59.000Z</time>
        <extensions>
          <ns3:TrackPointExtension>
            <ns3:hr>157</ns3:hr>
          </ns3:TrackPointExtension>
        </extensions>
      </trkpt>
      <trkpt lat="51.93683825433254241943359375" lon="4.2944065667688846588134765625">
        <ele>-0.4000000059604644775390625</ele>
        <time>2025-05-31T09:49:01.000Z</time>
        <extensions>
          <ns3:TrackPointExtension>
            <ns3:hr>158</ns3:hr>
          </ns3:TrackPointExtension>
        </extensions>
      </trkpt>
      <trkpt lat="51.9365789182484149932861328125" lon="4.29375906474888324737548828125">
        <ele>0</ele>
        <time>2025-05-31T09:49:11.000Z</time>
        <extensions>
          <ns3:TrackPointExtension>
            <ns3:hr>158</ns3:hr>
          </ns3:TrackPointExtension>
        </extensions>
      </trkpt>
      <trkpt lat="51.9363153912127017974853515625" lon="4.293062277138233184814453125">
        <ele>-0.4000000059604644775390625</ele>
        <time>2025-05-31T09:49:21.000Z</time>
        <extensions>
          <ns3:TrackPointExtension>
            <ns3:hr>158</ns3:hr>
          </ns3:TrackPointExtension>
        </extensions>
      </trkpt>
      <trkpt lat="51.93623651750385761260986328125" lon="4.2928535677492618560791015625">
        <ele>-0.60000002384185791015625</ele>
        <time>2025-05-31T09:49:24.000Z</time>
        <extensions>
          <ns3:TrackPointExtension>
            <ns3:hr>159</ns3:hr>
          </ns3:TrackPointExtension>
        </extensions>
      </trkpt>
      <trkpt lat="51.9362067617475986480712890625" lon="4.29269783198833465576171875">
        <ele>-0.60000002384185791015625</ele>
        <time>2025-05-31T09:49:26.000Z</time>
        <extensions>
          <ns3:TrackPointExtension>
            <ns3:hr>158</ns3:hr>
          </ns3:TrackPointExtension>
        </extensions>
      </trkpt>
      <trkpt lat="51.936198212206363677978515625" lon="4.29261342622339725494384765625">
        <ele>-0.800000011920928955078125</ele>
        <time>2025-05-31T09:49:27.000Z</time>
        <extensions>
          <ns3:TrackPointExtension>
            <ns3:hr>158</ns3:hr>
          </ns3:TrackPointExtension>
        </extensions>
      </trkpt>
      <trkpt lat="51.93612587638199329376220703125" lon="4.29229977540671825408935546875">
        <ele>-1</ele>
        <time>2025-05-31T09:49:31.000Z</time>
        <extensions>
          <ns3:TrackPointExtension>
            <ns3:hr>158</ns3:hr>
          </ns3:TrackPointExtension>
        </extensions>
      </trkpt>
      <trkpt lat="51.93609955720603466033935546875" lon="4.29222769103944301605224609375">
        <ele>-1.2000000476837158203125</ele>
        <time>2025-05-31T09:49:32.000Z</time>
        <extensions>
          <ns3:TrackPointExtension>
            <ns3:hr>157</ns3:hr>
          </ns3:TrackPointExtension>
        </extensions>
      </trkpt>
      <trkpt lat="51.935795210301876068115234375" lon="4.29145521484315395355224609375">
        <ele>-1.39999997615814208984375</ele>
        <time>2025-05-31T09:49:43.000Z</time>
        <extensions>
          <ns3:TrackPointExtension>
            <ns3:hr>155</ns3:hr>
          </ns3:TrackPointExtension>
        </extensions>
      </trkpt>
      <trkpt lat="51.935767717659473419189453125" lon="4.2913867346942424774169921875">
        <ele>-1.39999997615814208984375</ele>
        <time>2025-05-31T09:49:44.000Z</time>
        <extensions>
          <ns3:TrackPointExtension>
            <ns3:hr>155</ns3:hr>
          </ns3:TrackPointExtension>
        </extensions>
      </trkpt>
      <trkpt lat="51.93559563718736171722412109375" lon="4.290957413613796234130859375">
        <ele>-1.7999999523162841796875</ele>
        <time>2025-05-31T09:49:50.000Z</time>
        <extensions>
          <ns3:TrackPointExtension>
            <ns3:hr>156</ns3:hr>
          </ns3:TrackPointExtension>
        </extensions>
      </trkpt>
      <trkpt lat="51.935347951948642730712890625" lon="4.29031812585890293121337890625">
        <ele>-1.60000002384185791015625</ele>
        <time>2025-05-31T09:49:59.000Z</time>
        <extensions>
          <ns3:TrackPointExtension>
            <ns3:hr>157</ns3:hr>
          </ns3:TrackPointExtension>
        </extensions>
      </trkpt>
      <trkpt lat="51.93508719094097614288330078125" lon="4.2896386049687862396240234375">
        <ele>-1.39999997615814208984375</ele>
        <time>2025-05-31T09:50:09.000Z</time>
        <extensions>
          <ns3:TrackPointExtension>
            <ns3:hr>160</ns3:hr>
          </ns3:TrackPointExtension>
        </extensions>
      </trkpt>
      <trkpt lat="51.9350604526698589324951171875" lon="4.2895671911537647247314453125">
        <ele>-1.39999997615814208984375</ele>
        <time>2025-05-31T09:50:10.000Z</time>
        <extensions>
          <ns3:TrackPointExtension>
            <ns3:hr>160</ns3:hr>
          </ns3:TrackPointExtension>
        </extensions>
      </trkpt>
      <trkpt lat="51.9348178803920745849609375" lon="4.28893410600721836090087890625">
        <ele>-1.39999997615814208984375</ele>
        <time>2025-05-31T09:50:19.000Z</time>
        <extensions>
          <ns3:TrackPointExtension>
            <ns3:hr>157</ns3:hr>
          </ns3:TrackPointExtension>
        </extensions>
      </trkpt>
      <trkpt lat="51.93466407246887683868408203125" lon="4.28861894644796848297119140625">
        <ele>-1.39999997615814208984375</ele>
        <time>2025-05-31T09:50:24.000Z</time>
        <extensions>
          <ns3:TrackPointExtension>
            <ns3:hr>158</ns3:hr>
          </ns3:TrackPointExtension>
        </extensions>
      </trkpt>
      <trkpt lat="51.934595592319965362548828125" lon="4.2885097302496433258056640625">
        <ele>-1.60000002384185791015625</ele>
        <time>2025-05-31T09:50:26.000Z</time>
        <extensions>
          <ns3:TrackPointExtension>
            <ns3:hr>158</ns3:hr>
          </ns3:TrackPointExtension>
        </extensions>
      </trkpt>
      <trkpt lat="51.93448000587522983551025390625" lon="4.28837637417018413543701171875">
        <ele>-1.60000002384185791015625</ele>
        <time>2025-05-31T09:50:29.000Z</time>
        <extensions>
          <ns3:TrackPointExtension>
            <ns3:hr>158</ns3:hr>
          </ns3:TrackPointExtension>
        </extensions>
      </trkpt>
      <trkpt lat="51.934409178793430328369140625" lon="4.28827813826501369476318359375">
        <ele>-1.39999997615814208984375</ele>
        <time>2025-05-31T09:50:31.000Z</time>
        <extensions>
          <ns3:TrackPointExtension>
            <ns3:hr>157</ns3:hr>
          </ns3:TrackPointExtension>
        </extensions>
      </trkpt>
      <trkpt lat="51.9343546964228153228759765625" lon="4.288155175745487213134765625">
        <ele>-1</ele>
        <time>2025-05-31T09:50:33.000Z</time>
        <extensions>
          <ns3:TrackPointExtension>
            <ns3:hr>157</ns3:hr>
          </ns3:TrackPointExtension>
        </extensions>
      </trkpt>
      <trkpt lat="51.93430968560278415679931640625" lon="4.28801603615283966064453125">
        <ele>-0.800000011920928955078125</ele>
        <time>2025-05-31T09:50:35.000Z</time>
        <extensions>
          <ns3:TrackPointExtension>
            <ns3:hr>158</ns3:hr>
          </ns3:TrackPointExtension>
        </extensions>
      </trkpt>
      <trkpt lat="51.93417389877140522003173828125" lon="4.28766391240060329437255859375">
        <ele>-0.60000002384185791015625</ele>
        <time>2025-05-31T09:50:40.000Z</time>
        <extensions>
          <ns3:TrackPointExtension>
            <ns3:hr>158</ns3:hr>
          </ns3:TrackPointExtension>
        </extensions>
      </trkpt>
      <trkpt lat="51.93410399369895458221435546875" lon="4.287434332072734832763671875">
        <ele>-0.60000002384185791015625</ele>
        <time>2025-05-31T09:50:43.000Z</time>
        <extensions>
          <ns3:TrackPointExtension>
            <ns3:hr>161</ns3:hr>
          </ns3:TrackPointExtension>
        </extensions>
      </trkpt>
      <trkpt lat="51.93401162512600421905517578125" lon="4.2871159873902797698974609375">
        <ele>-0.800000011920928955078125</ele>
        <time>2025-05-31T09:50:47.000Z</time>
        <extensions>
          <ns3:TrackPointExtension>
            <ns3:hr>164</ns3:hr>
          </ns3:TrackPointExtension>
        </extensions>
      </trkpt>
      <trkpt lat="51.933766119182109832763671875" lon="4.28648642264306545257568359375">
        <ele>-1</ele>
        <time>2025-05-31T09:50:56.000Z</time>
        <extensions>
          <ns3:TrackPointExtension>
            <ns3:hr>161</ns3:hr>
          </ns3:TrackPointExtension>
        </extensions>
      </trkpt>
      <trkpt lat="51.93371490575373172760009765625" lon="4.28635281510651111602783203125">
        <ele>-1.2000000476837158203125</ele>
        <time>2025-05-31T09:50:58.000Z</time>
        <extensions>
          <ns3:TrackPointExtension>
            <ns3:hr>160</ns3:hr>
          </ns3:TrackPointExtension>
        </extensions>
      </trkpt>
      <trkpt lat="51.933427490293979644775390625" lon="4.28563230670988559722900390625">
        <ele>-1.2000000476837158203125</ele>
        <time>2025-05-31T09:51:09.000Z</time>
        <extensions>
          <ns3:TrackPointExtension>
            <ns3:hr>161</ns3:hr>
          </ns3:TrackPointExtension>
        </extensions>
      </trkpt>
      <trkpt lat="51.93316974677145481109619140625" lon="4.28496728651225566864013671875">
        <ele>-1</ele>
        <time>2025-05-31T09:51:19.000Z</time>
        <extensions>
          <ns3:TrackPointExtension>
            <ns3:hr>163</ns3:hr>
          </ns3:TrackPointExtension>
        </extensions>
      </trkpt>
      <trkpt lat="51.93287503905594348907470703125" lon="4.28420553915202617645263671875">
        <ele>-1</ele>
        <time>2025-05-31T09:51:30.000Z</time>
        <extensions>
          <ns3:TrackPointExtension>
            <ns3:hr>162</ns3:hr>
          </ns3:TrackPointExtension>
        </extensions>
      </trkpt>
      <trkpt lat="51.93258519284427165985107421875" lon="4.28343507461249828338623046875">
        <ele>-1</ele>
        <time>2025-05-31T09:51:41.000Z</time>
        <extensions>
          <ns3:TrackPointExtension>
            <ns3:hr>159</ns3:hr>
          </ns3:TrackPointExtension>
        </extensions>
      </trkpt>
      <trkpt lat="51.93229802884161472320556640625" lon="4.28267952986061573028564453125">
        <ele>-1.2000000476837158203125</ele>
        <time>2025-05-31T09:51:52.000Z</time>
        <extensions>
          <ns3:TrackPointExtension>
            <ns3:hr>157</ns3:hr>
          </ns3:TrackPointExtension>
        </extensions>
      </trkpt>
      <trkpt lat="51.9320121221244335174560546875" lon="4.28194125182926654815673828125">
        <ele>-1.2000000476837158203125</ele>
        <time>2025-05-31T09:52:03.000Z</time>
        <extensions>
          <ns3:TrackPointExtension>
            <ns3:hr>158</ns3:hr>
          </ns3:TrackPointExtension>
        </extensions>
      </trkpt>
      <trkpt lat="51.93172269500792026519775390625" lon="4.28120330907404422760009765625">
        <ele>-0.4000000059604644775390625</ele>
        <time>2025-05-31T09:52:14.000Z</time>
        <extensions>
          <ns3:TrackPointExtension>
            <ns3:hr>160</ns3:hr>
          </ns3:TrackPointExtension>
        </extensions>
      </trkpt>
      <trkpt lat="51.93143553100526332855224609375" lon="4.280470311641693115234375">
        <ele>-0.20000000298023223876953125</ele>
        <time>2025-05-31T09:52:25.000Z</time>
        <extensions>
          <ns3:TrackPointExtension>
            <ns3:hr>162</ns3:hr>
          </ns3:TrackPointExtension>
        </extensions>
      </trkpt>
      <trkpt lat="51.93119748495519161224365234375" lon="4.2798632942140102386474609375">
        <ele>-0.4000000059604644775390625</ele>
        <time>2025-05-31T09:52:34.000Z</time>
        <extensions>
          <ns3:TrackPointExtension>
            <ns3:hr>163</ns3:hr>
          </ns3:TrackPointExtension>
        </extensions>
      </trkpt>
      <trkpt lat="51.930958516895771026611328125" lon="4.27923322655260562896728515625">
        <ele>-0.60000002384185791015625</ele>
        <time>2025-05-31T09:52:43.000Z</time>
        <extensions>
          <ns3:TrackPointExtension>
            <ns3:hr>163</ns3:hr>
          </ns3:TrackPointExtension>
        </extensions>
      </trkpt>
      <trkpt lat="51.93073212169110774993896484375" lon="4.2786499299108982086181640625">
        <ele>-0.800000011920928955078125</ele>
        <time>2025-05-31T09:52:51.000Z</time>
        <extensions>
          <ns3:TrackPointExtension>
            <ns3:hr>162</ns3:hr>
          </ns3:TrackPointExtension>
        </extensions>
      </trkpt>
      <trkpt lat="51.93057102151215076446533203125" lon="4.2782197706401348114013671875">
        <ele>-0.800000011920928955078125</ele>
        <time>2025-05-31T09:52:57.000Z</time>
        <extensions>
          <ns3:TrackPointExtension>
            <ns3:hr>159</ns3:hr>
          </ns3:TrackPointExtension>
        </extensions>
      </trkpt>
      <trkpt lat="51.9304004497826099395751953125" lon="4.2777738533914089202880859375">
        <ele>-0.4000000059604644775390625</ele>
        <time>2025-05-31T09:53:04.000Z</time>
        <extensions>
          <ns3:TrackPointExtension>
            <ns3:hr>158</ns3:hr>
          </ns3:TrackPointExtension>
        </extensions>
      </trkpt>
      <trkpt lat="51.93011462688446044921875" lon="4.2770302109420299530029296875">
        <ele>-1</ele>
        <time>2025-05-31T09:53:15.000Z</time>
        <extensions>
          <ns3:TrackPointExtension>
            <ns3:hr>156</ns3:hr>
          </ns3:TrackPointExtension>
        </extensions>
      </trkpt>
      <trkpt lat="51.93008990027010440826416015625" lon="4.2769614793360233306884765625">
        <ele>-1</ele>
        <time>2025-05-31T09:53:16.000Z</time>
        <extensions>
          <ns3:TrackPointExtension>
            <ns3:hr>156</ns3:hr>
          </ns3:TrackPointExtension>
        </extensions>
      </trkpt>
      <trkpt lat="51.92984581924974918365478515625" lon="4.2763415537774562835693359375">
        <ele>-1</ele>
        <time>2025-05-31T09:53:25.000Z</time>
        <extensions>
          <ns3:TrackPointExtension>
            <ns3:hr>156</ns3:hr>
          </ns3:TrackPointExtension>
        </extensions>
      </trkpt>
      <trkpt lat="51.9295857287943363189697265625" lon="4.2756948061287403106689453125">
        <ele>-0.60000002384185791015625</ele>
        <time>2025-05-31T09:53:35.000Z</time>
        <extensions>
          <ns3:TrackPointExtension>
            <ns3:hr>159</ns3:hr>
          </ns3:TrackPointExtension>
        </extensions>
      </trkpt>
      <trkpt lat="51.9295528717339038848876953125" lon="4.27563420496881008148193359375">
        <ele>-0.60000002384185791015625</ele>
        <time>2025-05-31T09:53:36.000Z</time>
        <extensions>
          <ns3:TrackPointExtension>
            <ns3:hr>159</ns3:hr>
          </ns3:TrackPointExtension>
        </extensions>
      </trkpt>
      <trkpt lat="51.92940040491521358489990234375" lon="4.2753823287785053253173828125">
        <ele>0</ele>
        <time>2025-05-31T09:53:41.000Z</time>
        <extensions>
          <ns3:TrackPointExtension>
            <ns3:hr>162</ns3:hr>
          </ns3:TrackPointExtension>
        </extensions>
      </trkpt>
      <trkpt lat="51.9293755106627941131591796875" lon="4.2753286845982074737548828125">
        <ele>0.20000000298023223876953125</ele>
        <time>2025-05-31T09:53:42.000Z</time>
        <extensions>
          <ns3:TrackPointExtension>
            <ns3:hr>163</ns3:hr>
          </ns3:TrackPointExtension>
        </extensions>
      </trkpt>
      <trkpt lat="51.9292846508324146270751953125" lon="4.27510899491608142852783203125">
        <ele>0.60000002384185791015625</ele>
        <time>2025-05-31T09:53:46.000Z</time>
        <extensions>
          <ns3:TrackPointExtension>
            <ns3:hr>166</ns3:hr>
          </ns3:TrackPointExtension>
        </extensions>
      </trkpt>
      <trkpt lat="51.9292172603309154510498046875" lon="4.2749387584626674652099609375">
        <ele>0.800000011920928955078125</ele>
        <time>2025-05-31T09:53:49.000Z</time>
        <extensions>
          <ns3:TrackPointExtension>
            <ns3:hr>167</ns3:hr>
          </ns3:TrackPointExtension>
        </extensions>
      </trkpt>
      <trkpt lat="51.9290563277900218963623046875" lon="4.27451203577220439910888671875">
        <ele>0.800000011920928955078125</ele>
        <time>2025-05-31T09:53:56.000Z</time>
        <extensions>
          <ns3:TrackPointExtension>
            <ns3:hr>168</ns3:hr>
          </ns3:TrackPointExtension>
        </extensions>
      </trkpt>
      <trkpt lat="51.9290284998714923858642578125" lon="4.2744559608399868011474609375">
        <ele>0.800000011920928955078125</ele>
        <time>2025-05-31T09:53:57.000Z</time>
        <extensions>
          <ns3:TrackPointExtension>
            <ns3:hr>168</ns3:hr>
          </ns3:TrackPointExtension>
        </extensions>
      </trkpt>
      <trkpt lat="51.928859017789363861083984375" lon="4.2740194313228130340576171875">
        <ele>0.60000002384185791015625</ele>
        <time>2025-05-31T09:54:04.000Z</time>
        <extensions>
          <ns3:TrackPointExtension>
            <ns3:hr>168</ns3:hr>
          </ns3:TrackPointExtension>
        </extensions>
      </trkpt>
      <trkpt lat="51.9285788945853710174560546875" lon="4.27347854711115360260009765625">
        <ele>0.60000002384185791015625</ele>
        <time>2025-05-31T09:54:13.000Z</time>
        <extensions>
          <ns3:TrackPointExtension>
            <ns3:hr>168</ns3:hr>
          </ns3:TrackPointExtension>
        </extensions>
      </trkpt>
      <trkpt lat="51.9283083267509937286376953125" lon="4.2729214020073413848876953125">
        <ele>0.60000002384185791015625</ele>
        <time>2025-05-31T09:54:22.000Z</time>
        <extensions>
          <ns3:TrackPointExtension>
            <ns3:hr>165</ns3:hr>
          </ns3:TrackPointExtension>
        </extensions>
      </trkpt>
      <trkpt lat="51.92805142141878604888916015625" lon="4.27239610813558101654052734375">
        <ele>0.60000002384185791015625</ele>
        <time>2025-05-31T09:54:31.000Z</time>
        <extensions>
          <ns3:TrackPointExtension>
            <ns3:hr>162</ns3:hr>
          </ns3:TrackPointExtension>
        </extensions>
      </trkpt>
      <trkpt lat="51.92802309058606624603271484375" lon="4.2723447270691394805908203125">
        <ele>0.60000002384185791015625</ele>
        <time>2025-05-31T09:54:32.000Z</time>
        <extensions>
          <ns3:TrackPointExtension>
            <ns3:hr>162</ns3:hr>
          </ns3:TrackPointExtension>
        </extensions>
      </trkpt>
      <trkpt lat="51.9278992898762226104736328125" lon="4.27213492803275585174560546875">
        <ele>0.60000002384185791015625</ele>
        <time>2025-05-31T09:54:36.000Z</time>
        <extensions>
          <ns3:TrackPointExtension>
            <ns3:hr>159</ns3:hr>
          </ns3:TrackPointExtension>
        </extensions>
      </trkpt>
      <trkpt lat="51.92783265374600887298583984375" lon="4.27203887142241001129150390625">
        <ele>0.800000011920928955078125</ele>
        <time>2025-05-31T09:54:38.000Z</time>
        <extensions>
          <ns3:TrackPointExtension>
            <ns3:hr>158</ns3:hr>
          </ns3:TrackPointExtension>
        </extensions>
      </trkpt>
      <trkpt lat="51.92776224575936794281005859375" lon="4.27195237018167972564697265625">
        <ele>0.800000011920928955078125</ele>
        <time>2025-05-31T09:54:40.000Z</time>
        <extensions>
          <ns3:TrackPointExtension>
            <ns3:hr>158</ns3:hr>
          </ns3:TrackPointExtension>
        </extensions>
      </trkpt>
      <trkpt lat="51.92760072648525238037109375" lon="4.27170686423778533935546875">
        <ele>1</ele>
        <time>2025-05-31T09:54:45.000Z</time>
        <extensions>
          <ns3:TrackPointExtension>
            <ns3:hr>158</ns3:hr>
          </ns3:TrackPointExtension>
        </extensions>
      </trkpt>
      <trkpt lat="51.927554793655872344970703125" lon="4.27159463055431842803955078125">
        <ele>1</ele>
        <time>2025-05-31T09:54:47.000Z</time>
        <extensions>
          <ns3:TrackPointExtension>
            <ns3:hr>158</ns3:hr>
          </ns3:TrackPointExtension>
        </extensions>
      </trkpt>
      <trkpt lat="51.927516572177410125732421875" lon="4.2714357934892177581787109375">
        <ele>1.2000000476837158203125</ele>
        <time>2025-05-31T09:54:50.000Z</time>
        <extensions>
          <ns3:TrackPointExtension>
            <ns3:hr>158</ns3:hr>
          </ns3:TrackPointExtension>
        </extensions>
      </trkpt>
      <trkpt lat="51.92750592716038227081298828125" lon="4.27135105244815349578857421875">
        <ele>1.60000002384185791015625</ele>
        <time>2025-05-31T09:54:52.000Z</time>
        <extensions>
          <ns3:TrackPointExtension>
            <ns3:hr>158</ns3:hr>
          </ns3:TrackPointExtension>
        </extensions>
      </trkpt>
      <trkpt lat="51.92749033682048320770263671875" lon="4.2711603641510009765625">
        <ele>1.60000002384185791015625</ele>
        <time>2025-05-31T09:54:57.000Z</time>
        <extensions>
          <ns3:TrackPointExtension>
            <ns3:hr>159</ns3:hr>
          </ns3:TrackPointExtension>
        </extensions>
      </trkpt>
      <trkpt lat="51.92749419249594211578369140625" lon="4.27112893201410770416259765625">
        <ele>1.7999999523162841796875</ele>
        <time>2025-05-31T09:55:01.000Z</time>
        <extensions>
          <ns3:TrackPointExtension>
            <ns3:hr>160</ns3:hr>
          </ns3:TrackPointExtension>
        </extensions>
      </trkpt>
      <trkpt lat="51.92749419249594211578369140625" lon="4.27112893201410770416259765625">
        <ele>1.7999999523162841796875</ele>
        <time>2025-05-31T09:55:10.000Z</time>
        <extensions>
          <ns3:TrackPointExtension>
            <ns3:hr>156</ns3:hr>
          </ns3:TrackPointExtension>
        </extensions>
      </trkpt>
      <trkpt lat="51.92749419249594211578369140625" lon="4.27112893201410770416259765625">
        <ele>1.7999999523162841796875</ele>
        <time>2025-05-31T09:55:12.000Z</time>
        <extensions>
          <ns3:TrackPointExtension>
            <ns3:hr>153</ns3:hr>
          </ns3:TrackPointExtension>
        </extensions>
      </trkpt>
      <trkpt lat="51.92749419249594211578369140625" lon="4.27112893201410770416259765625">
        <ele>1.60000002384185791015625</ele>
        <time>2025-05-31T09:55:16.000Z</time>
        <extensions>
          <ns3:TrackPointExtension>
            <ns3:hr>150</ns3:hr>
          </ns3:TrackPointExtension>
        </extensions>
      </trkpt>
      <trkpt lat="51.92749670706689357757568359375" lon="4.27105383016169071197509765625">
        <ele>1.7999999523162841796875</ele>
        <time>2025-05-31T09:55:22.000Z</time>
        <extensions>
          <ns3:TrackPointExtension>
            <ns3:hr>149</ns3:hr>
          </ns3:TrackPointExtension>
        </extensions>
      </trkpt>
      <trkpt lat="51.92749620415270328521728515625" lon="4.2710116691887378692626953125">
        <ele>1.7999999523162841796875</ele>
        <time>2025-05-31T09:55:23.000Z</time>
        <extensions>
          <ns3:TrackPointExtension>
            <ns3:hr>149</ns3:hr>
          </ns3:TrackPointExtension>
        </extensions>
      </trkpt>
      <trkpt lat="51.9275142252445220947265625" lon="4.27081343717873096466064453125">
        <ele>1.7999999523162841796875</ele>
        <time>2025-05-31T09:55:27.000Z</time>
        <extensions>
          <ns3:TrackPointExtension>
            <ns3:hr>150</ns3:hr>
          </ns3:TrackPointExtension>
        </extensions>
      </trkpt>
      <trkpt lat="51.9274630956351757049560546875" lon="4.2706059850752353668212890625">
        <ele>1.7999999523162841796875</ele>
        <time>2025-05-31T09:55:31.000Z</time>
        <extensions>
          <ns3:TrackPointExtension>
            <ns3:hr>153</ns3:hr>
          </ns3:TrackPointExtension>
        </extensions>
      </trkpt>
      <trkpt lat="51.92744054831564426422119140625" lon="4.27050867117941379547119140625">
        <ele>1.7999999523162841796875</ele>
        <time>2025-05-31T09:55:33.000Z</time>
        <extensions>
          <ns3:TrackPointExtension>
            <ns3:hr>156</ns3:hr>
          </ns3:TrackPointExtension>
        </extensions>
      </trkpt>
      <trkpt lat="51.92743283696472644805908203125" lon="4.27041764371097087860107421875">
        <ele>1.39999997615814208984375</ele>
        <time>2025-05-31T09:55:35.000Z</time>
        <extensions>
          <ns3:TrackPointExtension>
            <ns3:hr>158</ns3:hr>
          </ns3:TrackPointExtension>
        </extensions>
      </trkpt>
      <trkpt lat="51.92743954248726367950439453125" lon="4.2703686095774173736572265625">
        <ele>1.2000000476837158203125</ele>
        <time>2025-05-31T09:55:37.000Z</time>
        <extensions>
          <ns3:TrackPointExtension>
            <ns3:hr>158</ns3:hr>
          </ns3:TrackPointExtension>
        </extensions>
      </trkpt>
      <trkpt lat="51.9274399615824222564697265625" lon="4.270358383655548095703125">
        <ele>1</ele>
        <time>2025-05-31T09:55:38.000Z</time>
        <extensions>
          <ns3:TrackPointExtension>
            <ns3:hr>158</ns3:hr>
          </ns3:TrackPointExtension>
        </extensions>
      </trkpt>
      <trkpt lat="51.92743836902081966400146484375" lon="4.2703545279800891876220703125">
        <ele>0.60000002384185791015625</ele>
        <time>2025-05-31T09:55:41.000Z</time>
        <extensions>
          <ns3:TrackPointExtension>
            <ns3:hr>154</ns3:hr>
          </ns3:TrackPointExtension>
        </extensions>
      </trkpt>
      <trkpt lat="51.92743836902081966400146484375" lon="4.2703545279800891876220703125">
        <ele>0.60000002384185791015625</ele>
        <time>2025-05-31T09:55:46.000Z</time>
        <extensions>
          <ns3:TrackPointExtension>
            <ns3:hr>151</ns3:hr>
          </ns3:TrackPointExtension>
        </extensions>
      </trkpt>
      <trkpt lat="51.9274042546749114990234375" lon="4.27031085826456546783447265625">
        <ele>0.60000002384185791015625</ele>
        <time>2025-05-31T09:55:52.000Z</time>
        <extensions>
          <ns3:TrackPointExtension>
            <ns3:hr>150</ns3:hr>
          </ns3:TrackPointExtension>
        </extensions>
      </trkpt>
      <trkpt lat="51.92729453556239604949951171875" lon="4.270132072269916534423828125">
        <ele>0.60000002384185791015625</ele>
        <time>2025-05-31T09:55:57.000Z</time>
        <extensions>
          <ns3:TrackPointExtension>
            <ns3:hr>148</ns3:hr>
          </ns3:TrackPointExtension>
        </extensions>
      </trkpt>
      <trkpt lat="51.927177272737026214599609375" lon="4.269840717315673828125">
        <ele>0.20000000298023223876953125</ele>
        <time>2025-05-31T09:56:02.000Z</time>
        <extensions>
          <ns3:TrackPointExtension>
            <ns3:hr>145</ns3:hr>
          </ns3:TrackPointExtension>
        </extensions>
      </trkpt>
      <trkpt lat="51.9271543063223361968994140625" lon="4.2697718180716037750244140625">
        <ele>0.20000000298023223876953125</ele>
        <time>2025-05-31T09:56:03.000Z</time>
        <extensions>
          <ns3:TrackPointExtension>
            <ns3:hr>145</ns3:hr>
          </ns3:TrackPointExtension>
        </extensions>
      </trkpt>
      <trkpt lat="51.9269906915724277496337890625" lon="4.2691974900662899017333984375">
        <ele>-0.20000000298023223876953125</ele>
        <time>2025-05-31T09:56:11.000Z</time>
        <extensions>
          <ns3:TrackPointExtension>
            <ns3:hr>143</ns3:hr>
          </ns3:TrackPointExtension>
        </extensions>
      </trkpt>
      <trkpt lat="51.92680436186492443084716796875" lon="4.2685410194098949432373046875">
        <ele>-0.20000000298023223876953125</ele>
        <time>2025-05-31T09:56:20.000Z</time>
        <extensions>
          <ns3:TrackPointExtension>
            <ns3:hr>144</ns3:hr>
          </ns3:TrackPointExtension>
        </extensions>
      </trkpt>
      <trkpt lat="51.92660428583621978759765625" lon="4.26787197589874267578125">
        <ele>-0.60000002384185791015625</ele>
        <time>2025-05-31T09:56:29.000Z</time>
        <extensions>
          <ns3:TrackPointExtension>
            <ns3:hr>146</ns3:hr>
          </ns3:TrackPointExtension>
        </extensions>
      </trkpt>
      <trkpt lat="51.92651602439582347869873046875" lon="4.26757760345935821533203125">
        <ele>-0.4000000059604644775390625</ele>
        <time>2025-05-31T09:56:33.000Z</time>
        <extensions>
          <ns3:TrackPointExtension>
            <ns3:hr>149</ns3:hr>
          </ns3:TrackPointExtension>
        </extensions>
      </trkpt>
      <trkpt lat="51.9264069758355617523193359375" lon="4.2671935446560382843017578125">
        <ele>-0.800000011920928955078125</ele>
        <time>2025-05-31T09:56:38.000Z</time>
        <extensions>
          <ns3:TrackPointExtension>
            <ns3:hr>151</ns3:hr>
          </ns3:TrackPointExtension>
        </extensions>
      </trkpt>
      <trkpt lat="51.926319301128387451171875" lon="4.26681141369044780731201171875">
        <ele>-0.800000011920928955078125</ele>
        <time>2025-05-31T09:56:43.000Z</time>
        <extensions>
          <ns3:TrackPointExtension>
            <ns3:hr>151</ns3:hr>
          </ns3:TrackPointExtension>
        </extensions>
      </trkpt>
      <trkpt lat="51.92620731890201568603515625" lon="4.26616550423204898834228515625">
        <ele>-1</ele>
        <time>2025-05-31T09:56:51.000Z</time>
        <extensions>
          <ns3:TrackPointExtension>
            <ns3:hr>152</ns3:hr>
          </ns3:TrackPointExtension>
        </extensions>
      </trkpt>
      <trkpt lat="51.9261052273213863372802734375" lon="4.2657622508704662322998046875">
        <ele>-1.39999997615814208984375</ele>
        <time>2025-05-31T09:56:56.000Z</time>
        <extensions>
          <ns3:TrackPointExtension>
            <ns3:hr>152</ns3:hr>
          </ns3:TrackPointExtension>
        </extensions>
      </trkpt>
      <trkpt lat="51.92608368583023548126220703125" lon="4.265713132917881011962890625">
        <ele>-1.39999997615814208984375</ele>
        <time>2025-05-31T09:56:57.000Z</time>
        <extensions>
          <ns3:TrackPointExtension>
            <ns3:hr>152</ns3:hr>
          </ns3:TrackPointExtension>
        </extensions>
      </trkpt>
      <trkpt lat="51.9258557818830013275146484375" lon="4.2649622820317745208740234375">
        <ele>-1.2000000476837158203125</ele>
        <time>2025-05-31T09:57:07.000Z</time>
        <extensions>
          <ns3:TrackPointExtension>
            <ns3:hr>150</ns3:hr>
          </ns3:TrackPointExtension>
        </extensions>
      </trkpt>
      <trkpt lat="51.9256515987217426300048828125" lon="4.2644288577139377593994140625">
        <ele>-0.800000011920928955078125</ele>
        <time>2025-05-31T09:57:15.000Z</time>
        <extensions>
          <ns3:TrackPointExtension>
            <ns3:hr>153</ns3:hr>
          </ns3:TrackPointExtension>
        </extensions>
      </trkpt>
      <trkpt lat="51.925608180463314056396484375" lon="4.26429432816803455352783203125">
        <ele>-0.60000002384185791015625</ele>
        <time>2025-05-31T09:57:17.000Z</time>
        <extensions>
          <ns3:TrackPointExtension>
            <ns3:hr>154</ns3:hr>
          </ns3:TrackPointExtension>
        </extensions>
      </trkpt>
      <trkpt lat="51.9254221022129058837890625" lon="4.2637147195637226104736328125">
        <ele>-0.60000002384185791015625</ele>
        <time>2025-05-31T09:57:26.000Z</time>
        <extensions>
          <ns3:TrackPointExtension>
            <ns3:hr>156</ns3:hr>
          </ns3:TrackPointExtension>
        </extensions>
      </trkpt>
      <trkpt lat="51.925405673682689666748046875" lon="4.26349905319511890411376953125">
        <ele>-0.60000002384185791015625</ele>
        <time>2025-05-31T09:57:30.000Z</time>
        <extensions>
          <ns3:TrackPointExtension>
            <ns3:hr>156</ns3:hr>
          </ns3:TrackPointExtension>
        </extensions>
      </trkpt>
      <trkpt lat="51.925407014787197113037109375" lon="4.26346887834370136260986328125">
        <ele>-0.60000002384185791015625</ele>
        <time>2025-05-31T09:57:33.000Z</time>
        <extensions>
          <ns3:TrackPointExtension>
            <ns3:hr>159</ns3:hr>
          </ns3:TrackPointExtension>
        </extensions>
      </trkpt>
      <trkpt lat="51.925407014787197113037109375" lon="4.26346887834370136260986328125">
        <ele>-0.60000002384185791015625</ele>
        <time>2025-05-31T09:57:34.000Z</time>
        <extensions>
          <ns3:TrackPointExtension>
            <ns3:hr>158</ns3:hr>
          </ns3:TrackPointExtension>
        </extensions>
      </trkpt>
      <trkpt lat="51.925407014787197113037109375" lon="4.26346887834370136260986328125">
        <ele>-0.60000002384185791015625</ele>
        <time>2025-05-31T09:57:37.000Z</time>
        <extensions>
          <ns3:TrackPointExtension>
            <ns3:hr>161</ns3:hr>
          </ns3:TrackPointExtension>
        </extensions>
      </trkpt>
      <trkpt lat="51.925407014787197113037109375" lon="4.26346887834370136260986328125">
        <ele>-0.60000002384185791015625</ele>
        <time>2025-05-31T09:57:40.000Z</time>
        <extensions>
          <ns3:TrackPointExtension>
            <ns3:hr>158</ns3:hr>
          </ns3:TrackPointExtension>
        </extensions>
      </trkpt>
      <trkpt lat="51.92538429982960224151611328125" lon="4.263443984091281890869140625">
        <ele>-0.60000002384185791015625</ele>
        <time>2025-05-31T09:57:44.000Z</time>
        <extensions>
          <ns3:TrackPointExtension>
            <ns3:hr>156</ns3:hr>
          </ns3:TrackPointExtension>
        </extensions>
      </trkpt>
      <trkpt lat="51.925288327038288116455078125" lon="4.26335337571799755096435546875">
        <ele>-0.4000000059604644775390625</ele>
        <time>2025-05-31T09:57:48.000Z</time>
        <extensions>
          <ns3:TrackPointExtension>
            <ns3:hr>155</ns3:hr>
          </ns3:TrackPointExtension>
        </extensions>
      </trkpt>
      <trkpt lat="51.92519319243729114532470703125" lon="4.26313376985490322113037109375">
        <ele>-0.4000000059604644775390625</ele>
        <time>2025-05-31T09:57:53.000Z</time>
        <extensions>
          <ns3:TrackPointExtension>
            <ns3:hr>154</ns3:hr>
          </ns3:TrackPointExtension>
        </extensions>
      </trkpt>
      <trkpt lat="51.9250895082950592041015625" lon="4.26277083344757556915283203125">
        <ele>-0.4000000059604644775390625</ele>
        <time>2025-05-31T09:57:59.000Z</time>
        <extensions>
          <ns3:TrackPointExtension>
            <ns3:hr>152</ns3:hr>
          </ns3:TrackPointExtension>
        </extensions>
      </trkpt>
      <trkpt lat="51.9248647056519985198974609375" lon="4.262003637850284576416015625">
        <ele>-0.20000000298023223876953125</ele>
        <time>2025-05-31T09:58:11.000Z</time>
        <extensions>
          <ns3:TrackPointExtension>
            <ns3:hr>151</ns3:hr>
          </ns3:TrackPointExtension>
        </extensions>
      </trkpt>
      <trkpt lat="51.924698911607265472412109375" lon="4.26143274642527103424072265625">
        <ele>-0.20000000298023223876953125</ele>
        <time>2025-05-31T09:58:20.000Z</time>
        <extensions>
          <ns3:TrackPointExtension>
            <ns3:hr>152</ns3:hr>
          </ns3:TrackPointExtension>
        </extensions>
      </trkpt>
      <trkpt lat="51.924658678472042083740234375" lon="4.26131020300090312957763671875">
        <ele>-0.20000000298023223876953125</ele>
        <time>2025-05-31T09:58:22.000Z</time>
        <extensions>
          <ns3:TrackPointExtension>
            <ns3:hr>152</ns3:hr>
          </ns3:TrackPointExtension>
        </extensions>
      </trkpt>
      <trkpt lat="51.92457117140293121337890625" lon="4.26097869873046875">
        <ele>-0.20000000298023223876953125</ele>
        <time>2025-05-31T09:58:27.000Z</time>
        <extensions>
          <ns3:TrackPointExtension>
            <ns3:hr>154</ns3:hr>
          </ns3:TrackPointExtension>
        </extensions>
      </trkpt>
      <trkpt lat="51.92444242537021636962890625" lon="4.26053420640528202056884765625">
        <ele>-0.20000000298023223876953125</ele>
        <time>2025-05-31T09:58:34.000Z</time>
        <extensions>
          <ns3:TrackPointExtension>
            <ns3:hr>154</ns3:hr>
          </ns3:TrackPointExtension>
        </extensions>
      </trkpt>
      <trkpt lat="51.9243517331779003143310546875" lon="4.26022927276790142059326171875">
        <ele>-0.20000000298023223876953125</ele>
        <time>2025-05-31T09:58:39.000Z</time>
        <extensions>
          <ns3:TrackPointExtension>
            <ns3:hr>151</ns3:hr>
          </ns3:TrackPointExtension>
        </extensions>
      </trkpt>
      <trkpt lat="51.9242903776466846466064453125" lon="4.26004461944103240966796875">
        <ele>-0.20000000298023223876953125</ele>
        <time>2025-05-31T09:58:42.000Z</time>
        <extensions>
          <ns3:TrackPointExtension>
            <ns3:hr>151</ns3:hr>
          </ns3:TrackPointExtension>
        </extensions>
      </trkpt>
      <trkpt lat="51.924139671027660369873046875" lon="4.259529300034046173095703125">
        <ele>-0.20000000298023223876953125</ele>
        <time>2025-05-31T09:58:50.000Z</time>
        <extensions>
          <ns3:TrackPointExtension>
            <ns3:hr>152</ns3:hr>
          </ns3:TrackPointExtension>
        </extensions>
      </trkpt>
      <trkpt lat="51.9239520840346813201904296875" lon="4.25888129509985446929931640625">
        <ele>-0.20000000298023223876953125</ele>
        <time>2025-05-31T09:59:00.000Z</time>
        <extensions>
          <ns3:TrackPointExtension>
            <ns3:hr>152</ns3:hr>
          </ns3:TrackPointExtension>
        </extensions>
      </trkpt>
      <trkpt lat="51.92393272183835506439208984375" lon="4.2588216997683048248291015625">
        <ele>-0.20000000298023223876953125</ele>
        <time>2025-05-31T09:59:01.000Z</time>
        <extensions>
          <ns3:TrackPointExtension>
            <ns3:hr>152</ns3:hr>
          </ns3:TrackPointExtension>
        </extensions>
      </trkpt>
      <trkpt lat="51.9238461367785930633544921875" lon="4.25850612111389636993408203125">
        <ele>0</ele>
        <time>2025-05-31T09:59:06.000Z</time>
        <extensions>
          <ns3:TrackPointExtension>
            <ns3:hr>151</ns3:hr>
          </ns3:TrackPointExtension>
        </extensions>
      </trkpt>
      <trkpt lat="51.92368780262768268585205078125" lon="4.25793548114597797393798828125">
        <ele>0</ele>
        <time>2025-05-31T09:59:15.000Z</time>
        <extensions>
          <ns3:TrackPointExtension>
            <ns3:hr>151</ns3:hr>
          </ns3:TrackPointExtension>
        </extensions>
      </trkpt>
      <trkpt lat="51.92352167330682277679443359375" lon="4.25735662691295146942138671875">
        <ele>-0.20000000298023223876953125</ele>
        <time>2025-05-31T09:59:25.000Z</time>
        <extensions>
          <ns3:TrackPointExtension>
            <ns3:hr>152</ns3:hr>
          </ns3:TrackPointExtension>
        </extensions>
      </trkpt>
      <trkpt lat="51.923422850668430328369140625" lon="4.25690911710262298583984375">
        <ele>-0.20000000298023223876953125</ele>
        <time>2025-05-31T09:59:34.000Z</time>
        <extensions>
          <ns3:TrackPointExtension>
            <ns3:hr>153</ns3:hr>
          </ns3:TrackPointExtension>
        </extensions>
      </trkpt>
      <trkpt lat="51.9234213419258594512939453125" lon="4.2568680457770824432373046875">
        <ele>-0.20000000298023223876953125</ele>
        <time>2025-05-31T09:59:36.000Z</time>
        <extensions>
          <ns3:TrackPointExtension>
            <ns3:hr>152</ns3:hr>
          </ns3:TrackPointExtension>
        </extensions>
      </trkpt>
      <trkpt lat="51.9234230183064937591552734375" lon="4.2568628489971160888671875">
        <ele>-0.20000000298023223876953125</ele>
        <time>2025-05-31T09:59:38.000Z</time>
        <extensions>
          <ns3:TrackPointExtension>
            <ns3:hr>152</ns3:hr>
          </ns3:TrackPointExtension>
        </extensions>
      </trkpt>
      <trkpt lat="51.9234230183064937591552734375" lon="4.2568628489971160888671875">
        <ele>-0.4000000059604644775390625</ele>
        <time>2025-05-31T09:59:46.000Z</time>
        <extensions>
          <ns3:TrackPointExtension>
            <ns3:hr>148</ns3:hr>
          </ns3:TrackPointExtension>
        </extensions>
      </trkpt>
      <trkpt lat="51.9234230183064937591552734375" lon="4.2568628489971160888671875">
        <ele>-0.4000000059604644775390625</ele>
        <time>2025-05-31T09:59:48.000Z</time>
        <extensions>
          <ns3:TrackPointExtension>
            <ns3:hr>145</ns3:hr>
          </ns3:TrackPointExtension>
        </extensions>
      </trkpt>
      <trkpt lat="51.9234230183064937591552734375" lon="4.2568628489971160888671875">
        <ele>-0.4000000059604644775390625</ele>
        <time>2025-05-31T09:59:52.000Z</time>
        <extensions>
          <ns3:TrackPointExtension>
            <ns3:hr>141</ns3:hr>
          </ns3:TrackPointExtension>
        </extensions>
      </trkpt>
      <trkpt lat="51.9234230183064937591552734375" lon="4.2568628489971160888671875">
        <ele>-0.4000000059604644775390625</ele>
        <time>2025-05-31T09:59:54.000Z</time>
        <extensions>
          <ns3:TrackPointExtension>
            <ns3:hr>138</ns3:hr>
          </ns3:TrackPointExtension>
        </extensions>
      </trkpt>
      <trkpt lat="51.9234230183064937591552734375" lon="4.2568628489971160888671875">
        <ele>-0.4000000059604644775390625</ele>
        <time>2025-05-31T09:59:58.000Z</time>
        <extensions>
          <ns3:TrackPointExtension>
            <ns3:hr>139</ns3:hr>
          </ns3:TrackPointExtension>
        </extensions>
      </trkpt>
      <trkpt lat="51.9234230183064937591552734375" lon="4.2568628489971160888671875">
        <ele>-0.4000000059604644775390625</ele>
        <time>2025-05-31T10:00:05.000Z</time>
        <extensions>
          <ns3:TrackPointExtension>
            <ns3:hr>136</ns3:hr>
          </ns3:TrackPointExtension>
        </extensions>
      </trkpt>
      <trkpt lat="51.9234230183064937591552734375" lon="4.2568628489971160888671875">
        <ele>-0.4000000059604644775390625</ele>
        <time>2025-05-31T10:00:09.000Z</time>
        <extensions>
          <ns3:TrackPointExtension>
            <ns3:hr>136</ns3:hr>
          </ns3:TrackPointExtension>
        </extensions>
      </trkpt>
      <trkpt lat="51.92342813126742839813232421875" lon="4.25686527974903583526611328125">
        <ele>-0.4000000059604644775390625</ele>
        <time>2025-05-31T10:00:19.000Z</time>
        <extensions>
          <ns3:TrackPointExtension>
            <ns3:hr>136</ns3:hr>
          </ns3:TrackPointExtension>
        </extensions>
      </trkpt>
      <trkpt lat="51.92342813126742839813232421875" lon="4.25686527974903583526611328125">
        <ele>-0.4000000059604644775390625</ele>
        <time>2025-05-31T10:00:31.000Z</time>
        <extensions>
          <ns3:TrackPointExtension>
            <ns3:hr>138</ns3:hr>
          </ns3:TrackPointExtension>
        </extensions>
      </trkpt>
      <trkpt lat="51.92342813126742839813232421875" lon="4.25686527974903583526611328125">
        <ele>-0.4000000059604644775390625</ele>
        <time>2025-05-31T10:00:43.000Z</time>
        <extensions>
          <ns3:TrackPointExtension>
            <ns3:hr>135</ns3:hr>
          </ns3:TrackPointExtension>
        </extensions>
      </trkpt>
      <trkpt lat="51.9234092719852924346923828125" lon="4.25683124922215938568115234375">
        <ele>-0.4000000059604644775390625</ele>
        <time>2025-05-31T10:00:46.000Z</time>
        <extensions>
          <ns3:TrackPointExtension>
            <ns3:hr>135</ns3:hr>
          </ns3:TrackPointExtension>
        </extensions>
      </trkpt>
      <trkpt lat="51.92338890396058559417724609375" lon="4.25679202191531658172607421875">
        <ele>-0.4000000059604644775390625</ele>
        <time>2025-05-31T10:00:48.000Z</time>
        <extensions>
          <ns3:TrackPointExtension>
            <ns3:hr>134</ns3:hr>
          </ns3:TrackPointExtension>
        </extensions>
      </trkpt>
      <trkpt lat="51.92338119260966777801513671875" lon="4.25676788203418254852294921875">
        <ele>-0.4000000059604644775390625</ele>
        <time>2025-05-31T10:00:52.000Z</time>
        <extensions>
          <ns3:TrackPointExtension>
            <ns3:hr>133</ns3:hr>
          </ns3:TrackPointExtension>
        </extensions>
      </trkpt>
      <trkpt lat="51.92336107604205608367919921875" lon="4.25676704384386539459228515625">
        <ele>-0.20000000298023223876953125</ele>
        <time>2025-05-31T10:01:05.000Z</time>
        <extensions>
          <ns3:TrackPointExtension>
            <ns3:hr>135</ns3:hr>
          </ns3:TrackPointExtension>
        </extensions>
      </trkpt>
      <trkpt lat="51.92336107604205608367919921875" lon="4.25676704384386539459228515625">
        <ele>0</ele>
        <time>2025-05-31T10:01:17.000Z</time>
        <extensions>
          <ns3:TrackPointExtension>
            <ns3:hr>132</ns3:hr>
          </ns3:TrackPointExtension>
        </extensions>
      </trkpt>
      <trkpt lat="51.92336107604205608367919921875" lon="4.25676704384386539459228515625">
        <ele>0.20000000298023223876953125</ele>
        <time>2025-05-31T10:01:20.000Z</time>
        <extensions>
          <ns3:TrackPointExtension>
            <ns3:hr>129</ns3:hr>
          </ns3:TrackPointExtension>
        </extensions>
      </trkpt>
      <trkpt lat="51.923359818756580352783203125" lon="4.256751202046871185302734375">
        <ele>0.20000000298023223876953125</ele>
        <time>2025-05-31T10:01:23.000Z</time>
        <extensions>
          <ns3:TrackPointExtension>
            <ns3:hr>127</ns3:hr>
          </ns3:TrackPointExtension>
        </extensions>
      </trkpt>
      <trkpt lat="51.923361159861087799072265625" lon="4.25673955120146274566650390625">
        <ele>0</ele>
        <time>2025-05-31T10:01:24.000Z</time>
        <extensions>
          <ns3:TrackPointExtension>
            <ns3:hr>127</ns3:hr>
          </ns3:TrackPointExtension>
        </extensions>
      </trkpt>
      <trkpt lat="51.92333375103771686553955078125" lon="4.25667299889028072357177734375">
        <ele>0</ele>
        <time>2025-05-31T10:01:28.000Z</time>
        <extensions>
          <ns3:TrackPointExtension>
            <ns3:hr>126</ns3:hr>
          </ns3:TrackPointExtension>
        </extensions>
      </trkpt>
      <trkpt lat="51.9233130477368831634521484375" lon="4.2566591687500476837158203125">
        <ele>0</ele>
        <time>2025-05-31T10:01:29.000Z</time>
        <extensions>
          <ns3:TrackPointExtension>
            <ns3:hr>127</ns3:hr>
          </ns3:TrackPointExtension>
        </extensions>
      </trkpt>
      <trkpt lat="51.92329569719731807708740234375" lon="4.256655313074588775634765625">
        <ele>0</ele>
        <time>2025-05-31T10:01:30.000Z</time>
        <extensions>
          <ns3:TrackPointExtension>
            <ns3:hr>127</ns3:hr>
          </ns3:TrackPointExtension>
        </extensions>
      </trkpt>
      <trkpt lat="51.923223026096820831298828125" lon="4.25669780932366847991943359375">
        <ele>0</ele>
        <time>2025-05-31T10:01:34.000Z</time>
        <extensions>
          <ns3:TrackPointExtension>
            <ns3:hr>129</ns3:hr>
          </ns3:TrackPointExtension>
        </extensions>
      </trkpt>
      <trkpt lat="51.923079527914524078369140625" lon="4.2568036727607250213623046875">
        <ele>0</ele>
        <time>2025-05-31T10:01:39.000Z</time>
        <extensions>
          <ns3:TrackPointExtension>
            <ns3:hr>130</ns3:hr>
          </ns3:TrackPointExtension>
        </extensions>
      </trkpt>
      <trkpt lat="51.92297584377229213714599609375" lon="4.2568455822765827178955078125">
        <ele>0.20000000298023223876953125</ele>
        <time>2025-05-31T10:01:44.000Z</time>
        <extensions>
          <ns3:TrackPointExtension>
            <ns3:hr>131</ns3:hr>
          </ns3:TrackPointExtension>
        </extensions>
      </trkpt>
      <trkpt lat="51.92297383211553096771240234375" lon="4.2568482644855976104736328125">
        <ele>0.20000000298023223876953125</ele>
        <time>2025-05-31T10:01:45.000Z</time>
        <extensions>
          <ns3:TrackPointExtension>
            <ns3:hr>130</ns3:hr>
          </ns3:TrackPointExtension>
        </extensions>
      </trkpt>
      <trkpt lat="51.92297383211553096771240234375" lon="4.2568482644855976104736328125">
        <ele>0.20000000298023223876953125</ele>
        <time>2025-05-31T10:01:46.000Z</time>
        <extensions>
          <ns3:TrackPointExtension>
            <ns3:hr>130</ns3:hr>
          </ns3:TrackPointExtension>
        </extensions>
      </trkpt>
      <trkpt lat="51.92297383211553096771240234375" lon="4.2568482644855976104736328125">
        <ele>0.20000000298023223876953125</ele>
        <time>2025-05-31T10:01:52.000Z</time>
        <extensions>
          <ns3:TrackPointExtension>
            <ns3:hr>133</ns3:hr>
          </ns3:TrackPointExtension>
        </extensions>
      </trkpt>
      <trkpt lat="51.92297383211553096771240234375" lon="4.2568482644855976104736328125">
        <ele>0.20000000298023223876953125</ele>
        <time>2025-05-31T10:01:55.000Z</time>
        <extensions>
          <ns3:TrackPointExtension>
            <ns3:hr>133</ns3:hr>
          </ns3:TrackPointExtension>
        </extensions>
      </trkpt>
      <trkpt lat="51.92297383211553096771240234375" lon="4.2568482644855976104736328125">
        <ele>0.20000000298023223876953125</ele>
        <time>2025-05-31T10:02:03.000Z</time>
        <extensions>
          <ns3:TrackPointExtension>
            <ns3:hr>130</ns3:hr>
          </ns3:TrackPointExtension>
        </extensions>
      </trkpt>
      <trkpt lat="51.92297383211553096771240234375" lon="4.2568482644855976104736328125">
        <ele>0</ele>
        <time>2025-05-31T10:02:19.000Z</time>
        <extensions>
          <ns3:TrackPointExtension>
            <ns3:hr>129</ns3:hr>
          </ns3:TrackPointExtension>
        </extensions>
      </trkpt>
      <trkpt lat="51.92297383211553096771240234375" lon="4.2568482644855976104736328125">
        <ele>0.20000000298023223876953125</ele>
        <time>2025-05-31T10:02:22.000Z</time>
        <extensions>
          <ns3:TrackPointExtension>
            <ns3:hr>132</ns3:hr>
          </ns3:TrackPointExtension>
        </extensions>
      </trkpt>
      <trkpt lat="51.92297383211553096771240234375" lon="4.2568482644855976104736328125">
        <ele>0.20000000298023223876953125</ele>
        <time>2025-05-31T10:02:33.000Z</time>
        <extensions>
          <ns3:TrackPointExtension>
            <ns3:hr>130</ns3:hr>
          </ns3:TrackPointExtension>
        </extensions>
      </trkpt>
      <trkpt lat="51.92297383211553096771240234375" lon="4.2568482644855976104736328125">
        <ele>0.20000000298023223876953125</ele>
        <time>2025-05-31T10:02:35.000Z</time>
        <extensions>
          <ns3:TrackPointExtension>
            <ns3:hr>126</ns3:hr>
          </ns3:TrackPointExtension>
        </extensions>
      </trkpt>
      <trkpt lat="51.92297383211553096771240234375" lon="4.2568482644855976104736328125">
        <ele>0.20000000298023223876953125</ele>
        <time>2025-05-31T10:02:39.000Z</time>
        <extensions>
          <ns3:TrackPointExtension>
            <ns3:hr>123</ns3:hr>
          </ns3:TrackPointExtension>
        </extensions>
      </trkpt>
      <trkpt lat="51.92297383211553096771240234375" lon="4.2568482644855976104736328125">
        <ele>0.20000000298023223876953125</ele>
        <time>2025-05-31T10:02:50.000Z</time>
        <extensions>
          <ns3:TrackPointExtension>
            <ns3:hr>120</ns3:hr>
          </ns3:TrackPointExtension>
        </extensions>
      </trkpt>
      <trkpt lat="51.92297332920134067535400390625" lon="4.2568519525229930877685546875">
        <ele>0.20000000298023223876953125</ele>
        <time>2025-05-31T10:02:51.000Z</time>
        <extensions>
          <ns3:TrackPointExtension>
            <ns3:hr>120</ns3:hr>
          </ns3:TrackPointExtension>
        </extensions>
      </trkpt>
      <trkpt lat="51.92296578548848628997802734375" lon="4.2568660341203212738037109375">
        <ele>0.20000000298023223876953125</ele>
        <time>2025-05-31T10:02:52.000Z</time>
        <extensions>
          <ns3:TrackPointExtension>
            <ns3:hr>120</ns3:hr>
          </ns3:TrackPointExtension>
        </extensions>
      </trkpt>
      <trkpt lat="51.92289303056895732879638671875" lon="4.256934262812137603759765625">
        <ele>0.20000000298023223876953125</ele>
        <time>2025-05-31T10:02:56.000Z</time>
        <extensions>
          <ns3:TrackPointExtension>
            <ns3:hr>119</ns3:hr>
          </ns3:TrackPointExtension>
        </extensions>
      </trkpt>
      <trkpt lat="51.922799237072467803955078125" lon="4.2570091970264911651611328125">
        <ele>0.4000000059604644775390625</ele>
        <time>2025-05-31T10:03:02.000Z</time>
        <extensions>
          <ns3:TrackPointExtension>
            <ns3:hr>120</ns3:hr>
          </ns3:TrackPointExtension>
        </extensions>
      </trkpt>
      <trkpt lat="51.92270812578499317169189453125" lon="4.25710466690361499786376953125">
        <ele>0.4000000059604644775390625</ele>
        <time>2025-05-31T10:03:08.000Z</time>
        <extensions>
          <ns3:TrackPointExtension>
            <ns3:hr>119</ns3:hr>
          </ns3:TrackPointExtension>
        </extensions>
      </trkpt>
      <trkpt lat="51.92257694900035858154296875" lon="4.25717742182314395904541015625">
        <ele>0.60000002384185791015625</ele>
        <time>2025-05-31T10:03:15.000Z</time>
        <extensions>
          <ns3:TrackPointExtension>
            <ns3:hr>121</ns3:hr>
          </ns3:TrackPointExtension>
        </extensions>
      </trkpt>
      <trkpt lat="51.92255959846079349517822265625" lon="4.2571962811052799224853515625">
        <ele>0.60000002384185791015625</ele>
        <time>2025-05-31T10:03:17.000Z</time>
        <extensions>
          <ns3:TrackPointExtension>
            <ns3:hr>121</ns3:hr>
          </ns3:TrackPointExtension>
        </extensions>
      </trkpt>
      <trkpt lat="51.922558844089508056640625" lon="4.25721933133900165557861328125">
        <ele>0.4000000059604644775390625</ele>
        <time>2025-05-31T10:03:19.000Z</time>
        <extensions>
          <ns3:TrackPointExtension>
            <ns3:hr>121</ns3:hr>
          </ns3:TrackPointExtension>
        </extensions>
      </trkpt>
      <trkpt lat="51.92256127484142780303955078125" lon="4.2572683654725551605224609375">
        <ele>0.4000000059604644775390625</ele>
        <time>2025-05-31T10:03:21.000Z</time>
        <extensions>
          <ns3:TrackPointExtension>
            <ns3:hr>121</ns3:hr>
          </ns3:TrackPointExtension>
        </extensions>
      </trkpt>
      <trkpt lat="51.92256982438266277313232421875" lon="4.257395602762699127197265625">
        <ele>0.4000000059604644775390625</ele>
        <time>2025-05-31T10:03:25.000Z</time>
        <extensions>
          <ns3:TrackPointExtension>
            <ns3:hr>124</ns3:hr>
          </ns3:TrackPointExtension>
        </extensions>
      </trkpt>
      <trkpt lat="51.92255473695695400238037109375" lon="4.25742418505251407623291015625">
        <ele>0.4000000059604644775390625</ele>
        <time>2025-05-31T10:03:26.000Z</time>
        <extensions>
          <ns3:TrackPointExtension>
            <ns3:hr>124</ns3:hr>
          </ns3:TrackPointExtension>
        </extensions>
      </trkpt>
      <trkpt lat="51.92239849828183650970458984375" lon="4.2575494945049285888671875">
        <ele>0.4000000059604644775390625</ele>
        <time>2025-05-31T10:03:31.000Z</time>
        <extensions>
          <ns3:TrackPointExtension>
            <ns3:hr>126</ns3:hr>
          </ns3:TrackPointExtension>
        </extensions>
      </trkpt>
      <trkpt lat="51.92221543751657009124755859375" lon="4.25770196132361888885498046875">
        <ele>0.20000000298023223876953125</ele>
        <time>2025-05-31T10:03:36.000Z</time>
        <extensions>
          <ns3:TrackPointExtension>
            <ns3:hr>130</ns3:hr>
          </ns3:TrackPointExtension>
        </extensions>
      </trkpt>
      <trkpt lat="51.9221100769937038421630859375" lon="4.25778343342244625091552734375">
        <ele>0</ele>
        <time>2025-05-31T10:03:39.000Z</time>
        <extensions>
          <ns3:TrackPointExtension>
            <ns3:hr>129</ns3:hr>
          </ns3:TrackPointExtension>
        </extensions>
      </trkpt>
      <trkpt lat="51.92191570065915584564208984375" lon="4.25794780254364013671875">
        <ele>0</ele>
        <time>2025-05-31T10:03:46.000Z</time>
        <extensions>
          <ns3:TrackPointExtension>
            <ns3:hr>129</ns3:hr>
          </ns3:TrackPointExtension>
        </extensions>
      </trkpt>
      <trkpt lat="51.921888291835784912109375" lon="4.25796632654964923858642578125">
        <ele>-0.20000000298023223876953125</ele>
        <time>2025-05-31T10:03:49.000Z</time>
        <extensions>
          <ns3:TrackPointExtension>
            <ns3:hr>132</ns3:hr>
          </ns3:TrackPointExtension>
        </extensions>
      </trkpt>
      <trkpt lat="51.92188502289354801177978515625" lon="4.2579667456448078155517578125">
        <ele>-0.4000000059604644775390625</ele>
        <time>2025-05-31T10:03:51.000Z</time>
        <extensions>
          <ns3:TrackPointExtension>
            <ns3:hr>133</ns3:hr>
          </ns3:TrackPointExtension>
        </extensions>
      </trkpt>
      <trkpt lat="51.9218735396862030029296875" lon="4.2579469643533229827880859375">
        <ele>-0.4000000059604644775390625</ele>
        <time>2025-05-31T10:03:53.000Z</time>
        <extensions>
          <ns3:TrackPointExtension>
            <ns3:hr>134</ns3:hr>
          </ns3:TrackPointExtension>
        </extensions>
      </trkpt>
      <trkpt lat="51.9218529202044010162353515625" lon="4.25787362270057201385498046875">
        <ele>-0.4000000059604644775390625</ele>
        <time>2025-05-31T10:03:56.000Z</time>
        <extensions>
          <ns3:TrackPointExtension>
            <ns3:hr>133</ns3:hr>
          </ns3:TrackPointExtension>
        </extensions>
      </trkpt>
      <trkpt lat="51.9218314625322818756103515625" lon="4.25780774094164371490478515625">
        <ele>-0.20000000298023223876953125</ele>
        <time>2025-05-31T10:04:02.000Z</time>
        <extensions>
          <ns3:TrackPointExtension>
            <ns3:hr>133</ns3:hr>
          </ns3:TrackPointExtension>
        </extensions>
      </trkpt>
      <trkpt lat="51.921778656542301177978515625" lon="4.25784445367753505706787109375">
        <ele>-0.20000000298023223876953125</ele>
        <time>2025-05-31T10:04:06.000Z</time>
        <extensions>
          <ns3:TrackPointExtension>
            <ns3:hr>135</ns3:hr>
          </ns3:TrackPointExtension>
        </extensions>
      </trkpt>
      <trkpt lat="51.92158428020775318145751953125" lon="4.25801997072994709014892578125">
        <ele>0</ele>
        <time>2025-05-31T10:04:12.000Z</time>
        <extensions>
          <ns3:TrackPointExtension>
            <ns3:hr>137</ns3:hr>
          </ns3:TrackPointExtension>
        </extensions>
      </trkpt>
      <trkpt lat="51.92132578231394290924072265625" lon="4.25822046585381031036376953125">
        <ele>0</ele>
        <time>2025-05-31T10:04:18.000Z</time>
        <extensions>
          <ns3:TrackPointExtension>
            <ns3:hr>138</ns3:hr>
          </ns3:TrackPointExtension>
        </extensions>
      </trkpt>
      <trkpt lat="51.92096896469593048095703125" lon="4.25854149274528026580810546875">
        <ele>0.20000000298023223876953125</ele>
        <time>2025-05-31T10:04:26.000Z</time>
        <extensions>
          <ns3:TrackPointExtension>
            <ns3:hr>139</ns3:hr>
          </ns3:TrackPointExtension>
        </extensions>
      </trkpt>
      <trkpt lat="51.92065103910863399505615234375" lon="4.25883938558399677276611328125">
        <ele>0</ele>
        <time>2025-05-31T10:04:33.000Z</time>
        <extensions>
          <ns3:TrackPointExtension>
            <ns3:hr>142</ns3:hr>
          </ns3:TrackPointExtension>
        </extensions>
      </trkpt>
      <trkpt lat="51.92056437022984027862548828125" lon="4.2589249648153781890869140625">
        <ele>0</ele>
        <time>2025-05-31T10:04:35.000Z</time>
        <extensions>
          <ns3:TrackPointExtension>
            <ns3:hr>143</ns3:hr>
          </ns3:TrackPointExtension>
        </extensions>
      </trkpt>
      <trkpt lat="51.92026010714471340179443359375" lon="4.25918723456561565399169921875">
        <ele>0</ele>
        <time>2025-05-31T10:04:42.000Z</time>
        <extensions>
          <ns3:TrackPointExtension>
            <ns3:hr>145</ns3:hr>
          </ns3:TrackPointExtension>
        </extensions>
      </trkpt>
      <trkpt lat="51.92018299363553524017333984375" lon="4.25926870666444301605224609375">
        <ele>0</ele>
        <time>2025-05-31T10:04:44.000Z</time>
        <extensions>
          <ns3:TrackPointExtension>
            <ns3:hr>149</ns3:hr>
          </ns3:TrackPointExtension>
        </extensions>
      </trkpt>
      <trkpt lat="51.92006816156208515167236328125" lon="4.259376414120197296142578125">
        <ele>0</ele>
        <time>2025-05-31T10:04:47.000Z</time>
        <extensions>
          <ns3:TrackPointExtension>
            <ns3:hr>152</ns3:hr>
          </ns3:TrackPointExtension>
        </extensions>
      </trkpt>
      <trkpt lat="51.9199415110051631927490234375" lon="4.25947791896760463714599609375">
        <ele>0</ele>
        <time>2025-05-31T10:04:50.000Z</time>
        <extensions>
          <ns3:TrackPointExtension>
            <ns3:hr>153</ns3:hr>
          </ns3:TrackPointExtension>
        </extensions>
      </trkpt>
      <trkpt lat="51.91967890597879886627197265625" lon="4.2597219161689281463623046875">
        <ele>0.20000000298023223876953125</ele>
        <time>2025-05-31T10:04:57.000Z</time>
        <extensions>
          <ns3:TrackPointExtension>
            <ns3:hr>154</ns3:hr>
          </ns3:TrackPointExtension>
        </extensions>
      </trkpt>
      <trkpt lat="51.919597350060939788818359375" lon="4.259730465710163116455078125">
        <ele>0.20000000298023223876953125</ele>
        <time>2025-05-31T10:04:59.000Z</time>
        <extensions>
          <ns3:TrackPointExtension>
            <ns3:hr>154</ns3:hr>
          </ns3:TrackPointExtension>
        </extensions>
      </trkpt>
      <trkpt lat="51.91954999230802059173583984375" lon="4.25970523618161678314208984375">
        <ele>0.20000000298023223876953125</ele>
        <time>2025-05-31T10:05:00.000Z</time>
        <extensions>
          <ns3:TrackPointExtension>
            <ns3:hr>154</ns3:hr>
          </ns3:TrackPointExtension>
        </extensions>
      </trkpt>
      <trkpt lat="51.91951227374374866485595703125" lon="4.2596394382417201995849609375">
        <ele>0.4000000059604644775390625</ele>
        <time>2025-05-31T10:05:01.000Z</time>
        <extensions>
          <ns3:TrackPointExtension>
            <ns3:hr>154</ns3:hr>
          </ns3:TrackPointExtension>
        </extensions>
      </trkpt>
      <trkpt lat="51.919462569057941436767578125" lon="4.25948965363204479217529296875">
        <ele>0.4000000059604644775390625</ele>
        <time>2025-05-31T10:05:03.000Z</time>
        <extensions>
          <ns3:TrackPointExtension>
            <ns3:hr>153</ns3:hr>
          </ns3:TrackPointExtension>
        </extensions>
      </trkpt>
      <trkpt lat="51.9193276204168796539306640625" lon="4.25908396951854228973388671875">
        <ele>0.800000011920928955078125</ele>
        <time>2025-05-31T10:05:09.000Z</time>
        <extensions>
          <ns3:TrackPointExtension>
            <ns3:hr>150</ns3:hr>
          </ns3:TrackPointExtension>
        </extensions>
      </trkpt>
      <trkpt lat="51.91925704479217529296875" lon="4.25887090153992176055908203125">
        <ele>1.2000000476837158203125</ele>
        <time>2025-05-31T10:05:12.000Z</time>
        <extensions>
          <ns3:TrackPointExtension>
            <ns3:hr>150</ns3:hr>
          </ns3:TrackPointExtension>
        </extensions>
      </trkpt>
      <trkpt lat="51.91923248581588268280029296875" lon="4.2587992362678050994873046875">
        <ele>1.2000000476837158203125</ele>
        <time>2025-05-31T10:05:13.000Z</time>
        <extensions>
          <ns3:TrackPointExtension>
            <ns3:hr>150</ns3:hr>
          </ns3:TrackPointExtension>
        </extensions>
      </trkpt>
      <trkpt lat="51.919070966541767120361328125" lon="4.25830143503844738006591796875">
        <ele>1.7999999523162841796875</ele>
        <time>2025-05-31T10:05:21.000Z</time>
        <extensions>
          <ns3:TrackPointExtension>
            <ns3:hr>153</ns3:hr>
          </ns3:TrackPointExtension>
        </extensions>
      </trkpt>
      <trkpt lat="51.91905311308801174163818359375" lon="4.25824628211557865142822265625">
        <ele>2</ele>
        <time>2025-05-31T10:05:22.000Z</time>
        <extensions>
          <ns3:TrackPointExtension>
            <ns3:hr>154</ns3:hr>
          </ns3:TrackPointExtension>
        </extensions>
      </trkpt>
      <trkpt lat="51.91901874728500843048095703125" lon="4.2581283487379550933837890625">
        <ele>2.2000000476837158203125</ele>
        <time>2025-05-31T10:05:24.000Z</time>
        <extensions>
          <ns3:TrackPointExtension>
            <ns3:hr>157</ns3:hr>
          </ns3:TrackPointExtension>
        </extensions>
      </trkpt>
      <trkpt lat="51.919002570211887359619140625" lon="4.25807076506316661834716796875">
        <ele>2.400000095367431640625</ele>
        <time>2025-05-31T10:05:25.000Z</time>
        <extensions>
          <ns3:TrackPointExtension>
            <ns3:hr>158</ns3:hr>
          </ns3:TrackPointExtension>
        </extensions>
      </trkpt>
      <trkpt lat="51.91891841590404510498046875" lon="4.257803298532962799072265625">
        <ele>2.7999999523162841796875</ele>
        <time>2025-05-31T10:05:30.000Z</time>
        <extensions>
          <ns3:TrackPointExtension>
            <ns3:hr>159</ns3:hr>
          </ns3:TrackPointExtension>
        </extensions>
      </trkpt>
      <trkpt lat="51.9188277237117290496826171875" lon="4.25751864910125732421875">
        <ele>3.400000095367431640625</ele>
        <time>2025-05-31T10:05:36.000Z</time>
        <extensions>
          <ns3:TrackPointExtension>
            <ns3:hr>159</ns3:hr>
          </ns3:TrackPointExtension>
        </extensions>
      </trkpt>
      <trkpt lat="51.91881389357149600982666015625" lon="4.2574743926525115966796875">
        <ele>3.400000095367431640625</ele>
        <time>2025-05-31T10:05:37.000Z</time>
        <extensions>
          <ns3:TrackPointExtension>
            <ns3:hr>159</ns3:hr>
          </ns3:TrackPointExtension>
        </extensions>
      </trkpt>
      <trkpt lat="51.91875907592475414276123046875" lon="4.2572687007486820220947265625">
        <ele>3.7999999523162841796875</ele>
        <time>2025-05-31T10:05:44.000Z</time>
        <extensions>
          <ns3:TrackPointExtension>
            <ns3:hr>162</ns3:hr>
          </ns3:TrackPointExtension>
        </extensions>
      </trkpt>
      <trkpt lat="51.91876309923827648162841796875" lon="4.25727113150060176849365234375">
        <ele>3.599999904632568359375</ele>
        <time>2025-05-31T10:05:56.000Z</time>
        <extensions>
          <ns3:TrackPointExtension>
            <ns3:hr>161</ns3:hr>
          </ns3:TrackPointExtension>
        </extensions>
      </trkpt>
      <trkpt lat="51.918741054832935333251953125" lon="4.2572113685309886932373046875">
        <ele>4</ele>
        <time>2025-05-31T10:06:03.000Z</time>
        <extensions>
          <ns3:TrackPointExtension>
            <ns3:hr>160</ns3:hr>
          </ns3:TrackPointExtension>
        </extensions>
      </trkpt>
      <trkpt lat="51.918730325996875762939453125" lon="4.2571801878511905670166015625">
        <ele>4.19999980926513671875</ele>
        <time>2025-05-31T10:06:04.000Z</time>
        <extensions>
          <ns3:TrackPointExtension>
            <ns3:hr>160</ns3:hr>
          </ns3:TrackPointExtension>
        </extensions>
      </trkpt>
      <trkpt lat="51.9186946190893650054931640625" lon="4.25707600079476833343505859375">
        <ele>4.19999980926513671875</ele>
        <time>2025-05-31T10:06:07.000Z</time>
        <extensions>
          <ns3:TrackPointExtension>
            <ns3:hr>156</ns3:hr>
          </ns3:TrackPointExtension>
        </extensions>
      </trkpt>
      <trkpt lat="51.9186392985284328460693359375" lon="4.256938956677913665771484375">
        <ele>4.400000095367431640625</ele>
        <time>2025-05-31T10:06:11.000Z</time>
        <extensions>
          <ns3:TrackPointExtension>
            <ns3:hr>154</ns3:hr>
          </ns3:TrackPointExtension>
        </extensions>
      </trkpt>
      <trkpt lat="51.91856595687568187713623046875" lon="4.25695613957941532135009765625">
        <ele>4.400000095367431640625</ele>
        <time>2025-05-31T10:06:14.000Z</time>
        <extensions>
          <ns3:TrackPointExtension>
            <ns3:hr>151</ns3:hr>
          </ns3:TrackPointExtension>
        </extensions>
      </trkpt>
      <trkpt lat="51.91854148171842098236083984375" lon="4.2569760046899318695068359375">
        <ele>4.599999904632568359375</ele>
        <time>2025-05-31T10:06:15.000Z</time>
        <extensions>
          <ns3:TrackPointExtension>
            <ns3:hr>151</ns3:hr>
          </ns3:TrackPointExtension>
        </extensions>
      </trkpt>
      <trkpt lat="51.91844576038420200347900390625" lon="4.25707365386188030242919921875">
        <ele>4.400000095367431640625</ele>
        <time>2025-05-31T10:06:21.000Z</time>
        <extensions>
          <ns3:TrackPointExtension>
            <ns3:hr>148</ns3:hr>
          </ns3:TrackPointExtension>
        </extensions>
      </trkpt>
      <trkpt lat="51.91844223998486995697021484375" lon="4.25709829665720462799072265625">
        <ele>4.19999980926513671875</ele>
        <time>2025-05-31T10:06:22.000Z</time>
        <extensions>
          <ns3:TrackPointExtension>
            <ns3:hr>148</ns3:hr>
          </ns3:TrackPointExtension>
        </extensions>
      </trkpt>
      <trkpt lat="51.91844760440289974212646484375" lon="4.25718110986053943634033203125">
        <ele>4</ele>
        <time>2025-05-31T10:06:26.000Z</time>
        <extensions>
          <ns3:TrackPointExtension>
            <ns3:hr>146</ns3:hr>
          </ns3:TrackPointExtension>
        </extensions>
      </trkpt>
      <trkpt lat="51.91844760440289974212646484375" lon="4.25718110986053943634033203125">
        <ele>4.19999980926513671875</ele>
        <time>2025-05-31T10:06:32.000Z</time>
        <extensions>
          <ns3:TrackPointExtension>
            <ns3:hr>144</ns3:hr>
          </ns3:TrackPointExtension>
        </extensions>
      </trkpt>
      <trkpt lat="51.91844760440289974212646484375" lon="4.25718110986053943634033203125">
        <ele>4.19999980926513671875</ele>
        <time>2025-05-31T10:06:42.000Z</time>
        <extensions>
          <ns3:TrackPointExtension>
            <ns3:hr>142</ns3:hr>
          </ns3:TrackPointExtension>
        </extensions>
      </trkpt>
      <trkpt lat="51.91844760440289974212646484375" lon="4.25718110986053943634033203125">
        <ele>4.19999980926513671875</ele>
        <time>2025-05-31T10:06:46.000Z</time>
        <extensions>
          <ns3:TrackPointExtension>
            <ns3:hr>139</ns3:hr>
          </ns3:TrackPointExtension>
        </extensions>
      </trkpt>
      <trkpt lat="51.9184582494199275970458984375" lon="4.25721664912998676300048828125">
        <ele>4.19999980926513671875</ele>
        <time>2025-05-31T10:06:50.000Z</time>
        <extensions>
          <ns3:TrackPointExtension>
            <ns3:hr>136</ns3:hr>
          </ns3:TrackPointExtension>
        </extensions>
      </trkpt>
      <trkpt lat="51.91846973262727260589599609375" lon="4.25727230496704578399658203125">
        <ele>4.19999980926513671875</ele>
        <time>2025-05-31T10:06:52.000Z</time>
        <extensions>
          <ns3:TrackPointExtension>
            <ns3:hr>135</ns3:hr>
          </ns3:TrackPointExtension>
        </extensions>
      </trkpt>
      <trkpt lat="51.91847107373178005218505859375" lon="4.25730298273265361785888671875">
        <ele>4.19999980926513671875</ele>
        <time>2025-05-31T10:06:53.000Z</time>
        <extensions>
          <ns3:TrackPointExtension>
            <ns3:hr>135</ns3:hr>
          </ns3:TrackPointExtension>
        </extensions>
      </trkpt>
      <trkpt lat="51.9184344448149204254150390625" lon="4.2573528550565242767333984375">
        <ele>4.599999904632568359375</ele>
        <time>2025-05-31T10:06:55.000Z</time>
        <extensions>
          <ns3:TrackPointExtension>
            <ns3:hr>134</ns3:hr>
          </ns3:TrackPointExtension>
        </extensions>
      </trkpt>
      <trkpt lat="51.91826839931309223175048828125" lon="4.25747933797538280487060546875">
        <ele>4.80000019073486328125</ele>
        <time>2025-05-31T10:07:00.000Z</time>
        <extensions>
          <ns3:TrackPointExtension>
            <ns3:hr>133</ns3:hr>
          </ns3:TrackPointExtension>
        </extensions>
      </trkpt>
      <trkpt lat="51.9180176965892314910888671875" lon="4.2576525919139385223388671875">
        <ele>5</ele>
        <time>2025-05-31T10:07:06.000Z</time>
        <extensions>
          <ns3:TrackPointExtension>
            <ns3:hr>135</ns3:hr>
          </ns3:TrackPointExtension>
        </extensions>
      </trkpt>
      <trkpt lat="51.9179714284837245941162109375" lon="4.25767513923346996307373046875">
        <ele>5</ele>
        <time>2025-05-31T10:07:07.000Z</time>
        <extensions>
          <ns3:TrackPointExtension>
            <ns3:hr>136</ns3:hr>
          </ns3:TrackPointExtension>
        </extensions>
      </trkpt>
      <trkpt lat="51.91778426058590412139892578125" lon="4.25778209231793880462646484375">
        <ele>4.80000019073486328125</ele>
        <time>2025-05-31T10:07:11.000Z</time>
        <extensions>
          <ns3:TrackPointExtension>
            <ns3:hr>139</ns3:hr>
          </ns3:TrackPointExtension>
        </extensions>
      </trkpt>
      <trkpt lat="51.91769189201295375823974609375" lon="4.2578316293656826019287109375">
        <ele>4.80000019073486328125</ele>
        <time>2025-05-31T10:07:13.000Z</time>
        <extensions>
          <ns3:TrackPointExtension>
            <ns3:hr>141</ns3:hr>
          </ns3:TrackPointExtension>
        </extensions>
      </trkpt>
      <trkpt lat="51.9172576256096363067626953125" lon="4.25803891383111476898193359375">
        <ele>4.80000019073486328125</ele>
        <time>2025-05-31T10:07:22.000Z</time>
        <extensions>
          <ns3:TrackPointExtension>
            <ns3:hr>144</ns3:hr>
          </ns3:TrackPointExtension>
        </extensions>
      </trkpt>
      <trkpt lat="51.91702502779662609100341796875" lon="4.258149974048137664794921875">
        <ele>5</ele>
        <time>2025-05-31T10:07:27.000Z</time>
        <extensions>
          <ns3:TrackPointExtension>
            <ns3:hr>147</ns3:hr>
          </ns3:TrackPointExtension>
        </extensions>
      </trkpt>
      <trkpt lat="51.9169317372143268585205078125" lon="4.2582064680755138397216796875">
        <ele>5</ele>
        <time>2025-05-31T10:07:29.000Z</time>
        <extensions>
          <ns3:TrackPointExtension>
            <ns3:hr>147</ns3:hr>
          </ns3:TrackPointExtension>
        </extensions>
      </trkpt>
      <trkpt lat="51.916624121367931365966796875" lon="4.25837351940572261810302734375">
        <ele>5</ele>
        <time>2025-05-31T10:07:36.000Z</time>
        <extensions>
          <ns3:TrackPointExtension>
            <ns3:hr>144</ns3:hr>
          </ns3:TrackPointExtension>
        </extensions>
      </trkpt>
      <trkpt lat="51.91657693125307559967041015625" lon="4.25839497707784175872802734375">
        <ele>5</ele>
        <time>2025-05-31T10:07:37.000Z</time>
        <extensions>
          <ns3:TrackPointExtension>
            <ns3:hr>144</ns3:hr>
          </ns3:TrackPointExtension>
        </extensions>
      </trkpt>
      <trkpt lat="51.9163336046040058135986328125" lon="4.25850570201873779296875">
        <ele>5</ele>
        <time>2025-05-31T10:07:42.000Z</time>
        <extensions>
          <ns3:TrackPointExtension>
            <ns3:hr>147</ns3:hr>
          </ns3:TrackPointExtension>
        </extensions>
      </trkpt>
      <trkpt lat="51.9161401502788066864013671875" lon="4.25858440808951854705810546875">
        <ele>5.19999980926513671875</ele>
        <time>2025-05-31T10:07:46.000Z</time>
        <extensions>
          <ns3:TrackPointExtension>
            <ns3:hr>148</ns3:hr>
          </ns3:TrackPointExtension>
        </extensions>
      </trkpt>
      <trkpt lat="51.91574695520102977752685546875" lon="4.258690439164638519287109375">
        <ele>5.19999980926513671875</ele>
        <time>2025-05-31T10:07:54.000Z</time>
        <extensions>
          <ns3:TrackPointExtension>
            <ns3:hr>145</ns3:hr>
          </ns3:TrackPointExtension>
        </extensions>
      </trkpt>
      <trkpt lat="51.91570051945745944976806640625" lon="4.258699156343936920166015625">
        <ele>5.19999980926513671875</ele>
        <time>2025-05-31T10:07:55.000Z</time>
        <extensions>
          <ns3:TrackPointExtension>
            <ns3:hr>145</ns3:hr>
          </ns3:TrackPointExtension>
        </extensions>
      </trkpt>
      <trkpt lat="51.9154994376003742218017578125" lon="4.258706867694854736328125">
        <ele>5.19999980926513671875</ele>
        <time>2025-05-31T10:08:00.000Z</time>
        <extensions>
          <ns3:TrackPointExtension>
            <ns3:hr>145</ns3:hr>
          </ns3:TrackPointExtension>
        </extensions>
      </trkpt>
      <trkpt lat="51.9153043068945407867431640625" lon="4.25867074169218540191650390625">
        <ele>5.19999980926513671875</ele>
        <time>2025-05-31T10:08:06.000Z</time>
        <extensions>
          <ns3:TrackPointExtension>
            <ns3:hr>142</ns3:hr>
          </ns3:TrackPointExtension>
        </extensions>
      </trkpt>
      <trkpt lat="51.915270276367664337158203125" lon="4.2586599290370941162109375">
        <ele>5.400000095367431640625</ele>
        <time>2025-05-31T10:08:07.000Z</time>
        <extensions>
          <ns3:TrackPointExtension>
            <ns3:hr>142</ns3:hr>
          </ns3:TrackPointExtension>
        </extensions>
      </trkpt>
      <trkpt lat="51.9150481559336185455322265625" lon="4.25863168202340602874755859375">
        <ele>5.19999980926513671875</ele>
        <time>2025-05-31T10:08:13.000Z</time>
        <extensions>
          <ns3:TrackPointExtension>
            <ns3:hr>139</ns3:hr>
          </ns3:TrackPointExtension>
        </extensions>
      </trkpt>
      <trkpt lat="51.91495570354163646697998046875" lon="4.25861726514995098114013671875">
        <ele>5.19999980926513671875</ele>
        <time>2025-05-31T10:08:16.000Z</time>
        <extensions>
          <ns3:TrackPointExtension>
            <ns3:hr>138</ns3:hr>
          </ns3:TrackPointExtension>
        </extensions>
      </trkpt>
      <trkpt lat="51.91476359032094478607177734375" lon="4.2586141638457775115966796875">
        <ele>5.19999980926513671875</ele>
        <time>2025-05-31T10:08:22.000Z</time>
        <extensions>
          <ns3:TrackPointExtension>
            <ns3:hr>135</ns3:hr>
          </ns3:TrackPointExtension>
        </extensions>
      </trkpt>
      <trkpt lat="51.9146877340972423553466796875" lon="4.25863486714661121368408203125">
        <ele>5.19999980926513671875</ele>
        <time>2025-05-31T10:08:24.000Z</time>
        <extensions>
          <ns3:TrackPointExtension>
            <ns3:hr>135</ns3:hr>
          </ns3:TrackPointExtension>
        </extensions>
      </trkpt>
      <trkpt lat="51.9145666994154453277587890625" lon="4.25869815051555633544921875">
        <ele>5.19999980926513671875</ele>
        <time>2025-05-31T10:08:27.000Z</time>
        <extensions>
          <ns3:TrackPointExtension>
            <ns3:hr>135</ns3:hr>
          </ns3:TrackPointExtension>
        </extensions>
      </trkpt>
      <trkpt lat="51.9144862331449985504150390625" lon="4.25877434201538562774658203125">
        <ele>5.19999980926513671875</ele>
        <time>2025-05-31T10:08:29.000Z</time>
        <extensions>
          <ns3:TrackPointExtension>
            <ns3:hr>135</ns3:hr>
          </ns3:TrackPointExtension>
        </extensions>
      </trkpt>
      <trkpt lat="51.914451532065868377685546875" lon="4.25881591625511646270751953125">
        <ele>5.19999980926513671875</ele>
        <time>2025-05-31T10:08:30.000Z</time>
        <extensions>
          <ns3:TrackPointExtension>
            <ns3:hr>136</ns3:hr>
          </ns3:TrackPointExtension>
        </extensions>
      </trkpt>
      <trkpt lat="51.9143517874181270599365234375" lon="4.25897936336696147918701171875">
        <ele>5.400000095367431640625</ele>
        <time>2025-05-31T10:08:34.000Z</time>
        <extensions>
          <ns3:TrackPointExtension>
            <ns3:hr>138</ns3:hr>
          </ns3:TrackPointExtension>
        </extensions>
      </trkpt>
      <trkpt lat="51.91432756371796131134033203125" lon="4.25902160815894603729248046875">
        <ele>5.400000095367431640625</ele>
        <time>2025-05-31T10:08:35.000Z</time>
        <extensions>
          <ns3:TrackPointExtension>
            <ns3:hr>138</ns3:hr>
          </ns3:TrackPointExtension>
        </extensions>
      </trkpt>
      <trkpt lat="51.91409706138074398040771484375" lon="4.2594726383686065673828125">
        <ele>5.599999904632568359375</ele>
        <time>2025-05-31T10:08:44.000Z</time>
        <extensions>
          <ns3:TrackPointExtension>
            <ns3:hr>141</ns3:hr>
          </ns3:TrackPointExtension>
        </extensions>
      </trkpt>
      <trkpt lat="51.91404123790562152862548828125" lon="4.25957464613020420074462890625">
        <ele>5.599999904632568359375</ele>
        <time>2025-05-31T10:08:46.000Z</time>
        <extensions>
          <ns3:TrackPointExtension>
            <ns3:hr>143</ns3:hr>
          </ns3:TrackPointExtension>
        </extensions>
      </trkpt>
      <trkpt lat="51.91394283436238765716552734375" lon="4.2596898972988128662109375">
        <ele>5.400000095367431640625</ele>
        <time>2025-05-31T10:08:49.000Z</time>
        <extensions>
          <ns3:TrackPointExtension>
            <ns3:hr>145</ns3:hr>
          </ns3:TrackPointExtension>
        </extensions>
      </trkpt>
      <trkpt lat="51.9139115698635578155517578125" lon="4.259736500680446624755859375">
        <ele>5.400000095367431640625</ele>
        <time>2025-05-31T10:08:50.000Z</time>
        <extensions>
          <ns3:TrackPointExtension>
            <ns3:hr>145</ns3:hr>
          </ns3:TrackPointExtension>
        </extensions>
      </trkpt>
      <trkpt lat="51.91370881162583827972412109375" lon="4.260131455957889556884765625">
        <ele>5</ele>
        <time>2025-05-31T10:08:57.000Z</time>
        <extensions>
          <ns3:TrackPointExtension>
            <ns3:hr>144</ns3:hr>
          </ns3:TrackPointExtension>
        </extensions>
      </trkpt>
      <trkpt lat="51.9134545885026454925537109375" lon="4.26058583892881870269775390625">
        <ele>5.19999980926513671875</ele>
        <time>2025-05-31T10:09:06.000Z</time>
        <extensions>
          <ns3:TrackPointExtension>
            <ns3:hr>143</ns3:hr>
          </ns3:TrackPointExtension>
        </extensions>
      </trkpt>
      <trkpt lat="51.913373954594135284423828125" lon="4.260747693479061126708984375">
        <ele>5.400000095367431640625</ele>
        <time>2025-05-31T10:09:09.000Z</time>
        <extensions>
          <ns3:TrackPointExtension>
            <ns3:hr>140</ns3:hr>
          </ns3:TrackPointExtension>
        </extensions>
      </trkpt>
      <trkpt lat="51.91324696876108646392822265625" lon="4.26103435456752777099609375">
        <ele>5.599999904632568359375</ele>
        <time>2025-05-31T10:09:14.000Z</time>
        <extensions>
          <ns3:TrackPointExtension>
            <ns3:hr>139</ns3:hr>
          </ns3:TrackPointExtension>
        </extensions>
      </trkpt>
      <trkpt lat="51.91300389356911182403564453125" lon="4.26152494736015796661376953125">
        <ele>5.19999980926513671875</ele>
        <time>2025-05-31T10:09:22.000Z</time>
        <extensions>
          <ns3:TrackPointExtension>
            <ns3:hr>142</ns3:hr>
          </ns3:TrackPointExtension>
        </extensions>
      </trkpt>
      <trkpt lat="51.9127495028078556060791015625" lon="4.26201830618083477020263671875">
        <ele>5.19999980926513671875</ele>
        <time>2025-05-31T10:09:31.000Z</time>
        <extensions>
          <ns3:TrackPointExtension>
            <ns3:hr>141</ns3:hr>
          </ns3:TrackPointExtension>
        </extensions>
      </trkpt>
      <trkpt lat="51.91249360330402851104736328125" lon="4.26262314431369304656982421875">
        <ele>5.19999980926513671875</ele>
        <time>2025-05-31T10:09:41.000Z</time>
        <extensions>
          <ns3:TrackPointExtension>
            <ns3:hr>140</ns3:hr>
          </ns3:TrackPointExtension>
        </extensions>
      </trkpt>
      <trkpt lat="51.91218095831573009490966796875" lon="4.26330274902284145355224609375">
        <ele>5.400000095367431640625</ele>
        <time>2025-05-31T10:09:52.000Z</time>
        <extensions>
          <ns3:TrackPointExtension>
            <ns3:hr>142</ns3:hr>
          </ns3:TrackPointExtension>
        </extensions>
      </trkpt>
      <trkpt lat="51.91189094446599483489990234375" lon="4.263908006250858306884765625">
        <ele>5.599999904632568359375</ele>
        <time>2025-05-31T10:10:02.000Z</time>
        <extensions>
          <ns3:TrackPointExtension>
            <ns3:hr>143</ns3:hr>
          </ns3:TrackPointExtension>
        </extensions>
      </trkpt>
      <trkpt lat="51.91160009242594242095947265625" lon="4.26446498371660709381103515625">
        <ele>5.400000095367431640625</ele>
        <time>2025-05-31T10:10:11.000Z</time>
        <extensions>
          <ns3:TrackPointExtension>
            <ns3:hr>144</ns3:hr>
          </ns3:TrackPointExtension>
        </extensions>
      </trkpt>
      <trkpt lat="51.911300607025623321533203125" lon="4.264994971454143524169921875">
        <ele>5.19999980926513671875</ele>
        <time>2025-05-31T10:10:20.000Z</time>
        <extensions>
          <ns3:TrackPointExtension>
            <ns3:hr>144</ns3:hr>
          </ns3:TrackPointExtension>
        </extensions>
      </trkpt>
      <trkpt lat="51.91093607805669307708740234375" lon="4.26562520675361156463623046875">
        <ele>5.400000095367431640625</ele>
        <time>2025-05-31T10:10:31.000Z</time>
        <extensions>
          <ns3:TrackPointExtension>
            <ns3:hr>144</ns3:hr>
          </ns3:TrackPointExtension>
        </extensions>
      </trkpt>
      <trkpt lat="51.91062645055353641510009765625" lon="4.2663124389946460723876953125">
        <ele>5.400000095367431640625</ele>
        <time>2025-05-31T10:10:42.000Z</time>
        <extensions>
          <ns3:TrackPointExtension>
            <ns3:hr>143</ns3:hr>
          </ns3:TrackPointExtension>
        </extensions>
      </trkpt>
      <trkpt lat="51.91051363013684749603271484375" lon="4.26654906012117862701416015625">
        <ele>5.599999904632568359375</ele>
        <time>2025-05-31T10:10:46.000Z</time>
        <extensions>
          <ns3:TrackPointExtension>
            <ns3:hr>142</ns3:hr>
          </ns3:TrackPointExtension>
        </extensions>
      </trkpt>
      <trkpt lat="51.91042277030646800994873046875" lon="4.266705214977264404296875">
        <ele>5.80000019073486328125</ele>
        <time>2025-05-31T10:10:49.000Z</time>
        <extensions>
          <ns3:TrackPointExtension>
            <ns3:hr>142</ns3:hr>
          </ns3:TrackPointExtension>
        </extensions>
      </trkpt>
      <trkpt lat="51.91029653884470462799072265625" lon="4.26699221134185791015625">
        <ele>5.80000019073486328125</ele>
        <time>2025-05-31T10:10:54.000Z</time>
        <extensions>
          <ns3:TrackPointExtension>
            <ns3:hr>142</ns3:hr>
          </ns3:TrackPointExtension>
        </extensions>
      </trkpt>
      <trkpt lat="51.910253874957561492919921875" lon="4.2671264894306659698486328125">
        <ele>5.80000019073486328125</ele>
        <time>2025-05-31T10:10:56.000Z</time>
        <extensions>
          <ns3:TrackPointExtension>
            <ns3:hr>142</ns3:hr>
          </ns3:TrackPointExtension>
        </extensions>
      </trkpt>
      <trkpt lat="51.9099730812013149261474609375" lon="4.26778187043964862823486328125">
        <ele>5.599999904632568359375</ele>
        <time>2025-05-31T10:11:06.000Z</time>
        <extensions>
          <ns3:TrackPointExtension>
            <ns3:hr>142</ns3:hr>
          </ns3:TrackPointExtension>
        </extensions>
      </trkpt>
      <trkpt lat="51.9097005017101764678955078125" lon="4.26836843602359294891357421875">
        <ele>5.80000019073486328125</ele>
        <time>2025-05-31T10:11:15.000Z</time>
        <extensions>
          <ns3:TrackPointExtension>
            <ns3:hr>143</ns3:hr>
          </ns3:TrackPointExtension>
        </extensions>
      </trkpt>
      <trkpt lat="51.90944426693022251129150390625" lon="4.2688818275928497314453125">
        <ele>5.80000019073486328125</ele>
        <time>2025-05-31T10:11:23.000Z</time>
        <extensions>
          <ns3:TrackPointExtension>
            <ns3:hr>143</ns3:hr>
          </ns3:TrackPointExtension>
        </extensions>
      </trkpt>
      <trkpt lat="51.90915173850953578948974609375" lon="4.26946830935776233673095703125">
        <ele>5.80000019073486328125</ele>
        <time>2025-05-31T10:11:31.000Z</time>
        <extensions>
          <ns3:TrackPointExtension>
            <ns3:hr>144</ns3:hr>
          </ns3:TrackPointExtension>
        </extensions>
      </trkpt>
      <trkpt lat="51.90888888202607631683349609375" lon="4.26998798735439777374267578125">
        <ele>5.80000019073486328125</ele>
        <time>2025-05-31T10:11:39.000Z</time>
        <extensions>
          <ns3:TrackPointExtension>
            <ns3:hr>148</ns3:hr>
          </ns3:TrackPointExtension>
        </extensions>
      </trkpt>
      <trkpt lat="51.90882618539035320281982421875" lon="4.270108602941036224365234375">
        <ele>5.80000019073486328125</ele>
        <time>2025-05-31T10:11:41.000Z</time>
        <extensions>
          <ns3:TrackPointExtension>
            <ns3:hr>151</ns3:hr>
          </ns3:TrackPointExtension>
        </extensions>
      </trkpt>
      <trkpt lat="51.90858864225447177886962890625" lon="4.27057740278542041778564453125">
        <ele>5.80000019073486328125</ele>
        <time>2025-05-31T10:11:49.000Z</time>
        <extensions>
          <ns3:TrackPointExtension>
            <ns3:hr>150</ns3:hr>
          </ns3:TrackPointExtension>
        </extensions>
      </trkpt>
      <trkpt lat="51.9083225168287754058837890625" lon="4.27110546268522739410400390625">
        <ele>6</ele>
        <time>2025-05-31T10:11:58.000Z</time>
        <extensions>
          <ns3:TrackPointExtension>
            <ns3:hr>147</ns3:hr>
          </ns3:TrackPointExtension>
        </extensions>
      </trkpt>
      <trkpt lat="51.90826325677335262298583984375" lon="4.27121694199740886688232421875">
        <ele>6</ele>
        <time>2025-05-31T10:12:00.000Z</time>
        <extensions>
          <ns3:TrackPointExtension>
            <ns3:hr>144</ns3:hr>
          </ns3:TrackPointExtension>
        </extensions>
      </trkpt>
      <trkpt lat="51.9079842232167720794677734375" lon="4.2717700637876987457275390625">
        <ele>6</ele>
        <time>2025-05-31T10:12:09.000Z</time>
        <extensions>
          <ns3:TrackPointExtension>
            <ns3:hr>147</ns3:hr>
          </ns3:TrackPointExtension>
        </extensions>
      </trkpt>
      <trkpt lat="51.90792513079941272735595703125" lon="4.27189570851624011993408203125">
        <ele>5.80000019073486328125</ele>
        <time>2025-05-31T10:12:11.000Z</time>
        <extensions>
          <ns3:TrackPointExtension>
            <ns3:hr>149</ns3:hr>
          </ns3:TrackPointExtension>
        </extensions>
      </trkpt>
      <trkpt lat="51.9078688882291316986083984375" lon="4.27200970239937305450439453125">
        <ele>5.80000019073486328125</ele>
        <time>2025-05-31T10:12:13.000Z</time>
        <extensions>
          <ns3:TrackPointExtension>
            <ns3:hr>148</ns3:hr>
          </ns3:TrackPointExtension>
        </extensions>
      </trkpt>
      <trkpt lat="51.9077971391379833221435546875" lon="4.27208480425179004669189453125">
        <ele>5.80000019073486328125</ele>
        <time>2025-05-31T10:12:15.000Z</time>
        <extensions>
          <ns3:TrackPointExtension>
            <ns3:hr>147</ns3:hr>
          </ns3:TrackPointExtension>
        </extensions>
      </trkpt>
      <trkpt lat="51.9076791219413280487060546875" lon="4.27206736989319324493408203125">
        <ele>5.80000019073486328125</ele>
        <time>2025-05-31T10:12:18.000Z</time>
        <extensions>
          <ns3:TrackPointExtension>
            <ns3:hr>147</ns3:hr>
          </ns3:TrackPointExtension>
        </extensions>
      </trkpt>
      <trkpt lat="51.90764215774834156036376953125" lon="4.2720875702798366546630859375">
        <ele>5.80000019073486328125</ele>
        <time>2025-05-31T10:12:19.000Z</time>
        <extensions>
          <ns3:TrackPointExtension>
            <ns3:hr>147</ns3:hr>
          </ns3:TrackPointExtension>
        </extensions>
      </trkpt>
      <trkpt lat="51.90757057629525661468505859375" lon="4.27217734046280384063720703125">
        <ele>6.19999980926513671875</ele>
        <time>2025-05-31T10:12:21.000Z</time>
        <extensions>
          <ns3:TrackPointExtension>
            <ns3:hr>146</ns3:hr>
          </ns3:TrackPointExtension>
        </extensions>
      </trkpt>
      <trkpt lat="51.90750586800277233123779296875" lon="4.27228127606213092803955078125">
        <ele>6.19999980926513671875</ele>
        <time>2025-05-31T10:12:23.000Z</time>
        <extensions>
          <ns3:TrackPointExtension>
            <ns3:hr>145</ns3:hr>
          </ns3:TrackPointExtension>
        </extensions>
      </trkpt>
      <trkpt lat="51.90740293823182582855224609375" lon="4.2725130356848239898681640625">
        <ele>6.599999904632568359375</ele>
        <time>2025-05-31T10:12:27.000Z</time>
        <extensions>
          <ns3:TrackPointExtension>
            <ns3:hr>145</ns3:hr>
          </ns3:TrackPointExtension>
        </extensions>
      </trkpt>
      <trkpt lat="51.90730067901313304901123046875" lon="4.27275887690484523773193359375">
        <ele>7.19999980926513671875</ele>
        <time>2025-05-31T10:12:32.000Z</time>
        <extensions>
          <ns3:TrackPointExtension>
            <ns3:hr>148</ns3:hr>
          </ns3:TrackPointExtension>
        </extensions>
      </trkpt>
      <trkpt lat="51.9072848372161388397216796875" lon="4.2728070728480815887451171875">
        <ele>7.400000095367431640625</ele>
        <time>2025-05-31T10:12:33.000Z</time>
        <extensions>
          <ns3:TrackPointExtension>
            <ns3:hr>149</ns3:hr>
          </ns3:TrackPointExtension>
        </extensions>
      </trkpt>
      <trkpt lat="51.90726430155336856842041015625" lon="4.27290706895291805267333984375">
        <ele>7.400000095367431640625</ele>
        <time>2025-05-31T10:12:35.000Z</time>
        <extensions>
          <ns3:TrackPointExtension>
            <ns3:hr>152</ns3:hr>
          </ns3:TrackPointExtension>
        </extensions>
      </trkpt>
      <trkpt lat="51.90726061351597309112548828125" lon="4.273090548813343048095703125">
        <ele>7.400000095367431640625</ele>
        <time>2025-05-31T10:12:38.000Z</time>
        <extensions>
          <ns3:TrackPointExtension>
            <ns3:hr>153</ns3:hr>
          </ns3:TrackPointExtension>
        </extensions>
      </trkpt>
      <trkpt lat="51.90733387134969234466552734375" lon="4.273482821881771087646484375">
        <ele>7.400000095367431640625</ele>
        <time>2025-05-31T10:12:44.000Z</time>
        <extensions>
          <ns3:TrackPointExtension>
            <ns3:hr>152</ns3:hr>
          </ns3:TrackPointExtension>
        </extensions>
      </trkpt>
      <trkpt lat="51.9074005074799060821533203125" lon="4.27366160787642002105712890625">
        <ele>7.599999904632568359375</ele>
        <time>2025-05-31T10:12:47.000Z</time>
        <extensions>
          <ns3:TrackPointExtension>
            <ns3:hr>151</ns3:hr>
          </ns3:TrackPointExtension>
        </extensions>
      </trkpt>
      <trkpt lat="51.90751659683883190155029296875" lon="4.27387082017958164215087890625">
        <ele>7.80000019073486328125</ele>
        <time>2025-05-31T10:12:51.000Z</time>
        <extensions>
          <ns3:TrackPointExtension>
            <ns3:hr>152</ns3:hr>
          </ns3:TrackPointExtension>
        </extensions>
      </trkpt>
      <trkpt lat="51.90764240920543670654296875" lon="4.27406645379960536956787109375">
        <ele>7.599999904632568359375</ele>
        <time>2025-05-31T10:12:55.000Z</time>
        <extensions>
          <ns3:TrackPointExtension>
            <ns3:hr>154</ns3:hr>
          </ns3:TrackPointExtension>
        </extensions>
      </trkpt>
      <trkpt lat="51.9077401421964168548583984375" lon="4.27420827560126781463623046875">
        <ele>7.599999904632568359375</ele>
        <time>2025-05-31T10:12:58.000Z</time>
        <extensions>
          <ns3:TrackPointExtension>
            <ns3:hr>156</ns3:hr>
          </ns3:TrackPointExtension>
        </extensions>
      </trkpt>
      <trkpt lat="51.907989419996738433837890625" lon="4.27461245097219944000244140625">
        <ele>7.599999904632568359375</ele>
        <time>2025-05-31T10:13:06.000Z</time>
        <extensions>
          <ns3:TrackPointExtension>
            <ns3:hr>157</ns3:hr>
          </ns3:TrackPointExtension>
        </extensions>
      </trkpt>
      <trkpt lat="51.9080130569636821746826171875" lon="4.274673052132129669189453125">
        <ele>7.599999904632568359375</ele>
        <time>2025-05-31T10:13:07.000Z</time>
        <extensions>
          <ns3:TrackPointExtension>
            <ns3:hr>157</ns3:hr>
          </ns3:TrackPointExtension>
        </extensions>
      </trkpt>
      <trkpt lat="51.908053793013095855712890625" lon="4.27480288781225681304931640625">
        <ele>7.599999904632568359375</ele>
        <time>2025-05-31T10:13:09.000Z</time>
        <extensions>
          <ns3:TrackPointExtension>
            <ns3:hr>156</ns3:hr>
          </ns3:TrackPointExtension>
        </extensions>
      </trkpt>
      <trkpt lat="51.90809712745249271392822265625" lon="4.27507999353110790252685546875">
        <ele>7.599999904632568359375</ele>
        <time>2025-05-31T10:13:13.000Z</time>
        <extensions>
          <ns3:TrackPointExtension>
            <ns3:hr>153</ns3:hr>
          </ns3:TrackPointExtension>
        </extensions>
      </trkpt>
      <trkpt lat="51.90812830813229084014892578125" lon="4.27537067793309688568115234375">
        <ele>7.599999904632568359375</ele>
        <time>2025-05-31T10:13:17.000Z</time>
        <extensions>
          <ns3:TrackPointExtension>
            <ns3:hr>151</ns3:hr>
          </ns3:TrackPointExtension>
        </extensions>
      </trkpt>
      <trkpt lat="51.908150017261505126953125" lon="4.27558022551238536834716796875">
        <ele>7.599999904632568359375</ele>
        <time>2025-05-31T10:13:20.000Z</time>
        <extensions>
          <ns3:TrackPointExtension>
            <ns3:hr>150</ns3:hr>
          </ns3:TrackPointExtension>
        </extensions>
      </trkpt>
      <trkpt lat="51.9081213511526584625244140625" lon="4.27615740336477756500244140625">
        <ele>7.80000019073486328125</ele>
        <time>2025-05-31T10:13:28.000Z</time>
        <extensions>
          <ns3:TrackPointExtension>
            <ns3:hr>149</ns3:hr>
          </ns3:TrackPointExtension>
        </extensions>
      </trkpt>
      <trkpt lat="51.90803074277937412261962890625" lon="4.276630394160747528076171875">
        <ele>7.80000019073486328125</ele>
        <time>2025-05-31T10:13:35.000Z</time>
        <extensions>
          <ns3:TrackPointExtension>
            <ns3:hr>147</ns3:hr>
          </ns3:TrackPointExtension>
        </extensions>
      </trkpt>
      <trkpt lat="51.90785975195467472076416015625" lon="4.277111850678920745849609375">
        <ele>8</ele>
        <time>2025-05-31T10:13:43.000Z</time>
        <extensions>
          <ns3:TrackPointExtension>
            <ns3:hr>146</ns3:hr>
          </ns3:TrackPointExtension>
        </extensions>
      </trkpt>
      <trkpt lat="51.90779521130025386810302734375" lon="4.277280829846858978271484375">
        <ele>7.80000019073486328125</ele>
        <time>2025-05-31T10:13:46.000Z</time>
        <extensions>
          <ns3:TrackPointExtension>
            <ns3:hr>142</ns3:hr>
          </ns3:TrackPointExtension>
        </extensions>
      </trkpt>
      <trkpt lat="51.907592453062534332275390625" lon="4.277783073484897613525390625">
        <ele>7.80000019073486328125</ele>
        <time>2025-05-31T10:13:55.000Z</time>
        <extensions>
          <ns3:TrackPointExtension>
            <ns3:hr>141</ns3:hr>
          </ns3:TrackPointExtension>
        </extensions>
      </trkpt>
      <trkpt lat="51.90736806951463222503662109375" lon="4.27834608592092990875244140625">
        <ele>7.80000019073486328125</ele>
        <time>2025-05-31T10:14:05.000Z</time>
        <extensions>
          <ns3:TrackPointExtension>
            <ns3:hr>139</ns3:hr>
          </ns3:TrackPointExtension>
        </extensions>
      </trkpt>
      <trkpt lat="51.90726287662982940673828125" lon="4.27885495126247406005859375">
        <ele>7.599999904632568359375</ele>
        <time>2025-05-31T10:14:13.000Z</time>
        <extensions>
          <ns3:TrackPointExtension>
            <ns3:hr>140</ns3:hr>
          </ns3:TrackPointExtension>
        </extensions>
      </trkpt>
      <trkpt lat="51.90713010728359222412109375" lon="4.27936591207981109619140625">
        <ele>7.599999904632568359375</ele>
        <time>2025-05-31T10:14:21.000Z</time>
        <extensions>
          <ns3:TrackPointExtension>
            <ns3:hr>141</ns3:hr>
          </ns3:TrackPointExtension>
        </extensions>
      </trkpt>
      <trkpt lat="51.90696783363819122314453125" lon="4.279751479625701904296875">
        <ele>8.6000003814697265625</ele>
        <time>2025-05-31T10:14:28.000Z</time>
        <extensions>
          <ns3:TrackPointExtension>
            <ns3:hr>144</ns3:hr>
          </ns3:TrackPointExtension>
        </extensions>
      </trkpt>
      <trkpt lat="51.90694495104253292083740234375" lon="4.279802776873111724853515625">
        <ele>8.80000019073486328125</ele>
        <time>2025-05-31T10:14:29.000Z</time>
        <extensions>
          <ns3:TrackPointExtension>
            <ns3:hr>144</ns3:hr>
          </ns3:TrackPointExtension>
        </extensions>
      </trkpt>
      <trkpt lat="51.90689742565155029296875" lon="4.27989975549280643463134765625">
        <ele>9</ele>
        <time>2025-05-31T10:14:31.000Z</time>
        <extensions>
          <ns3:TrackPointExtension>
            <ns3:hr>147</ns3:hr>
          </ns3:TrackPointExtension>
        </extensions>
      </trkpt>
      <trkpt lat="51.906852833926677703857421875" lon="4.279990531504154205322265625">
        <ele>9.3999996185302734375</ele>
        <time>2025-05-31T10:14:33.000Z</time>
        <extensions>
          <ns3:TrackPointExtension>
            <ns3:hr>150</ns3:hr>
          </ns3:TrackPointExtension>
        </extensions>
      </trkpt>
      <trkpt lat="51.90681134350597858428955078125" lon="4.2800896055996417999267578125">
        <ele>9.6000003814697265625</ele>
        <time>2025-05-31T10:14:35.000Z</time>
        <extensions>
          <ns3:TrackPointExtension>
            <ns3:hr>154</ns3:hr>
          </ns3:TrackPointExtension>
        </extensions>
      </trkpt>
      <trkpt lat="51.9067673385143280029296875" lon="4.28018976934254169464111328125">
        <ele>9.80000019073486328125</ele>
        <time>2025-05-31T10:14:37.000Z</time>
        <extensions>
          <ns3:TrackPointExtension>
            <ns3:hr>156</ns3:hr>
          </ns3:TrackPointExtension>
        </extensions>
      </trkpt>
      <trkpt lat="51.90674722194671630859375" lon="4.28023721091449260711669921875">
        <ele>10</ele>
        <time>2025-05-31T10:14:38.000Z</time>
        <extensions>
          <ns3:TrackPointExtension>
            <ns3:hr>157</ns3:hr>
          </ns3:TrackPointExtension>
        </extensions>
      </trkpt>
      <trkpt lat="51.906661726534366607666015625" lon="4.28044239990413188934326171875">
        <ele>10.19999980926513671875</ele>
        <time>2025-05-31T10:14:42.000Z</time>
        <extensions>
          <ns3:TrackPointExtension>
            <ns3:hr>160</ns3:hr>
          </ns3:TrackPointExtension>
        </extensions>
      </trkpt>
      <trkpt lat="51.906518898904323577880859375" lon="4.28076543845236301422119140625">
        <ele>10.19999980926513671875</ele>
        <time>2025-05-31T10:14:48.000Z</time>
        <extensions>
          <ns3:TrackPointExtension>
            <ns3:hr>162</ns3:hr>
          </ns3:TrackPointExtension>
        </extensions>
      </trkpt>
      <trkpt lat="51.9064919091761112213134765625" lon="4.28081941790878772735595703125">
        <ele>10</ele>
        <time>2025-05-31T10:14:49.000Z</time>
        <extensions>
          <ns3:TrackPointExtension>
            <ns3:hr>162</ns3:hr>
          </ns3:TrackPointExtension>
        </extensions>
      </trkpt>
      <trkpt lat="51.9063249416649341583251953125" lon="4.2810778319835662841796875">
        <ele>9</ele>
        <time>2025-05-31T10:14:54.000Z</time>
        <extensions>
          <ns3:TrackPointExtension>
            <ns3:hr>162</ns3:hr>
          </ns3:TrackPointExtension>
        </extensions>
      </trkpt>
      <trkpt lat="51.90628278069198131561279296875" lon="4.2811262793838977813720703125">
        <ele>8.6000003814697265625</ele>
        <time>2025-05-31T10:14:55.000Z</time>
        <extensions>
          <ns3:TrackPointExtension>
            <ns3:hr>162</ns3:hr>
          </ns3:TrackPointExtension>
        </extensions>
      </trkpt>
      <trkpt lat="51.90599628724157810211181640625" lon="4.28141352720558643341064453125">
        <ele>7.80000019073486328125</ele>
        <time>2025-05-31T10:15:01.000Z</time>
        <extensions>
          <ns3:TrackPointExtension>
            <ns3:hr>159</ns3:hr>
          </ns3:TrackPointExtension>
        </extensions>
      </trkpt>
      <trkpt lat="51.90591095946729183197021484375" lon="4.2815096676349639892578125">
        <ele>7.80000019073486328125</ele>
        <time>2025-05-31T10:15:03.000Z</time>
        <extensions>
          <ns3:TrackPointExtension>
            <ns3:hr>159</ns3:hr>
          </ns3:TrackPointExtension>
        </extensions>
      </trkpt>
      <trkpt lat="51.90579445101320743560791015625" lon="4.2816697619855403900146484375">
        <ele>7.80000019073486328125</ele>
        <time>2025-05-31T10:15:06.000Z</time>
        <extensions>
          <ns3:TrackPointExtension>
            <ns3:hr>157</ns3:hr>
          </ns3:TrackPointExtension>
        </extensions>
      </trkpt>
      <trkpt lat="51.9057606719434261322021484375" lon="4.28172684274613857269287109375">
        <ele>8</ele>
        <time>2025-05-31T10:15:07.000Z</time>
        <extensions>
          <ns3:TrackPointExtension>
            <ns3:hr>157</ns3:hr>
          </ns3:TrackPointExtension>
        </extensions>
      </trkpt>
      <trkpt lat="51.90556109882891178131103515625" lon="4.28215633146464824676513671875">
        <ele>8</ele>
        <time>2025-05-31T10:15:14.000Z</time>
        <extensions>
          <ns3:TrackPointExtension>
            <ns3:hr>155</ns3:hr>
          </ns3:TrackPointExtension>
        </extensions>
      </trkpt>
      <trkpt lat="51.90548800863325595855712890625" lon="4.28235582076013088226318359375">
        <ele>7.599999904632568359375</ele>
        <time>2025-05-31T10:15:17.000Z</time>
        <extensions>
          <ns3:TrackPointExtension>
            <ns3:hr>154</ns3:hr>
          </ns3:TrackPointExtension>
        </extensions>
      </trkpt>
      <trkpt lat="51.90534685738384723663330078125" lon="4.282742477953433990478515625">
        <ele>7.80000019073486328125</ele>
        <time>2025-05-31T10:15:23.000Z</time>
        <extensions>
          <ns3:TrackPointExtension>
            <ns3:hr>153</ns3:hr>
          </ns3:TrackPointExtension>
        </extensions>
      </trkpt>
      <trkpt lat="51.90518827177584171295166015625" lon="4.28318965248763561248779296875">
        <ele>7.80000019073486328125</ele>
        <time>2025-05-31T10:15:30.000Z</time>
        <extensions>
          <ns3:TrackPointExtension>
            <ns3:hr>150</ns3:hr>
          </ns3:TrackPointExtension>
        </extensions>
      </trkpt>
      <trkpt lat="51.90516480244696140289306640625" lon="4.28325486369431018829345703125">
        <ele>7.80000019073486328125</ele>
        <time>2025-05-31T10:15:31.000Z</time>
        <extensions>
          <ns3:TrackPointExtension>
            <ns3:hr>149</ns3:hr>
          </ns3:TrackPointExtension>
        </extensions>
      </trkpt>
      <trkpt lat="51.9051169417798519134521484375" lon="4.28337053395807743072509765625">
        <ele>7.80000019073486328125</ele>
        <time>2025-05-31T10:15:33.000Z</time>
        <extensions>
          <ns3:TrackPointExtension>
            <ns3:hr>147</ns3:hr>
          </ns3:TrackPointExtension>
        </extensions>
      </trkpt>
      <trkpt lat="51.9048628024756908416748046875" lon="4.28405969403684139251708984375">
        <ele>7.80000019073486328125</ele>
        <time>2025-05-31T10:15:44.000Z</time>
        <extensions>
          <ns3:TrackPointExtension>
            <ns3:hr>145</ns3:hr>
          </ns3:TrackPointExtension>
        </extensions>
      </trkpt>
      <trkpt lat="51.90467881970107555389404296875" lon="4.28452514111995697021484375">
        <ele>7.80000019073486328125</ele>
        <time>2025-05-31T10:15:51.000Z</time>
        <extensions>
          <ns3:TrackPointExtension>
            <ns3:hr>142</ns3:hr>
          </ns3:TrackPointExtension>
        </extensions>
      </trkpt>
      <trkpt lat="51.90460220910608768463134765625" lon="4.2847328446805477142333984375">
        <ele>7.80000019073486328125</ele>
        <time>2025-05-31T10:15:54.000Z</time>
        <extensions>
          <ns3:TrackPointExtension>
            <ns3:hr>143</ns3:hr>
          </ns3:TrackPointExtension>
        </extensions>
      </trkpt>
      <trkpt lat="51.90440238453447818756103515625" lon="4.28530490957200527191162109375">
        <ele>7.599999904632568359375</ele>
        <time>2025-05-31T10:16:02.000Z</time>
        <extensions>
          <ns3:TrackPointExtension>
            <ns3:hr>143</ns3:hr>
          </ns3:TrackPointExtension>
        </extensions>
      </trkpt>
      <trkpt lat="51.904180347919464111328125" lon="4.28587169386446475982666015625">
        <ele>7.599999904632568359375</ele>
        <time>2025-05-31T10:16:10.000Z</time>
        <extensions>
          <ns3:TrackPointExtension>
            <ns3:hr>146</ns3:hr>
          </ns3:TrackPointExtension>
        </extensions>
      </trkpt>
      <trkpt lat="51.90409510396420955657958984375" lon="4.28608643822371959686279296875">
        <ele>7.80000019073486328125</ele>
        <time>2025-05-31T10:16:13.000Z</time>
        <extensions>
          <ns3:TrackPointExtension>
            <ns3:hr>146</ns3:hr>
          </ns3:TrackPointExtension>
        </extensions>
      </trkpt>
      <trkpt lat="51.90380492247641086578369140625" lon="4.28687165491282939910888671875">
        <ele>7.80000019073486328125</ele>
        <time>2025-05-31T10:16:24.000Z</time>
        <extensions>
          <ns3:TrackPointExtension>
            <ns3:hr>148</ns3:hr>
          </ns3:TrackPointExtension>
        </extensions>
      </trkpt>
      <trkpt lat="51.9037793576717376708984375" lon="4.28693820722401142120361328125">
        <ele>7.80000019073486328125</ele>
        <time>2025-05-31T10:16:25.000Z</time>
        <extensions>
          <ns3:TrackPointExtension>
            <ns3:hr>148</ns3:hr>
          </ns3:TrackPointExtension>
        </extensions>
      </trkpt>
      <trkpt lat="51.90370400436222553253173828125" lon="4.28713954053819179534912109375">
        <ele>7.80000019073486328125</ele>
        <time>2025-05-31T10:16:28.000Z</time>
        <extensions>
          <ns3:TrackPointExtension>
            <ns3:hr>147</ns3:hr>
          </ns3:TrackPointExtension>
        </extensions>
      </trkpt>
      <trkpt lat="51.9035689719021320343017578125" lon="4.28748755715787410736083984375">
        <ele>8</ele>
        <time>2025-05-31T10:16:33.000Z</time>
        <extensions>
          <ns3:TrackPointExtension>
            <ns3:hr>146</ns3:hr>
          </ns3:TrackPointExtension>
        </extensions>
      </trkpt>
      <trkpt lat="51.9035186804831027984619140625" lon="4.2876262776553630828857421875">
        <ele>8</ele>
        <time>2025-05-31T10:16:35.000Z</time>
        <extensions>
          <ns3:TrackPointExtension>
            <ns3:hr>145</ns3:hr>
          </ns3:TrackPointExtension>
        </extensions>
      </trkpt>
      <trkpt lat="51.90340426750481128692626953125" lon="4.2878800816833972930908203125">
        <ele>8</ele>
        <time>2025-05-31T10:16:39.000Z</time>
        <extensions>
          <ns3:TrackPointExtension>
            <ns3:hr>144</ns3:hr>
          </ns3:TrackPointExtension>
        </extensions>
      </trkpt>
      <trkpt lat="51.90322103910148143768310546875" lon="4.2883694171905517578125">
        <ele>8</ele>
        <time>2025-05-31T10:16:46.000Z</time>
        <extensions>
          <ns3:TrackPointExtension>
            <ns3:hr>145</ns3:hr>
          </ns3:TrackPointExtension>
        </extensions>
      </trkpt>
      <trkpt lat="51.9029969908297061920166015625" lon="4.2889271490275859832763671875">
        <ele>8</ele>
        <time>2025-05-31T10:16:54.000Z</time>
        <extensions>
          <ns3:TrackPointExtension>
            <ns3:hr>147</ns3:hr>
          </ns3:TrackPointExtension>
        </extensions>
      </trkpt>
      <trkpt lat="51.90273530781269073486328125" lon="4.289569370448589324951171875">
        <ele>8</ele>
        <time>2025-05-31T10:17:03.000Z</time>
        <extensions>
          <ns3:TrackPointExtension>
            <ns3:hr>150</ns3:hr>
          </ns3:TrackPointExtension>
        </extensions>
      </trkpt>
      <trkpt lat="51.90270538441836833953857421875" lon="4.28963516838848590850830078125">
        <ele>8</ele>
        <time>2025-05-31T10:17:04.000Z</time>
        <extensions>
          <ns3:TrackPointExtension>
            <ns3:hr>150</ns3:hr>
          </ns3:TrackPointExtension>
        </extensions>
      </trkpt>
      <trkpt lat="51.902614273130893707275390625" lon="4.28983666934072971343994140625">
        <ele>8</ele>
        <time>2025-05-31T10:17:07.000Z</time>
        <extensions>
          <ns3:TrackPointExtension>
            <ns3:hr>153</ns3:hr>
          </ns3:TrackPointExtension>
        </extensions>
      </trkpt>
      <trkpt lat="51.90241989679634571075439453125" lon="4.2902590334415435791015625">
        <ele>8.3999996185302734375</ele>
        <time>2025-05-31T10:17:14.000Z</time>
        <extensions>
          <ns3:TrackPointExtension>
            <ns3:hr>152</ns3:hr>
          </ns3:TrackPointExtension>
        </extensions>
      </trkpt>
      <trkpt lat="51.90217196010053157806396484375" lon="4.2908476106822490692138671875">
        <ele>8.3999996185302734375</ele>
        <time>2025-05-31T10:17:24.000Z</time>
        <extensions>
          <ns3:TrackPointExtension>
            <ns3:hr>151</ns3:hr>
          </ns3:TrackPointExtension>
        </extensions>
      </trkpt>
      <trkpt lat="51.9020779989659786224365234375" lon="4.29106377996504306793212890625">
        <ele>8.3999996185302734375</ele>
        <time>2025-05-31T10:17:28.000Z</time>
        <extensions>
          <ns3:TrackPointExtension>
            <ns3:hr>151</ns3:hr>
          </ns3:TrackPointExtension>
        </extensions>
      </trkpt>
      <trkpt lat="51.90203952603042125701904296875" lon="4.29115178994834423065185546875">
        <ele>8.3999996185302734375</ele>
        <time>2025-05-31T10:17:30.000Z</time>
        <extensions>
          <ns3:TrackPointExtension>
            <ns3:hr>149</ns3:hr>
          </ns3:TrackPointExtension>
        </extensions>
      </trkpt>
      <trkpt lat="51.90201915800571441650390625" lon="4.29119554348289966583251953125">
        <ele>8.3999996185302734375</ele>
        <time>2025-05-31T10:17:31.000Z</time>
        <extensions>
          <ns3:TrackPointExtension>
            <ns3:hr>149</ns3:hr>
          </ns3:TrackPointExtension>
        </extensions>
      </trkpt>
      <trkpt lat="51.9019576348364353179931640625" lon="4.2912328429520130157470703125">
        <ele>8.3999996185302734375</ele>
        <time>2025-05-31T10:17:33.000Z</time>
        <extensions>
          <ns3:TrackPointExtension>
            <ns3:hr>148</ns3:hr>
          </ns3:TrackPointExtension>
        </extensions>
      </trkpt>
      <trkpt lat="51.90184255130589008331298828125" lon="4.29112480022013187408447265625">
        <ele>8.6000003814697265625</ele>
        <time>2025-05-31T10:17:37.000Z</time>
        <extensions>
          <ns3:TrackPointExtension>
            <ns3:hr>145</ns3:hr>
          </ns3:TrackPointExtension>
        </extensions>
      </trkpt>
      <trkpt lat="51.90174515359103679656982421875" lon="4.29100309498608112335205078125">
        <ele>8.19999980926513671875</ele>
        <time>2025-05-31T10:17:41.000Z</time>
        <extensions>
          <ns3:TrackPointExtension>
            <ns3:hr>144</ns3:hr>
          </ns3:TrackPointExtension>
        </extensions>
      </trkpt>
      <trkpt lat="51.9017440639436244964599609375" lon="4.29096034727990627288818359375">
        <ele>8.19999980926513671875</ele>
        <time>2025-05-31T10:17:42.000Z</time>
        <extensions>
          <ns3:TrackPointExtension>
            <ns3:hr>144</ns3:hr>
          </ns3:TrackPointExtension>
        </extensions>
      </trkpt>
      <trkpt lat="51.901756636798381805419921875" lon="4.2909250594675540924072265625">
        <ele>8.19999980926513671875</ele>
        <time>2025-05-31T10:17:43.000Z</time>
        <extensions>
          <ns3:TrackPointExtension>
            <ns3:hr>143</ns3:hr>
          </ns3:TrackPointExtension>
        </extensions>
      </trkpt>
      <trkpt lat="51.90182335674762725830078125" lon="4.2908248119056224822998046875">
        <ele>8.19999980926513671875</ele>
        <time>2025-05-31T10:17:46.000Z</time>
        <extensions>
          <ns3:TrackPointExtension>
            <ns3:hr>142</ns3:hr>
          </ns3:TrackPointExtension>
        </extensions>
      </trkpt>
      <trkpt lat="51.90188714303076267242431640625" lon="4.29057159461081027984619140625">
        <ele>8.6000003814697265625</ele>
        <time>2025-05-31T10:17:51.000Z</time>
        <extensions>
          <ns3:TrackPointExtension>
            <ns3:hr>143</ns3:hr>
          </ns3:TrackPointExtension>
        </extensions>
      </trkpt>
      <trkpt lat="51.901882030069828033447265625" lon="4.29038501344621181488037109375">
        <ele>8.6000003814697265625</ele>
        <time>2025-05-31T10:17:54.000Z</time>
        <extensions>
          <ns3:TrackPointExtension>
            <ns3:hr>143</ns3:hr>
          </ns3:TrackPointExtension>
        </extensions>
      </trkpt>
      <trkpt lat="51.90185998566448688507080078125" lon="4.290203712880611419677734375">
        <ele>8.80000019073486328125</ele>
        <time>2025-05-31T10:17:57.000Z</time>
        <extensions>
          <ns3:TrackPointExtension>
            <ns3:hr>143</ns3:hr>
          </ns3:TrackPointExtension>
        </extensions>
      </trkpt>
      <trkpt lat="51.90180432982742786407470703125" lon="4.289913363754749298095703125">
        <ele>8.80000019073486328125</ele>
        <time>2025-05-31T10:18:03.000Z</time>
        <extensions>
          <ns3:TrackPointExtension>
            <ns3:hr>143</ns3:hr>
          </ns3:TrackPointExtension>
        </extensions>
      </trkpt>
      <trkpt lat="51.90176778472959995269775390625" lon="4.289869107306003570556640625">
        <ele>8.6000003814697265625</ele>
        <time>2025-05-31T10:18:07.000Z</time>
        <extensions>
          <ns3:TrackPointExtension>
            <ns3:hr>143</ns3:hr>
          </ns3:TrackPointExtension>
        </extensions>
      </trkpt>
      <trkpt lat="51.90176778472959995269775390625" lon="4.289869107306003570556640625">
        <ele>8.19999980926513671875</ele>
        <time>2025-05-31T10:18:14.000Z</time>
        <extensions>
          <ns3:TrackPointExtension>
            <ns3:hr>141</ns3:hr>
          </ns3:TrackPointExtension>
        </extensions>
      </trkpt>
      <trkpt lat="51.90176979638636112213134765625" lon="4.28987170569598674774169921875">
        <ele>8.19999980926513671875</ele>
        <time>2025-05-31T10:18:21.000Z</time>
        <extensions>
          <ns3:TrackPointExtension>
            <ns3:hr>143</ns3:hr>
          </ns3:TrackPointExtension>
        </extensions>
      </trkpt>
      <trkpt lat="51.90176979638636112213134765625" lon="4.28987170569598674774169921875">
        <ele>8</ele>
        <time>2025-05-31T10:18:32.000Z</time>
        <extensions>
          <ns3:TrackPointExtension>
            <ns3:hr>145</ns3:hr>
          </ns3:TrackPointExtension>
        </extensions>
      </trkpt>
      <trkpt lat="51.90176979638636112213134765625" lon="4.28987170569598674774169921875">
        <ele>8</ele>
        <time>2025-05-31T10:18:39.000Z</time>
        <extensions>
          <ns3:TrackPointExtension>
            <ns3:hr>145</ns3:hr>
          </ns3:TrackPointExtension>
        </extensions>
      </trkpt>
      <trkpt lat="51.90185151994228363037109375" lon="4.29076504893600940704345703125">
        <ele>8</ele>
        <time>2025-05-31T10:25:03.000Z</time>
        <extensions>
          <ns3:TrackPointExtension>
            <ns3:hr>121</ns3:hr>
          </ns3:TrackPointExtension>
        </extensions>
      </trkpt>
      <trkpt lat="51.90185151994228363037109375" lon="4.29076504893600940704345703125">
        <ele>8</ele>
        <time>2025-05-31T10:25:04.000Z</time>
        <extensions>
          <ns3:TrackPointExtension>
            <ns3:hr>121</ns3:hr>
          </ns3:TrackPointExtension>
        </extensions>
      </trkpt>
      <trkpt lat="51.90185151994228363037109375" lon="4.29076504893600940704345703125">
        <ele>8.19999980926513671875</ele>
        <time>2025-05-31T10:25:07.000Z</time>
        <extensions>
          <ns3:TrackPointExtension>
            <ns3:hr>121</ns3:hr>
          </ns3:TrackPointExtension>
        </extensions>
      </trkpt>
      <trkpt lat="51.90185151994228363037109375" lon="4.29076504893600940704345703125">
        <ele>7.80000019073486328125</ele>
        <time>2025-05-31T10:25:17.000Z</time>
        <extensions>
          <ns3:TrackPointExtension>
            <ns3:hr>121</ns3:hr>
          </ns3:TrackPointExtension>
        </extensions>
      </trkpt>
      <trkpt lat="51.90185151994228363037109375" lon="4.29076504893600940704345703125">
        <ele>8</ele>
        <time>2025-05-31T10:25:25.000Z</time>
        <extensions>
          <ns3:TrackPointExtension>
            <ns3:hr>118</ns3:hr>
          </ns3:TrackPointExtension>
        </extensions>
      </trkpt>
      <trkpt lat="51.9018265418708324432373046875" lon="4.29083813913166522979736328125">
        <ele>8</ele>
        <time>2025-05-31T10:25:33.000Z</time>
        <extensions>
          <ns3:TrackPointExtension>
            <ns3:hr>116</ns3:hr>
          </ns3:TrackPointExtension>
        </extensions>
      </trkpt>
      <trkpt lat="51.9018158130347728729248046875" lon="4.290874935686588287353515625">
        <ele>8</ele>
        <time>2025-05-31T10:25:34.000Z</time>
        <extensions>
          <ns3:TrackPointExtension>
            <ns3:hr>116</ns3:hr>
          </ns3:TrackPointExtension>
        </extensions>
      </trkpt>
      <trkpt lat="51.90171648748219013214111328125" lon="4.2910709045827388763427734375">
        <ele>7.599999904632568359375</ele>
        <time>2025-05-31T10:25:39.000Z</time>
        <extensions>
          <ns3:TrackPointExtension>
            <ns3:hr>114</ns3:hr>
          </ns3:TrackPointExtension>
        </extensions>
      </trkpt>
      <trkpt lat="51.90159176476299762725830078125" lon="4.29131791926920413970947265625">
        <ele>7.19999980926513671875</ele>
        <time>2025-05-31T10:25:45.000Z</time>
        <extensions>
          <ns3:TrackPointExtension>
            <ns3:hr>112</ns3:hr>
          </ns3:TrackPointExtension>
        </extensions>
      </trkpt>
      <trkpt lat="51.90137014724314212799072265625" lon="4.2917793430387973785400390625">
        <ele>6.80000019073486328125</ele>
        <time>2025-05-31T10:25:54.000Z</time>
        <extensions>
          <ns3:TrackPointExtension>
            <ns3:hr>112</ns3:hr>
          </ns3:TrackPointExtension>
        </extensions>
      </trkpt>
      <trkpt lat="51.90129018388688564300537109375" lon="4.291931055486202239990234375">
        <ele>6.599999904632568359375</ele>
        <time>2025-05-31T10:25:57.000Z</time>
        <extensions>
          <ns3:TrackPointExtension>
            <ns3:hr>112</ns3:hr>
          </ns3:TrackPointExtension>
        </extensions>
      </trkpt>
      <trkpt lat="51.9012357853353023529052734375" lon="4.2920346558094024658203125">
        <ele>6.599999904632568359375</ele>
        <time>2025-05-31T10:25:59.000Z</time>
        <extensions>
          <ns3:TrackPointExtension>
            <ns3:hr>113</ns3:hr>
          </ns3:TrackPointExtension>
        </extensions>
      </trkpt>
      <trkpt lat="51.90116814337670803070068359375" lon="4.2921484820544719696044921875">
        <ele>6.599999904632568359375</ele>
        <time>2025-05-31T10:26:01.000Z</time>
        <extensions>
          <ns3:TrackPointExtension>
            <ns3:hr>114</ns3:hr>
          </ns3:TrackPointExtension>
        </extensions>
      </trkpt>
      <trkpt lat="51.9009598530828952789306640625" lon="4.2924388311803340911865234375">
        <ele>6.599999904632568359375</ele>
        <time>2025-05-31T10:26:07.000Z</time>
        <extensions>
          <ns3:TrackPointExtension>
            <ns3:hr>116</ns3:hr>
          </ns3:TrackPointExtension>
        </extensions>
      </trkpt>
      <trkpt lat="51.90088818781077861785888671875" lon="4.29253731854259967803955078125">
        <ele>6.599999904632568359375</ele>
        <time>2025-05-31T10:26:09.000Z</time>
        <extensions>
          <ns3:TrackPointExtension>
            <ns3:hr>116</ns3:hr>
          </ns3:TrackPointExtension>
        </extensions>
      </trkpt>
      <trkpt lat="51.9007538259029388427734375" lon="4.29268936626613140106201171875">
        <ele>6.80000019073486328125</ele>
        <time>2025-05-31T10:26:13.000Z</time>
        <extensions>
          <ns3:TrackPointExtension>
            <ns3:hr>119</ns3:hr>
          </ns3:TrackPointExtension>
        </extensions>
      </trkpt>
      <trkpt lat="51.9006869383156299591064453125" lon="4.292733706533908843994140625">
        <ele>7</ele>
        <time>2025-05-31T10:26:15.000Z</time>
        <extensions>
          <ns3:TrackPointExtension>
            <ns3:hr>120</ns3:hr>
          </ns3:TrackPointExtension>
        </extensions>
      </trkpt>
      <trkpt lat="51.9005504809319972991943359375" lon="4.29280939511954784393310546875">
        <ele>7.400000095367431640625</ele>
        <time>2025-05-31T10:26:20.000Z</time>
        <extensions>
          <ns3:TrackPointExtension>
            <ns3:hr>123</ns3:hr>
          </ns3:TrackPointExtension>
        </extensions>
      </trkpt>
      <trkpt lat="51.90049742348492145538330078125" lon="4.29283990524709224700927734375">
        <ele>7.400000095367431640625</ele>
        <time>2025-05-31T10:26:22.000Z</time>
        <extensions>
          <ns3:TrackPointExtension>
            <ns3:hr>124</ns3:hr>
          </ns3:TrackPointExtension>
        </extensions>
      </trkpt>
      <trkpt lat="51.900322996079921722412109375" lon="4.292942583560943603515625">
        <ele>7</ele>
        <time>2025-05-31T10:26:27.000Z</time>
        <extensions>
          <ns3:TrackPointExtension>
            <ns3:hr>125</ns3:hr>
          </ns3:TrackPointExtension>
        </extensions>
      </trkpt>
      <trkpt lat="51.90015912987291812896728515625" lon="4.29304760880768299102783203125">
        <ele>6.400000095367431640625</ele>
        <time>2025-05-31T10:26:31.000Z</time>
        <extensions>
          <ns3:TrackPointExtension>
            <ns3:hr>126</ns3:hr>
          </ns3:TrackPointExtension>
        </extensions>
      </trkpt>
      <trkpt lat="51.9000321440398693084716796875" lon="4.29318733513355255126953125">
        <ele>5.80000019073486328125</ele>
        <time>2025-05-31T10:26:34.000Z</time>
        <extensions>
          <ns3:TrackPointExtension>
            <ns3:hr>125</ns3:hr>
          </ns3:TrackPointExtension>
        </extensions>
      </trkpt>
      <trkpt lat="51.89999006688594818115234375" lon="4.29324475117027759552001953125">
        <ele>5.599999904632568359375</ele>
        <time>2025-05-31T10:26:35.000Z</time>
        <extensions>
          <ns3:TrackPointExtension>
            <ns3:hr>125</ns3:hr>
          </ns3:TrackPointExtension>
        </extensions>
      </trkpt>
      <trkpt lat="51.8999593891203403472900390625" lon="4.29331214167177677154541015625">
        <ele>5.599999904632568359375</ele>
        <time>2025-05-31T10:26:36.000Z</time>
        <extensions>
          <ns3:TrackPointExtension>
            <ns3:hr>124</ns3:hr>
          </ns3:TrackPointExtension>
        </extensions>
      </trkpt>
      <trkpt lat="51.89993801526725292205810546875" lon="4.2933849804103374481201171875">
        <ele>5.400000095367431640625</ele>
        <time>2025-05-31T10:26:37.000Z</time>
        <extensions>
          <ns3:TrackPointExtension>
            <ns3:hr>123</ns3:hr>
          </ns3:TrackPointExtension>
        </extensions>
      </trkpt>
      <trkpt lat="51.89992175437510013580322265625" lon="4.29346100427210330963134765625">
        <ele>5.400000095367431640625</ele>
        <time>2025-05-31T10:26:38.000Z</time>
        <extensions>
          <ns3:TrackPointExtension>
            <ns3:hr>123</ns3:hr>
          </ns3:TrackPointExtension>
        </extensions>
      </trkpt>
      <trkpt lat="51.89985620789229869842529296875" lon="4.29384573362767696380615234375">
        <ele>5.19999980926513671875</ele>
        <time>2025-05-31T10:26:43.000Z</time>
        <extensions>
          <ns3:TrackPointExtension>
            <ns3:hr>126</ns3:hr>
          </ns3:TrackPointExtension>
        </extensions>
      </trkpt>
      <trkpt lat="51.899811364710330963134765625" lon="4.2940726317465305328369140625">
        <ele>5.19999980926513671875</ele>
        <time>2025-05-31T10:26:46.000Z</time>
        <extensions>
          <ns3:TrackPointExtension>
            <ns3:hr>125</ns3:hr>
          </ns3:TrackPointExtension>
        </extensions>
      </trkpt>
      <trkpt lat="51.8997733108699321746826171875" lon="4.29430556483566761016845703125">
        <ele>5</ele>
        <time>2025-05-31T10:26:49.000Z</time>
        <extensions>
          <ns3:TrackPointExtension>
            <ns3:hr>122</ns3:hr>
          </ns3:TrackPointExtension>
        </extensions>
      </trkpt>
      <trkpt lat="51.89967784099280834197998046875" lon="4.29486882872879505157470703125">
        <ele>4.599999904632568359375</ele>
        <time>2025-05-31T10:26:56.000Z</time>
        <extensions>
          <ns3:TrackPointExtension>
            <ns3:hr>121</ns3:hr>
          </ns3:TrackPointExtension>
        </extensions>
      </trkpt>
      <trkpt lat="51.899647079408168792724609375" lon="4.29502322338521480560302734375">
        <ele>4.400000095367431640625</ele>
        <time>2025-05-31T10:26:58.000Z</time>
        <extensions>
          <ns3:TrackPointExtension>
            <ns3:hr>121</ns3:hr>
          </ns3:TrackPointExtension>
        </extensions>
      </trkpt>
      <trkpt lat="51.8995067663490772247314453125" lon="4.2958837933838367462158203125">
        <ele>4.400000095367431640625</ele>
        <time>2025-05-31T10:27:09.000Z</time>
        <extensions>
          <ns3:TrackPointExtension>
            <ns3:hr>122</ns3:hr>
          </ns3:TrackPointExtension>
        </extensions>
      </trkpt>
      <trkpt lat="51.8994692154228687286376953125" lon="4.296119324862957000732421875">
        <ele>4.400000095367431640625</ele>
        <time>2025-05-31T10:27:12.000Z</time>
        <extensions>
          <ns3:TrackPointExtension>
            <ns3:hr>122</ns3:hr>
          </ns3:TrackPointExtension>
        </extensions>
      </trkpt>
      <trkpt lat="51.89936217851936817169189453125" lon="4.2968631349503993988037109375">
        <ele>4.599999904632568359375</ele>
        <time>2025-05-31T10:27:22.000Z</time>
        <extensions>
          <ns3:TrackPointExtension>
            <ns3:hr>125</ns3:hr>
          </ns3:TrackPointExtension>
        </extensions>
      </trkpt>
      <trkpt lat="51.89935036003589630126953125" lon="4.29693974554538726806640625">
        <ele>4.599999904632568359375</ele>
        <time>2025-05-31T10:27:23.000Z</time>
        <extensions>
          <ns3:TrackPointExtension>
            <ns3:hr>125</ns3:hr>
          </ns3:TrackPointExtension>
        </extensions>
      </trkpt>
      <trkpt lat="51.89925648272037506103515625" lon="4.29755799472332000732421875">
        <ele>4.599999904632568359375</ele>
        <time>2025-05-31T10:27:31.000Z</time>
        <extensions>
          <ns3:TrackPointExtension>
            <ns3:hr>122</ns3:hr>
          </ns3:TrackPointExtension>
        </extensions>
      </trkpt>
      <trkpt lat="51.89916704781353473663330078125" lon="4.29822242818772792816162109375">
        <ele>5.19999980926513671875</ele>
        <time>2025-05-31T10:27:40.000Z</time>
        <extensions>
          <ns3:TrackPointExtension>
            <ns3:hr>124</ns3:hr>
          </ns3:TrackPointExtension>
        </extensions>
      </trkpt>
      <trkpt lat="51.89907006919384002685546875" lon="4.29890974424779415130615234375">
        <ele>5.19999980926513671875</ele>
        <time>2025-05-31T10:27:49.000Z</time>
        <extensions>
          <ns3:TrackPointExtension>
            <ns3:hr>127</ns3:hr>
          </ns3:TrackPointExtension>
        </extensions>
      </trkpt>
      <trkpt lat="51.89905925653874874114990234375" lon="4.298987276852130889892578125">
        <ele>5.19999980926513671875</ele>
        <time>2025-05-31T10:27:50.000Z</time>
        <extensions>
          <ns3:TrackPointExtension>
            <ns3:hr>126</ns3:hr>
          </ns3:TrackPointExtension>
        </extensions>
      </trkpt>
      <trkpt lat="51.8990477733314037322998046875" lon="4.2990655638277530670166015625">
        <ele>5.19999980926513671875</ele>
        <time>2025-05-31T10:27:51.000Z</time>
        <extensions>
          <ns3:TrackPointExtension>
            <ns3:hr>129</ns3:hr>
          </ns3:TrackPointExtension>
        </extensions>
      </trkpt>
      <trkpt lat="51.89903897233307361602783203125" lon="4.2991430126130580902099609375">
        <ele>5.19999980926513671875</ele>
        <time>2025-05-31T10:27:52.000Z</time>
        <extensions>
          <ns3:TrackPointExtension>
            <ns3:hr>126</ns3:hr>
          </ns3:TrackPointExtension>
        </extensions>
      </trkpt>
      <trkpt lat="51.8989904411137104034423828125" lon="4.2995436675846576690673828125">
        <ele>5.400000095367431640625</ele>
        <time>2025-05-31T10:27:57.000Z</time>
        <extensions>
          <ns3:TrackPointExtension>
            <ns3:hr>123</ns3:hr>
          </ns3:TrackPointExtension>
        </extensions>
      </trkpt>
      <trkpt lat="51.89898147247731685638427734375" lon="4.29961969144642353057861328125">
        <ele>5.400000095367431640625</ele>
        <time>2025-05-31T10:27:58.000Z</time>
        <extensions>
          <ns3:TrackPointExtension>
            <ns3:hr>123</ns3:hr>
          </ns3:TrackPointExtension>
        </extensions>
      </trkpt>
      <trkpt lat="51.89896102063357830047607421875" lon="4.299777857959270477294921875">
        <ele>5.599999904632568359375</ele>
        <time>2025-05-31T10:28:00.000Z</time>
        <extensions>
          <ns3:TrackPointExtension>
            <ns3:hr>123</ns3:hr>
          </ns3:TrackPointExtension>
        </extensions>
      </trkpt>
      <trkpt lat="51.898899413645267486572265625" lon="4.30026425980031490325927734375">
        <ele>5.599999904632568359375</ele>
        <time>2025-05-31T10:28:06.000Z</time>
        <extensions>
          <ns3:TrackPointExtension>
            <ns3:hr>126</ns3:hr>
          </ns3:TrackPointExtension>
        </extensions>
      </trkpt>
      <trkpt lat="51.8988548219203948974609375" lon="4.30059827864170074462890625">
        <ele>5.599999904632568359375</ele>
        <time>2025-05-31T10:28:10.000Z</time>
        <extensions>
          <ns3:TrackPointExtension>
            <ns3:hr>123</ns3:hr>
          </ns3:TrackPointExtension>
        </extensions>
      </trkpt>
      <trkpt lat="51.89875381998717784881591796875" lon="4.3014151789247989654541015625">
        <ele>5.599999904632568359375</ele>
        <time>2025-05-31T10:28:20.000Z</time>
        <extensions>
          <ns3:TrackPointExtension>
            <ns3:hr>122</ns3:hr>
          </ns3:TrackPointExtension>
        </extensions>
      </trkpt>
      <trkpt lat="51.89867737703025341033935546875" lon="4.30206737481057643890380859375">
        <ele>5.599999904632568359375</ele>
        <time>2025-05-31T10:28:28.000Z</time>
        <extensions>
          <ns3:TrackPointExtension>
            <ns3:hr>125</ns3:hr>
          </ns3:TrackPointExtension>
        </extensions>
      </trkpt>
      <trkpt lat="51.89863865263760089874267578125" lon="4.30239376612007617950439453125">
        <ele>5.599999904632568359375</ele>
        <time>2025-05-31T10:28:32.000Z</time>
        <extensions>
          <ns3:TrackPointExtension>
            <ns3:hr>128</ns3:hr>
          </ns3:TrackPointExtension>
        </extensions>
      </trkpt>
      <trkpt lat="51.89862624742090702056884765625" lon="4.3024749867618083953857421875">
        <ele>5.599999904632568359375</ele>
        <time>2025-05-31T10:28:33.000Z</time>
        <extensions>
          <ns3:TrackPointExtension>
            <ns3:hr>128</ns3:hr>
          </ns3:TrackPointExtension>
        </extensions>
      </trkpt>
      <trkpt lat="51.89856179058551788330078125" lon="4.30304889567196369171142578125">
        <ele>5.599999904632568359375</ele>
        <time>2025-05-31T10:28:40.000Z</time>
        <extensions>
          <ns3:TrackPointExtension>
            <ns3:hr>131</ns3:hr>
          </ns3:TrackPointExtension>
        </extensions>
      </trkpt>
      <trkpt lat="51.89852851442992687225341796875" lon="4.30329062975943088531494140625">
        <ele>5.599999904632568359375</ele>
        <time>2025-05-31T10:28:43.000Z</time>
        <extensions>
          <ns3:TrackPointExtension>
            <ns3:hr>134</ns3:hr>
          </ns3:TrackPointExtension>
        </extensions>
      </trkpt>
      <trkpt lat="51.8985016085207462310791015625" lon="4.3035331182181835174560546875">
        <ele>5.599999904632568359375</ele>
        <time>2025-05-31T10:28:46.000Z</time>
        <extensions>
          <ns3:TrackPointExtension>
            <ns3:hr>138</ns3:hr>
          </ns3:TrackPointExtension>
        </extensions>
      </trkpt>
      <trkpt lat="51.898424662649631500244140625" lon="4.30426343344151973724365234375">
        <ele>5.80000019073486328125</ele>
        <time>2025-05-31T10:28:55.000Z</time>
        <extensions>
          <ns3:TrackPointExtension>
            <ns3:hr>137</ns3:hr>
          </ns3:TrackPointExtension>
        </extensions>
      </trkpt>
      <trkpt lat="51.8983547575771808624267578125" lon="4.304883778095245361328125">
        <ele>6</ele>
        <time>2025-05-31T10:29:03.000Z</time>
        <extensions>
          <ns3:TrackPointExtension>
            <ns3:hr>140</ns3:hr>
          </ns3:TrackPointExtension>
        </extensions>
      </trkpt>
      <trkpt lat="51.89834629185497760772705078125" lon="4.3049523420631885528564453125">
        <ele>6</ele>
        <time>2025-05-31T10:29:04.000Z</time>
        <extensions>
          <ns3:TrackPointExtension>
            <ns3:hr>140</ns3:hr>
          </ns3:TrackPointExtension>
        </extensions>
      </trkpt>
      <trkpt lat="51.89833539538085460662841796875" lon="4.30516398511826992034912109375">
        <ele>5.80000019073486328125</ele>
        <time>2025-05-31T10:29:07.000Z</time>
        <extensions>
          <ns3:TrackPointExtension>
            <ns3:hr>143</ns3:hr>
          </ns3:TrackPointExtension>
        </extensions>
      </trkpt>
      <trkpt lat="51.89834645949304103851318359375" lon="4.30536858737468719482421875">
        <ele>5.80000019073486328125</ele>
        <time>2025-05-31T10:29:10.000Z</time>
        <extensions>
          <ns3:TrackPointExtension>
            <ns3:hr>143</ns3:hr>
          </ns3:TrackPointExtension>
        </extensions>
      </trkpt>
      <trkpt lat="51.898333467543125152587890625" lon="4.305621720850467681884765625">
        <ele>6.599999904632568359375</ele>
        <time>2025-05-31T10:29:14.000Z</time>
        <extensions>
          <ns3:TrackPointExtension>
            <ns3:hr>144</ns3:hr>
          </ns3:TrackPointExtension>
        </extensions>
      </trkpt>
      <trkpt lat="51.8983265943825244903564453125" lon="4.30579195730388164520263671875">
        <ele>7.19999980926513671875</ele>
        <time>2025-05-31T10:29:17.000Z</time>
        <extensions>
          <ns3:TrackPointExtension>
            <ns3:hr>143</ns3:hr>
          </ns3:TrackPointExtension>
        </extensions>
      </trkpt>
      <trkpt lat="51.898332126438617706298828125" lon="4.3059615232050418853759765625">
        <ele>7.599999904632568359375</ele>
        <time>2025-05-31T10:29:20.000Z</time>
        <extensions>
          <ns3:TrackPointExtension>
            <ns3:hr>144</ns3:hr>
          </ns3:TrackPointExtension>
        </extensions>
      </trkpt>
      <trkpt lat="51.89836238510906696319580078125" lon="4.30607057176530361175537109375">
        <ele>8</ele>
        <time>2025-05-31T10:29:22.000Z</time>
        <extensions>
          <ns3:TrackPointExtension>
            <ns3:hr>145</ns3:hr>
          </ns3:TrackPointExtension>
        </extensions>
      </trkpt>
      <trkpt lat="51.8985009379684925079345703125" lon="4.30630006827414035797119140625">
        <ele>8.19999980926513671875</ele>
        <time>2025-05-31T10:29:27.000Z</time>
        <extensions>
          <ns3:TrackPointExtension>
            <ns3:hr>148</ns3:hr>
          </ns3:TrackPointExtension>
        </extensions>
      </trkpt>
      <trkpt lat="51.89853589050471782684326171875" lon="4.306329153478145599365234375">
        <ele>8.3999996185302734375</ele>
        <time>2025-05-31T10:29:28.000Z</time>
        <extensions>
          <ns3:TrackPointExtension>
            <ns3:hr>150</ns3:hr>
          </ns3:TrackPointExtension>
        </extensions>
      </trkpt>
      <trkpt lat="51.89861987717449665069580078125" lon="4.30636125616729259490966796875">
        <ele>8.3999996185302734375</ele>
        <time>2025-05-31T10:29:30.000Z</time>
        <extensions>
          <ns3:TrackPointExtension>
            <ns3:hr>154</ns3:hr>
          </ns3:TrackPointExtension>
        </extensions>
      </trkpt>
      <trkpt lat="51.89870771951973438262939453125" lon="4.3063831329345703125">
        <ele>8.3999996185302734375</ele>
        <time>2025-05-31T10:29:32.000Z</time>
        <extensions>
          <ns3:TrackPointExtension>
            <ns3:hr>157</ns3:hr>
          </ns3:TrackPointExtension>
        </extensions>
      </trkpt>
      <trkpt lat="51.8988950550556182861328125" lon="4.30642361752688884735107421875">
        <ele>8.3999996185302734375</ele>
        <time>2025-05-31T10:29:36.000Z</time>
        <extensions>
          <ns3:TrackPointExtension>
            <ns3:hr>159</ns3:hr>
          </ns3:TrackPointExtension>
        </extensions>
      </trkpt>
      <trkpt lat="51.89935781992971897125244140625" lon="4.306545741856098175048828125">
        <ele>8.3999996185302734375</ele>
        <time>2025-05-31T10:29:46.000Z</time>
        <extensions>
          <ns3:TrackPointExtension>
            <ns3:hr>158</ns3:hr>
          </ns3:TrackPointExtension>
        </extensions>
      </trkpt>
      <trkpt lat="51.89945018850266933441162109375" lon="4.3065693788230419158935546875">
        <ele>8.3999996185302734375</ele>
        <time>2025-05-31T10:29:48.000Z</time>
        <extensions>
          <ns3:TrackPointExtension>
            <ns3:hr>157</ns3:hr>
          </ns3:TrackPointExtension>
        </extensions>
      </trkpt>
      <trkpt lat="51.8996371887624263763427734375" lon="4.3066146411001682281494140625">
        <ele>8.3999996185302734375</ele>
        <time>2025-05-31T10:29:52.000Z</time>
        <extensions>
          <ns3:TrackPointExtension>
            <ns3:hr>155</ns3:hr>
          </ns3:TrackPointExtension>
        </extensions>
      </trkpt>
      <trkpt lat="51.89977406524121761322021484375" lon="4.30664456449449062347412109375">
        <ele>8.3999996185302734375</ele>
        <time>2025-05-31T10:29:55.000Z</time>
        <extensions>
          <ns3:TrackPointExtension>
            <ns3:hr>152</ns3:hr>
          </ns3:TrackPointExtension>
        </extensions>
      </trkpt>
      <trkpt lat="51.90001881681382656097412109375" lon="4.306692592799663543701171875">
        <ele>8.19999980926513671875</ele>
        <time>2025-05-31T10:30:01.000Z</time>
        <extensions>
          <ns3:TrackPointExtension>
            <ns3:hr>150</ns3:hr>
          </ns3:TrackPointExtension>
        </extensions>
      </trkpt>
      <trkpt lat="51.90008738078176975250244140625" lon="4.30674380622804164886474609375">
        <ele>8.3999996185302734375</ele>
        <time>2025-05-31T10:30:03.000Z</time>
        <extensions>
          <ns3:TrackPointExtension>
            <ns3:hr>149</ns3:hr>
          </ns3:TrackPointExtension>
        </extensions>
      </trkpt>
      <trkpt lat="51.90010582096874713897705078125" lon="4.3067921698093414306640625">
        <ele>8.3999996185302734375</ele>
        <time>2025-05-31T10:30:04.000Z</time>
        <extensions>
          <ns3:TrackPointExtension>
            <ns3:hr>149</ns3:hr>
          </ns3:TrackPointExtension>
        </extensions>
      </trkpt>
      <trkpt lat="51.9000993669033050537109375" lon="4.30699509568512439727783203125">
        <ele>8.3999996185302734375</ele>
        <time>2025-05-31T10:30:08.000Z</time>
        <extensions>
          <ns3:TrackPointExtension>
            <ns3:hr>147</ns3:hr>
          </ns3:TrackPointExtension>
        </extensions>
      </trkpt>
      <trkpt lat="51.9000710360705852508544921875" lon="4.3071623146533966064453125">
        <ele>8.6000003814697265625</ele>
        <time>2025-05-31T10:30:11.000Z</time>
        <extensions>
          <ns3:TrackPointExtension>
            <ns3:hr>144</ns3:hr>
          </ns3:TrackPointExtension>
        </extensions>
      </trkpt>
      <trkpt lat="51.900049746036529541015625" lon="4.307400695979595184326171875">
        <ele>8.6000003814697265625</ele>
        <time>2025-05-31T10:30:15.000Z</time>
        <extensions>
          <ns3:TrackPointExtension>
            <ns3:hr>141</ns3:hr>
          </ns3:TrackPointExtension>
        </extensions>
      </trkpt>
      <trkpt lat="51.900022588670253753662109375" lon="4.30773471482098102569580078125">
        <ele>8.6000003814697265625</ele>
        <time>2025-05-31T10:30:20.000Z</time>
        <extensions>
          <ns3:TrackPointExtension>
            <ns3:hr>140</ns3:hr>
          </ns3:TrackPointExtension>
        </extensions>
      </trkpt>
      <trkpt lat="51.89998378045856952667236328125" lon="4.3080073781311511993408203125">
        <ele>8.6000003814697265625</ele>
        <time>2025-05-31T10:30:24.000Z</time>
        <extensions>
          <ns3:TrackPointExtension>
            <ns3:hr>138</ns3:hr>
          </ns3:TrackPointExtension>
        </extensions>
      </trkpt>
      <trkpt lat="51.89996131695806980133056640625" lon="4.3082320131361484527587890625">
        <ele>8.80000019073486328125</ele>
        <time>2025-05-31T10:30:27.000Z</time>
        <extensions>
          <ns3:TrackPointExtension>
            <ns3:hr>138</ns3:hr>
          </ns3:TrackPointExtension>
        </extensions>
      </trkpt>
      <trkpt lat="51.8999422900378704071044921875" lon="4.3083734996616840362548828125">
        <ele>8.6000003814697265625</ele>
        <time>2025-05-31T10:30:29.000Z</time>
        <extensions>
          <ns3:TrackPointExtension>
            <ns3:hr>139</ns3:hr>
          </ns3:TrackPointExtension>
        </extensions>
      </trkpt>
      <trkpt lat="51.89992343075573444366455078125" lon="4.30858497507870197296142578125">
        <ele>8.6000003814697265625</ele>
        <time>2025-05-31T10:30:32.000Z</time>
        <extensions>
          <ns3:TrackPointExtension>
            <ns3:hr>142</ns3:hr>
          </ns3:TrackPointExtension>
        </extensions>
      </trkpt>
      <trkpt lat="51.89992477186024188995361328125" lon="4.30872646160423755645751953125">
        <ele>8.3999996185302734375</ele>
        <time>2025-05-31T10:30:34.000Z</time>
        <extensions>
          <ns3:TrackPointExtension>
            <ns3:hr>142</ns3:hr>
          </ns3:TrackPointExtension>
        </extensions>
      </trkpt>
      <trkpt lat="51.89996483735740184783935546875" lon="4.3088400363922119140625">
        <ele>8.3999996185302734375</ele>
        <time>2025-05-31T10:30:36.000Z</time>
        <extensions>
          <ns3:TrackPointExtension>
            <ns3:hr>141</ns3:hr>
          </ns3:TrackPointExtension>
        </extensions>
      </trkpt>
      <trkpt lat="51.90000155009329319000244140625" lon="4.3088697083294391632080078125">
        <ele>8.3999996185302734375</ele>
        <time>2025-05-31T10:30:37.000Z</time>
        <extensions>
          <ns3:TrackPointExtension>
            <ns3:hr>141</ns3:hr>
          </ns3:TrackPointExtension>
        </extensions>
      </trkpt>
      <trkpt lat="51.9001330621540546417236328125" lon="4.3089164793491363525390625">
        <ele>8.3999996185302734375</ele>
        <time>2025-05-31T10:30:40.000Z</time>
        <extensions>
          <ns3:TrackPointExtension>
            <ns3:hr>140</ns3:hr>
          </ns3:TrackPointExtension>
        </extensions>
      </trkpt>
      <trkpt lat="51.90032727085053920745849609375" lon="4.3089692853391170501708984375">
        <ele>8</ele>
        <time>2025-05-31T10:30:44.000Z</time>
        <extensions>
          <ns3:TrackPointExtension>
            <ns3:hr>139</ns3:hr>
          </ns3:TrackPointExtension>
        </extensions>
      </trkpt>
      <trkpt lat="51.90040036104619503021240234375" lon="4.30906794033944606781005859375">
        <ele>8</ele>
        <time>2025-05-31T10:30:46.000Z</time>
        <extensions>
          <ns3:TrackPointExtension>
            <ns3:hr>138</ns3:hr>
          </ns3:TrackPointExtension>
        </extensions>
      </trkpt>
      <trkpt lat="51.90041377209126949310302734375" lon="4.309144802391529083251953125">
        <ele>7.80000019073486328125</ele>
        <time>2025-05-31T10:30:47.000Z</time>
        <extensions>
          <ns3:TrackPointExtension>
            <ns3:hr>138</ns3:hr>
          </ns3:TrackPointExtension>
        </extensions>
      </trkpt>
      <trkpt lat="51.90041293390095233917236328125" lon="4.3092281185090541839599609375">
        <ele>7.599999904632568359375</ele>
        <time>2025-05-31T10:30:48.000Z</time>
        <extensions>
          <ns3:TrackPointExtension>
            <ns3:hr>139</ns3:hr>
          </ns3:TrackPointExtension>
        </extensions>
      </trkpt>
      <trkpt lat="51.9003858603537082672119140625" lon="4.3094799108803272247314453125">
        <ele>7.400000095367431640625</ele>
        <time>2025-05-31T10:30:51.000Z</time>
        <extensions>
          <ns3:TrackPointExtension>
            <ns3:hr>139</ns3:hr>
          </ns3:TrackPointExtension>
        </extensions>
      </trkpt>
      <trkpt lat="51.90037152729928493499755859375" lon="4.30964746512472629547119140625">
        <ele>7.400000095367431640625</ele>
        <time>2025-05-31T10:30:53.000Z</time>
        <extensions>
          <ns3:TrackPointExtension>
            <ns3:hr>136</ns3:hr>
          </ns3:TrackPointExtension>
        </extensions>
      </trkpt>
      <trkpt lat="51.9003288634121417999267578125" lon="4.3102242238819599151611328125">
        <ele>7.599999904632568359375</ele>
        <time>2025-05-31T10:31:00.000Z</time>
        <extensions>
          <ns3:TrackPointExtension>
            <ns3:hr>134</ns3:hr>
          </ns3:TrackPointExtension>
        </extensions>
      </trkpt>
      <trkpt lat="51.90028670243918895721435546875" lon="4.31070811115205287933349609375">
        <ele>7.599999904632568359375</ele>
        <time>2025-05-31T10:31:06.000Z</time>
        <extensions>
          <ns3:TrackPointExtension>
            <ns3:hr>135</ns3:hr>
          </ns3:TrackPointExtension>
        </extensions>
      </trkpt>
      <trkpt lat="51.900262646377086639404296875" lon="4.31108613498508930206298828125">
        <ele>7.599999904632568359375</ele>
        <time>2025-05-31T10:31:11.000Z</time>
        <extensions>
          <ns3:TrackPointExtension>
            <ns3:hr>134</ns3:hr>
          </ns3:TrackPointExtension>
        </extensions>
      </trkpt>
      <trkpt lat="51.90024294890463352203369140625" lon="4.31131127290427684783935546875">
        <ele>8.19999980926513671875</ele>
        <time>2025-05-31T10:31:14.000Z</time>
        <extensions>
          <ns3:TrackPointExtension>
            <ns3:hr>134</ns3:hr>
          </ns3:TrackPointExtension>
        </extensions>
      </trkpt>
      <trkpt lat="51.9002279452979564666748046875" lon="4.3114607222378253936767578125">
        <ele>8.3999996185302734375</ele>
        <time>2025-05-31T10:31:16.000Z</time>
        <extensions>
          <ns3:TrackPointExtension>
            <ns3:hr>134</ns3:hr>
          </ns3:TrackPointExtension>
        </extensions>
      </trkpt>
      <trkpt lat="51.9002232514321804046630859375" lon="4.31166834197938442230224609375">
        <ele>8.3999996185302734375</ele>
        <time>2025-05-31T10:31:19.000Z</time>
        <extensions>
          <ns3:TrackPointExtension>
            <ns3:hr>135</ns3:hr>
          </ns3:TrackPointExtension>
        </extensions>
      </trkpt>
      <trkpt lat="51.90025468356907367706298828125" lon="4.31179272942245006561279296875">
        <ele>8.3999996185302734375</ele>
        <time>2025-05-31T10:31:21.000Z</time>
        <extensions>
          <ns3:TrackPointExtension>
            <ns3:hr>136</ns3:hr>
          </ns3:TrackPointExtension>
        </extensions>
      </trkpt>
      <trkpt lat="51.9003214873373508453369140625" lon="4.3118697591125965118408203125">
        <ele>8.19999980926513671875</ele>
        <time>2025-05-31T10:31:23.000Z</time>
        <extensions>
          <ns3:TrackPointExtension>
            <ns3:hr>136</ns3:hr>
          </ns3:TrackPointExtension>
        </extensions>
      </trkpt>
      <trkpt lat="51.9003627263009548187255859375" lon="4.31187990121543407440185546875">
        <ele>8.19999980926513671875</ele>
        <time>2025-05-31T10:31:24.000Z</time>
        <extensions>
          <ns3:TrackPointExtension>
            <ns3:hr>136</ns3:hr>
          </ns3:TrackPointExtension>
        </extensions>
      </trkpt>
      <trkpt lat="51.90044294111430644989013671875" lon="4.31190152652561664581298828125">
        <ele>8.3999996185302734375</ele>
        <time>2025-05-31T10:31:26.000Z</time>
        <extensions>
          <ns3:TrackPointExtension>
            <ns3:hr>137</ns3:hr>
          </ns3:TrackPointExtension>
        </extensions>
      </trkpt>
      <trkpt lat="51.90049105323851108551025390625" lon="4.31199096143245697021484375">
        <ele>8.3999996185302734375</ele>
        <time>2025-05-31T10:31:28.000Z</time>
        <extensions>
          <ns3:TrackPointExtension>
            <ns3:hr>137</ns3:hr>
          </ns3:TrackPointExtension>
        </extensions>
      </trkpt>
      <trkpt lat="51.90050479955971240997314453125" lon="4.3122536502778530120849609375">
        <ele>8.3999996185302734375</ele>
        <time>2025-05-31T10:31:32.000Z</time>
        <extensions>
          <ns3:TrackPointExtension>
            <ns3:hr>140</ns3:hr>
          </ns3:TrackPointExtension>
        </extensions>
      </trkpt>
      <trkpt lat="51.90058476291596889495849609375" lon="4.3125922791659832000732421875">
        <ele>8.19999980926513671875</ele>
        <time>2025-05-31T10:31:37.000Z</time>
        <extensions>
          <ns3:TrackPointExtension>
            <ns3:hr>139</ns3:hr>
          </ns3:TrackPointExtension>
        </extensions>
      </trkpt>
      <trkpt lat="51.90060119144618511199951171875" lon="4.3126697279512882232666015625">
        <ele>8.19999980926513671875</ele>
        <time>2025-05-31T10:31:38.000Z</time>
        <extensions>
          <ns3:TrackPointExtension>
            <ns3:hr>139</ns3:hr>
          </ns3:TrackPointExtension>
        </extensions>
      </trkpt>
      <trkpt lat="51.90066724084317684173583984375" lon="4.313102401793003082275390625">
        <ele>7.80000019073486328125</ele>
        <time>2025-05-31T10:31:43.000Z</time>
        <extensions>
          <ns3:TrackPointExtension>
            <ns3:hr>139</ns3:hr>
          </ns3:TrackPointExtension>
        </extensions>
      </trkpt>
      <trkpt lat="51.9007684104144573211669921875" lon="4.31387647055089473724365234375">
        <ele>7.400000095367431640625</ele>
        <time>2025-05-31T10:31:52.000Z</time>
        <extensions>
          <ns3:TrackPointExtension>
            <ns3:hr>138</ns3:hr>
          </ns3:TrackPointExtension>
        </extensions>
      </trkpt>
      <trkpt lat="51.90080705098807811737060546875" lon="4.314298667013645172119140625">
        <ele>7.400000095367431640625</ele>
        <time>2025-05-31T10:31:57.000Z</time>
        <extensions>
          <ns3:TrackPointExtension>
            <ns3:hr>137</ns3:hr>
          </ns3:TrackPointExtension>
        </extensions>
      </trkpt>
      <trkpt lat="51.90081325359642505645751953125" lon="4.31437921710312366485595703125">
        <ele>7.400000095367431640625</ele>
        <time>2025-05-31T10:31:58.000Z</time>
        <extensions>
          <ns3:TrackPointExtension>
            <ns3:hr>136</ns3:hr>
          </ns3:TrackPointExtension>
        </extensions>
      </trkpt>
      <trkpt lat="51.90087108872830867767333984375" lon="4.31504960171878337860107421875">
        <ele>7.19999980926513671875</ele>
        <time>2025-05-31T10:32:06.000Z</time>
        <extensions>
          <ns3:TrackPointExtension>
            <ns3:hr>136</ns3:hr>
          </ns3:TrackPointExtension>
        </extensions>
      </trkpt>
      <trkpt lat="51.90089472569525241851806640625" lon="4.31530793197453022003173828125">
        <ele>7.19999980926513671875</ele>
        <time>2025-05-31T10:32:09.000Z</time>
        <extensions>
          <ns3:TrackPointExtension>
            <ns3:hr>136</ns3:hr>
          </ns3:TrackPointExtension>
        </extensions>
      </trkpt>
      <trkpt lat="51.90091350115835666656494140625" lon="4.315477497875690460205078125">
        <ele>7.19999980926513671875</ele>
        <time>2025-05-31T10:32:11.000Z</time>
        <extensions>
          <ns3:TrackPointExtension>
            <ns3:hr>136</ns3:hr>
          </ns3:TrackPointExtension>
        </extensions>
      </trkpt>
      <trkpt lat="51.9009873457252979278564453125" lon="4.31622725911438465118408203125">
        <ele>7.599999904632568359375</ele>
        <time>2025-05-31T10:32:20.000Z</time>
        <extensions>
          <ns3:TrackPointExtension>
            <ns3:hr>137</ns3:hr>
          </ns3:TrackPointExtension>
        </extensions>
      </trkpt>
      <trkpt lat="51.90103705041110515594482421875" lon="4.31687886826694011688232421875">
        <ele>7.599999904632568359375</ele>
        <time>2025-05-31T10:32:28.000Z</time>
        <extensions>
          <ns3:TrackPointExtension>
            <ns3:hr>137</ns3:hr>
          </ns3:TrackPointExtension>
        </extensions>
      </trkpt>
      <trkpt lat="51.90104040317237377166748046875" lon="4.3169622682034969329833984375">
        <ele>7.599999904632568359375</ele>
        <time>2025-05-31T10:32:29.000Z</time>
        <extensions>
          <ns3:TrackPointExtension>
            <ns3:hr>138</ns3:hr>
          </ns3:TrackPointExtension>
        </extensions>
      </trkpt>
      <trkpt lat="51.90107678063213825225830078125" lon="4.31759736500680446624755859375">
        <ele>8</ele>
        <time>2025-05-31T10:32:37.000Z</time>
        <extensions>
          <ns3:TrackPointExtension>
            <ns3:hr>138</ns3:hr>
          </ns3:TrackPointExtension>
        </extensions>
      </trkpt>
      <trkpt lat="51.9010892696678638458251953125" lon="4.31766995228826999664306640625">
        <ele>8</ele>
        <time>2025-05-31T10:32:38.000Z</time>
        <extensions>
          <ns3:TrackPointExtension>
            <ns3:hr>139</ns3:hr>
          </ns3:TrackPointExtension>
        </extensions>
      </trkpt>
      <trkpt lat="51.90110511146485805511474609375" lon="4.3177357502281665802001953125">
        <ele>8</ele>
        <time>2025-05-31T10:32:39.000Z</time>
        <extensions>
          <ns3:TrackPointExtension>
            <ns3:hr>140</ns3:hr>
          </ns3:TrackPointExtension>
        </extensions>
      </trkpt>
      <trkpt lat="51.90116529352962970733642578125" lon="4.317897520959377288818359375">
        <ele>8</ele>
        <time>2025-05-31T10:32:42.000Z</time>
        <extensions>
          <ns3:TrackPointExtension>
            <ns3:hr>141</ns3:hr>
          </ns3:TrackPointExtension>
        </extensions>
      </trkpt>
      <trkpt lat="51.90113578923046588897705078125" lon="4.31802953593432903289794921875">
        <ele>8</ele>
        <time>2025-05-31T10:32:44.000Z</time>
        <extensions>
          <ns3:TrackPointExtension>
            <ns3:hr>141</ns3:hr>
          </ns3:TrackPointExtension>
        </extensions>
      </trkpt>
      <trkpt lat="51.90111701376736164093017578125" lon="4.31808720342814922332763671875">
        <ele>7.80000019073486328125</ele>
        <time>2025-05-31T10:32:45.000Z</time>
        <extensions>
          <ns3:TrackPointExtension>
            <ns3:hr>141</ns3:hr>
          </ns3:TrackPointExtension>
        </extensions>
      </trkpt>
      <trkpt lat="51.9011078774929046630859375" lon="4.3181486427783966064453125">
        <ele>7.80000019073486328125</ele>
        <time>2025-05-31T10:32:46.000Z</time>
        <extensions>
          <ns3:TrackPointExtension>
            <ns3:hr>141</ns3:hr>
          </ns3:TrackPointExtension>
        </extensions>
      </trkpt>
      <trkpt lat="51.90110226161777973175048828125" lon="4.31828166358172893524169921875">
        <ele>7.80000019073486328125</ele>
        <time>2025-05-31T10:32:48.000Z</time>
        <extensions>
          <ns3:TrackPointExtension>
            <ns3:hr>141</ns3:hr>
          </ns3:TrackPointExtension>
        </extensions>
      </trkpt>
      <trkpt lat="51.90110997296869754791259765625" lon="4.318343438208103179931640625">
        <ele>7.80000019073486328125</ele>
        <time>2025-05-31T10:32:49.000Z</time>
        <extensions>
          <ns3:TrackPointExtension>
            <ns3:hr>141</ns3:hr>
          </ns3:TrackPointExtension>
        </extensions>
      </trkpt>
      <trkpt lat="51.90114148892462253570556640625" lon="4.318672008812427520751953125">
        <ele>7.80000019073486328125</ele>
        <time>2025-05-31T10:32:54.000Z</time>
        <extensions>
          <ns3:TrackPointExtension>
            <ns3:hr>140</ns3:hr>
          </ns3:TrackPointExtension>
        </extensions>
      </trkpt>
      <trkpt lat="51.90116621553897857666015625" lon="4.3190225400030612945556640625">
        <ele>8.19999980926513671875</ele>
        <time>2025-05-31T10:32:59.000Z</time>
        <extensions>
          <ns3:TrackPointExtension>
            <ns3:hr>140</ns3:hr>
          </ns3:TrackPointExtension>
        </extensions>
      </trkpt>
      <trkpt lat="51.9012052752077579498291015625" lon="4.31951589882373809814453125">
        <ele>8</ele>
        <time>2025-05-31T10:33:06.000Z</time>
        <extensions>
          <ns3:TrackPointExtension>
            <ns3:hr>139</ns3:hr>
          </ns3:TrackPointExtension>
        </extensions>
      </trkpt>
      <trkpt lat="51.90125129185616970062255859375" lon="4.31994345970451831817626953125">
        <ele>7.80000019073486328125</ele>
        <time>2025-05-31T10:33:12.000Z</time>
        <extensions>
          <ns3:TrackPointExtension>
            <ns3:hr>140</ns3:hr>
          </ns3:TrackPointExtension>
        </extensions>
      </trkpt>
      <trkpt lat="51.9012619368731975555419921875" lon="4.3200176395475864410400390625">
        <ele>7.80000019073486328125</ele>
        <time>2025-05-31T10:33:13.000Z</time>
        <extensions>
          <ns3:TrackPointExtension>
            <ns3:hr>140</ns3:hr>
          </ns3:TrackPointExtension>
        </extensions>
      </trkpt>
      <trkpt lat="51.901331506669521331787109375" lon="4.32048157788813114166259765625">
        <ele>8</ele>
        <time>2025-05-31T10:33:19.000Z</time>
        <extensions>
          <ns3:TrackPointExtension>
            <ns3:hr>143</ns3:hr>
          </ns3:TrackPointExtension>
        </extensions>
      </trkpt>
      <trkpt lat="51.90137517638504505157470703125" lon="4.32071560062468051910400390625">
        <ele>7.80000019073486328125</ele>
        <time>2025-05-31T10:33:22.000Z</time>
        <extensions>
          <ns3:TrackPointExtension>
            <ns3:hr>145</ns3:hr>
          </ns3:TrackPointExtension>
        </extensions>
      </trkpt>
      <trkpt lat="51.9015263020992279052734375" lon="4.32154742069542407989501953125">
        <ele>8</ele>
        <time>2025-05-31T10:33:33.000Z</time>
        <extensions>
          <ns3:TrackPointExtension>
            <ns3:hr>147</ns3:hr>
          </ns3:TrackPointExtension>
        </extensions>
      </trkpt>
      <trkpt lat="51.90157650969922542572021484375" lon="4.32184414006769657135009765625">
        <ele>8.19999980926513671875</ele>
        <time>2025-05-31T10:33:37.000Z</time>
        <extensions>
          <ns3:TrackPointExtension>
            <ns3:hr>146</ns3:hr>
          </ns3:TrackPointExtension>
        </extensions>
      </trkpt>
      <trkpt lat="51.90159025602042675018310546875" lon="4.3220520950853824615478515625">
        <ele>8.3999996185302734375</ele>
        <time>2025-05-31T10:33:40.000Z</time>
        <extensions>
          <ns3:TrackPointExtension>
            <ns3:hr>147</ns3:hr>
          </ns3:TrackPointExtension>
        </extensions>
      </trkpt>
      <trkpt lat="51.9016941078007221221923828125" lon="4.32270864956080913543701171875">
        <ele>8.6000003814697265625</ele>
        <time>2025-05-31T10:33:49.000Z</time>
        <extensions>
          <ns3:TrackPointExtension>
            <ns3:hr>146</ns3:hr>
          </ns3:TrackPointExtension>
        </extensions>
      </trkpt>
      <trkpt lat="51.90176158212125301361083984375" lon="4.32301090098917484283447265625">
        <ele>8</ele>
        <time>2025-05-31T10:33:53.000Z</time>
        <extensions>
          <ns3:TrackPointExtension>
            <ns3:hr>148</ns3:hr>
          </ns3:TrackPointExtension>
        </extensions>
      </trkpt>
      <trkpt lat="51.90180365927517414093017578125" lon="4.32315741665661334991455078125">
        <ele>8</ele>
        <time>2025-05-31T10:33:55.000Z</time>
        <extensions>
          <ns3:TrackPointExtension>
            <ns3:hr>149</ns3:hr>
          </ns3:TrackPointExtension>
        </extensions>
      </trkpt>
      <trkpt lat="51.90182176418602466583251953125" lon="4.32323318906128406524658203125">
        <ele>7.80000019073486328125</ele>
        <time>2025-05-31T10:33:56.000Z</time>
        <extensions>
          <ns3:TrackPointExtension>
            <ns3:hr>149</ns3:hr>
          </ns3:TrackPointExtension>
        </extensions>
      </trkpt>
      <trkpt lat="51.90181707032024860382080078125" lon="4.32337685488164424896240234375">
        <ele>7.80000019073486328125</ele>
        <time>2025-05-31T10:33:58.000Z</time>
        <extensions>
          <ns3:TrackPointExtension>
            <ns3:hr>150</ns3:hr>
          </ns3:TrackPointExtension>
        </extensions>
      </trkpt>
      <trkpt lat="51.901750266551971435546875" lon="4.32366569526493549346923828125">
        <ele>8</ele>
        <time>2025-05-31T10:34:03.000Z</time>
        <extensions>
          <ns3:TrackPointExtension>
            <ns3:hr>149</ns3:hr>
          </ns3:TrackPointExtension>
        </extensions>
      </trkpt>
      <trkpt lat="51.901733838021755218505859375" lon="4.32379159145057201385498046875">
        <ele>8.19999980926513671875</ele>
        <time>2025-05-31T10:34:07.000Z</time>
        <extensions>
          <ns3:TrackPointExtension>
            <ns3:hr>147</ns3:hr>
          </ns3:TrackPointExtension>
        </extensions>
      </trkpt>
      <trkpt lat="51.90173685550689697265625" lon="4.32379863224923610687255859375">
        <ele>8.19999980926513671875</ele>
        <time>2025-05-31T10:34:08.000Z</time>
        <extensions>
          <ns3:TrackPointExtension>
            <ns3:hr>146</ns3:hr>
          </ns3:TrackPointExtension>
        </extensions>
      </trkpt>
      <trkpt lat="51.901779435575008392333984375" lon="4.3238190002739429473876953125">
        <ele>8.19999980926513671875</ele>
        <time>2025-05-31T10:34:13.000Z</time>
        <extensions>
          <ns3:TrackPointExtension>
            <ns3:hr>146</ns3:hr>
          </ns3:TrackPointExtension>
        </extensions>
      </trkpt>
      <trkpt lat="51.9018278829753398895263671875" lon="4.32384339161217212677001953125">
        <ele>8.19999980926513671875</ele>
        <time>2025-05-31T10:34:15.000Z</time>
        <extensions>
          <ns3:TrackPointExtension>
            <ns3:hr>146</ns3:hr>
          </ns3:TrackPointExtension>
        </extensions>
      </trkpt>
      <trkpt lat="51.90184338949620723724365234375" lon="4.323914051055908203125">
        <ele>8.3999996185302734375</ele>
        <time>2025-05-31T10:34:17.000Z</time>
        <extensions>
          <ns3:TrackPointExtension>
            <ns3:hr>145</ns3:hr>
          </ns3:TrackPointExtension>
        </extensions>
      </trkpt>
      <trkpt lat="51.9017802737653255462646484375" lon="4.324200041592121124267578125">
        <ele>8.19999980926513671875</ele>
        <time>2025-05-31T10:34:23.000Z</time>
        <extensions>
          <ns3:TrackPointExtension>
            <ns3:hr>142</ns3:hr>
          </ns3:TrackPointExtension>
        </extensions>
      </trkpt>
      <trkpt lat="51.90170466899871826171875" lon="4.32458586059510707855224609375">
        <ele>7.80000019073486328125</ele>
        <time>2025-05-31T10:34:29.000Z</time>
        <extensions>
          <ns3:TrackPointExtension>
            <ns3:hr>145</ns3:hr>
          </ns3:TrackPointExtension>
        </extensions>
      </trkpt>
      <trkpt lat="51.9015891663730144500732421875" lon="4.32512833736836910247802734375">
        <ele>7.400000095367431640625</ele>
        <time>2025-05-31T10:34:36.000Z</time>
        <extensions>
          <ns3:TrackPointExtension>
            <ns3:hr>144</ns3:hr>
          </ns3:TrackPointExtension>
        </extensions>
      </trkpt>
      <trkpt lat="51.9014751724898815155029296875" lon="4.3256884999573230743408203125">
        <ele>7.19999980926513671875</ele>
        <time>2025-05-31T10:34:43.000Z</time>
        <extensions>
          <ns3:TrackPointExtension>
            <ns3:hr>141</ns3:hr>
          </ns3:TrackPointExtension>
        </extensions>
      </trkpt>
      <trkpt lat="51.9014631025493144989013671875" lon="4.3257686309516429901123046875">
        <ele>7.19999980926513671875</ele>
        <time>2025-05-31T10:34:44.000Z</time>
        <extensions>
          <ns3:TrackPointExtension>
            <ns3:hr>141</ns3:hr>
          </ns3:TrackPointExtension>
        </extensions>
      </trkpt>
      <trkpt lat="51.90133921802043914794921875" lon="4.32639551348984241485595703125">
        <ele>7.19999980926513671875</ele>
        <time>2025-05-31T10:34:52.000Z</time>
        <extensions>
          <ns3:TrackPointExtension>
            <ns3:hr>139</ns3:hr>
          </ns3:TrackPointExtension>
        </extensions>
      </trkpt>
      <trkpt lat="51.9011918641626834869384765625" lon="4.3271851725876331329345703125">
        <ele>7.19999980926513671875</ele>
        <time>2025-05-31T10:35:02.000Z</time>
        <extensions>
          <ns3:TrackPointExtension>
            <ns3:hr>138</ns3:hr>
          </ns3:TrackPointExtension>
        </extensions>
      </trkpt>
      <trkpt lat="51.901095807552337646484375" lon="4.32781876064836978912353515625">
        <ele>7.19999980926513671875</ele>
        <time>2025-05-31T10:35:10.000Z</time>
        <extensions>
          <ns3:TrackPointExtension>
            <ns3:hr>138</ns3:hr>
          </ns3:TrackPointExtension>
        </extensions>
      </trkpt>
      <trkpt lat="51.90102799795567989349365234375" lon="4.32836928404867649078369140625">
        <ele>7.19999980926513671875</ele>
        <time>2025-05-31T10:35:17.000Z</time>
        <extensions>
          <ns3:TrackPointExtension>
            <ns3:hr>140</ns3:hr>
          </ns3:TrackPointExtension>
        </extensions>
      </trkpt>
      <trkpt lat="51.9009551592171192169189453125" lon="4.32908778078854084014892578125">
        <ele>7</ele>
        <time>2025-05-31T10:35:26.000Z</time>
        <extensions>
          <ns3:TrackPointExtension>
            <ns3:hr>141</ns3:hr>
          </ns3:TrackPointExtension>
        </extensions>
      </trkpt>
      <trkpt lat="51.90090511925518512725830078125" lon="4.3298449181020259857177734375">
        <ele>7.400000095367431640625</ele>
        <time>2025-05-31T10:35:35.000Z</time>
        <extensions>
          <ns3:TrackPointExtension>
            <ns3:hr>143</ns3:hr>
          </ns3:TrackPointExtension>
        </extensions>
      </trkpt>
      <trkpt lat="51.9008706696331501007080078125" lon="4.33079366572201251983642578125">
        <ele>7.19999980926513671875</ele>
        <time>2025-05-31T10:35:46.000Z</time>
        <extensions>
          <ns3:TrackPointExtension>
            <ns3:hr>142</ns3:hr>
          </ns3:TrackPointExtension>
        </extensions>
      </trkpt>
      <trkpt lat="51.90087293274700641632080078125" lon="4.33141191489994525909423828125">
        <ele>7.400000095367431640625</ele>
        <time>2025-05-31T10:35:53.000Z</time>
        <extensions>
          <ns3:TrackPointExtension>
            <ns3:hr>145</ns3:hr>
          </ns3:TrackPointExtension>
        </extensions>
      </trkpt>
      <trkpt lat="51.90087377093732357025146484375" lon="4.3315001763403415679931640625">
        <ele>7.400000095367431640625</ele>
        <time>2025-05-31T10:35:54.000Z</time>
        <extensions>
          <ns3:TrackPointExtension>
            <ns3:hr>145</ns3:hr>
          </ns3:TrackPointExtension>
        </extensions>
      </trkpt>
      <trkpt lat="51.90090444870293140411376953125" lon="4.332380779087543487548828125">
        <ele>7.400000095367431640625</ele>
        <time>2025-05-31T10:36:04.000Z</time>
        <extensions>
          <ns3:TrackPointExtension>
            <ns3:hr>146</ns3:hr>
          </ns3:TrackPointExtension>
        </extensions>
      </trkpt>
      <trkpt lat="51.9009075500071048736572265625" lon="4.33247004635632038116455078125">
        <ele>7.19999980926513671875</ele>
        <time>2025-05-31T10:36:05.000Z</time>
        <extensions>
          <ns3:TrackPointExtension>
            <ns3:hr>146</ns3:hr>
          </ns3:TrackPointExtension>
        </extensions>
      </trkpt>
      <trkpt lat="51.90097552724182605743408203125" lon="4.33336406014859676361083984375">
        <ele>7.400000095367431640625</ele>
        <time>2025-05-31T10:36:15.000Z</time>
        <extensions>
          <ns3:TrackPointExtension>
            <ns3:hr>147</ns3:hr>
          </ns3:TrackPointExtension>
        </extensions>
      </trkpt>
      <trkpt lat="51.90098441205918788909912109375" lon="4.33344536460936069488525390625">
        <ele>7.400000095367431640625</ele>
        <time>2025-05-31T10:36:16.000Z</time>
        <extensions>
          <ns3:TrackPointExtension>
            <ns3:hr>146</ns3:hr>
          </ns3:TrackPointExtension>
        </extensions>
      </trkpt>
      <trkpt lat="51.90104149281978607177734375" lon="4.33397510088980197906494140625">
        <ele>7.19999980926513671875</ele>
        <time>2025-05-31T10:36:23.000Z</time>
        <extensions>
          <ns3:TrackPointExtension>
            <ns3:hr>143</ns3:hr>
          </ns3:TrackPointExtension>
        </extensions>
      </trkpt>
      <trkpt lat="51.90104979090392589569091796875" lon="4.33404634706676006317138671875">
        <ele>7.19999980926513671875</ele>
        <time>2025-05-31T10:36:24.000Z</time>
        <extensions>
          <ns3:TrackPointExtension>
            <ns3:hr>143</ns3:hr>
          </ns3:TrackPointExtension>
        </extensions>
      </trkpt>
      <trkpt lat="51.90115037374198436737060546875" lon="4.33474523015320301055908203125">
        <ele>6.80000019073486328125</ele>
        <time>2025-05-31T10:36:33.000Z</time>
        <extensions>
          <ns3:TrackPointExtension>
            <ns3:hr>141</ns3:hr>
          </ns3:TrackPointExtension>
        </extensions>
      </trkpt>
      <trkpt lat="51.90124374814331531524658203125" lon="4.33535442687571048736572265625">
        <ele>6.80000019073486328125</ele>
        <time>2025-05-31T10:36:41.000Z</time>
        <extensions>
          <ns3:TrackPointExtension>
            <ns3:hr>142</ns3:hr>
          </ns3:TrackPointExtension>
        </extensions>
      </trkpt>
      <trkpt lat="51.90132915973663330078125" lon="4.33590478263795375823974609375">
        <ele>7.400000095367431640625</ele>
        <time>2025-05-31T10:36:48.000Z</time>
        <extensions>
          <ns3:TrackPointExtension>
            <ns3:hr>142</ns3:hr>
          </ns3:TrackPointExtension>
        </extensions>
      </trkpt>
      <trkpt lat="51.9013573229312896728515625" lon="4.33606353588402271270751953125">
        <ele>7.400000095367431640625</ele>
        <time>2025-05-31T10:36:50.000Z</time>
        <extensions>
          <ns3:TrackPointExtension>
            <ns3:hr>142</ns3:hr>
          </ns3:TrackPointExtension>
        </extensions>
      </trkpt>
      <trkpt lat="51.90143837593495845794677734375" lon="4.33645430020987987518310546875">
        <ele>7.599999904632568359375</ele>
        <time>2025-05-31T10:36:55.000Z</time>
        <extensions>
          <ns3:TrackPointExtension>
            <ns3:hr>141</ns3:hr>
          </ns3:TrackPointExtension>
        </extensions>
      </trkpt>
      <trkpt lat="51.90147274173796176910400390625" lon="4.336687736213207244873046875">
        <ele>7.400000095367431640625</ele>
        <time>2025-05-31T10:36:58.000Z</time>
        <extensions>
          <ns3:TrackPointExtension>
            <ns3:hr>141</ns3:hr>
          </ns3:TrackPointExtension>
        </extensions>
      </trkpt>
      <trkpt lat="51.901488415896892547607421875" lon="4.3370047397911548614501953125">
        <ele>7.599999904632568359375</ele>
        <time>2025-05-31T10:37:02.000Z</time>
        <extensions>
          <ns3:TrackPointExtension>
            <ns3:hr>141</ns3:hr>
          </ns3:TrackPointExtension>
        </extensions>
      </trkpt>
      <trkpt lat="51.901495791971683502197265625" lon="4.33742676861584186553955078125">
        <ele>8</ele>
        <time>2025-05-31T10:37:08.000Z</time>
        <extensions>
          <ns3:TrackPointExtension>
            <ns3:hr>145</ns3:hr>
          </ns3:TrackPointExtension>
        </extensions>
      </trkpt>
      <trkpt lat="51.90150626935064792633056640625" lon="4.33755987323820590972900390625">
        <ele>8.19999980926513671875</ele>
        <time>2025-05-31T10:37:10.000Z</time>
        <extensions>
          <ns3:TrackPointExtension>
            <ns3:hr>148</ns3:hr>
          </ns3:TrackPointExtension>
        </extensions>
      </trkpt>
      <trkpt lat="51.90151356160640716552734375" lon="4.33762944303452968597412109375">
        <ele>8.19999980926513671875</ele>
        <time>2025-05-31T10:37:11.000Z</time>
        <extensions>
          <ns3:TrackPointExtension>
            <ns3:hr>149</ns3:hr>
          </ns3:TrackPointExtension>
        </extensions>
      </trkpt>
      <trkpt lat="51.901560835540294647216796875" lon="4.33811928145587444305419921875">
        <ele>8</ele>
        <time>2025-05-31T10:37:19.000Z</time>
        <extensions>
          <ns3:TrackPointExtension>
            <ns3:hr>149</ns3:hr>
          </ns3:TrackPointExtension>
        </extensions>
      </trkpt>
      <trkpt lat="51.90157818607985973358154296875" lon="4.33833436109125614166259765625">
        <ele>8</ele>
        <time>2025-05-31T10:37:24.000Z</time>
        <extensions>
          <ns3:TrackPointExtension>
            <ns3:hr>149</ns3:hr>
          </ns3:TrackPointExtension>
        </extensions>
      </trkpt>
      <trkpt lat="51.90159260295331478118896484375" lon="4.33836118318140506744384765625">
        <ele>7.80000019073486328125</ele>
        <time>2025-05-31T10:37:25.000Z</time>
        <extensions>
          <ns3:TrackPointExtension>
            <ns3:hr>149</ns3:hr>
          </ns3:TrackPointExtension>
        </extensions>
      </trkpt>
      <trkpt lat="51.90172285772860050201416015625" lon="4.3383367918431758880615234375">
        <ele>7.599999904632568359375</ele>
        <time>2025-05-31T10:37:29.000Z</time>
        <extensions>
          <ns3:TrackPointExtension>
            <ns3:hr>148</ns3:hr>
          </ns3:TrackPointExtension>
        </extensions>
      </trkpt>
      <trkpt lat="51.9018481671810150146484375" lon="4.33830502443015575408935546875">
        <ele>7.599999904632568359375</ele>
        <time>2025-05-31T10:37:32.000Z</time>
        <extensions>
          <ns3:TrackPointExtension>
            <ns3:hr>146</ns3:hr>
          </ns3:TrackPointExtension>
        </extensions>
      </trkpt>
      <trkpt lat="51.9019707106053829193115234375" lon="4.33834760449826717376708984375">
        <ele>7.400000095367431640625</ele>
        <time>2025-05-31T10:37:35.000Z</time>
        <extensions>
          <ns3:TrackPointExtension>
            <ns3:hr>143</ns3:hr>
          </ns3:TrackPointExtension>
        </extensions>
      </trkpt>
      <trkpt lat="51.90200448967516422271728515625" lon="4.3383907712996006011962890625">
        <ele>7.400000095367431640625</ele>
        <time>2025-05-31T10:37:36.000Z</time>
        <extensions>
          <ns3:TrackPointExtension>
            <ns3:hr>144</ns3:hr>
          </ns3:TrackPointExtension>
        </extensions>
      </trkpt>
      <trkpt lat="51.9020495004951953887939453125" lon="4.338514320552349090576171875">
        <ele>7.400000095367431640625</ele>
        <time>2025-05-31T10:37:38.000Z</time>
        <extensions>
          <ns3:TrackPointExtension>
            <ns3:hr>143</ns3:hr>
          </ns3:TrackPointExtension>
        </extensions>
      </trkpt>
      <trkpt lat="51.9020645879209041595458984375" lon="4.3385817110538482666015625">
        <ele>7.400000095367431640625</ele>
        <time>2025-05-31T10:37:39.000Z</time>
        <extensions>
          <ns3:TrackPointExtension>
            <ns3:hr>141</ns3:hr>
          </ns3:TrackPointExtension>
        </extensions>
      </trkpt>
      <trkpt lat="51.90211529843509197235107421875" lon="4.33887834660708904266357421875">
        <ele>7.19999980926513671875</ele>
        <time>2025-05-31T10:37:43.000Z</time>
        <extensions>
          <ns3:TrackPointExtension>
            <ns3:hr>138</ns3:hr>
          </ns3:TrackPointExtension>
        </extensions>
      </trkpt>
      <trkpt lat="51.9021256081759929656982421875" lon="4.338954202830791473388671875">
        <ele>7.19999980926513671875</ele>
        <time>2025-05-31T10:37:44.000Z</time>
        <extensions>
          <ns3:TrackPointExtension>
            <ns3:hr>138</ns3:hr>
          </ns3:TrackPointExtension>
        </extensions>
      </trkpt>
      <trkpt lat="51.9022332318127155303955078125" lon="4.33964076451957225799560546875">
        <ele>7</ele>
        <time>2025-05-31T10:37:53.000Z</time>
        <extensions>
          <ns3:TrackPointExtension>
            <ns3:hr>135</ns3:hr>
          </ns3:TrackPointExtension>
        </extensions>
      </trkpt>
      <trkpt lat="51.90224605612456798553466796875" lon="4.33972156606614589691162109375">
        <ele>7</ele>
        <time>2025-05-31T10:37:54.000Z</time>
        <extensions>
          <ns3:TrackPointExtension>
            <ns3:hr>135</ns3:hr>
          </ns3:TrackPointExtension>
        </extensions>
      </trkpt>
      <trkpt lat="51.90235988236963748931884765625" lon="4.34034953825175762176513671875">
        <ele>7.400000095367431640625</ele>
        <time>2025-05-31T10:38:02.000Z</time>
        <extensions>
          <ns3:TrackPointExtension>
            <ns3:hr>132</ns3:hr>
          </ns3:TrackPointExtension>
        </extensions>
      </trkpt>
      <trkpt lat="51.90239273943006992340087890625" lon="4.3405906856060028076171875">
        <ele>7.19999980926513671875</ele>
        <time>2025-05-31T10:38:05.000Z</time>
        <extensions>
          <ns3:TrackPointExtension>
            <ns3:hr>132</ns3:hr>
          </ns3:TrackPointExtension>
        </extensions>
      </trkpt>
      <trkpt lat="51.90245912410318851470947265625" lon="4.34099041856825351715087890625">
        <ele>7.19999980926513671875</ele>
        <time>2025-05-31T10:38:10.000Z</time>
        <extensions>
          <ns3:TrackPointExtension>
            <ns3:hr>135</ns3:hr>
          </ns3:TrackPointExtension>
        </extensions>
      </trkpt>
      <trkpt lat="51.9024934060871601104736328125" lon="4.341230727732181549072265625">
        <ele>7.400000095367431640625</ele>
        <time>2025-05-31T10:38:13.000Z</time>
        <extensions>
          <ns3:TrackPointExtension>
            <ns3:hr>136</ns3:hr>
          </ns3:TrackPointExtension>
        </extensions>
      </trkpt>
      <trkpt lat="51.90255585126578807830810546875" lon="4.34161336161196231842041015625">
        <ele>6.400000095367431640625</ele>
        <time>2025-05-31T10:38:18.000Z</time>
        <extensions>
          <ns3:TrackPointExtension>
            <ns3:hr>137</ns3:hr>
          </ns3:TrackPointExtension>
        </extensions>
      </trkpt>
      <trkpt lat="51.90261117182672023773193359375" lon="4.34193036518990993499755859375">
        <ele>6.19999980926513671875</ele>
        <time>2025-05-31T10:38:22.000Z</time>
        <extensions>
          <ns3:TrackPointExtension>
            <ns3:hr>138</ns3:hr>
          </ns3:TrackPointExtension>
        </extensions>
      </trkpt>
      <trkpt lat="51.902700103819370269775390625" lon="4.342488013207912445068359375">
        <ele>7.400000095367431640625</ele>
        <time>2025-05-31T10:38:29.000Z</time>
        <extensions>
          <ns3:TrackPointExtension>
            <ns3:hr>141</ns3:hr>
          </ns3:TrackPointExtension>
        </extensions>
      </trkpt>
      <trkpt lat="51.9027576036751270294189453125" lon="4.34280292131006717681884765625">
        <ele>7.400000095367431640625</ele>
        <time>2025-05-31T10:38:33.000Z</time>
        <extensions>
          <ns3:TrackPointExtension>
            <ns3:hr>143</ns3:hr>
          </ns3:TrackPointExtension>
        </extensions>
      </trkpt>
      <trkpt lat="51.90282038412988185882568359375" lon="4.3431148119270801544189453125">
        <ele>7.400000095367431640625</ele>
        <time>2025-05-31T10:38:37.000Z</time>
        <extensions>
          <ns3:TrackPointExtension>
            <ns3:hr>142</ns3:hr>
          </ns3:TrackPointExtension>
        </extensions>
      </trkpt>
      <trkpt lat="51.9029125012457370758056640625" lon="4.34359936974942684173583984375">
        <ele>7</ele>
        <time>2025-05-31T10:38:43.000Z</time>
        <extensions>
          <ns3:TrackPointExtension>
            <ns3:hr>144</ns3:hr>
          </ns3:TrackPointExtension>
        </extensions>
      </trkpt>
      <trkpt lat="51.90293379127979278564453125" lon="4.3436733819544315338134765625">
        <ele>7</ele>
        <time>2025-05-31T10:38:44.000Z</time>
        <extensions>
          <ns3:TrackPointExtension>
            <ns3:hr>145</ns3:hr>
          </ns3:TrackPointExtension>
        </extensions>
      </trkpt>
      <trkpt lat="51.902998499572277069091796875" lon="4.3439855240285396575927734375">
        <ele>7</ele>
        <time>2025-05-31T10:38:48.000Z</time>
        <extensions>
          <ns3:TrackPointExtension>
            <ns3:hr>148</ns3:hr>
          </ns3:TrackPointExtension>
        </extensions>
      </trkpt>
      <trkpt lat="51.9030435942113399505615234375" lon="4.344204626977443695068359375">
        <ele>7.19999980926513671875</ele>
        <time>2025-05-31T10:38:51.000Z</time>
        <extensions>
          <ns3:TrackPointExtension>
            <ns3:hr>150</ns3:hr>
          </ns3:TrackPointExtension>
        </extensions>
      </trkpt>
      <trkpt lat="51.9031699933111667633056640625" lon="4.34487928636372089385986328125">
        <ele>7</ele>
        <time>2025-05-31T10:39:00.000Z</time>
        <extensions>
          <ns3:TrackPointExtension>
            <ns3:hr>149</ns3:hr>
          </ns3:TrackPointExtension>
        </extensions>
      </trkpt>
      <trkpt lat="51.9033218733966350555419921875" lon="4.34549854137003421783447265625">
        <ele>7.400000095367431640625</ele>
        <time>2025-05-31T10:39:08.000Z</time>
        <extensions>
          <ns3:TrackPointExtension>
            <ns3:hr>148</ns3:hr>
          </ns3:TrackPointExtension>
        </extensions>
      </trkpt>
      <trkpt lat="51.90339513123035430908203125" lon="4.345934651792049407958984375">
        <ele>7.599999904632568359375</ele>
        <time>2025-05-31T10:39:14.000Z</time>
        <extensions>
          <ns3:TrackPointExtension>
            <ns3:hr>148</ns3:hr>
          </ns3:TrackPointExtension>
        </extensions>
      </trkpt>
      <trkpt lat="51.9034180976450443267822265625" lon="4.34626691043376922607421875">
        <ele>7.80000019073486328125</ele>
        <time>2025-05-31T10:39:20.000Z</time>
        <extensions>
          <ns3:TrackPointExtension>
            <ns3:hr>145</ns3:hr>
          </ns3:TrackPointExtension>
        </extensions>
      </trkpt>
      <trkpt lat="51.90344952978193759918212890625" lon="4.3465624563395977020263671875">
        <ele>7.80000019073486328125</ele>
        <time>2025-05-31T10:39:27.000Z</time>
        <extensions>
          <ns3:TrackPointExtension>
            <ns3:hr>142</ns3:hr>
          </ns3:TrackPointExtension>
        </extensions>
      </trkpt>
      <trkpt lat="51.90346218645572662353515625" lon="4.3465881049633026123046875">
        <ele>7.80000019073486328125</ele>
        <time>2025-05-31T10:39:28.000Z</time>
        <extensions>
          <ns3:TrackPointExtension>
            <ns3:hr>142</ns3:hr>
          </ns3:TrackPointExtension>
        </extensions>
      </trkpt>
      <trkpt lat="51.90350904129445552825927734375" lon="4.3465983308851718902587890625">
        <ele>7.80000019073486328125</ele>
        <time>2025-05-31T10:39:30.000Z</time>
        <extensions>
          <ns3:TrackPointExtension>
            <ns3:hr>141</ns3:hr>
          </ns3:TrackPointExtension>
        </extensions>
      </trkpt>
      <trkpt lat="51.90374205820262432098388671875" lon="4.3465037830173969268798828125">
        <ele>7.599999904632568359375</ele>
        <time>2025-05-31T10:39:38.000Z</time>
        <extensions>
          <ns3:TrackPointExtension>
            <ns3:hr>139</ns3:hr>
          </ns3:TrackPointExtension>
        </extensions>
      </trkpt>
      <trkpt lat="51.9038968719542026519775390625" lon="4.3464323692023754119873046875">
        <ele>7.400000095367431640625</ele>
        <time>2025-05-31T10:39:42.000Z</time>
        <extensions>
          <ns3:TrackPointExtension>
            <ns3:hr>136</ns3:hr>
          </ns3:TrackPointExtension>
        </extensions>
      </trkpt>
      <trkpt lat="51.90402922220528125762939453125" lon="4.3463760428130626678466796875">
        <ele>7</ele>
        <time>2025-05-31T10:39:45.000Z</time>
        <extensions>
          <ns3:TrackPointExtension>
            <ns3:hr>134</ns3:hr>
          </ns3:TrackPointExtension>
        </extensions>
      </trkpt>
      <trkpt lat="51.904249079525470733642578125" lon="4.34629113413393497467041015625">
        <ele>6.400000095367431640625</ele>
        <time>2025-05-31T10:39:51.000Z</time>
        <extensions>
          <ns3:TrackPointExtension>
            <ns3:hr>133</ns3:hr>
          </ns3:TrackPointExtension>
        </extensions>
      </trkpt>
      <trkpt lat="51.90427648834884166717529296875" lon="4.3462972529232501983642578125">
        <ele>6.400000095367431640625</ele>
        <time>2025-05-31T10:39:52.000Z</time>
        <extensions>
          <ns3:TrackPointExtension>
            <ns3:hr>133</ns3:hr>
          </ns3:TrackPointExtension>
        </extensions>
      </trkpt>
      <trkpt lat="51.90432677976787090301513671875" lon="4.3464038707315921783447265625">
        <ele>6.400000095367431640625</ele>
        <time>2025-05-31T10:39:55.000Z</time>
        <extensions>
          <ns3:TrackPointExtension>
            <ns3:hr>134</ns3:hr>
          </ns3:TrackPointExtension>
        </extensions>
      </trkpt>
      <trkpt lat="51.90441227518022060394287109375" lon="4.34677192009985446929931640625">
        <ele>6.599999904632568359375</ele>
        <time>2025-05-31T10:40:02.000Z</time>
        <extensions>
          <ns3:TrackPointExtension>
            <ns3:hr>135</ns3:hr>
          </ns3:TrackPointExtension>
        </extensions>
      </trkpt>
      <trkpt lat="51.90444228239357471466064453125" lon="4.3470011651515960693359375">
        <ele>6.599999904632568359375</ele>
        <time>2025-05-31T10:40:07.000Z</time>
        <extensions>
          <ns3:TrackPointExtension>
            <ns3:hr>135</ns3:hr>
          </ns3:TrackPointExtension>
        </extensions>
      </trkpt>
      <trkpt lat="51.90442199818789958953857421875" lon="4.347038380801677703857421875">
        <ele>6.599999904632568359375</ele>
        <time>2025-05-31T10:40:08.000Z</time>
        <extensions>
          <ns3:TrackPointExtension>
            <ns3:hr>136</ns3:hr>
          </ns3:TrackPointExtension>
        </extensions>
      </trkpt>
      <trkpt lat="51.90427229739725589752197265625" lon="4.34725823812186717987060546875">
        <ele>6.599999904632568359375</ele>
        <time>2025-05-31T10:40:14.000Z</time>
        <extensions>
          <ns3:TrackPointExtension>
            <ns3:hr>135</ns3:hr>
          </ns3:TrackPointExtension>
        </extensions>
      </trkpt>
      <trkpt lat="51.90409443341195583343505859375" lon="4.34745244681835174560546875">
        <ele>6.80000019073486328125</ele>
        <time>2025-05-31T10:40:19.000Z</time>
        <extensions>
          <ns3:TrackPointExtension>
            <ns3:hr>135</ns3:hr>
          </ns3:TrackPointExtension>
        </extensions>
      </trkpt>
      <trkpt lat="51.9039537012577056884765625" lon="4.34755713678896427154541015625">
        <ele>7</ele>
        <time>2025-05-31T10:40:23.000Z</time>
        <extensions>
          <ns3:TrackPointExtension>
            <ns3:hr>138</ns3:hr>
          </ns3:TrackPointExtension>
        </extensions>
      </trkpt>
      <trkpt lat="51.90384884364902973175048828125" lon="4.34760156087577342987060546875">
        <ele>7.19999980926513671875</ele>
        <time>2025-05-31T10:40:26.000Z</time>
        <extensions>
          <ns3:TrackPointExtension>
            <ns3:hr>139</ns3:hr>
          </ns3:TrackPointExtension>
        </extensions>
      </trkpt>
      <trkpt lat="51.90374440513551235198974609375" lon="4.34766962192952632904052734375">
        <ele>7.400000095367431640625</ele>
        <time>2025-05-31T10:40:30.000Z</time>
        <extensions>
          <ns3:TrackPointExtension>
            <ns3:hr>140</ns3:hr>
          </ns3:TrackPointExtension>
        </extensions>
      </trkpt>
      <trkpt lat="51.903740130364894866943359375" lon="4.347697533667087554931640625">
        <ele>7.400000095367431640625</ele>
        <time>2025-05-31T10:40:31.000Z</time>
        <extensions>
          <ns3:TrackPointExtension>
            <ns3:hr>141</ns3:hr>
          </ns3:TrackPointExtension>
        </extensions>
      </trkpt>
      <trkpt lat="51.90377625636756420135498046875" lon="4.34794639237225055694580078125">
        <ele>7.599999904632568359375</ele>
        <time>2025-05-31T10:40:36.000Z</time>
        <extensions>
          <ns3:TrackPointExtension>
            <ns3:hr>142</ns3:hr>
          </ns3:TrackPointExtension>
        </extensions>
      </trkpt>
      <trkpt lat="51.90387331880629062652587890625" lon="4.34835970401763916015625">
        <ele>8.3999996185302734375</ele>
        <time>2025-05-31T10:40:43.000Z</time>
        <extensions>
          <ns3:TrackPointExtension>
            <ns3:hr>145</ns3:hr>
          </ns3:TrackPointExtension>
        </extensions>
      </trkpt>
      <trkpt lat="51.90388597548007965087890625" lon="4.3484185449779033660888671875">
        <ele>8.3999996185302734375</ele>
        <time>2025-05-31T10:40:44.000Z</time>
        <extensions>
          <ns3:TrackPointExtension>
            <ns3:hr>145</ns3:hr>
          </ns3:TrackPointExtension>
        </extensions>
      </trkpt>
      <trkpt lat="51.90394104458391666412353515625" lon="4.34865533374249935150146484375">
        <ele>8.80000019073486328125</ele>
        <time>2025-05-31T10:40:48.000Z</time>
        <extensions>
          <ns3:TrackPointExtension>
            <ns3:hr>148</ns3:hr>
          </ns3:TrackPointExtension>
        </extensions>
      </trkpt>
      <trkpt lat="51.903976164758205413818359375" lon="4.34883403591811656951904296875">
        <ele>9</ele>
        <time>2025-05-31T10:40:51.000Z</time>
        <extensions>
          <ns3:TrackPointExtension>
            <ns3:hr>151</ns3:hr>
          </ns3:TrackPointExtension>
        </extensions>
      </trkpt>
      <trkpt lat="51.90400240011513233184814453125" lon="4.3489419110119342803955078125">
        <ele>9</ele>
        <time>2025-05-31T10:40:53.000Z</time>
        <extensions>
          <ns3:TrackPointExtension>
            <ns3:hr>150</ns3:hr>
          </ns3:TrackPointExtension>
        </extensions>
      </trkpt>
      <trkpt lat="51.90404682420194149017333984375" lon="4.34916637837886810302734375">
        <ele>9</ele>
        <time>2025-05-31T10:40:57.000Z</time>
        <extensions>
          <ns3:TrackPointExtension>
            <ns3:hr>146</ns3:hr>
          </ns3:TrackPointExtension>
        </extensions>
      </trkpt>
      <trkpt lat="51.904132068157196044921875" lon="4.34951481409370899200439453125">
        <ele>9</ele>
        <time>2025-05-31T10:41:03.000Z</time>
        <extensions>
          <ns3:TrackPointExtension>
            <ns3:hr>144</ns3:hr>
          </ns3:TrackPointExtension>
        </extensions>
      </trkpt>
      <trkpt lat="51.9042482413351535797119140625" lon="4.350092075765132904052734375">
        <ele>9</ele>
        <time>2025-05-31T10:41:12.000Z</time>
        <extensions>
          <ns3:TrackPointExtension>
            <ns3:hr>142</ns3:hr>
          </ns3:TrackPointExtension>
        </extensions>
      </trkpt>
      <trkpt lat="51.90436516888439655303955078125" lon="4.35061569325625896453857421875">
        <ele>9</ele>
        <time>2025-05-31T10:41:20.000Z</time>
        <extensions>
          <ns3:TrackPointExtension>
            <ns3:hr>145</ns3:hr>
          </ns3:TrackPointExtension>
        </extensions>
      </trkpt>
      <trkpt lat="51.9044011272490024566650390625" lon="4.350744523108005523681640625">
        <ele>9.19999980926513671875</ele>
        <time>2025-05-31T10:41:22.000Z</time>
        <extensions>
          <ns3:TrackPointExtension>
            <ns3:hr>147</ns3:hr>
          </ns3:TrackPointExtension>
        </extensions>
      </trkpt>
      <trkpt lat="51.90451906062662601470947265625" lon="4.3511312641203403472900390625">
        <ele>9.19999980926513671875</ele>
        <time>2025-05-31T10:41:28.000Z</time>
        <extensions>
          <ns3:TrackPointExtension>
            <ns3:hr>150</ns3:hr>
          </ns3:TrackPointExtension>
        </extensions>
      </trkpt>
      <trkpt lat="51.9045426137745380401611328125" lon="4.35119287110865116119384765625">
        <ele>9.19999980926513671875</ele>
        <time>2025-05-31T10:41:29.000Z</time>
        <extensions>
          <ns3:TrackPointExtension>
            <ns3:hr>150</ns3:hr>
          </ns3:TrackPointExtension>
        </extensions>
      </trkpt>
      <trkpt lat="51.90458460710942745208740234375" lon="4.35132027603685855865478515625">
        <ele>9.19999980926513671875</ele>
        <time>2025-05-31T10:41:31.000Z</time>
        <extensions>
          <ns3:TrackPointExtension>
            <ns3:hr>151</ns3:hr>
          </ns3:TrackPointExtension>
        </extensions>
      </trkpt>
      <trkpt lat="51.90472173504531383514404296875" lon="4.35177809558808803558349609375">
        <ele>9.19999980926513671875</ele>
        <time>2025-05-31T10:41:38.000Z</time>
        <extensions>
          <ns3:TrackPointExtension>
            <ns3:hr>148</ns3:hr>
          </ns3:TrackPointExtension>
        </extensions>
      </trkpt>
      <trkpt lat="51.9048068113625049591064453125" lon="4.35207657516002655029296875">
        <ele>9.19999980926513671875</ele>
        <time>2025-05-31T10:41:43.000Z</time>
        <extensions>
          <ns3:TrackPointExtension>
            <ns3:hr>145</ns3:hr>
          </ns3:TrackPointExtension>
        </extensions>
      </trkpt>
      <trkpt lat="51.90482432954013347625732421875" lon="4.35213281773030757904052734375">
        <ele>9.19999980926513671875</ele>
        <time>2025-05-31T10:41:44.000Z</time>
        <extensions>
          <ns3:TrackPointExtension>
            <ns3:hr>145</ns3:hr>
          </ns3:TrackPointExtension>
        </extensions>
      </trkpt>
      <trkpt lat="51.90509070642292499542236328125" lon="4.352931194007396697998046875">
        <ele>9.19999980926513671875</ele>
        <time>2025-05-31T10:41:56.000Z</time>
        <extensions>
          <ns3:TrackPointExtension>
            <ns3:hr>144</ns3:hr>
          </ns3:TrackPointExtension>
        </extensions>
      </trkpt>
      <trkpt lat="51.9053667224943637847900390625" lon="4.35372479259967803955078125">
        <ele>9</ele>
        <time>2025-05-31T10:42:08.000Z</time>
        <extensions>
          <ns3:TrackPointExtension>
            <ns3:hr>143</ns3:hr>
          </ns3:TrackPointExtension>
        </extensions>
      </trkpt>
      <trkpt lat="51.9053905270993709564208984375" lon="4.3537876568734645843505859375">
        <ele>9</ele>
        <time>2025-05-31T10:42:09.000Z</time>
        <extensions>
          <ns3:TrackPointExtension>
            <ns3:hr>143</ns3:hr>
          </ns3:TrackPointExtension>
        </extensions>
      </trkpt>
      <trkpt lat="51.9055585004389286041259765625" lon="4.3542235158383846282958984375">
        <ele>9</ele>
        <time>2025-05-31T10:42:16.000Z</time>
        <extensions>
          <ns3:TrackPointExtension>
            <ns3:hr>140</ns3:hr>
          </ns3:TrackPointExtension>
        </extensions>
      </trkpt>
      <trkpt lat="51.90562714822590351104736328125" lon="4.35441001318395137786865234375">
        <ele>9.19999980926513671875</ele>
        <time>2025-05-31T10:42:19.000Z</time>
        <extensions>
          <ns3:TrackPointExtension>
            <ns3:hr>140</ns3:hr>
          </ns3:TrackPointExtension>
        </extensions>
      </trkpt>
      <trkpt lat="51.90589897334575653076171875" lon="4.35506782494485378265380859375">
        <ele>9</ele>
        <time>2025-05-31T10:42:30.000Z</time>
        <extensions>
          <ns3:TrackPointExtension>
            <ns3:hr>140</ns3:hr>
          </ns3:TrackPointExtension>
        </extensions>
      </trkpt>
      <trkpt lat="51.906005926430225372314453125" lon="4.35532799921929836273193359375">
        <ele>8.80000019073486328125</ele>
        <time>2025-05-31T10:42:35.000Z</time>
        <extensions>
          <ns3:TrackPointExtension>
            <ns3:hr>140</ns3:hr>
          </ns3:TrackPointExtension>
        </extensions>
      </trkpt>
      <trkpt lat="51.9060687907040119171142578125" lon="4.355404190719127655029296875">
        <ele>9</ele>
        <time>2025-05-31T10:42:37.000Z</time>
        <extensions>
          <ns3:TrackPointExtension>
            <ns3:hr>140</ns3:hr>
          </ns3:TrackPointExtension>
        </extensions>
      </trkpt>
      <trkpt lat="51.90620005130767822265625" lon="4.355561099946498870849609375">
        <ele>9</ele>
        <time>2025-05-31T10:42:41.000Z</time>
        <extensions>
          <ns3:TrackPointExtension>
            <ns3:hr>138</ns3:hr>
          </ns3:TrackPointExtension>
        </extensions>
      </trkpt>
      <trkpt lat="51.90622544847428798675537109375" lon="4.3556199409067630767822265625">
        <ele>9</ele>
        <time>2025-05-31T10:42:42.000Z</time>
        <extensions>
          <ns3:TrackPointExtension>
            <ns3:hr>137</ns3:hr>
          </ns3:TrackPointExtension>
        </extensions>
      </trkpt>
      <trkpt lat="51.9064372591674327850341796875" lon="4.3561044149100780487060546875">
        <ele>9</ele>
        <time>2025-05-31T10:42:50.000Z</time>
        <extensions>
          <ns3:TrackPointExtension>
            <ns3:hr>136</ns3:hr>
          </ns3:TrackPointExtension>
        </extensions>
      </trkpt>
      <trkpt lat="51.90671981312334537506103515625" lon="4.35663138516247272491455078125">
        <ele>9</ele>
        <time>2025-05-31T10:42:59.000Z</time>
        <extensions>
          <ns3:TrackPointExtension>
            <ns3:hr>140</ns3:hr>
          </ns3:TrackPointExtension>
        </extensions>
      </trkpt>
      <trkpt lat="51.9068134389817714691162109375" lon="4.35679298825562000274658203125">
        <ele>9</ele>
        <time>2025-05-31T10:43:02.000Z</time>
        <extensions>
          <ns3:TrackPointExtension>
            <ns3:hr>141</ns3:hr>
          </ns3:TrackPointExtension>
        </extensions>
      </trkpt>
      <trkpt lat="51.90699557773768901824951171875" lon="4.35712792910635471343994140625">
        <ele>9</ele>
        <time>2025-05-31T10:43:08.000Z</time>
        <extensions>
          <ns3:TrackPointExtension>
            <ns3:hr>138</ns3:hr>
          </ns3:TrackPointExtension>
        </extensions>
      </trkpt>
      <trkpt lat="51.90708979032933712005615234375" lon="4.35728886164724826812744140625">
        <ele>9</ele>
        <time>2025-05-31T10:43:11.000Z</time>
        <extensions>
          <ns3:TrackPointExtension>
            <ns3:hr>138</ns3:hr>
          </ns3:TrackPointExtension>
        </extensions>
      </trkpt>
      <trkpt lat="51.9073565863072872161865234375" lon="4.35778833925724029541015625">
        <ele>8.80000019073486328125</ele>
        <time>2025-05-31T10:43:20.000Z</time>
        <extensions>
          <ns3:TrackPointExtension>
            <ns3:hr>136</ns3:hr>
          </ns3:TrackPointExtension>
        </extensions>
      </trkpt>
      <trkpt lat="51.90741165541112422943115234375" lon="4.3579232878983020782470703125">
        <ele>8.6000003814697265625</ele>
        <time>2025-05-31T10:43:22.000Z</time>
        <extensions>
          <ns3:TrackPointExtension>
            <ns3:hr>136</ns3:hr>
          </ns3:TrackPointExtension>
        </extensions>
      </trkpt>
      <trkpt lat="51.9076497852802276611328125" lon="4.35848697088658809661865234375">
        <ele>7.400000095367431640625</ele>
        <time>2025-05-31T10:43:30.000Z</time>
        <extensions>
          <ns3:TrackPointExtension>
            <ns3:hr>135</ns3:hr>
          </ns3:TrackPointExtension>
        </extensions>
      </trkpt>
      <trkpt lat="51.90768406726419925689697265625" lon="4.35855419375002384185791015625">
        <ele>7.19999980926513671875</ele>
        <time>2025-05-31T10:43:31.000Z</time>
        <extensions>
          <ns3:TrackPointExtension>
            <ns3:hr>135</ns3:hr>
          </ns3:TrackPointExtension>
        </extensions>
      </trkpt>
      <trkpt lat="51.90789830870926380157470703125" lon="4.35893892310559749603271484375">
        <ele>7</ele>
        <time>2025-05-31T10:43:37.000Z</time>
        <extensions>
          <ns3:TrackPointExtension>
            <ns3:hr>132</ns3:hr>
          </ns3:TrackPointExtension>
        </extensions>
      </trkpt>
      <trkpt lat="51.9079765118658542633056640625" lon="4.35906046070158481597900390625">
        <ele>7</ele>
        <time>2025-05-31T10:43:39.000Z</time>
        <extensions>
          <ns3:TrackPointExtension>
            <ns3:hr>130</ns3:hr>
          </ns3:TrackPointExtension>
        </extensions>
      </trkpt>
      <trkpt lat="51.90817139111459255218505859375" lon="4.35936824418604373931884765625">
        <ele>7</ele>
        <time>2025-05-31T10:43:44.000Z</time>
        <extensions>
          <ns3:TrackPointExtension>
            <ns3:hr>133</ns3:hr>
          </ns3:TrackPointExtension>
        </extensions>
      </trkpt>
      <trkpt lat="51.908283792436122894287109375" lon="4.3595497123897075653076171875">
        <ele>7.19999980926513671875</ele>
        <time>2025-05-31T10:43:47.000Z</time>
        <extensions>
          <ns3:TrackPointExtension>
            <ns3:hr>131</ns3:hr>
          </ns3:TrackPointExtension>
        </extensions>
      </trkpt>
      <trkpt lat="51.90836031921207904815673828125" lon="4.359661526978015899658203125">
        <ele>7.19999980926513671875</ele>
        <time>2025-05-31T10:43:49.000Z</time>
        <extensions>
          <ns3:TrackPointExtension>
            <ns3:hr>128</ns3:hr>
          </ns3:TrackPointExtension>
        </extensions>
      </trkpt>
      <trkpt lat="51.90872392617166042327880859375" lon="4.360231496393680572509765625">
        <ele>7.19999980926513671875</ele>
        <time>2025-05-31T10:43:59.000Z</time>
        <extensions>
          <ns3:TrackPointExtension>
            <ns3:hr>130</ns3:hr>
          </ns3:TrackPointExtension>
        </extensions>
      </trkpt>
      <trkpt lat="51.9091008603572845458984375" lon="4.36077003367245197296142578125">
        <ele>7.19999980926513671875</ele>
        <time>2025-05-31T10:44:09.000Z</time>
        <extensions>
          <ns3:TrackPointExtension>
            <ns3:hr>131</ns3:hr>
          </ns3:TrackPointExtension>
        </extensions>
      </trkpt>
      <trkpt lat="51.909175626933574676513671875" lon="4.36087363399565219879150390625">
        <ele>7.400000095367431640625</ele>
        <time>2025-05-31T10:44:11.000Z</time>
        <extensions>
          <ns3:TrackPointExtension>
            <ns3:hr>131</ns3:hr>
          </ns3:TrackPointExtension>
        </extensions>
      </trkpt>
      <trkpt lat="51.9092797301709651947021484375" lon="4.361024089157581329345703125">
        <ele>7.400000095367431640625</ele>
        <time>2025-05-31T10:44:14.000Z</time>
        <extensions>
          <ns3:TrackPointExtension>
            <ns3:hr>128</ns3:hr>
          </ns3:TrackPointExtension>
        </extensions>
      </trkpt>
      <trkpt lat="51.90942163579165935516357421875" lon="4.36121846549212932586669921875">
        <ele>7.400000095367431640625</ele>
        <time>2025-05-31T10:44:18.000Z</time>
        <extensions>
          <ns3:TrackPointExtension>
            <ns3:hr>131</ns3:hr>
          </ns3:TrackPointExtension>
        </extensions>
      </trkpt>
      <trkpt lat="51.9094554148614406585693359375" lon="4.361262805759906768798828125">
        <ele>7.400000095367431640625</ele>
        <time>2025-05-31T10:44:19.000Z</time>
        <extensions>
          <ns3:TrackPointExtension>
            <ns3:hr>132</ns3:hr>
          </ns3:TrackPointExtension>
        </extensions>
      </trkpt>
      <trkpt lat="51.9097414053976535797119140625" lon="4.36169564723968505859375">
        <ele>7.599999904632568359375</ele>
        <time>2025-05-31T10:44:28.000Z</time>
        <extensions>
          <ns3:TrackPointExtension>
            <ns3:hr>131</ns3:hr>
          </ns3:TrackPointExtension>
        </extensions>
      </trkpt>
      <trkpt lat="51.90976194106042385101318359375" lon="4.36174987815320491790771484375">
        <ele>7.599999904632568359375</ele>
        <time>2025-05-31T10:44:29.000Z</time>
        <extensions>
          <ns3:TrackPointExtension>
            <ns3:hr>133</ns3:hr>
          </ns3:TrackPointExtension>
        </extensions>
      </trkpt>
      <trkpt lat="51.90980150364339351654052734375" lon="4.36185163445770740509033203125">
        <ele>7.80000019073486328125</ele>
        <time>2025-05-31T10:44:31.000Z</time>
        <extensions>
          <ns3:TrackPointExtension>
            <ns3:hr>136</ns3:hr>
          </ns3:TrackPointExtension>
        </extensions>
      </trkpt>
      <trkpt lat="51.90981768071651458740234375" lon="4.36190779320895671844482421875">
        <ele>8</ele>
        <time>2025-05-31T10:44:32.000Z</time>
        <extensions>
          <ns3:TrackPointExtension>
            <ns3:hr>138</ns3:hr>
          </ns3:TrackPointExtension>
        </extensions>
      </trkpt>
      <trkpt lat="51.90984450280666351318359375" lon="4.36208582483232021331787109375">
        <ele>8.3999996185302734375</ele>
        <time>2025-05-31T10:44:35.000Z</time>
        <extensions>
          <ns3:TrackPointExtension>
            <ns3:hr>140</ns3:hr>
          </ns3:TrackPointExtension>
        </extensions>
      </trkpt>
      <trkpt lat="51.90984458662569522857666015625" lon="4.36214416287839412689208984375">
        <ele>8.3999996185302734375</ele>
        <time>2025-05-31T10:44:36.000Z</time>
        <extensions>
          <ns3:TrackPointExtension>
            <ns3:hr>141</ns3:hr>
          </ns3:TrackPointExtension>
        </extensions>
      </trkpt>
      <trkpt lat="51.90983821637928485870361328125" lon="4.3623767606914043426513671875">
        <ele>8.80000019073486328125</ele>
        <time>2025-05-31T10:44:40.000Z</time>
        <extensions>
          <ns3:TrackPointExtension>
            <ns3:hr>144</ns3:hr>
          </ns3:TrackPointExtension>
        </extensions>
      </trkpt>
      <trkpt lat="51.90983888693153858184814453125" lon="4.36250609345734119415283203125">
        <ele>8.6000003814697265625</ele>
        <time>2025-05-31T10:44:42.000Z</time>
        <extensions>
          <ns3:TrackPointExtension>
            <ns3:hr>145</ns3:hr>
          </ns3:TrackPointExtension>
        </extensions>
      </trkpt>
      <trkpt lat="51.9098429940640926361083984375" lon="4.36265579424798488616943359375">
        <ele>8.6000003814697265625</ele>
        <time>2025-05-31T10:44:44.000Z</time>
        <extensions>
          <ns3:TrackPointExtension>
            <ns3:hr>146</ns3:hr>
          </ns3:TrackPointExtension>
        </extensions>
      </trkpt>
      <trkpt lat="51.90981625579297542572021484375" lon="4.36281689442694187164306640625">
        <ele>8.19999980926513671875</ele>
        <time>2025-05-31T10:44:46.000Z</time>
        <extensions>
          <ns3:TrackPointExtension>
            <ns3:hr>148</ns3:hr>
          </ns3:TrackPointExtension>
        </extensions>
      </trkpt>
      <trkpt lat="51.90975724719464778900146484375" lon="4.36315066181123256683349609375">
        <ele>7.400000095367431640625</ele>
        <time>2025-05-31T10:44:50.000Z</time>
        <extensions>
          <ns3:TrackPointExtension>
            <ns3:hr>149</ns3:hr>
          </ns3:TrackPointExtension>
        </extensions>
      </trkpt>
      <trkpt lat="51.909680552780628204345703125" lon="4.363610409200191497802734375">
        <ele>6.400000095367431640625</ele>
        <time>2025-05-31T10:44:55.000Z</time>
        <extensions>
          <ns3:TrackPointExtension>
            <ns3:hr>147</ns3:hr>
          </ns3:TrackPointExtension>
        </extensions>
      </trkpt>
      <trkpt lat="51.90967158414423465728759765625" lon="4.36370185576379299163818359375">
        <ele>6.19999980926513671875</ele>
        <time>2025-05-31T10:44:56.000Z</time>
        <extensions>
          <ns3:TrackPointExtension>
            <ns3:hr>147</ns3:hr>
          </ns3:TrackPointExtension>
        </extensions>
      </trkpt>
      <trkpt lat="51.9096408225595951080322265625" lon="4.36388441361486911773681640625">
        <ele>5.80000019073486328125</ele>
        <time>2025-05-31T10:44:58.000Z</time>
        <extensions>
          <ns3:TrackPointExtension>
            <ns3:hr>147</ns3:hr>
          </ns3:TrackPointExtension>
        </extensions>
      </trkpt>
      <trkpt lat="51.909575276076793670654296875" lon="4.36411642469465732574462890625">
        <ele>5.80000019073486328125</ele>
        <time>2025-05-31T10:45:01.000Z</time>
        <extensions>
          <ns3:TrackPointExtension>
            <ns3:hr>148</ns3:hr>
          </ns3:TrackPointExtension>
        </extensions>
      </trkpt>
      <trkpt lat="51.909484751522541046142578125" lon="4.36449914239346981048583984375">
        <ele>6.80000019073486328125</ele>
        <time>2025-05-31T10:45:07.000Z</time>
        <extensions>
          <ns3:TrackPointExtension>
            <ns3:hr>145</ns3:hr>
          </ns3:TrackPointExtension>
        </extensions>
      </trkpt>
      <trkpt lat="51.90946874208748340606689453125" lon="4.36455295421183109283447265625">
        <ele>7</ele>
        <time>2025-05-31T10:45:08.000Z</time>
        <extensions>
          <ns3:TrackPointExtension>
            <ns3:hr>145</ns3:hr>
          </ns3:TrackPointExtension>
        </extensions>
      </trkpt>
      <trkpt lat="51.90943202935159206390380859375" lon="4.364723861217498779296875">
        <ele>7.19999980926513671875</ele>
        <time>2025-05-31T10:45:11.000Z</time>
        <extensions>
          <ns3:TrackPointExtension>
            <ns3:hr>146</ns3:hr>
          </ns3:TrackPointExtension>
        </extensions>
      </trkpt>
      <trkpt lat="51.9093990884721279144287109375" lon="4.364881776273250579833984375">
        <ele>7.80000019073486328125</ele>
        <time>2025-05-31T10:45:14.000Z</time>
        <extensions>
          <ns3:TrackPointExtension>
            <ns3:hr>146</ns3:hr>
          </ns3:TrackPointExtension>
        </extensions>
      </trkpt>
      <trkpt lat="51.90935374237596988677978515625" lon="4.3650961853563785552978515625">
        <ele>8.3999996185302734375</ele>
        <time>2025-05-31T10:45:18.000Z</time>
        <extensions>
          <ns3:TrackPointExtension>
            <ns3:hr>146</ns3:hr>
          </ns3:TrackPointExtension>
        </extensions>
      </trkpt>
      <trkpt lat="51.90931669436395168304443359375" lon="4.3652939982712268829345703125">
        <ele>8.6000003814697265625</ele>
        <time>2025-05-31T10:45:22.000Z</time>
        <extensions>
          <ns3:TrackPointExtension>
            <ns3:hr>149</ns3:hr>
          </ns3:TrackPointExtension>
        </extensions>
      </trkpt>
      <trkpt lat="51.9093085639178752899169921875" lon="4.36533967964351177215576171875">
        <ele>8.6000003814697265625</ele>
        <time>2025-05-31T10:45:23.000Z</time>
        <extensions>
          <ns3:TrackPointExtension>
            <ns3:hr>150</ns3:hr>
          </ns3:TrackPointExtension>
        </extensions>
      </trkpt>
      <trkpt lat="51.90926405601203441619873046875" lon="4.36545518226921558380126953125">
        <ele>8.80000019073486328125</ele>
        <time>2025-05-31T10:45:27.000Z</time>
        <extensions>
          <ns3:TrackPointExtension>
            <ns3:hr>151</ns3:hr>
          </ns3:TrackPointExtension>
        </extensions>
      </trkpt>
      <trkpt lat="51.9092582724988460540771484375" lon="4.36545970849692821502685546875">
        <ele>8.6000003814697265625</ele>
        <time>2025-05-31T10:45:31.000Z</time>
        <extensions>
          <ns3:TrackPointExtension>
            <ns3:hr>151</ns3:hr>
          </ns3:TrackPointExtension>
        </extensions>
      </trkpt>
      <trkpt lat="51.90922868438065052032470703125" lon="4.365464486181735992431640625">
        <ele>8.6000003814697265625</ele>
        <time>2025-05-31T10:45:39.000Z</time>
        <extensions>
          <ns3:TrackPointExtension>
            <ns3:hr>149</ns3:hr>
          </ns3:TrackPointExtension>
        </extensions>
      </trkpt>
      <trkpt lat="51.90920672379434108734130859375" lon="4.3654649890959262847900390625">
        <ele>8.6000003814697265625</ele>
        <time>2025-05-31T10:45:40.000Z</time>
        <extensions>
          <ns3:TrackPointExtension>
            <ns3:hr>148</ns3:hr>
          </ns3:TrackPointExtension>
        </extensions>
      </trkpt>
      <trkpt lat="51.90904344432055950164794921875" lon="4.36547127552330493927001953125">
        <ele>8.6000003814697265625</ele>
        <time>2025-05-31T10:45:46.000Z</time>
        <extensions>
          <ns3:TrackPointExtension>
            <ns3:hr>147</ns3:hr>
          </ns3:TrackPointExtension>
        </extensions>
      </trkpt>
      <trkpt lat="51.9089115969836711883544921875" lon="4.36551578342914581298828125">
        <ele>8.6000003814697265625</ele>
        <time>2025-05-31T10:45:50.000Z</time>
        <extensions>
          <ns3:TrackPointExtension>
            <ns3:hr>147</ns3:hr>
          </ns3:TrackPointExtension>
        </extensions>
      </trkpt>
      <trkpt lat="51.90888854674994945526123046875" lon="4.3655513226985931396484375">
        <ele>8.3999996185302734375</ele>
        <time>2025-05-31T10:45:51.000Z</time>
        <extensions>
          <ns3:TrackPointExtension>
            <ns3:hr>147</ns3:hr>
          </ns3:TrackPointExtension>
        </extensions>
      </trkpt>
      <trkpt lat="51.9088663347065448760986328125" lon="4.3656681664288043975830078125">
        <ele>8.3999996185302734375</ele>
        <time>2025-05-31T10:45:53.000Z</time>
        <extensions>
          <ns3:TrackPointExtension>
            <ns3:hr>146</ns3:hr>
          </ns3:TrackPointExtension>
        </extensions>
      </trkpt>
      <trkpt lat="51.908766590058803558349609375" lon="4.36612791381776332855224609375">
        <ele>8.6000003814697265625</ele>
        <time>2025-05-31T10:46:00.000Z</time>
        <extensions>
          <ns3:TrackPointExtension>
            <ns3:hr>147</ns3:hr>
          </ns3:TrackPointExtension>
        </extensions>
      </trkpt>
      <trkpt lat="51.90871504135429859161376953125" lon="4.3664024211466312408447265625">
        <ele>8.6000003814697265625</ele>
        <time>2025-05-31T10:46:04.000Z</time>
        <extensions>
          <ns3:TrackPointExtension>
            <ns3:hr>144</ns3:hr>
          </ns3:TrackPointExtension>
        </extensions>
      </trkpt>
      <trkpt lat="51.9086661748588085174560546875" lon="4.3667019903659820556640625">
        <ele>8.80000019073486328125</ele>
        <time>2025-05-31T10:46:08.000Z</time>
        <extensions>
          <ns3:TrackPointExtension>
            <ns3:hr>144</ns3:hr>
          </ns3:TrackPointExtension>
        </extensions>
      </trkpt>
      <trkpt lat="51.9086018018424510955810546875" lon="4.367127120494842529296875">
        <ele>8.6000003814697265625</ele>
        <time>2025-05-31T10:46:13.000Z</time>
        <extensions>
          <ns3:TrackPointExtension>
            <ns3:hr>145</ns3:hr>
          </ns3:TrackPointExtension>
        </extensions>
      </trkpt>
      <trkpt lat="51.9085686095058917999267578125" lon="4.36749927699565887451171875">
        <ele>8.19999980926513671875</ele>
        <time>2025-05-31T10:46:17.000Z</time>
        <extensions>
          <ns3:TrackPointExtension>
            <ns3:hr>148</ns3:hr>
          </ns3:TrackPointExtension>
        </extensions>
      </trkpt>
      <trkpt lat="51.90855075605213642120361328125" lon="4.36788140796124935150146484375">
        <ele>7.599999904632568359375</ele>
        <time>2025-05-31T10:46:21.000Z</time>
        <extensions>
          <ns3:TrackPointExtension>
            <ns3:hr>147</ns3:hr>
          </ns3:TrackPointExtension>
        </extensions>
      </trkpt>
      <trkpt lat="51.90855260007083415985107421875" lon="4.36797997914254665374755859375">
        <ele>7.19999980926513671875</ele>
        <time>2025-05-31T10:46:22.000Z</time>
        <extensions>
          <ns3:TrackPointExtension>
            <ns3:hr>147</ns3:hr>
          </ns3:TrackPointExtension>
        </extensions>
      </trkpt>
      <trkpt lat="51.90857984125614166259765625" lon="4.368563778698444366455078125">
        <ele>6.599999904632568359375</ele>
        <time>2025-05-31T10:46:28.000Z</time>
        <extensions>
          <ns3:TrackPointExtension>
            <ns3:hr>144</ns3:hr>
          </ns3:TrackPointExtension>
        </extensions>
      </trkpt>
      <trkpt lat="51.9085793383419513702392578125" lon="4.3687607534229755401611328125">
        <ele>6.599999904632568359375</ele>
        <time>2025-05-31T10:46:30.000Z</time>
        <extensions>
          <ns3:TrackPointExtension>
            <ns3:hr>144</ns3:hr>
          </ns3:TrackPointExtension>
        </extensions>
      </trkpt>
      <trkpt lat="51.90858746878802776336669921875" lon="4.369055964052677154541015625">
        <ele>6.19999980926513671875</ele>
        <time>2025-05-31T10:46:33.000Z</time>
        <extensions>
          <ns3:TrackPointExtension>
            <ns3:hr>143</ns3:hr>
          </ns3:TrackPointExtension>
        </extensions>
      </trkpt>
      <trkpt lat="51.90857447683811187744140625" lon="4.36934941448271274566650390625">
        <ele>5.599999904632568359375</ele>
        <time>2025-05-31T10:46:36.000Z</time>
        <extensions>
          <ns3:TrackPointExtension>
            <ns3:hr>140</ns3:hr>
          </ns3:TrackPointExtension>
        </extensions>
      </trkpt>
      <trkpt lat="51.9085622392594814300537109375" lon="4.36954387463629245758056640625">
        <ele>5.400000095367431640625</ele>
        <time>2025-05-31T10:46:38.000Z</time>
        <extensions>
          <ns3:TrackPointExtension>
            <ns3:hr>138</ns3:hr>
          </ns3:TrackPointExtension>
        </extensions>
      </trkpt>
      <trkpt lat="51.90856643021106719970703125" lon="4.36991469003260135650634765625">
        <ele>5</ele>
        <time>2025-05-31T10:46:42.000Z</time>
        <extensions>
          <ns3:TrackPointExtension>
            <ns3:hr>137</ns3:hr>
          </ns3:TrackPointExtension>
        </extensions>
      </trkpt>
      <trkpt lat="51.9085697829723358154296875" lon="4.3700037896633148193359375">
        <ele>5</ele>
        <time>2025-05-31T10:46:43.000Z</time>
        <extensions>
          <ns3:TrackPointExtension>
            <ns3:hr>136</ns3:hr>
          </ns3:TrackPointExtension>
        </extensions>
      </trkpt>
      <trkpt lat="51.90857925452291965484619140625" lon="4.37007562257349491119384765625">
        <ele>4.80000019073486328125</ele>
        <time>2025-05-31T10:46:44.000Z</time>
        <extensions>
          <ns3:TrackPointExtension>
            <ns3:hr>136</ns3:hr>
          </ns3:TrackPointExtension>
        </extensions>
      </trkpt>
      <trkpt lat="51.908607669174671173095703125" lon="4.37026337720453739166259765625">
        <ele>4.80000019073486328125</ele>
        <time>2025-05-31T10:46:47.000Z</time>
        <extensions>
          <ns3:TrackPointExtension>
            <ns3:hr>136</ns3:hr>
          </ns3:TrackPointExtension>
        </extensions>
      </trkpt>
      <trkpt lat="51.908615715801715850830078125" lon="4.3704049475491046905517578125">
        <ele>4.599999904632568359375</ele>
        <time>2025-05-31T10:46:49.000Z</time>
        <extensions>
          <ns3:TrackPointExtension>
            <ns3:hr>135</ns3:hr>
          </ns3:TrackPointExtension>
        </extensions>
      </trkpt>
      <trkpt lat="51.90860775299370288848876953125" lon="4.37081440351903438568115234375">
        <ele>4.80000019073486328125</ele>
        <time>2025-05-31T10:46:52.000Z</time>
        <extensions>
          <ns3:TrackPointExtension>
            <ns3:hr>134</ns3:hr>
          </ns3:TrackPointExtension>
        </extensions>
      </trkpt>
      <trkpt lat="51.90862552262842655181884765625" lon="4.37099377624690532684326171875">
        <ele>4.80000019073486328125</ele>
        <time>2025-05-31T10:46:54.000Z</time>
        <extensions>
          <ns3:TrackPointExtension>
            <ns3:hr>133</ns3:hr>
          </ns3:TrackPointExtension>
        </extensions>
      </trkpt>
      <trkpt lat="51.90863893367350101470947265625" lon="4.371051527559757232666015625">
        <ele>5</ele>
        <time>2025-05-31T10:46:55.000Z</time>
        <extensions>
          <ns3:TrackPointExtension>
            <ns3:hr>132</ns3:hr>
          </ns3:TrackPointExtension>
        </extensions>
      </trkpt>
      <trkpt lat="51.9086872972548007965087890625" lon="4.3710064329206943511962890625">
        <ele>5.400000095367431640625</ele>
        <time>2025-05-31T10:46:57.000Z</time>
        <extensions>
          <ns3:TrackPointExtension>
            <ns3:hr>132</ns3:hr>
          </ns3:TrackPointExtension>
        </extensions>
      </trkpt>
      <trkpt lat="51.908756531774997711181640625" lon="4.3710315786302089691162109375">
        <ele>5.400000095367431640625</ele>
        <time>2025-05-31T10:46:58.000Z</time>
        <extensions>
          <ns3:TrackPointExtension>
            <ns3:hr>132</ns3:hr>
          </ns3:TrackPointExtension>
        </extensions>
      </trkpt>
      <trkpt lat="51.9087305478751659393310546875" lon="4.3711529485881328582763671875">
        <ele>5.599999904632568359375</ele>
        <time>2025-05-31T10:46:59.000Z</time>
        <extensions>
          <ns3:TrackPointExtension>
            <ns3:hr>132</ns3:hr>
          </ns3:TrackPointExtension>
        </extensions>
      </trkpt>
      <trkpt lat="51.908718310296535491943359375" lon="4.37132787890732288360595703125">
        <ele>5.599999904632568359375</ele>
        <time>2025-05-31T10:47:00.000Z</time>
        <extensions>
          <ns3:TrackPointExtension>
            <ns3:hr>132</ns3:hr>
          </ns3:TrackPointExtension>
        </extensions>
      </trkpt>
      <trkpt lat="51.9087439589202404022216796875" lon="4.371756613254547119140625">
        <ele>6</ele>
        <time>2025-05-31T10:47:05.000Z</time>
        <extensions>
          <ns3:TrackPointExtension>
            <ns3:hr>133</ns3:hr>
          </ns3:TrackPointExtension>
        </extensions>
      </trkpt>
      <trkpt lat="51.9087717868387699127197265625" lon="4.371895752847194671630859375">
        <ele>6.19999980926513671875</ele>
        <time>2025-05-31T10:47:07.000Z</time>
        <extensions>
          <ns3:TrackPointExtension>
            <ns3:hr>134</ns3:hr>
          </ns3:TrackPointExtension>
        </extensions>
      </trkpt>
      <trkpt lat="51.908816881477832794189453125" lon="4.37210622243583202362060546875">
        <ele>6.599999904632568359375</ele>
        <time>2025-05-31T10:47:10.000Z</time>
        <extensions>
          <ns3:TrackPointExtension>
            <ns3:hr>137</ns3:hr>
          </ns3:TrackPointExtension>
        </extensions>
      </trkpt>
      <trkpt lat="51.908829621970653533935546875" lon="4.372175037860870361328125">
        <ele>6.599999904632568359375</ele>
        <time>2025-05-31T10:47:11.000Z</time>
        <extensions>
          <ns3:TrackPointExtension>
            <ns3:hr>136</ns3:hr>
          </ns3:TrackPointExtension>
        </extensions>
      </trkpt>
      <trkpt lat="51.90888200886547565460205078125" lon="4.372384585440158843994140625">
        <ele>7</ele>
        <time>2025-05-31T10:47:14.000Z</time>
        <extensions>
          <ns3:TrackPointExtension>
            <ns3:hr>138</ns3:hr>
          </ns3:TrackPointExtension>
        </extensions>
      </trkpt>
      <trkpt lat="51.90896213985979557037353515625" lon="4.372722543776035308837890625">
        <ele>7.400000095367431640625</ele>
        <time>2025-05-31T10:47:19.000Z</time>
        <extensions>
          <ns3:TrackPointExtension>
            <ns3:hr>141</ns3:hr>
          </ns3:TrackPointExtension>
        </extensions>
      </trkpt>
      <trkpt lat="51.9090343080461025238037109375" lon="4.37299135141074657440185546875">
        <ele>7.599999904632568359375</ele>
        <time>2025-05-31T10:47:23.000Z</time>
        <extensions>
          <ns3:TrackPointExtension>
            <ns3:hr>145</ns3:hr>
          </ns3:TrackPointExtension>
        </extensions>
      </trkpt>
      <trkpt lat="51.90906934440135955810546875" lon="4.3731300719082355499267578125">
        <ele>7.80000019073486328125</ele>
        <time>2025-05-31T10:47:25.000Z</time>
        <extensions>
          <ns3:TrackPointExtension>
            <ns3:hr>149</ns3:hr>
          </ns3:TrackPointExtension>
        </extensions>
      </trkpt>
      <trkpt lat="51.90908686257898807525634765625" lon="4.3732001446187496185302734375">
        <ele>7.80000019073486328125</ele>
        <time>2025-05-31T10:47:26.000Z</time>
        <extensions>
          <ns3:TrackPointExtension>
            <ns3:hr>152</ns3:hr>
          </ns3:TrackPointExtension>
        </extensions>
      </trkpt>
      <trkpt lat="51.909121312201023101806640625" lon="4.3733417987823486328125">
        <ele>8</ele>
        <time>2025-05-31T10:47:28.000Z</time>
        <extensions>
          <ns3:TrackPointExtension>
            <ns3:hr>155</ns3:hr>
          </ns3:TrackPointExtension>
        </extensions>
      </trkpt>
      <trkpt lat="51.90924779511988162994384765625" lon="4.37375360168516635894775390625">
        <ele>8</ele>
        <time>2025-05-31T10:47:34.000Z</time>
        <extensions>
          <ns3:TrackPointExtension>
            <ns3:hr>157</ns3:hr>
          </ns3:TrackPointExtension>
        </extensions>
      </trkpt>
      <trkpt lat="51.90943890251219272613525390625" lon="4.3742854334414005279541015625">
        <ele>8.19999980926513671875</ele>
        <time>2025-05-31T10:47:42.000Z</time>
        <extensions>
          <ns3:TrackPointExtension>
            <ns3:hr>159</ns3:hr>
          </ns3:TrackPointExtension>
        </extensions>
      </trkpt>
      <trkpt lat="51.90946253947913646697998046875" lon="4.37434687279164791107177734375">
        <ele>8.19999980926513671875</ele>
        <time>2025-05-31T10:47:43.000Z</time>
        <extensions>
          <ns3:TrackPointExtension>
            <ns3:hr>160</ns3:hr>
          </ns3:TrackPointExtension>
        </extensions>
      </trkpt>
      <trkpt lat="51.90948600880801677703857421875" lon="4.3744131736457347869873046875">
        <ele>8.19999980926513671875</ele>
        <time>2025-05-31T10:47:44.000Z</time>
        <extensions>
          <ns3:TrackPointExtension>
            <ns3:hr>160</ns3:hr>
          </ns3:TrackPointExtension>
        </extensions>
      </trkpt>
      <trkpt lat="51.90965381450951099395751953125" lon="4.3749392218887805938720703125">
        <ele>8.19999980926513671875</ele>
        <time>2025-05-31T10:47:52.000Z</time>
        <extensions>
          <ns3:TrackPointExtension>
            <ns3:hr>161</ns3:hr>
          </ns3:TrackPointExtension>
        </extensions>
      </trkpt>
      <trkpt lat="51.9097030162811279296875" lon="4.37515790574252605438232421875">
        <ele>8.19999980926513671875</ele>
        <time>2025-05-31T10:47:55.000Z</time>
        <extensions>
          <ns3:TrackPointExtension>
            <ns3:hr>164</ns3:hr>
          </ns3:TrackPointExtension>
        </extensions>
      </trkpt>
      <trkpt lat="51.9097541458904743194580078125" lon="4.37544473446905612945556640625">
        <ele>8.3999996185302734375</ele>
        <time>2025-05-31T10:47:59.000Z</time>
        <extensions>
          <ns3:TrackPointExtension>
            <ns3:hr>163</ns3:hr>
          </ns3:TrackPointExtension>
        </extensions>
      </trkpt>
      <trkpt lat="51.909769736230373382568359375" lon="4.37551237642765045166015625">
        <ele>8.3999996185302734375</ele>
        <time>2025-05-31T10:48:00.000Z</time>
        <extensions>
          <ns3:TrackPointExtension>
            <ns3:hr>162</ns3:hr>
          </ns3:TrackPointExtension>
        </extensions>
      </trkpt>
      <trkpt lat="51.91001088358461856842041015625" lon="4.37632667832076549530029296875">
        <ele>8.80000019073486328125</ele>
        <time>2025-05-31T10:48:12.000Z</time>
        <extensions>
          <ns3:TrackPointExtension>
            <ns3:hr>161</ns3:hr>
          </ns3:TrackPointExtension>
        </extensions>
      </trkpt>
      <trkpt lat="51.9100532121956348419189453125" lon="4.376466237008571624755859375">
        <ele>8.80000019073486328125</ele>
        <time>2025-05-31T10:48:14.000Z</time>
        <extensions>
          <ns3:TrackPointExtension>
            <ns3:hr>162</ns3:hr>
          </ns3:TrackPointExtension>
        </extensions>
      </trkpt>
      <trkpt lat="51.91023602150380611419677734375" lon="4.3771916069090366363525390625">
        <ele>9</ele>
        <time>2025-05-31T10:48:24.000Z</time>
        <extensions>
          <ns3:TrackPointExtension>
            <ns3:hr>160</ns3:hr>
          </ns3:TrackPointExtension>
        </extensions>
      </trkpt>
      <trkpt lat="51.91024155355989933013916015625" lon="4.3772613443434238433837890625">
        <ele>9</ele>
        <time>2025-05-31T10:48:25.000Z</time>
        <extensions>
          <ns3:TrackPointExtension>
            <ns3:hr>160</ns3:hr>
          </ns3:TrackPointExtension>
        </extensions>
      </trkpt>
      <trkpt lat="51.9102537073194980621337890625" lon="4.377445913851261138916015625">
        <ele>8.80000019073486328125</ele>
        <time>2025-05-31T10:48:28.000Z</time>
        <extensions>
          <ns3:TrackPointExtension>
            <ns3:hr>159</ns3:hr>
          </ns3:TrackPointExtension>
        </extensions>
      </trkpt>
      <trkpt lat="51.91025580279529094696044921875" lon="4.37777792103588581085205078125">
        <ele>8.6000003814697265625</ele>
        <time>2025-05-31T10:48:33.000Z</time>
        <extensions>
          <ns3:TrackPointExtension>
            <ns3:hr>156</ns3:hr>
          </ns3:TrackPointExtension>
        </extensions>
      </trkpt>
      <trkpt lat="51.910252533853054046630859375" lon="4.3779191561043262481689453125">
        <ele>8.6000003814697265625</ele>
        <time>2025-05-31T10:48:35.000Z</time>
        <extensions>
          <ns3:TrackPointExtension>
            <ns3:hr>153</ns3:hr>
          </ns3:TrackPointExtension>
        </extensions>
      </trkpt>
      <trkpt lat="51.910253204405307769775390625" lon="4.37798579223453998565673828125">
        <ele>8.6000003814697265625</ele>
        <time>2025-05-31T10:48:36.000Z</time>
        <extensions>
          <ns3:TrackPointExtension>
            <ns3:hr>153</ns3:hr>
          </ns3:TrackPointExtension>
        </extensions>
      </trkpt>
      <trkpt lat="51.91023820079863071441650390625" lon="4.37825552187860012054443359375">
        <ele>8.80000019073486328125</ele>
        <time>2025-05-31T10:48:40.000Z</time>
        <extensions>
          <ns3:TrackPointExtension>
            <ns3:hr>152</ns3:hr>
          </ns3:TrackPointExtension>
        </extensions>
      </trkpt>
      <trkpt lat="51.91021355800330638885498046875" lon="4.378394745290279388427734375">
        <ele>8.80000019073486328125</ele>
        <time>2025-05-31T10:48:42.000Z</time>
        <extensions>
          <ns3:TrackPointExtension>
            <ns3:hr>152</ns3:hr>
          </ns3:TrackPointExtension>
        </extensions>
      </trkpt>
      <trkpt lat="51.910202242434024810791015625" lon="4.3784381635487079620361328125">
        <ele>8.80000019073486328125</ele>
        <time>2025-05-31T10:48:43.000Z</time>
        <extensions>
          <ns3:TrackPointExtension>
            <ns3:hr>152</ns3:hr>
          </ns3:TrackPointExtension>
        </extensions>
      </trkpt>
      <trkpt lat="51.910196878015995025634765625" lon="4.37848200090229511260986328125">
        <ele>8.6000003814697265625</ele>
        <time>2025-05-31T10:48:45.000Z</time>
        <extensions>
          <ns3:TrackPointExtension>
            <ns3:hr>152</ns3:hr>
          </ns3:TrackPointExtension>
        </extensions>
      </trkpt>
      <trkpt lat="51.9102104566991329193115234375" lon="4.37849390320479869842529296875">
        <ele>8.3999996185302734375</ele>
        <time>2025-05-31T10:48:46.000Z</time>
        <extensions>
          <ns3:TrackPointExtension>
            <ns3:hr>152</ns3:hr>
          </ns3:TrackPointExtension>
        </extensions>
      </trkpt>
      <trkpt lat="51.91034414805471897125244140625" lon="4.37860605306923389434814453125">
        <ele>8.3999996185302734375</ele>
        <time>2025-05-31T10:48:51.000Z</time>
        <extensions>
          <ns3:TrackPointExtension>
            <ns3:hr>152</ns3:hr>
          </ns3:TrackPointExtension>
        </extensions>
      </trkpt>
      <trkpt lat="51.9104853831231594085693359375" lon="4.37873580493032932281494140625">
        <ele>7.80000019073486328125</ele>
        <time>2025-05-31T10:48:55.000Z</time>
        <extensions>
          <ns3:TrackPointExtension>
            <ns3:hr>150</ns3:hr>
          </ns3:TrackPointExtension>
        </extensions>
      </trkpt>
      <trkpt lat="51.9105681963264942169189453125" lon="4.37877126038074493408203125">
        <ele>7.599999904632568359375</ele>
        <time>2025-05-31T10:48:57.000Z</time>
        <extensions>
          <ns3:TrackPointExtension>
            <ns3:hr>150</ns3:hr>
          </ns3:TrackPointExtension>
        </extensions>
      </trkpt>
      <trkpt lat="51.9107116945087909698486328125" lon="4.37876815907657146453857421875">
        <ele>7.19999980926513671875</ele>
        <time>2025-05-31T10:49:02.000Z</time>
        <extensions>
          <ns3:TrackPointExtension>
            <ns3:hr>150</ns3:hr>
          </ns3:TrackPointExtension>
        </extensions>
      </trkpt>
      <trkpt lat="51.91076827235519886016845703125" lon="4.378748126327991485595703125">
        <ele>7.19999980926513671875</ele>
        <time>2025-05-31T10:49:04.000Z</time>
        <extensions>
          <ns3:TrackPointExtension>
            <ns3:hr>150</ns3:hr>
          </ns3:TrackPointExtension>
        </extensions>
      </trkpt>
      <trkpt lat="51.910814456641674041748046875" lon="4.37880881130695343017578125">
        <ele>7</ele>
        <time>2025-05-31T10:49:06.000Z</time>
        <extensions>
          <ns3:TrackPointExtension>
            <ns3:hr>149</ns3:hr>
          </ns3:TrackPointExtension>
        </extensions>
      </trkpt>
      <trkpt lat="51.9109296239912509918212890625" lon="4.3791590072214603424072265625">
        <ele>7.19999980926513671875</ele>
        <time>2025-05-31T10:49:12.000Z</time>
        <extensions>
          <ns3:TrackPointExtension>
            <ns3:hr>151</ns3:hr>
          </ns3:TrackPointExtension>
        </extensions>
      </trkpt>
      <trkpt lat="51.911084018647670745849609375" lon="4.37954214401543140411376953125">
        <ele>7</ele>
        <time>2025-05-31T10:49:18.000Z</time>
        <extensions>
          <ns3:TrackPointExtension>
            <ns3:hr>151</ns3:hr>
          </ns3:TrackPointExtension>
        </extensions>
      </trkpt>
      <trkpt lat="51.9111043028533458709716796875" lon="4.37961347401142120361328125">
        <ele>7</ele>
        <time>2025-05-31T10:49:19.000Z</time>
        <extensions>
          <ns3:TrackPointExtension>
            <ns3:hr>150</ns3:hr>
          </ns3:TrackPointExtension>
        </extensions>
      </trkpt>
      <trkpt lat="51.911155097186565399169921875" lon="4.37993441708385944366455078125">
        <ele>6.80000019073486328125</ele>
        <time>2025-05-31T10:49:23.000Z</time>
        <extensions>
          <ns3:TrackPointExtension>
            <ns3:hr>150</ns3:hr>
          </ns3:TrackPointExtension>
        </extensions>
      </trkpt>
      <trkpt lat="51.91124184988439083099365234375" lon="4.38060128130018711090087890625">
        <ele>6.80000019073486328125</ele>
        <time>2025-05-31T10:49:31.000Z</time>
        <extensions>
          <ns3:TrackPointExtension>
            <ns3:hr>151</ns3:hr>
          </ns3:TrackPointExtension>
        </extensions>
      </trkpt>
      <trkpt lat="51.9112830050289630889892578125" lon="4.38091208226978778839111328125">
        <ele>6.80000019073486328125</ele>
        <time>2025-05-31T10:49:35.000Z</time>
        <extensions>
          <ns3:TrackPointExtension>
            <ns3:hr>149</ns3:hr>
          </ns3:TrackPointExtension>
        </extensions>
      </trkpt>
      <trkpt lat="51.9112987630069255828857421875" lon="4.3811371363699436187744140625">
        <ele>6.80000019073486328125</ele>
        <time>2025-05-31T10:49:38.000Z</time>
        <extensions>
          <ns3:TrackPointExtension>
            <ns3:hr>148</ns3:hr>
          </ns3:TrackPointExtension>
        </extensions>
      </trkpt>
      <trkpt lat="51.91132918931543827056884765625" lon="4.3816524557769298553466796875">
        <ele>6.80000019073486328125</ele>
        <time>2025-05-31T10:49:45.000Z</time>
        <extensions>
          <ns3:TrackPointExtension>
            <ns3:hr>147</ns3:hr>
          </ns3:TrackPointExtension>
        </extensions>
      </trkpt>
      <trkpt lat="51.91133044660091400146484375" lon="4.3817292340099811553955078125">
        <ele>6.80000019073486328125</ele>
        <time>2025-05-31T10:49:46.000Z</time>
        <extensions>
          <ns3:TrackPointExtension>
            <ns3:hr>147</ns3:hr>
          </ns3:TrackPointExtension>
        </extensions>
      </trkpt>
      <trkpt lat="51.91134779714047908782958984375" lon="4.3820283003151416778564453125">
        <ele>6.80000019073486328125</ele>
        <time>2025-05-31T10:49:50.000Z</time>
        <extensions>
          <ns3:TrackPointExtension>
            <ns3:hr>147</ns3:hr>
          </ns3:TrackPointExtension>
        </extensions>
      </trkpt>
      <trkpt lat="51.9113493897020816802978515625" lon="4.38209854066371917724609375">
        <ele>6.80000019073486328125</ele>
        <time>2025-05-31T10:49:51.000Z</time>
        <extensions>
          <ns3:TrackPointExtension>
            <ns3:hr>147</ns3:hr>
          </ns3:TrackPointExtension>
        </extensions>
      </trkpt>
      <trkpt lat="51.911362968385219573974609375" lon="4.3824520893394947052001953125">
        <ele>7</ele>
        <time>2025-05-31T10:49:56.000Z</time>
        <extensions>
          <ns3:TrackPointExtension>
            <ns3:hr>146</ns3:hr>
          </ns3:TrackPointExtension>
        </extensions>
      </trkpt>
      <trkpt lat="51.91136724315583705902099609375" lon="4.3827404268085956573486328125">
        <ele>6.80000019073486328125</ele>
        <time>2025-05-31T10:50:00.000Z</time>
        <extensions>
          <ns3:TrackPointExtension>
            <ns3:hr>149</ns3:hr>
          </ns3:TrackPointExtension>
        </extensions>
      </trkpt>
      <trkpt lat="51.91135819070041179656982421875" lon="4.38289356417953968048095703125">
        <ele>6.80000019073486328125</ele>
        <time>2025-05-31T10:50:02.000Z</time>
        <extensions>
          <ns3:TrackPointExtension>
            <ns3:hr>149</ns3:hr>
          </ns3:TrackPointExtension>
        </extensions>
      </trkpt>
      <trkpt lat="51.91131728701293468475341796875" lon="4.3831112422049045562744140625">
        <ele>6.80000019073486328125</ele>
        <time>2025-05-31T10:50:05.000Z</time>
        <extensions>
          <ns3:TrackPointExtension>
            <ns3:hr>148</ns3:hr>
          </ns3:TrackPointExtension>
        </extensions>
      </trkpt>
      <trkpt lat="51.9112602062523365020751953125" lon="4.3833657167851924896240234375">
        <ele>6.80000019073486328125</ele>
        <time>2025-05-31T10:50:09.000Z</time>
        <extensions>
          <ns3:TrackPointExtension>
            <ns3:hr>145</ns3:hr>
          </ns3:TrackPointExtension>
        </extensions>
      </trkpt>
      <trkpt lat="51.91120865754783153533935546875" lon="4.383615665137767791748046875">
        <ele>6.599999904632568359375</ele>
        <time>2025-05-31T10:50:13.000Z</time>
        <extensions>
          <ns3:TrackPointExtension>
            <ns3:hr>144</ns3:hr>
          </ns3:TrackPointExtension>
        </extensions>
      </trkpt>
      <trkpt lat="51.91124754957854747772216796875" lon="4.3839675374329090118408203125">
        <ele>6.80000019073486328125</ele>
        <time>2025-05-31T10:50:18.000Z</time>
        <extensions>
          <ns3:TrackPointExtension>
            <ns3:hr>143</ns3:hr>
          </ns3:TrackPointExtension>
        </extensions>
      </trkpt>
      <trkpt lat="51.911301948130130767822265625" lon="4.38450138084590435028076171875">
        <ele>6.80000019073486328125</ele>
        <time>2025-05-31T10:50:25.000Z</time>
        <extensions>
          <ns3:TrackPointExtension>
            <ns3:hr>144</ns3:hr>
          </ns3:TrackPointExtension>
        </extensions>
      </trkpt>
      <trkpt lat="51.911285854876041412353515625" lon="4.3846491537988185882568359375">
        <ele>6.80000019073486328125</ele>
        <time>2025-05-31T10:50:27.000Z</time>
        <extensions>
          <ns3:TrackPointExtension>
            <ns3:hr>143</ns3:hr>
          </ns3:TrackPointExtension>
        </extensions>
      </trkpt>
      <trkpt lat="51.91126783378422260284423828125" lon="4.38489030115306377410888671875">
        <ele>6.599999904632568359375</ele>
        <time>2025-05-31T10:50:30.000Z</time>
        <extensions>
          <ns3:TrackPointExtension>
            <ns3:hr>140</ns3:hr>
          </ns3:TrackPointExtension>
        </extensions>
      </trkpt>
      <trkpt lat="51.9112615473568439483642578125" lon="4.38497177325189113616943359375">
        <ele>6.599999904632568359375</ele>
        <time>2025-05-31T10:50:31.000Z</time>
        <extensions>
          <ns3:TrackPointExtension>
            <ns3:hr>140</ns3:hr>
          </ns3:TrackPointExtension>
        </extensions>
      </trkpt>
      <trkpt lat="51.91124671138823032379150390625" lon="4.3852995894849300384521484375">
        <ele>6.19999980926513671875</ele>
        <time>2025-05-31T10:50:35.000Z</time>
        <extensions>
          <ns3:TrackPointExtension>
            <ns3:hr>140</ns3:hr>
          </ns3:TrackPointExtension>
        </extensions>
      </trkpt>
      <trkpt lat="51.9112410955131053924560546875" lon="4.38552967272698879241943359375">
        <ele>6.19999980926513671875</ele>
        <time>2025-05-31T10:50:38.000Z</time>
        <extensions>
          <ns3:TrackPointExtension>
            <ns3:hr>141</ns3:hr>
          </ns3:TrackPointExtension>
        </extensions>
      </trkpt>
      <trkpt lat="51.91124268807470798492431640625" lon="4.38560284674167633056640625">
        <ele>6</ele>
        <time>2025-05-31T10:50:39.000Z</time>
        <extensions>
          <ns3:TrackPointExtension>
            <ns3:hr>138</ns3:hr>
          </ns3:TrackPointExtension>
        </extensions>
      </trkpt>
      <trkpt lat="51.91124017350375652313232421875" lon="4.3856797926127910614013671875">
        <ele>6</ele>
        <time>2025-05-31T10:50:40.000Z</time>
        <extensions>
          <ns3:TrackPointExtension>
            <ns3:hr>140</ns3:hr>
          </ns3:TrackPointExtension>
        </extensions>
      </trkpt>
      <trkpt lat="51.91120530478656291961669921875" lon="4.3863087706267833709716796875">
        <ele>5.80000019073486328125</ele>
        <time>2025-05-31T10:50:48.000Z</time>
        <extensions>
          <ns3:TrackPointExtension>
            <ns3:hr>140</ns3:hr>
          </ns3:TrackPointExtension>
        </extensions>
      </trkpt>
      <trkpt lat="51.91120228730142116546630859375" lon="4.38654891215264797210693359375">
        <ele>5.80000019073486328125</ele>
        <time>2025-05-31T10:50:51.000Z</time>
        <extensions>
          <ns3:TrackPointExtension>
            <ns3:hr>140</ns3:hr>
          </ns3:TrackPointExtension>
        </extensions>
      </trkpt>
      <trkpt lat="51.91119189374148845672607421875" lon="4.38679617829620838165283203125">
        <ele>5.599999904632568359375</ele>
        <time>2025-05-31T10:50:54.000Z</time>
        <extensions>
          <ns3:TrackPointExtension>
            <ns3:hr>139</ns3:hr>
          </ns3:TrackPointExtension>
        </extensions>
      </trkpt>
      <trkpt lat="51.91117580048739910125732421875" lon="4.38704646192491054534912109375">
        <ele>5.400000095367431640625</ele>
        <time>2025-05-31T10:50:57.000Z</time>
        <extensions>
          <ns3:TrackPointExtension>
            <ns3:hr>136</ns3:hr>
          </ns3:TrackPointExtension>
        </extensions>
      </trkpt>
      <trkpt lat="51.91115249879658222198486328125" lon="4.3872022815048694610595703125">
        <ele>5.400000095367431640625</ele>
        <time>2025-05-31T10:50:59.000Z</time>
        <extensions>
          <ns3:TrackPointExtension>
            <ns3:hr>136</ns3:hr>
          </ns3:TrackPointExtension>
        </extensions>
      </trkpt>
      <trkpt lat="51.9111499004065990447998046875" lon="4.38728400506079196929931640625">
        <ele>5.400000095367431640625</ele>
        <time>2025-05-31T10:51:00.000Z</time>
        <extensions>
          <ns3:TrackPointExtension>
            <ns3:hr>136</ns3:hr>
          </ns3:TrackPointExtension>
        </extensions>
      </trkpt>
      <trkpt lat="51.91114009357988834381103515625" lon="4.38777082599699497222900390625">
        <ele>5.19999980926513671875</ele>
        <time>2025-05-31T10:51:06.000Z</time>
        <extensions>
          <ns3:TrackPointExtension>
            <ns3:hr>135</ns3:hr>
          </ns3:TrackPointExtension>
        </extensions>
      </trkpt>
      <trkpt lat="51.9111286103725433349609375" lon="4.3880106322467327117919921875">
        <ele>5</ele>
        <time>2025-05-31T10:51:09.000Z</time>
        <extensions>
          <ns3:TrackPointExtension>
            <ns3:hr>136</ns3:hr>
          </ns3:TrackPointExtension>
        </extensions>
      </trkpt>
      <trkpt lat="51.9111151993274688720703125" lon="4.3882459960877895355224609375">
        <ele>5</ele>
        <time>2025-05-31T10:51:12.000Z</time>
        <extensions>
          <ns3:TrackPointExtension>
            <ns3:hr>136</ns3:hr>
          </ns3:TrackPointExtension>
        </extensions>
      </trkpt>
      <trkpt lat="51.91110723651945590972900390625" lon="4.38839812763035297393798828125">
        <ele>5</ele>
        <time>2025-05-31T10:51:14.000Z</time>
        <extensions>
          <ns3:TrackPointExtension>
            <ns3:hr>136</ns3:hr>
          </ns3:TrackPointExtension>
        </extensions>
      </trkpt>
      <trkpt lat="51.91107974387705326080322265625" lon="4.38871127553284168243408203125">
        <ele>4.80000019073486328125</ele>
        <time>2025-05-31T10:51:18.000Z</time>
        <extensions>
          <ns3:TrackPointExtension>
            <ns3:hr>134</ns3:hr>
          </ns3:TrackPointExtension>
        </extensions>
      </trkpt>
      <trkpt lat="51.9110188074409961700439453125" lon="4.3893639743328094482421875">
        <ele>4.400000095367431640625</ele>
        <time>2025-05-31T10:51:26.000Z</time>
        <extensions>
          <ns3:TrackPointExtension>
            <ns3:hr>134</ns3:hr>
          </ns3:TrackPointExtension>
        </extensions>
      </trkpt>
      <trkpt lat="51.9110010378062725067138671875" lon="4.39002086408436298370361328125">
        <ele>4</ele>
        <time>2025-05-31T10:51:34.000Z</time>
        <extensions>
          <ns3:TrackPointExtension>
            <ns3:hr>135</ns3:hr>
          </ns3:TrackPointExtension>
        </extensions>
      </trkpt>
      <trkpt lat="51.91100447438657283782958984375" lon="4.39009680412709712982177734375">
        <ele>4</ele>
        <time>2025-05-31T10:51:35.000Z</time>
        <extensions>
          <ns3:TrackPointExtension>
            <ns3:hr>135</ns3:hr>
          </ns3:TrackPointExtension>
        </extensions>
      </trkpt>
      <trkpt lat="51.91101285628974437713623046875" lon="4.390168301761150360107421875">
        <ele>4</ele>
        <time>2025-05-31T10:51:36.000Z</time>
        <extensions>
          <ns3:TrackPointExtension>
            <ns3:hr>135</ns3:hr>
          </ns3:TrackPointExtension>
        </extensions>
      </trkpt>
      <trkpt lat="51.91105761565268039703369140625" lon="4.3904950283467769622802734375">
        <ele>3.7999999523162841796875</ele>
        <time>2025-05-31T10:51:41.000Z</time>
        <extensions>
          <ns3:TrackPointExtension>
            <ns3:hr>136</ns3:hr>
          </ns3:TrackPointExtension>
        </extensions>
      </trkpt>
      <trkpt lat="51.91107605583965778350830078125" lon="4.390820749104022979736328125">
        <ele>3.7999999523162841796875</ele>
        <time>2025-05-31T10:51:46.000Z</time>
        <extensions>
          <ns3:TrackPointExtension>
            <ns3:hr>135</ns3:hr>
          </ns3:TrackPointExtension>
        </extensions>
      </trkpt>
      <trkpt lat="51.91108594648540019989013671875" lon="4.3910250999033451080322265625">
        <ele>3.599999904632568359375</ele>
        <time>2025-05-31T10:51:49.000Z</time>
        <extensions>
          <ns3:TrackPointExtension>
            <ns3:hr>132</ns3:hr>
          </ns3:TrackPointExtension>
        </extensions>
      </trkpt>
      <trkpt lat="51.9110872037708759307861328125" lon="4.391373954713344573974609375">
        <ele>3.599999904632568359375</ele>
        <time>2025-05-31T10:51:55.000Z</time>
        <extensions>
          <ns3:TrackPointExtension>
            <ns3:hr>132</ns3:hr>
          </ns3:TrackPointExtension>
        </extensions>
      </trkpt>
      <trkpt lat="51.9110875390470027923583984375" lon="4.39149825833737850189208984375">
        <ele>3.599999904632568359375</ele>
        <time>2025-05-31T10:52:00.000Z</time>
        <extensions>
          <ns3:TrackPointExtension>
            <ns3:hr>134</ns3:hr>
          </ns3:TrackPointExtension>
        </extensions>
      </trkpt>
      <trkpt lat="51.911095082759857177734375" lon="4.3916108272969722747802734375">
        <ele>3.2000000476837158203125</ele>
        <time>2025-05-31T10:52:05.000Z</time>
        <extensions>
          <ns3:TrackPointExtension>
            <ns3:hr>134</ns3:hr>
          </ns3:TrackPointExtension>
        </extensions>
      </trkpt>
      <trkpt lat="51.91110103391110897064208984375" lon="4.39162750728428363800048828125">
        <ele>3.2000000476837158203125</ele>
        <time>2025-05-31T10:52:06.000Z</time>
        <extensions>
          <ns3:TrackPointExtension>
            <ns3:hr>135</ns3:hr>
          </ns3:TrackPointExtension>
        </extensions>
      </trkpt>
      <trkpt lat="51.91111729480326175689697265625" lon="4.39178609289228916168212890625">
        <ele>3</ele>
        <time>2025-05-31T10:52:14.000Z</time>
        <extensions>
          <ns3:TrackPointExtension>
            <ns3:hr>132</ns3:hr>
          </ns3:TrackPointExtension>
        </extensions>
      </trkpt>
      <trkpt lat="51.91114076413214206695556640625" lon="4.39188298769295215606689453125">
        <ele>3.2000000476837158203125</ele>
        <time>2025-05-31T10:52:22.000Z</time>
        <extensions>
          <ns3:TrackPointExtension>
            <ns3:hr>133</ns3:hr>
          </ns3:TrackPointExtension>
        </extensions>
      </trkpt>
      <trkpt lat="51.91115350462496280670166015625" lon="4.39193981699645519256591796875">
        <ele>3.2000000476837158203125</ele>
        <time>2025-05-31T10:52:25.000Z</time>
        <extensions>
          <ns3:TrackPointExtension>
            <ns3:hr>134</ns3:hr>
          </ns3:TrackPointExtension>
        </extensions>
      </trkpt>
      <trkpt lat="51.91115166060626506805419921875" lon="4.39198558218777179718017578125">
        <ele>3.2000000476837158203125</ele>
        <time>2025-05-31T10:52:27.000Z</time>
        <extensions>
          <ns3:TrackPointExtension>
            <ns3:hr>135</ns3:hr>
          </ns3:TrackPointExtension>
        </extensions>
      </trkpt>
      <trkpt lat="51.91116280853748321533203125" lon="4.39206068404018878936767578125">
        <ele>3.2000000476837158203125</ele>
        <time>2025-05-31T10:52:30.000Z</time>
        <extensions>
          <ns3:TrackPointExtension>
            <ns3:hr>138</ns3:hr>
          </ns3:TrackPointExtension>
        </extensions>
      </trkpt>
      <trkpt lat="51.91120966337621212005615234375" lon="4.392145760357379913330078125">
        <ele>3.2000000476837158203125</ele>
        <time>2025-05-31T10:52:34.000Z</time>
        <extensions>
          <ns3:TrackPointExtension>
            <ns3:hr>140</ns3:hr>
          </ns3:TrackPointExtension>
        </extensions>
      </trkpt>
      <trkpt lat="51.9112199731171131134033203125" lon="4.39233116805553436279296875">
        <ele>3.2000000476837158203125</ele>
        <time>2025-05-31T10:52:41.000Z</time>
        <extensions>
          <ns3:TrackPointExtension>
            <ns3:hr>142</ns3:hr>
          </ns3:TrackPointExtension>
        </extensions>
      </trkpt>
      <trkpt lat="51.9112293608486652374267578125" lon="4.39235388301312923431396484375">
        <ele>3.2000000476837158203125</ele>
        <time>2025-05-31T10:52:42.000Z</time>
        <extensions>
          <ns3:TrackPointExtension>
            <ns3:hr>142</ns3:hr>
          </ns3:TrackPointExtension>
        </extensions>
      </trkpt>
      <trkpt lat="51.91124386154115200042724609375" lon="4.39249956049025058746337890625">
        <ele>3.2000000476837158203125</ele>
        <time>2025-05-31T10:52:48.000Z</time>
        <extensions>
          <ns3:TrackPointExtension>
            <ns3:hr>144</ns3:hr>
          </ns3:TrackPointExtension>
        </extensions>
      </trkpt>
      <trkpt lat="51.9112479686737060546875" lon="4.392615817487239837646484375">
        <ele>3.2000000476837158203125</ele>
        <time>2025-05-31T10:52:52.000Z</time>
        <extensions>
          <ns3:TrackPointExtension>
            <ns3:hr>144</ns3:hr>
          </ns3:TrackPointExtension>
        </extensions>
      </trkpt>
      <trkpt lat="51.911239586770534515380859375" lon="4.39268044196069240570068359375">
        <ele>3.2000000476837158203125</ele>
        <time>2025-05-31T10:52:54.000Z</time>
        <extensions>
          <ns3:TrackPointExtension>
            <ns3:hr>145</ns3:hr>
          </ns3:TrackPointExtension>
        </extensions>
      </trkpt>
      <trkpt lat="51.91125073470175266265869140625" lon="4.39272545278072357177734375">
        <ele>3</ele>
        <time>2025-05-31T10:52:56.000Z</time>
        <extensions>
          <ns3:TrackPointExtension>
            <ns3:hr>145</ns3:hr>
          </ns3:TrackPointExtension>
        </extensions>
      </trkpt>
      <trkpt lat="51.9112622179090976715087890625" lon="4.39280181191861629486083984375">
        <ele>3</ele>
        <time>2025-05-31T10:52:59.000Z</time>
        <extensions>
          <ns3:TrackPointExtension>
            <ns3:hr>144</ns3:hr>
          </ns3:TrackPointExtension>
        </extensions>
      </trkpt>
      <trkpt lat="51.9113108329474925994873046875" lon="4.39291815273463726043701171875">
        <ele>3</ele>
        <time>2025-05-31T10:53:05.000Z</time>
        <extensions>
          <ns3:TrackPointExtension>
            <ns3:hr>142</ns3:hr>
          </ns3:TrackPointExtension>
        </extensions>
      </trkpt>
      <trkpt lat="51.91133623011410236358642578125" lon="4.3930940888822078704833984375">
        <ele>3</ele>
        <time>2025-05-31T10:53:14.000Z</time>
        <extensions>
          <ns3:TrackPointExtension>
            <ns3:hr>141</ns3:hr>
          </ns3:TrackPointExtension>
        </extensions>
      </trkpt>
      <trkpt lat="51.911370344460010528564453125" lon="4.39326189458370208740234375">
        <ele>2.7999999523162841796875</ele>
        <time>2025-05-31T10:53:22.000Z</time>
        <extensions>
          <ns3:TrackPointExtension>
            <ns3:hr>138</ns3:hr>
          </ns3:TrackPointExtension>
        </extensions>
      </trkpt>
      <trkpt lat="51.911370344460010528564453125" lon="4.3932746350765228271484375">
        <ele>2.7999999523162841796875</ele>
        <time>2025-05-31T10:53:23.000Z</time>
        <extensions>
          <ns3:TrackPointExtension>
            <ns3:hr>138</ns3:hr>
          </ns3:TrackPointExtension>
        </extensions>
      </trkpt>
      <trkpt lat="51.91139138303697109222412109375" lon="4.39339927397668361663818359375">
        <ele>3</ele>
        <time>2025-05-31T10:53:30.000Z</time>
        <extensions>
          <ns3:TrackPointExtension>
            <ns3:hr>139</ns3:hr>
          </ns3:TrackPointExtension>
        </extensions>
      </trkpt>
      <trkpt lat="51.911398507654666900634765625" lon="4.393424503505229949951171875">
        <ele>3</ele>
        <time>2025-05-31T10:53:33.000Z</time>
        <extensions>
          <ns3:TrackPointExtension>
            <ns3:hr>142</ns3:hr>
          </ns3:TrackPointExtension>
        </extensions>
      </trkpt>
      <trkpt lat="51.91139875911176204681396484375" lon="4.39344822429120540618896484375">
        <ele>3</ele>
        <time>2025-05-31T10:53:36.000Z</time>
        <extensions>
          <ns3:TrackPointExtension>
            <ns3:hr>145</ns3:hr>
          </ns3:TrackPointExtension>
        </extensions>
      </trkpt>
      <trkpt lat="51.9114006869494915008544921875" lon="4.39347303472459316253662109375">
        <ele>3</ele>
        <time>2025-05-31T10:53:37.000Z</time>
        <extensions>
          <ns3:TrackPointExtension>
            <ns3:hr>145</ns3:hr>
          </ns3:TrackPointExtension>
        </extensions>
      </trkpt>
      <trkpt lat="51.91140529699623584747314453125" lon="4.3935024552047252655029296875">
        <ele>3.2000000476837158203125</ele>
        <time>2025-05-31T10:53:38.000Z</time>
        <extensions>
          <ns3:TrackPointExtension>
            <ns3:hr>145</ns3:hr>
          </ns3:TrackPointExtension>
        </extensions>
      </trkpt>
      <trkpt lat="51.911407895386219024658203125" lon="4.39360655844211578369140625">
        <ele>3.2000000476837158203125</ele>
        <time>2025-05-31T10:53:42.000Z</time>
        <extensions>
          <ns3:TrackPointExtension>
            <ns3:hr>145</ns3:hr>
          </ns3:TrackPointExtension>
        </extensions>
      </trkpt>
      <trkpt lat="51.91144234500825405120849609375" lon="4.3936871923506259918212890625">
        <ele>3.2000000476837158203125</ele>
        <time>2025-05-31T10:53:46.000Z</time>
        <extensions>
          <ns3:TrackPointExtension>
            <ns3:hr>145</ns3:hr>
          </ns3:TrackPointExtension>
        </extensions>
      </trkpt>
      <trkpt lat="51.91147838719189167022705078125" lon="4.39387100748717784881591796875">
        <ele>3.2000000476837158203125</ele>
        <time>2025-05-31T10:53:50.000Z</time>
        <extensions>
          <ns3:TrackPointExtension>
            <ns3:hr>146</ns3:hr>
          </ns3:TrackPointExtension>
        </extensions>
      </trkpt>
      <trkpt lat="51.91154225729405879974365234375" lon="4.3941619433462619781494140625">
        <ele>3.2000000476837158203125</ele>
        <time>2025-05-31T10:53:55.000Z</time>
        <extensions>
          <ns3:TrackPointExtension>
            <ns3:hr>147</ns3:hr>
          </ns3:TrackPointExtension>
        </extensions>
      </trkpt>
      <trkpt lat="51.91155650652945041656494140625" lon="4.3942279927432537078857421875">
        <ele>3.2000000476837158203125</ele>
        <time>2025-05-31T10:53:56.000Z</time>
        <extensions>
          <ns3:TrackPointExtension>
            <ns3:hr>147</ns3:hr>
          </ns3:TrackPointExtension>
        </extensions>
      </trkpt>
      <trkpt lat="51.91163546405732631683349609375" lon="4.3946668691933155059814453125">
        <ele>3.400000095367431640625</ele>
        <time>2025-05-31T10:54:02.000Z</time>
        <extensions>
          <ns3:TrackPointExtension>
            <ns3:hr>144</ns3:hr>
          </ns3:TrackPointExtension>
        </extensions>
      </trkpt>
      <trkpt lat="51.91168315708637237548828125" lon="4.394877254962921142578125">
        <ele>3.599999904632568359375</ele>
        <time>2025-05-31T10:54:05.000Z</time>
        <extensions>
          <ns3:TrackPointExtension>
            <ns3:hr>144</ns3:hr>
          </ns3:TrackPointExtension>
        </extensions>
      </trkpt>
      <trkpt lat="51.91173680126667022705078125" lon="4.3950956873595714569091796875">
        <ele>3.599999904632568359375</ele>
        <time>2025-05-31T10:54:08.000Z</time>
        <extensions>
          <ns3:TrackPointExtension>
            <ns3:hr>144</ns3:hr>
          </ns3:TrackPointExtension>
        </extensions>
      </trkpt>
      <trkpt lat="51.911814920604228973388671875" lon="4.3953662551939487457275390625">
        <ele>3.599999904632568359375</ele>
        <time>2025-05-31T10:54:12.000Z</time>
        <extensions>
          <ns3:TrackPointExtension>
            <ns3:hr>145</ns3:hr>
          </ns3:TrackPointExtension>
        </extensions>
      </trkpt>
      <trkpt lat="51.911859847605228424072265625" lon="4.39547882415354251861572265625">
        <ele>3.599999904632568359375</ele>
        <time>2025-05-31T10:54:14.000Z</time>
        <extensions>
          <ns3:TrackPointExtension>
            <ns3:hr>146</ns3:hr>
          </ns3:TrackPointExtension>
        </extensions>
      </trkpt>
      <trkpt lat="51.9120427407324314117431640625" lon="4.39583438448607921600341796875">
        <ele>3.599999904632568359375</ele>
        <time>2025-05-31T10:54:21.000Z</time>
        <extensions>
          <ns3:TrackPointExtension>
            <ns3:hr>145</ns3:hr>
          </ns3:TrackPointExtension>
        </extensions>
      </trkpt>
      <trkpt lat="51.9122278131544589996337890625" lon="4.39613521099090576171875">
        <ele>3.599999904632568359375</ele>
        <time>2025-05-31T10:54:27.000Z</time>
        <extensions>
          <ns3:TrackPointExtension>
            <ns3:hr>141</ns3:hr>
          </ns3:TrackPointExtension>
        </extensions>
      </trkpt>
      <trkpt lat="51.91226494498550891876220703125" lon="4.396188519895076751708984375">
        <ele>3.599999904632568359375</ele>
        <time>2025-05-31T10:54:28.000Z</time>
        <extensions>
          <ns3:TrackPointExtension>
            <ns3:hr>143</ns3:hr>
          </ns3:TrackPointExtension>
        </extensions>
      </trkpt>
      <trkpt lat="51.91248220391571521759033203125" lon="4.39656880684196949005126953125">
        <ele>3.599999904632568359375</ele>
        <time>2025-05-31T10:54:35.000Z</time>
        <extensions>
          <ns3:TrackPointExtension>
            <ns3:hr>144</ns3:hr>
          </ns3:TrackPointExtension>
        </extensions>
      </trkpt>
      <trkpt lat="51.91257507540285587310791015625" lon="4.39672286622226238250732421875">
        <ele>3.599999904632568359375</ele>
        <time>2025-05-31T10:54:38.000Z</time>
        <extensions>
          <ns3:TrackPointExtension>
            <ns3:hr>145</ns3:hr>
          </ns3:TrackPointExtension>
        </extensions>
      </trkpt>
      <trkpt lat="51.9126764126121997833251953125" lon="4.3968753330409526824951171875">
        <ele>3.599999904632568359375</ele>
        <time>2025-05-31T10:54:41.000Z</time>
        <extensions>
          <ns3:TrackPointExtension>
            <ns3:hr>145</ns3:hr>
          </ns3:TrackPointExtension>
        </extensions>
      </trkpt>
      <trkpt lat="51.9128058291971683502197265625" lon="4.39710239879786968231201171875">
        <ele>3.599999904632568359375</ele>
        <time>2025-05-31T10:54:45.000Z</time>
        <extensions>
          <ns3:TrackPointExtension>
            <ns3:hr>142</ns3:hr>
          </ns3:TrackPointExtension>
        </extensions>
      </trkpt>
      <trkpt lat="51.91291294991970062255859375" lon="4.3972407840192317962646484375">
        <ele>3.599999904632568359375</ele>
        <time>2025-05-31T10:54:48.000Z</time>
        <extensions>
          <ns3:TrackPointExtension>
            <ns3:hr>141</ns3:hr>
          </ns3:TrackPointExtension>
        </extensions>
      </trkpt>
      <trkpt lat="51.91302266903221607208251953125" lon="4.3974365852773189544677734375">
        <ele>3.599999904632568359375</ele>
        <time>2025-05-31T10:54:52.000Z</time>
        <extensions>
          <ns3:TrackPointExtension>
            <ns3:hr>140</ns3:hr>
          </ns3:TrackPointExtension>
        </extensions>
      </trkpt>
      <trkpt lat="51.91303909756243228912353515625" lon="4.397554099559783935546875">
        <ele>3.599999904632568359375</ele>
        <time>2025-05-31T10:54:54.000Z</time>
        <extensions>
          <ns3:TrackPointExtension>
            <ns3:hr>139</ns3:hr>
          </ns3:TrackPointExtension>
        </extensions>
      </trkpt>
      <trkpt lat="51.91296885721385478973388671875" lon="4.3977190554141998291015625">
        <ele>3.7999999523162841796875</ele>
        <time>2025-05-31T10:54:57.000Z</time>
        <extensions>
          <ns3:TrackPointExtension>
            <ns3:hr>139</ns3:hr>
          </ns3:TrackPointExtension>
        </extensions>
      </trkpt>
      <trkpt lat="51.91275067627429962158203125" lon="4.398076124489307403564453125">
        <ele>4</ele>
        <time>2025-05-31T10:55:04.000Z</time>
        <extensions>
          <ns3:TrackPointExtension>
            <ns3:hr>140</ns3:hr>
          </ns3:TrackPointExtension>
        </extensions>
      </trkpt>
      <trkpt lat="51.91269007511436939239501953125" lon="4.39816639758646488189697265625">
        <ele>4</ele>
        <time>2025-05-31T10:55:06.000Z</time>
        <extensions>
          <ns3:TrackPointExtension>
            <ns3:hr>141</ns3:hr>
          </ns3:TrackPointExtension>
        </extensions>
      </trkpt>
      <trkpt lat="51.91246929578483104705810546875" lon="4.39852296374738216400146484375">
        <ele>4.19999980926513671875</ele>
        <time>2025-05-31T10:55:14.000Z</time>
        <extensions>
          <ns3:TrackPointExtension>
            <ns3:hr>141</ns3:hr>
          </ns3:TrackPointExtension>
        </extensions>
      </trkpt>
      <trkpt lat="51.912262178957462310791015625" lon="4.3988524563610553741455078125">
        <ele>4.19999980926513671875</ele>
        <time>2025-05-31T10:55:21.000Z</time>
        <extensions>
          <ns3:TrackPointExtension>
            <ns3:hr>141</ns3:hr>
          </ns3:TrackPointExtension>
        </extensions>
      </trkpt>
      <trkpt lat="51.91219906322658061981201171875" lon="4.3989553861320018768310546875">
        <ele>4.400000095367431640625</ele>
        <time>2025-05-31T10:55:23.000Z</time>
        <extensions>
          <ns3:TrackPointExtension>
            <ns3:hr>140</ns3:hr>
          </ns3:TrackPointExtension>
        </extensions>
      </trkpt>
      <trkpt lat="51.9121604226529598236083984375" lon="4.39907290041446685791015625">
        <ele>4.400000095367431640625</ele>
        <time>2025-05-31T10:55:25.000Z</time>
        <extensions>
          <ns3:TrackPointExtension>
            <ns3:hr>140</ns3:hr>
          </ns3:TrackPointExtension>
        </extensions>
      </trkpt>
      <trkpt lat="51.912158913910388946533203125" lon="4.39912788569927215576171875">
        <ele>4.400000095367431640625</ele>
        <time>2025-05-31T10:55:26.000Z</time>
        <extensions>
          <ns3:TrackPointExtension>
            <ns3:hr>140</ns3:hr>
          </ns3:TrackPointExtension>
        </extensions>
      </trkpt>
      <trkpt lat="51.912164948880672454833984375" lon="4.39918932504951953887939453125">
        <ele>4.599999904632568359375</ele>
        <time>2025-05-31T10:55:27.000Z</time>
        <extensions>
          <ns3:TrackPointExtension>
            <ns3:hr>140</ns3:hr>
          </ns3:TrackPointExtension>
        </extensions>
      </trkpt>
      <trkpt lat="51.91222454421222209930419921875" lon="4.3993627466261386871337890625">
        <ele>4.599999904632568359375</ele>
        <time>2025-05-31T10:55:30.000Z</time>
        <extensions>
          <ns3:TrackPointExtension>
            <ns3:hr>141</ns3:hr>
          </ns3:TrackPointExtension>
        </extensions>
      </trkpt>
      <trkpt lat="51.91229914315044879913330078125" lon="4.3994304724037647247314453125">
        <ele>4.599999904632568359375</ele>
        <time>2025-05-31T10:55:32.000Z</time>
        <extensions>
          <ns3:TrackPointExtension>
            <ns3:hr>140</ns3:hr>
          </ns3:TrackPointExtension>
        </extensions>
      </trkpt>
      <trkpt lat="51.91238346509635448455810546875" lon="4.3994458951056003570556640625">
        <ele>4.599999904632568359375</ele>
        <time>2025-05-31T10:55:34.000Z</time>
        <extensions>
          <ns3:TrackPointExtension>
            <ns3:hr>140</ns3:hr>
          </ns3:TrackPointExtension>
        </extensions>
      </trkpt>
      <trkpt lat="51.91252176649868488311767578125" lon="4.39949928782880306243896484375">
        <ele>5</ele>
        <time>2025-05-31T10:55:38.000Z</time>
        <extensions>
          <ns3:TrackPointExtension>
            <ns3:hr>141</ns3:hr>
          </ns3:TrackPointExtension>
        </extensions>
      </trkpt>
      <trkpt lat="51.9126019813120365142822265625" lon="4.3996319733560085296630859375">
        <ele>5.19999980926513671875</ele>
        <time>2025-05-31T10:55:41.000Z</time>
        <extensions>
          <ns3:TrackPointExtension>
            <ns3:hr>142</ns3:hr>
          </ns3:TrackPointExtension>
        </extensions>
      </trkpt>
      <trkpt lat="51.9126764126121997833251953125" lon="4.3997932411730289459228515625">
        <ele>5.19999980926513671875</ele>
        <time>2025-05-31T10:55:44.000Z</time>
        <extensions>
          <ns3:TrackPointExtension>
            <ns3:hr>142</ns3:hr>
          </ns3:TrackPointExtension>
        </extensions>
      </trkpt>
      <trkpt lat="51.91290557384490966796875" lon="4.40010798163712024688720703125">
        <ele>5.19999980926513671875</ele>
        <time>2025-05-31T10:55:51.000Z</time>
        <extensions>
          <ns3:TrackPointExtension>
            <ns3:hr>143</ns3:hr>
          </ns3:TrackPointExtension>
        </extensions>
      </trkpt>
      <trkpt lat="51.91307547502219676971435546875" lon="4.40035256557166576385498046875">
        <ele>5.19999980926513671875</ele>
        <time>2025-05-31T10:55:57.000Z</time>
        <extensions>
          <ns3:TrackPointExtension>
            <ns3:hr>144</ns3:hr>
          </ns3:TrackPointExtension>
        </extensions>
      </trkpt>
      <trkpt lat="51.91311034373939037322998046875" lon="4.40038793720304965972900390625">
        <ele>5.19999980926513671875</ele>
        <time>2025-05-31T10:55:59.000Z</time>
        <extensions>
          <ns3:TrackPointExtension>
            <ns3:hr>144</ns3:hr>
          </ns3:TrackPointExtension>
        </extensions>
      </trkpt>
      <trkpt lat="51.91311168484389781951904296875" lon="4.40039581619203090667724609375">
        <ele>5.19999980926513671875</ele>
        <time>2025-05-31T10:56:00.000Z</time>
        <extensions>
          <ns3:TrackPointExtension>
            <ns3:hr>144</ns3:hr>
          </ns3:TrackPointExtension>
        </extensions>
      </trkpt>
      <trkpt lat="51.91310648806393146514892578125" lon="4.40042716450989246368408203125">
        <ele>5.599999904632568359375</ele>
        <time>2025-05-31T10:56:05.000Z</time>
        <extensions>
          <ns3:TrackPointExtension>
            <ns3:hr>143</ns3:hr>
          </ns3:TrackPointExtension>
        </extensions>
      </trkpt>
      <trkpt lat="51.91311336122453212738037109375" lon="4.4004544056951999664306640625">
        <ele>5.599999904632568359375</ele>
        <time>2025-05-31T10:56:06.000Z</time>
        <extensions>
          <ns3:TrackPointExtension>
            <ns3:hr>143</ns3:hr>
          </ns3:TrackPointExtension>
        </extensions>
      </trkpt>
      <trkpt lat="51.91315024159848690032958984375" lon="4.4006082974374294281005859375">
        <ele>5.599999904632568359375</ele>
        <time>2025-05-31T10:56:10.000Z</time>
        <extensions>
          <ns3:TrackPointExtension>
            <ns3:hr>143</ns3:hr>
          </ns3:TrackPointExtension>
        </extensions>
      </trkpt>
      <trkpt lat="51.91328150220215320587158203125" lon="4.4008436612784862518310546875">
        <ele>5.400000095367431640625</ele>
        <time>2025-05-31T10:56:15.000Z</time>
        <extensions>
          <ns3:TrackPointExtension>
            <ns3:hr>142</ns3:hr>
          </ns3:TrackPointExtension>
        </extensions>
      </trkpt>
      <trkpt lat="51.9134871102869510650634765625" lon="4.4011923484504222869873046875">
        <ele>5.19999980926513671875</ele>
        <time>2025-05-31T10:56:22.000Z</time>
        <extensions>
          <ns3:TrackPointExtension>
            <ns3:hr>142</ns3:hr>
          </ns3:TrackPointExtension>
        </extensions>
      </trkpt>
      <trkpt lat="51.9135538302361965179443359375" lon="4.4012785144150257110595703125">
        <ele>5.400000095367431640625</ele>
        <time>2025-05-31T10:56:24.000Z</time>
        <extensions>
          <ns3:TrackPointExtension>
            <ns3:hr>142</ns3:hr>
          </ns3:TrackPointExtension>
        </extensions>
      </trkpt>
      <trkpt lat="51.9136557541787624359130859375" lon="4.4013992138206958770751953125">
        <ele>5.80000019073486328125</ele>
        <time>2025-05-31T10:56:27.000Z</time>
        <extensions>
          <ns3:TrackPointExtension>
            <ns3:hr>141</ns3:hr>
          </ns3:TrackPointExtension>
        </extensions>
      </trkpt>
      <trkpt lat="51.91378735005855560302734375" lon="4.4015752337872982025146484375">
        <ele>6</ele>
        <time>2025-05-31T10:56:31.000Z</time>
        <extensions>
          <ns3:TrackPointExtension>
            <ns3:hr>141</ns3:hr>
          </ns3:TrackPointExtension>
        </extensions>
      </trkpt>
      <trkpt lat="51.9138197042047977447509765625" lon="4.4016136229038238525390625">
        <ele>6.19999980926513671875</ele>
        <time>2025-05-31T10:56:32.000Z</time>
        <extensions>
          <ns3:TrackPointExtension>
            <ns3:hr>141</ns3:hr>
          </ns3:TrackPointExtension>
        </extensions>
      </trkpt>
      <trkpt lat="51.91385599784553050994873046875" lon="4.40164958126842975616455078125">
        <ele>6.19999980926513671875</ele>
        <time>2025-05-31T10:56:33.000Z</time>
        <extensions>
          <ns3:TrackPointExtension>
            <ns3:hr>141</ns3:hr>
          </ns3:TrackPointExtension>
        </extensions>
      </trkpt>
      <trkpt lat="51.9139315187931060791015625" lon="4.40171680413186550140380859375">
        <ele>6.400000095367431640625</ele>
        <time>2025-05-31T10:56:35.000Z</time>
        <extensions>
          <ns3:TrackPointExtension>
            <ns3:hr>141</ns3:hr>
          </ns3:TrackPointExtension>
        </extensions>
      </trkpt>
      <trkpt lat="51.91396194510161876678466796875" lon="4.4017432071268558502197265625">
        <ele>6.599999904632568359375</ele>
        <time>2025-05-31T10:56:36.000Z</time>
        <extensions>
          <ns3:TrackPointExtension>
            <ns3:hr>141</ns3:hr>
          </ns3:TrackPointExtension>
        </extensions>
      </trkpt>
      <trkpt lat="51.91409035585820674896240234375" lon="4.40181705169379711151123046875">
        <ele>6.80000019073486328125</ele>
        <time>2025-05-31T10:56:41.000Z</time>
        <extensions>
          <ns3:TrackPointExtension>
            <ns3:hr>143</ns3:hr>
          </ns3:TrackPointExtension>
        </extensions>
      </trkpt>
      <trkpt lat="51.91421172581613063812255859375" lon="4.40186181105673313140869140625">
        <ele>7</ele>
        <time>2025-05-31T10:56:46.000Z</time>
        <extensions>
          <ns3:TrackPointExtension>
            <ns3:hr>146</ns3:hr>
          </ns3:TrackPointExtension>
        </extensions>
      </trkpt>
      <trkpt lat="51.9142428226768970489501953125" lon="4.401879496872425079345703125">
        <ele>7</ele>
        <time>2025-05-31T10:56:47.000Z</time>
        <extensions>
          <ns3:TrackPointExtension>
            <ns3:hr>147</ns3:hr>
          </ns3:TrackPointExtension>
        </extensions>
      </trkpt>
      <trkpt lat="51.91427894867956638336181640625" lon="4.401974380016326904296875">
        <ele>7</ele>
        <time>2025-05-31T10:56:49.000Z</time>
        <extensions>
          <ns3:TrackPointExtension>
            <ns3:hr>147</ns3:hr>
          </ns3:TrackPointExtension>
        </extensions>
      </trkpt>
      <trkpt lat="51.91433661617338657379150390625" lon="4.40220773220062255859375">
        <ele>7</ele>
        <time>2025-05-31T10:56:53.000Z</time>
        <extensions>
          <ns3:TrackPointExtension>
            <ns3:hr>144</ns3:hr>
          </ns3:TrackPointExtension>
        </extensions>
      </trkpt>
      <trkpt lat="51.91434902139008045196533203125" lon="4.4022746197879314422607421875">
        <ele>7</ele>
        <time>2025-05-31T10:56:54.000Z</time>
        <extensions>
          <ns3:TrackPointExtension>
            <ns3:hr>144</ns3:hr>
          </ns3:TrackPointExtension>
        </extensions>
      </trkpt>
      <trkpt lat="51.9143786095082759857177734375" lon="4.4024137593805789947509765625">
        <ele>7</ele>
        <time>2025-05-31T10:56:56.000Z</time>
        <extensions>
          <ns3:TrackPointExtension>
            <ns3:hr>144</ns3:hr>
          </ns3:TrackPointExtension>
        </extensions>
      </trkpt>
      <trkpt lat="51.91447173245251178741455078125" lon="4.40271860919892787933349609375">
        <ele>7</ele>
        <time>2025-05-31T10:57:01.000Z</time>
        <extensions>
          <ns3:TrackPointExtension>
            <ns3:hr>145</ns3:hr>
          </ns3:TrackPointExtension>
        </extensions>
      </trkpt>
      <trkpt lat="51.9145703874528408050537109375" lon="4.40300677902996540069580078125">
        <ele>7</ele>
        <time>2025-05-31T10:57:06.000Z</time>
        <extensions>
          <ns3:TrackPointExtension>
            <ns3:hr>144</ns3:hr>
          </ns3:TrackPointExtension>
        </extensions>
      </trkpt>
      <trkpt lat="51.914615146815776824951171875" lon="4.403130747377872467041015625">
        <ele>7</ele>
        <time>2025-05-31T10:57:08.000Z</time>
        <extensions>
          <ns3:TrackPointExtension>
            <ns3:hr>144</ns3:hr>
          </ns3:TrackPointExtension>
        </extensions>
      </trkpt>
      <trkpt lat="51.91465563140809535980224609375" lon="4.40326041541993618011474609375">
        <ele>7</ele>
        <time>2025-05-31T10:57:10.000Z</time>
        <extensions>
          <ns3:TrackPointExtension>
            <ns3:hr>143</ns3:hr>
          </ns3:TrackPointExtension>
        </extensions>
      </trkpt>
      <trkpt lat="51.9147147238254547119140625" lon="4.4034509360790252685546875">
        <ele>7.19999980926513671875</ele>
        <time>2025-05-31T10:57:13.000Z</time>
        <extensions>
          <ns3:TrackPointExtension>
            <ns3:hr>143</ns3:hr>
          </ns3:TrackPointExtension>
        </extensions>
      </trkpt>
      <trkpt lat="51.91474548541009426116943359375" lon="4.40360021777451038360595703125">
        <ele>7.19999980926513671875</ele>
        <time>2025-05-31T10:57:15.000Z</time>
        <extensions>
          <ns3:TrackPointExtension>
            <ns3:hr>143</ns3:hr>
          </ns3:TrackPointExtension>
        </extensions>
      </trkpt>
      <trkpt lat="51.91477046348154544830322265625" lon="4.4038078375160694122314453125">
        <ele>7.19999980926513671875</ele>
        <time>2025-05-31T10:57:18.000Z</time>
        <extensions>
          <ns3:TrackPointExtension>
            <ns3:hr>143</ns3:hr>
          </ns3:TrackPointExtension>
        </extensions>
      </trkpt>
      <trkpt lat="51.91476694308221340179443359375" lon="4.4039466418325901031494140625">
        <ele>7.19999980926513671875</ele>
        <time>2025-05-31T10:57:20.000Z</time>
        <extensions>
          <ns3:TrackPointExtension>
            <ns3:hr>143</ns3:hr>
          </ns3:TrackPointExtension>
        </extensions>
      </trkpt>
      <trkpt lat="51.91475906409323215484619140625" lon="4.40408729016780853271484375">
        <ele>7.19999980926513671875</ele>
        <time>2025-05-31T10:57:22.000Z</time>
        <extensions>
          <ns3:TrackPointExtension>
            <ns3:hr>143</ns3:hr>
          </ns3:TrackPointExtension>
        </extensions>
      </trkpt>
      <trkpt lat="51.9147554598748683929443359375" lon="4.40416038036346435546875">
        <ele>7.19999980926513671875</ele>
        <time>2025-05-31T10:57:23.000Z</time>
        <extensions>
          <ns3:TrackPointExtension>
            <ns3:hr>143</ns3:hr>
          </ns3:TrackPointExtension>
        </extensions>
      </trkpt>
      <trkpt lat="51.9147490896284580230712890625" lon="4.404304213821887969970703125">
        <ele>7</ele>
        <time>2025-05-31T10:57:25.000Z</time>
        <extensions>
          <ns3:TrackPointExtension>
            <ns3:hr>143</ns3:hr>
          </ns3:TrackPointExtension>
        </extensions>
      </trkpt>
      <trkpt lat="51.9147376902401447296142578125" lon="4.40444377250969409942626953125">
        <ele>7</ele>
        <time>2025-05-31T10:57:27.000Z</time>
        <extensions>
          <ns3:TrackPointExtension>
            <ns3:hr>142</ns3:hr>
          </ns3:TrackPointExtension>
        </extensions>
      </trkpt>
      <trkpt lat="51.91473484039306640625" lon="4.4045766256749629974365234375">
        <ele>7</ele>
        <time>2025-05-31T10:57:29.000Z</time>
        <extensions>
          <ns3:TrackPointExtension>
            <ns3:hr>143</ns3:hr>
          </ns3:TrackPointExtension>
        </extensions>
      </trkpt>
      <trkpt lat="51.9146981276571750640869140625" lon="4.4051942043006420135498046875">
        <ele>7</ele>
        <time>2025-05-31T10:57:38.000Z</time>
        <extensions>
          <ns3:TrackPointExtension>
            <ns3:hr>143</ns3:hr>
          </ns3:TrackPointExtension>
        </extensions>
      </trkpt>
      <trkpt lat="51.9146530330181121826171875" lon="4.405778758227825164794921875">
        <ele>7.19999980926513671875</ele>
        <time>2025-05-31T10:57:46.000Z</time>
        <extensions>
          <ns3:TrackPointExtension>
            <ns3:hr>141</ns3:hr>
          </ns3:TrackPointExtension>
        </extensions>
      </trkpt>
      <trkpt lat="51.914624534547328948974609375" lon="4.4063458777964115142822265625">
        <ele>7.19999980926513671875</ele>
        <time>2025-05-31T10:57:54.000Z</time>
        <extensions>
          <ns3:TrackPointExtension>
            <ns3:hr>140</ns3:hr>
          </ns3:TrackPointExtension>
        </extensions>
      </trkpt>
      <trkpt lat="51.91460148431360721588134765625" lon="4.40682984888553619384765625">
        <ele>7.400000095367431640625</ele>
        <time>2025-05-31T10:58:01.000Z</time>
        <extensions>
          <ns3:TrackPointExtension>
            <ns3:hr>137</ns3:hr>
          </ns3:TrackPointExtension>
        </extensions>
      </trkpt>
      <trkpt lat="51.914596371352672576904296875" lon="4.406897909939289093017578125">
        <ele>7.400000095367431640625</ele>
        <time>2025-05-31T10:58:02.000Z</time>
        <extensions>
          <ns3:TrackPointExtension>
            <ns3:hr>137</ns3:hr>
          </ns3:TrackPointExtension>
        </extensions>
      </trkpt>
      <trkpt lat="51.91458539105951786041259765625" lon="4.40709748305380344390869140625">
        <ele>7.599999904632568359375</ele>
        <time>2025-05-31T10:58:05.000Z</time>
        <extensions>
          <ns3:TrackPointExtension>
            <ns3:hr>137</ns3:hr>
          </ns3:TrackPointExtension>
        </extensions>
      </trkpt>
      <trkpt lat="51.91457533277571201324462890625" lon="4.4073677994310855865478515625">
        <ele>7.599999904632568359375</ele>
        <time>2025-05-31T10:58:09.000Z</time>
        <extensions>
          <ns3:TrackPointExtension>
            <ns3:hr>138</ns3:hr>
          </ns3:TrackPointExtension>
        </extensions>
      </trkpt>
      <trkpt lat="51.91454817540943622589111328125" lon="4.4075682945549488067626953125">
        <ele>7.599999904632568359375</ele>
        <time>2025-05-31T10:58:12.000Z</time>
        <extensions>
          <ns3:TrackPointExtension>
            <ns3:hr>139</ns3:hr>
          </ns3:TrackPointExtension>
        </extensions>
      </trkpt>
      <trkpt lat="51.91452152095735073089599609375" lon="4.4076940231025218963623046875">
        <ele>7.80000019073486328125</ele>
        <time>2025-05-31T10:58:14.000Z</time>
        <extensions>
          <ns3:TrackPointExtension>
            <ns3:hr>140</ns3:hr>
          </ns3:TrackPointExtension>
        </extensions>
      </trkpt>
      <trkpt lat="51.91445563919842243194580078125" lon="4.4080222584307193756103515625">
        <ele>7.80000019073486328125</ele>
        <time>2025-05-31T10:58:20.000Z</time>
        <extensions>
          <ns3:TrackPointExtension>
            <ns3:hr>143</ns3:hr>
          </ns3:TrackPointExtension>
        </extensions>
      </trkpt>
      <trkpt lat="51.91442839801311492919921875" lon="4.4081758148968219757080078125">
        <ele>7.80000019073486328125</ele>
        <time>2025-05-31T10:58:23.000Z</time>
        <extensions>
          <ns3:TrackPointExtension>
            <ns3:hr>144</ns3:hr>
          </ns3:TrackPointExtension>
        </extensions>
      </trkpt>
      <trkpt lat="51.91442512907087802886962890625" lon="4.4084205664694309234619140625">
        <ele>7.80000019073486328125</ele>
        <time>2025-05-31T10:58:29.000Z</time>
        <extensions>
          <ns3:TrackPointExtension>
            <ns3:hr>141</ns3:hr>
          </ns3:TrackPointExtension>
        </extensions>
      </trkpt>
      <trkpt lat="51.91443317569792270660400390625" lon="4.408583007752895355224609375">
        <ele>7.80000019073486328125</ele>
        <time>2025-05-31T10:58:33.000Z</time>
        <extensions>
          <ns3:TrackPointExtension>
            <ns3:hr>138</ns3:hr>
          </ns3:TrackPointExtension>
        </extensions>
      </trkpt>
      <trkpt lat="51.9144211895763874053955078125" lon="4.4086897931993007659912109375">
        <ele>7.80000019073486328125</ele>
        <time>2025-05-31T10:58:36.000Z</time>
        <extensions>
          <ns3:TrackPointExtension>
            <ns3:hr>135</ns3:hr>
          </ns3:TrackPointExtension>
        </extensions>
      </trkpt>
      <trkpt lat="51.91441792063415050506591796875" lon="4.40872038714587688446044921875">
        <ele>7.80000019073486328125</ele>
        <time>2025-05-31T10:58:40.000Z</time>
        <extensions>
          <ns3:TrackPointExtension>
            <ns3:hr>136</ns3:hr>
          </ns3:TrackPointExtension>
        </extensions>
      </trkpt>
      <trkpt lat="51.9144062697887420654296875" lon="4.40872340463101863861083984375">
        <ele>7.80000019073486328125</ele>
        <time>2025-05-31T10:58:47.000Z</time>
        <extensions>
          <ns3:TrackPointExtension>
            <ns3:hr>136</ns3:hr>
          </ns3:TrackPointExtension>
        </extensions>
      </trkpt>
      <trkpt lat="51.91440333612263202667236328125" lon="4.4087538309395313262939453125">
        <ele>7.599999904632568359375</ele>
        <time>2025-05-31T10:58:49.000Z</time>
        <extensions>
          <ns3:TrackPointExtension>
            <ns3:hr>135</ns3:hr>
          </ns3:TrackPointExtension>
        </extensions>
      </trkpt>
      <trkpt lat="51.91439713351428508758544921875" lon="4.408855922520160675048828125">
        <ele>7.80000019073486328125</ele>
        <time>2025-05-31T10:58:52.000Z</time>
        <extensions>
          <ns3:TrackPointExtension>
            <ns3:hr>135</ns3:hr>
          </ns3:TrackPointExtension>
        </extensions>
      </trkpt>
      <trkpt lat="51.91437936387956142425537109375" lon="4.4091608561575412750244140625">
        <ele>8</ele>
        <time>2025-05-31T10:58:58.000Z</time>
        <extensions>
          <ns3:TrackPointExtension>
            <ns3:hr>135</ns3:hr>
          </ns3:TrackPointExtension>
        </extensions>
      </trkpt>
      <trkpt lat="51.91436276771128177642822265625" lon="4.4095460884273052215576171875">
        <ele>8.19999980926513671875</ele>
        <time>2025-05-31T10:59:04.000Z</time>
        <extensions>
          <ns3:TrackPointExtension>
            <ns3:hr>138</ns3:hr>
          </ns3:TrackPointExtension>
        </extensions>
      </trkpt>
      <trkpt lat="51.9143561460077762603759765625" lon="4.409613311290740966796875">
        <ele>8.19999980926513671875</ele>
        <time>2025-05-31T10:59:05.000Z</time>
        <extensions>
          <ns3:TrackPointExtension>
            <ns3:hr>138</ns3:hr>
          </ns3:TrackPointExtension>
        </extensions>
      </trkpt>
      <trkpt lat="51.91431364975869655609130859375" lon="4.41008177585899829864501953125">
        <ele>8.19999980926513671875</ele>
        <time>2025-05-31T10:59:12.000Z</time>
        <extensions>
          <ns3:TrackPointExtension>
            <ns3:hr>138</ns3:hr>
          </ns3:TrackPointExtension>
        </extensions>
      </trkpt>
      <trkpt lat="51.9142667949199676513671875" lon="4.41054403781890869140625">
        <ele>8.3999996185302734375</ele>
        <time>2025-05-31T10:59:19.000Z</time>
        <extensions>
          <ns3:TrackPointExtension>
            <ns3:hr>140</ns3:hr>
          </ns3:TrackPointExtension>
        </extensions>
      </trkpt>
      <trkpt lat="51.91419127397239208221435546875" lon="4.411013759672641754150390625">
        <ele>8.3999996185302734375</ele>
        <time>2025-05-31T10:59:26.000Z</time>
        <extensions>
          <ns3:TrackPointExtension>
            <ns3:hr>141</ns3:hr>
          </ns3:TrackPointExtension>
        </extensions>
      </trkpt>
      <trkpt lat="51.91418272443115711212158203125" lon="4.41108156926929950714111328125">
        <ele>8.3999996185302734375</ele>
        <time>2025-05-31T10:59:27.000Z</time>
        <extensions>
          <ns3:TrackPointExtension>
            <ns3:hr>141</ns3:hr>
          </ns3:TrackPointExtension>
        </extensions>
      </trkpt>
      <trkpt lat="51.91413846798241138458251953125" lon="4.4112767837941646575927734375">
        <ele>8.3999996185302734375</ele>
        <time>2025-05-31T10:59:30.000Z</time>
        <extensions>
          <ns3:TrackPointExtension>
            <ns3:hr>141</ns3:hr>
          </ns3:TrackPointExtension>
        </extensions>
      </trkpt>
      <trkpt lat="51.91411466337740421295166015625" lon="4.4116787798702716827392578125">
        <ele>8.3999996185302734375</ele>
        <time>2025-05-31T10:59:36.000Z</time>
        <extensions>
          <ns3:TrackPointExtension>
            <ns3:hr>141</ns3:hr>
          </ns3:TrackPointExtension>
        </extensions>
      </trkpt>
      <trkpt lat="51.91409739665687084197998046875" lon="4.41190148703753948211669921875">
        <ele>8.80000019073486328125</ele>
        <time>2025-05-31T10:59:40.000Z</time>
        <extensions>
          <ns3:TrackPointExtension>
            <ns3:hr>144</ns3:hr>
          </ns3:TrackPointExtension>
        </extensions>
      </trkpt>
      <trkpt lat="51.91409337334334850311279296875" lon="4.41194725222885608673095703125">
        <ele>8.80000019073486328125</ele>
        <time>2025-05-31T10:59:41.000Z</time>
        <extensions>
          <ns3:TrackPointExtension>
            <ns3:hr>144</ns3:hr>
          </ns3:TrackPointExtension>
        </extensions>
      </trkpt>
      <trkpt lat="51.9140664674341678619384765625" lon="4.4121438078582286834716796875">
        <ele>9</ele>
        <time>2025-05-31T10:59:46.000Z</time>
        <extensions>
          <ns3:TrackPointExtension>
            <ns3:hr>144</ns3:hr>
          </ns3:TrackPointExtension>
        </extensions>
      </trkpt>
      <trkpt lat="51.91404995508491992950439453125" lon="4.41218194551765918731689453125">
        <ele>9</ele>
        <time>2025-05-31T10:59:47.000Z</time>
        <extensions>
          <ns3:TrackPointExtension>
            <ns3:hr>143</ns3:hr>
          </ns3:TrackPointExtension>
        </extensions>
      </trkpt>
      <trkpt lat="51.913975439965724945068359375" lon="4.41234036348760128021240234375">
        <ele>9</ele>
        <time>2025-05-31T10:59:53.000Z</time>
        <extensions>
          <ns3:TrackPointExtension>
            <ns3:hr>142</ns3:hr>
          </ns3:TrackPointExtension>
        </extensions>
      </trkpt>
      <trkpt lat="51.9139725901186466217041015625" lon="4.412342794239521026611328125">
        <ele>9.19999980926513671875</ele>
        <time>2025-05-31T10:59:57.000Z</time>
        <extensions>
          <ns3:TrackPointExtension>
            <ns3:hr>143</ns3:hr>
          </ns3:TrackPointExtension>
        </extensions>
      </trkpt>
      <trkpt lat="51.9139725901186466217041015625" lon="4.412342794239521026611328125">
        <ele>9.19999980926513671875</ele>
        <time>2025-05-31T10:59:58.000Z</time>
        <extensions>
          <ns3:TrackPointExtension>
            <ns3:hr>143</ns3:hr>
          </ns3:TrackPointExtension>
        </extensions>
      </trkpt>
      <trkpt lat="51.91396630369126796722412109375" lon="4.4123677723109722137451171875">
        <ele>9.19999980926513671875</ele>
        <time>2025-05-31T11:00:10.000Z</time>
        <extensions>
          <ns3:TrackPointExtension>
            <ns3:hr>143</ns3:hr>
          </ns3:TrackPointExtension>
        </extensions>
      </trkpt>
      <trkpt lat="51.91395859234035015106201171875" lon="4.41242284141480922698974609375">
        <ele>9.19999980926513671875</ele>
        <time>2025-05-31T11:00:12.000Z</time>
        <extensions>
          <ns3:TrackPointExtension>
            <ns3:hr>142</ns3:hr>
          </ns3:TrackPointExtension>
        </extensions>
      </trkpt>
      <trkpt lat="51.9139529764652252197265625" lon="4.41245301626622676849365234375">
        <ele>9.3999996185302734375</ele>
        <time>2025-05-31T11:00:14.000Z</time>
        <extensions>
          <ns3:TrackPointExtension>
            <ns3:hr>139</ns3:hr>
          </ns3:TrackPointExtension>
        </extensions>
      </trkpt>
      <trkpt lat="51.91395423375070095062255859375" lon="4.4124589674174785614013671875">
        <ele>9.3999996185302734375</ele>
        <time>2025-05-31T11:00:17.000Z</time>
        <extensions>
          <ns3:TrackPointExtension>
            <ns3:hr>137</ns3:hr>
          </ns3:TrackPointExtension>
        </extensions>
      </trkpt>
      <trkpt lat="51.91395825706422328948974609375" lon="4.41248394548892974853515625">
        <ele>9.3999996185302734375</ele>
        <time>2025-05-31T11:00:18.000Z</time>
        <extensions>
          <ns3:TrackPointExtension>
            <ns3:hr>138</ns3:hr>
          </ns3:TrackPointExtension>
        </extensions>
      </trkpt>
      <trkpt lat="51.91396311856806278228759765625" lon="4.412563405930995941162109375">
        <ele>9.3999996185302734375</ele>
        <time>2025-05-31T11:00:20.000Z</time>
        <extensions>
          <ns3:TrackPointExtension>
            <ns3:hr>138</ns3:hr>
          </ns3:TrackPointExtension>
        </extensions>
      </trkpt>
      <trkpt lat="51.91400117240846157073974609375" lon="4.41280891187489032745361328125">
        <ele>9.3999996185302734375</ele>
        <time>2025-05-31T11:00:24.000Z</time>
        <extensions>
          <ns3:TrackPointExtension>
            <ns3:hr>140</ns3:hr>
          </ns3:TrackPointExtension>
        </extensions>
      </trkpt>
      <trkpt lat="51.91399966366589069366455078125" lon="4.413249380886554718017578125">
        <ele>8.6000003814697265625</ele>
        <time>2025-05-31T11:00:30.000Z</time>
        <extensions>
          <ns3:TrackPointExtension>
            <ns3:hr>140</ns3:hr>
          </ns3:TrackPointExtension>
        </extensions>
      </trkpt>
      <trkpt lat="51.91399781964719295501708984375" lon="4.413773752748966217041015625">
        <ele>9.3999996185302734375</ele>
        <time>2025-05-31T11:00:36.000Z</time>
        <extensions>
          <ns3:TrackPointExtension>
            <ns3:hr>142</ns3:hr>
          </ns3:TrackPointExtension>
        </extensions>
      </trkpt>
      <trkpt lat="51.9139960594475269317626953125" lon="4.41386603750288486480712890625">
        <ele>9.3999996185302734375</ele>
        <time>2025-05-31T11:00:37.000Z</time>
        <extensions>
          <ns3:TrackPointExtension>
            <ns3:hr>142</ns3:hr>
          </ns3:TrackPointExtension>
        </extensions>
      </trkpt>
      <trkpt lat="51.91398943774402141571044921875" lon="4.4144397787749767303466796875">
        <ele>9.6000003814697265625</ele>
        <time>2025-05-31T11:00:44.000Z</time>
        <extensions>
          <ns3:TrackPointExtension>
            <ns3:hr>144</ns3:hr>
          </ns3:TrackPointExtension>
        </extensions>
      </trkpt>
      <trkpt lat="51.91398449242115020751953125" lon="4.4145098514854907989501953125">
        <ele>9.6000003814697265625</ele>
        <time>2025-05-31T11:00:45.000Z</time>
        <extensions>
          <ns3:TrackPointExtension>
            <ns3:hr>144</ns3:hr>
          </ns3:TrackPointExtension>
        </extensions>
      </trkpt>
      <trkpt lat="51.91396772861480712890625" lon="4.41493355669081211090087890625">
        <ele>9.3999996185302734375</ele>
        <time>2025-05-31T11:00:51.000Z</time>
        <extensions>
          <ns3:TrackPointExtension>
            <ns3:hr>147</ns3:hr>
          </ns3:TrackPointExtension>
        </extensions>
      </trkpt>
      <trkpt lat="51.9139658845961093902587890625" lon="4.415000863373279571533203125">
        <ele>9.3999996185302734375</ele>
        <time>2025-05-31T11:00:52.000Z</time>
        <extensions>
          <ns3:TrackPointExtension>
            <ns3:hr>148</ns3:hr>
          </ns3:TrackPointExtension>
        </extensions>
      </trkpt>
      <trkpt lat="51.91393579356372356414794921875" lon="4.4155639596283435821533203125">
        <ele>9.3999996185302734375</ele>
        <time>2025-05-31T11:01:01.000Z</time>
        <extensions>
          <ns3:TrackPointExtension>
            <ns3:hr>148</ns3:hr>
          </ns3:TrackPointExtension>
        </extensions>
      </trkpt>
      <trkpt lat="51.91393193788826465606689453125" lon="4.415873251855373382568359375">
        <ele>9.6000003814697265625</ele>
        <time>2025-05-31T11:01:06.000Z</time>
        <extensions>
          <ns3:TrackPointExtension>
            <ns3:hr>148</ns3:hr>
          </ns3:TrackPointExtension>
        </extensions>
      </trkpt>
      <trkpt lat="51.913907043635845184326171875" lon="4.41633283160626888275146484375">
        <ele>9.3999996185302734375</ele>
        <time>2025-05-31T11:01:13.000Z</time>
        <extensions>
          <ns3:TrackPointExtension>
            <ns3:hr>147</ns3:hr>
          </ns3:TrackPointExtension>
        </extensions>
      </trkpt>
      <trkpt lat="51.913847029209136962890625" lon="4.4168832711875438690185546875">
        <ele>9.3999996185302734375</ele>
        <time>2025-05-31T11:01:21.000Z</time>
        <extensions>
          <ns3:TrackPointExtension>
            <ns3:hr>147</ns3:hr>
          </ns3:TrackPointExtension>
        </extensions>
      </trkpt>
      <trkpt lat="51.91383873112499713897705078125" lon="4.41694538109004497528076171875">
        <ele>9.3999996185302734375</ele>
        <time>2025-05-31T11:01:22.000Z</time>
        <extensions>
          <ns3:TrackPointExtension>
            <ns3:hr>146</ns3:hr>
          </ns3:TrackPointExtension>
        </extensions>
      </trkpt>
      <trkpt lat="51.91383722238242626190185546875" lon="4.41701277159154415130615234375">
        <ele>9.3999996185302734375</ele>
        <time>2025-05-31T11:01:23.000Z</time>
        <extensions>
          <ns3:TrackPointExtension>
            <ns3:hr>146</ns3:hr>
          </ns3:TrackPointExtension>
        </extensions>
      </trkpt>
      <trkpt lat="51.913814507424831390380859375" lon="4.4173727743327617645263671875">
        <ele>9.3999996185302734375</ele>
        <time>2025-05-31T11:01:28.000Z</time>
        <extensions>
          <ns3:TrackPointExtension>
            <ns3:hr>144</ns3:hr>
          </ns3:TrackPointExtension>
        </extensions>
      </trkpt>
      <trkpt lat="51.913762874901294708251953125" lon="4.4181070290505886077880859375">
        <ele>9.3999996185302734375</ele>
        <time>2025-05-31T11:01:38.000Z</time>
        <extensions>
          <ns3:TrackPointExtension>
            <ns3:hr>143</ns3:hr>
          </ns3:TrackPointExtension>
        </extensions>
      </trkpt>
      <trkpt lat="51.91373236477375030517578125" lon="4.41870935261249542236328125">
        <ele>9.3999996185302734375</ele>
        <time>2025-05-31T11:01:46.000Z</time>
        <extensions>
          <ns3:TrackPointExtension>
            <ns3:hr>144</ns3:hr>
          </ns3:TrackPointExtension>
        </extensions>
      </trkpt>
      <trkpt lat="51.91369355656206607818603515625" lon="4.41956405527889728546142578125">
        <ele>9.6000003814697265625</ele>
        <time>2025-05-31T11:01:57.000Z</time>
        <extensions>
          <ns3:TrackPointExtension>
            <ns3:hr>146</ns3:hr>
          </ns3:TrackPointExtension>
        </extensions>
      </trkpt>
      <trkpt lat="51.913636811077594757080078125" lon="4.42044851370155811309814453125">
        <ele>9.6000003814697265625</ele>
        <time>2025-05-31T11:02:08.000Z</time>
        <extensions>
          <ns3:TrackPointExtension>
            <ns3:hr>146</ns3:hr>
          </ns3:TrackPointExtension>
        </extensions>
      </trkpt>
      <trkpt lat="51.91362650133669376373291015625" lon="4.4205247052013874053955078125">
        <ele>9.6000003814697265625</ele>
        <time>2025-05-31T11:02:09.000Z</time>
        <extensions>
          <ns3:TrackPointExtension>
            <ns3:hr>146</ns3:hr>
          </ns3:TrackPointExtension>
        </extensions>
      </trkpt>
      <trkpt lat="51.91358626820147037506103515625" lon="4.4212354905903339385986328125">
        <ele>9.6000003814697265625</ele>
        <time>2025-05-31T11:02:18.000Z</time>
        <extensions>
          <ns3:TrackPointExtension>
            <ns3:hr>143</ns3:hr>
          </ns3:TrackPointExtension>
        </extensions>
      </trkpt>
      <trkpt lat="51.91357788629829883575439453125" lon="4.4213893823325634002685546875">
        <ele>9.6000003814697265625</ele>
        <time>2025-05-31T11:02:20.000Z</time>
        <extensions>
          <ns3:TrackPointExtension>
            <ns3:hr>144</ns3:hr>
          </ns3:TrackPointExtension>
        </extensions>
      </trkpt>
      <trkpt lat="51.9135367311537265777587890625" lon="4.42217552103102207183837890625">
        <ele>9.80000019073486328125</ele>
        <time>2025-05-31T11:02:30.000Z</time>
        <extensions>
          <ns3:TrackPointExtension>
            <ns3:hr>144</ns3:hr>
          </ns3:TrackPointExtension>
        </extensions>
      </trkpt>
      <trkpt lat="51.91351887769997119903564453125" lon="4.422405771911144256591796875">
        <ele>9.80000019073486328125</ele>
        <time>2025-05-31T11:02:33.000Z</time>
        <extensions>
          <ns3:TrackPointExtension>
            <ns3:hr>144</ns3:hr>
          </ns3:TrackPointExtension>
        </extensions>
      </trkpt>
      <trkpt lat="51.91351586021482944488525390625" lon="4.42262864671647548675537109375">
        <ele>9.80000019073486328125</ele>
        <time>2025-05-31T11:02:36.000Z</time>
        <extensions>
          <ns3:TrackPointExtension>
            <ns3:hr>144</ns3:hr>
          </ns3:TrackPointExtension>
        </extensions>
      </trkpt>
      <trkpt lat="51.913489960134029388427734375" lon="4.42316827364265918731689453125">
        <ele>9</ele>
        <time>2025-05-31T11:02:43.000Z</time>
        <extensions>
          <ns3:TrackPointExtension>
            <ns3:hr>145</ns3:hr>
          </ns3:TrackPointExtension>
        </extensions>
      </trkpt>
      <trkpt lat="51.91344696097075939178466796875" lon="4.4236385822296142578125">
        <ele>9.80000019073486328125</ele>
        <time>2025-05-31T11:02:49.000Z</time>
        <extensions>
          <ns3:TrackPointExtension>
            <ns3:hr>145</ns3:hr>
          </ns3:TrackPointExtension>
        </extensions>
      </trkpt>
      <trkpt lat="51.91344226710498332977294921875" lon="4.423799179494380950927734375">
        <ele>9.6000003814697265625</ele>
        <time>2025-05-31T11:02:51.000Z</time>
        <extensions>
          <ns3:TrackPointExtension>
            <ns3:hr>146</ns3:hr>
          </ns3:TrackPointExtension>
        </extensions>
      </trkpt>
      <trkpt lat="51.91341158933937549591064453125" lon="4.4242754392325878143310546875">
        <ele>9.6000003814697265625</ele>
        <time>2025-05-31T11:02:57.000Z</time>
        <extensions>
          <ns3:TrackPointExtension>
            <ns3:hr>149</ns3:hr>
          </ns3:TrackPointExtension>
        </extensions>
      </trkpt>
      <trkpt lat="51.9134056381881237030029296875" lon="4.42434945143759250640869140625">
        <ele>9.6000003814697265625</ele>
        <time>2025-05-31T11:02:58.000Z</time>
        <extensions>
          <ns3:TrackPointExtension>
            <ns3:hr>149</ns3:hr>
          </ns3:TrackPointExtension>
        </extensions>
      </trkpt>
      <trkpt lat="51.91336833871901035308837890625" lon="4.42496501840651035308837890625">
        <ele>10</ele>
        <time>2025-05-31T11:03:06.000Z</time>
        <extensions>
          <ns3:TrackPointExtension>
            <ns3:hr>146</ns3:hr>
          </ns3:TrackPointExtension>
        </extensions>
      </trkpt>
      <trkpt lat="51.91332877613604068756103515625" lon="4.42551545798778533935546875">
        <ele>9.80000019073486328125</ele>
        <time>2025-05-31T11:03:13.000Z</time>
        <extensions>
          <ns3:TrackPointExtension>
            <ns3:hr>146</ns3:hr>
          </ns3:TrackPointExtension>
        </extensions>
      </trkpt>
      <trkpt lat="51.91329306922852993011474609375" lon="4.42619950510561466217041015625">
        <ele>9.80000019073486328125</ele>
        <time>2025-05-31T11:03:22.000Z</time>
        <extensions>
          <ns3:TrackPointExtension>
            <ns3:hr>149</ns3:hr>
          </ns3:TrackPointExtension>
        </extensions>
      </trkpt>
      <trkpt lat="51.9132869504392147064208984375" lon="4.42627879790961742401123046875">
        <ele>9.80000019073486328125</ele>
        <time>2025-05-31T11:03:23.000Z</time>
        <extensions>
          <ns3:TrackPointExtension>
            <ns3:hr>149</ns3:hr>
          </ns3:TrackPointExtension>
        </extensions>
      </trkpt>
      <trkpt lat="51.9132172130048274993896484375" lon="4.42671834491193294525146484375">
        <ele>9.6000003814697265625</ele>
        <time>2025-05-31T11:03:29.000Z</time>
        <extensions>
          <ns3:TrackPointExtension>
            <ns3:hr>148</ns3:hr>
          </ns3:TrackPointExtension>
        </extensions>
      </trkpt>
      <trkpt lat="51.91318343393504619598388671875" lon="4.42710206843912601470947265625">
        <ele>9.80000019073486328125</ele>
        <time>2025-05-31T11:03:35.000Z</time>
        <extensions>
          <ns3:TrackPointExtension>
            <ns3:hr>145</ns3:hr>
          </ns3:TrackPointExtension>
        </extensions>
      </trkpt>
      <trkpt lat="51.91318158991634845733642578125" lon="4.42723534069955348968505859375">
        <ele>9.80000019073486328125</ele>
        <time>2025-05-31T11:03:37.000Z</time>
        <extensions>
          <ns3:TrackPointExtension>
            <ns3:hr>145</ns3:hr>
          </ns3:TrackPointExtension>
        </extensions>
      </trkpt>
      <trkpt lat="51.91314806230366230010986328125" lon="4.42785526625812053680419921875">
        <ele>9.6000003814697265625</ele>
        <time>2025-05-31T11:03:45.000Z</time>
        <extensions>
          <ns3:TrackPointExtension>
            <ns3:hr>144</ns3:hr>
          </ns3:TrackPointExtension>
        </extensions>
      </trkpt>
      <trkpt lat="51.9131134450435638427734375" lon="4.4284888543188571929931640625">
        <ele>9.6000003814697265625</ele>
        <time>2025-05-31T11:03:53.000Z</time>
        <extensions>
          <ns3:TrackPointExtension>
            <ns3:hr>145</ns3:hr>
          </ns3:TrackPointExtension>
        </extensions>
      </trkpt>
      <trkpt lat="51.91309802234172821044921875" lon="4.4286896847188472747802734375">
        <ele>9.6000003814697265625</ele>
        <time>2025-05-31T11:03:56.000Z</time>
        <extensions>
          <ns3:TrackPointExtension>
            <ns3:hr>146</ns3:hr>
          </ns3:TrackPointExtension>
        </extensions>
      </trkpt>
      <trkpt lat="51.913095004856586456298828125" lon="4.428944326937198638916015625">
        <ele>9.80000019073486328125</ele>
        <time>2025-05-31T11:04:00.000Z</time>
        <extensions>
          <ns3:TrackPointExtension>
            <ns3:hr>147</ns3:hr>
          </ns3:TrackPointExtension>
        </extensions>
      </trkpt>
      <trkpt lat="51.91308720968663692474365234375" lon="4.42908522672951221466064453125">
        <ele>9.80000019073486328125</ele>
        <time>2025-05-31T11:04:02.000Z</time>
        <extensions>
          <ns3:TrackPointExtension>
            <ns3:hr>147</ns3:hr>
          </ns3:TrackPointExtension>
        </extensions>
      </trkpt>
      <trkpt lat="51.91308067180216312408447265625" lon="4.42945587448775768280029296875">
        <ele>9.6000003814697265625</ele>
        <time>2025-05-31T11:04:07.000Z</time>
        <extensions>
          <ns3:TrackPointExtension>
            <ns3:hr>148</ns3:hr>
          </ns3:TrackPointExtension>
        </extensions>
      </trkpt>
      <trkpt lat="51.913058459758758544921875" lon="4.4298852793872356414794921875">
        <ele>9.80000019073486328125</ele>
        <time>2025-05-31T11:04:13.000Z</time>
        <extensions>
          <ns3:TrackPointExtension>
            <ns3:hr>145</ns3:hr>
          </ns3:TrackPointExtension>
        </extensions>
      </trkpt>
      <trkpt lat="51.91305242478847503662109375" lon="4.43001846782863140106201171875">
        <ele>9.80000019073486328125</ele>
        <time>2025-05-31T11:04:15.000Z</time>
        <extensions>
          <ns3:TrackPointExtension>
            <ns3:hr>144</ns3:hr>
          </ns3:TrackPointExtension>
        </extensions>
      </trkpt>
      <trkpt lat="51.91303633153438568115234375" lon="4.43034611642360687255859375">
        <ele>9.3999996185302734375</ele>
        <time>2025-05-31T11:04:20.000Z</time>
        <extensions>
          <ns3:TrackPointExtension>
            <ns3:hr>142</ns3:hr>
          </ns3:TrackPointExtension>
        </extensions>
      </trkpt>
      <trkpt lat="51.91301847808063030242919921875" lon="4.4303969107568264007568359375">
        <ele>9.3999996185302734375</ele>
        <time>2025-05-31T11:04:21.000Z</time>
        <extensions>
          <ns3:TrackPointExtension>
            <ns3:hr>142</ns3:hr>
          </ns3:TrackPointExtension>
        </extensions>
      </trkpt>
      <trkpt lat="51.91298578865826129913330078125" lon="4.43042633123695850372314453125">
        <ele>9.3999996185302734375</ele>
        <time>2025-05-31T11:04:22.000Z</time>
        <extensions>
          <ns3:TrackPointExtension>
            <ns3:hr>142</ns3:hr>
          </ns3:TrackPointExtension>
        </extensions>
      </trkpt>
      <trkpt lat="51.91291353665292263031005859375" lon="4.4304465316236019134521484375">
        <ele>9.3999996185302734375</ele>
        <time>2025-05-31T11:04:24.000Z</time>
        <extensions>
          <ns3:TrackPointExtension>
            <ns3:hr>142</ns3:hr>
          </ns3:TrackPointExtension>
        </extensions>
      </trkpt>
      <trkpt lat="51.912572644650936126708984375" lon="4.43052523769438266754150390625">
        <ele>8.80000019073486328125</ele>
        <time>2025-05-31T11:04:32.000Z</time>
        <extensions>
          <ns3:TrackPointExtension>
            <ns3:hr>140</ns3:hr>
          </ns3:TrackPointExtension>
        </extensions>
      </trkpt>
      <trkpt lat="51.9125386141240596771240234375" lon="4.4305662252008914947509765625">
        <ele>8.80000019073486328125</ele>
        <time>2025-05-31T11:04:33.000Z</time>
        <extensions>
          <ns3:TrackPointExtension>
            <ns3:hr>139</ns3:hr>
          </ns3:TrackPointExtension>
        </extensions>
      </trkpt>
      <trkpt lat="51.91252478398382663726806640625" lon="4.43062179721891880035400390625">
        <ele>8.80000019073486328125</ele>
        <time>2025-05-31T11:04:34.000Z</time>
        <extensions>
          <ns3:TrackPointExtension>
            <ns3:hr>139</ns3:hr>
          </ns3:TrackPointExtension>
        </extensions>
      </trkpt>
      <trkpt lat="51.9125355966389179229736328125" lon="4.43077501840889453887939453125">
        <ele>8.6000003814697265625</ele>
        <time>2025-05-31T11:04:36.000Z</time>
        <extensions>
          <ns3:TrackPointExtension>
            <ns3:hr>138</ns3:hr>
          </ns3:TrackPointExtension>
        </extensions>
      </trkpt>
      <trkpt lat="51.9125801883637905120849609375" lon="4.4310791976749897003173828125">
        <ele>8.3999996185302734375</ele>
        <time>2025-05-31T11:04:40.000Z</time>
        <extensions>
          <ns3:TrackPointExtension>
            <ns3:hr>138</ns3:hr>
          </ns3:TrackPointExtension>
        </extensions>
      </trkpt>
      <trkpt lat="51.912584714591503143310546875" lon="4.43115790374577045440673828125">
        <ele>8.3999996185302734375</ele>
        <time>2025-05-31T11:04:41.000Z</time>
        <extensions>
          <ns3:TrackPointExtension>
            <ns3:hr>138</ns3:hr>
          </ns3:TrackPointExtension>
        </extensions>
      </trkpt>
      <trkpt lat="51.9125982932746410369873046875" lon="4.4314848817884922027587890625">
        <ele>8.3999996185302734375</ele>
        <time>2025-05-31T11:04:45.000Z</time>
        <extensions>
          <ns3:TrackPointExtension>
            <ns3:hr>140</ns3:hr>
          </ns3:TrackPointExtension>
        </extensions>
      </trkpt>
      <trkpt lat="51.9126066751778125762939453125" lon="4.4316381029784679412841796875">
        <ele>8.6000003814697265625</ele>
        <time>2025-05-31T11:04:47.000Z</time>
        <extensions>
          <ns3:TrackPointExtension>
            <ns3:hr>141</ns3:hr>
          </ns3:TrackPointExtension>
        </extensions>
      </trkpt>
      <trkpt lat="51.91258144564926624298095703125" lon="4.4320137798786163330078125">
        <ele>8.80000019073486328125</ele>
        <time>2025-05-31T11:04:52.000Z</time>
        <extensions>
          <ns3:TrackPointExtension>
            <ns3:hr>141</ns3:hr>
          </ns3:TrackPointExtension>
        </extensions>
      </trkpt>
      <trkpt lat="51.912548504769802093505859375" lon="4.4321584515273571014404296875">
        <ele>8.80000019073486328125</ele>
        <time>2025-05-31T11:04:54.000Z</time>
        <extensions>
          <ns3:TrackPointExtension>
            <ns3:hr>141</ns3:hr>
          </ns3:TrackPointExtension>
        </extensions>
      </trkpt>
      <trkpt lat="51.9125309027731418609619140625" lon="4.43223045207560062408447265625">
        <ele>8.80000019073486328125</ele>
        <time>2025-05-31T11:04:55.000Z</time>
        <extensions>
          <ns3:TrackPointExtension>
            <ns3:hr>141</ns3:hr>
          </ns3:TrackPointExtension>
        </extensions>
      </trkpt>
      <trkpt lat="51.9124799408018589019775390625" lon="4.43236523307859897613525390625">
        <ele>8.80000019073486328125</ele>
        <time>2025-05-31T11:04:57.000Z</time>
        <extensions>
          <ns3:TrackPointExtension>
            <ns3:hr>142</ns3:hr>
          </ns3:TrackPointExtension>
        </extensions>
      </trkpt>
      <trkpt lat="51.912417076528072357177734375" lon="4.43248023279011249542236328125">
        <ele>8.80000019073486328125</ele>
        <time>2025-05-31T11:04:59.000Z</time>
        <extensions>
          <ns3:TrackPointExtension>
            <ns3:hr>143</ns3:hr>
          </ns3:TrackPointExtension>
        </extensions>
      </trkpt>
      <trkpt lat="51.91227818839251995086669921875" lon="4.4326875172555446624755859375">
        <ele>9</ele>
        <time>2025-05-31T11:05:03.000Z</time>
        <extensions>
          <ns3:TrackPointExtension>
            <ns3:hr>142</ns3:hr>
          </ns3:TrackPointExtension>
        </extensions>
      </trkpt>
      <trkpt lat="51.91219571046531200408935546875" lon="4.43277175538241863250732421875">
        <ele>9</ele>
        <time>2025-05-31T11:05:05.000Z</time>
        <extensions>
          <ns3:TrackPointExtension>
            <ns3:hr>141</ns3:hr>
          </ns3:TrackPointExtension>
        </extensions>
      </trkpt>
      <trkpt lat="51.91198867745697498321533203125" lon="4.4328828155994415283203125">
        <ele>8.80000019073486328125</ele>
        <time>2025-05-31T11:05:09.000Z</time>
        <extensions>
          <ns3:TrackPointExtension>
            <ns3:hr>142</ns3:hr>
          </ns3:TrackPointExtension>
        </extensions>
      </trkpt>
      <trkpt lat="51.911896057426929473876953125" lon="4.4328990764915943145751953125">
        <ele>8.80000019073486328125</ele>
        <time>2025-05-31T11:05:11.000Z</time>
        <extensions>
          <ns3:TrackPointExtension>
            <ns3:hr>143</ns3:hr>
          </ns3:TrackPointExtension>
        </extensions>
      </trkpt>
      <trkpt lat="51.9116508029401302337646484375" lon="4.43303142674267292022705078125">
        <ele>8.80000019073486328125</ele>
        <time>2025-05-31T11:05:17.000Z</time>
        <extensions>
          <ns3:TrackPointExtension>
            <ns3:hr>147</ns3:hr>
          </ns3:TrackPointExtension>
        </extensions>
      </trkpt>
      <trkpt lat="51.9115881063044071197509765625" lon="4.433109126985073089599609375">
        <ele>8.6000003814697265625</ele>
        <time>2025-05-31T11:05:19.000Z</time>
        <extensions>
          <ns3:TrackPointExtension>
            <ns3:hr>147</ns3:hr>
          </ns3:TrackPointExtension>
        </extensions>
      </trkpt>
      <trkpt lat="51.9111975096166133880615234375" lon="4.4333513639867305755615234375">
        <ele>8.80000019073486328125</ele>
        <time>2025-05-31T11:05:28.000Z</time>
        <extensions>
          <ns3:TrackPointExtension>
            <ns3:hr>148</ns3:hr>
          </ns3:TrackPointExtension>
        </extensions>
      </trkpt>
      <trkpt lat="51.9109219126403331756591796875" lon="4.43351380527019500732421875">
        <ele>8.6000003814697265625</ele>
        <time>2025-05-31T11:05:36.000Z</time>
        <extensions>
          <ns3:TrackPointExtension>
            <ns3:hr>146</ns3:hr>
          </ns3:TrackPointExtension>
        </extensions>
      </trkpt>
      <trkpt lat="51.9107609800994396209716796875" lon="4.43359971977770328521728515625">
        <ele>8.6000003814697265625</ele>
        <time>2025-05-31T11:05:42.000Z</time>
        <extensions>
          <ns3:TrackPointExtension>
            <ns3:hr>146</ns3:hr>
          </ns3:TrackPointExtension>
        </extensions>
      </trkpt>
      <trkpt lat="51.9106419570744037628173828125" lon="4.43367213942110538482666015625">
        <ele>8.3999996185302734375</ele>
        <time>2025-05-31T11:05:49.000Z</time>
        <extensions>
          <ns3:TrackPointExtension>
            <ns3:hr>144</ns3:hr>
          </ns3:TrackPointExtension>
        </extensions>
      </trkpt>
      <trkpt lat="51.91058755852282047271728515625" lon="4.43372276611626148223876953125">
        <ele>8.3999996185302734375</ele>
        <time>2025-05-31T11:05:53.000Z</time>
        <extensions>
          <ns3:TrackPointExtension>
            <ns3:hr>141</ns3:hr>
          </ns3:TrackPointExtension>
        </extensions>
      </trkpt>
      <trkpt lat="51.91056693904101848602294921875" lon="4.4337422959506511688232421875">
        <ele>8.3999996185302734375</ele>
        <time>2025-05-31T11:05:55.000Z</time>
        <extensions>
          <ns3:TrackPointExtension>
            <ns3:hr>140</ns3:hr>
          </ns3:TrackPointExtension>
        </extensions>
      </trkpt>
      <trkpt lat="51.9105457328259944915771484375" lon="4.43377356044948101043701171875">
        <ele>8.19999980926513671875</ele>
        <time>2025-05-31T11:06:00.000Z</time>
        <extensions>
          <ns3:TrackPointExtension>
            <ns3:hr>138</ns3:hr>
          </ns3:TrackPointExtension>
        </extensions>
      </trkpt>
      <trkpt lat="51.91039628349244594573974609375" lon="4.43396332673728466033935546875">
        <ele>8.3999996185302734375</ele>
        <time>2025-05-31T11:06:08.000Z</time>
        <extensions>
          <ns3:TrackPointExtension>
            <ns3:hr>139</ns3:hr>
          </ns3:TrackPointExtension>
        </extensions>
      </trkpt>
      <trkpt lat="51.91020584665238857269287109375" lon="4.43425551988184452056884765625">
        <ele>8.6000003814697265625</ele>
        <time>2025-05-31T11:06:15.000Z</time>
        <extensions>
          <ns3:TrackPointExtension>
            <ns3:hr>140</ns3:hr>
          </ns3:TrackPointExtension>
        </extensions>
      </trkpt>
      <trkpt lat="51.90998665988445281982421875" lon="4.43460219539701938629150390625">
        <ele>8.3999996185302734375</ele>
        <time>2025-05-31T11:06:22.000Z</time>
        <extensions>
          <ns3:TrackPointExtension>
            <ns3:hr>142</ns3:hr>
          </ns3:TrackPointExtension>
        </extensions>
      </trkpt>
      <trkpt lat="51.90968130715191364288330078125" lon="4.43507124669849872589111328125">
        <ele>8.6000003814697265625</ele>
        <time>2025-05-31T11:06:32.000Z</time>
        <extensions>
          <ns3:TrackPointExtension>
            <ns3:hr>143</ns3:hr>
          </ns3:TrackPointExtension>
        </extensions>
      </trkpt>
      <trkpt lat="51.9094430096447467803955078125" lon="4.43546385504305362701416015625">
        <ele>8.6000003814697265625</ele>
        <time>2025-05-31T11:06:40.000Z</time>
        <extensions>
          <ns3:TrackPointExtension>
            <ns3:hr>145</ns3:hr>
          </ns3:TrackPointExtension>
        </extensions>
      </trkpt>
      <trkpt lat="51.90937779843807220458984375" lon="4.43555236794054508209228515625">
        <ele>8.3999996185302734375</ele>
        <time>2025-05-31T11:06:42.000Z</time>
        <extensions>
          <ns3:TrackPointExtension>
            <ns3:hr>144</ns3:hr>
          </ns3:TrackPointExtension>
        </extensions>
      </trkpt>
      <trkpt lat="51.9092884473502635955810546875" lon="4.43569335155189037322998046875">
        <ele>8.3999996185302734375</ele>
        <time>2025-05-31T11:06:45.000Z</time>
        <extensions>
          <ns3:TrackPointExtension>
            <ns3:hr>143</ns3:hr>
          </ns3:TrackPointExtension>
        </extensions>
      </trkpt>
      <trkpt lat="51.909258775413036346435546875" lon="4.43574096076190471649169921875">
        <ele>8.3999996185302734375</ele>
        <time>2025-05-31T11:06:46.000Z</time>
        <extensions>
          <ns3:TrackPointExtension>
            <ns3:hr>143</ns3:hr>
          </ns3:TrackPointExtension>
        </extensions>
      </trkpt>
      <trkpt lat="51.9089109264314174652099609375" lon="4.436274804174900054931640625">
        <ele>8.3999996185302734375</ele>
        <time>2025-05-31T11:06:57.000Z</time>
        <extensions>
          <ns3:TrackPointExtension>
            <ns3:hr>145</ns3:hr>
          </ns3:TrackPointExtension>
        </extensions>
      </trkpt>
      <trkpt lat="51.9086785800755023956298828125" lon="4.4366313703358173370361328125">
        <ele>8.19999980926513671875</ele>
        <time>2025-05-31T11:07:04.000Z</time>
        <extensions>
          <ns3:TrackPointExtension>
            <ns3:hr>146</ns3:hr>
          </ns3:TrackPointExtension>
        </extensions>
      </trkpt>
      <trkpt lat="51.90861294977366924285888671875" lon="4.4367279298603534698486328125">
        <ele>8.19999980926513671875</ele>
        <time>2025-05-31T11:07:06.000Z</time>
        <extensions>
          <ns3:TrackPointExtension>
            <ns3:hr>146</ns3:hr>
          </ns3:TrackPointExtension>
        </extensions>
      </trkpt>
      <trkpt lat="51.9082071818411350250244140625" lon="4.4373352825641632080078125">
        <ele>8.19999980926513671875</ele>
        <time>2025-05-31T11:07:18.000Z</time>
        <extensions>
          <ns3:TrackPointExtension>
            <ns3:hr>147</ns3:hr>
          </ns3:TrackPointExtension>
        </extensions>
      </trkpt>
      <trkpt lat="51.90810634754598140716552734375" lon="4.437495209276676177978515625">
        <ele>8.19999980926513671875</ele>
        <time>2025-05-31T11:07:21.000Z</time>
        <extensions>
          <ns3:TrackPointExtension>
            <ns3:hr>147</ns3:hr>
          </ns3:TrackPointExtension>
        </extensions>
      </trkpt>
      <trkpt lat="51.90790551714599132537841796875" lon="4.4378115423023700714111328125">
        <ele>8.19999980926513671875</ele>
        <time>2025-05-31T11:07:27.000Z</time>
        <extensions>
          <ns3:TrackPointExtension>
            <ns3:hr>148</ns3:hr>
          </ns3:TrackPointExtension>
        </extensions>
      </trkpt>
      <trkpt lat="51.9077042676508426666259765625" lon="4.43812008015811443328857421875">
        <ele>8.19999980926513671875</ele>
        <time>2025-05-31T11:07:33.000Z</time>
        <extensions>
          <ns3:TrackPointExtension>
            <ns3:hr>146</ns3:hr>
          </ns3:TrackPointExtension>
        </extensions>
      </trkpt>
      <trkpt lat="51.9075684808194637298583984375" lon="4.43831688724458217620849609375">
        <ele>8.19999980926513671875</ele>
        <time>2025-05-31T11:07:37.000Z</time>
        <extensions>
          <ns3:TrackPointExtension>
            <ns3:hr>149</ns3:hr>
          </ns3:TrackPointExtension>
        </extensions>
      </trkpt>
      <trkpt lat="51.90744115971028804779052734375" lon="4.43852685391902923583984375">
        <ele>8.19999980926513671875</ele>
        <time>2025-05-31T11:07:41.000Z</time>
        <extensions>
          <ns3:TrackPointExtension>
            <ns3:hr>152</ns3:hr>
          </ns3:TrackPointExtension>
        </extensions>
      </trkpt>
      <trkpt lat="51.9073029421269893646240234375" lon="4.43873195908963680267333984375">
        <ele>8.19999980926513671875</ele>
        <time>2025-05-31T11:07:45.000Z</time>
        <extensions>
          <ns3:TrackPointExtension>
            <ns3:hr>153</ns3:hr>
          </ns3:TrackPointExtension>
        </extensions>
      </trkpt>
      <trkpt lat="51.90695852972567081451416015625" lon="4.43925918079912662506103515625">
        <ele>8</ele>
        <time>2025-05-31T11:07:55.000Z</time>
        <extensions>
          <ns3:TrackPointExtension>
            <ns3:hr>152</ns3:hr>
          </ns3:TrackPointExtension>
        </extensions>
      </trkpt>
      <trkpt lat="51.90664588473737239837646484375" lon="4.43973896093666553497314453125">
        <ele>8</ele>
        <time>2025-05-31T11:08:04.000Z</time>
        <extensions>
          <ns3:TrackPointExtension>
            <ns3:hr>152</ns3:hr>
          </ns3:TrackPointExtension>
        </extensions>
      </trkpt>
      <trkpt lat="51.90626216121017932891845703125" lon="4.44031680934131145477294921875">
        <ele>8.19999980926513671875</ele>
        <time>2025-05-31T11:08:15.000Z</time>
        <extensions>
          <ns3:TrackPointExtension>
            <ns3:hr>153</ns3:hr>
          </ns3:TrackPointExtension>
        </extensions>
      </trkpt>
      <trkpt lat="51.906051523983478546142578125" lon="4.44063381291925907135009765625">
        <ele>8</ele>
        <time>2025-05-31T11:08:22.000Z</time>
        <extensions>
          <ns3:TrackPointExtension>
            <ns3:hr>153</ns3:hr>
          </ns3:TrackPointExtension>
        </extensions>
      </trkpt>
      <trkpt lat="51.9059122167527675628662109375" lon="4.4408367387950420379638671875">
        <ele>8</ele>
        <time>2025-05-31T11:08:28.000Z</time>
        <extensions>
          <ns3:TrackPointExtension>
            <ns3:hr>152</ns3:hr>
          </ns3:TrackPointExtension>
        </extensions>
      </trkpt>
      <trkpt lat="51.905800402164459228515625" lon="4.44100496359169483184814453125">
        <ele>8</ele>
        <time>2025-05-31T11:08:34.000Z</time>
        <extensions>
          <ns3:TrackPointExtension>
            <ns3:hr>149</ns3:hr>
          </ns3:TrackPointExtension>
        </extensions>
      </trkpt>
      <trkpt lat="51.9057935290038585662841796875" lon="4.441014267504215240478515625">
        <ele>8</ele>
        <time>2025-05-31T11:08:35.000Z</time>
        <extensions>
          <ns3:TrackPointExtension>
            <ns3:hr>148</ns3:hr>
          </ns3:TrackPointExtension>
        </extensions>
      </trkpt>
      <trkpt lat="51.9057211093604564666748046875" lon="4.441128931939601898193359375">
        <ele>8.19999980926513671875</ele>
        <time>2025-05-31T11:08:41.000Z</time>
        <extensions>
          <ns3:TrackPointExtension>
            <ns3:hr>147</ns3:hr>
          </ns3:TrackPointExtension>
        </extensions>
      </trkpt>
      <trkpt lat="51.9055836461484432220458984375" lon="4.44134409539401531219482421875">
        <ele>8.19999980926513671875</ele>
        <time>2025-05-31T11:08:46.000Z</time>
        <extensions>
          <ns3:TrackPointExtension>
            <ns3:hr>147</ns3:hr>
          </ns3:TrackPointExtension>
        </extensions>
      </trkpt>
      <trkpt lat="51.9054669700562953948974609375" lon="4.4415237195789813995361328125">
        <ele>8.19999980926513671875</ele>
        <time>2025-05-31T11:08:50.000Z</time>
        <extensions>
          <ns3:TrackPointExtension>
            <ns3:hr>150</ns3:hr>
          </ns3:TrackPointExtension>
        </extensions>
      </trkpt>
      <trkpt lat="51.90533746965229511260986328125" lon="4.4417138211429119110107421875">
        <ele>8</ele>
        <time>2025-05-31T11:08:54.000Z</time>
        <extensions>
          <ns3:TrackPointExtension>
            <ns3:hr>153</ns3:hr>
          </ns3:TrackPointExtension>
        </extensions>
      </trkpt>
      <trkpt lat="51.9050587713718414306640625" lon="4.44217340089380741119384765625">
        <ele>8</ele>
        <time>2025-05-31T11:09:03.000Z</time>
        <extensions>
          <ns3:TrackPointExtension>
            <ns3:hr>152</ns3:hr>
          </ns3:TrackPointExtension>
        </extensions>
      </trkpt>
      <trkpt lat="51.90493312664330005645751953125" lon="4.4425603933632373809814453125">
        <ele>8.19999980926513671875</ele>
        <time>2025-05-31T11:09:09.000Z</time>
        <extensions>
          <ns3:TrackPointExtension>
            <ns3:hr>153</ns3:hr>
          </ns3:TrackPointExtension>
        </extensions>
      </trkpt>
      <trkpt lat="51.9049211405217647552490234375" lon="4.44263189099729061126708984375">
        <ele>8</ele>
        <time>2025-05-31T11:09:10.000Z</time>
        <extensions>
          <ns3:TrackPointExtension>
            <ns3:hr>152</ns3:hr>
          </ns3:TrackPointExtension>
        </extensions>
      </trkpt>
      <trkpt lat="51.90485634841024875640869140625" lon="4.4430016167461872100830078125">
        <ele>8</ele>
        <time>2025-05-31T11:09:15.000Z</time>
        <extensions>
          <ns3:TrackPointExtension>
            <ns3:hr>149</ns3:hr>
          </ns3:TrackPointExtension>
        </extensions>
      </trkpt>
      <trkpt lat="51.90483958460390567779541015625" lon="4.44307445548474788665771484375">
        <ele>8</ele>
        <time>2025-05-31T11:09:16.000Z</time>
        <extensions>
          <ns3:TrackPointExtension>
            <ns3:hr>149</ns3:hr>
          </ns3:TrackPointExtension>
        </extensions>
      </trkpt>
      <trkpt lat="51.90481267869472503662109375" lon="4.4432249106466770172119140625">
        <ele>7.80000019073486328125</ele>
        <time>2025-05-31T11:09:18.000Z</time>
        <extensions>
          <ns3:TrackPointExtension>
            <ns3:hr>148</ns3:hr>
          </ns3:TrackPointExtension>
        </extensions>
      </trkpt>
      <trkpt lat="51.90476180054247379302978515625" lon="4.443620033562183380126953125">
        <ele>7.80000019073486328125</ele>
        <time>2025-05-31T11:09:23.000Z</time>
        <extensions>
          <ns3:TrackPointExtension>
            <ns3:hr>150</ns3:hr>
          </ns3:TrackPointExtension>
        </extensions>
      </trkpt>
      <trkpt lat="51.90473380498588085174560546875" lon="4.4438488595187664031982421875">
        <ele>7.80000019073486328125</ele>
        <time>2025-05-31T11:09:26.000Z</time>
        <extensions>
          <ns3:TrackPointExtension>
            <ns3:hr>153</ns3:hr>
          </ns3:TrackPointExtension>
        </extensions>
      </trkpt>
      <trkpt lat="51.9047048874199390411376953125" lon="4.44409972988069057464599609375">
        <ele>7.80000019073486328125</ele>
        <time>2025-05-31T11:09:29.000Z</time>
        <extensions>
          <ns3:TrackPointExtension>
            <ns3:hr>154</ns3:hr>
          </ns3:TrackPointExtension>
        </extensions>
      </trkpt>
      <trkpt lat="51.9046918116509914398193359375" lon="4.44417818449437618255615234375">
        <ele>7.80000019073486328125</ele>
        <time>2025-05-31T11:09:30.000Z</time>
        <extensions>
          <ns3:TrackPointExtension>
            <ns3:hr>154</ns3:hr>
          </ns3:TrackPointExtension>
        </extensions>
      </trkpt>
      <trkpt lat="51.9046274386346340179443359375" lon="4.4445998780429363250732421875">
        <ele>8</ele>
        <time>2025-05-31T11:09:36.000Z</time>
        <extensions>
          <ns3:TrackPointExtension>
            <ns3:hr>154</ns3:hr>
          </ns3:TrackPointExtension>
        </extensions>
      </trkpt>
      <trkpt lat="51.904542110860347747802734375" lon="4.44498988799750804901123046875">
        <ele>8</ele>
        <time>2025-05-31T11:09:43.000Z</time>
        <extensions>
          <ns3:TrackPointExtension>
            <ns3:hr>154</ns3:hr>
          </ns3:TrackPointExtension>
        </extensions>
      </trkpt>
      <trkpt lat="51.9044594652950763702392578125" lon="4.44514788687229156494140625">
        <ele>8.19999980926513671875</ele>
        <time>2025-05-31T11:09:48.000Z</time>
        <extensions>
          <ns3:TrackPointExtension>
            <ns3:hr>153</ns3:hr>
          </ns3:TrackPointExtension>
        </extensions>
      </trkpt>
      <trkpt lat="51.90440230071544647216796875" lon="4.445139504969120025634765625">
        <ele>8.19999980926513671875</ele>
        <time>2025-05-31T11:09:50.000Z</time>
        <extensions>
          <ns3:TrackPointExtension>
            <ns3:hr>150</ns3:hr>
          </ns3:TrackPointExtension>
        </extensions>
      </trkpt>
      <trkpt lat="51.9043327309191226959228515625" lon="4.44511628709733486175537109375">
        <ele>8.19999980926513671875</ele>
        <time>2025-05-31T11:09:52.000Z</time>
        <extensions>
          <ns3:TrackPointExtension>
            <ns3:hr>147</ns3:hr>
          </ns3:TrackPointExtension>
        </extensions>
      </trkpt>
      <trkpt lat="51.9042995385825634002685546875" lon="4.44510388188064098358154296875">
        <ele>8.19999980926513671875</ele>
        <time>2025-05-31T11:09:53.000Z</time>
        <extensions>
          <ns3:TrackPointExtension>
            <ns3:hr>147</ns3:hr>
          </ns3:TrackPointExtension>
        </extensions>
      </trkpt>
      <trkpt lat="51.9040896557271480560302734375" lon="4.44505610503256320953369140625">
        <ele>8.19999980926513671875</ele>
        <time>2025-05-31T11:10:00.000Z</time>
        <extensions>
          <ns3:TrackPointExtension>
            <ns3:hr>145</ns3:hr>
          </ns3:TrackPointExtension>
        </extensions>
      </trkpt>
      <trkpt lat="51.90402637235820293426513671875" lon="4.4452174566686153411865234375">
        <ele>8.19999980926513671875</ele>
        <time>2025-05-31T11:10:04.000Z</time>
        <extensions>
          <ns3:TrackPointExtension>
            <ns3:hr>145</ns3:hr>
          </ns3:TrackPointExtension>
        </extensions>
      </trkpt>
      <trkpt lat="51.9039858877658843994140625" lon="4.44546514190733432769775390625">
        <ele>8</ele>
        <time>2025-05-31T11:10:08.000Z</time>
        <extensions>
          <ns3:TrackPointExtension>
            <ns3:hr>146</ns3:hr>
          </ns3:TrackPointExtension>
        </extensions>
      </trkpt>
      <trkpt lat="51.90395839512348175048828125" lon="4.4457428343594074249267578125">
        <ele>8</ele>
        <time>2025-05-31T11:10:12.000Z</time>
        <extensions>
          <ns3:TrackPointExtension>
            <ns3:hr>148</ns3:hr>
          </ns3:TrackPointExtension>
        </extensions>
      </trkpt>
      <trkpt lat="51.90393802709877490997314453125" lon="4.44588524289429187774658203125">
        <ele>8</ele>
        <time>2025-05-31T11:10:14.000Z</time>
        <extensions>
          <ns3:TrackPointExtension>
            <ns3:hr>147</ns3:hr>
          </ns3:TrackPointExtension>
        </extensions>
      </trkpt>
      <trkpt lat="51.90392059274017810821533203125" lon="4.446031339466571807861328125">
        <ele>8</ele>
        <time>2025-05-31T11:10:16.000Z</time>
        <extensions>
          <ns3:TrackPointExtension>
            <ns3:hr>146</ns3:hr>
          </ns3:TrackPointExtension>
        </extensions>
      </trkpt>
      <trkpt lat="51.90388103015720844268798828125" lon="4.446329735219478607177734375">
        <ele>8.19999980926513671875</ele>
        <time>2025-05-31T11:10:20.000Z</time>
        <extensions>
          <ns3:TrackPointExtension>
            <ns3:hr>146</ns3:hr>
          </ns3:TrackPointExtension>
        </extensions>
      </trkpt>
      <trkpt lat="51.9038438983261585235595703125" lon="4.44661882705986499786376953125">
        <ele>8.3999996185302734375</ele>
        <time>2025-05-31T11:10:24.000Z</time>
        <extensions>
          <ns3:TrackPointExtension>
            <ns3:hr>145</ns3:hr>
          </ns3:TrackPointExtension>
        </extensions>
      </trkpt>
      <trkpt lat="51.90381850115954875946044921875" lon="4.44682896137237548828125">
        <ele>8.3999996185302734375</ele>
        <time>2025-05-31T11:10:27.000Z</time>
        <extensions>
          <ns3:TrackPointExtension>
            <ns3:hr>145</ns3:hr>
          </ns3:TrackPointExtension>
        </extensions>
      </trkpt>
      <trkpt lat="51.90378866158425807952880859375" lon="4.4470309652388095855712890625">
        <ele>8.19999980926513671875</ele>
        <time>2025-05-31T11:10:30.000Z</time>
        <extensions>
          <ns3:TrackPointExtension>
            <ns3:hr>145</ns3:hr>
          </ns3:TrackPointExtension>
        </extensions>
      </trkpt>
      <trkpt lat="51.90375882200896739959716796875" lon="4.44721628911793231964111328125">
        <ele>8.19999980926513671875</ele>
        <time>2025-05-31T11:10:33.000Z</time>
        <extensions>
          <ns3:TrackPointExtension>
            <ns3:hr>143</ns3:hr>
          </ns3:TrackPointExtension>
        </extensions>
      </trkpt>
      <trkpt lat="51.903752200305461883544921875" lon="4.44727890193462371826171875">
        <ele>8.19999980926513671875</ele>
        <time>2025-05-31T11:10:34.000Z</time>
        <extensions>
          <ns3:TrackPointExtension>
            <ns3:hr>143</ns3:hr>
          </ns3:TrackPointExtension>
        </extensions>
      </trkpt>
      <trkpt lat="51.9037550501525402069091796875" lon="4.44733791053295135498046875">
        <ele>8.19999980926513671875</ele>
        <time>2025-05-31T11:10:35.000Z</time>
        <extensions>
          <ns3:TrackPointExtension>
            <ns3:hr>143</ns3:hr>
          </ns3:TrackPointExtension>
        </extensions>
      </trkpt>
      <trkpt lat="51.90379167906939983367919921875" lon="4.4474161975085735321044921875">
        <ele>8.19999980926513671875</ele>
        <time>2025-05-31T11:10:37.000Z</time>
        <extensions>
          <ns3:TrackPointExtension>
            <ns3:hr>144</ns3:hr>
          </ns3:TrackPointExtension>
        </extensions>
      </trkpt>
      <trkpt lat="51.9038884900510311126708984375" lon="4.44752675481140613555908203125">
        <ele>8.3999996185302734375</ele>
        <time>2025-05-31T11:10:41.000Z</time>
        <extensions>
          <ns3:TrackPointExtension>
            <ns3:hr>147</ns3:hr>
          </ns3:TrackPointExtension>
        </extensions>
      </trkpt>
      <trkpt lat="51.903871558606624603271484375" lon="4.4476778805255889892578125">
        <ele>8.80000019073486328125</ele>
        <time>2025-05-31T11:10:44.000Z</time>
        <extensions>
          <ns3:TrackPointExtension>
            <ns3:hr>148</ns3:hr>
          </ns3:TrackPointExtension>
        </extensions>
      </trkpt>
      <trkpt lat="51.9037899188697338104248046875" lon="4.44799144752323627471923828125">
        <ele>8.80000019073486328125</ele>
        <time>2025-05-31T11:10:49.000Z</time>
        <extensions>
          <ns3:TrackPointExtension>
            <ns3:hr>149</ns3:hr>
          </ns3:TrackPointExtension>
        </extensions>
      </trkpt>
      <trkpt lat="51.9036667048931121826171875" lon="4.44847793318331241607666015625">
        <ele>9</ele>
        <time>2025-05-31T11:10:56.000Z</time>
        <extensions>
          <ns3:TrackPointExtension>
            <ns3:hr>151</ns3:hr>
          </ns3:TrackPointExtension>
        </extensions>
      </trkpt>
      <trkpt lat="51.90361515618860721588134765625" lon="4.4487036578357219696044921875">
        <ele>9.19999980926513671875</ele>
        <time>2025-05-31T11:10:59.000Z</time>
        <extensions>
          <ns3:TrackPointExtension>
            <ns3:hr>151</ns3:hr>
          </ns3:TrackPointExtension>
        </extensions>
      </trkpt>
      <trkpt lat="51.9035183452069759368896484375" lon="4.44918503053486347198486328125">
        <ele>9.3999996185302734375</ele>
        <time>2025-05-31T11:11:05.000Z</time>
        <extensions>
          <ns3:TrackPointExtension>
            <ns3:hr>152</ns3:hr>
          </ns3:TrackPointExtension>
        </extensions>
      </trkpt>
      <trkpt lat="51.90335883758962154388427734375" lon="4.44992783479392528533935546875">
        <ele>9.3999996185302734375</ele>
        <time>2025-05-31T11:11:14.000Z</time>
        <extensions>
          <ns3:TrackPointExtension>
            <ns3:hr>155</ns3:hr>
          </ns3:TrackPointExtension>
        </extensions>
      </trkpt>
      <trkpt lat="51.9032628647983074188232421875" lon="4.450595788657665252685546875">
        <ele>9.6000003814697265625</ele>
        <time>2025-05-31T11:11:22.000Z</time>
        <extensions>
          <ns3:TrackPointExtension>
            <ns3:hr>157</ns3:hr>
          </ns3:TrackPointExtension>
        </extensions>
      </trkpt>
      <trkpt lat="51.90322657115757465362548828125" lon="4.45103106088936328887939453125">
        <ele>9.80000019073486328125</ele>
        <time>2025-05-31T11:11:27.000Z</time>
        <extensions>
          <ns3:TrackPointExtension>
            <ns3:hr>161</ns3:hr>
          </ns3:TrackPointExtension>
        </extensions>
      </trkpt>
      <trkpt lat="51.9032229669392108917236328125" lon="4.45120456628501415252685546875">
        <ele>9.80000019073486328125</ele>
        <time>2025-05-31T11:11:29.000Z</time>
        <extensions>
          <ns3:TrackPointExtension>
            <ns3:hr>163</ns3:hr>
          </ns3:TrackPointExtension>
        </extensions>
      </trkpt>
      <trkpt lat="51.90321768634021282196044921875" lon="4.45155392400920391082763671875">
        <ele>9.80000019073486328125</ele>
        <time>2025-05-31T11:11:33.000Z</time>
        <extensions>
          <ns3:TrackPointExtension>
            <ns3:hr>166</ns3:hr>
          </ns3:TrackPointExtension>
        </extensions>
      </trkpt>
      <trkpt lat="51.90323897637426853179931640625" lon="4.451991878449916839599609375">
        <ele>9.6000003814697265625</ele>
        <time>2025-05-31T11:11:38.000Z</time>
        <extensions>
          <ns3:TrackPointExtension>
            <ns3:hr>168</ns3:hr>
          </ns3:TrackPointExtension>
        </extensions>
      </trkpt>
      <trkpt lat="51.90328960306942462921142578125" lon="4.45260602049529552459716796875">
        <ele>9.6000003814697265625</ele>
        <time>2025-05-31T11:11:45.000Z</time>
        <extensions>
          <ns3:TrackPointExtension>
            <ns3:hr>168</ns3:hr>
          </ns3:TrackPointExtension>
        </extensions>
      </trkpt>
      <trkpt lat="51.90331734716892242431640625" lon="4.4527794420719146728515625">
        <ele>9.6000003814697265625</ele>
        <time>2025-05-31T11:11:47.000Z</time>
        <extensions>
          <ns3:TrackPointExtension>
            <ns3:hr>168</ns3:hr>
          </ns3:TrackPointExtension>
        </extensions>
      </trkpt>
      <trkpt lat="51.90342723391950130462646484375" lon="4.45336575619876384735107421875">
        <ele>9.6000003814697265625</ele>
        <time>2025-05-31T11:11:54.000Z</time>
        <extensions>
          <ns3:TrackPointExtension>
            <ns3:hr>168</ns3:hr>
          </ns3:TrackPointExtension>
        </extensions>
      </trkpt>
      <trkpt lat="51.90357089973986148834228515625" lon="4.4541934691369533538818359375">
        <ele>9.6000003814697265625</ele>
        <time>2025-05-31T11:12:04.000Z</time>
        <extensions>
          <ns3:TrackPointExtension>
            <ns3:hr>166</ns3:hr>
          </ns3:TrackPointExtension>
        </extensions>
      </trkpt>
      <trkpt lat="51.903716661036014556884765625" lon="4.4550457410514354705810546875">
        <ele>9.6000003814697265625</ele>
        <time>2025-05-31T11:12:14.000Z</time>
        <extensions>
          <ns3:TrackPointExtension>
            <ns3:hr>165</ns3:hr>
          </ns3:TrackPointExtension>
        </extensions>
      </trkpt>
      <trkpt lat="51.90386594273149967193603515625" lon="4.45584612898528575897216796875">
        <ele>9.80000019073486328125</ele>
        <time>2025-05-31T11:12:24.000Z</time>
        <extensions>
          <ns3:TrackPointExtension>
            <ns3:hr>164</ns3:hr>
          </ns3:TrackPointExtension>
        </extensions>
      </trkpt>
      <trkpt lat="51.904069371521472930908203125" lon="4.45666084997355937957763671875">
        <ele>9.6000003814697265625</ele>
        <time>2025-05-31T11:12:34.000Z</time>
        <extensions>
          <ns3:TrackPointExtension>
            <ns3:hr>163</ns3:hr>
          </ns3:TrackPointExtension>
        </extensions>
      </trkpt>
      <trkpt lat="51.9042351655662059783935546875" lon="4.45726384408771991729736328125">
        <ele>9.80000019073486328125</ele>
        <time>2025-05-31T11:12:41.000Z</time>
        <extensions>
          <ns3:TrackPointExtension>
            <ns3:hr>162</ns3:hr>
          </ns3:TrackPointExtension>
        </extensions>
      </trkpt>
      <trkpt lat="51.9044767320156097412109375" lon="4.45807504467666149139404296875">
        <ele>9.80000019073486328125</ele>
        <time>2025-05-31T11:12:51.000Z</time>
        <extensions>
          <ns3:TrackPointExtension>
            <ns3:hr>160</ns3:hr>
          </ns3:TrackPointExtension>
        </extensions>
      </trkpt>
      <trkpt lat="51.90471804700791835784912109375" lon="4.458907283842563629150390625">
        <ele>10</ele>
        <time>2025-05-31T11:13:02.000Z</time>
        <extensions>
          <ns3:TrackPointExtension>
            <ns3:hr>160</ns3:hr>
          </ns3:TrackPointExtension>
        </extensions>
      </trkpt>
      <trkpt lat="51.90483002923429012298583984375" lon="4.45929259993135929107666015625">
        <ele>10</ele>
        <time>2025-05-31T11:13:08.000Z</time>
        <extensions>
          <ns3:TrackPointExtension>
            <ns3:hr>157</ns3:hr>
          </ns3:TrackPointExtension>
        </extensions>
      </trkpt>
      <trkpt lat="51.90487814135849475860595703125" lon="4.4594727270305156707763671875">
        <ele>10</ele>
        <time>2025-05-31T11:13:11.000Z</time>
        <extensions>
          <ns3:TrackPointExtension>
            <ns3:hr>153</ns3:hr>
          </ns3:TrackPointExtension>
        </extensions>
      </trkpt>
      <trkpt lat="51.904943101108074188232421875" lon="4.4596879743039608001708984375">
        <ele>10</ele>
        <time>2025-05-31T11:13:15.000Z</time>
        <extensions>
          <ns3:TrackPointExtension>
            <ns3:hr>150</ns3:hr>
          </ns3:TrackPointExtension>
        </extensions>
      </trkpt>
      <trkpt lat="51.90500085242092609405517578125" lon="4.45986424572765827178955078125">
        <ele>10.19999980926513671875</ele>
        <time>2025-05-31T11:13:19.000Z</time>
        <extensions>
          <ns3:TrackPointExtension>
            <ns3:hr>149</ns3:hr>
          </ns3:TrackPointExtension>
        </extensions>
      </trkpt>
      <trkpt lat="51.90510143525898456573486328125" lon="4.460153169929981231689453125">
        <ele>9.80000019073486328125</ele>
        <time>2025-05-31T11:13:26.000Z</time>
        <extensions>
          <ns3:TrackPointExtension>
            <ns3:hr>149</ns3:hr>
          </ns3:TrackPointExtension>
        </extensions>
      </trkpt>
      <trkpt lat="51.9051736034452915191650390625" lon="4.4603159464895725250244140625">
        <ele>9.6000003814697265625</ele>
        <time>2025-05-31T11:13:30.000Z</time>
        <extensions>
          <ns3:TrackPointExtension>
            <ns3:hr>146</ns3:hr>
          </ns3:TrackPointExtension>
        </extensions>
      </trkpt>
      <trkpt lat="51.90526789985597133636474609375" lon="4.4605409167706966400146484375">
        <ele>9.3999996185302734375</ele>
        <time>2025-05-31T11:13:34.000Z</time>
        <extensions>
          <ns3:TrackPointExtension>
            <ns3:hr>146</ns3:hr>
          </ns3:TrackPointExtension>
        </extensions>
      </trkpt>
      <trkpt lat="51.905409805476665496826171875" lon="4.46089555509388446807861328125">
        <ele>9.19999980926513671875</ele>
        <time>2025-05-31T11:13:40.000Z</time>
        <extensions>
          <ns3:TrackPointExtension>
            <ns3:hr>143</ns3:hr>
          </ns3:TrackPointExtension>
        </extensions>
      </trkpt>
      <trkpt lat="51.90549806691706180572509765625" lon="4.461062438786029815673828125">
        <ele>9.19999980926513671875</ele>
        <time>2025-05-31T11:13:43.000Z</time>
        <extensions>
          <ns3:TrackPointExtension>
            <ns3:hr>140</ns3:hr>
          </ns3:TrackPointExtension>
        </extensions>
      </trkpt>
      <trkpt lat="51.90552656538784503936767578125" lon="4.4611216150224208831787109375">
        <ele>9.19999980926513671875</ele>
        <time>2025-05-31T11:13:44.000Z</time>
        <extensions>
          <ns3:TrackPointExtension>
            <ns3:hr>140</ns3:hr>
          </ns3:TrackPointExtension>
        </extensions>
      </trkpt>
      <trkpt lat="51.90574835054576396942138671875" lon="4.46165814064443111419677734375">
        <ele>9.19999980926513671875</ele>
        <time>2025-05-31T11:13:52.000Z</time>
        <extensions>
          <ns3:TrackPointExtension>
            <ns3:hr>140</ns3:hr>
          </ns3:TrackPointExtension>
        </extensions>
      </trkpt>
      <trkpt lat="51.90589629113674163818359375" lon="4.46207455359399318695068359375">
        <ele>9.19999980926513671875</ele>
        <time>2025-05-31T11:13:58.000Z</time>
        <extensions>
          <ns3:TrackPointExtension>
            <ns3:hr>143</ns3:hr>
          </ns3:TrackPointExtension>
        </extensions>
      </trkpt>
      <trkpt lat="51.906042806804180145263671875" lon="4.46247227489948272705078125">
        <ele>9.19999980926513671875</ele>
        <time>2025-05-31T11:14:04.000Z</time>
        <extensions>
          <ns3:TrackPointExtension>
            <ns3:hr>145</ns3:hr>
          </ns3:TrackPointExtension>
        </extensions>
      </trkpt>
      <trkpt lat="51.90623466856777667999267578125" lon="4.46296337060630321502685546875">
        <ele>9.19999980926513671875</ele>
        <time>2025-05-31T11:14:12.000Z</time>
        <extensions>
          <ns3:TrackPointExtension>
            <ns3:hr>146</ns3:hr>
          </ns3:TrackPointExtension>
        </extensions>
      </trkpt>
      <trkpt lat="51.90643130801618099212646484375" lon="4.46345739997923374176025390625">
        <ele>9.19999980926513671875</ele>
        <time>2025-05-31T11:14:21.000Z</time>
        <extensions>
          <ns3:TrackPointExtension>
            <ns3:hr>143</ns3:hr>
          </ns3:TrackPointExtension>
        </extensions>
      </trkpt>
      <trkpt lat="51.90655083395540714263916015625" lon="4.46365370415151119232177734375">
        <ele>9.3999996185302734375</ele>
        <time>2025-05-31T11:14:25.000Z</time>
        <extensions>
          <ns3:TrackPointExtension>
            <ns3:hr>141</ns3:hr>
          </ns3:TrackPointExtension>
        </extensions>
      </trkpt>
      <trkpt lat="51.9066082499921321868896484375" lon="4.4637796841561794281005859375">
        <ele>9.3999996185302734375</ele>
        <time>2025-05-31T11:14:28.000Z</time>
        <extensions>
          <ns3:TrackPointExtension>
            <ns3:hr>140</ns3:hr>
          </ns3:TrackPointExtension>
        </extensions>
      </trkpt>
      <trkpt lat="51.90667522139847278594970703125" lon="4.4640143774449825286865234375">
        <ele>9.3999996185302734375</ele>
        <time>2025-05-31T11:14:34.000Z</time>
        <extensions>
          <ns3:TrackPointExtension>
            <ns3:hr>140</ns3:hr>
          </ns3:TrackPointExtension>
        </extensions>
      </trkpt>
      <trkpt lat="51.9067450426518917083740234375" lon="4.46425602771341800689697265625">
        <ele>9.19999980926513671875</ele>
        <time>2025-05-31T11:14:40.000Z</time>
        <extensions>
          <ns3:TrackPointExtension>
            <ns3:hr>144</ns3:hr>
          </ns3:TrackPointExtension>
        </extensions>
      </trkpt>
      <trkpt lat="51.90678116865456104278564453125" lon="4.4644079916179180145263671875">
        <ele>9.19999980926513671875</ele>
        <time>2025-05-31T11:14:43.000Z</time>
        <extensions>
          <ns3:TrackPointExtension>
            <ns3:hr>147</ns3:hr>
          </ns3:TrackPointExtension>
        </extensions>
      </trkpt>
      <trkpt lat="51.9068191386759281158447265625" lon="4.46462365798652172088623046875">
        <ele>9.3999996185302734375</ele>
        <time>2025-05-31T11:14:48.000Z</time>
        <extensions>
          <ns3:TrackPointExtension>
            <ns3:hr>144</ns3:hr>
          </ns3:TrackPointExtension>
        </extensions>
      </trkpt>
      <trkpt lat="51.90681838430464267730712890625" lon="4.4647952355444431304931640625">
        <ele>9.3999996185302734375</ele>
        <time>2025-05-31T11:14:52.000Z</time>
        <extensions>
          <ns3:TrackPointExtension>
            <ns3:hr>141</ns3:hr>
          </ns3:TrackPointExtension>
        </extensions>
      </trkpt>
      <trkpt lat="51.90680849365890026092529296875" lon="4.4648284278810024261474609375">
        <ele>9.3999996185302734375</ele>
        <time>2025-05-31T11:14:53.000Z</time>
        <extensions>
          <ns3:TrackPointExtension>
            <ns3:hr>141</ns3:hr>
          </ns3:TrackPointExtension>
        </extensions>
      </trkpt>
      <trkpt lat="51.90674730576574802398681640625" lon="4.4649417512118816375732421875">
        <ele>9.3999996185302734375</ele>
        <time>2025-05-31T11:14:57.000Z</time>
        <extensions>
          <ns3:TrackPointExtension>
            <ns3:hr>143</ns3:hr>
          </ns3:TrackPointExtension>
        </extensions>
      </trkpt>
      <trkpt lat="51.90668880008161067962646484375" lon="4.4650034420192241668701171875">
        <ele>9.3999996185302734375</ele>
        <time>2025-05-31T11:15:00.000Z</time>
        <extensions>
          <ns3:TrackPointExtension>
            <ns3:hr>141</ns3:hr>
          </ns3:TrackPointExtension>
        </extensions>
      </trkpt>
      <trkpt lat="51.90661570988595485687255859375" lon="4.464997909963130950927734375">
        <ele>9.3999996185302734375</ele>
        <time>2025-05-31T11:15:02.000Z</time>
        <extensions>
          <ns3:TrackPointExtension>
            <ns3:hr>140</ns3:hr>
          </ns3:TrackPointExtension>
        </extensions>
      </trkpt>
      <trkpt lat="51.90644874237477779388427734375" lon="4.46499279700219631195068359375">
        <ele>8.19999980926513671875</ele>
        <time>2025-05-31T11:15:07.000Z</time>
        <extensions>
          <ns3:TrackPointExtension>
            <ns3:hr>140</ns3:hr>
          </ns3:TrackPointExtension>
        </extensions>
      </trkpt>
      <trkpt lat="51.90643114037811756134033203125" lon="4.464984834194183349609375">
        <ele>8.19999980926513671875</ele>
        <time>2025-05-31T11:15:08.000Z</time>
        <extensions>
          <ns3:TrackPointExtension>
            <ns3:hr>139</ns3:hr>
          </ns3:TrackPointExtension>
        </extensions>
      </trkpt>
      <trkpt lat="51.90640364773571491241455078125" lon="4.46498357690870761871337890625">
        <ele>7.80000019073486328125</ele>
        <time>2025-05-31T11:15:11.000Z</time>
        <extensions>
          <ns3:TrackPointExtension>
            <ns3:hr>138</ns3:hr>
          </ns3:TrackPointExtension>
        </extensions>
      </trkpt>
      <trkpt lat="51.90640130080282688140869140625" lon="4.46498424746096134185791015625">
        <ele>7.599999904632568359375</ele>
        <time>2025-05-31T11:15:17.000Z</time>
        <extensions>
          <ns3:TrackPointExtension>
            <ns3:hr>142</ns3:hr>
          </ns3:TrackPointExtension>
        </extensions>
      </trkpt>
      <trkpt lat="51.906402893364429473876953125" lon="4.46498760022222995758056640625">
        <ele>7.80000019073486328125</ele>
        <time>2025-05-31T11:15:25.000Z</time>
        <extensions>
          <ns3:TrackPointExtension>
            <ns3:hr>140</ns3:hr>
          </ns3:TrackPointExtension>
        </extensions>
      </trkpt>
      <trkpt lat="51.906402893364429473876953125" lon="4.46498760022222995758056640625">
        <ele>7.80000019073486328125</ele>
        <time>2025-05-31T11:15:37.000Z</time>
        <extensions>
          <ns3:TrackPointExtension>
            <ns3:hr>143</ns3:hr>
          </ns3:TrackPointExtension>
        </extensions>
      </trkpt>
      <trkpt lat="51.906402893364429473876953125" lon="4.46498760022222995758056640625">
        <ele>7.599999904632568359375</ele>
        <time>2025-05-31T11:15:47.000Z</time>
        <extensions>
          <ns3:TrackPointExtension>
            <ns3:hr>140</ns3:hr>
          </ns3:TrackPointExtension>
        </extensions>
      </trkpt>
      <trkpt lat="51.906402893364429473876953125" lon="4.46498760022222995758056640625">
        <ele>7.400000095367431640625</ele>
        <time>2025-05-31T11:15:52.000Z</time>
        <extensions>
          <ns3:TrackPointExtension>
            <ns3:hr>138</ns3:hr>
          </ns3:TrackPointExtension>
        </extensions>
      </trkpt>
      <trkpt lat="51.9064067490398883819580078125" lon="4.464995227754116058349609375">
        <ele>7.19999980926513671875</ele>
        <time>2025-05-31T11:16:02.000Z</time>
        <extensions>
          <ns3:TrackPointExtension>
            <ns3:hr>140</ns3:hr>
          </ns3:TrackPointExtension>
        </extensions>
      </trkpt>
      <trkpt lat="51.90639643929898738861083984375" lon="4.464983828365802764892578125">
        <ele>7.19999980926513671875</ele>
        <time>2025-05-31T11:16:06.000Z</time>
        <extensions>
          <ns3:TrackPointExtension>
            <ns3:hr>140</ns3:hr>
          </ns3:TrackPointExtension>
        </extensions>
      </trkpt>
      <trkpt lat="51.90639643929898738861083984375" lon="4.464983828365802764892578125">
        <ele>7.19999980926513671875</ele>
        <time>2025-05-31T11:16:08.000Z</time>
        <extensions>
          <ns3:TrackPointExtension>
            <ns3:hr>140</ns3:hr>
          </ns3:TrackPointExtension>
        </extensions>
      </trkpt>
      <trkpt lat="51.90640700049698352813720703125" lon="4.46500821970403194427490234375">
        <ele>7</ele>
        <time>2025-05-31T11:16:13.000Z</time>
        <extensions>
          <ns3:TrackPointExtension>
            <ns3:hr>142</ns3:hr>
          </ns3:TrackPointExtension>
        </extensions>
      </trkpt>
      <trkpt lat="51.9064154662191867828369140625" lon="4.46500922553241252899169921875">
        <ele>7</ele>
        <time>2025-05-31T11:16:14.000Z</time>
        <extensions>
          <ns3:TrackPointExtension>
            <ns3:hr>139</ns3:hr>
          </ns3:TrackPointExtension>
        </extensions>
      </trkpt>
      <trkpt lat="51.90642594359815120697021484375" lon="4.46500855498015880584716796875">
        <ele>7.19999980926513671875</ele>
        <time>2025-05-31T11:16:15.000Z</time>
        <extensions>
          <ns3:TrackPointExtension>
            <ns3:hr>139</ns3:hr>
          </ns3:TrackPointExtension>
        </extensions>
      </trkpt>
      <trkpt lat="51.90649442374706268310546875" lon="4.46499715559184551239013671875">
        <ele>7.400000095367431640625</ele>
        <time>2025-05-31T11:16:19.000Z</time>
        <extensions>
          <ns3:TrackPointExtension>
            <ns3:hr>139</ns3:hr>
          </ns3:TrackPointExtension>
        </extensions>
      </trkpt>
      <trkpt lat="51.90662694163620471954345703125" lon="4.46497184224426746368408203125">
        <ele>7.80000019073486328125</ele>
        <time>2025-05-31T11:16:24.000Z</time>
        <extensions>
          <ns3:TrackPointExtension>
            <ns3:hr>136</ns3:hr>
          </ns3:TrackPointExtension>
        </extensions>
      </trkpt>
      <trkpt lat="51.90664739347994327545166015625" lon="4.46497284807264804840087890625">
        <ele>8</ele>
        <time>2025-05-31T11:16:25.000Z</time>
        <extensions>
          <ns3:TrackPointExtension>
            <ns3:hr>135</ns3:hr>
          </ns3:TrackPointExtension>
        </extensions>
      </trkpt>
      <trkpt lat="51.90666248090565204620361328125" lon="4.464965723454952239990234375">
        <ele>8.19999980926513671875</ele>
        <time>2025-05-31T11:16:26.000Z</time>
        <extensions>
          <ns3:TrackPointExtension>
            <ns3:hr>135</ns3:hr>
          </ns3:TrackPointExtension>
        </extensions>
      </trkpt>
      <trkpt lat="51.90667823888361454010009765625" lon="4.4649513065814971923828125">
        <ele>8.19999980926513671875</ele>
        <time>2025-05-31T11:16:27.000Z</time>
        <extensions>
          <ns3:TrackPointExtension>
            <ns3:hr>132</ns3:hr>
          </ns3:TrackPointExtension>
        </extensions>
      </trkpt>
      <trkpt lat="51.90669357776641845703125" lon="4.46493630297482013702392578125">
        <ele>8.3999996185302734375</ele>
        <time>2025-05-31T11:16:28.000Z</time>
        <extensions>
          <ns3:TrackPointExtension>
            <ns3:hr>129</ns3:hr>
          </ns3:TrackPointExtension>
        </extensions>
      </trkpt>
      <trkpt lat="51.90671696327626705169677734375" lon="4.4648981653153896331787109375">
        <ele>8.6000003814697265625</ele>
        <time>2025-05-31T11:16:30.000Z</time>
        <extensions>
          <ns3:TrackPointExtension>
            <ns3:hr>127</ns3:hr>
          </ns3:TrackPointExtension>
        </extensions>
      </trkpt>
      <trkpt lat="51.90674764104187488555908203125" lon="4.46487310342490673065185546875">
        <ele>8.6000003814697265625</ele>
        <time>2025-05-31T11:16:32.000Z</time>
        <extensions>
          <ns3:TrackPointExtension>
            <ns3:hr>126</ns3:hr>
          </ns3:TrackPointExtension>
        </extensions>
      </trkpt>
      <trkpt lat="51.9067611359059810638427734375" lon="4.46485944092273712158203125">
        <ele>8.80000019073486328125</ele>
        <time>2025-05-31T11:16:33.000Z</time>
        <extensions>
          <ns3:TrackPointExtension>
            <ns3:hr>122</ns3:hr>
          </ns3:TrackPointExtension>
        </extensions>
      </trkpt>
      <trkpt lat="51.90677630715072154998779296875" lon="4.46486321277916431427001953125">
        <ele>8.80000019073486328125</ele>
        <time>2025-05-31T11:16:34.000Z</time>
        <extensions>
          <ns3:TrackPointExtension>
            <ns3:hr>121</ns3:hr>
          </ns3:TrackPointExtension>
        </extensions>
      </trkpt>
      <trkpt lat="51.9067933224141597747802734375" lon="4.464885257184505462646484375">
        <ele>8.80000019073486328125</ele>
        <time>2025-05-31T11:16:35.000Z</time>
        <extensions>
          <ns3:TrackPointExtension>
            <ns3:hr>120</ns3:hr>
          </ns3:TrackPointExtension>
        </extensions>
      </trkpt>
      <trkpt lat="51.9068553484976291656494140625" lon="4.46507343091070652008056640625">
        <ele>8.80000019073486328125</ele>
        <time>2025-05-31T11:16:39.000Z</time>
        <extensions>
          <ns3:TrackPointExtension>
            <ns3:hr>121</ns3:hr>
          </ns3:TrackPointExtension>
        </extensions>
      </trkpt>
      <trkpt lat="51.9069482199847698211669921875" lon="4.465240649878978729248046875">
        <ele>8.6000003814697265625</ele>
        <time>2025-05-31T11:16:43.000Z</time>
        <extensions>
          <ns3:TrackPointExtension>
            <ns3:hr>121</ns3:hr>
          </ns3:TrackPointExtension>
        </extensions>
      </trkpt>
      <trkpt lat="51.907179392874240875244140625" lon="4.46542270481586456298828125">
        <ele>8.80000019073486328125</ele>
        <time>2025-05-31T11:16:49.000Z</time>
        <extensions>
          <ns3:TrackPointExtension>
            <ns3:hr>121</ns3:hr>
          </ns3:TrackPointExtension>
        </extensions>
      </trkpt>
      <trkpt lat="51.90736203454434871673583984375" lon="4.46560107171535491943359375">
        <ele>8.19999980926513671875</ele>
        <time>2025-05-31T11:16:54.000Z</time>
        <extensions>
          <ns3:TrackPointExtension>
            <ns3:hr>117</ns3:hr>
          </ns3:TrackPointExtension>
        </extensions>
      </trkpt>
      <trkpt lat="51.9074273295700550079345703125" lon="4.46566804312169551849365234375">
        <ele>7.80000019073486328125</ele>
        <time>2025-05-31T11:16:56.000Z</time>
        <extensions>
          <ns3:TrackPointExtension>
            <ns3:hr>115</ns3:hr>
          </ns3:TrackPointExtension>
        </extensions>
      </trkpt>
      <trkpt lat="51.90745599567890167236328125" lon="4.46571514941751956939697265625">
        <ele>7.599999904632568359375</ele>
        <time>2025-05-31T11:16:57.000Z</time>
        <extensions>
          <ns3:TrackPointExtension>
            <ns3:hr>115</ns3:hr>
          </ns3:TrackPointExtension>
        </extensions>
      </trkpt>
      <trkpt lat="51.90747820772230625152587890625" lon="4.465766362845897674560546875">
        <ele>7.599999904632568359375</ele>
        <time>2025-05-31T11:16:58.000Z</time>
        <extensions>
          <ns3:TrackPointExtension>
            <ns3:hr>113</ns3:hr>
          </ns3:TrackPointExtension>
        </extensions>
      </trkpt>
      <trkpt lat="51.907502599060535430908203125" lon="4.46591547690331935882568359375">
        <ele>7.400000095367431640625</ele>
        <time>2025-05-31T11:17:01.000Z</time>
        <extensions>
          <ns3:TrackPointExtension>
            <ns3:hr>112</ns3:hr>
          </ns3:TrackPointExtension>
        </extensions>
      </trkpt>
      <trkpt lat="51.907503940165042877197265625" lon="4.4659992121160030364990234375">
        <ele>7.400000095367431640625</ele>
        <time>2025-05-31T11:17:06.000Z</time>
        <extensions>
          <ns3:TrackPointExtension>
            <ns3:hr>111</ns3:hr>
          </ns3:TrackPointExtension>
        </extensions>
      </trkpt>
      <trkpt lat="51.90751424990594387054443359375" lon="4.46604455821216106414794921875">
        <ele>7.19999980926513671875</ele>
        <time>2025-05-31T11:17:08.000Z</time>
        <extensions>
          <ns3:TrackPointExtension>
            <ns3:hr>110</ns3:hr>
          </ns3:TrackPointExtension>
        </extensions>
      </trkpt>
      <trkpt lat="51.90754107199609279632568359375" lon="4.46616358123719692230224609375">
        <ele>7.19999980926513671875</ele>
        <time>2025-05-31T11:17:11.000Z</time>
        <extensions>
          <ns3:TrackPointExtension>
            <ns3:hr>109</ns3:hr>
          </ns3:TrackPointExtension>
        </extensions>
      </trkpt>
      <trkpt lat="51.90758398734033107757568359375" lon="4.46630640886723995208740234375">
        <ele>7.400000095367431640625</ele>
        <time>2025-05-31T11:17:14.000Z</time>
        <extensions>
          <ns3:TrackPointExtension>
            <ns3:hr>112</ns3:hr>
          </ns3:TrackPointExtension>
        </extensions>
      </trkpt>
      <trkpt lat="51.90765741281211376190185546875" lon="4.466507993638515472412109375">
        <ele>7.400000095367431640625</ele>
        <time>2025-05-31T11:17:18.000Z</time>
        <extensions>
          <ns3:TrackPointExtension>
            <ns3:hr>112</ns3:hr>
          </ns3:TrackPointExtension>
        </extensions>
      </trkpt>
      <trkpt lat="51.907829828560352325439453125" lon="4.4668865203857421875">
        <ele>7.599999904632568359375</ele>
        <time>2025-05-31T11:17:25.000Z</time>
        <extensions>
          <ns3:TrackPointExtension>
            <ns3:hr>113</ns3:hr>
          </ns3:TrackPointExtension>
        </extensions>
      </trkpt>
      <trkpt lat="51.90797978080809116363525390625" lon="4.467116855084896087646484375">
        <ele>8</ele>
        <time>2025-05-31T11:17:31.000Z</time>
        <extensions>
          <ns3:TrackPointExtension>
            <ns3:hr>116</ns3:hr>
          </ns3:TrackPointExtension>
        </extensions>
      </trkpt>
      <trkpt lat="51.9080093689262866973876953125" lon="4.4671485386788845062255859375">
        <ele>8</ele>
        <time>2025-05-31T11:17:32.000Z</time>
        <extensions>
          <ns3:TrackPointExtension>
            <ns3:hr>116</ns3:hr>
          </ns3:TrackPointExtension>
        </extensions>
      </trkpt>
      <trkpt lat="51.90814674831926822662353515625" lon="4.467264711856842041015625">
        <ele>8.19999980926513671875</ele>
        <time>2025-05-31T11:17:36.000Z</time>
        <extensions>
          <ns3:TrackPointExtension>
            <ns3:hr>119</ns3:hr>
          </ns3:TrackPointExtension>
        </extensions>
      </trkpt>
      <trkpt lat="51.908248253166675567626953125" lon="4.46740007959306240081787109375">
        <ele>8.3999996185302734375</ele>
        <time>2025-05-31T11:17:39.000Z</time>
        <extensions>
          <ns3:TrackPointExtension>
            <ns3:hr>122</ns3:hr>
          </ns3:TrackPointExtension>
        </extensions>
      </trkpt>
      <trkpt lat="51.908304579555988311767578125" lon="4.46751256473362445831298828125">
        <ele>8.6000003814697265625</ele>
        <time>2025-05-31T11:17:41.000Z</time>
        <extensions>
          <ns3:TrackPointExtension>
            <ns3:hr>123</ns3:hr>
          </ns3:TrackPointExtension>
        </extensions>
      </trkpt>
      <trkpt lat="51.90836953930556774139404296875" lon="4.46770870126783847808837890625">
        <ele>8.80000019073486328125</ele>
        <time>2025-05-31T11:17:44.000Z</time>
        <extensions>
          <ns3:TrackPointExtension>
            <ns3:hr>126</ns3:hr>
          </ns3:TrackPointExtension>
        </extensions>
      </trkpt>
      <trkpt lat="51.9084284640848636627197265625" lon="4.46791858412325382232666015625">
        <ele>9</ele>
        <time>2025-05-31T11:17:47.000Z</time>
        <extensions>
          <ns3:TrackPointExtension>
            <ns3:hr>129</ns3:hr>
          </ns3:TrackPointExtension>
        </extensions>
      </trkpt>
      <trkpt lat="51.9084495864808559417724609375" lon="4.46799217723309993743896484375">
        <ele>9.19999980926513671875</ele>
        <time>2025-05-31T11:17:48.000Z</time>
        <extensions>
          <ns3:TrackPointExtension>
            <ns3:hr>130</ns3:hr>
          </ns3:TrackPointExtension>
        </extensions>
      </trkpt>
      <trkpt lat="51.90847431309521198272705078125" lon="4.46806342341005802154541015625">
        <ele>9.19999980926513671875</ele>
        <time>2025-05-31T11:17:49.000Z</time>
        <extensions>
          <ns3:TrackPointExtension>
            <ns3:hr>133</ns3:hr>
          </ns3:TrackPointExtension>
        </extensions>
      </trkpt>
      <trkpt lat="51.90851739607751369476318359375" lon="4.468215890228748321533203125">
        <ele>9.19999980926513671875</ele>
        <time>2025-05-31T11:17:51.000Z</time>
        <extensions>
          <ns3:TrackPointExtension>
            <ns3:hr>136</ns3:hr>
          </ns3:TrackPointExtension>
        </extensions>
      </trkpt>
      <trkpt lat="51.908555366098880767822265625" lon="4.4683625735342502593994140625">
        <ele>9.19999980926513671875</ele>
        <time>2025-05-31T11:17:53.000Z</time>
        <extensions>
          <ns3:TrackPointExtension>
            <ns3:hr>139</ns3:hr>
          </ns3:TrackPointExtension>
        </extensions>
      </trkpt>
      <trkpt lat="51.90859719179570674896240234375" lon="4.46850749664008617401123046875">
        <ele>9.19999980926513671875</ele>
        <time>2025-05-31T11:17:55.000Z</time>
        <extensions>
          <ns3:TrackPointExtension>
            <ns3:hr>143</ns3:hr>
          </ns3:TrackPointExtension>
        </extensions>
      </trkpt>
      <trkpt lat="51.90864262171089649200439453125" lon="4.4686569459736347198486328125">
        <ele>9.19999980926513671875</ele>
        <time>2025-05-31T11:17:57.000Z</time>
        <extensions>
          <ns3:TrackPointExtension>
            <ns3:hr>144</ns3:hr>
          </ns3:TrackPointExtension>
        </extensions>
      </trkpt>
      <trkpt lat="51.9086658395826816558837890625" lon="4.4687278568744659423828125">
        <ele>9.19999980926513671875</ele>
        <time>2025-05-31T11:17:58.000Z</time>
        <extensions>
          <ns3:TrackPointExtension>
            <ns3:hr>147</ns3:hr>
          </ns3:TrackPointExtension>
        </extensions>
      </trkpt>
      <trkpt lat="51.90868570469319820404052734375" lon="4.46879734285175800323486328125">
        <ele>9.19999980926513671875</ele>
        <time>2025-05-31T11:17:59.000Z</time>
        <extensions>
          <ns3:TrackPointExtension>
            <ns3:hr>150</ns3:hr>
          </ns3:TrackPointExtension>
        </extensions>
      </trkpt>
      <trkpt lat="51.90873096697032451629638671875" lon="4.46893212385475635528564453125">
        <ele>9.19999980926513671875</ele>
        <time>2025-05-31T11:18:01.000Z</time>
        <extensions>
          <ns3:TrackPointExtension>
            <ns3:hr>154</ns3:hr>
          </ns3:TrackPointExtension>
        </extensions>
      </trkpt>
      <trkpt lat="51.9088111817836761474609375" lon="4.46919514797627925872802734375">
        <ele>9.19999980926513671875</ele>
        <time>2025-05-31T11:18:05.000Z</time>
        <extensions>
          <ns3:TrackPointExtension>
            <ns3:hr>156</ns3:hr>
          </ns3:TrackPointExtension>
        </extensions>
      </trkpt>
      <trkpt lat="51.9089184701442718505859375" lon="4.46954970248043537139892578125">
        <ele>9.3999996185302734375</ele>
        <time>2025-05-31T11:18:10.000Z</time>
        <extensions>
          <ns3:TrackPointExtension>
            <ns3:hr>155</ns3:hr>
          </ns3:TrackPointExtension>
        </extensions>
      </trkpt>
      <trkpt lat="51.90902584232389926910400390625" lon="4.4699765928089618682861328125">
        <ele>9.3999996185302734375</ele>
        <time>2025-05-31T11:18:16.000Z</time>
        <extensions>
          <ns3:TrackPointExtension>
            <ns3:hr>153</ns3:hr>
          </ns3:TrackPointExtension>
        </extensions>
      </trkpt>
      <trkpt lat="51.90917068161070346832275390625" lon="4.470517225563526153564453125">
        <ele>9.19999980926513671875</ele>
        <time>2025-05-31T11:18:24.000Z</time>
        <extensions>
          <ns3:TrackPointExtension>
            <ns3:hr>150</ns3:hr>
          </ns3:TrackPointExtension>
        </extensions>
      </trkpt>
      <trkpt lat="51.90923354588449001312255859375" lon="4.4707319699227809906005859375">
        <ele>9</ele>
        <time>2025-05-31T11:18:29.000Z</time>
        <extensions>
          <ns3:TrackPointExtension>
            <ns3:hr>149</ns3:hr>
          </ns3:TrackPointExtension>
        </extensions>
      </trkpt>
      <trkpt lat="51.90933178178966045379638671875" lon="4.471040926873683929443359375">
        <ele>9</ele>
        <time>2025-05-31T11:18:34.000Z</time>
        <extensions>
          <ns3:TrackPointExtension>
            <ns3:hr>149</ns3:hr>
          </ns3:TrackPointExtension>
        </extensions>
      </trkpt>
      <trkpt lat="51.90949640236794948577880859375" lon="4.47157594375312328338623046875">
        <ele>9.19999980926513671875</ele>
        <time>2025-05-31T11:18:42.000Z</time>
        <extensions>
          <ns3:TrackPointExtension>
            <ns3:hr>149</ns3:hr>
          </ns3:TrackPointExtension>
        </extensions>
      </trkpt>
      <trkpt lat="51.90961626358330249786376953125" lon="4.47195849381387233734130859375">
        <ele>9.3999996185302734375</ele>
        <time>2025-05-31T11:18:48.000Z</time>
        <extensions>
          <ns3:TrackPointExtension>
            <ns3:hr>152</ns3:hr>
          </ns3:TrackPointExtension>
        </extensions>
      </trkpt>
      <trkpt lat="51.90969656221568584442138671875" lon="4.4722132198512554168701171875">
        <ele>9.3999996185302734375</ele>
        <time>2025-05-31T11:18:52.000Z</time>
        <extensions>
          <ns3:TrackPointExtension>
            <ns3:hr>152</ns3:hr>
          </ns3:TrackPointExtension>
        </extensions>
      </trkpt>
      <trkpt lat="51.9099479354918003082275390625" lon="4.4729833491146564483642578125">
        <ele>9.19999980926513671875</ele>
        <time>2025-05-31T11:19:03.000Z</time>
        <extensions>
          <ns3:TrackPointExtension>
            <ns3:hr>150</ns3:hr>
          </ns3:TrackPointExtension>
        </extensions>
      </trkpt>
      <trkpt lat="51.91015555523335933685302734375" lon="4.47361375205218791961669921875">
        <ele>9.3999996185302734375</ele>
        <time>2025-05-31T11:19:11.000Z</time>
        <extensions>
          <ns3:TrackPointExtension>
            <ns3:hr>151</ns3:hr>
          </ns3:TrackPointExtension>
        </extensions>
      </trkpt>
      <trkpt lat="51.910408437252044677734375" lon="4.4744263775646686553955078125">
        <ele>9.6000003814697265625</ele>
        <time>2025-05-31T11:19:21.000Z</time>
        <extensions>
          <ns3:TrackPointExtension>
            <ns3:hr>151</ns3:hr>
          </ns3:TrackPointExtension>
        </extensions>
      </trkpt>
      <trkpt lat="51.91063768230378627777099609375" lon="4.475134648382663726806640625">
        <ele>9.6000003814697265625</ele>
        <time>2025-05-31T11:19:30.000Z</time>
        <extensions>
          <ns3:TrackPointExtension>
            <ns3:hr>152</ns3:hr>
          </ns3:TrackPointExtension>
        </extensions>
      </trkpt>
      <trkpt lat="51.91082141362130641937255859375" lon="4.47569648735225200653076171875">
        <ele>9.6000003814697265625</ele>
        <time>2025-05-31T11:19:38.000Z</time>
        <extensions>
          <ns3:TrackPointExtension>
            <ns3:hr>152</ns3:hr>
          </ns3:TrackPointExtension>
        </extensions>
      </trkpt>
      <trkpt lat="51.91097773611545562744140625" lon="4.4762033410370349884033203125">
        <ele>9.6000003814697265625</ele>
        <time>2025-05-31T11:19:46.000Z</time>
        <extensions>
          <ns3:TrackPointExtension>
            <ns3:hr>152</ns3:hr>
          </ns3:TrackPointExtension>
        </extensions>
      </trkpt>
      <trkpt lat="51.91112064756453037261962890625" lon="4.47672092355787754058837890625">
        <ele>9.3999996185302734375</ele>
        <time>2025-05-31T11:19:55.000Z</time>
        <extensions>
          <ns3:TrackPointExtension>
            <ns3:hr>152</ns3:hr>
          </ns3:TrackPointExtension>
        </extensions>
      </trkpt>
      <trkpt lat="51.91123011521995067596435546875" lon="4.477049745619297027587890625">
        <ele>9.6000003814697265625</ele>
        <time>2025-05-31T11:20:02.000Z</time>
        <extensions>
          <ns3:TrackPointExtension>
            <ns3:hr>152</ns3:hr>
          </ns3:TrackPointExtension>
        </extensions>
      </trkpt>
      <trkpt lat="51.91130940802395343780517578125" lon="4.47732006199657917022705078125">
        <ele>9.3999996185302734375</ele>
        <time>2025-05-31T11:20:09.000Z</time>
        <extensions>
          <ns3:TrackPointExtension>
            <ns3:hr>150</ns3:hr>
          </ns3:TrackPointExtension>
        </extensions>
      </trkpt>
      <trkpt lat="51.91131594590842723846435546875" lon="4.47748267091810703277587890625">
        <ele>9.3999996185302734375</ele>
        <time>2025-05-31T11:20:15.000Z</time>
        <extensions>
          <ns3:TrackPointExtension>
            <ns3:hr>150</ns3:hr>
          </ns3:TrackPointExtension>
        </extensions>
      </trkpt>
      <trkpt lat="51.9113202206790447235107421875" lon="4.47751544415950775146484375">
        <ele>9.3999996185302734375</ele>
        <time>2025-05-31T11:20:16.000Z</time>
        <extensions>
          <ns3:TrackPointExtension>
            <ns3:hr>150</ns3:hr>
          </ns3:TrackPointExtension>
        </extensions>
      </trkpt>
      <trkpt lat="51.91136774607002735137939453125" lon="4.47766237892210483551025390625">
        <ele>9.3999996185302734375</ele>
        <time>2025-05-31T11:20:19.000Z</time>
        <extensions>
          <ns3:TrackPointExtension>
            <ns3:hr>151</ns3:hr>
          </ns3:TrackPointExtension>
        </extensions>
      </trkpt>
      <trkpt lat="51.91144167445600032806396484375" lon="4.47791752405464649200439453125">
        <ele>9.6000003814697265625</ele>
        <time>2025-05-31T11:20:23.000Z</time>
        <extensions>
          <ns3:TrackPointExtension>
            <ns3:hr>148</ns3:hr>
          </ns3:TrackPointExtension>
        </extensions>
      </trkpt>
      <trkpt lat="51.91148743964731693267822265625" lon="4.478052221238613128662109375">
        <ele>9.6000003814697265625</ele>
        <time>2025-05-31T11:20:25.000Z</time>
        <extensions>
          <ns3:TrackPointExtension>
            <ns3:hr>149</ns3:hr>
          </ns3:TrackPointExtension>
        </extensions>
      </trkpt>
      <trkpt lat="51.9115309417247772216796875" lon="4.4781906902790069580078125">
        <ele>9.6000003814697265625</ele>
        <time>2025-05-31T11:20:27.000Z</time>
        <extensions>
          <ns3:TrackPointExtension>
            <ns3:hr>149</ns3:hr>
          </ns3:TrackPointExtension>
        </extensions>
      </trkpt>
      <trkpt lat="51.91161199472844600677490234375" lon="4.47839780710637569427490234375">
        <ele>9.6000003814697265625</ele>
        <time>2025-05-31T11:20:30.000Z</time>
        <extensions>
          <ns3:TrackPointExtension>
            <ns3:hr>150</ns3:hr>
          </ns3:TrackPointExtension>
        </extensions>
      </trkpt>
      <trkpt lat="51.91178868524730205535888671875" lon="4.47897188365459442138671875">
        <ele>9.80000019073486328125</ele>
        <time>2025-05-31T11:20:38.000Z</time>
        <extensions>
          <ns3:TrackPointExtension>
            <ns3:hr>151</ns3:hr>
          </ns3:TrackPointExtension>
        </extensions>
      </trkpt>
      <trkpt lat="51.91193469800055027008056640625" lon="4.47948225773870944976806640625">
        <ele>9.80000019073486328125</ele>
        <time>2025-05-31T11:20:45.000Z</time>
        <extensions>
          <ns3:TrackPointExtension>
            <ns3:hr>154</ns3:hr>
          </ns3:TrackPointExtension>
        </extensions>
      </trkpt>
      <trkpt lat="51.91195514984428882598876953125" lon="4.479641430079936981201171875">
        <ele>9.80000019073486328125</ele>
        <time>2025-05-31T11:20:47.000Z</time>
        <extensions>
          <ns3:TrackPointExtension>
            <ns3:hr>154</ns3:hr>
          </ns3:TrackPointExtension>
        </extensions>
      </trkpt>
      <trkpt lat="51.912004686892032623291015625" lon="4.479965977370738983154296875">
        <ele>10</ele>
        <time>2025-05-31T11:20:51.000Z</time>
        <extensions>
          <ns3:TrackPointExtension>
            <ns3:hr>154</ns3:hr>
          </ns3:TrackPointExtension>
        </extensions>
      </trkpt>
      <trkpt lat="51.91202270798385143280029296875" lon="4.4802908599376678466796875">
        <ele>10.19999980926513671875</ele>
        <time>2025-05-31T11:20:55.000Z</time>
        <extensions>
          <ns3:TrackPointExtension>
            <ns3:hr>155</ns3:hr>
          </ns3:TrackPointExtension>
        </extensions>
      </trkpt>
      <trkpt lat="51.91203829832375049591064453125" lon="4.48067617602646350860595703125">
        <ele>10.3999996185302734375</ele>
        <time>2025-05-31T11:21:00.000Z</time>
        <extensions>
          <ns3:TrackPointExtension>
            <ns3:hr>154</ns3:hr>
          </ns3:TrackPointExtension>
        </extensions>
      </trkpt>
      <trkpt lat="51.91203880123794078826904296875" lon="4.4807503558695316314697265625">
        <ele>10.3999996185302734375</ele>
        <time>2025-05-31T11:21:01.000Z</time>
        <extensions>
          <ns3:TrackPointExtension>
            <ns3:hr>155</ns3:hr>
          </ns3:TrackPointExtension>
        </extensions>
      </trkpt>
      <trkpt lat="51.91206847317516803741455078125" lon="4.48132527060806751251220703125">
        <ele>10.3999996185302734375</ele>
        <time>2025-05-31T11:21:09.000Z</time>
        <extensions>
          <ns3:TrackPointExtension>
            <ns3:hr>157</ns3:hr>
          </ns3:TrackPointExtension>
        </extensions>
      </trkpt>
      <trkpt lat="51.91207383759319782257080078125" lon="4.48162450455129146575927734375">
        <ele>10.80000019073486328125</ele>
        <time>2025-05-31T11:21:14.000Z</time>
        <extensions>
          <ns3:TrackPointExtension>
            <ns3:hr>155</ns3:hr>
          </ns3:TrackPointExtension>
        </extensions>
      </trkpt>
      <trkpt lat="51.912081800401210784912109375" lon="4.4818081520497798919677734375">
        <ele>10.80000019073486328125</ele>
        <time>2025-05-31T11:21:19.000Z</time>
        <extensions>
          <ns3:TrackPointExtension>
            <ns3:hr>154</ns3:hr>
          </ns3:TrackPointExtension>
        </extensions>
      </trkpt>
      <trkpt lat="51.91209009848535060882568359375" lon="4.48199716396629810333251953125">
        <ele>11</ele>
        <time>2025-05-31T11:21:25.000Z</time>
        <extensions>
          <ns3:TrackPointExtension>
            <ns3:hr>154</ns3:hr>
          </ns3:TrackPointExtension>
        </extensions>
      </trkpt>
      <trkpt lat="51.91211390309035778045654296875" lon="4.48223152197897434234619140625">
        <ele>11.3999996185302734375</ele>
        <time>2025-05-31T11:21:32.000Z</time>
        <extensions>
          <ns3:TrackPointExtension>
            <ns3:hr>154</ns3:hr>
          </ns3:TrackPointExtension>
        </extensions>
      </trkpt>
      <trkpt lat="51.91212127916514873504638671875" lon="4.48226957581937313079833984375">
        <ele>11.3999996185302734375</ele>
        <time>2025-05-31T11:21:33.000Z</time>
        <extensions>
          <ns3:TrackPointExtension>
            <ns3:hr>154</ns3:hr>
          </ns3:TrackPointExtension>
        </extensions>
      </trkpt>
      <trkpt lat="51.91218783147633075714111328125" lon="4.482515417039394378662109375">
        <ele>11.19999980926513671875</ele>
        <time>2025-05-31T11:21:39.000Z</time>
        <extensions>
          <ns3:TrackPointExtension>
            <ns3:hr>151</ns3:hr>
          </ns3:TrackPointExtension>
        </extensions>
      </trkpt>
      <trkpt lat="51.9122003205120563507080078125" lon="4.48255506344139575958251953125">
        <ele>11.19999980926513671875</ele>
        <time>2025-05-31T11:21:40.000Z</time>
        <extensions>
          <ns3:TrackPointExtension>
            <ns3:hr>151</ns3:hr>
          </ns3:TrackPointExtension>
        </extensions>
      </trkpt>
      <trkpt lat="51.912225298583507537841796875" lon="4.48258574120700359344482421875">
        <ele>11.19999980926513671875</ele>
        <time>2025-05-31T11:21:41.000Z</time>
        <extensions>
          <ns3:TrackPointExtension>
            <ns3:hr>150</ns3:hr>
          </ns3:TrackPointExtension>
        </extensions>
      </trkpt>
      <trkpt lat="51.91229260526597499847412109375" lon="4.4825937040150165557861328125">
        <ele>11.19999980926513671875</ele>
        <time>2025-05-31T11:21:43.000Z</time>
        <extensions>
          <ns3:TrackPointExtension>
            <ns3:hr>149</ns3:hr>
          </ns3:TrackPointExtension>
        </extensions>
      </trkpt>
      <trkpt lat="51.9124635122716426849365234375" lon="4.482519440352916717529296875">
        <ele>11.3999996185302734375</ele>
        <time>2025-05-31T11:21:48.000Z</time>
        <extensions>
          <ns3:TrackPointExtension>
            <ns3:hr>149</ns3:hr>
          </ns3:TrackPointExtension>
        </extensions>
      </trkpt>
      <trkpt lat="51.9125788472592830657958984375" lon="4.4824431650340557098388671875">
        <ele>11.19999980926513671875</ele>
        <time>2025-05-31T11:21:51.000Z</time>
        <extensions>
          <ns3:TrackPointExtension>
            <ns3:hr>149</ns3:hr>
          </ns3:TrackPointExtension>
        </extensions>
      </trkpt>
      <trkpt lat="51.9126056693494319915771484375" lon="4.48240754194557666778564453125">
        <ele>11</ele>
        <time>2025-05-31T11:21:52.000Z</time>
        <extensions>
          <ns3:TrackPointExtension>
            <ns3:hr>148</ns3:hr>
          </ns3:TrackPointExtension>
        </extensions>
      </trkpt>
      <trkpt lat="51.91263173706829547882080078125" lon="4.4823878444731235504150390625">
        <ele>11</ele>
        <time>2025-05-31T11:21:53.000Z</time>
        <extensions>
          <ns3:TrackPointExtension>
            <ns3:hr>147</ns3:hr>
          </ns3:TrackPointExtension>
        </extensions>
      </trkpt>
      <trkpt lat="51.91270465962588787078857421875" lon="4.4823818095028400421142578125">
        <ele>11</ele>
        <time>2025-05-31T11:21:55.000Z</time>
        <extensions>
          <ns3:TrackPointExtension>
            <ns3:hr>147</ns3:hr>
          </ns3:TrackPointExtension>
        </extensions>
      </trkpt>
      <trkpt lat="51.9127433001995086669921875" lon="4.4823854975402355194091796875">
        <ele>11</ele>
        <time>2025-05-31T11:21:56.000Z</time>
        <extensions>
          <ns3:TrackPointExtension>
            <ns3:hr>149</ns3:hr>
          </ns3:TrackPointExtension>
        </extensions>
      </trkpt>
      <trkpt lat="51.9128889776766300201416015625" lon="4.482359178364276885986328125">
        <ele>11</ele>
        <time>2025-05-31T11:22:00.000Z</time>
        <extensions>
          <ns3:TrackPointExtension>
            <ns3:hr>150</ns3:hr>
          </ns3:TrackPointExtension>
        </extensions>
      </trkpt>
      <trkpt lat="51.91303230822086334228515625" lon="4.4823228009045124053955078125">
        <ele>10.80000019073486328125</ele>
        <time>2025-05-31T11:22:05.000Z</time>
        <extensions>
          <ns3:TrackPointExtension>
            <ns3:hr>147</ns3:hr>
          </ns3:TrackPointExtension>
        </extensions>
      </trkpt>
      <trkpt lat="51.91303230822086334228515625" lon="4.4823228009045124053955078125">
        <ele>10.3999996185302734375</ele>
        <time>2025-05-31T11:22:08.000Z</time>
        <extensions>
          <ns3:TrackPointExtension>
            <ns3:hr>148</ns3:hr>
          </ns3:TrackPointExtension>
        </extensions>
      </trkpt>
      <trkpt lat="51.91303230822086334228515625" lon="4.4823228009045124053955078125">
        <ele>10.19999980926513671875</ele>
        <time>2025-05-31T11:22:09.000Z</time>
        <extensions>
          <ns3:TrackPointExtension>
            <ns3:hr>148</ns3:hr>
          </ns3:TrackPointExtension>
        </extensions>
      </trkpt>
      <trkpt lat="51.91303230822086334228515625" lon="4.4823228009045124053955078125">
        <ele>10.6000003814697265625</ele>
        <time>2025-05-31T11:22:16.000Z</time>
        <extensions>
          <ns3:TrackPointExtension>
            <ns3:hr>148</ns3:hr>
          </ns3:TrackPointExtension>
        </extensions>
      </trkpt>
      <trkpt lat="51.91307111643254756927490234375" lon="4.48231098242104053497314453125">
        <ele>10.3999996185302734375</ele>
        <time>2025-05-31T11:22:25.000Z</time>
        <extensions>
          <ns3:TrackPointExtension>
            <ns3:hr>149</ns3:hr>
          </ns3:TrackPointExtension>
        </extensions>
      </trkpt>
      <trkpt lat="51.9131343998014926910400390625" lon="4.482301175594329833984375">
        <ele>10.3999996185302734375</ele>
        <time>2025-05-31T11:22:28.000Z</time>
        <extensions>
          <ns3:TrackPointExtension>
            <ns3:hr>146</ns3:hr>
          </ns3:TrackPointExtension>
        </extensions>
      </trkpt>
      <trkpt lat="51.9132242538034915924072265625" lon="4.48228080756962299346923828125">
        <ele>10.3999996185302734375</ele>
        <time>2025-05-31T11:22:31.000Z</time>
        <extensions>
          <ns3:TrackPointExtension>
            <ns3:hr>143</ns3:hr>
          </ns3:TrackPointExtension>
        </extensions>
      </trkpt>
      <trkpt lat="51.91328267566859722137451171875" lon="4.4822730123996734619140625">
        <ele>10.19999980926513671875</ele>
        <time>2025-05-31T11:22:33.000Z</time>
        <extensions>
          <ns3:TrackPointExtension>
            <ns3:hr>143</ns3:hr>
          </ns3:TrackPointExtension>
        </extensions>
      </trkpt>
      <trkpt lat="51.91329055465757846832275390625" lon="4.48228013701736927032470703125">
        <ele>10.19999980926513671875</ele>
        <time>2025-05-31T11:22:35.000Z</time>
        <extensions>
          <ns3:TrackPointExtension>
            <ns3:hr>143</ns3:hr>
          </ns3:TrackPointExtension>
        </extensions>
      </trkpt>
      <trkpt lat="51.9133147783577442169189453125" lon="4.4822810590267181396484375">
        <ele>10.19999980926513671875</ele>
        <time>2025-05-31T11:22:37.000Z</time>
        <extensions>
          <ns3:TrackPointExtension>
            <ns3:hr>145</ns3:hr>
          </ns3:TrackPointExtension>
        </extensions>
      </trkpt>
      <trkpt lat="51.91332274116575717926025390625" lon="4.48227276094257831573486328125">
        <ele>10</ele>
        <time>2025-05-31T11:22:39.000Z</time>
        <extensions>
          <ns3:TrackPointExtension>
            <ns3:hr>145</ns3:hr>
          </ns3:TrackPointExtension>
        </extensions>
      </trkpt>
      <trkpt lat="51.91333699040114879608154296875" lon="4.48227125220000743865966796875">
        <ele>9.80000019073486328125</ele>
        <time>2025-05-31T11:22:42.000Z</time>
        <extensions>
          <ns3:TrackPointExtension>
            <ns3:hr>146</ns3:hr>
          </ns3:TrackPointExtension>
        </extensions>
      </trkpt>
      <trkpt lat="51.91333673894405364990234375" lon="4.48227745480835437774658203125">
        <ele>9.6000003814697265625</ele>
        <time>2025-05-31T11:22:43.000Z</time>
        <extensions>
          <ns3:TrackPointExtension>
            <ns3:hr>146</ns3:hr>
          </ns3:TrackPointExtension>
        </extensions>
      </trkpt>
      <trkpt lat="51.91333246417343616485595703125" lon="4.48228198103606700897216796875">
        <ele>9.6000003814697265625</ele>
        <time>2025-05-31T11:22:47.000Z</time>
        <extensions>
          <ns3:TrackPointExtension>
            <ns3:hr>147</ns3:hr>
          </ns3:TrackPointExtension>
        </extensions>
      </trkpt>
      <trkpt lat="51.91333246417343616485595703125" lon="4.48228198103606700897216796875">
        <ele>9.3999996185302734375</ele>
        <time>2025-05-31T11:22:53.000Z</time>
        <extensions>
          <ns3:TrackPointExtension>
            <ns3:hr>147</ns3:hr>
          </ns3:TrackPointExtension>
        </extensions>
      </trkpt>
      <trkpt lat="51.91333246417343616485595703125" lon="4.48228198103606700897216796875">
        <ele>9.3999996185302734375</ele>
        <time>2025-05-31T11:22:54.000Z</time>
        <extensions>
          <ns3:TrackPointExtension>
            <ns3:hr>147</ns3:hr>
          </ns3:TrackPointExtension>
        </extensions>
      </trkpt>
      <trkpt lat="51.91332601010799407958984375" lon="4.48228751309216022491455078125">
        <ele>9.80000019073486328125</ele>
        <time>2025-05-31T11:23:03.000Z</time>
        <extensions>
          <ns3:TrackPointExtension>
            <ns3:hr>144</ns3:hr>
          </ns3:TrackPointExtension>
        </extensions>
      </trkpt>
      <trkpt lat="51.91332601010799407958984375" lon="4.48228751309216022491455078125">
        <ele>9.80000019073486328125</ele>
        <time>2025-05-31T11:23:04.000Z</time>
        <extensions>
          <ns3:TrackPointExtension>
            <ns3:hr>144</ns3:hr>
          </ns3:TrackPointExtension>
        </extensions>
      </trkpt>
      <trkpt lat="51.913322322070598602294921875" lon="4.4822837412357330322265625">
        <ele>9.6000003814697265625</ele>
        <time>2025-05-31T11:23:12.000Z</time>
        <extensions>
          <ns3:TrackPointExtension>
            <ns3:hr>143</ns3:hr>
          </ns3:TrackPointExtension>
        </extensions>
      </trkpt>
      <trkpt lat="51.91331536509096622467041015625" lon="4.48227343149483203887939453125">
        <ele>9.6000003814697265625</ele>
        <time>2025-05-31T11:23:15.000Z</time>
        <extensions>
          <ns3:TrackPointExtension>
            <ns3:hr>141</ns3:hr>
          </ns3:TrackPointExtension>
        </extensions>
      </trkpt>
      <trkpt lat="51.91330664791166782379150390625" lon="4.48227745480835437774658203125">
        <ele>9.6000003814697265625</ele>
        <time>2025-05-31T11:23:17.000Z</time>
        <extensions>
          <ns3:TrackPointExtension>
            <ns3:hr>140</ns3:hr>
          </ns3:TrackPointExtension>
        </extensions>
      </trkpt>
      <trkpt lat="51.9133117608726024627685546875" lon="4.48226295411586761474609375">
        <ele>9.3999996185302734375</ele>
        <time>2025-05-31T11:23:22.000Z</time>
        <extensions>
          <ns3:TrackPointExtension>
            <ns3:hr>138</ns3:hr>
          </ns3:TrackPointExtension>
        </extensions>
      </trkpt>
      <trkpt lat="51.9133117608726024627685546875" lon="4.48226295411586761474609375">
        <ele>9.3999996185302734375</ele>
        <time>2025-05-31T11:23:27.000Z</time>
        <extensions>
          <ns3:TrackPointExtension>
            <ns3:hr>135</ns3:hr>
          </ns3:TrackPointExtension>
        </extensions>
      </trkpt>
      <trkpt lat="51.9133117608726024627685546875" lon="4.48226295411586761474609375">
        <ele>9.19999980926513671875</ele>
        <time>2025-05-31T11:23:30.000Z</time>
        <extensions>
          <ns3:TrackPointExtension>
            <ns3:hr>136</ns3:hr>
          </ns3:TrackPointExtension>
        </extensions>
      </trkpt>
      <trkpt lat="51.9133117608726024627685546875" lon="4.48226295411586761474609375">
        <ele>9.19999980926513671875</ele>
        <time>2025-05-31T11:23:33.000Z</time>
        <extensions>
          <ns3:TrackPointExtension>
            <ns3:hr>133</ns3:hr>
          </ns3:TrackPointExtension>
        </extensions>
      </trkpt>
      <trkpt lat="51.91331067122519016265869140625" lon="4.4822601042687892913818359375">
        <ele>9.3999996185302734375</ele>
        <time>2025-05-31T11:23:36.000Z</time>
        <extensions>
          <ns3:TrackPointExtension>
            <ns3:hr>133</ns3:hr>
          </ns3:TrackPointExtension>
        </extensions>
      </trkpt>
      <trkpt lat="51.91331067122519016265869140625" lon="4.4822601042687892913818359375">
        <ele>9.3999996185302734375</ele>
        <time>2025-05-31T11:23:38.000Z</time>
        <extensions>
          <ns3:TrackPointExtension>
            <ns3:hr>130</ns3:hr>
          </ns3:TrackPointExtension>
        </extensions>
      </trkpt>
      <trkpt lat="51.9133201427757740020751953125" lon="4.48224686086177825927734375">
        <ele>9.3999996185302734375</ele>
        <time>2025-05-31T11:23:45.000Z</time>
        <extensions>
          <ns3:TrackPointExtension>
            <ns3:hr>127</ns3:hr>
          </ns3:TrackPointExtension>
        </extensions>
      </trkpt>
      <trkpt lat="51.91332374699413776397705078125" lon="4.4822443462908267974853515625">
        <ele>9.19999980926513671875</ele>
        <time>2025-05-31T11:23:53.000Z</time>
        <extensions>
          <ns3:TrackPointExtension>
            <ns3:hr>123</ns3:hr>
          </ns3:TrackPointExtension>
        </extensions>
      </trkpt>
      <trkpt lat="51.91334545612335205078125" lon="4.48221643455326557159423828125">
        <ele>9.3999996185302734375</ele>
        <time>2025-05-31T11:23:56.000Z</time>
        <extensions>
          <ns3:TrackPointExtension>
            <ns3:hr>123</ns3:hr>
          </ns3:TrackPointExtension>
        </extensions>
      </trkpt>
      <trkpt lat="51.9133469648659229278564453125" lon="4.48220034129917621612548828125">
        <ele>9.80000019073486328125</ele>
        <time>2025-05-31T11:24:03.000Z</time>
        <extensions>
          <ns3:TrackPointExtension>
            <ns3:hr>124</ns3:hr>
          </ns3:TrackPointExtension>
        </extensions>
      </trkpt>
      <trkpt lat="51.91336062736809253692626953125" lon="4.48219950310885906219482421875">
        <ele>9.80000019073486328125</ele>
        <time>2025-05-31T11:24:11.000Z</time>
        <extensions>
          <ns3:TrackPointExtension>
            <ns3:hr>127</ns3:hr>
          </ns3:TrackPointExtension>
        </extensions>
      </trkpt>
      <trkpt lat="51.91336062736809253692626953125" lon="4.48219950310885906219482421875">
        <ele>9.80000019073486328125</ele>
        <time>2025-05-31T11:24:14.000Z</time>
        <extensions>
          <ns3:TrackPointExtension>
            <ns3:hr>131</ns3:hr>
          </ns3:TrackPointExtension>
        </extensions>
      </trkpt>
      <trkpt lat="51.91336062736809253692626953125" lon="4.48219950310885906219482421875">
        <ele>9.80000019073486328125</ele>
        <time>2025-05-31T11:24:16.000Z</time>
        <extensions>
          <ns3:TrackPointExtension>
            <ns3:hr>134</ns3:hr>
          </ns3:TrackPointExtension>
        </extensions>
      </trkpt>
      <trkpt lat="51.91336062736809253692626953125" lon="4.48219950310885906219482421875">
        <ele>9.80000019073486328125</ele>
        <time>2025-05-31T11:24:18.000Z</time>
        <extensions>
          <ns3:TrackPointExtension>
            <ns3:hr>139</ns3:hr>
          </ns3:TrackPointExtension>
        </extensions>
      </trkpt>
      <trkpt lat="51.91336062736809253692626953125" lon="4.48219950310885906219482421875">
        <ele>9.80000019073486328125</ele>
        <time>2025-05-31T11:24:19.000Z</time>
        <extensions>
          <ns3:TrackPointExtension>
            <ns3:hr>142</ns3:hr>
          </ns3:TrackPointExtension>
        </extensions>
      </trkpt>
      <trkpt lat="51.91336062736809253692626953125" lon="4.48219950310885906219482421875">
        <ele>9.80000019073486328125</ele>
        <time>2025-05-31T11:24:21.000Z</time>
        <extensions>
          <ns3:TrackPointExtension>
            <ns3:hr>145</ns3:hr>
          </ns3:TrackPointExtension>
        </extensions>
      </trkpt>
      <trkpt lat="51.91336062736809253692626953125" lon="4.48219950310885906219482421875">
        <ele>9.80000019073486328125</ele>
        <time>2025-05-31T11:24:22.000Z</time>
        <extensions>
          <ns3:TrackPointExtension>
            <ns3:hr>145</ns3:hr>
          </ns3:TrackPointExtension>
        </extensions>
      </trkpt>
      <trkpt lat="51.91336062736809253692626953125" lon="4.48219950310885906219482421875">
        <ele>9.80000019073486328125</ele>
        <time>2025-05-31T11:24:30.000Z</time>
        <extensions>
          <ns3:TrackPointExtension>
            <ns3:hr>148</ns3:hr>
          </ns3:TrackPointExtension>
        </extensions>
      </trkpt>
      <trkpt lat="51.91336062736809253692626953125" lon="4.48219950310885906219482421875">
        <ele>9.80000019073486328125</ele>
        <time>2025-05-31T11:24:32.000Z</time>
        <extensions>
          <ns3:TrackPointExtension>
            <ns3:hr>148</ns3:hr>
          </ns3:TrackPointExtension>
        </extensions>
      </trkpt>
      <trkpt lat="51.91336062736809253692626953125" lon="4.48219950310885906219482421875">
        <ele>9.80000019073486328125</ele>
        <time>2025-05-31T11:24:40.000Z</time>
        <extensions>
          <ns3:TrackPointExtension>
            <ns3:hr>145</ns3:hr>
          </ns3:TrackPointExtension>
        </extensions>
      </trkpt>
      <trkpt lat="51.91336062736809253692626953125" lon="4.48219950310885906219482421875">
        <ele>9.80000019073486328125</ele>
        <time>2025-05-31T11:24:43.000Z</time>
        <extensions>
          <ns3:TrackPointExtension>
            <ns3:hr>145</ns3:hr>
          </ns3:TrackPointExtension>
        </extensions>
      </trkpt>
      <trkpt lat="51.91336062736809253692626953125" lon="4.48219950310885906219482421875">
        <ele>9.80000019073486328125</ele>
        <time>2025-05-31T11:24:46.000Z</time>
        <extensions>
          <ns3:TrackPointExtension>
            <ns3:hr>141</ns3:hr>
          </ns3:TrackPointExtension>
        </extensions>
      </trkpt>
      <trkpt lat="51.91335819661617279052734375" lon="4.482202269136905670166015625">
        <ele>9.80000019073486328125</ele>
        <time>2025-05-31T11:24:54.000Z</time>
        <extensions>
          <ns3:TrackPointExtension>
            <ns3:hr>141</ns3:hr>
          </ns3:TrackPointExtension>
        </extensions>
      </trkpt>
      <trkpt lat="51.913943924009799957275390625" lon="4.48231835849583148956298828125">
        <ele>7.19999980926513671875</ele>
        <time>2025-05-31T11:36:11.000Z</time>
        <extensions>
          <ns3:TrackPointExtension>
            <ns3:hr>107</ns3:hr>
          </ns3:TrackPointExtension>
        </extensions>
      </trkpt>
      <trkpt lat="51.913939900696277618408203125" lon="4.4823147542774677276611328125">
        <ele>7.19999980926513671875</ele>
        <time>2025-05-31T11:36:12.000Z</time>
        <extensions>
          <ns3:TrackPointExtension>
            <ns3:hr>107</ns3:hr>
          </ns3:TrackPointExtension>
        </extensions>
      </trkpt>
      <trkpt lat="51.913943924009799957275390625" lon="4.4823234714567661285400390625">
        <ele>7.19999980926513671875</ele>
        <time>2025-05-31T11:36:13.000Z</time>
        <extensions>
          <ns3:TrackPointExtension>
            <ns3:hr>107</ns3:hr>
          </ns3:TrackPointExtension>
        </extensions>
      </trkpt>
      <trkpt lat="51.91335693933069705963134765625" lon="4.4818963296711444854736328125">
        <ele>9.80000019073486328125</ele>
        <time>2025-05-31T12:11:21.000Z</time>
        <extensions>
          <ns3:TrackPointExtension>
            <ns3:hr>115</ns3:hr>
          </ns3:TrackPointExtension>
        </extensions>
      </trkpt>
      <trkpt lat="51.91335325129330158233642578125" lon="4.48189054615795612335205078125">
        <ele>9.80000019073486328125</ele>
        <time>2025-05-31T12:11:22.000Z</time>
        <extensions>
          <ns3:TrackPointExtension>
            <ns3:hr>113</ns3:hr>
          </ns3:TrackPointExtension>
        </extensions>
      </trkpt>
      <trkpt lat="51.9133496470749378204345703125" lon="4.4818815775215625762939453125">
        <ele>9.80000019073486328125</ele>
        <time>2025-05-31T12:11:23.000Z</time>
        <extensions>
          <ns3:TrackPointExtension>
            <ns3:hr>116</ns3:hr>
          </ns3:TrackPointExtension>
        </extensions>
      </trkpt>
      <trkpt lat="51.9133412651717662811279296875" lon="4.4818735308945178985595703125">
        <ele>10</ele>
        <time>2025-05-31T12:11:30.000Z</time>
        <extensions>
          <ns3:TrackPointExtension>
            <ns3:hr>115</ns3:hr>
          </ns3:TrackPointExtension>
        </extensions>
      </trkpt>
      <trkpt lat="51.9133194722235202789306640625" lon="4.48184260167181491851806640625">
        <ele>10.19999980926513671875</ele>
        <time>2025-05-31T12:11:54.000Z</time>
        <extensions>
          <ns3:TrackPointExtension>
            <ns3:hr>116</ns3:hr>
          </ns3:TrackPointExtension>
        </extensions>
      </trkpt>
      <trkpt lat="51.91326742060482501983642578125" lon="4.4818210601806640625">
        <ele>10.19999980926513671875</ele>
        <time>2025-05-31T12:11:57.000Z</time>
        <extensions>
          <ns3:TrackPointExtension>
            <ns3:hr>117</ns3:hr>
          </ns3:TrackPointExtension>
        </extensions>
      </trkpt>
      <trkpt lat="51.913219727575778961181640625" lon="4.48181158863008022308349609375">
        <ele>10.19999980926513671875</ele>
        <time>2025-05-31T12:11:59.000Z</time>
        <extensions>
          <ns3:TrackPointExtension>
            <ns3:hr>118</ns3:hr>
          </ns3:TrackPointExtension>
        </extensions>
      </trkpt>
      <trkpt lat="51.9130740500986576080322265625" lon="4.481794573366641998291015625">
        <ele>10.19999980926513671875</ele>
        <time>2025-05-31T12:12:03.000Z</time>
        <extensions>
          <ns3:TrackPointExtension>
            <ns3:hr>119</ns3:hr>
          </ns3:TrackPointExtension>
        </extensions>
      </trkpt>
      <trkpt lat="51.9129486568272113800048828125" lon="4.481824748218059539794921875">
        <ele>10.3999996185302734375</ele>
        <time>2025-05-31T12:12:07.000Z</time>
        <extensions>
          <ns3:TrackPointExtension>
            <ns3:hr>116</ns3:hr>
          </ns3:TrackPointExtension>
        </extensions>
      </trkpt>
      <trkpt lat="51.91288704983890056610107421875" lon="4.481832794845104217529296875">
        <ele>10.6000003814697265625</ele>
        <time>2025-05-31T12:12:09.000Z</time>
        <extensions>
          <ns3:TrackPointExtension>
            <ns3:hr>114</ns3:hr>
          </ns3:TrackPointExtension>
        </extensions>
      </trkpt>
      <trkpt lat="51.91275025717914104461669921875" lon="4.4818752072751522064208984375">
        <ele>10.6000003814697265625</ele>
        <time>2025-05-31T12:12:13.000Z</time>
        <extensions>
          <ns3:TrackPointExtension>
            <ns3:hr>111</ns3:hr>
          </ns3:TrackPointExtension>
        </extensions>
      </trkpt>
      <trkpt lat="51.91267616115510463714599609375" lon="4.48189205490052700042724609375">
        <ele>10.80000019073486328125</ele>
        <time>2025-05-31T12:12:15.000Z</time>
        <extensions>
          <ns3:TrackPointExtension>
            <ns3:hr>111</ns3:hr>
          </ns3:TrackPointExtension>
        </extensions>
      </trkpt>
      <trkpt lat="51.91252394579350948333740234375" lon="4.48193362914025783538818359375">
        <ele>11.19999980926513671875</ele>
        <time>2025-05-31T12:12:20.000Z</time>
        <extensions>
          <ns3:TrackPointExtension>
            <ns3:hr>108</ns3:hr>
          </ns3:TrackPointExtension>
        </extensions>
      </trkpt>
      <trkpt lat="51.912498213350772857666015625" lon="4.48194150812923908233642578125">
        <ele>11.19999980926513671875</ele>
        <time>2025-05-31T12:12:21.000Z</time>
        <extensions>
          <ns3:TrackPointExtension>
            <ns3:hr>108</ns3:hr>
          </ns3:TrackPointExtension>
        </extensions>
      </trkpt>
      <trkpt lat="51.91240064799785614013671875" lon="4.482043683528900146484375">
        <ele>11.19999980926513671875</ele>
        <time>2025-05-31T12:12:26.000Z</time>
        <extensions>
          <ns3:TrackPointExtension>
            <ns3:hr>107</ns3:hr>
          </ns3:TrackPointExtension>
        </extensions>
      </trkpt>
      <trkpt lat="51.9124024920165538787841796875" lon="4.48208366520702838897705078125">
        <ele>11.3999996185302734375</ele>
        <time>2025-05-31T12:12:28.000Z</time>
        <extensions>
          <ns3:TrackPointExtension>
            <ns3:hr>107</ns3:hr>
          </ns3:TrackPointExtension>
        </extensions>
      </trkpt>
      <trkpt lat="51.91240140236914157867431640625" lon="4.48206757195293903350830078125">
        <ele>11.3999996185302734375</ele>
        <time>2025-05-31T12:12:30.000Z</time>
        <extensions>
          <ns3:TrackPointExtension>
            <ns3:hr>107</ns3:hr>
          </ns3:TrackPointExtension>
        </extensions>
      </trkpt>
      <trkpt lat="51.91240190528333187103271484375" lon="4.4820720143616199493408203125">
        <ele>11.19999980926513671875</ele>
        <time>2025-05-31T12:12:37.000Z</time>
        <extensions>
          <ns3:TrackPointExtension>
            <ns3:hr>105</ns3:hr>
          </ns3:TrackPointExtension>
        </extensions>
      </trkpt>
      <trkpt lat="51.9124026596546173095703125" lon="4.48206773959100246429443359375">
        <ele>11.19999980926513671875</ele>
        <time>2025-05-31T12:12:45.000Z</time>
        <extensions>
          <ns3:TrackPointExtension>
            <ns3:hr>109</ns3:hr>
          </ns3:TrackPointExtension>
        </extensions>
      </trkpt>
      <trkpt lat="51.9124026596546173095703125" lon="4.48206773959100246429443359375">
        <ele>11.19999980926513671875</ele>
        <time>2025-05-31T12:12:47.000Z</time>
        <extensions>
          <ns3:TrackPointExtension>
            <ns3:hr>113</ns3:hr>
          </ns3:TrackPointExtension>
        </extensions>
      </trkpt>
      <trkpt lat="51.9124026596546173095703125" lon="4.48206773959100246429443359375">
        <ele>11.19999980926513671875</ele>
        <time>2025-05-31T12:12:48.000Z</time>
        <extensions>
          <ns3:TrackPointExtension>
            <ns3:hr>116</ns3:hr>
          </ns3:TrackPointExtension>
        </extensions>
      </trkpt>
      <trkpt lat="51.9124330021440982818603515625" lon="4.48207125999033451080322265625">
        <ele>11.19999980926513671875</ele>
        <time>2025-05-31T12:12:51.000Z</time>
        <extensions>
          <ns3:TrackPointExtension>
            <ns3:hr>119</ns3:hr>
          </ns3:TrackPointExtension>
        </extensions>
      </trkpt>
      <trkpt lat="51.91244532354176044464111328125" lon="4.48206245899200439453125">
        <ele>11.19999980926513671875</ele>
        <time>2025-05-31T12:12:52.000Z</time>
        <extensions>
          <ns3:TrackPointExtension>
            <ns3:hr>121</ns3:hr>
          </ns3:TrackPointExtension>
        </extensions>
      </trkpt>
      <trkpt lat="51.91248103044927120208740234375" lon="4.4819244928658008575439453125">
        <ele>11.19999980926513671875</ele>
        <time>2025-05-31T12:12:56.000Z</time>
        <extensions>
          <ns3:TrackPointExtension>
            <ns3:hr>124</ns3:hr>
          </ns3:TrackPointExtension>
        </extensions>
      </trkpt>
      <trkpt lat="51.9124973751604557037353515625" lon="4.481848217546939849853515625">
        <ele>11</ele>
        <time>2025-05-31T12:12:59.000Z</time>
        <extensions>
          <ns3:TrackPointExtension>
            <ns3:hr>127</ns3:hr>
          </ns3:TrackPointExtension>
        </extensions>
      </trkpt>
      <trkpt lat="51.91247834824025630950927734375" lon="4.4817903824150562286376953125">
        <ele>11</ele>
        <time>2025-05-31T12:13:01.000Z</time>
        <extensions>
          <ns3:TrackPointExtension>
            <ns3:hr>130</ns3:hr>
          </ns3:TrackPointExtension>
        </extensions>
      </trkpt>
      <trkpt lat="51.9124165736138820648193359375" lon="4.48176942765712738037109375">
        <ele>11</ele>
        <time>2025-05-31T12:13:04.000Z</time>
        <extensions>
          <ns3:TrackPointExtension>
            <ns3:hr>131</ns3:hr>
          </ns3:TrackPointExtension>
        </extensions>
      </trkpt>
      <trkpt lat="51.91240341402590274810791015625" lon="4.4815412722527980804443359375">
        <ele>11</ele>
        <time>2025-05-31T12:13:07.000Z</time>
        <extensions>
          <ns3:TrackPointExtension>
            <ns3:hr>134</ns3:hr>
          </ns3:TrackPointExtension>
        </extensions>
      </trkpt>
      <trkpt lat="51.9123991392552852630615234375" lon="4.481471367180347442626953125">
        <ele>11</ele>
        <time>2025-05-31T12:13:08.000Z</time>
        <extensions>
          <ns3:TrackPointExtension>
            <ns3:hr>135</ns3:hr>
          </ns3:TrackPointExtension>
        </extensions>
      </trkpt>
      <trkpt lat="51.912394948303699493408203125" lon="4.48138277046382427215576171875">
        <ele>11</ele>
        <time>2025-05-31T12:13:09.000Z</time>
        <extensions>
          <ns3:TrackPointExtension>
            <ns3:hr>135</ns3:hr>
          </ns3:TrackPointExtension>
        </extensions>
      </trkpt>
      <trkpt lat="51.91237340681254863739013671875" lon="4.48105202056467533111572265625">
        <ele>11</ele>
        <time>2025-05-31T12:13:13.000Z</time>
        <extensions>
          <ns3:TrackPointExtension>
            <ns3:hr>133</ns3:hr>
          </ns3:TrackPointExtension>
        </extensions>
      </trkpt>
      <trkpt lat="51.9123273901641368865966796875" lon="4.4803936220705509185791015625">
        <ele>10.80000019073486328125</ele>
        <time>2025-05-31T12:13:21.000Z</time>
        <extensions>
          <ns3:TrackPointExtension>
            <ns3:hr>133</ns3:hr>
          </ns3:TrackPointExtension>
        </extensions>
      </trkpt>
      <trkpt lat="51.91228397190570831298828125" lon="4.4797512330114841461181640625">
        <ele>10.6000003814697265625</ele>
        <time>2025-05-31T12:13:29.000Z</time>
        <extensions>
          <ns3:TrackPointExtension>
            <ns3:hr>132</ns3:hr>
          </ns3:TrackPointExtension>
        </extensions>
      </trkpt>
      <trkpt lat="51.9122278131544589996337890625" lon="4.47938318364322185516357421875">
        <ele>10.3999996185302734375</ele>
        <time>2025-05-31T12:13:34.000Z</time>
        <extensions>
          <ns3:TrackPointExtension>
            <ns3:hr>135</ns3:hr>
          </ns3:TrackPointExtension>
        </extensions>
      </trkpt>
      <trkpt lat="51.91221230663359165191650390625" lon="4.4793254323303699493408203125">
        <ele>10.3999996185302734375</ele>
        <time>2025-05-31T12:13:35.000Z</time>
        <extensions>
          <ns3:TrackPointExtension>
            <ns3:hr>136</ns3:hr>
          </ns3:TrackPointExtension>
        </extensions>
      </trkpt>
      <trkpt lat="51.9120920263230800628662109375" lon="4.47886459529399871826171875">
        <ele>10.19999980926513671875</ele>
        <time>2025-05-31T12:13:41.000Z</time>
        <extensions>
          <ns3:TrackPointExtension>
            <ns3:hr>139</ns3:hr>
          </ns3:TrackPointExtension>
        </extensions>
      </trkpt>
      <trkpt lat="51.91197417676448822021484375" lon="4.47846301831305027008056640625">
        <ele>9.80000019073486328125</ele>
        <time>2025-05-31T12:13:47.000Z</time>
        <extensions>
          <ns3:TrackPointExtension>
            <ns3:hr>141</ns3:hr>
          </ns3:TrackPointExtension>
        </extensions>
      </trkpt>
      <trkpt lat="51.9119314290583133697509765625" lon="4.47832186706364154815673828125">
        <ele>9.80000019073486328125</ele>
        <time>2025-05-31T12:13:49.000Z</time>
        <extensions>
          <ns3:TrackPointExtension>
            <ns3:hr>140</ns3:hr>
          </ns3:TrackPointExtension>
        </extensions>
      </trkpt>
      <trkpt lat="51.91176521591842174530029296875" lon="4.47774116881191730499267578125">
        <ele>9.6000003814697265625</ele>
        <time>2025-05-31T12:13:57.000Z</time>
        <extensions>
          <ns3:TrackPointExtension>
            <ns3:hr>139</ns3:hr>
          </ns3:TrackPointExtension>
        </extensions>
      </trkpt>
      <trkpt lat="51.9117213785648345947265625" lon="4.47748200036585330963134765625">
        <ele>9.3999996185302734375</ele>
        <time>2025-05-31T12:14:02.000Z</time>
        <extensions>
          <ns3:TrackPointExtension>
            <ns3:hr>136</ns3:hr>
          </ns3:TrackPointExtension>
        </extensions>
      </trkpt>
      <trkpt lat="51.91172766499221324920654296875" lon="4.4774423539638519287109375">
        <ele>9.3999996185302734375</ele>
        <time>2025-05-31T12:14:03.000Z</time>
        <extensions>
          <ns3:TrackPointExtension>
            <ns3:hr>137</ns3:hr>
          </ns3:TrackPointExtension>
        </extensions>
      </trkpt>
      <trkpt lat="51.91177410073578357696533203125" lon="4.47739046998322010040283203125">
        <ele>9.19999980926513671875</ele>
        <time>2025-05-31T12:14:05.000Z</time>
        <extensions>
          <ns3:TrackPointExtension>
            <ns3:hr>137</ns3:hr>
          </ns3:TrackPointExtension>
        </extensions>
      </trkpt>
      <trkpt lat="51.9118217937648296356201171875" lon="4.47734772227704524993896484375">
        <ele>8.80000019073486328125</ele>
        <time>2025-05-31T12:14:06.000Z</time>
        <extensions>
          <ns3:TrackPointExtension>
            <ns3:hr>137</ns3:hr>
          </ns3:TrackPointExtension>
        </extensions>
      </trkpt>
      <trkpt lat="51.91190251149237155914306640625" lon="4.47727714665234088897705078125">
        <ele>8.19999980926513671875</ele>
        <time>2025-05-31T12:14:08.000Z</time>
        <extensions>
          <ns3:TrackPointExtension>
            <ns3:hr>136</ns3:hr>
          </ns3:TrackPointExtension>
        </extensions>
      </trkpt>
      <trkpt lat="51.91195615567266941070556640625" lon="4.47723574005067348480224609375">
        <ele>7.599999904632568359375</ele>
        <time>2025-05-31T12:14:09.000Z</time>
        <extensions>
          <ns3:TrackPointExtension>
            <ns3:hr>136</ns3:hr>
          </ns3:TrackPointExtension>
        </extensions>
      </trkpt>
      <trkpt lat="51.9120470993220806121826171875" lon="4.47715493850409984588623046875">
        <ele>7</ele>
        <time>2025-05-31T12:14:11.000Z</time>
        <extensions>
          <ns3:TrackPointExtension>
            <ns3:hr>135</ns3:hr>
          </ns3:TrackPointExtension>
        </extensions>
      </trkpt>
      <trkpt lat="51.91210401244461536407470703125" lon="4.47712694294750690460205078125">
        <ele>6.599999904632568359375</ele>
        <time>2025-05-31T12:14:12.000Z</time>
        <extensions>
          <ns3:TrackPointExtension>
            <ns3:hr>135</ns3:hr>
          </ns3:TrackPointExtension>
        </extensions>
      </trkpt>
      <trkpt lat="51.91222353838384151458740234375" lon="4.47707866318523883819580078125">
        <ele>5.400000095367431640625</ele>
        <time>2025-05-31T12:14:14.000Z</time>
        <extensions>
          <ns3:TrackPointExtension>
            <ns3:hr>136</ns3:hr>
          </ns3:TrackPointExtension>
        </extensions>
      </trkpt>
      <trkpt lat="51.9124655239284038543701171875" lon="4.47697757743299007415771484375">
        <ele>4.400000095367431640625</ele>
        <time>2025-05-31T12:14:18.000Z</time>
        <extensions>
          <ns3:TrackPointExtension>
            <ns3:hr>137</ns3:hr>
          </ns3:TrackPointExtension>
        </extensions>
      </trkpt>
      <trkpt lat="51.91257725469768047332763671875" lon="4.47690649889409542083740234375">
        <ele>4.19999980926513671875</ele>
        <time>2025-05-31T12:14:20.000Z</time>
        <extensions>
          <ns3:TrackPointExtension>
            <ns3:hr>136</ns3:hr>
          </ns3:TrackPointExtension>
        </extensions>
      </trkpt>
      <trkpt lat="51.91292040981352329254150390625" lon="4.47662771679461002349853515625">
        <ele>4</ele>
        <time>2025-05-31T12:14:27.000Z</time>
        <extensions>
          <ns3:TrackPointExtension>
            <ns3:hr>134</ns3:hr>
          </ns3:TrackPointExtension>
        </extensions>
      </trkpt>
      <trkpt lat="51.912963576614856719970703125" lon="4.4765875674784183502197265625">
        <ele>4.19999980926513671875</ele>
        <time>2025-05-31T12:14:28.000Z</time>
        <extensions>
          <ns3:TrackPointExtension>
            <ns3:hr>133</ns3:hr>
          </ns3:TrackPointExtension>
        </extensions>
      </trkpt>
      <trkpt lat="51.91309894435107707977294921875" lon="4.47647608816623687744140625">
        <ele>4</ele>
        <time>2025-05-31T12:14:31.000Z</time>
        <extensions>
          <ns3:TrackPointExtension>
            <ns3:hr>130</ns3:hr>
          </ns3:TrackPointExtension>
        </extensions>
      </trkpt>
      <trkpt lat="51.91322618164122104644775390625" lon="4.4763743318617343902587890625">
        <ele>4</ele>
        <time>2025-05-31T12:14:34.000Z</time>
        <extensions>
          <ns3:TrackPointExtension>
            <ns3:hr>132</ns3:hr>
          </ns3:TrackPointExtension>
        </extensions>
      </trkpt>
      <trkpt lat="51.91352424211800098419189453125" lon="4.47618909180164337158203125">
        <ele>4</ele>
        <time>2025-05-31T12:14:41.000Z</time>
        <extensions>
          <ns3:TrackPointExtension>
            <ns3:hr>133</ns3:hr>
          </ns3:TrackPointExtension>
        </extensions>
      </trkpt>
      <trkpt lat="51.9136336259543895721435546875" lon="4.47609043680131435394287109375">
        <ele>4</ele>
        <time>2025-05-31T12:14:44.000Z</time>
        <extensions>
          <ns3:TrackPointExtension>
            <ns3:hr>134</ns3:hr>
          </ns3:TrackPointExtension>
        </extensions>
      </trkpt>
      <trkpt lat="51.91380838863551616668701171875" lon="4.47597024030983448028564453125">
        <ele>4</ele>
        <time>2025-05-31T12:14:48.000Z</time>
        <extensions>
          <ns3:TrackPointExtension>
            <ns3:hr>137</ns3:hr>
          </ns3:TrackPointExtension>
        </extensions>
      </trkpt>
      <trkpt lat="51.91384878940880298614501953125" lon="4.4759418256580829620361328125">
        <ele>4</ele>
        <time>2025-05-31T12:14:49.000Z</time>
        <extensions>
          <ns3:TrackPointExtension>
            <ns3:hr>137</ns3:hr>
          </ns3:TrackPointExtension>
        </extensions>
      </trkpt>
      <trkpt lat="51.91415875218808650970458984375" lon="4.47572900913655757904052734375">
        <ele>4</ele>
        <time>2025-05-31T12:14:57.000Z</time>
        <extensions>
          <ns3:TrackPointExtension>
            <ns3:hr>134</ns3:hr>
          </ns3:TrackPointExtension>
        </extensions>
      </trkpt>
      <trkpt lat="51.91424039192497730255126953125" lon="4.475676454603672027587890625">
        <ele>4</ele>
        <time>2025-05-31T12:14:59.000Z</time>
        <extensions>
          <ns3:TrackPointExtension>
            <ns3:hr>132</ns3:hr>
          </ns3:TrackPointExtension>
        </extensions>
      </trkpt>
      <trkpt lat="51.9146270491182804107666015625" lon="4.47537638247013092041015625">
        <ele>4</ele>
        <time>2025-05-31T12:15:09.000Z</time>
        <extensions>
          <ns3:TrackPointExtension>
            <ns3:hr>133</ns3:hr>
          </ns3:TrackPointExtension>
        </extensions>
      </trkpt>
      <trkpt lat="51.91470374353229999542236328125" lon="4.47532751597464084625244140625">
        <ele>4</ele>
        <time>2025-05-31T12:15:11.000Z</time>
        <extensions>
          <ns3:TrackPointExtension>
            <ns3:hr>134</ns3:hr>
          </ns3:TrackPointExtension>
        </extensions>
      </trkpt>
      <trkpt lat="51.91477867774665355682373046875" lon="4.475281499326229095458984375">
        <ele>4</ele>
        <time>2025-05-31T12:15:13.000Z</time>
        <extensions>
          <ns3:TrackPointExtension>
            <ns3:hr>134</ns3:hr>
          </ns3:TrackPointExtension>
        </extensions>
      </trkpt>
      <trkpt lat="51.9148503430187702178955078125" lon="4.475224502384662628173828125">
        <ele>4</ele>
        <time>2025-05-31T12:15:15.000Z</time>
        <extensions>
          <ns3:TrackPointExtension>
            <ns3:hr>135</ns3:hr>
          </ns3:TrackPointExtension>
        </extensions>
      </trkpt>
      <trkpt lat="51.91492150537669658660888671875" lon="4.4751676730811595916748046875">
        <ele>4</ele>
        <time>2025-05-31T12:15:17.000Z</time>
        <extensions>
          <ns3:TrackPointExtension>
            <ns3:hr>135</ns3:hr>
          </ns3:TrackPointExtension>
        </extensions>
      </trkpt>
      <trkpt lat="51.9151085056364536285400390625" lon="4.47506566531956195831298828125">
        <ele>4.19999980926513671875</ele>
        <time>2025-05-31T12:15:22.000Z</time>
        <extensions>
          <ns3:TrackPointExtension>
            <ns3:hr>137</ns3:hr>
          </ns3:TrackPointExtension>
        </extensions>
      </trkpt>
      <trkpt lat="51.91525946371257305145263671875" lon="4.47495016269385814666748046875">
        <ele>4.19999980926513671875</ele>
        <time>2025-05-31T12:15:26.000Z</time>
        <extensions>
          <ns3:TrackPointExtension>
            <ns3:hr>140</ns3:hr>
          </ns3:TrackPointExtension>
        </extensions>
      </trkpt>
      <trkpt lat="51.91530011594295501708984375" lon="4.47492300532758235931396484375">
        <ele>4.19999980926513671875</ele>
        <time>2025-05-31T12:15:27.000Z</time>
        <extensions>
          <ns3:TrackPointExtension>
            <ns3:hr>141</ns3:hr>
          </ns3:TrackPointExtension>
        </extensions>
      </trkpt>
      <trkpt lat="51.915630362927913665771484375" lon="4.4746573828160762786865234375">
        <ele>4</ele>
        <time>2025-05-31T12:15:36.000Z</time>
        <extensions>
          <ns3:TrackPointExtension>
            <ns3:hr>144</ns3:hr>
          </ns3:TrackPointExtension>
        </extensions>
      </trkpt>
      <trkpt lat="51.91585742868483066558837890625" lon="4.47442361153662204742431640625">
        <ele>4</ele>
        <time>2025-05-31T12:15:43.000Z</time>
        <extensions>
          <ns3:TrackPointExtension>
            <ns3:hr>143</ns3:hr>
          </ns3:TrackPointExtension>
        </extensions>
      </trkpt>
      <trkpt lat="51.91596304066479206085205078125" lon="4.474321939051151275634765625">
        <ele>4</ele>
        <time>2025-05-31T12:15:47.000Z</time>
        <extensions>
          <ns3:TrackPointExtension>
            <ns3:hr>140</ns3:hr>
          </ns3:TrackPointExtension>
        </extensions>
      </trkpt>
      <trkpt lat="51.91602758131921291351318359375" lon="4.474256224930286407470703125">
        <ele>4</ele>
        <time>2025-05-31T12:15:50.000Z</time>
        <extensions>
          <ns3:TrackPointExtension>
            <ns3:hr>140</ns3:hr>
          </ns3:TrackPointExtension>
        </extensions>
      </trkpt>
      <trkpt lat="51.91611911170184612274169921875" lon="4.47419277392327785491943359375">
        <ele>4.19999980926513671875</ele>
        <time>2025-05-31T12:15:55.000Z</time>
        <extensions>
          <ns3:TrackPointExtension>
            <ns3:hr>141</ns3:hr>
          </ns3:TrackPointExtension>
        </extensions>
      </trkpt>
      <trkpt lat="51.91617057658731937408447265625" lon="4.4741826318204402923583984375">
        <ele>4.19999980926513671875</ele>
        <time>2025-05-31T12:16:00.000Z</time>
        <extensions>
          <ns3:TrackPointExtension>
            <ns3:hr>141</ns3:hr>
          </ns3:TrackPointExtension>
        </extensions>
      </trkpt>
      <trkpt lat="51.91617057658731937408447265625" lon="4.4741826318204402923583984375">
        <ele>4.19999980926513671875</ele>
        <time>2025-05-31T12:16:06.000Z</time>
        <extensions>
          <ns3:TrackPointExtension>
            <ns3:hr>140</ns3:hr>
          </ns3:TrackPointExtension>
        </extensions>
      </trkpt>
      <trkpt lat="51.91617057658731937408447265625" lon="4.4741826318204402923583984375">
        <ele>4.19999980926513671875</ele>
        <time>2025-05-31T12:16:09.000Z</time>
        <extensions>
          <ns3:TrackPointExtension>
            <ns3:hr>137</ns3:hr>
          </ns3:TrackPointExtension>
        </extensions>
      </trkpt>
      <trkpt lat="51.91617057658731937408447265625" lon="4.4741826318204402923583984375">
        <ele>4.19999980926513671875</ele>
        <time>2025-05-31T12:16:15.000Z</time>
        <extensions>
          <ns3:TrackPointExtension>
            <ns3:hr>134</ns3:hr>
          </ns3:TrackPointExtension>
        </extensions>
      </trkpt>
      <trkpt lat="51.91619220189750194549560546875" lon="4.47416259907186031341552734375">
        <ele>4.19999980926513671875</ele>
        <time>2025-05-31T12:16:26.000Z</time>
        <extensions>
          <ns3:TrackPointExtension>
            <ns3:hr>134</ns3:hr>
          </ns3:TrackPointExtension>
        </extensions>
      </trkpt>
      <trkpt lat="51.91620443947613239288330078125" lon="4.47415270842611789703369140625">
        <ele>4.19999980926513671875</ele>
        <time>2025-05-31T12:16:27.000Z</time>
        <extensions>
          <ns3:TrackPointExtension>
            <ns3:hr>134</ns3:hr>
          </ns3:TrackPointExtension>
        </extensions>
      </trkpt>
      <trkpt lat="51.91630435176193714141845703125" lon="4.47407676838338375091552734375">
        <ele>4.19999980926513671875</ele>
        <time>2025-05-31T12:16:33.000Z</time>
        <extensions>
          <ns3:TrackPointExtension>
            <ns3:hr>135</ns3:hr>
          </ns3:TrackPointExtension>
        </extensions>
      </trkpt>
      <trkpt lat="51.9164995662868022918701171875" lon="4.47387040592730045318603515625">
        <ele>4.400000095367431640625</ele>
        <time>2025-05-31T12:16:42.000Z</time>
        <extensions>
          <ns3:TrackPointExtension>
            <ns3:hr>134</ns3:hr>
          </ns3:TrackPointExtension>
        </extensions>
      </trkpt>
      <trkpt lat="51.91656343638896942138671875" lon="4.473626576364040374755859375">
        <ele>4.19999980926513671875</ele>
        <time>2025-05-31T12:16:47.000Z</time>
        <extensions>
          <ns3:TrackPointExtension>
            <ns3:hr>135</ns3:hr>
          </ns3:TrackPointExtension>
        </extensions>
      </trkpt>
      <trkpt lat="51.916724704205989837646484375" lon="4.47344007901847362518310546875">
        <ele>4.19999980926513671875</ele>
        <time>2025-05-31T12:16:52.000Z</time>
        <extensions>
          <ns3:TrackPointExtension>
            <ns3:hr>137</ns3:hr>
          </ns3:TrackPointExtension>
        </extensions>
      </trkpt>
      <trkpt lat="51.9169692881405353546142578125" lon="4.4732002727687358856201171875">
        <ele>4.19999980926513671875</ele>
        <time>2025-05-31T12:17:00.000Z</time>
        <extensions>
          <ns3:TrackPointExtension>
            <ns3:hr>139</ns3:hr>
          </ns3:TrackPointExtension>
        </extensions>
      </trkpt>
      <trkpt lat="51.91698881797492504119873046875" lon="4.4731871969997882843017578125">
        <ele>4.19999980926513671875</ele>
        <time>2025-05-31T12:17:01.000Z</time>
        <extensions>
          <ns3:TrackPointExtension>
            <ns3:hr>139</ns3:hr>
          </ns3:TrackPointExtension>
        </extensions>
      </trkpt>
      <trkpt lat="51.91702201031148433685302734375" lon="4.47319113649427890777587890625">
        <ele>4.19999980926513671875</ele>
        <time>2025-05-31T12:17:03.000Z</time>
        <extensions>
          <ns3:TrackPointExtension>
            <ns3:hr>138</ns3:hr>
          </ns3:TrackPointExtension>
        </extensions>
      </trkpt>
      <trkpt lat="51.91706023178994655609130859375" lon="4.473188705742359161376953125">
        <ele>4</ele>
        <time>2025-05-31T12:17:09.000Z</time>
        <extensions>
          <ns3:TrackPointExtension>
            <ns3:hr>137</ns3:hr>
          </ns3:TrackPointExtension>
        </extensions>
      </trkpt>
      <trkpt lat="51.91706023178994655609130859375" lon="4.473188705742359161376953125">
        <ele>4.19999980926513671875</ele>
        <time>2025-05-31T12:17:22.000Z</time>
        <extensions>
          <ns3:TrackPointExtension>
            <ns3:hr>136</ns3:hr>
          </ns3:TrackPointExtension>
        </extensions>
      </trkpt>
      <trkpt lat="51.91706023178994655609130859375" lon="4.473188705742359161376953125">
        <ele>4.19999980926513671875</ele>
        <time>2025-05-31T12:17:37.000Z</time>
        <extensions>
          <ns3:TrackPointExtension>
            <ns3:hr>133</ns3:hr>
          </ns3:TrackPointExtension>
        </extensions>
      </trkpt>
      <trkpt lat="51.9170805998146533966064453125" lon="4.4731664098799228668212890625">
        <ele>4.19999980926513671875</ele>
        <time>2025-05-31T12:17:42.000Z</time>
        <extensions>
          <ns3:TrackPointExtension>
            <ns3:hr>131</ns3:hr>
          </ns3:TrackPointExtension>
        </extensions>
      </trkpt>
      <trkpt lat="51.91717808134853839874267578125" lon="4.47302006185054779052734375">
        <ele>4</ele>
        <time>2025-05-31T12:17:50.000Z</time>
        <extensions>
          <ns3:TrackPointExtension>
            <ns3:hr>134</ns3:hr>
          </ns3:TrackPointExtension>
        </extensions>
      </trkpt>
      <trkpt lat="51.91729324869811534881591796875" lon="4.4729561917483806610107421875">
        <ele>3.7999999523162841796875</ele>
        <time>2025-05-31T12:17:54.000Z</time>
        <extensions>
          <ns3:TrackPointExtension>
            <ns3:hr>136</ns3:hr>
          </ns3:TrackPointExtension>
        </extensions>
      </trkpt>
      <trkpt lat="51.9173605553805828094482421875" lon="4.47292425669729709625244140625">
        <ele>3.7999999523162841796875</ele>
        <time>2025-05-31T12:17:56.000Z</time>
        <extensions>
          <ns3:TrackPointExtension>
            <ns3:hr>136</ns3:hr>
          </ns3:TrackPointExtension>
        </extensions>
      </trkpt>
      <trkpt lat="51.91750883124768733978271484375" lon="4.4728710316121578216552734375">
        <ele>3.599999904632568359375</ele>
        <time>2025-05-31T12:18:00.000Z</time>
        <extensions>
          <ns3:TrackPointExtension>
            <ns3:hr>136</ns3:hr>
          </ns3:TrackPointExtension>
        </extensions>
      </trkpt>
      <trkpt lat="51.91785416565835475921630859375" lon="4.47273801080882549285888671875">
        <ele>3.599999904632568359375</ele>
        <time>2025-05-31T12:18:09.000Z</time>
        <extensions>
          <ns3:TrackPointExtension>
            <ns3:hr>139</ns3:hr>
          </ns3:TrackPointExtension>
        </extensions>
      </trkpt>
      <trkpt lat="51.9182295911014080047607421875" lon="4.47256148792803287506103515625">
        <ele>3.400000095367431640625</ele>
        <time>2025-05-31T12:18:19.000Z</time>
        <extensions>
          <ns3:TrackPointExtension>
            <ns3:hr>138</ns3:hr>
          </ns3:TrackPointExtension>
        </extensions>
      </trkpt>
      <trkpt lat="51.918497979640960693359375" lon="4.47243441827595233917236328125">
        <ele>3.599999904632568359375</ele>
        <time>2025-05-31T12:18:26.000Z</time>
        <extensions>
          <ns3:TrackPointExtension>
            <ns3:hr>137</ns3:hr>
          </ns3:TrackPointExtension>
        </extensions>
      </trkpt>
      <trkpt lat="51.9187382049858570098876953125" lon="4.4723741523921489715576171875">
        <ele>3.400000095367431640625</ele>
        <time>2025-05-31T12:18:33.000Z</time>
        <extensions>
          <ns3:TrackPointExtension>
            <ns3:hr>139</ns3:hr>
          </ns3:TrackPointExtension>
        </extensions>
      </trkpt>
      <trkpt lat="51.9190411269664764404296875" lon="4.472329728305339813232421875">
        <ele>3.400000095367431640625</ele>
        <time>2025-05-31T12:18:42.000Z</time>
        <extensions>
          <ns3:TrackPointExtension>
            <ns3:hr>138</ns3:hr>
          </ns3:TrackPointExtension>
        </extensions>
      </trkpt>
      <trkpt lat="51.9191110320389270782470703125" lon="4.47230701334774494171142578125">
        <ele>3.400000095367431640625</ele>
        <time>2025-05-31T12:18:44.000Z</time>
        <extensions>
          <ns3:TrackPointExtension>
            <ns3:hr>138</ns3:hr>
          </ns3:TrackPointExtension>
        </extensions>
      </trkpt>
      <trkpt lat="51.91930557601153850555419921875" lon="4.472243227064609527587890625">
        <ele>3.400000095367431640625</ele>
        <time>2025-05-31T12:18:49.000Z</time>
        <extensions>
          <ns3:TrackPointExtension>
            <ns3:hr>139</ns3:hr>
          </ns3:TrackPointExtension>
        </extensions>
      </trkpt>
      <trkpt lat="51.91949064843356609344482421875" lon="4.47216385044157505035400390625">
        <ele>3.2000000476837158203125</ele>
        <time>2025-05-31T12:18:54.000Z</time>
        <extensions>
          <ns3:TrackPointExtension>
            <ns3:hr>140</ns3:hr>
          </ns3:TrackPointExtension>
        </extensions>
      </trkpt>
      <trkpt lat="51.919672787189483642578125" lon="4.4720707274973392486572265625">
        <ele>3</ele>
        <time>2025-05-31T12:19:00.000Z</time>
        <extensions>
          <ns3:TrackPointExtension>
            <ns3:hr>138</ns3:hr>
          </ns3:TrackPointExtension>
        </extensions>
      </trkpt>
      <trkpt lat="51.9199736975133419036865234375" lon="4.47221950627863407135009765625">
        <ele>3.2000000476837158203125</ele>
        <time>2025-05-31T12:19:07.000Z</time>
        <extensions>
          <ns3:TrackPointExtension>
            <ns3:hr>139</ns3:hr>
          </ns3:TrackPointExtension>
        </extensions>
      </trkpt>
      <trkpt lat="51.92013882100582122802734375" lon="4.47219436056911945343017578125">
        <ele>3.400000095367431640625</ele>
        <time>2025-05-31T12:19:12.000Z</time>
        <extensions>
          <ns3:TrackPointExtension>
            <ns3:hr>138</ns3:hr>
          </ns3:TrackPointExtension>
        </extensions>
      </trkpt>
      <trkpt lat="51.92034074105322360992431640625" lon="4.4721190072596073150634765625">
        <ele>3.2000000476837158203125</ele>
        <time>2025-05-31T12:19:18.000Z</time>
        <extensions>
          <ns3:TrackPointExtension>
            <ns3:hr>139</ns3:hr>
          </ns3:TrackPointExtension>
        </extensions>
      </trkpt>
      <trkpt lat="51.9205014221370220184326171875" lon="4.47212194092571735382080078125">
        <ele>3.2000000476837158203125</ele>
        <time>2025-05-31T12:19:22.000Z</time>
        <extensions>
          <ns3:TrackPointExtension>
            <ns3:hr>140</ns3:hr>
          </ns3:TrackPointExtension>
        </extensions>
      </trkpt>
      <trkpt lat="51.92071306519210338592529296875" lon="4.47208656929433345794677734375">
        <ele>3.400000095367431640625</ele>
        <time>2025-05-31T12:19:29.000Z</time>
        <extensions>
          <ns3:TrackPointExtension>
            <ns3:hr>142</ns3:hr>
          </ns3:TrackPointExtension>
        </extensions>
      </trkpt>
      <trkpt lat="51.92092227749526500701904296875" lon="4.47203979827463626861572265625">
        <ele>3.400000095367431640625</ele>
        <time>2025-05-31T12:19:35.000Z</time>
        <extensions>
          <ns3:TrackPointExtension>
            <ns3:hr>140</ns3:hr>
          </ns3:TrackPointExtension>
        </extensions>
      </trkpt>
      <trkpt lat="51.921180188655853271484375" lon="4.47198632173240184783935546875">
        <ele>3.400000095367431640625</ele>
        <time>2025-05-31T12:19:43.000Z</time>
        <extensions>
          <ns3:TrackPointExtension>
            <ns3:hr>141</ns3:hr>
          </ns3:TrackPointExtension>
        </extensions>
      </trkpt>
      <trkpt lat="51.92127331160008907318115234375" lon="4.47193779051303863525390625">
        <ele>3.2000000476837158203125</ele>
        <time>2025-05-31T12:19:48.000Z</time>
        <extensions>
          <ns3:TrackPointExtension>
            <ns3:hr>141</ns3:hr>
          </ns3:TrackPointExtension>
        </extensions>
      </trkpt>
      <trkpt lat="51.9213349185883998870849609375" lon="4.47190023958683013916015625">
        <ele>3.400000095367431640625</ele>
        <time>2025-05-31T12:19:54.000Z</time>
        <extensions>
          <ns3:TrackPointExtension>
            <ns3:hr>141</ns3:hr>
          </ns3:TrackPointExtension>
        </extensions>
      </trkpt>
      <trkpt lat="51.92137272097170352935791015625" lon="4.47186629287898540496826171875">
        <ele>3.2000000476837158203125</ele>
        <time>2025-05-31T12:20:00.000Z</time>
        <extensions>
          <ns3:TrackPointExtension>
            <ns3:hr>140</ns3:hr>
          </ns3:TrackPointExtension>
        </extensions>
      </trkpt>
      <trkpt lat="51.92149090580642223358154296875" lon="4.4718125648796558380126953125">
        <ele>3.2000000476837158203125</ele>
        <time>2025-05-31T12:20:05.000Z</time>
        <extensions>
          <ns3:TrackPointExtension>
            <ns3:hr>139</ns3:hr>
          </ns3:TrackPointExtension>
        </extensions>
      </trkpt>
      <trkpt lat="51.92165301181375980377197265625" lon="4.47171139530837535858154296875">
        <ele>3.2000000476837158203125</ele>
        <time>2025-05-31T12:20:11.000Z</time>
        <extensions>
          <ns3:TrackPointExtension>
            <ns3:hr>138</ns3:hr>
          </ns3:TrackPointExtension>
        </extensions>
      </trkpt>
      <trkpt lat="51.92187898792326450347900390625" lon="4.471573345363140106201171875">
        <ele>3.2000000476837158203125</ele>
        <time>2025-05-31T12:20:18.000Z</time>
        <extensions>
          <ns3:TrackPointExtension>
            <ns3:hr>137</ns3:hr>
          </ns3:TrackPointExtension>
        </extensions>
      </trkpt>
      <trkpt lat="51.9220121763646602630615234375" lon="4.47142858989536762237548828125">
        <ele>3.2000000476837158203125</ele>
        <time>2025-05-31T12:20:23.000Z</time>
        <extensions>
          <ns3:TrackPointExtension>
            <ns3:hr>135</ns3:hr>
          </ns3:TrackPointExtension>
        </extensions>
      </trkpt>
      <trkpt lat="51.922147460281848907470703125" lon="4.471356756985187530517578125">
        <ele>3.2000000476837158203125</ele>
        <time>2025-05-31T12:20:28.000Z</time>
        <extensions>
          <ns3:TrackPointExtension>
            <ns3:hr>135</ns3:hr>
          </ns3:TrackPointExtension>
        </extensions>
      </trkpt>
      <trkpt lat="51.92227411083877086639404296875" lon="4.47134510613977909088134765625">
        <ele>3.2000000476837158203125</ele>
        <time>2025-05-31T12:20:33.000Z</time>
        <extensions>
          <ns3:TrackPointExtension>
            <ns3:hr>133</ns3:hr>
          </ns3:TrackPointExtension>
        </extensions>
      </trkpt>
      <trkpt lat="51.92246002145111560821533203125" lon="4.4712476246058940887451171875">
        <ele>3.400000095367431640625</ele>
        <time>2025-05-31T12:20:39.000Z</time>
        <extensions>
          <ns3:TrackPointExtension>
            <ns3:hr>132</ns3:hr>
          </ns3:TrackPointExtension>
        </extensions>
      </trkpt>
      <trkpt lat="51.922655738890171051025390625" lon="4.471142180263996124267578125">
        <ele>3.599999904632568359375</ele>
        <time>2025-05-31T12:20:46.000Z</time>
        <extensions>
          <ns3:TrackPointExtension>
            <ns3:hr>132</ns3:hr>
          </ns3:TrackPointExtension>
        </extensions>
      </trkpt>
      <trkpt lat="51.92267225123941898345947265625" lon="4.47114008478820323944091796875">
        <ele>3.599999904632568359375</ele>
        <time>2025-05-31T12:20:47.000Z</time>
        <extensions>
          <ns3:TrackPointExtension>
            <ns3:hr>133</ns3:hr>
          </ns3:TrackPointExtension>
        </extensions>
      </trkpt>
      <trkpt lat="51.92268180660903453826904296875" lon="4.47112374007701873779296875">
        <ele>3.599999904632568359375</ele>
        <time>2025-05-31T12:20:49.000Z</time>
        <extensions>
          <ns3:TrackPointExtension>
            <ns3:hr>133</ns3:hr>
          </ns3:TrackPointExtension>
        </extensions>
      </trkpt>
      <trkpt lat="51.92268465645611286163330078125" lon="4.47110764682292938232421875">
        <ele>3.599999904632568359375</ele>
        <time>2025-05-31T12:20:56.000Z</time>
        <extensions>
          <ns3:TrackPointExtension>
            <ns3:hr>136</ns3:hr>
          </ns3:TrackPointExtension>
        </extensions>
      </trkpt>
      <trkpt lat="51.92267443053424358367919921875" lon="4.471077807247638702392578125">
        <ele>3.599999904632568359375</ele>
        <time>2025-05-31T12:20:58.000Z</time>
        <extensions>
          <ns3:TrackPointExtension>
            <ns3:hr>139</ns3:hr>
          </ns3:TrackPointExtension>
        </extensions>
      </trkpt>
      <trkpt lat="51.92266621626913547515869140625" lon="4.4710545055568218231201171875">
        <ele>3.599999904632568359375</ele>
        <time>2025-05-31T12:20:59.000Z</time>
        <extensions>
          <ns3:TrackPointExtension>
            <ns3:hr>139</ns3:hr>
          </ns3:TrackPointExtension>
        </extensions>
      </trkpt>
      <trkpt lat="51.92263252101838588714599609375" lon="4.47095233015716075897216796875">
        <ele>3.7999999523162841796875</ele>
        <time>2025-05-31T12:21:04.000Z</time>
        <extensions>
          <ns3:TrackPointExtension>
            <ns3:hr>140</ns3:hr>
          </ns3:TrackPointExtension>
        </extensions>
      </trkpt>
      <trkpt lat="51.92264090292155742645263671875" lon="4.47090622968971729278564453125">
        <ele>3.7999999523162841796875</ele>
        <time>2025-05-31T12:21:06.000Z</time>
        <extensions>
          <ns3:TrackPointExtension>
            <ns3:hr>142</ns3:hr>
          </ns3:TrackPointExtension>
        </extensions>
      </trkpt>
      <trkpt lat="51.92274483852088451385498046875" lon="4.47083079256117343902587890625">
        <ele>4</ele>
        <time>2025-05-31T12:21:11.000Z</time>
        <extensions>
          <ns3:TrackPointExtension>
            <ns3:hr>142</ns3:hr>
          </ns3:TrackPointExtension>
        </extensions>
      </trkpt>
      <trkpt lat="51.92285296507179737091064453125" lon="4.47072987444698810577392578125">
        <ele>4</ele>
        <time>2025-05-31T12:21:18.000Z</time>
        <extensions>
          <ns3:TrackPointExtension>
            <ns3:hr>141</ns3:hr>
          </ns3:TrackPointExtension>
        </extensions>
      </trkpt>
      <trkpt lat="51.92291230894625186920166015625" lon="4.470647312700748443603515625">
        <ele>4</ele>
        <time>2025-05-31T12:21:23.000Z</time>
        <extensions>
          <ns3:TrackPointExtension>
            <ns3:hr>142</ns3:hr>
          </ns3:TrackPointExtension>
        </extensions>
      </trkpt>
      <trkpt lat="51.9229294918477535247802734375" lon="4.470586962997913360595703125">
        <ele>4</ele>
        <time>2025-05-31T12:21:29.000Z</time>
        <extensions>
          <ns3:TrackPointExtension>
            <ns3:hr>142</ns3:hr>
          </ns3:TrackPointExtension>
        </extensions>
      </trkpt>
      <trkpt lat="51.92293695174157619476318359375" lon="4.47057732380926609039306640625">
        <ele>4</ele>
        <time>2025-05-31T12:21:30.000Z</time>
        <extensions>
          <ns3:TrackPointExtension>
            <ns3:hr>141</ns3:hr>
          </ns3:TrackPointExtension>
        </extensions>
      </trkpt>
      <trkpt lat="51.9230438210070133209228515625" lon="4.470513872802257537841796875">
        <ele>4</ele>
        <time>2025-05-31T12:21:37.000Z</time>
        <extensions>
          <ns3:TrackPointExtension>
            <ns3:hr>142</ns3:hr>
          </ns3:TrackPointExtension>
        </extensions>
      </trkpt>
      <trkpt lat="51.923072822391986846923828125" lon="4.47039258666336536407470703125">
        <ele>3.7999999523162841796875</ele>
        <time>2025-05-31T12:21:41.000Z</time>
        <extensions>
          <ns3:TrackPointExtension>
            <ns3:hr>141</ns3:hr>
          </ns3:TrackPointExtension>
        </extensions>
      </trkpt>
      <trkpt lat="51.92306921817362308502197265625" lon="4.47028261609375476837158203125">
        <ele>3.7999999523162841796875</ele>
        <time>2025-05-31T12:21:43.000Z</time>
        <extensions>
          <ns3:TrackPointExtension>
            <ns3:hr>140</ns3:hr>
          </ns3:TrackPointExtension>
        </extensions>
      </trkpt>
      <trkpt lat="51.923082210123538970947265625" lon="4.46994231082499027252197265625">
        <ele>3.400000095367431640625</ele>
        <time>2025-05-31T12:21:49.000Z</time>
        <extensions>
          <ns3:TrackPointExtension>
            <ns3:hr>140</ns3:hr>
          </ns3:TrackPointExtension>
        </extensions>
      </trkpt>
      <trkpt lat="51.92321791313588619232177734375" lon="4.46982555091381072998046875">
        <ele>3.400000095367431640625</ele>
        <time>2025-05-31T12:21:53.000Z</time>
        <extensions>
          <ns3:TrackPointExtension>
            <ns3:hr>140</ns3:hr>
          </ns3:TrackPointExtension>
        </extensions>
      </trkpt>
      <trkpt lat="51.92329175770282745361328125" lon="4.4697543047368526458740234375">
        <ele>3.400000095367431640625</ele>
        <time>2025-05-31T12:21:55.000Z</time>
        <extensions>
          <ns3:TrackPointExtension>
            <ns3:hr>139</ns3:hr>
          </ns3:TrackPointExtension>
        </extensions>
      </trkpt>
      <trkpt lat="51.92338161170482635498046875" lon="4.46968515403568744659423828125">
        <ele>3.400000095367431640625</ele>
        <time>2025-05-31T12:21:57.000Z</time>
        <extensions>
          <ns3:TrackPointExtension>
            <ns3:hr>142</ns3:hr>
          </ns3:TrackPointExtension>
        </extensions>
      </trkpt>
      <trkpt lat="51.9235075078904628753662109375" lon="4.46955473162233829498291015625">
        <ele>3.599999904632568359375</ele>
        <time>2025-05-31T12:22:00.000Z</time>
        <extensions>
          <ns3:TrackPointExtension>
            <ns3:hr>143</ns3:hr>
          </ns3:TrackPointExtension>
        </extensions>
      </trkpt>
      <trkpt lat="51.92362074740231037139892578125" lon="4.4694364629685878753662109375">
        <ele>3.599999904632568359375</ele>
        <time>2025-05-31T12:22:03.000Z</time>
        <extensions>
          <ns3:TrackPointExtension>
            <ns3:hr>145</ns3:hr>
          </ns3:TrackPointExtension>
        </extensions>
      </trkpt>
      <trkpt lat="51.9237041473388671875" lon="4.46937619708478450775146484375">
        <ele>3.599999904632568359375</ele>
        <time>2025-05-31T12:22:05.000Z</time>
        <extensions>
          <ns3:TrackPointExtension>
            <ns3:hr>146</ns3:hr>
          </ns3:TrackPointExtension>
        </extensions>
      </trkpt>
      <trkpt lat="51.92382710985839366912841796875" lon="4.46927712298929691314697265625">
        <ele>4</ele>
        <time>2025-05-31T12:22:08.000Z</time>
        <extensions>
          <ns3:TrackPointExtension>
            <ns3:hr>147</ns3:hr>
          </ns3:TrackPointExtension>
        </extensions>
      </trkpt>
      <trkpt lat="51.9239685125648975372314453125" lon="4.46917721070349216461181640625">
        <ele>4.19999980926513671875</ele>
        <time>2025-05-31T12:22:12.000Z</time>
        <extensions>
          <ns3:TrackPointExtension>
            <ns3:hr>148</ns3:hr>
          </ns3:TrackPointExtension>
        </extensions>
      </trkpt>
      <trkpt lat="51.92403699271380901336669921875" lon="4.4691347144544124603271484375">
        <ele>4.19999980926513671875</ele>
        <time>2025-05-31T12:22:14.000Z</time>
        <extensions>
          <ns3:TrackPointExtension>
            <ns3:hr>149</ns3:hr>
          </ns3:TrackPointExtension>
        </extensions>
      </trkpt>
      <trkpt lat="51.92418434657156467437744140625" lon="4.46897118352353572845458984375">
        <ele>4.19999980926513671875</ele>
        <time>2025-05-31T12:22:19.000Z</time>
        <extensions>
          <ns3:TrackPointExtension>
            <ns3:hr>150</ns3:hr>
          </ns3:TrackPointExtension>
        </extensions>
      </trkpt>
      <trkpt lat="51.92419004626572132110595703125" lon="4.46891519241034984588623046875">
        <ele>4.19999980926513671875</ele>
        <time>2025-05-31T12:22:20.000Z</time>
        <extensions>
          <ns3:TrackPointExtension>
            <ns3:hr>149</ns3:hr>
          </ns3:TrackPointExtension>
        </extensions>
      </trkpt>
      <trkpt lat="51.9241646490991115570068359375" lon="4.468759708106517791748046875">
        <ele>4.19999980926513671875</ele>
        <time>2025-05-31T12:22:25.000Z</time>
        <extensions>
          <ns3:TrackPointExtension>
            <ns3:hr>147</ns3:hr>
          </ns3:TrackPointExtension>
        </extensions>
      </trkpt>
      <trkpt lat="51.924139000475406646728515625" lon="4.4687224924564361572265625">
        <ele>4.19999980926513671875</ele>
        <time>2025-05-31T12:22:27.000Z</time>
        <extensions>
          <ns3:TrackPointExtension>
            <ns3:hr>148</ns3:hr>
          </ns3:TrackPointExtension>
        </extensions>
      </trkpt>
      <trkpt lat="51.92592434585094451904296875" lon="4.4683622382581233978271484375">
        <ele>3.400000095367431640625</ele>
        <time>2025-05-31T12:23:07.000Z</time>
        <extensions>
          <ns3:TrackPointExtension>
            <ns3:hr>137</ns3:hr>
          </ns3:TrackPointExtension>
        </extensions>
      </trkpt>
      <trkpt lat="51.92593038082122802734375" lon="4.4683652557432651519775390625">
        <ele>3.400000095367431640625</ele>
        <time>2025-05-31T12:23:08.000Z</time>
        <extensions>
          <ns3:TrackPointExtension>
            <ns3:hr>137</ns3:hr>
          </ns3:TrackPointExtension>
        </extensions>
      </trkpt>
      <trkpt lat="51.92596994340419769287109375" lon="4.468412697315216064453125">
        <ele>3.400000095367431640625</ele>
        <time>2025-05-31T12:23:12.000Z</time>
        <extensions>
          <ns3:TrackPointExtension>
            <ns3:hr>138</ns3:hr>
          </ns3:TrackPointExtension>
        </extensions>
      </trkpt>
      <trkpt lat="51.925995759665966033935546875" lon="4.46840641088783740997314453125">
        <ele>3.400000095367431640625</ele>
        <time>2025-05-31T12:23:14.000Z</time>
        <extensions>
          <ns3:TrackPointExtension>
            <ns3:hr>139</ns3:hr>
          </ns3:TrackPointExtension>
        </extensions>
      </trkpt>
      <trkpt lat="51.9259764812886714935302734375" lon="4.468407332897186279296875">
        <ele>3.400000095367431640625</ele>
        <time>2025-05-31T12:23:15.000Z</time>
        <extensions>
          <ns3:TrackPointExtension>
            <ns3:hr>139</ns3:hr>
          </ns3:TrackPointExtension>
        </extensions>
      </trkpt>
      <trkpt lat="51.92595116794109344482421875" lon="4.4684333167970180511474609375">
        <ele>3.400000095367431640625</ele>
        <time>2025-05-31T12:23:16.000Z</time>
        <extensions>
          <ns3:TrackPointExtension>
            <ns3:hr>138</ns3:hr>
          </ns3:TrackPointExtension>
        </extensions>
      </trkpt>
      <trkpt lat="51.92600808106362819671630859375" lon="4.46854655630886554718017578125">
        <ele>3.599999904632568359375</ele>
        <time>2025-05-31T12:23:20.000Z</time>
        <extensions>
          <ns3:TrackPointExtension>
            <ns3:hr>136</ns3:hr>
          </ns3:TrackPointExtension>
        </extensions>
      </trkpt>
      <trkpt lat="51.92612827755510807037353515625" lon="4.4686877913773059844970703125">
        <ele>3.599999904632568359375</ele>
        <time>2025-05-31T12:23:24.000Z</time>
        <extensions>
          <ns3:TrackPointExtension>
            <ns3:hr>136</ns3:hr>
          </ns3:TrackPointExtension>
        </extensions>
      </trkpt>
      <trkpt lat="51.92620941437780857086181640625" lon="4.46851420216262340545654296875">
        <ele>3.599999904632568359375</ele>
        <time>2025-05-31T12:23:26.000Z</time>
        <extensions>
          <ns3:TrackPointExtension>
            <ns3:hr>135</ns3:hr>
          </ns3:TrackPointExtension>
        </extensions>
      </trkpt>
      <trkpt lat="51.92629038356244564056396484375" lon="4.46844848804175853729248046875">
        <ele>3.599999904632568359375</ele>
        <time>2025-05-31T12:23:28.000Z</time>
        <extensions>
          <ns3:TrackPointExtension>
            <ns3:hr>135</ns3:hr>
          </ns3:TrackPointExtension>
        </extensions>
      </trkpt>
      <trkpt lat="51.92636230029165744781494140625" lon="4.46837338618934154510498046875">
        <ele>3.599999904632568359375</ele>
        <time>2025-05-31T12:23:30.000Z</time>
        <extensions>
          <ns3:TrackPointExtension>
            <ns3:hr>136</ns3:hr>
          </ns3:TrackPointExtension>
        </extensions>
      </trkpt>
      <trkpt lat="51.92653044126927852630615234375" lon="4.4681711308658123016357421875">
        <ele>3.599999904632568359375</ele>
        <time>2025-05-31T12:23:34.000Z</time>
        <extensions>
          <ns3:TrackPointExtension>
            <ns3:hr>139</ns3:hr>
          </ns3:TrackPointExtension>
        </extensions>
      </trkpt>
      <trkpt lat="51.9266125001013278961181640625" lon="4.46811698377132415771484375">
        <ele>3.599999904632568359375</ele>
        <time>2025-05-31T12:23:36.000Z</time>
        <extensions>
          <ns3:TrackPointExtension>
            <ns3:hr>140</ns3:hr>
          </ns3:TrackPointExtension>
        </extensions>
      </trkpt>
      <trkpt lat="51.9268233887851238250732421875" lon="4.46796384640038013458251953125">
        <ele>3.7999999523162841796875</ele>
        <time>2025-05-31T12:23:41.000Z</time>
        <extensions>
          <ns3:TrackPointExtension>
            <ns3:hr>140</ns3:hr>
          </ns3:TrackPointExtension>
        </extensions>
      </trkpt>
      <trkpt lat="51.9271157495677471160888671875" lon="4.46769344620406627655029296875">
        <ele>3.7999999523162841796875</ele>
        <time>2025-05-31T12:23:48.000Z</time>
        <extensions>
          <ns3:TrackPointExtension>
            <ns3:hr>141</ns3:hr>
          </ns3:TrackPointExtension>
        </extensions>
      </trkpt>
      <trkpt lat="51.9271549768745899200439453125" lon="4.46766092441976070404052734375">
        <ele>3.7999999523162841796875</ele>
        <time>2025-05-31T12:23:49.000Z</time>
        <extensions>
          <ns3:TrackPointExtension>
            <ns3:hr>141</ns3:hr>
          </ns3:TrackPointExtension>
        </extensions>
      </trkpt>
      <trkpt lat="51.9272307492792606353759765625" lon="4.46759906597435474395751953125">
        <ele>3.7999999523162841796875</ele>
        <time>2025-05-31T12:23:51.000Z</time>
        <extensions>
          <ns3:TrackPointExtension>
            <ns3:hr>141</ns3:hr>
          </ns3:TrackPointExtension>
        </extensions>
      </trkpt>
      <trkpt lat="51.9274231977760791778564453125" lon="4.46745120920240879058837890625">
        <ele>3.599999904632568359375</ele>
        <time>2025-05-31T12:23:56.000Z</time>
        <extensions>
          <ns3:TrackPointExtension>
            <ns3:hr>142</ns3:hr>
          </ns3:TrackPointExtension>
        </extensions>
      </trkpt>
      <trkpt lat="51.92771614529192447662353515625" lon="4.4672816433012485504150390625">
        <ele>3.7999999523162841796875</ele>
        <time>2025-05-31T12:24:03.000Z</time>
        <extensions>
          <ns3:TrackPointExtension>
            <ns3:hr>145</ns3:hr>
          </ns3:TrackPointExtension>
        </extensions>
      </trkpt>
      <trkpt lat="51.92801780998706817626953125" lon="4.46707653813064098358154296875">
        <ele>3.599999904632568359375</ele>
        <time>2025-05-31T12:24:11.000Z</time>
        <extensions>
          <ns3:TrackPointExtension>
            <ns3:hr>146</ns3:hr>
          </ns3:TrackPointExtension>
        </extensions>
      </trkpt>
      <trkpt lat="51.928372196853160858154296875" lon="4.46686732582747936248779296875">
        <ele>3.599999904632568359375</ele>
        <time>2025-05-31T12:24:20.000Z</time>
        <extensions>
          <ns3:TrackPointExtension>
            <ns3:hr>144</ns3:hr>
          </ns3:TrackPointExtension>
        </extensions>
      </trkpt>
      <trkpt lat="51.9285641424357891082763671875" lon="4.4667435251176357269287109375">
        <ele>3.599999904632568359375</ele>
        <time>2025-05-31T12:24:26.000Z</time>
        <extensions>
          <ns3:TrackPointExtension>
            <ns3:hr>144</ns3:hr>
          </ns3:TrackPointExtension>
        </extensions>
      </trkpt>
      <trkpt lat="51.92860730923712253570556640625" lon="4.46672030724585056304931640625">
        <ele>3.599999904632568359375</ele>
        <time>2025-05-31T12:24:29.000Z</time>
        <extensions>
          <ns3:TrackPointExtension>
            <ns3:hr>145</ns3:hr>
          </ns3:TrackPointExtension>
        </extensions>
      </trkpt>
      <trkpt lat="51.92861862480640411376953125" lon="4.46670957840979099273681640625">
        <ele>3.599999904632568359375</ele>
        <time>2025-05-31T12:24:30.000Z</time>
        <extensions>
          <ns3:TrackPointExtension>
            <ns3:hr>145</ns3:hr>
          </ns3:TrackPointExtension>
        </extensions>
      </trkpt>
      <trkpt lat="51.92865055985748767852783203125" lon="4.46668057702481746673583984375">
        <ele>3.599999904632568359375</ele>
        <time>2025-05-31T12:24:36.000Z</time>
        <extensions>
          <ns3:TrackPointExtension>
            <ns3:hr>145</ns3:hr>
          </ns3:TrackPointExtension>
        </extensions>
      </trkpt>
      <trkpt lat="51.9286680780351161956787109375" lon="4.46667722426354885101318359375">
        <ele>3.599999904632568359375</ele>
        <time>2025-05-31T12:24:38.000Z</time>
        <extensions>
          <ns3:TrackPointExtension>
            <ns3:hr>143</ns3:hr>
          </ns3:TrackPointExtension>
        </extensions>
      </trkpt>
      <trkpt lat="51.9286704249680042266845703125" lon="4.46667957119643688201904296875">
        <ele>3.7999999523162841796875</ele>
        <time>2025-05-31T12:24:41.000Z</time>
        <extensions>
          <ns3:TrackPointExtension>
            <ns3:hr>142</ns3:hr>
          </ns3:TrackPointExtension>
        </extensions>
      </trkpt>
      <trkpt lat="51.92871359176933765411376953125" lon="4.46674293838441371917724609375">
        <ele>3.599999904632568359375</ele>
        <time>2025-05-31T12:24:55.000Z</time>
        <extensions>
          <ns3:TrackPointExtension>
            <ns3:hr>140</ns3:hr>
          </ns3:TrackPointExtension>
        </extensions>
      </trkpt>
      <trkpt lat="51.9287358038127422332763671875" lon="4.46677386760711669921875">
        <ele>3.599999904632568359375</ele>
        <time>2025-05-31T12:24:56.000Z</time>
        <extensions>
          <ns3:TrackPointExtension>
            <ns3:hr>140</ns3:hr>
          </ns3:TrackPointExtension>
        </extensions>
      </trkpt>
      <trkpt lat="51.92882842384278774261474609375" lon="4.46687989868223667144775390625">
        <ele>3.7999999523162841796875</ele>
        <time>2025-05-31T12:24:59.000Z</time>
        <extensions>
          <ns3:TrackPointExtension>
            <ns3:hr>137</ns3:hr>
          </ns3:TrackPointExtension>
        </extensions>
      </trkpt>
      <trkpt lat="51.9288642145693302154541015625" lon="4.466921389102935791015625">
        <ele>3.7999999523162841796875</ele>
        <time>2025-05-31T12:25:00.000Z</time>
        <extensions>
          <ns3:TrackPointExtension>
            <ns3:hr>136</ns3:hr>
          </ns3:TrackPointExtension>
        </extensions>
      </trkpt>
      <trkpt lat="51.9288980774581432342529296875" lon="4.46696899831295013427734375">
        <ele>3.7999999523162841796875</ele>
        <time>2025-05-31T12:25:01.000Z</time>
        <extensions>
          <ns3:TrackPointExtension>
            <ns3:hr>136</ns3:hr>
          </ns3:TrackPointExtension>
        </extensions>
      </trkpt>
      <trkpt lat="51.929075606167316436767578125" lon="4.46720595471560955047607421875">
        <ele>3.7999999523162841796875</ele>
        <time>2025-05-31T12:25:06.000Z</time>
        <extensions>
          <ns3:TrackPointExtension>
            <ns3:hr>141</ns3:hr>
          </ns3:TrackPointExtension>
        </extensions>
      </trkpt>
      <trkpt lat="51.92915280349552631378173828125" lon="4.46729798801243305206298828125">
        <ele>3.7999999523162841796875</ele>
        <time>2025-05-31T12:25:08.000Z</time>
        <extensions>
          <ns3:TrackPointExtension>
            <ns3:hr>145</ns3:hr>
          </ns3:TrackPointExtension>
        </extensions>
      </trkpt>
      <trkpt lat="51.9291914440691471099853515625" lon="4.46735062636435031890869140625">
        <ele>3.7999999523162841796875</ele>
        <time>2025-05-31T12:25:09.000Z</time>
        <extensions>
          <ns3:TrackPointExtension>
            <ns3:hr>147</ns3:hr>
          </ns3:TrackPointExtension>
        </extensions>
      </trkpt>
      <trkpt lat="51.92942488007247447967529296875" lon="4.467719681560993194580078125">
        <ele>3.7999999523162841796875</ele>
        <time>2025-05-31T12:25:16.000Z</time>
        <extensions>
          <ns3:TrackPointExtension>
            <ns3:hr>146</ns3:hr>
          </ns3:TrackPointExtension>
        </extensions>
      </trkpt>
      <trkpt lat="51.92945815622806549072265625" lon="4.46776201017200946807861328125">
        <ele>3.7999999523162841796875</ele>
        <time>2025-05-31T12:25:17.000Z</time>
        <extensions>
          <ns3:TrackPointExtension>
            <ns3:hr>146</ns3:hr>
          </ns3:TrackPointExtension>
        </extensions>
      </trkpt>
      <trkpt lat="51.92958245985209941864013671875" lon="4.4679418019950389862060546875">
        <ele>3.7999999523162841796875</ele>
        <time>2025-05-31T12:25:21.000Z</time>
        <extensions>
          <ns3:TrackPointExtension>
            <ns3:hr>145</ns3:hr>
          </ns3:TrackPointExtension>
        </extensions>
      </trkpt>
      <trkpt lat="51.92983123473823070526123046875" lon="4.4683156348764896392822265625">
        <ele>3.7999999523162841796875</ele>
        <time>2025-05-31T12:25:29.000Z</time>
        <extensions>
          <ns3:TrackPointExtension>
            <ns3:hr>148</ns3:hr>
          </ns3:TrackPointExtension>
        </extensions>
      </trkpt>
      <trkpt lat="51.9298663549125194549560546875" lon="4.46835972368717193603515625">
        <ele>3.7999999523162841796875</ele>
        <time>2025-05-31T12:25:30.000Z</time>
        <extensions>
          <ns3:TrackPointExtension>
            <ns3:hr>148</ns3:hr>
          </ns3:TrackPointExtension>
        </extensions>
      </trkpt>
      <trkpt lat="51.93010079674422740936279296875" lon="4.46864764206111431121826171875">
        <ele>3.7999999523162841796875</ele>
        <time>2025-05-31T12:25:37.000Z</time>
        <extensions>
          <ns3:TrackPointExtension>
            <ns3:hr>147</ns3:hr>
          </ns3:TrackPointExtension>
        </extensions>
      </trkpt>
      <trkpt lat="51.93033926188945770263671875" lon="4.46891435422003269195556640625">
        <ele>4.19999980926513671875</ele>
        <time>2025-05-31T12:25:45.000Z</time>
        <extensions>
          <ns3:TrackPointExtension>
            <ns3:hr>145</ns3:hr>
          </ns3:TrackPointExtension>
        </extensions>
      </trkpt>
      <trkpt lat="51.9304949976503849029541015625" lon="4.46911342442035675048828125">
        <ele>4.80000019073486328125</ele>
        <time>2025-05-31T12:25:51.000Z</time>
        <extensions>
          <ns3:TrackPointExtension>
            <ns3:hr>148</ns3:hr>
          </ns3:TrackPointExtension>
        </extensions>
      </trkpt>
      <trkpt lat="51.93054503761231899261474609375" lon="4.46918207220733165740966796875">
        <ele>5</ele>
        <time>2025-05-31T12:25:53.000Z</time>
        <extensions>
          <ns3:TrackPointExtension>
            <ns3:hr>150</ns3:hr>
          </ns3:TrackPointExtension>
        </extensions>
      </trkpt>
      <trkpt lat="51.93063028156757354736328125" lon="4.46928969584405422210693359375">
        <ele>5.400000095367431640625</ele>
        <time>2025-05-31T12:25:57.000Z</time>
        <extensions>
          <ns3:TrackPointExtension>
            <ns3:hr>151</ns3:hr>
          </ns3:TrackPointExtension>
        </extensions>
      </trkpt>
      <trkpt lat="51.93071753717958927154541015625" lon="4.46936982683837413787841796875">
        <ele>5.599999904632568359375</ele>
        <time>2025-05-31T12:26:01.000Z</time>
        <extensions>
          <ns3:TrackPointExtension>
            <ns3:hr>153</ns3:hr>
          </ns3:TrackPointExtension>
        </extensions>
      </trkpt>
      <trkpt lat="51.93076950497925281524658203125" lon="4.46952053345739841461181640625">
        <ele>5.80000019073486328125</ele>
        <time>2025-05-31T12:26:06.000Z</time>
        <extensions>
          <ns3:TrackPointExtension>
            <ns3:hr>152</ns3:hr>
          </ns3:TrackPointExtension>
        </extensions>
      </trkpt>
      <trkpt lat="51.930798590183258056640625" lon="4.46962597779929637908935546875">
        <ele>5.80000019073486328125</ele>
        <time>2025-05-31T12:26:11.000Z</time>
        <extensions>
          <ns3:TrackPointExtension>
            <ns3:hr>151</ns3:hr>
          </ns3:TrackPointExtension>
        </extensions>
      </trkpt>
      <trkpt lat="51.930798590183258056640625" lon="4.46962597779929637908935546875">
        <ele>5.80000019073486328125</ele>
        <time>2025-05-31T12:26:18.000Z</time>
        <extensions>
          <ns3:TrackPointExtension>
            <ns3:hr>149</ns3:hr>
          </ns3:TrackPointExtension>
        </extensions>
      </trkpt>
      <trkpt lat="51.930798590183258056640625" lon="4.46962597779929637908935546875">
        <ele>5.80000019073486328125</ele>
        <time>2025-05-31T12:26:24.000Z</time>
        <extensions>
          <ns3:TrackPointExtension>
            <ns3:hr>146</ns3:hr>
          </ns3:TrackPointExtension>
        </extensions>
      </trkpt>
      <trkpt lat="51.930798590183258056640625" lon="4.46962597779929637908935546875">
        <ele>5.80000019073486328125</ele>
        <time>2025-05-31T12:26:26.000Z</time>
        <extensions>
          <ns3:TrackPointExtension>
            <ns3:hr>143</ns3:hr>
          </ns3:TrackPointExtension>
        </extensions>
      </trkpt>
      <trkpt lat="51.9308081455528736114501953125" lon="4.46963972412049770355224609375">
        <ele>6</ele>
        <time>2025-05-31T12:26:33.000Z</time>
        <extensions>
          <ns3:TrackPointExtension>
            <ns3:hr>140</ns3:hr>
          </ns3:TrackPointExtension>
        </extensions>
      </trkpt>
      <trkpt lat="51.93082801066339015960693359375" lon="4.46967174299061298370361328125">
        <ele>6</ele>
        <time>2025-05-31T12:26:35.000Z</time>
        <extensions>
          <ns3:TrackPointExtension>
            <ns3:hr>139</ns3:hr>
          </ns3:TrackPointExtension>
        </extensions>
      </trkpt>
      <trkpt lat="51.93094636313617229461669921875" lon="4.469869472086429595947265625">
        <ele>6.19999980926513671875</ele>
        <time>2025-05-31T12:26:40.000Z</time>
        <extensions>
          <ns3:TrackPointExtension>
            <ns3:hr>138</ns3:hr>
          </ns3:TrackPointExtension>
        </extensions>
      </trkpt>
      <trkpt lat="51.9310534000396728515625" lon="4.470008946955204010009765625">
        <ele>5.80000019073486328125</ele>
        <time>2025-05-31T12:26:44.000Z</time>
        <extensions>
          <ns3:TrackPointExtension>
            <ns3:hr>141</ns3:hr>
          </ns3:TrackPointExtension>
        </extensions>
      </trkpt>
      <trkpt lat="51.9310931302607059478759765625" lon="4.47003669105470180511474609375">
        <ele>5.80000019073486328125</ele>
        <time>2025-05-31T12:26:45.000Z</time>
        <extensions>
          <ns3:TrackPointExtension>
            <ns3:hr>143</ns3:hr>
          </ns3:TrackPointExtension>
        </extensions>
      </trkpt>
      <trkpt lat="51.93116680718958377838134765625" lon="4.47007793001830577850341796875">
        <ele>5.80000019073486328125</ele>
        <time>2025-05-31T12:26:47.000Z</time>
        <extensions>
          <ns3:TrackPointExtension>
            <ns3:hr>146</ns3:hr>
          </ns3:TrackPointExtension>
        </extensions>
      </trkpt>
      <trkpt lat="51.931203268468379974365234375" lon="4.47010181844234466552734375">
        <ele>5.80000019073486328125</ele>
        <time>2025-05-31T12:26:48.000Z</time>
        <extensions>
          <ns3:TrackPointExtension>
            <ns3:hr>147</ns3:hr>
          </ns3:TrackPointExtension>
        </extensions>
      </trkpt>
      <trkpt lat="51.93132187239825725555419921875" lon="4.47020801715552806854248046875">
        <ele>5.599999904632568359375</ele>
        <time>2025-05-31T12:26:51.000Z</time>
        <extensions>
          <ns3:TrackPointExtension>
            <ns3:hr>148</ns3:hr>
          </ns3:TrackPointExtension>
        </extensions>
      </trkpt>
      <trkpt lat="51.93165957927703857421875" lon="4.470598697662353515625">
        <ele>5.19999980926513671875</ele>
        <time>2025-05-31T12:26:59.000Z</time>
        <extensions>
          <ns3:TrackPointExtension>
            <ns3:hr>147</ns3:hr>
          </ns3:TrackPointExtension>
        </extensions>
      </trkpt>
      <trkpt lat="51.93195931613445281982421875" lon="4.4710699282586574554443359375">
        <ele>4.80000019073486328125</ele>
        <time>2025-05-31T12:27:08.000Z</time>
        <extensions>
          <ns3:TrackPointExtension>
            <ns3:hr>147</ns3:hr>
          </ns3:TrackPointExtension>
        </extensions>
      </trkpt>
      <trkpt lat="51.93206652067601680755615234375" lon="4.47124309837818145751953125">
        <ele>4.599999904632568359375</ele>
        <time>2025-05-31T12:27:13.000Z</time>
        <extensions>
          <ns3:TrackPointExtension>
            <ns3:hr>146</ns3:hr>
          </ns3:TrackPointExtension>
        </extensions>
      </trkpt>
      <trkpt lat="51.9320865534245967864990234375" lon="4.4712633825838565826416015625">
        <ele>4.400000095367431640625</ele>
        <time>2025-05-31T12:27:17.000Z</time>
        <extensions>
          <ns3:TrackPointExtension>
            <ns3:hr>145</ns3:hr>
          </ns3:TrackPointExtension>
        </extensions>
      </trkpt>
      <trkpt lat="51.9320865534245967864990234375" lon="4.4712633825838565826416015625">
        <ele>4.19999980926513671875</ele>
        <time>2025-05-31T12:27:27.000Z</time>
        <extensions>
          <ns3:TrackPointExtension>
            <ns3:hr>142</ns3:hr>
          </ns3:TrackPointExtension>
        </extensions>
      </trkpt>
      <trkpt lat="51.93209476768970489501953125" lon="4.4712731055915355682373046875">
        <ele>4.400000095367431640625</ele>
        <time>2025-05-31T12:27:30.000Z</time>
        <extensions>
          <ns3:TrackPointExtension>
            <ns3:hr>140</ns3:hr>
          </ns3:TrackPointExtension>
        </extensions>
      </trkpt>
      <trkpt lat="51.93212066777050495147705078125" lon="4.47128442116081714630126953125">
        <ele>4</ele>
        <time>2025-05-31T12:27:34.000Z</time>
        <extensions>
          <ns3:TrackPointExtension>
            <ns3:hr>141</ns3:hr>
          </ns3:TrackPointExtension>
        </extensions>
      </trkpt>
      <trkpt lat="51.93214296363294124603271484375" lon="4.47125374339520931243896484375">
        <ele>3.7999999523162841796875</ele>
        <time>2025-05-31T12:27:37.000Z</time>
        <extensions>
          <ns3:TrackPointExtension>
            <ns3:hr>141</ns3:hr>
          </ns3:TrackPointExtension>
        </extensions>
      </trkpt>
      <trkpt lat="51.9321633316576480865478515625" lon="4.471170343458652496337890625">
        <ele>4.19999980926513671875</ele>
        <time>2025-05-31T12:27:44.000Z</time>
        <extensions>
          <ns3:TrackPointExtension>
            <ns3:hr>140</ns3:hr>
          </ns3:TrackPointExtension>
        </extensions>
      </trkpt>
      <trkpt lat="51.93217682652175426483154296875" lon="4.471136145293712615966796875">
        <ele>4.19999980926513671875</ele>
        <time>2025-05-31T12:27:46.000Z</time>
        <extensions>
          <ns3:TrackPointExtension>
            <ns3:hr>138</ns3:hr>
          </ns3:TrackPointExtension>
        </extensions>
      </trkpt>
      <trkpt lat="51.9322042353451251983642578125" lon="4.47106716223061084747314453125">
        <ele>4.599999904632568359375</ele>
        <time>2025-05-31T12:27:50.000Z</time>
        <extensions>
          <ns3:TrackPointExtension>
            <ns3:hr>137</ns3:hr>
          </ns3:TrackPointExtension>
        </extensions>
      </trkpt>
      <trkpt lat="51.932250671088695526123046875" lon="4.47096859104931354522705078125">
        <ele>4.400000095367431640625</ele>
        <time>2025-05-31T12:27:56.000Z</time>
        <extensions>
          <ns3:TrackPointExtension>
            <ns3:hr>137</ns3:hr>
          </ns3:TrackPointExtension>
        </extensions>
      </trkpt>
      <trkpt lat="51.93228545598685741424560546875" lon="4.470894075930118560791015625">
        <ele>4.400000095367431640625</ele>
        <time>2025-05-31T12:27:59.000Z</time>
        <extensions>
          <ns3:TrackPointExtension>
            <ns3:hr>140</ns3:hr>
          </ns3:TrackPointExtension>
        </extensions>
      </trkpt>
      <trkpt lat="51.93232988007366657257080078125" lon="4.47082358412444591522216796875">
        <ele>4.400000095367431640625</ele>
        <time>2025-05-31T12:28:02.000Z</time>
        <extensions>
          <ns3:TrackPointExtension>
            <ns3:hr>141</ns3:hr>
          </ns3:TrackPointExtension>
        </extensions>
      </trkpt>
      <trkpt lat="51.93239115178585052490234375" lon="4.47069458663463592529296875">
        <ele>4.19999980926513671875</ele>
        <time>2025-05-31T12:28:07.000Z</time>
        <extensions>
          <ns3:TrackPointExtension>
            <ns3:hr>144</ns3:hr>
          </ns3:TrackPointExtension>
        </extensions>
      </trkpt>
      <trkpt lat="51.93240313790738582611083984375" lon="4.470676481723785400390625">
        <ele>4.19999980926513671875</ele>
        <time>2025-05-31T12:28:08.000Z</time>
        <extensions>
          <ns3:TrackPointExtension>
            <ns3:hr>144</ns3:hr>
          </ns3:TrackPointExtension>
        </extensions>
      </trkpt>
      <trkpt lat="51.93249232135713100433349609375" lon="4.4705217517912387847900390625">
        <ele>4.19999980926513671875</ele>
        <time>2025-05-31T12:28:15.000Z</time>
        <extensions>
          <ns3:TrackPointExtension>
            <ns3:hr>143</ns3:hr>
          </ns3:TrackPointExtension>
        </extensions>
      </trkpt>
      <trkpt lat="51.93253842182457447052001953125" lon="4.470481686294078826904296875">
        <ele>4.19999980926513671875</ele>
        <time>2025-05-31T12:28:18.000Z</time>
        <extensions>
          <ns3:TrackPointExtension>
            <ns3:hr>146</ns3:hr>
          </ns3:TrackPointExtension>
        </extensions>
      </trkpt>
      <trkpt lat="51.93257882259786128997802734375" lon="4.470441453158855438232421875">
        <ele>4.19999980926513671875</ele>
        <time>2025-05-31T12:28:21.000Z</time>
        <extensions>
          <ns3:TrackPointExtension>
            <ns3:hr>146</ns3:hr>
          </ns3:TrackPointExtension>
        </extensions>
      </trkpt>
      <trkpt lat="51.9326283596456050872802734375" lon="4.47036559693515300750732421875">
        <ele>4</ele>
        <time>2025-05-31T12:28:25.000Z</time>
        <extensions>
          <ns3:TrackPointExtension>
            <ns3:hr>143</ns3:hr>
          </ns3:TrackPointExtension>
        </extensions>
      </trkpt>
      <trkpt lat="51.93263296969234943389892578125" lon="4.4703505933284759521484375">
        <ele>4</ele>
        <time>2025-05-31T12:28:28.000Z</time>
        <extensions>
          <ns3:TrackPointExtension>
            <ns3:hr>142</ns3:hr>
          </ns3:TrackPointExtension>
        </extensions>
      </trkpt>
      <trkpt lat="51.9326578639447689056396484375" lon="4.47029954753816127777099609375">
        <ele>3.599999904632568359375</ele>
        <time>2025-05-31T12:28:36.000Z</time>
        <extensions>
          <ns3:TrackPointExtension>
            <ns3:hr>142</ns3:hr>
          </ns3:TrackPointExtension>
        </extensions>
      </trkpt>
      <trkpt lat="51.932669766247272491455078125" lon="4.47028043679893016815185546875">
        <ele>3.599999904632568359375</ele>
        <time>2025-05-31T12:28:40.000Z</time>
        <extensions>
          <ns3:TrackPointExtension>
            <ns3:hr>139</ns3:hr>
          </ns3:TrackPointExtension>
        </extensions>
      </trkpt>
      <trkpt lat="51.93266733549535274505615234375" lon="4.47027373127639293670654296875">
        <ele>3.7999999523162841796875</ele>
        <time>2025-05-31T12:28:43.000Z</time>
        <extensions>
          <ns3:TrackPointExtension>
            <ns3:hr>138</ns3:hr>
          </ns3:TrackPointExtension>
        </extensions>
      </trkpt>
      <trkpt lat="51.93266733549535274505615234375" lon="4.47027373127639293670654296875">
        <ele>3.599999904632568359375</ele>
        <time>2025-05-31T12:28:51.000Z</time>
        <extensions>
          <ns3:TrackPointExtension>
            <ns3:hr>139</ns3:hr>
          </ns3:TrackPointExtension>
        </extensions>
      </trkpt>
      <trkpt lat="51.93266934715211391448974609375" lon="4.47028177790343761444091796875">
        <ele>3.7999999523162841796875</ele>
        <time>2025-05-31T12:28:59.000Z</time>
        <extensions>
          <ns3:TrackPointExtension>
            <ns3:hr>140</ns3:hr>
          </ns3:TrackPointExtension>
        </extensions>
      </trkpt>
      <trkpt lat="51.93266934715211391448974609375" lon="4.47028177790343761444091796875">
        <ele>3.400000095367431640625</ele>
        <time>2025-05-31T12:29:03.000Z</time>
        <extensions>
          <ns3:TrackPointExtension>
            <ns3:hr>137</ns3:hr>
          </ns3:TrackPointExtension>
        </extensions>
      </trkpt>
      <trkpt lat="51.93266934715211391448974609375" lon="4.47028177790343761444091796875">
        <ele>3.2000000476837158203125</ele>
        <time>2025-05-31T12:29:05.000Z</time>
        <extensions>
          <ns3:TrackPointExtension>
            <ns3:hr>137</ns3:hr>
          </ns3:TrackPointExtension>
        </extensions>
      </trkpt>
      <trkpt lat="51.93266934715211391448974609375" lon="4.47028177790343761444091796875">
        <ele>3.400000095367431640625</ele>
        <time>2025-05-31T12:29:10.000Z</time>
        <extensions>
          <ns3:TrackPointExtension>
            <ns3:hr>138</ns3:hr>
          </ns3:TrackPointExtension>
        </extensions>
      </trkpt>
      <trkpt lat="51.93266934715211391448974609375" lon="4.47028177790343761444091796875">
        <ele>3</ele>
        <time>2025-05-31T12:29:23.000Z</time>
        <extensions>
          <ns3:TrackPointExtension>
            <ns3:hr>138</ns3:hr>
          </ns3:TrackPointExtension>
        </extensions>
      </trkpt>
      <trkpt lat="51.93267404101788997650146484375" lon="4.4702924229204654693603515625">
        <ele>3.599999904632568359375</ele>
        <time>2025-05-31T12:29:31.000Z</time>
        <extensions>
          <ns3:TrackPointExtension>
            <ns3:hr>137</ns3:hr>
          </ns3:TrackPointExtension>
        </extensions>
      </trkpt>
      <trkpt lat="51.932671107351779937744140625" lon="4.470286555588245391845703125">
        <ele>3.599999904632568359375</ele>
        <time>2025-05-31T12:29:32.000Z</time>
        <extensions>
          <ns3:TrackPointExtension>
            <ns3:hr>137</ns3:hr>
          </ns3:TrackPointExtension>
        </extensions>
      </trkpt>
      <trkpt lat="51.9326022081077098846435546875" lon="4.47003417648375034332275390625">
        <ele>4.80000019073486328125</ele>
        <time>2025-05-31T13:01:10.000Z</time>
        <extensions>
          <ns3:TrackPointExtension>
            <ns3:hr>125</ns3:hr>
          </ns3:TrackPointExtension>
        </extensions>
      </trkpt>
      <trkpt lat="51.9326022081077098846435546875" lon="4.470034427940845489501953125">
        <ele>4.80000019073486328125</ele>
        <time>2025-05-31T13:01:14.000Z</time>
        <extensions>
          <ns3:TrackPointExtension>
            <ns3:hr>122</ns3:hr>
          </ns3:TrackPointExtension>
        </extensions>
      </trkpt>
      <trkpt lat="51.93261670880019664764404296875" lon="4.4700563885271549224853515625">
        <ele>4.80000019073486328125</ele>
        <time>2025-05-31T13:01:20.000Z</time>
        <extensions>
          <ns3:TrackPointExtension>
            <ns3:hr>122</ns3:hr>
          </ns3:TrackPointExtension>
        </extensions>
      </trkpt>
      <trkpt lat="51.93262307904660701751708984375" lon="4.47006820701062679290771484375">
        <ele>4.80000019073486328125</ele>
        <time>2025-05-31T13:01:29.000Z</time>
        <extensions>
          <ns3:TrackPointExtension>
            <ns3:hr>122</ns3:hr>
          </ns3:TrackPointExtension>
        </extensions>
      </trkpt>
      <trkpt lat="51.9326211512088775634765625" lon="4.47006887756288051605224609375">
        <ele>4.80000019073486328125</ele>
        <time>2025-05-31T13:01:43.000Z</time>
        <extensions>
          <ns3:TrackPointExtension>
            <ns3:hr>123</ns3:hr>
          </ns3:TrackPointExtension>
        </extensions>
      </trkpt>
      <trkpt lat="51.932637579739093780517578125" lon="4.4700426422059535980224609375">
        <ele>4.80000019073486328125</ele>
        <time>2025-05-31T13:01:50.000Z</time>
        <extensions>
          <ns3:TrackPointExtension>
            <ns3:hr>123</ns3:hr>
          </ns3:TrackPointExtension>
        </extensions>
      </trkpt>
      <trkpt lat="51.9326437823474407196044921875" lon="4.47001439519226551055908203125">
        <ele>4.80000019073486328125</ele>
        <time>2025-05-31T13:01:56.000Z</time>
        <extensions>
          <ns3:TrackPointExtension>
            <ns3:hr>121</ns3:hr>
          </ns3:TrackPointExtension>
        </extensions>
      </trkpt>
      <trkpt lat="51.9326518289744853973388671875" lon="4.469993524253368377685546875">
        <ele>4.80000019073486328125</ele>
        <time>2025-05-31T13:01:57.000Z</time>
        <extensions>
          <ns3:TrackPointExtension>
            <ns3:hr>120</ns3:hr>
          </ns3:TrackPointExtension>
        </extensions>
      </trkpt>
      <trkpt lat="51.93266632966697216033935546875" lon="4.4699718989431858062744140625">
        <ele>4.80000019073486328125</ele>
        <time>2025-05-31T13:01:58.000Z</time>
        <extensions>
          <ns3:TrackPointExtension>
            <ns3:hr>119</ns3:hr>
          </ns3:TrackPointExtension>
        </extensions>
      </trkpt>
      <trkpt lat="51.93275903351604938507080078125" lon="4.469898976385593414306640625">
        <ele>5.19999980926513671875</ele>
        <time>2025-05-31T13:02:02.000Z</time>
        <extensions>
          <ns3:TrackPointExtension>
            <ns3:hr>118</ns3:hr>
          </ns3:TrackPointExtension>
        </extensions>
      </trkpt>
      <trkpt lat="51.93284955807030200958251953125" lon="4.4698089547455310821533203125">
        <ele>5.19999980926513671875</ele>
        <time>2025-05-31T13:02:06.000Z</time>
        <extensions>
          <ns3:TrackPointExtension>
            <ns3:hr>117</ns3:hr>
          </ns3:TrackPointExtension>
        </extensions>
      </trkpt>
      <trkpt lat="51.93301610648632049560546875" lon="4.46965414099395275115966796875">
        <ele>5.19999980926513671875</ele>
        <time>2025-05-31T13:02:12.000Z</time>
        <extensions>
          <ns3:TrackPointExtension>
            <ns3:hr>117</ns3:hr>
          </ns3:TrackPointExtension>
        </extensions>
      </trkpt>
      <trkpt lat="51.93317435681819915771484375" lon="4.46948348544538021087646484375">
        <ele>5</ele>
        <time>2025-05-31T13:02:18.000Z</time>
        <extensions>
          <ns3:TrackPointExtension>
            <ns3:hr>118</ns3:hr>
          </ns3:TrackPointExtension>
        </extensions>
      </trkpt>
      <trkpt lat="51.9332264922559261322021484375" lon="4.46943554095923900604248046875">
        <ele>5</ele>
        <time>2025-05-31T13:02:20.000Z</time>
        <extensions>
          <ns3:TrackPointExtension>
            <ns3:hr>118</ns3:hr>
          </ns3:TrackPointExtension>
        </extensions>
      </trkpt>
      <trkpt lat="51.93328927271068096160888671875" lon="4.46944559924304485321044921875">
        <ele>5</ele>
        <time>2025-05-31T13:02:22.000Z</time>
        <extensions>
          <ns3:TrackPointExtension>
            <ns3:hr>120</ns3:hr>
          </ns3:TrackPointExtension>
        </extensions>
      </trkpt>
      <trkpt lat="51.933330930769443511962890625" lon="4.46939639747142791748046875">
        <ele>4.80000019073486328125</ele>
        <time>2025-05-31T13:02:24.000Z</time>
        <extensions>
          <ns3:TrackPointExtension>
            <ns3:hr>124</ns3:hr>
          </ns3:TrackPointExtension>
        </extensions>
      </trkpt>
      <trkpt lat="51.93336621858179569244384765625" lon="4.469339735805988311767578125">
        <ele>4.80000019073486328125</ele>
        <time>2025-05-31T13:02:27.000Z</time>
        <extensions>
          <ns3:TrackPointExtension>
            <ns3:hr>125</ns3:hr>
          </ns3:TrackPointExtension>
        </extensions>
      </trkpt>
      <trkpt lat="51.93336353637278079986572265625" lon="4.46931333281099796295166015625">
        <ele>5</ele>
        <time>2025-05-31T13:02:29.000Z</time>
        <extensions>
          <ns3:TrackPointExtension>
            <ns3:hr>129</ns3:hr>
          </ns3:TrackPointExtension>
        </extensions>
      </trkpt>
      <trkpt lat="51.93336077034473419189453125" lon="4.46930193342268466949462890625">
        <ele>5</ele>
        <time>2025-05-31T13:02:30.000Z</time>
        <extensions>
          <ns3:TrackPointExtension>
            <ns3:hr>132</ns3:hr>
          </ns3:TrackPointExtension>
        </extensions>
      </trkpt>
      <trkpt lat="51.933346353471279144287109375" lon="4.46926957927644252777099609375">
        <ele>5</ele>
        <time>2025-05-31T13:02:32.000Z</time>
        <extensions>
          <ns3:TrackPointExtension>
            <ns3:hr>134</ns3:hr>
          </ns3:TrackPointExtension>
        </extensions>
      </trkpt>
      <trkpt lat="51.93336102180182933807373046875" lon="4.469210989773273468017578125">
        <ele>5.19999980926513671875</ele>
        <time>2025-05-31T13:02:37.000Z</time>
        <extensions>
          <ns3:TrackPointExtension>
            <ns3:hr>136</ns3:hr>
          </ns3:TrackPointExtension>
        </extensions>
      </trkpt>
      <trkpt lat="51.93336303345859050750732421875" lon="4.46919280104339122772216796875">
        <ele>5.400000095367431640625</ele>
        <time>2025-05-31T13:02:46.000Z</time>
        <extensions>
          <ns3:TrackPointExtension>
            <ns3:hr>135</ns3:hr>
          </ns3:TrackPointExtension>
        </extensions>
      </trkpt>
      <trkpt lat="51.93334140814840793609619140625" lon="4.4691809825599193572998046875">
        <ele>5.19999980926513671875</ele>
        <time>2025-05-31T13:02:52.000Z</time>
        <extensions>
          <ns3:TrackPointExtension>
            <ns3:hr>135</ns3:hr>
          </ns3:TrackPointExtension>
        </extensions>
      </trkpt>
      <trkpt lat="51.933343000710010528564453125" lon="4.469136558473110198974609375">
        <ele>5.19999980926513671875</ele>
        <time>2025-05-31T13:02:57.000Z</time>
        <extensions>
          <ns3:TrackPointExtension>
            <ns3:hr>134</ns3:hr>
          </ns3:TrackPointExtension>
        </extensions>
      </trkpt>
      <trkpt lat="51.9333565793931484222412109375" lon="4.46908668614923954010009765625">
        <ele>5.400000095367431640625</ele>
        <time>2025-05-31T13:02:59.000Z</time>
        <extensions>
          <ns3:TrackPointExtension>
            <ns3:hr>133</ns3:hr>
          </ns3:TrackPointExtension>
        </extensions>
      </trkpt>
      <trkpt lat="51.93338365294039249420166015625" lon="4.46904343552887439727783203125">
        <ele>5.400000095367431640625</ele>
        <time>2025-05-31T13:03:01.000Z</time>
        <extensions>
          <ns3:TrackPointExtension>
            <ns3:hr>130</ns3:hr>
          </ns3:TrackPointExtension>
        </extensions>
      </trkpt>
      <trkpt lat="51.93347116000950336456298828125" lon="4.468986354768276214599609375">
        <ele>5.19999980926513671875</ele>
        <time>2025-05-31T13:03:04.000Z</time>
        <extensions>
          <ns3:TrackPointExtension>
            <ns3:hr>128</ns3:hr>
          </ns3:TrackPointExtension>
        </extensions>
      </trkpt>
      <trkpt lat="51.93362454883754253387451171875" lon="4.468929357826709747314453125">
        <ele>5.19999980926513671875</ele>
        <time>2025-05-31T13:03:08.000Z</time>
        <extensions>
          <ns3:TrackPointExtension>
            <ns3:hr>128</ns3:hr>
          </ns3:TrackPointExtension>
        </extensions>
      </trkpt>
      <trkpt lat="51.933666206896305084228515625" lon="4.46891854517161846160888671875">
        <ele>5.19999980926513671875</ele>
        <time>2025-05-31T13:03:09.000Z</time>
        <extensions>
          <ns3:TrackPointExtension>
            <ns3:hr>129</ns3:hr>
          </ns3:TrackPointExtension>
        </extensions>
      </trkpt>
      <trkpt lat="51.9338018260896205902099609375" lon="4.4688604585826396942138671875">
        <ele>5.19999980926513671875</ele>
        <time>2025-05-31T13:03:12.000Z</time>
        <extensions>
          <ns3:TrackPointExtension>
            <ns3:hr>132</ns3:hr>
          </ns3:TrackPointExtension>
        </extensions>
      </trkpt>
      <trkpt lat="51.9338470883667469024658203125" lon="4.468846879899501800537109375">
        <ele>5.19999980926513671875</ele>
        <time>2025-05-31T13:03:13.000Z</time>
        <extensions>
          <ns3:TrackPointExtension>
            <ns3:hr>133</ns3:hr>
          </ns3:TrackPointExtension>
        </extensions>
      </trkpt>
      <trkpt lat="51.933925040066242218017578125" lon="4.46881997399032115936279296875">
        <ele>5.19999980926513671875</ele>
        <time>2025-05-31T13:03:15.000Z</time>
        <extensions>
          <ns3:TrackPointExtension>
            <ns3:hr>134</ns3:hr>
          </ns3:TrackPointExtension>
        </extensions>
      </trkpt>
      <trkpt lat="51.93414774723351001739501953125" lon="4.46874738670885562896728515625">
        <ele>4.80000019073486328125</ele>
        <time>2025-05-31T13:03:21.000Z</time>
        <extensions>
          <ns3:TrackPointExtension>
            <ns3:hr>137</ns3:hr>
          </ns3:TrackPointExtension>
        </extensions>
      </trkpt>
      <trkpt lat="51.93418445996940135955810546875" lon="4.4687374122440814971923828125">
        <ele>4.80000019073486328125</ele>
        <time>2025-05-31T13:03:22.000Z</time>
        <extensions>
          <ns3:TrackPointExtension>
            <ns3:hr>137</ns3:hr>
          </ns3:TrackPointExtension>
        </extensions>
      </trkpt>
      <trkpt lat="51.93434002809226512908935546875" lon="4.4686747156083583831787109375">
        <ele>5.19999980926513671875</ele>
        <time>2025-05-31T13:03:27.000Z</time>
        <extensions>
          <ns3:TrackPointExtension>
            <ns3:hr>140</ns3:hr>
          </ns3:TrackPointExtension>
        </extensions>
      </trkpt>
      <trkpt lat="51.93440943025052547454833984375" lon="4.46862702257931232452392578125">
        <ele>5.400000095367431640625</ele>
        <time>2025-05-31T13:03:30.000Z</time>
        <extensions>
          <ns3:TrackPointExtension>
            <ns3:hr>143</ns3:hr>
          </ns3:TrackPointExtension>
        </extensions>
      </trkpt>
      <trkpt lat="51.9344700314104557037353515625" lon="4.468612857162952423095703125">
        <ele>5.400000095367431640625</ele>
        <time>2025-05-31T13:03:33.000Z</time>
        <extensions>
          <ns3:TrackPointExtension>
            <ns3:hr>143</ns3:hr>
          </ns3:TrackPointExtension>
        </extensions>
      </trkpt>
      <trkpt lat="51.9345417805016040802001953125" lon="4.468622244894504547119140625">
        <ele>5</ele>
        <time>2025-05-31T13:03:37.000Z</time>
        <extensions>
          <ns3:TrackPointExtension>
            <ns3:hr>140</ns3:hr>
          </ns3:TrackPointExtension>
        </extensions>
      </trkpt>
      <trkpt lat="51.9345501624047756195068359375" lon="4.46861411444842815399169921875">
        <ele>5</ele>
        <time>2025-05-31T13:03:38.000Z</time>
        <extensions>
          <ns3:TrackPointExtension>
            <ns3:hr>139</ns3:hr>
          </ns3:TrackPointExtension>
        </extensions>
      </trkpt>
      <trkpt lat="51.934562064707279205322265625" lon="4.4685892201960086822509765625">
        <ele>4.80000019073486328125</ele>
        <time>2025-05-31T13:03:43.000Z</time>
        <extensions>
          <ns3:TrackPointExtension>
            <ns3:hr>136</ns3:hr>
          </ns3:TrackPointExtension>
        </extensions>
      </trkpt>
      <trkpt lat="51.9345930777490139007568359375" lon="4.46853850968182086944580078125">
        <ele>4.80000019073486328125</ele>
        <time>2025-05-31T13:03:47.000Z</time>
        <extensions>
          <ns3:TrackPointExtension>
            <ns3:hr>133</ns3:hr>
          </ns3:TrackPointExtension>
        </extensions>
      </trkpt>
      <trkpt lat="51.93460891954600811004638671875" lon="4.468525014817714691162109375">
        <ele>4.80000019073486328125</ele>
        <time>2025-05-31T13:03:48.000Z</time>
        <extensions>
          <ns3:TrackPointExtension>
            <ns3:hr>133</ns3:hr>
          </ns3:TrackPointExtension>
        </extensions>
      </trkpt>
      <trkpt lat="51.93461478687822818756103515625" lon="4.4685147888958454132080078125">
        <ele>4.80000019073486328125</ele>
        <time>2025-05-31T13:03:49.000Z</time>
        <extensions>
          <ns3:TrackPointExtension>
            <ns3:hr>133</ns3:hr>
          </ns3:TrackPointExtension>
        </extensions>
      </trkpt>
      <trkpt lat="51.9346059858798980712890625" lon="4.46845854632556438446044921875">
        <ele>4.80000019073486328125</ele>
        <time>2025-05-31T13:03:52.000Z</time>
        <extensions>
          <ns3:TrackPointExtension>
            <ns3:hr>133</ns3:hr>
          </ns3:TrackPointExtension>
        </extensions>
      </trkpt>
      <trkpt lat="51.9346034713089466094970703125" lon="4.46824715472757816314697265625">
        <ele>5</ele>
        <time>2025-05-31T13:03:56.000Z</time>
        <extensions>
          <ns3:TrackPointExtension>
            <ns3:hr>132</ns3:hr>
          </ns3:TrackPointExtension>
        </extensions>
      </trkpt>
      <trkpt lat="51.93459098227322101593017578125" lon="4.46795345284044742584228515625">
        <ele>5</ele>
        <time>2025-05-31T13:04:00.000Z</time>
        <extensions>
          <ns3:TrackPointExtension>
            <ns3:hr>135</ns3:hr>
          </ns3:TrackPointExtension>
        </extensions>
      </trkpt>
      <trkpt lat="51.93458578549325466156005859375" lon="4.4677942804992198944091796875">
        <ele>5</ele>
        <time>2025-05-31T13:04:02.000Z</time>
        <extensions>
          <ns3:TrackPointExtension>
            <ns3:hr>137</ns3:hr>
          </ns3:TrackPointExtension>
        </extensions>
      </trkpt>
      <trkpt lat="51.93458930589258670806884765625" lon="4.467576183378696441650390625">
        <ele>5</ele>
        <time>2025-05-31T13:04:05.000Z</time>
        <extensions>
          <ns3:TrackPointExtension>
            <ns3:hr>140</ns3:hr>
          </ns3:TrackPointExtension>
        </extensions>
      </trkpt>
      <trkpt lat="51.9345709495246410369873046875" lon="4.46736018173396587371826171875">
        <ele>5.19999980926513671875</ele>
        <time>2025-05-31T13:04:08.000Z</time>
        <extensions>
          <ns3:TrackPointExtension>
            <ns3:hr>141</ns3:hr>
          </ns3:TrackPointExtension>
        </extensions>
      </trkpt>
      <trkpt lat="51.934554688632488250732421875" lon="4.4672930426895618438720703125">
        <ele>5</ele>
        <time>2025-05-31T13:04:09.000Z</time>
        <extensions>
          <ns3:TrackPointExtension>
            <ns3:hr>141</ns3:hr>
          </ns3:TrackPointExtension>
        </extensions>
      </trkpt>
      <trkpt lat="51.93449676968157291412353515625" lon="4.467048458755016326904296875">
        <ele>5</ele>
        <time>2025-05-31T13:04:13.000Z</time>
        <extensions>
          <ns3:TrackPointExtension>
            <ns3:hr>143</ns3:hr>
          </ns3:TrackPointExtension>
        </extensions>
      </trkpt>
      <trkpt lat="51.934478916227817535400390625" lon="4.46698844432830810546875">
        <ele>5</ele>
        <time>2025-05-31T13:04:14.000Z</time>
        <extensions>
          <ns3:TrackPointExtension>
            <ns3:hr>144</ns3:hr>
          </ns3:TrackPointExtension>
        </extensions>
      </trkpt>
      <trkpt lat="51.9344316422939300537109375" lon="4.46687369607388973236083984375">
        <ele>5.19999980926513671875</ele>
        <time>2025-05-31T13:04:16.000Z</time>
        <extensions>
          <ns3:TrackPointExtension>
            <ns3:hr>144</ns3:hr>
          </ns3:TrackPointExtension>
        </extensions>
      </trkpt>
      <trkpt lat="51.934393756091594696044921875" lon="4.4667485542595386505126953125">
        <ele>5.19999980926513671875</ele>
        <time>2025-05-31T13:04:18.000Z</time>
        <extensions>
          <ns3:TrackPointExtension>
            <ns3:hr>144</ns3:hr>
          </ns3:TrackPointExtension>
        </extensions>
      </trkpt>
      <trkpt lat="51.9342795945703983306884765625" lon="4.46636357344686985015869140625">
        <ele>5.80000019073486328125</ele>
        <time>2025-05-31T13:04:24.000Z</time>
        <extensions>
          <ns3:TrackPointExtension>
            <ns3:hr>144</ns3:hr>
          </ns3:TrackPointExtension>
        </extensions>
      </trkpt>
      <trkpt lat="51.934264004230499267578125" lon="4.466305486857891082763671875">
        <ele>5.80000019073486328125</ele>
        <time>2025-05-31T13:04:25.000Z</time>
        <extensions>
          <ns3:TrackPointExtension>
            <ns3:hr>144</ns3:hr>
          </ns3:TrackPointExtension>
        </extensions>
      </trkpt>
      <trkpt lat="51.9342323206365108489990234375" lon="4.46620029397308826446533203125">
        <ele>6</ele>
        <time>2025-05-31T13:04:27.000Z</time>
        <extensions>
          <ns3:TrackPointExtension>
            <ns3:hr>144</ns3:hr>
          </ns3:TrackPointExtension>
        </extensions>
      </trkpt>
      <trkpt lat="51.9341285526752471923828125" lon="4.465907849371433258056640625">
        <ele>6.19999980926513671875</ele>
        <time>2025-05-31T13:04:32.000Z</time>
        <extensions>
          <ns3:TrackPointExtension>
            <ns3:hr>146</ns3:hr>
          </ns3:TrackPointExtension>
        </extensions>
      </trkpt>
      <trkpt lat="51.9340549595654010772705078125" lon="4.4656679593026638031005859375">
        <ele>6.400000095367431640625</ele>
        <time>2025-05-31T13:04:36.000Z</time>
        <extensions>
          <ns3:TrackPointExtension>
            <ns3:hr>147</ns3:hr>
          </ns3:TrackPointExtension>
        </extensions>
      </trkpt>
      <trkpt lat="51.934033334255218505859375" lon="4.4655574858188629150390625">
        <ele>6.400000095367431640625</ele>
        <time>2025-05-31T13:04:38.000Z</time>
        <extensions>
          <ns3:TrackPointExtension>
            <ns3:hr>146</ns3:hr>
          </ns3:TrackPointExtension>
        </extensions>
      </trkpt>
      <trkpt lat="51.93399737589061260223388671875" lon="4.46540795266628265380859375">
        <ele>6.400000095367431640625</ele>
        <time>2025-05-31T13:04:42.000Z</time>
        <extensions>
          <ns3:TrackPointExtension>
            <ns3:hr>148</ns3:hr>
          </ns3:TrackPointExtension>
        </extensions>
      </trkpt>
      <trkpt lat="51.93400408141314983367919921875" lon="4.46536612696945667266845703125">
        <ele>6.400000095367431640625</ele>
        <time>2025-05-31T13:04:43.000Z</time>
        <extensions>
          <ns3:TrackPointExtension>
            <ns3:hr>148</ns3:hr>
          </ns3:TrackPointExtension>
        </extensions>
      </trkpt>
      <trkpt lat="51.93404674530029296875" lon="4.46529773063957691192626953125">
        <ele>6.599999904632568359375</ele>
        <time>2025-05-31T13:04:45.000Z</time>
        <extensions>
          <ns3:TrackPointExtension>
            <ns3:hr>148</ns3:hr>
          </ns3:TrackPointExtension>
        </extensions>
      </trkpt>
      <trkpt lat="51.93414020352065563201904296875" lon="4.46520905010402202606201171875">
        <ele>6.599999904632568359375</ele>
        <time>2025-05-31T13:04:48.000Z</time>
        <extensions>
          <ns3:TrackPointExtension>
            <ns3:hr>145</ns3:hr>
          </ns3:TrackPointExtension>
        </extensions>
      </trkpt>
      <trkpt lat="51.93420859985053539276123046875" lon="4.46514836512506008148193359375">
        <ele>6.599999904632568359375</ele>
        <time>2025-05-31T13:04:50.000Z</time>
        <extensions>
          <ns3:TrackPointExtension>
            <ns3:hr>143</ns3:hr>
          </ns3:TrackPointExtension>
        </extensions>
      </trkpt>
      <trkpt lat="51.93449526093900203704833984375" lon="4.464877210557460784912109375">
        <ele>6.80000019073486328125</ele>
        <time>2025-05-31T13:04:58.000Z</time>
        <extensions>
          <ns3:TrackPointExtension>
            <ns3:hr>143</ns3:hr>
          </ns3:TrackPointExtension>
        </extensions>
      </trkpt>
      <trkpt lat="51.93460824899375438690185546875" lon="4.464775621891021728515625">
        <ele>6.80000019073486328125</ele>
        <time>2025-05-31T13:05:01.000Z</time>
        <extensions>
          <ns3:TrackPointExtension>
            <ns3:hr>146</ns3:hr>
          </ns3:TrackPointExtension>
        </extensions>
      </trkpt>
      <trkpt lat="51.9347285293042659759521484375" lon="4.46468316949903964996337890625">
        <ele>6.80000019073486328125</ele>
        <time>2025-05-31T13:05:04.000Z</time>
        <extensions>
          <ns3:TrackPointExtension>
            <ns3:hr>146</ns3:hr>
          </ns3:TrackPointExtension>
        </extensions>
      </trkpt>
      <trkpt lat="51.934929527342319488525390625" lon="4.4645830057561397552490234375">
        <ele>6.599999904632568359375</ele>
        <time>2025-05-31T13:05:09.000Z</time>
        <extensions>
          <ns3:TrackPointExtension>
            <ns3:hr>146</ns3:hr>
          </ns3:TrackPointExtension>
        </extensions>
      </trkpt>
      <trkpt lat="51.93516162224113941192626953125" lon="4.4642728753387928009033203125">
        <ele>6.80000019073486328125</ele>
        <time>2025-05-31T13:05:16.000Z</time>
        <extensions>
          <ns3:TrackPointExtension>
            <ns3:hr>148</ns3:hr>
          </ns3:TrackPointExtension>
        </extensions>
      </trkpt>
      <trkpt lat="51.93519934080541133880615234375" lon="4.4642366655170917510986328125">
        <ele>6.80000019073486328125</ele>
        <time>2025-05-31T13:05:17.000Z</time>
        <extensions>
          <ns3:TrackPointExtension>
            <ns3:hr>148</ns3:hr>
          </ns3:TrackPointExtension>
        </extensions>
      </trkpt>
      <trkpt lat="51.93527628667652606964111328125" lon="4.464161060750484466552734375">
        <ele>6.80000019073486328125</ele>
        <time>2025-05-31T13:05:19.000Z</time>
        <extensions>
          <ns3:TrackPointExtension>
            <ns3:hr>147</ns3:hr>
          </ns3:TrackPointExtension>
        </extensions>
      </trkpt>
      <trkpt lat="51.9353940524160861968994140625" lon="4.46405553258955478668212890625">
        <ele>6.80000019073486328125</ele>
        <time>2025-05-31T13:05:22.000Z</time>
        <extensions>
          <ns3:TrackPointExtension>
            <ns3:hr>146</ns3:hr>
          </ns3:TrackPointExtension>
        </extensions>
      </trkpt>
      <trkpt lat="51.9354349561035633087158203125" lon="4.4640220887959003448486328125">
        <ele>6.80000019073486328125</ele>
        <time>2025-05-31T13:05:23.000Z</time>
        <extensions>
          <ns3:TrackPointExtension>
            <ns3:hr>146</ns3:hr>
          </ns3:TrackPointExtension>
        </extensions>
      </trkpt>
      <trkpt lat="51.9356555677950382232666015625" lon="4.463842548429965972900390625">
        <ele>6.599999904632568359375</ele>
        <time>2025-05-31T13:05:29.000Z</time>
        <extensions>
          <ns3:TrackPointExtension>
            <ns3:hr>145</ns3:hr>
          </ns3:TrackPointExtension>
        </extensions>
      </trkpt>
      <trkpt lat="51.9359050132334232330322265625" lon="4.46361045353114604949951171875">
        <ele>6.599999904632568359375</ele>
        <time>2025-05-31T13:05:36.000Z</time>
        <extensions>
          <ns3:TrackPointExtension>
            <ns3:hr>144</ns3:hr>
          </ns3:TrackPointExtension>
        </extensions>
      </trkpt>
      <trkpt lat="51.936124451458454132080078125" lon="4.46342714130878448486328125">
        <ele>6.599999904632568359375</ele>
        <time>2025-05-31T13:05:42.000Z</time>
        <extensions>
          <ns3:TrackPointExtension>
            <ns3:hr>140</ns3:hr>
          </ns3:TrackPointExtension>
        </extensions>
      </trkpt>
      <trkpt lat="51.936158649623394012451171875" lon="4.463396631181240081787109375">
        <ele>6.599999904632568359375</ele>
        <time>2025-05-31T13:05:43.000Z</time>
        <extensions>
          <ns3:TrackPointExtension>
            <ns3:hr>137</ns3:hr>
          </ns3:TrackPointExtension>
        </extensions>
      </trkpt>
      <trkpt lat="51.93628965876996517181396484375" lon="4.4632569886744022369384765625">
        <ele>6.599999904632568359375</ele>
        <time>2025-05-31T13:05:47.000Z</time>
        <extensions>
          <ns3:TrackPointExtension>
            <ns3:hr>134</ns3:hr>
          </ns3:TrackPointExtension>
        </extensions>
      </trkpt>
      <trkpt lat="51.93638638593256473541259765625" lon="4.46317777968943119049072265625">
        <ele>6.599999904632568359375</ele>
        <time>2025-05-31T13:05:50.000Z</time>
        <extensions>
          <ns3:TrackPointExtension>
            <ns3:hr>134</ns3:hr>
          </ns3:TrackPointExtension>
        </extensions>
      </trkpt>
      <trkpt lat="51.9366556964814662933349609375" lon="4.46303143166005611419677734375">
        <ele>6.80000019073486328125</ele>
        <time>2025-05-31T13:05:58.000Z</time>
        <extensions>
          <ns3:TrackPointExtension>
            <ns3:hr>133</ns3:hr>
          </ns3:TrackPointExtension>
        </extensions>
      </trkpt>
      <trkpt lat="51.9367995299398899078369140625" lon="4.46288860403001308441162109375">
        <ele>6.400000095367431640625</ele>
        <time>2025-05-31T13:06:03.000Z</time>
        <extensions>
          <ns3:TrackPointExtension>
            <ns3:hr>136</ns3:hr>
          </ns3:TrackPointExtension>
        </extensions>
      </trkpt>
      <trkpt lat="51.93682660348713397979736328125" lon="4.46286027319729328155517578125">
        <ele>6.599999904632568359375</ele>
        <time>2025-05-31T13:06:04.000Z</time>
        <extensions>
          <ns3:TrackPointExtension>
            <ns3:hr>136</ns3:hr>
          </ns3:TrackPointExtension>
        </extensions>
      </trkpt>
      <trkpt lat="51.9368776492774486541748046875" lon="4.462808556854724884033203125">
        <ele>7</ele>
        <time>2025-05-31T13:06:06.000Z</time>
        <extensions>
          <ns3:TrackPointExtension>
            <ns3:hr>135</ns3:hr>
          </ns3:TrackPointExtension>
        </extensions>
      </trkpt>
      <trkpt lat="51.93702307529747486114501953125" lon="4.46269850246608257293701171875">
        <ele>7.400000095367431640625</ele>
        <time>2025-05-31T13:06:11.000Z</time>
        <extensions>
          <ns3:TrackPointExtension>
            <ns3:hr>137</ns3:hr>
          </ns3:TrackPointExtension>
        </extensions>
      </trkpt>
      <trkpt lat="51.9371089898049831390380859375" lon="4.46263513527810573577880859375">
        <ele>7.80000019073486328125</ele>
        <time>2025-05-31T13:06:16.000Z</time>
        <extensions>
          <ns3:TrackPointExtension>
            <ns3:hr>139</ns3:hr>
          </ns3:TrackPointExtension>
        </extensions>
      </trkpt>
      <trkpt lat="51.93711452186107635498046875" lon="4.462635219097137451171875">
        <ele>7.80000019073486328125</ele>
        <time>2025-05-31T13:06:17.000Z</time>
        <extensions>
          <ns3:TrackPointExtension>
            <ns3:hr>142</ns3:hr>
          </ns3:TrackPointExtension>
        </extensions>
      </trkpt>
      <trkpt lat="51.93711779080331325531005859375" lon="4.46263597346842288970947265625">
        <ele>8</ele>
        <time>2025-05-31T13:06:19.000Z</time>
        <extensions>
          <ns3:TrackPointExtension>
            <ns3:hr>144</ns3:hr>
          </ns3:TrackPointExtension>
        </extensions>
      </trkpt>
      <trkpt lat="51.93711929954588413238525390625" lon="4.46263412944972515106201171875">
        <ele>8</ele>
        <time>2025-05-31T13:06:21.000Z</time>
        <extensions>
          <ns3:TrackPointExtension>
            <ns3:hr>145</ns3:hr>
          </ns3:TrackPointExtension>
        </extensions>
      </trkpt>
      <trkpt lat="51.93712525069713592529296875" lon="4.46264267899096012115478515625">
        <ele>8</ele>
        <time>2025-05-31T13:06:29.000Z</time>
        <extensions>
          <ns3:TrackPointExtension>
            <ns3:hr>145</ns3:hr>
          </ns3:TrackPointExtension>
        </extensions>
      </trkpt>
      <trkpt lat="51.93712885491549968719482421875" lon="4.46264184080064296722412109375">
        <ele>8</ele>
        <time>2025-05-31T13:06:31.000Z</time>
        <extensions>
          <ns3:TrackPointExtension>
            <ns3:hr>142</ns3:hr>
          </ns3:TrackPointExtension>
        </extensions>
      </trkpt>
      <trkpt lat="51.93712927401065826416015625" lon="4.46264167316257953643798828125">
        <ele>7.80000019073486328125</ele>
        <time>2025-05-31T13:06:37.000Z</time>
        <extensions>
          <ns3:TrackPointExtension>
            <ns3:hr>140</ns3:hr>
          </ns3:TrackPointExtension>
        </extensions>
      </trkpt>
      <trkpt lat="51.93712927401065826416015625" lon="4.46264167316257953643798828125">
        <ele>7.80000019073486328125</ele>
        <time>2025-05-31T13:06:41.000Z</time>
        <extensions>
          <ns3:TrackPointExtension>
            <ns3:hr>137</ns3:hr>
          </ns3:TrackPointExtension>
        </extensions>
      </trkpt>
      <trkpt lat="51.9371291063725948333740234375" lon="4.462641589343547821044921875">
        <ele>7.80000019073486328125</ele>
        <time>2025-05-31T13:06:49.000Z</time>
        <extensions>
          <ns3:TrackPointExtension>
            <ns3:hr>134</ns3:hr>
          </ns3:TrackPointExtension>
        </extensions>
      </trkpt>
      <trkpt lat="51.9371291063725948333740234375" lon="4.462641589343547821044921875">
        <ele>7.80000019073486328125</ele>
        <time>2025-05-31T13:06:52.000Z</time>
        <extensions>
          <ns3:TrackPointExtension>
            <ns3:hr>131</ns3:hr>
          </ns3:TrackPointExtension>
        </extensions>
      </trkpt>
      <trkpt lat="51.9371394999325275421142578125" lon="4.4626384042203426361083984375">
        <ele>8</ele>
        <time>2025-05-31T13:06:58.000Z</time>
        <extensions>
          <ns3:TrackPointExtension>
            <ns3:hr>129</ns3:hr>
          </ns3:TrackPointExtension>
        </extensions>
      </trkpt>
      <trkpt lat="51.9371743686497211456298828125" lon="4.46262155659496784210205078125">
        <ele>8</ele>
        <time>2025-05-31T13:07:01.000Z</time>
        <extensions>
          <ns3:TrackPointExtension>
            <ns3:hr>128</ns3:hr>
          </ns3:TrackPointExtension>
        </extensions>
      </trkpt>
      <trkpt lat="51.9372989237308502197265625" lon="4.46253639645874500274658203125">
        <ele>8.3999996185302734375</ele>
        <time>2025-05-31T13:07:07.000Z</time>
        <extensions>
          <ns3:TrackPointExtension>
            <ns3:hr>128</ns3:hr>
          </ns3:TrackPointExtension>
        </extensions>
      </trkpt>
      <trkpt lat="51.93735717795789241790771484375" lon="4.4624727778136730194091796875">
        <ele>8.3999996185302734375</ele>
        <time>2025-05-31T13:07:12.000Z</time>
        <extensions>
          <ns3:TrackPointExtension>
            <ns3:hr>129</ns3:hr>
          </ns3:TrackPointExtension>
        </extensions>
      </trkpt>
      <trkpt lat="51.93735768087208271026611328125" lon="4.46247361600399017333984375">
        <ele>8.3999996185302734375</ele>
        <time>2025-05-31T13:07:20.000Z</time>
        <extensions>
          <ns3:TrackPointExtension>
            <ns3:hr>130</ns3:hr>
          </ns3:TrackPointExtension>
        </extensions>
      </trkpt>
      <trkpt lat="51.9373587705194950103759765625" lon="4.4624747894704341888427734375">
        <ele>8.19999980926513671875</ele>
        <time>2025-05-31T13:07:25.000Z</time>
        <extensions>
          <ns3:TrackPointExtension>
            <ns3:hr>133</ns3:hr>
          </ns3:TrackPointExtension>
        </extensions>
      </trkpt>
      <trkpt lat="51.9373601116240024566650390625" lon="4.462477974593639373779296875">
        <ele>8.19999980926513671875</ele>
        <time>2025-05-31T13:07:27.000Z</time>
        <extensions>
          <ns3:TrackPointExtension>
            <ns3:hr>137</ns3:hr>
          </ns3:TrackPointExtension>
        </extensions>
      </trkpt>
      <trkpt lat="51.9373644702136516571044921875" lon="4.462477304041385650634765625">
        <ele>8.19999980926513671875</ele>
        <time>2025-05-31T13:07:29.000Z</time>
        <extensions>
          <ns3:TrackPointExtension>
            <ns3:hr>140</ns3:hr>
          </ns3:TrackPointExtension>
        </extensions>
      </trkpt>
      <trkpt lat="51.93736606277525424957275390625" lon="4.46247638203203678131103515625">
        <ele>8.19999980926513671875</ele>
        <time>2025-05-31T13:07:31.000Z</time>
        <extensions>
          <ns3:TrackPointExtension>
            <ns3:hr>143</ns3:hr>
          </ns3:TrackPointExtension>
        </extensions>
      </trkpt>
      <trkpt lat="51.93736623041331768035888671875" lon="4.46247738786041736602783203125">
        <ele>8.19999980926513671875</ele>
        <time>2025-05-31T13:07:39.000Z</time>
        <extensions>
          <ns3:TrackPointExtension>
            <ns3:hr>140</ns3:hr>
          </ns3:TrackPointExtension>
        </extensions>
      </trkpt>
      <trkpt lat="51.93736623041331768035888671875" lon="4.46247738786041736602783203125">
        <ele>8.19999980926513671875</ele>
        <time>2025-05-31T13:07:43.000Z</time>
        <extensions>
          <ns3:TrackPointExtension>
            <ns3:hr>137</ns3:hr>
          </ns3:TrackPointExtension>
        </extensions>
      </trkpt>
      <trkpt lat="51.937366314232349395751953125" lon="4.46247906424105167388916015625">
        <ele>8.19999980926513671875</ele>
        <time>2025-05-31T13:07:48.000Z</time>
        <extensions>
          <ns3:TrackPointExtension>
            <ns3:hr>137</ns3:hr>
          </ns3:TrackPointExtension>
        </extensions>
      </trkpt>
      <trkpt lat="51.93736732006072998046875" lon="4.46249700151383876800537109375">
        <ele>8.19999980926513671875</ele>
        <time>2025-05-31T13:07:59.000Z</time>
        <extensions>
          <ns3:TrackPointExtension>
            <ns3:hr>134</ns3:hr>
          </ns3:TrackPointExtension>
        </extensions>
      </trkpt>
      <trkpt lat="51.93737008608877658843994140625" lon="4.46249783970415592193603515625">
        <ele>8.19999980926513671875</ele>
        <time>2025-05-31T13:08:06.000Z</time>
        <extensions>
          <ns3:TrackPointExtension>
            <ns3:hr>131</ns3:hr>
          </ns3:TrackPointExtension>
        </extensions>
      </trkpt>
      <trkpt lat="51.93736924789845943450927734375" lon="4.46249297820031642913818359375">
        <ele>8.19999980926513671875</ele>
        <time>2025-05-31T13:08:11.000Z</time>
        <extensions>
          <ns3:TrackPointExtension>
            <ns3:hr>131</ns3:hr>
          </ns3:TrackPointExtension>
        </extensions>
      </trkpt>
      <trkpt lat="51.937332451343536376953125" lon="4.46239038370549678802490234375">
        <ele>8.19999980926513671875</ele>
        <time>2025-05-31T13:08:14.000Z</time>
        <extensions>
          <ns3:TrackPointExtension>
            <ns3:hr>132</ns3:hr>
          </ns3:TrackPointExtension>
        </extensions>
      </trkpt>
      <trkpt lat="51.9372571818530559539794921875" lon="4.46213691495358943939208984375">
        <ele>8</ele>
        <time>2025-05-31T13:08:19.000Z</time>
        <extensions>
          <ns3:TrackPointExtension>
            <ns3:hr>133</ns3:hr>
          </ns3:TrackPointExtension>
        </extensions>
      </trkpt>
      <trkpt lat="51.9372625462710857391357421875" lon="4.462064243853092193603515625">
        <ele>7.80000019073486328125</ele>
        <time>2025-05-31T13:08:21.000Z</time>
        <extensions>
          <ns3:TrackPointExtension>
            <ns3:hr>134</ns3:hr>
          </ns3:TrackPointExtension>
        </extensions>
      </trkpt>
      <trkpt lat="51.93728425540030002593994140625" lon="4.46204605512320995330810546875">
        <ele>7.80000019073486328125</ele>
        <time>2025-05-31T13:08:22.000Z</time>
        <extensions>
          <ns3:TrackPointExtension>
            <ns3:hr>135</ns3:hr>
          </ns3:TrackPointExtension>
        </extensions>
      </trkpt>
      <trkpt lat="51.93733739666640758514404296875" lon="4.4620062410831451416015625">
        <ele>7.80000019073486328125</ele>
        <time>2025-05-31T13:08:24.000Z</time>
        <extensions>
          <ns3:TrackPointExtension>
            <ns3:hr>138</ns3:hr>
          </ns3:TrackPointExtension>
        </extensions>
      </trkpt>
      <trkpt lat="51.93740746937692165374755859375" lon="4.4619504176080226898193359375">
        <ele>7.80000019073486328125</ele>
        <time>2025-05-31T13:08:26.000Z</time>
        <extensions>
          <ns3:TrackPointExtension>
            <ns3:hr>141</ns3:hr>
          </ns3:TrackPointExtension>
        </extensions>
      </trkpt>
      <trkpt lat="51.93746999837458133697509765625" lon="4.46188889443874359130859375">
        <ele>8</ele>
        <time>2025-05-31T13:08:28.000Z</time>
        <extensions>
          <ns3:TrackPointExtension>
            <ns3:hr>144</ns3:hr>
          </ns3:TrackPointExtension>
        </extensions>
      </trkpt>
      <trkpt lat="51.93765574134886264801025390625" lon="4.46168236434459686279296875">
        <ele>8.3999996185302734375</ele>
        <time>2025-05-31T13:08:34.000Z</time>
        <extensions>
          <ns3:TrackPointExtension>
            <ns3:hr>146</ns3:hr>
          </ns3:TrackPointExtension>
        </extensions>
      </trkpt>
      <trkpt lat="51.93784634582698345184326171875" lon="4.46130056865513324737548828125">
        <ele>8.80000019073486328125</ele>
        <time>2025-05-31T13:08:42.000Z</time>
        <extensions>
          <ns3:TrackPointExtension>
            <ns3:hr>146</ns3:hr>
          </ns3:TrackPointExtension>
        </extensions>
      </trkpt>
      <trkpt lat="51.937849782407283782958984375" lon="4.46110166609287261962890625">
        <ele>9</ele>
        <time>2025-05-31T13:08:46.000Z</time>
        <extensions>
          <ns3:TrackPointExtension>
            <ns3:hr>149</ns3:hr>
          </ns3:TrackPointExtension>
        </extensions>
      </trkpt>
      <trkpt lat="51.937845759093761444091796875" lon="4.460959844291210174560546875">
        <ele>9</ele>
        <time>2025-05-31T13:08:51.000Z</time>
        <extensions>
          <ns3:TrackPointExtension>
            <ns3:hr>152</ns3:hr>
          </ns3:TrackPointExtension>
        </extensions>
      </trkpt>
      <trkpt lat="51.93784751929342746734619140625" lon="4.46095020510256290435791015625">
        <ele>9</ele>
        <time>2025-05-31T13:08:52.000Z</time>
        <extensions>
          <ns3:TrackPointExtension>
            <ns3:hr>153</ns3:hr>
          </ns3:TrackPointExtension>
        </extensions>
      </trkpt>
      <trkpt lat="51.93784366361796855926513671875" lon="4.46094400249421596527099609375">
        <ele>9</ele>
        <time>2025-05-31T13:09:00.000Z</time>
        <extensions>
          <ns3:TrackPointExtension>
            <ns3:hr>155</ns3:hr>
          </ns3:TrackPointExtension>
        </extensions>
      </trkpt>
      <trkpt lat="51.93784316070377826690673828125" lon="4.46094341576099395751953125">
        <ele>8.80000019073486328125</ele>
        <time>2025-05-31T13:09:07.000Z</time>
        <extensions>
          <ns3:TrackPointExtension>
            <ns3:hr>152</ns3:hr>
          </ns3:TrackPointExtension>
        </extensions>
      </trkpt>
      <trkpt lat="51.93784316070377826690673828125" lon="4.46094341576099395751953125">
        <ele>9</ele>
        <time>2025-05-31T13:09:11.000Z</time>
        <extensions>
          <ns3:TrackPointExtension>
            <ns3:hr>149</ns3:hr>
          </ns3:TrackPointExtension>
        </extensions>
      </trkpt>
      <trkpt lat="51.9378412328660488128662109375" lon="4.46091659367084503173828125">
        <ele>8.80000019073486328125</ele>
        <time>2025-05-31T13:09:17.000Z</time>
        <extensions>
          <ns3:TrackPointExtension>
            <ns3:hr>146</ns3:hr>
          </ns3:TrackPointExtension>
        </extensions>
      </trkpt>
      <trkpt lat="51.93784215487539768218994140625" lon="4.46088868193328380584716796875">
        <ele>8.80000019073486328125</ele>
        <time>2025-05-31T13:09:18.000Z</time>
        <extensions>
          <ns3:TrackPointExtension>
            <ns3:hr>144</ns3:hr>
          </ns3:TrackPointExtension>
        </extensions>
      </trkpt>
      <trkpt lat="51.937867216765880584716796875" lon="4.46082179434597492218017578125">
        <ele>8.80000019073486328125</ele>
        <time>2025-05-31T13:09:20.000Z</time>
        <extensions>
          <ns3:TrackPointExtension>
            <ns3:hr>141</ns3:hr>
          </ns3:TrackPointExtension>
        </extensions>
      </trkpt>
      <trkpt lat="51.9379265606403350830078125" lon="4.46070813573896884918212890625">
        <ele>8.80000019073486328125</ele>
        <time>2025-05-31T13:09:23.000Z</time>
        <extensions>
          <ns3:TrackPointExtension>
            <ns3:hr>140</ns3:hr>
          </ns3:TrackPointExtension>
        </extensions>
      </trkpt>
      <trkpt lat="51.93812395446002483367919921875" lon="4.46044209413230419158935546875">
        <ele>10.19999980926513671875</ele>
        <time>2025-05-31T13:09:31.000Z</time>
        <extensions>
          <ns3:TrackPointExtension>
            <ns3:hr>141</ns3:hr>
          </ns3:TrackPointExtension>
        </extensions>
      </trkpt>
      <trkpt lat="51.93839795887470245361328125" lon="4.4602381624281406402587890625">
        <ele>10.19999980926513671875</ele>
        <time>2025-05-31T13:09:39.000Z</time>
        <extensions>
          <ns3:TrackPointExtension>
            <ns3:hr>142</ns3:hr>
          </ns3:TrackPointExtension>
        </extensions>
      </trkpt>
      <trkpt lat="51.93859241902828216552734375" lon="4.4601248390972614288330078125">
        <ele>10.19999980926513671875</ele>
        <time>2025-05-31T13:09:44.000Z</time>
        <extensions>
          <ns3:TrackPointExtension>
            <ns3:hr>145</ns3:hr>
          </ns3:TrackPointExtension>
        </extensions>
      </trkpt>
      <trkpt lat="51.93863742984831333160400390625" lon="4.46012224070727825164794921875">
        <ele>10.19999980926513671875</ele>
        <time>2025-05-31T13:09:45.000Z</time>
        <extensions>
          <ns3:TrackPointExtension>
            <ns3:hr>147</ns3:hr>
          </ns3:TrackPointExtension>
        </extensions>
      </trkpt>
      <trkpt lat="51.93872007541358470916748046875" lon="4.46016062982380390167236328125">
        <ele>10.19999980926513671875</ele>
        <time>2025-05-31T13:09:47.000Z</time>
        <extensions>
          <ns3:TrackPointExtension>
            <ns3:hr>149</ns3:hr>
          </ns3:TrackPointExtension>
        </extensions>
      </trkpt>
      <trkpt lat="51.93880791775882244110107421875" lon="4.4602304510772228240966796875">
        <ele>10.19999980926513671875</ele>
        <time>2025-05-31T13:09:49.000Z</time>
        <extensions>
          <ns3:TrackPointExtension>
            <ns3:hr>156</ns3:hr>
          </ns3:TrackPointExtension>
        </extensions>
      </trkpt>
      <trkpt lat="51.938854269683361053466796875" lon="4.460264146327972412109375">
        <ele>10.3999996185302734375</ele>
        <time>2025-05-31T13:09:50.000Z</time>
        <extensions>
          <ns3:TrackPointExtension>
            <ns3:hr>159</ns3:hr>
          </ns3:TrackPointExtension>
        </extensions>
      </trkpt>
      <trkpt lat="51.9389431178569793701171875" lon="4.46033229120075702667236328125">
        <ele>10.6000003814697265625</ele>
        <time>2025-05-31T13:09:52.000Z</time>
        <extensions>
          <ns3:TrackPointExtension>
            <ns3:hr>161</ns3:hr>
          </ns3:TrackPointExtension>
        </extensions>
      </trkpt>
      <trkpt lat="51.9390807487070560455322265625" lon="4.46039616130292415618896484375">
        <ele>10.80000019073486328125</ele>
        <time>2025-05-31T13:09:55.000Z</time>
        <extensions>
          <ns3:TrackPointExtension>
            <ns3:hr>161</ns3:hr>
          </ns3:TrackPointExtension>
        </extensions>
      </trkpt>
      <trkpt lat="51.9391764700412750244140625" lon="4.4604121707379817962646484375">
        <ele>10.80000019073486328125</ele>
        <time>2025-05-31T13:09:57.000Z</time>
        <extensions>
          <ns3:TrackPointExtension>
            <ns3:hr>161</ns3:hr>
          </ns3:TrackPointExtension>
        </extensions>
      </trkpt>
      <trkpt lat="51.9393171183764934539794921875" lon="4.460382163524627685546875">
        <ele>11.19999980926513671875</ele>
        <time>2025-05-31T13:10:00.000Z</time>
        <extensions>
          <ns3:TrackPointExtension>
            <ns3:hr>162</ns3:hr>
          </ns3:TrackPointExtension>
        </extensions>
      </trkpt>
      <trkpt lat="51.93936355412006378173828125" lon="4.460362382233142852783203125">
        <ele>11.19999980926513671875</ele>
        <time>2025-05-31T13:10:01.000Z</time>
        <extensions>
          <ns3:TrackPointExtension>
            <ns3:hr>162</ns3:hr>
          </ns3:TrackPointExtension>
        </extensions>
      </trkpt>
      <trkpt lat="51.939774267375469207763671875" lon="4.46012358181178569793701171875">
        <ele>11.3999996185302734375</ele>
        <time>2025-05-31T13:10:10.000Z</time>
        <extensions>
          <ns3:TrackPointExtension>
            <ns3:hr>163</ns3:hr>
          </ns3:TrackPointExtension>
        </extensions>
      </trkpt>
      <trkpt lat="51.940187998116016387939453125" lon="4.4598202407360076904296875">
        <ele>10.3999996185302734375</ele>
        <time>2025-05-31T13:10:19.000Z</time>
        <extensions>
          <ns3:TrackPointExtension>
            <ns3:hr>164</ns3:hr>
          </ns3:TrackPointExtension>
        </extensions>
      </trkpt>
      <trkpt lat="51.94029017351567745208740234375" lon="4.4597543589770793914794921875">
        <ele>10</ele>
        <time>2025-05-31T13:10:21.000Z</time>
        <extensions>
          <ns3:TrackPointExtension>
            <ns3:hr>164</ns3:hr>
          </ns3:TrackPointExtension>
        </extensions>
      </trkpt>
      <trkpt lat="51.9405787624418735504150390625" lon="4.459574483335018157958984375">
        <ele>9</ele>
        <time>2025-05-31T13:10:26.000Z</time>
        <extensions>
          <ns3:TrackPointExtension>
            <ns3:hr>162</ns3:hr>
          </ns3:TrackPointExtension>
        </extensions>
      </trkpt>
      <trkpt lat="51.94075687788426876068115234375" lon="4.45946845225989818572998046875">
        <ele>8.3999996185302734375</ele>
        <time>2025-05-31T13:10:29.000Z</time>
        <extensions>
          <ns3:TrackPointExtension>
            <ns3:hr>159</ns3:hr>
          </ns3:TrackPointExtension>
        </extensions>
      </trkpt>
      <trkpt lat="51.94093524478375911712646484375" lon="4.45936166681349277496337890625">
        <ele>7.80000019073486328125</ele>
        <time>2025-05-31T13:10:32.000Z</time>
        <extensions>
          <ns3:TrackPointExtension>
            <ns3:hr>157</ns3:hr>
          </ns3:TrackPointExtension>
        </extensions>
      </trkpt>
      <trkpt lat="51.9409931637346744537353515625" lon="4.45933383889496326446533203125">
        <ele>7.400000095367431640625</ele>
        <time>2025-05-31T13:10:33.000Z</time>
        <extensions>
          <ns3:TrackPointExtension>
            <ns3:hr>157</ns3:hr>
          </ns3:TrackPointExtension>
        </extensions>
      </trkpt>
      <trkpt lat="51.94111193530261516571044921875" lon="4.45927105844020843505859375">
        <ele>6.80000019073486328125</ele>
        <time>2025-05-31T13:10:35.000Z</time>
        <extensions>
          <ns3:TrackPointExtension>
            <ns3:hr>155</ns3:hr>
          </ns3:TrackPointExtension>
        </extensions>
      </trkpt>
      <trkpt lat="51.94117270410060882568359375" lon="4.459242559969425201416015625">
        <ele>6.80000019073486328125</ele>
        <time>2025-05-31T13:10:36.000Z</time>
        <extensions>
          <ns3:TrackPointExtension>
            <ns3:hr>154</ns3:hr>
          </ns3:TrackPointExtension>
        </extensions>
      </trkpt>
      <trkpt lat="51.94129214622080326080322265625" lon="4.45917449891567230224609375">
        <ele>6.19999980926513671875</ele>
        <time>2025-05-31T13:10:38.000Z</time>
        <extensions>
          <ns3:TrackPointExtension>
            <ns3:hr>152</ns3:hr>
          </ns3:TrackPointExtension>
        </extensions>
      </trkpt>
      <trkpt lat="51.94140815176069736480712890625" lon="4.45910115726292133331298828125">
        <ele>5.80000019073486328125</ele>
        <time>2025-05-31T13:10:40.000Z</time>
        <extensions>
          <ns3:TrackPointExtension>
            <ns3:hr>149</ns3:hr>
          </ns3:TrackPointExtension>
        </extensions>
      </trkpt>
      <trkpt lat="51.94145827554166316986083984375" lon="4.45906444452702999114990234375">
        <ele>5.599999904632568359375</ele>
        <time>2025-05-31T13:10:41.000Z</time>
        <extensions>
          <ns3:TrackPointExtension>
            <ns3:hr>148</ns3:hr>
          </ns3:TrackPointExtension>
        </extensions>
      </trkpt>
      <trkpt lat="51.94153656251728534698486328125" lon="4.459003172814846038818359375">
        <ele>5.19999980926513671875</ele>
        <time>2025-05-31T13:10:43.000Z</time>
        <extensions>
          <ns3:TrackPointExtension>
            <ns3:hr>148</ns3:hr>
          </ns3:TrackPointExtension>
        </extensions>
      </trkpt>
      <trkpt lat="51.9416026957333087921142578125" lon="4.458922706544399261474609375">
        <ele>4.80000019073486328125</ele>
        <time>2025-05-31T13:10:45.000Z</time>
        <extensions>
          <ns3:TrackPointExtension>
            <ns3:hr>148</ns3:hr>
          </ns3:TrackPointExtension>
        </extensions>
      </trkpt>
      <trkpt lat="51.94165022112429141998291015625" lon="4.4588273204863071441650390625">
        <ele>4.599999904632568359375</ele>
        <time>2025-05-31T13:10:47.000Z</time>
        <extensions>
          <ns3:TrackPointExtension>
            <ns3:hr>148</ns3:hr>
          </ns3:TrackPointExtension>
        </extensions>
      </trkpt>
      <trkpt lat="51.94173068739473819732666015625" lon="4.45866546593606472015380859375">
        <ele>4.400000095367431640625</ele>
        <time>2025-05-31T13:10:51.000Z</time>
        <extensions>
          <ns3:TrackPointExtension>
            <ns3:hr>146</ns3:hr>
          </ns3:TrackPointExtension>
        </extensions>
      </trkpt>
      <trkpt lat="51.9417582638561725616455078125" lon="4.458660185337066650390625">
        <ele>4.400000095367431640625</ele>
        <time>2025-05-31T13:10:52.000Z</time>
        <extensions>
          <ns3:TrackPointExtension>
            <ns3:hr>146</ns3:hr>
          </ns3:TrackPointExtension>
        </extensions>
      </trkpt>
      <trkpt lat="51.94188592024147510528564453125" lon="4.4587492011487483978271484375">
        <ele>4.19999980926513671875</ele>
        <time>2025-05-31T13:10:56.000Z</time>
        <extensions>
          <ns3:TrackPointExtension>
            <ns3:hr>144</ns3:hr>
          </ns3:TrackPointExtension>
        </extensions>
      </trkpt>
      <trkpt lat="51.94200963713228702545166015625" lon="4.45882053114473819732666015625">
        <ele>4.19999980926513671875</ele>
        <time>2025-05-31T13:11:00.000Z</time>
        <extensions>
          <ns3:TrackPointExtension>
            <ns3:hr>145</ns3:hr>
          </ns3:TrackPointExtension>
        </extensions>
      </trkpt>
      <trkpt lat="51.94206948392093181610107421875" lon="4.45878557860851287841796875">
        <ele>4.19999980926513671875</ele>
        <time>2025-05-31T13:11:02.000Z</time>
        <extensions>
          <ns3:TrackPointExtension>
            <ns3:hr>142</ns3:hr>
          </ns3:TrackPointExtension>
        </extensions>
      </trkpt>
      <trkpt lat="51.94218716584146022796630859375" lon="4.4587233848869800567626953125">
        <ele>4.400000095367431640625</ele>
        <time>2025-05-31T13:11:05.000Z</time>
        <extensions>
          <ns3:TrackPointExtension>
            <ns3:hr>139</ns3:hr>
          </ns3:TrackPointExtension>
        </extensions>
      </trkpt>
      <trkpt lat="51.94227148778736591339111328125" lon="4.45867317728698253631591796875">
        <ele>4.599999904632568359375</ele>
        <time>2025-05-31T13:11:07.000Z</time>
        <extensions>
          <ns3:TrackPointExtension>
            <ns3:hr>139</ns3:hr>
          </ns3:TrackPointExtension>
        </extensions>
      </trkpt>
      <trkpt lat="51.9424066878855228424072265625" lon="4.458660185337066650390625">
        <ele>4.599999904632568359375</ele>
        <time>2025-05-31T13:11:10.000Z</time>
        <extensions>
          <ns3:TrackPointExtension>
            <ns3:hr>139</ns3:hr>
          </ns3:TrackPointExtension>
        </extensions>
      </trkpt>
      <trkpt lat="51.94250014610588550567626953125" lon="4.45866093970835208892822265625">
        <ele>4.599999904632568359375</ele>
        <time>2025-05-31T13:11:12.000Z</time>
        <extensions>
          <ns3:TrackPointExtension>
            <ns3:hr>140</ns3:hr>
          </ns3:TrackPointExtension>
        </extensions>
      </trkpt>
      <trkpt lat="51.94254842586815357208251953125" lon="4.45866286754608154296875">
        <ele>4.80000019073486328125</ele>
        <time>2025-05-31T13:11:13.000Z</time>
        <extensions>
          <ns3:TrackPointExtension>
            <ns3:hr>141</ns3:hr>
          </ns3:TrackPointExtension>
        </extensions>
      </trkpt>
      <trkpt lat="51.9427335821092128753662109375" lon="4.45872816257178783416748046875">
        <ele>4.80000019073486328125</ele>
        <time>2025-05-31T13:11:17.000Z</time>
        <extensions>
          <ns3:TrackPointExtension>
            <ns3:hr>144</ns3:hr>
          </ns3:TrackPointExtension>
        </extensions>
      </trkpt>
      <trkpt lat="51.94309576414525508880615234375" lon="4.45881399326026439666748046875">
        <ele>4.80000019073486328125</ele>
        <time>2025-05-31T13:11:25.000Z</time>
        <extensions>
          <ns3:TrackPointExtension>
            <ns3:hr>147</ns3:hr>
          </ns3:TrackPointExtension>
        </extensions>
      </trkpt>
      <trkpt lat="51.94318075664341449737548828125" lon="4.4588293321430683135986328125">
        <ele>4.80000019073486328125</ele>
        <time>2025-05-31T13:11:27.000Z</time>
        <extensions>
          <ns3:TrackPointExtension>
            <ns3:hr>147</ns3:hr>
          </ns3:TrackPointExtension>
        </extensions>
      </trkpt>
      <trkpt lat="51.94335593841969966888427734375" lon="4.45887149311602115631103515625">
        <ele>4.80000019073486328125</ele>
        <time>2025-05-31T13:11:31.000Z</time>
        <extensions>
          <ns3:TrackPointExtension>
            <ns3:hr>146</ns3:hr>
          </ns3:TrackPointExtension>
        </extensions>
      </trkpt>
      <trkpt lat="51.943714432418346405029296875" lon="4.45894994772970676422119140625">
        <ele>5.19999980926513671875</ele>
        <time>2025-05-31T13:11:39.000Z</time>
        <extensions>
          <ns3:TrackPointExtension>
            <ns3:hr>147</ns3:hr>
          </ns3:TrackPointExtension>
        </extensions>
      </trkpt>
      <trkpt lat="51.9438470341265201568603515625" lon="4.459009878337383270263671875">
        <ele>5.400000095367431640625</ele>
        <time>2025-05-31T13:11:42.000Z</time>
        <extensions>
          <ns3:TrackPointExtension>
            <ns3:hr>150</ns3:hr>
          </ns3:TrackPointExtension>
        </extensions>
      </trkpt>
      <trkpt lat="51.94392339326441287994384765625" lon="4.4590492732822895050048828125">
        <ele>5.400000095367431640625</ele>
        <time>2025-05-31T13:11:44.000Z</time>
        <extensions>
          <ns3:TrackPointExtension>
            <ns3:hr>151</ns3:hr>
          </ns3:TrackPointExtension>
        </extensions>
      </trkpt>
      <trkpt lat="51.94394753314554691314697265625" lon="4.45905270986258983612060546875">
        <ele>5.400000095367431640625</ele>
        <time>2025-05-31T13:11:45.000Z</time>
        <extensions>
          <ns3:TrackPointExtension>
            <ns3:hr>151</ns3:hr>
          </ns3:TrackPointExtension>
        </extensions>
      </trkpt>
      <trkpt lat="51.94396111182868480682373046875" lon="4.45903896354138851165771484375">
        <ele>5.400000095367431640625</ele>
        <time>2025-05-31T13:11:46.000Z</time>
        <extensions>
          <ns3:TrackPointExtension>
            <ns3:hr>151</ns3:hr>
          </ns3:TrackPointExtension>
        </extensions>
      </trkpt>
      <trkpt lat="51.9439990818500518798828125" lon="4.45893201045691967010498046875">
        <ele>5.400000095367431640625</ele>
        <time>2025-05-31T13:11:49.000Z</time>
        <extensions>
          <ns3:TrackPointExtension>
            <ns3:hr>150</ns3:hr>
          </ns3:TrackPointExtension>
        </extensions>
      </trkpt>
      <trkpt lat="51.94401073269546031951904296875" lon="4.45878834463655948638916015625">
        <ele>5.19999980926513671875</ele>
        <time>2025-05-31T13:11:53.000Z</time>
        <extensions>
          <ns3:TrackPointExtension>
            <ns3:hr>147</ns3:hr>
          </ns3:TrackPointExtension>
        </extensions>
      </trkpt>
      <trkpt lat="51.94401743821799755096435546875" lon="4.45875749923288822174072265625">
        <ele>5.19999980926513671875</ele>
        <time>2025-05-31T13:11:54.000Z</time>
        <extensions>
          <ns3:TrackPointExtension>
            <ns3:hr>146</ns3:hr>
          </ns3:TrackPointExtension>
        </extensions>
      </trkpt>
      <trkpt lat="51.94402380846440792083740234375" lon="4.4586851634085178375244140625">
        <ele>5</ele>
        <time>2025-05-31T13:11:56.000Z</time>
        <extensions>
          <ns3:TrackPointExtension>
            <ns3:hr>145</ns3:hr>
          </ns3:TrackPointExtension>
        </extensions>
      </trkpt>
      <trkpt lat="51.9439767859876155853271484375" lon="4.458549879491329193115234375">
        <ele>4.400000095367431640625</ele>
        <time>2025-05-31T13:11:59.000Z</time>
        <extensions>
          <ns3:TrackPointExtension>
            <ns3:hr>144</ns3:hr>
          </ns3:TrackPointExtension>
        </extensions>
      </trkpt>
      <trkpt lat="51.94394233636558055877685546875" lon="4.45851727388799190521240234375">
        <ele>4</ele>
        <time>2025-05-31T13:12:00.000Z</time>
        <extensions>
          <ns3:TrackPointExtension>
            <ns3:hr>144</ns3:hr>
          </ns3:TrackPointExtension>
        </extensions>
      </trkpt>
      <trkpt lat="51.94384728558361530303955078125" lon="4.45847033523023128509521484375">
        <ele>3.599999904632568359375</ele>
        <time>2025-05-31T13:12:02.000Z</time>
        <extensions>
          <ns3:TrackPointExtension>
            <ns3:hr>144</ns3:hr>
          </ns3:TrackPointExtension>
        </extensions>
      </trkpt>
      <trkpt lat="51.94379967637360095977783203125" lon="4.45844535715878009796142578125">
        <ele>3.599999904632568359375</ele>
        <time>2025-05-31T13:12:03.000Z</time>
        <extensions>
          <ns3:TrackPointExtension>
            <ns3:hr>143</ns3:hr>
          </ns3:TrackPointExtension>
        </extensions>
      </trkpt>
      <trkpt lat="51.9435670785605907440185546875" lon="4.45823312737047672271728515625">
        <ele>3.2000000476837158203125</ele>
        <time>2025-05-31T13:12:08.000Z</time>
        <extensions>
          <ns3:TrackPointExtension>
            <ns3:hr>142</ns3:hr>
          </ns3:TrackPointExtension>
        </extensions>
      </trkpt>
      <trkpt lat="51.943447887897491455078125" lon="4.45803900249302387237548828125">
        <ele>2.7999999523162841796875</ele>
        <time>2025-05-31T13:12:11.000Z</time>
        <extensions>
          <ns3:TrackPointExtension>
            <ns3:hr>141</ns3:hr>
          </ns3:TrackPointExtension>
        </extensions>
      </trkpt>
      <trkpt lat="51.94336314685642719268798828125" lon="4.45782157592475414276123046875">
        <ele>2.7999999523162841796875</ele>
        <time>2025-05-31T13:12:14.000Z</time>
        <extensions>
          <ns3:TrackPointExtension>
            <ns3:hr>140</ns3:hr>
          </ns3:TrackPointExtension>
        </extensions>
      </trkpt>
      <trkpt lat="51.94326658733189105987548828125" lon="4.457562826573848724365234375">
        <ele>2.599999904632568359375</ele>
        <time>2025-05-31T13:12:18.000Z</time>
        <extensions>
          <ns3:TrackPointExtension>
            <ns3:hr>139</ns3:hr>
          </ns3:TrackPointExtension>
        </extensions>
      </trkpt>
      <trkpt lat="51.94324982352554798126220703125" lon="4.45750557817518711090087890625">
        <ele>2.599999904632568359375</ele>
        <time>2025-05-31T13:12:19.000Z</time>
        <extensions>
          <ns3:TrackPointExtension>
            <ns3:hr>139</ns3:hr>
          </ns3:TrackPointExtension>
        </extensions>
      </trkpt>
      <trkpt lat="51.9432381726801395416259765625" lon="4.457453526556491851806640625">
        <ele>2.599999904632568359375</ele>
        <time>2025-05-31T13:12:20.000Z</time>
        <extensions>
          <ns3:TrackPointExtension>
            <ns3:hr>138</ns3:hr>
          </ns3:TrackPointExtension>
        </extensions>
      </trkpt>
      <trkpt lat="51.94317472167313098907470703125" lon="4.4570473395287990570068359375">
        <ele>2.400000095367431640625</ele>
        <time>2025-05-31T13:12:27.000Z</time>
        <extensions>
          <ns3:TrackPointExtension>
            <ns3:hr>138</ns3:hr>
          </ns3:TrackPointExtension>
        </extensions>
      </trkpt>
      <trkpt lat="51.94318327121436595916748046875" lon="4.456892944872379302978515625">
        <ele>2.400000095367431640625</ele>
        <time>2025-05-31T13:12:30.000Z</time>
        <extensions>
          <ns3:TrackPointExtension>
            <ns3:hr>135</ns3:hr>
          </ns3:TrackPointExtension>
        </extensions>
      </trkpt>
      <trkpt lat="51.94320120848715305328369140625" lon="4.45669504813849925994873046875">
        <ele>2.400000095367431640625</ele>
        <time>2025-05-31T13:12:33.000Z</time>
        <extensions>
          <ns3:TrackPointExtension>
            <ns3:hr>132</ns3:hr>
          </ns3:TrackPointExtension>
        </extensions>
      </trkpt>
      <trkpt lat="51.94319198839366436004638671875" lon="4.45639195851981639862060546875">
        <ele>1.7999999523162841796875</ele>
        <time>2025-05-31T13:12:38.000Z</time>
        <extensions>
          <ns3:TrackPointExtension>
            <ns3:hr>129</ns3:hr>
          </ns3:TrackPointExtension>
        </extensions>
      </trkpt>
      <trkpt lat="51.943185031414031982421875" lon="4.4562574289739131927490234375">
        <ele>1.60000002384185791015625</ele>
        <time>2025-05-31T13:12:40.000Z</time>
        <extensions>
          <ns3:TrackPointExtension>
            <ns3:hr>129</ns3:hr>
          </ns3:TrackPointExtension>
        </extensions>
      </trkpt>
      <trkpt lat="51.9431402720510959625244140625" lon="4.455839507281780242919921875">
        <ele>1.60000002384185791015625</ele>
        <time>2025-05-31T13:12:46.000Z</time>
        <extensions>
          <ns3:TrackPointExtension>
            <ns3:hr>130</ns3:hr>
          </ns3:TrackPointExtension>
        </extensions>
      </trkpt>
      <trkpt lat="51.94313499145209789276123046875" lon="4.45549341849982738494873046875">
        <ele>1.60000002384185791015625</ele>
        <time>2025-05-31T13:12:52.000Z</time>
        <extensions>
          <ns3:TrackPointExtension>
            <ns3:hr>127</ns3:hr>
          </ns3:TrackPointExtension>
        </extensions>
      </trkpt>
      <trkpt lat="51.94310129620134830474853515625" lon="4.4552827812731266021728515625">
        <ele>1.60000002384185791015625</ele>
        <time>2025-05-31T13:12:55.000Z</time>
        <extensions>
          <ns3:TrackPointExtension>
            <ns3:hr>128</ns3:hr>
          </ns3:TrackPointExtension>
        </extensions>
      </trkpt>
      <trkpt lat="51.9430108554661273956298828125" lon="4.45485748350620269775390625">
        <ele>1.7999999523162841796875</ele>
        <time>2025-05-31T13:13:01.000Z</time>
        <extensions>
          <ns3:TrackPointExtension>
            <ns3:hr>127</ns3:hr>
          </ns3:TrackPointExtension>
        </extensions>
      </trkpt>
      <trkpt lat="51.94292561151087284088134765625" lon="4.45442589931190013885498046875">
        <ele>2</ele>
        <time>2025-05-31T13:13:08.000Z</time>
        <extensions>
          <ns3:TrackPointExtension>
            <ns3:hr>129</ns3:hr>
          </ns3:TrackPointExtension>
        </extensions>
      </trkpt>
      <trkpt lat="51.94287179969251155853271484375" lon="4.45413756184279918670654296875">
        <ele>2</ele>
        <time>2025-05-31T13:13:12.000Z</time>
        <extensions>
          <ns3:TrackPointExtension>
            <ns3:hr>132</ns3:hr>
          </ns3:TrackPointExtension>
        </extensions>
      </trkpt>
      <trkpt lat="51.94284531287848949432373046875" lon="4.4540003500878810882568359375">
        <ele>2</ele>
        <time>2025-05-31T13:13:14.000Z</time>
        <extensions>
          <ns3:TrackPointExtension>
            <ns3:hr>132</ns3:hr>
          </ns3:TrackPointExtension>
        </extensions>
      </trkpt>
      <trkpt lat="51.942827962338924407958984375" lon="4.4537146948277950286865234375">
        <ele>2</ele>
        <time>2025-05-31T13:13:19.000Z</time>
        <extensions>
          <ns3:TrackPointExtension>
            <ns3:hr>136</ns3:hr>
          </ns3:TrackPointExtension>
        </extensions>
      </trkpt>
      <trkpt lat="51.9428194127976894378662109375" lon="4.45366146974265575408935546875">
        <ele>2</ele>
        <time>2025-05-31T13:13:20.000Z</time>
        <extensions>
          <ns3:TrackPointExtension>
            <ns3:hr>139</ns3:hr>
          </ns3:TrackPointExtension>
        </extensions>
      </trkpt>
      <trkpt lat="51.94281161762773990631103515625" lon="4.45360757410526275634765625">
        <ele>2</ele>
        <time>2025-05-31T13:13:21.000Z</time>
        <extensions>
          <ns3:TrackPointExtension>
            <ns3:hr>140</ns3:hr>
          </ns3:TrackPointExtension>
        </extensions>
      </trkpt>
      <trkpt lat="51.942746154963970184326171875" lon="4.45313257165253162384033203125">
        <ele>2</ele>
        <time>2025-05-31T13:13:29.000Z</time>
        <extensions>
          <ns3:TrackPointExtension>
            <ns3:hr>137</ns3:hr>
          </ns3:TrackPointExtension>
        </extensions>
      </trkpt>
      <trkpt lat="51.9427329115569591522216796875" lon="4.4530495069921016693115234375">
        <ele>2.2000000476837158203125</ele>
        <time>2025-05-31T13:13:30.000Z</time>
        <extensions>
          <ns3:TrackPointExtension>
            <ns3:hr>136</ns3:hr>
          </ns3:TrackPointExtension>
        </extensions>
      </trkpt>
      <trkpt lat="51.9427231885492801666259765625" lon="4.4529925100505352020263671875">
        <ele>2.2000000476837158203125</ele>
        <time>2025-05-31T13:13:31.000Z</time>
        <extensions>
          <ns3:TrackPointExtension>
            <ns3:hr>139</ns3:hr>
          </ns3:TrackPointExtension>
        </extensions>
      </trkpt>
      <trkpt lat="51.94265856407582759857177734375" lon="4.45248909294605255126953125">
        <ele>2</ele>
        <time>2025-05-31T13:13:39.000Z</time>
        <extensions>
          <ns3:TrackPointExtension>
            <ns3:hr>140</ns3:hr>
          </ns3:TrackPointExtension>
        </extensions>
      </trkpt>
      <trkpt lat="51.942569129168987274169921875" lon="4.45187746547162532806396484375">
        <ele>2.2000000476837158203125</ele>
        <time>2025-05-31T13:13:49.000Z</time>
        <extensions>
          <ns3:TrackPointExtension>
            <ns3:hr>140</ns3:hr>
          </ns3:TrackPointExtension>
        </extensions>
      </trkpt>
      <trkpt lat="51.9424693845212459564208984375" lon="4.451401121914386749267578125">
        <ele>2.400000095367431640625</ele>
        <time>2025-05-31T13:13:57.000Z</time>
        <extensions>
          <ns3:TrackPointExtension>
            <ns3:hr>142</ns3:hr>
          </ns3:TrackPointExtension>
        </extensions>
      </trkpt>
      <trkpt lat="51.94231959991157054901123046875" lon="4.45101530291140079498291015625">
        <ele>2.400000095367431640625</ele>
        <time>2025-05-31T13:14:04.000Z</time>
        <extensions>
          <ns3:TrackPointExtension>
            <ns3:hr>141</ns3:hr>
          </ns3:TrackPointExtension>
        </extensions>
      </trkpt>
      <trkpt lat="51.94229160435497760772705078125" lon="4.4509528577327728271484375">
        <ele>2.599999904632568359375</ele>
        <time>2025-05-31T13:14:05.000Z</time>
        <extensions>
          <ns3:TrackPointExtension>
            <ns3:hr>141</ns3:hr>
          </ns3:TrackPointExtension>
        </extensions>
      </trkpt>
      <trkpt lat="51.9421823881566524505615234375" lon="4.45071749389171600341796875">
        <ele>2.7999999523162841796875</ele>
        <time>2025-05-31T13:14:09.000Z</time>
        <extensions>
          <ns3:TrackPointExtension>
            <ns3:hr>142</ns3:hr>
          </ns3:TrackPointExtension>
        </extensions>
      </trkpt>
      <trkpt lat="51.94200108759105205535888671875" lon="4.45023461245000362396240234375">
        <ele>2.7999999523162841796875</ele>
        <time>2025-05-31T13:14:18.000Z</time>
        <extensions>
          <ns3:TrackPointExtension>
            <ns3:hr>139</ns3:hr>
          </ns3:TrackPointExtension>
        </extensions>
      </trkpt>
      <trkpt lat="51.9419631175696849822998046875" lon="4.45003487169742584228515625">
        <ele>2.7999999523162841796875</ele>
        <time>2025-05-31T13:14:22.000Z</time>
        <extensions>
          <ns3:TrackPointExtension>
            <ns3:hr>136</ns3:hr>
          </ns3:TrackPointExtension>
        </extensions>
      </trkpt>
      <trkpt lat="51.94196906872093677520751953125" lon="4.4499891065061092376708984375">
        <ele>2.7999999523162841796875</ele>
        <time>2025-05-31T13:14:23.000Z</time>
        <extensions>
          <ns3:TrackPointExtension>
            <ns3:hr>136</ns3:hr>
          </ns3:TrackPointExtension>
        </extensions>
      </trkpt>
      <trkpt lat="51.9419865868985652923583984375" lon="4.449932277202606201171875">
        <ele>2.7999999523162841796875</ele>
        <time>2025-05-31T13:14:24.000Z</time>
        <extensions>
          <ns3:TrackPointExtension>
            <ns3:hr>135</ns3:hr>
          </ns3:TrackPointExtension>
        </extensions>
      </trkpt>
      <trkpt lat="51.94208054803311824798583984375" lon="4.44981115870177745819091796875">
        <ele>2.7999999523162841796875</ele>
        <time>2025-05-31T13:14:27.000Z</time>
        <extensions>
          <ns3:TrackPointExtension>
            <ns3:hr>135</ns3:hr>
          </ns3:TrackPointExtension>
        </extensions>
      </trkpt>
      <trkpt lat="51.9422199390828609466552734375" lon="4.44967101328074932098388671875">
        <ele>3.400000095367431640625</ele>
        <time>2025-05-31T13:14:33.000Z</time>
        <extensions>
          <ns3:TrackPointExtension>
            <ns3:hr>137</ns3:hr>
          </ns3:TrackPointExtension>
        </extensions>
      </trkpt>
      <trkpt lat="51.942296214401721954345703125" lon="4.44963631220161914825439453125">
        <ele>3.2000000476837158203125</ele>
        <time>2025-05-31T13:14:38.000Z</time>
        <extensions>
          <ns3:TrackPointExtension>
            <ns3:hr>137</ns3:hr>
          </ns3:TrackPointExtension>
        </extensions>
      </trkpt>
      <trkpt lat="51.9422729127109050750732421875" lon="4.4496015273034572601318359375">
        <ele>3</ele>
        <time>2025-05-31T13:14:41.000Z</time>
        <extensions>
          <ns3:TrackPointExtension>
            <ns3:hr>137</ns3:hr>
          </ns3:TrackPointExtension>
        </extensions>
      </trkpt>
      <trkpt lat="51.94218850694596767425537109375" lon="4.44970764219760894775390625">
        <ele>3.2000000476837158203125</ele>
        <time>2025-05-31T13:14:46.000Z</time>
        <extensions>
          <ns3:TrackPointExtension>
            <ns3:hr>136</ns3:hr>
          </ns3:TrackPointExtension>
        </extensions>
      </trkpt>
      <trkpt lat="51.942163445055484771728515625" lon="4.44972013123333454132080078125">
        <ele>3.400000095367431640625</ele>
        <time>2025-05-31T13:14:47.000Z</time>
        <extensions>
          <ns3:TrackPointExtension>
            <ns3:hr>136</ns3:hr>
          </ns3:TrackPointExtension>
        </extensions>
      </trkpt>
      <trkpt lat="51.9420464336872100830078125" lon="4.4498261623084545135498046875">
        <ele>3.2000000476837158203125</ele>
        <time>2025-05-31T13:14:51.000Z</time>
        <extensions>
          <ns3:TrackPointExtension>
            <ns3:hr>137</ns3:hr>
          </ns3:TrackPointExtension>
        </extensions>
      </trkpt>
      <trkpt lat="51.9418383948504924774169921875" lon="4.4500625319778919219970703125">
        <ele>3</ele>
        <time>2025-05-31T13:14:57.000Z</time>
        <extensions>
          <ns3:TrackPointExtension>
            <ns3:hr>139</ns3:hr>
          </ns3:TrackPointExtension>
        </extensions>
      </trkpt>
      <trkpt lat="51.941723562777042388916015625" lon="4.450166635215282440185546875">
        <ele>3</ele>
        <time>2025-05-31T13:15:01.000Z</time>
        <extensions>
          <ns3:TrackPointExtension>
            <ns3:hr>142</ns3:hr>
          </ns3:TrackPointExtension>
        </extensions>
      </trkpt>
      <trkpt lat="51.94169598631560802459716796875" lon="4.45018230937421321868896484375">
        <ele>3</ele>
        <time>2025-05-31T13:15:02.000Z</time>
        <extensions>
          <ns3:TrackPointExtension>
            <ns3:hr>142</ns3:hr>
          </ns3:TrackPointExtension>
        </extensions>
      </trkpt>
      <trkpt lat="51.94136439822614192962646484375" lon="4.4502232968807220458984375">
        <ele>3</ele>
        <time>2025-05-31T13:15:10.000Z</time>
        <extensions>
          <ns3:TrackPointExtension>
            <ns3:hr>140</ns3:hr>
          </ns3:TrackPointExtension>
        </extensions>
      </trkpt>
      <trkpt lat="51.9411101751029491424560546875" lon="4.4502187706530094146728515625">
        <ele>3</ele>
        <time>2025-05-31T13:15:16.000Z</time>
        <extensions>
          <ns3:TrackPointExtension>
            <ns3:hr>141</ns3:hr>
          </ns3:TrackPointExtension>
        </extensions>
      </trkpt>
      <trkpt lat="51.9409515894949436187744140625" lon="4.45021868683397769927978515625">
        <ele>3.2000000476837158203125</ele>
        <time>2025-05-31T13:15:20.000Z</time>
        <extensions>
          <ns3:TrackPointExtension>
            <ns3:hr>140</ns3:hr>
          </ns3:TrackPointExtension>
        </extensions>
      </trkpt>
      <trkpt lat="51.9409118592739105224609375" lon="4.4501319341361522674560546875">
        <ele>3.400000095367431640625</ele>
        <time>2025-05-31T13:15:22.000Z</time>
        <extensions>
          <ns3:TrackPointExtension>
            <ns3:hr>140</ns3:hr>
          </ns3:TrackPointExtension>
        </extensions>
      </trkpt>
      <trkpt lat="51.9408567063510417938232421875" lon="4.44995784200727939605712890625">
        <ele>3.599999904632568359375</ele>
        <time>2025-05-31T13:15:25.000Z</time>
        <extensions>
          <ns3:TrackPointExtension>
            <ns3:hr>140</ns3:hr>
          </ns3:TrackPointExtension>
        </extensions>
      </trkpt>
      <trkpt lat="51.9408322311937808990478515625" lon="4.4498477876186370849609375">
        <ele>3.7999999523162841796875</ele>
        <time>2025-05-31T13:15:27.000Z</time>
        <extensions>
          <ns3:TrackPointExtension>
            <ns3:hr>141</ns3:hr>
          </ns3:TrackPointExtension>
        </extensions>
      </trkpt>
      <trkpt lat="51.94076827727258205413818359375" lon="4.44949566386640071868896484375">
        <ele>3.7999999523162841796875</ele>
        <time>2025-05-31T13:15:33.000Z</time>
        <extensions>
          <ns3:TrackPointExtension>
            <ns3:hr>142</ns3:hr>
          </ns3:TrackPointExtension>
        </extensions>
      </trkpt>
      <trkpt lat="51.94069334305822849273681640625" lon="4.44909752346575260162353515625">
        <ele>3.400000095367431640625</ele>
        <time>2025-05-31T13:15:39.000Z</time>
        <extensions>
          <ns3:TrackPointExtension>
            <ns3:hr>144</ns3:hr>
          </ns3:TrackPointExtension>
        </extensions>
      </trkpt>
      <trkpt lat="51.94064162671566009521484375" lon="4.448793344199657440185546875">
        <ele>3.400000095367431640625</ele>
        <time>2025-05-31T13:15:44.000Z</time>
        <extensions>
          <ns3:TrackPointExtension>
            <ns3:hr>143</ns3:hr>
          </ns3:TrackPointExtension>
        </extensions>
      </trkpt>
      <trkpt lat="51.9405831210315227508544921875" lon="4.44846971891820430755615234375">
        <ele>3.400000095367431640625</ele>
        <time>2025-05-31T13:15:49.000Z</time>
        <extensions>
          <ns3:TrackPointExtension>
            <ns3:hr>140</ns3:hr>
          </ns3:TrackPointExtension>
        </extensions>
      </trkpt>
      <trkpt lat="51.94055068306624889373779296875" lon="4.44833242334425449371337890625">
        <ele>3.400000095367431640625</ele>
        <time>2025-05-31T13:15:51.000Z</time>
        <extensions>
          <ns3:TrackPointExtension>
            <ns3:hr>139</ns3:hr>
          </ns3:TrackPointExtension>
        </extensions>
      </trkpt>
      <trkpt lat="51.940373741090297698974609375" lon="4.4476901181042194366455078125">
        <ele>3.599999904632568359375</ele>
        <time>2025-05-31T13:16:01.000Z</time>
        <extensions>
          <ns3:TrackPointExtension>
            <ns3:hr>137</ns3:hr>
          </ns3:TrackPointExtension>
        </extensions>
      </trkpt>
      <trkpt lat="51.9402216933667659759521484375" lon="4.4472324661910533905029296875">
        <ele>3.400000095367431640625</ele>
        <time>2025-05-31T13:16:08.000Z</time>
        <extensions>
          <ns3:TrackPointExtension>
            <ns3:hr>136</ns3:hr>
          </ns3:TrackPointExtension>
        </extensions>
      </trkpt>
      <trkpt lat="51.94009789265692234039306640625" lon="4.44683155976235866546630859375">
        <ele>3.400000095367431640625</ele>
        <time>2025-05-31T13:16:15.000Z</time>
        <extensions>
          <ns3:TrackPointExtension>
            <ns3:hr>137</ns3:hr>
          </ns3:TrackPointExtension>
        </extensions>
      </trkpt>
      <trkpt lat="51.94008062593638896942138671875" lon="4.44677506573498249053955078125">
        <ele>3.599999904632568359375</ele>
        <time>2025-05-31T13:16:16.000Z</time>
        <extensions>
          <ns3:TrackPointExtension>
            <ns3:hr>137</ns3:hr>
          </ns3:TrackPointExtension>
        </extensions>
      </trkpt>
      <trkpt lat="51.93994886241853237152099609375" lon="4.44642671383917331695556640625">
        <ele>3.599999904632568359375</ele>
        <time>2025-05-31T13:16:23.000Z</time>
        <extensions>
          <ns3:TrackPointExtension>
            <ns3:hr>138</ns3:hr>
          </ns3:TrackPointExtension>
        </extensions>
      </trkpt>
      <trkpt lat="51.93980519659817218780517578125" lon="4.44608154706656932830810546875">
        <ele>3.400000095367431640625</ele>
        <time>2025-05-31T13:16:29.000Z</time>
        <extensions>
          <ns3:TrackPointExtension>
            <ns3:hr>140</ns3:hr>
          </ns3:TrackPointExtension>
        </extensions>
      </trkpt>
      <trkpt lat="51.9397630356252193450927734375" lon="4.4459614343941211700439453125">
        <ele>3.2000000476837158203125</ele>
        <time>2025-05-31T13:16:31.000Z</time>
        <extensions>
          <ns3:TrackPointExtension>
            <ns3:hr>143</ns3:hr>
          </ns3:TrackPointExtension>
        </extensions>
      </trkpt>
      <trkpt lat="51.93961878307163715362548828125" lon="4.4456073828041553497314453125">
        <ele>3.2000000476837158203125</ele>
        <time>2025-05-31T13:16:37.000Z</time>
        <extensions>
          <ns3:TrackPointExtension>
            <ns3:hr>143</ns3:hr>
          </ns3:TrackPointExtension>
        </extensions>
      </trkpt>
      <trkpt lat="51.9395038671791553497314453125" lon="4.445325247943401336669921875">
        <ele>3.2000000476837158203125</ele>
        <time>2025-05-31T13:16:42.000Z</time>
        <extensions>
          <ns3:TrackPointExtension>
            <ns3:hr>140</ns3:hr>
          </ns3:TrackPointExtension>
        </extensions>
      </trkpt>
      <trkpt lat="51.93943404592573642730712890625" lon="4.44513707421720027923583984375">
        <ele>3</ele>
        <time>2025-05-31T13:16:45.000Z</time>
        <extensions>
          <ns3:TrackPointExtension>
            <ns3:hr>138</ns3:hr>
          </ns3:TrackPointExtension>
        </extensions>
      </trkpt>
      <trkpt lat="51.93922181613743305206298828125" lon="4.444594681262969970703125">
        <ele>3</ele>
        <time>2025-05-31T13:16:54.000Z</time>
        <extensions>
          <ns3:TrackPointExtension>
            <ns3:hr>136</ns3:hr>
          </ns3:TrackPointExtension>
        </extensions>
      </trkpt>
      <trkpt lat="51.939105726778507232666015625" lon="4.44420517422258853912353515625">
        <ele>3</ele>
        <time>2025-05-31T13:17:00.000Z</time>
        <extensions>
          <ns3:TrackPointExtension>
            <ns3:hr>136</ns3:hr>
          </ns3:TrackPointExtension>
        </extensions>
      </trkpt>
      <trkpt lat="51.9390951655805110931396484375" lon="4.44413878954946994781494140625">
        <ele>3</ele>
        <time>2025-05-31T13:17:01.000Z</time>
        <extensions>
          <ns3:TrackPointExtension>
            <ns3:hr>136</ns3:hr>
          </ns3:TrackPointExtension>
        </extensions>
      </trkpt>
      <trkpt lat="51.93900556303560733795166015625" lon="4.44355960004031658172607421875">
        <ele>3.599999904632568359375</ele>
        <time>2025-05-31T13:17:10.000Z</time>
        <extensions>
          <ns3:TrackPointExtension>
            <ns3:hr>136</ns3:hr>
          </ns3:TrackPointExtension>
        </extensions>
      </trkpt>
      <trkpt lat="51.938962228596210479736328125" lon="4.44329691119492053985595703125">
        <ele>3.7999999523162841796875</ele>
        <time>2025-05-31T13:17:14.000Z</time>
        <extensions>
          <ns3:TrackPointExtension>
            <ns3:hr>140</ns3:hr>
          </ns3:TrackPointExtension>
        </extensions>
      </trkpt>
      <trkpt lat="51.93891721777617931365966796875" lon="4.4430606253445148468017578125">
        <ele>4</ele>
        <time>2025-05-31T13:17:18.000Z</time>
        <extensions>
          <ns3:TrackPointExtension>
            <ns3:hr>141</ns3:hr>
          </ns3:TrackPointExtension>
        </extensions>
      </trkpt>
      <trkpt lat="51.938877068459987640380859375" lon="4.44276281632483005523681640625">
        <ele>4.400000095367431640625</ele>
        <time>2025-05-31T13:17:23.000Z</time>
        <extensions>
          <ns3:TrackPointExtension>
            <ns3:hr>144</ns3:hr>
          </ns3:TrackPointExtension>
        </extensions>
      </trkpt>
      <trkpt lat="51.9388715364038944244384765625" lon="4.44269634783267974853515625">
        <ele>4.400000095367431640625</ele>
        <time>2025-05-31T13:17:24.000Z</time>
        <extensions>
          <ns3:TrackPointExtension>
            <ns3:hr>145</ns3:hr>
          </ns3:TrackPointExtension>
        </extensions>
      </trkpt>
      <trkpt lat="51.938843540847301483154296875" lon="4.442392922937870025634765625">
        <ele>4.599999904632568359375</ele>
        <time>2025-05-31T13:17:29.000Z</time>
        <extensions>
          <ns3:TrackPointExtension>
            <ns3:hr>147</ns3:hr>
          </ns3:TrackPointExtension>
        </extensions>
      </trkpt>
      <trkpt lat="51.93882686085999011993408203125" lon="4.44219133816659450531005859375">
        <ele>4.80000019073486328125</ele>
        <time>2025-05-31T13:17:32.000Z</time>
        <extensions>
          <ns3:TrackPointExtension>
            <ns3:hr>147</ns3:hr>
          </ns3:TrackPointExtension>
        </extensions>
      </trkpt>
      <trkpt lat="51.93878713063895702362060546875" lon="4.441865198314189910888671875">
        <ele>4.599999904632568359375</ele>
        <time>2025-05-31T13:17:37.000Z</time>
        <extensions>
          <ns3:TrackPointExtension>
            <ns3:hr>150</ns3:hr>
          </ns3:TrackPointExtension>
        </extensions>
      </trkpt>
      <trkpt lat="51.9387719593942165374755859375" lon="4.4417922757565975189208984375">
        <ele>4.599999904632568359375</ele>
        <time>2025-05-31T13:17:38.000Z</time>
        <extensions>
          <ns3:TrackPointExtension>
            <ns3:hr>150</ns3:hr>
          </ns3:TrackPointExtension>
        </extensions>
      </trkpt>
      <trkpt lat="51.9387813471257686614990234375" lon="4.441410563886165618896484375">
        <ele>4.599999904632568359375</ele>
        <time>2025-05-31T13:17:43.000Z</time>
        <extensions>
          <ns3:TrackPointExtension>
            <ns3:hr>151</ns3:hr>
          </ns3:TrackPointExtension>
        </extensions>
      </trkpt>
      <trkpt lat="51.93880154751241207122802734375" lon="4.44111946038901805877685546875">
        <ele>4.599999904632568359375</ele>
        <time>2025-05-31T13:17:47.000Z</time>
        <extensions>
          <ns3:TrackPointExtension>
            <ns3:hr>149</ns3:hr>
          </ns3:TrackPointExtension>
        </extensions>
      </trkpt>
      <trkpt lat="51.938834488391876220703125" lon="4.4409953244030475616455078125">
        <ele>4.599999904632568359375</ele>
        <time>2025-05-31T13:17:49.000Z</time>
        <extensions>
          <ns3:TrackPointExtension>
            <ns3:hr>148</ns3:hr>
          </ns3:TrackPointExtension>
        </extensions>
      </trkpt>
      <trkpt lat="51.93898896686732769012451171875" lon="4.440367519855499267578125">
        <ele>4.80000019073486328125</ele>
        <time>2025-05-31T13:17:58.000Z</time>
        <extensions>
          <ns3:TrackPointExtension>
            <ns3:hr>146</ns3:hr>
          </ns3:TrackPointExtension>
        </extensions>
      </trkpt>
      <trkpt lat="51.93910262547433376312255859375" lon="4.4398513622581958770751953125">
        <ele>5</ele>
        <time>2025-05-31T13:18:05.000Z</time>
        <extensions>
          <ns3:TrackPointExtension>
            <ns3:hr>146</ns3:hr>
          </ns3:TrackPointExtension>
        </extensions>
      </trkpt>
      <trkpt lat="51.9391052238643169403076171875" lon="4.439779780805110931396484375">
        <ele>4.80000019073486328125</ele>
        <time>2025-05-31T13:18:06.000Z</time>
        <extensions>
          <ns3:TrackPointExtension>
            <ns3:hr>146</ns3:hr>
          </ns3:TrackPointExtension>
        </extensions>
      </trkpt>
      <trkpt lat="51.93910899572074413299560546875" lon="4.4397085346281528472900390625">
        <ele>4.80000019073486328125</ele>
        <time>2025-05-31T13:18:07.000Z</time>
        <extensions>
          <ns3:TrackPointExtension>
            <ns3:hr>145</ns3:hr>
          </ns3:TrackPointExtension>
        </extensions>
      </trkpt>
      <trkpt lat="51.9391189701855182647705078125" lon="4.4395714066922664642333984375">
        <ele>4.80000019073486328125</ele>
        <time>2025-05-31T13:18:09.000Z</time>
        <extensions>
          <ns3:TrackPointExtension>
            <ns3:hr>145</ns3:hr>
          </ns3:TrackPointExtension>
        </extensions>
      </trkpt>
      <trkpt lat="51.93912894465029239654541015625" lon="4.43944777362048625946044921875">
        <ele>4.80000019073486328125</ele>
        <time>2025-05-31T13:18:11.000Z</time>
        <extensions>
          <ns3:TrackPointExtension>
            <ns3:hr>145</ns3:hr>
          </ns3:TrackPointExtension>
        </extensions>
      </trkpt>
      <trkpt lat="51.93916641175746917724609375" lon="4.43915524519979953765869140625">
        <ele>5</ele>
        <time>2025-05-31T13:18:16.000Z</time>
        <extensions>
          <ns3:TrackPointExtension>
            <ns3:hr>146</ns3:hr>
          </ns3:TrackPointExtension>
        </extensions>
      </trkpt>
      <trkpt lat="51.939195580780506134033203125" lon="4.43882734514772891998291015625">
        <ele>5.19999980926513671875</ele>
        <time>2025-05-31T13:18:21.000Z</time>
        <extensions>
          <ns3:TrackPointExtension>
            <ns3:hr>146</ns3:hr>
          </ns3:TrackPointExtension>
        </extensions>
      </trkpt>
      <trkpt lat="51.9392296113073825836181640625" lon="4.43863254971802234649658203125">
        <ele>5.19999980926513671875</ele>
        <time>2025-05-31T13:18:24.000Z</time>
        <extensions>
          <ns3:TrackPointExtension>
            <ns3:hr>143</ns3:hr>
          </ns3:TrackPointExtension>
        </extensions>
      </trkpt>
      <trkpt lat="51.939258277416229248046875" lon="4.43840942345559597015380859375">
        <ele>5.19999980926513671875</ele>
        <time>2025-05-31T13:18:27.000Z</time>
        <extensions>
          <ns3:TrackPointExtension>
            <ns3:hr>140</ns3:hr>
          </ns3:TrackPointExtension>
        </extensions>
      </trkpt>
      <trkpt lat="51.93929071538150310516357421875" lon="4.43807087838649749755859375">
        <ele>5.19999980926513671875</ele>
        <time>2025-05-31T13:18:31.000Z</time>
        <extensions>
          <ns3:TrackPointExtension>
            <ns3:hr>138</ns3:hr>
          </ns3:TrackPointExtension>
        </extensions>
      </trkpt>
      <trkpt lat="51.93930580280721187591552734375" lon="4.437995441257953643798828125">
        <ele>5.19999980926513671875</ele>
        <time>2025-05-31T13:18:32.000Z</time>
        <extensions>
          <ns3:TrackPointExtension>
            <ns3:hr>138</ns3:hr>
          </ns3:TrackPointExtension>
        </extensions>
      </trkpt>
      <trkpt lat="51.93931795656681060791015625" lon="4.4379131309688091278076171875">
        <ele>5.400000095367431640625</ele>
        <time>2025-05-31T13:18:33.000Z</time>
        <extensions>
          <ns3:TrackPointExtension>
            <ns3:hr>139</ns3:hr>
          </ns3:TrackPointExtension>
        </extensions>
      </trkpt>
      <trkpt lat="51.93930714391171932220458984375" lon="4.43764415569603443145751953125">
        <ele>5.400000095367431640625</ele>
        <time>2025-05-31T13:18:36.000Z</time>
        <extensions>
          <ns3:TrackPointExtension>
            <ns3:hr>142</ns3:hr>
          </ns3:TrackPointExtension>
        </extensions>
      </trkpt>
      <trkpt lat="51.93930680863559246063232421875" lon="4.4374692253768444061279296875">
        <ele>5.400000095367431640625</ele>
        <time>2025-05-31T13:18:39.000Z</time>
        <extensions>
          <ns3:TrackPointExtension>
            <ns3:hr>144</ns3:hr>
          </ns3:TrackPointExtension>
        </extensions>
      </trkpt>
      <trkpt lat="51.93931393325328826904296875" lon="4.437404014170169830322265625">
        <ele>5.400000095367431640625</ele>
        <time>2025-05-31T13:18:40.000Z</time>
        <extensions>
          <ns3:TrackPointExtension>
            <ns3:hr>144</ns3:hr>
          </ns3:TrackPointExtension>
        </extensions>
      </trkpt>
      <trkpt lat="51.93935592658817768096923828125" lon="4.43699824623763561248779296875">
        <ele>5.400000095367431640625</ele>
        <time>2025-05-31T13:18:46.000Z</time>
        <extensions>
          <ns3:TrackPointExtension>
            <ns3:hr>144</ns3:hr>
          </ns3:TrackPointExtension>
        </extensions>
      </trkpt>
      <trkpt lat="51.9393747858703136444091796875" lon="4.4365653209388256072998046875">
        <ele>5.400000095367431640625</ele>
        <time>2025-05-31T13:18:52.000Z</time>
        <extensions>
          <ns3:TrackPointExtension>
            <ns3:hr>144</ns3:hr>
          </ns3:TrackPointExtension>
        </extensions>
      </trkpt>
      <trkpt lat="51.9394180364906787872314453125" lon="4.4362692721188068389892578125">
        <ele>5.400000095367431640625</ele>
        <time>2025-05-31T13:18:57.000Z</time>
        <extensions>
          <ns3:TrackPointExtension>
            <ns3:hr>143</ns3:hr>
          </ns3:TrackPointExtension>
        </extensions>
      </trkpt>
      <trkpt lat="51.939463131129741668701171875" lon="4.4358863867819309234619140625">
        <ele>5.400000095367431640625</ele>
        <time>2025-05-31T13:19:02.000Z</time>
        <extensions>
          <ns3:TrackPointExtension>
            <ns3:hr>144</ns3:hr>
          </ns3:TrackPointExtension>
        </extensions>
      </trkpt>
      <trkpt lat="51.93947897292673587799072265625" lon="4.4355350174009799957275390625">
        <ele>5.599999904632568359375</ele>
        <time>2025-05-31T13:19:06.000Z</time>
        <extensions>
          <ns3:TrackPointExtension>
            <ns3:hr>145</ns3:hr>
          </ns3:TrackPointExtension>
        </extensions>
      </trkpt>
      <trkpt lat="51.93948023021221160888671875" lon="4.4354599155485630035400390625">
        <ele>5.599999904632568359375</ele>
        <time>2025-05-31T13:19:07.000Z</time>
        <extensions>
          <ns3:TrackPointExtension>
            <ns3:hr>145</ns3:hr>
          </ns3:TrackPointExtension>
        </extensions>
      </trkpt>
      <trkpt lat="51.939540915191173553466796875" lon="4.4351948797702789306640625">
        <ele>5.80000019073486328125</ele>
        <time>2025-05-31T13:19:12.000Z</time>
        <extensions>
          <ns3:TrackPointExtension>
            <ns3:hr>146</ns3:hr>
          </ns3:TrackPointExtension>
        </extensions>
      </trkpt>
      <trkpt lat="51.939616687595844268798828125" lon="4.43499840795993804931640625">
        <ele>6.19999980926513671875</ele>
        <time>2025-05-31T13:19:17.000Z</time>
        <extensions>
          <ns3:TrackPointExtension>
            <ns3:hr>143</ns3:hr>
          </ns3:TrackPointExtension>
        </extensions>
      </trkpt>
      <trkpt lat="51.9396297633647918701171875" lon="4.43494786508381366729736328125">
        <ele>6.19999980926513671875</ele>
        <time>2025-05-31T13:19:18.000Z</time>
        <extensions>
          <ns3:TrackPointExtension>
            <ns3:hr>142</ns3:hr>
          </ns3:TrackPointExtension>
        </extensions>
      </trkpt>
      <trkpt lat="51.9397241435945034027099609375" lon="4.43484015762805938720703125">
        <ele>6.599999904632568359375</ele>
        <time>2025-05-31T13:19:22.000Z</time>
        <extensions>
          <ns3:TrackPointExtension>
            <ns3:hr>139</ns3:hr>
          </ns3:TrackPointExtension>
        </extensions>
      </trkpt>
      <trkpt lat="51.9397975690662860870361328125" lon="4.43476933054625988006591796875">
        <ele>6.599999904632568359375</ele>
        <time>2025-05-31T13:19:24.000Z</time>
        <extensions>
          <ns3:TrackPointExtension>
            <ns3:hr>139</ns3:hr>
          </ns3:TrackPointExtension>
        </extensions>
      </trkpt>
      <trkpt lat="51.94002094678580760955810546875" lon="4.4345878623425960540771484375">
        <ele>6.19999980926513671875</ele>
        <time>2025-05-31T13:19:30.000Z</time>
        <extensions>
          <ns3:TrackPointExtension>
            <ns3:hr>141</ns3:hr>
          </ns3:TrackPointExtension>
        </extensions>
      </trkpt>
      <trkpt lat="51.94027039222419261932373046875" lon="4.43440941162407398223876953125">
        <ele>5.599999904632568359375</ele>
        <time>2025-05-31T13:19:36.000Z</time>
        <extensions>
          <ns3:TrackPointExtension>
            <ns3:hr>143</ns3:hr>
          </ns3:TrackPointExtension>
        </extensions>
      </trkpt>
      <trkpt lat="51.94030643440783023834228515625" lon="4.434375129640102386474609375">
        <ele>5.400000095367431640625</ele>
        <time>2025-05-31T13:19:37.000Z</time>
        <extensions>
          <ns3:TrackPointExtension>
            <ns3:hr>142</ns3:hr>
          </ns3:TrackPointExtension>
        </extensions>
      </trkpt>
      <trkpt lat="51.9403796084225177764892578125" lon="4.4343286938965320587158203125">
        <ele>5.400000095367431640625</ele>
        <time>2025-05-31T13:19:39.000Z</time>
        <extensions>
          <ns3:TrackPointExtension>
            <ns3:hr>141</ns3:hr>
          </ns3:TrackPointExtension>
        </extensions>
      </trkpt>
      <trkpt lat="51.9405328296124935150146484375" lon="4.43423590622842311859130859375">
        <ele>5.400000095367431640625</ele>
        <time>2025-05-31T13:19:43.000Z</time>
        <extensions>
          <ns3:TrackPointExtension>
            <ns3:hr>138</ns3:hr>
          </ns3:TrackPointExtension>
        </extensions>
      </trkpt>
      <trkpt lat="51.94076308049261569976806640625" lon="4.43405401892960071563720703125">
        <ele>5.599999904632568359375</ele>
        <time>2025-05-31T13:19:49.000Z</time>
        <extensions>
          <ns3:TrackPointExtension>
            <ns3:hr>140</ns3:hr>
          </ns3:TrackPointExtension>
        </extensions>
      </trkpt>
      <trkpt lat="51.9410652481019496917724609375" lon="4.43382955156266689300537109375">
        <ele>6</ele>
        <time>2025-05-31T13:19:56.000Z</time>
        <extensions>
          <ns3:TrackPointExtension>
            <ns3:hr>141</ns3:hr>
          </ns3:TrackPointExtension>
        </extensions>
      </trkpt>
      <trkpt lat="51.9412927329540252685546875" lon="4.43359770812094211578369140625">
        <ele>6</ele>
        <time>2025-05-31T13:20:02.000Z</time>
        <extensions>
          <ns3:TrackPointExtension>
            <ns3:hr>144</ns3:hr>
          </ns3:TrackPointExtension>
        </extensions>
      </trkpt>
      <trkpt lat="51.9413371570408344268798828125" lon="4.43354456685483455657958984375">
        <ele>6</ele>
        <time>2025-05-31T13:20:03.000Z</time>
        <extensions>
          <ns3:TrackPointExtension>
            <ns3:hr>145</ns3:hr>
          </ns3:TrackPointExtension>
        </extensions>
      </trkpt>
      <trkpt lat="51.94142080843448638916015625" lon="4.433461837470531463623046875">
        <ele>5.80000019073486328125</ele>
        <time>2025-05-31T13:20:05.000Z</time>
        <extensions>
          <ns3:TrackPointExtension>
            <ns3:hr>146</ns3:hr>
          </ns3:TrackPointExtension>
        </extensions>
      </trkpt>
      <trkpt lat="51.94151870906352996826171875" lon="4.4333456642925739288330078125">
        <ele>5.80000019073486328125</ele>
        <time>2025-05-31T13:20:08.000Z</time>
        <extensions>
          <ns3:TrackPointExtension>
            <ns3:hr>146</ns3:hr>
          </ns3:TrackPointExtension>
        </extensions>
      </trkpt>
      <trkpt lat="51.9416727684438228607177734375" lon="4.4332075305283069610595703125">
        <ele>5.80000019073486328125</ele>
        <time>2025-05-31T13:20:12.000Z</time>
        <extensions>
          <ns3:TrackPointExtension>
            <ns3:hr>145</ns3:hr>
          </ns3:TrackPointExtension>
        </extensions>
      </trkpt>
      <trkpt lat="51.94174560718238353729248046875" lon="4.43313963711261749267578125">
        <ele>5.80000019073486328125</ele>
        <time>2025-05-31T13:20:14.000Z</time>
        <extensions>
          <ns3:TrackPointExtension>
            <ns3:hr>145</ns3:hr>
          </ns3:TrackPointExtension>
        </extensions>
      </trkpt>
      <trkpt lat="51.9418989121913909912109375" lon="4.43298331461846828460693359375">
        <ele>5.80000019073486328125</ele>
        <time>2025-05-31T13:20:18.000Z</time>
        <extensions>
          <ns3:TrackPointExtension>
            <ns3:hr>141</ns3:hr>
          </ns3:TrackPointExtension>
        </extensions>
      </trkpt>
      <trkpt lat="51.942026317119598388671875" lon="4.43285473622381687164306640625">
        <ele>5.80000019073486328125</ele>
        <time>2025-05-31T13:20:21.000Z</time>
        <extensions>
          <ns3:TrackPointExtension>
            <ns3:hr>140</ns3:hr>
          </ns3:TrackPointExtension>
        </extensions>
      </trkpt>
      <trkpt lat="51.942069232463836669921875" lon="4.43280511535704135894775390625">
        <ele>5.80000019073486328125</ele>
        <time>2025-05-31T13:20:22.000Z</time>
        <extensions>
          <ns3:TrackPointExtension>
            <ns3:hr>140</ns3:hr>
          </ns3:TrackPointExtension>
        </extensions>
      </trkpt>
      <trkpt lat="51.9421242177486419677734375" lon="4.43267737515270709991455078125">
        <ele>5.80000019073486328125</ele>
        <time>2025-05-31T13:20:24.000Z</time>
        <extensions>
          <ns3:TrackPointExtension>
            <ns3:hr>141</ns3:hr>
          </ns3:TrackPointExtension>
        </extensions>
      </trkpt>
      <trkpt lat="51.94218113087117671966552734375" lon="4.43253437988460063934326171875">
        <ele>6</ele>
        <time>2025-05-31T13:20:27.000Z</time>
        <extensions>
          <ns3:TrackPointExtension>
            <ns3:hr>140</ns3:hr>
          </ns3:TrackPointExtension>
        </extensions>
      </trkpt>
      <trkpt lat="51.94222656078636646270751953125" lon="4.43220446817576885223388671875">
        <ele>6.400000095367431640625</ele>
        <time>2025-05-31T13:20:33.000Z</time>
        <extensions>
          <ns3:TrackPointExtension>
            <ns3:hr>139</ns3:hr>
          </ns3:TrackPointExtension>
        </extensions>
      </trkpt>
      <trkpt lat="51.9422315061092376708984375" lon="4.4319703616201877593994140625">
        <ele>6.80000019073486328125</ele>
        <time>2025-05-31T13:20:37.000Z</time>
        <extensions>
          <ns3:TrackPointExtension>
            <ns3:hr>140</ns3:hr>
          </ns3:TrackPointExtension>
        </extensions>
      </trkpt>
      <trkpt lat="51.94222672842442989349365234375" lon="4.4319033063948154449462890625">
        <ele>6.80000019073486328125</ele>
        <time>2025-05-31T13:20:38.000Z</time>
        <extensions>
          <ns3:TrackPointExtension>
            <ns3:hr>140</ns3:hr>
          </ns3:TrackPointExtension>
        </extensions>
      </trkpt>
      <trkpt lat="51.94223410449922084808349609375" lon="4.43169501610100269317626953125">
        <ele>7.19999980926513671875</ele>
        <time>2025-05-31T13:20:41.000Z</time>
        <extensions>
          <ns3:TrackPointExtension>
            <ns3:hr>145</ns3:hr>
          </ns3:TrackPointExtension>
        </extensions>
      </trkpt>
      <trkpt lat="51.94230266846716403961181640625" lon="4.431474320590496063232421875">
        <ele>7.400000095367431640625</ele>
        <time>2025-05-31T13:20:44.000Z</time>
        <extensions>
          <ns3:TrackPointExtension>
            <ns3:hr>147</ns3:hr>
          </ns3:TrackPointExtension>
        </extensions>
      </trkpt>
      <trkpt lat="51.942388080060482025146484375" lon="4.43127281963825225830078125">
        <ele>7.80000019073486328125</ele>
        <time>2025-05-31T13:20:47.000Z</time>
        <extensions>
          <ns3:TrackPointExtension>
            <ns3:hr>149</ns3:hr>
          </ns3:TrackPointExtension>
        </extensions>
      </trkpt>
      <trkpt lat="51.94241951219737529754638671875" lon="4.43108347244560718536376953125">
        <ele>7.80000019073486328125</ele>
        <time>2025-05-31T13:20:49.000Z</time>
        <extensions>
          <ns3:TrackPointExtension>
            <ns3:hr>149</ns3:hr>
          </ns3:TrackPointExtension>
        </extensions>
      </trkpt>
      <trkpt lat="51.942501403391361236572265625" lon="4.430872835218906402587890625">
        <ele>7.80000019073486328125</ele>
        <time>2025-05-31T13:20:52.000Z</time>
        <extensions>
          <ns3:TrackPointExtension>
            <ns3:hr>152</ns3:hr>
          </ns3:TrackPointExtension>
        </extensions>
      </trkpt>
      <trkpt lat="51.94256418384611606597900390625" lon="4.43070410750806331634521484375">
        <ele>7.599999904632568359375</ele>
        <time>2025-05-31T13:20:55.000Z</time>
        <extensions>
          <ns3:TrackPointExtension>
            <ns3:hr>152</ns3:hr>
          </ns3:TrackPointExtension>
        </extensions>
      </trkpt>
      <trkpt lat="51.94262419827282428741455078125" lon="4.43054669536650180816650390625">
        <ele>7.599999904632568359375</ele>
        <time>2025-05-31T13:20:58.000Z</time>
        <extensions>
          <ns3:TrackPointExtension>
            <ns3:hr>154</ns3:hr>
          </ns3:TrackPointExtension>
        </extensions>
      </trkpt>
      <trkpt lat="51.94267901591956615447998046875" lon="4.43045566789805889129638671875">
        <ele>7.599999904632568359375</ele>
        <time>2025-05-31T13:21:00.000Z</time>
        <extensions>
          <ns3:TrackPointExtension>
            <ns3:hr>154</ns3:hr>
          </ns3:TrackPointExtension>
        </extensions>
      </trkpt>
      <trkpt lat="51.942711286246776580810546875" lon="4.4304312765598297119140625">
        <ele>7.599999904632568359375</ele>
        <time>2025-05-31T13:21:01.000Z</time>
        <extensions>
          <ns3:TrackPointExtension>
            <ns3:hr>154</ns3:hr>
          </ns3:TrackPointExtension>
        </extensions>
      </trkpt>
      <trkpt lat="51.9428475759923458099365234375" lon="4.43026363849639892578125">
        <ele>7.400000095367431640625</ele>
        <time>2025-05-31T13:21:06.000Z</time>
        <extensions>
          <ns3:TrackPointExtension>
            <ns3:hr>155</ns3:hr>
          </ns3:TrackPointExtension>
        </extensions>
      </trkpt>
      <trkpt lat="51.942892335355281829833984375" lon="4.430088289082050323486328125">
        <ele>7.400000095367431640625</ele>
        <time>2025-05-31T13:21:09.000Z</time>
        <extensions>
          <ns3:TrackPointExtension>
            <ns3:hr>154</ns3:hr>
          </ns3:TrackPointExtension>
        </extensions>
      </trkpt>
      <trkpt lat="51.94292410276830196380615234375" lon="4.430052079260349273681640625">
        <ele>7.599999904632568359375</ele>
        <time>2025-05-31T13:21:10.000Z</time>
        <extensions>
          <ns3:TrackPointExtension>
            <ns3:hr>154</ns3:hr>
          </ns3:TrackPointExtension>
        </extensions>
      </trkpt>
      <trkpt lat="51.94326817989349365234375" lon="4.4296670146286487579345703125">
        <ele>8</ele>
        <time>2025-05-31T13:21:20.000Z</time>
        <extensions>
          <ns3:TrackPointExtension>
            <ns3:hr>154</ns3:hr>
          </ns3:TrackPointExtension>
        </extensions>
      </trkpt>
      <trkpt lat="51.94338016211986541748046875" lon="4.429521672427654266357421875">
        <ele>7.80000019073486328125</ele>
        <time>2025-05-31T13:21:24.000Z</time>
        <extensions>
          <ns3:TrackPointExtension>
            <ns3:hr>152</ns3:hr>
          </ns3:TrackPointExtension>
        </extensions>
      </trkpt>
      <trkpt lat="51.9434101693332195281982421875" lon="4.42942318506538867950439453125">
        <ele>7.80000019073486328125</ele>
        <time>2025-05-31T13:21:26.000Z</time>
        <extensions>
          <ns3:TrackPointExtension>
            <ns3:hr>152</ns3:hr>
          </ns3:TrackPointExtension>
        </extensions>
      </trkpt>
      <trkpt lat="51.943501867353916168212890625" lon="4.42913652397692203521728515625">
        <ele>8</ele>
        <time>2025-05-31T13:21:32.000Z</time>
        <extensions>
          <ns3:TrackPointExtension>
            <ns3:hr>150</ns3:hr>
          </ns3:TrackPointExtension>
        </extensions>
      </trkpt>
      <trkpt lat="51.94361024536192417144775390625" lon="4.4288871623575687408447265625">
        <ele>7.80000019073486328125</ele>
        <time>2025-05-31T13:21:39.000Z</time>
        <extensions>
          <ns3:TrackPointExtension>
            <ns3:hr>148</ns3:hr>
          </ns3:TrackPointExtension>
        </extensions>
      </trkpt>
      <trkpt lat="51.94363321177661418914794921875" lon="4.4288281537592411041259765625">
        <ele>7.80000019073486328125</ele>
        <time>2025-05-31T13:21:42.000Z</time>
        <extensions>
          <ns3:TrackPointExtension>
            <ns3:hr>146</ns3:hr>
          </ns3:TrackPointExtension>
        </extensions>
      </trkpt>
      <trkpt lat="51.94364176131784915924072265625" lon="4.42880610935389995574951171875">
        <ele>7.80000019073486328125</ele>
        <time>2025-05-31T13:21:44.000Z</time>
        <extensions>
          <ns3:TrackPointExtension>
            <ns3:hr>146</ns3:hr>
          </ns3:TrackPointExtension>
        </extensions>
      </trkpt>
      <trkpt lat="51.94364628754556179046630859375" lon="4.428742825984954833984375">
        <ele>7.80000019073486328125</ele>
        <time>2025-05-31T13:21:46.000Z</time>
        <extensions>
          <ns3:TrackPointExtension>
            <ns3:hr>145</ns3:hr>
          </ns3:TrackPointExtension>
        </extensions>
      </trkpt>
      <trkpt lat="51.943671517074108123779296875" lon="4.42866864614188671112060546875">
        <ele>7.80000019073486328125</ele>
        <time>2025-05-31T13:21:48.000Z</time>
        <extensions>
          <ns3:TrackPointExtension>
            <ns3:hr>142</ns3:hr>
          </ns3:TrackPointExtension>
        </extensions>
      </trkpt>
      <trkpt lat="51.9436941482126712799072265625" lon="4.42857946269214153289794921875">
        <ele>7.80000019073486328125</ele>
        <time>2025-05-31T13:21:50.000Z</time>
        <extensions>
          <ns3:TrackPointExtension>
            <ns3:hr>139</ns3:hr>
          </ns3:TrackPointExtension>
        </extensions>
      </trkpt>
      <trkpt lat="51.9437362253665924072265625" lon="4.42842607386410236358642578125">
        <ele>7.80000019073486328125</ele>
        <time>2025-05-31T13:21:53.000Z</time>
        <extensions>
          <ns3:TrackPointExtension>
            <ns3:hr>136</ns3:hr>
          </ns3:TrackPointExtension>
        </extensions>
      </trkpt>
      <trkpt lat="51.94375273771584033966064453125" lon="4.428373016417026519775390625">
        <ele>7.80000019073486328125</ele>
        <time>2025-05-31T13:21:54.000Z</time>
        <extensions>
          <ns3:TrackPointExtension>
            <ns3:hr>137</ns3:hr>
          </ns3:TrackPointExtension>
        </extensions>
      </trkpt>
      <trkpt lat="51.94384376518428325653076171875" lon="4.42801049910485744476318359375">
        <ele>7.599999904632568359375</ele>
        <time>2025-05-31T13:22:00.000Z</time>
        <extensions>
          <ns3:TrackPointExtension>
            <ns3:hr>137</ns3:hr>
          </ns3:TrackPointExtension>
        </extensions>
      </trkpt>
      <trkpt lat="51.943894810974597930908203125" lon="4.4278799928724765777587890625">
        <ele>7.599999904632568359375</ele>
        <time>2025-05-31T13:22:02.000Z</time>
        <extensions>
          <ns3:TrackPointExtension>
            <ns3:hr>141</ns3:hr>
          </ns3:TrackPointExtension>
        </extensions>
      </trkpt>
      <trkpt lat="51.9439506344497203826904296875" lon="4.42776625044643878936767578125">
        <ele>7.400000095367431640625</ele>
        <time>2025-05-31T13:22:04.000Z</time>
        <extensions>
          <ns3:TrackPointExtension>
            <ns3:hr>145</ns3:hr>
          </ns3:TrackPointExtension>
        </extensions>
      </trkpt>
      <trkpt lat="51.94401341490447521209716796875" lon="4.42765728570520877838134765625">
        <ele>7.400000095367431640625</ele>
        <time>2025-05-31T13:22:06.000Z</time>
        <extensions>
          <ns3:TrackPointExtension>
            <ns3:hr>145</ns3:hr>
          </ns3:TrackPointExtension>
        </extensions>
      </trkpt>
      <trkpt lat="51.9443073682487010955810546875" lon="4.4273522682487964630126953125">
        <ele>7.400000095367431640625</ele>
        <time>2025-05-31T13:22:14.000Z</time>
        <extensions>
          <ns3:TrackPointExtension>
            <ns3:hr>145</ns3:hr>
          </ns3:TrackPointExtension>
        </extensions>
      </trkpt>
      <trkpt lat="51.9443905167281627655029296875" lon="4.42728177644312381744384765625">
        <ele>7.400000095367431640625</ele>
        <time>2025-05-31T13:22:16.000Z</time>
        <extensions>
          <ns3:TrackPointExtension>
            <ns3:hr>145</ns3:hr>
          </ns3:TrackPointExtension>
        </extensions>
      </trkpt>
      <trkpt lat="51.94458422251045703887939453125" lon="4.42712369374930858612060546875">
        <ele>7.599999904632568359375</ele>
        <time>2025-05-31T13:22:21.000Z</time>
        <extensions>
          <ns3:TrackPointExtension>
            <ns3:hr>144</ns3:hr>
          </ns3:TrackPointExtension>
        </extensions>
      </trkpt>
      <trkpt lat="51.94494724273681640625" lon="4.42682177759706974029541015625">
        <ele>7.400000095367431640625</ele>
        <time>2025-05-31T13:22:31.000Z</time>
        <extensions>
          <ns3:TrackPointExtension>
            <ns3:hr>141</ns3:hr>
          </ns3:TrackPointExtension>
        </extensions>
      </trkpt>
      <trkpt lat="51.9452287070453166961669921875" lon="4.4265903532505035400390625">
        <ele>7.599999904632568359375</ele>
        <time>2025-05-31T13:22:39.000Z</time>
        <extensions>
          <ns3:TrackPointExtension>
            <ns3:hr>140</ns3:hr>
          </ns3:TrackPointExtension>
        </extensions>
      </trkpt>
      <trkpt lat="51.9454691000282764434814453125" lon="4.4264255650341510772705078125">
        <ele>7.400000095367431640625</ele>
        <time>2025-05-31T13:22:46.000Z</time>
        <extensions>
          <ns3:TrackPointExtension>
            <ns3:hr>140</ns3:hr>
          </ns3:TrackPointExtension>
        </extensions>
      </trkpt>
      <trkpt lat="51.9455773942172527313232421875" lon="4.4264644570648670196533203125">
        <ele>7.19999980926513671875</ele>
        <time>2025-05-31T13:22:49.000Z</time>
        <extensions>
          <ns3:TrackPointExtension>
            <ns3:hr>141</ns3:hr>
          </ns3:TrackPointExtension>
        </extensions>
      </trkpt>
      <trkpt lat="51.94560639560222625732421875" lon="4.4265137426555156707763671875">
        <ele>7.19999980926513671875</ele>
        <time>2025-05-31T13:22:50.000Z</time>
        <extensions>
          <ns3:TrackPointExtension>
            <ns3:hr>141</ns3:hr>
          </ns3:TrackPointExtension>
        </extensions>
      </trkpt>
      <trkpt lat="51.94569197483360767364501953125" lon="4.426682889461517333984375">
        <ele>6.80000019073486328125</ele>
        <time>2025-05-31T13:22:53.000Z</time>
        <extensions>
          <ns3:TrackPointExtension>
            <ns3:hr>142</ns3:hr>
          </ns3:TrackPointExtension>
        </extensions>
      </trkpt>
      <trkpt lat="51.9457222335040569305419921875" lon="4.42673980258405208587646484375">
        <ele>6.599999904632568359375</ele>
        <time>2025-05-31T13:22:54.000Z</time>
        <extensions>
          <ns3:TrackPointExtension>
            <ns3:hr>143</ns3:hr>
          </ns3:TrackPointExtension>
        </extensions>
      </trkpt>
      <trkpt lat="51.9457493908703327178955078125" lon="4.42680819891393184661865234375">
        <ele>6.400000095367431640625</ele>
        <time>2025-05-31T13:22:55.000Z</time>
        <extensions>
          <ns3:TrackPointExtension>
            <ns3:hr>144</ns3:hr>
          </ns3:TrackPointExtension>
        </extensions>
      </trkpt>
      <trkpt lat="51.94577394984662532806396484375" lon="4.42687810398638248443603515625">
        <ele>6.19999980926513671875</ele>
        <time>2025-05-31T13:22:56.000Z</time>
        <extensions>
          <ns3:TrackPointExtension>
            <ns3:hr>143</ns3:hr>
          </ns3:TrackPointExtension>
        </extensions>
      </trkpt>
      <trkpt lat="51.9458952359855175018310546875" lon="4.42723450250923633575439453125">
        <ele>5.599999904632568359375</ele>
        <time>2025-05-31T13:23:01.000Z</time>
        <extensions>
          <ns3:TrackPointExtension>
            <ns3:hr>139</ns3:hr>
          </ns3:TrackPointExtension>
        </extensions>
      </trkpt>
      <trkpt lat="51.94590948522090911865234375" lon="4.4273053295910358428955078125">
        <ele>5.599999904632568359375</ele>
        <time>2025-05-31T13:23:02.000Z</time>
        <extensions>
          <ns3:TrackPointExtension>
            <ns3:hr>137</ns3:hr>
          </ns3:TrackPointExtension>
        </extensions>
      </trkpt>
      <trkpt lat="51.94601082243025302886962890625" lon="4.42754848860204219818115234375">
        <ele>5.599999904632568359375</ele>
        <time>2025-05-31T13:23:06.000Z</time>
        <extensions>
          <ns3:TrackPointExtension>
            <ns3:hr>134</ns3:hr>
          </ns3:TrackPointExtension>
        </extensions>
      </trkpt>
      <trkpt lat="51.94602859206497669219970703125" lon="4.4276124425232410430908203125">
        <ele>5.599999904632568359375</ele>
        <time>2025-05-31T13:23:07.000Z</time>
        <extensions>
          <ns3:TrackPointExtension>
            <ns3:hr>133</ns3:hr>
          </ns3:TrackPointExtension>
        </extensions>
      </trkpt>
      <trkpt lat="51.94604904390871524810791015625" lon="4.4276739656925201416015625">
        <ele>5.599999904632568359375</ele>
        <time>2025-05-31T13:23:08.000Z</time>
        <extensions>
          <ns3:TrackPointExtension>
            <ns3:hr>133</ns3:hr>
          </ns3:TrackPointExtension>
        </extensions>
      </trkpt>
      <trkpt lat="51.94609715603291988372802734375" lon="4.4277881272137165069580078125">
        <ele>5.19999980926513671875</ele>
        <time>2025-05-31T13:23:10.000Z</time>
        <extensions>
          <ns3:TrackPointExtension>
            <ns3:hr>132</ns3:hr>
          </ns3:TrackPointExtension>
        </extensions>
      </trkpt>
      <trkpt lat="51.94619002752006053924560546875" lon="4.42789457738399505615234375">
        <ele>5</ele>
        <time>2025-05-31T13:23:13.000Z</time>
        <extensions>
          <ns3:TrackPointExtension>
            <ns3:hr>133</ns3:hr>
          </ns3:TrackPointExtension>
        </extensions>
      </trkpt>
      <trkpt lat="51.9462754391133785247802734375" lon="4.427893571555614471435546875">
        <ele>5</ele>
        <time>2025-05-31T13:23:15.000Z</time>
        <extensions>
          <ns3:TrackPointExtension>
            <ns3:hr>133</ns3:hr>
          </ns3:TrackPointExtension>
        </extensions>
      </trkpt>
      <trkpt lat="51.94635204970836639404296875" lon="4.42784939892590045928955078125">
        <ele>5</ele>
        <time>2025-05-31T13:23:17.000Z</time>
        <extensions>
          <ns3:TrackPointExtension>
            <ns3:hr>132</ns3:hr>
          </ns3:TrackPointExtension>
        </extensions>
      </trkpt>
      <trkpt lat="51.946619935333728790283203125" lon="4.42757966928184032440185546875">
        <ele>4.599999904632568359375</ele>
        <time>2025-05-31T13:23:24.000Z</time>
        <extensions>
          <ns3:TrackPointExtension>
            <ns3:hr>132</ns3:hr>
          </ns3:TrackPointExtension>
        </extensions>
      </trkpt>
      <trkpt lat="51.94683526642620563507080078125" lon="4.427353441715240478515625">
        <ele>4.80000019073486328125</ele>
        <time>2025-05-31T13:23:30.000Z</time>
        <extensions>
          <ns3:TrackPointExtension>
            <ns3:hr>135</ns3:hr>
          </ns3:TrackPointExtension>
        </extensions>
      </trkpt>
      <trkpt lat="51.94689846597611904144287109375" lon="4.42728630267083644866943359375">
        <ele>4.80000019073486328125</ele>
        <time>2025-05-31T13:23:32.000Z</time>
        <extensions>
          <ns3:TrackPointExtension>
            <ns3:hr>136</ns3:hr>
          </ns3:TrackPointExtension>
        </extensions>
      </trkpt>
      <trkpt lat="51.94702268578112125396728515625" lon="4.4270999729633331298828125">
        <ele>5</ele>
        <time>2025-05-31T13:23:37.000Z</time>
        <extensions>
          <ns3:TrackPointExtension>
            <ns3:hr>133</ns3:hr>
          </ns3:TrackPointExtension>
        </extensions>
      </trkpt>
      <trkpt lat="51.94705269299447536468505859375" lon="4.427058733999729156494140625">
        <ele>5</ele>
        <time>2025-05-31T13:23:38.000Z</time>
        <extensions>
          <ns3:TrackPointExtension>
            <ns3:hr>134</ns3:hr>
          </ns3:TrackPointExtension>
        </extensions>
      </trkpt>
      <trkpt lat="51.94727028720080852508544921875" lon="4.42685547284781932830810546875">
        <ele>5</ele>
        <time>2025-05-31T13:23:44.000Z</time>
        <extensions>
          <ns3:TrackPointExtension>
            <ns3:hr>132</ns3:hr>
          </ns3:TrackPointExtension>
        </extensions>
      </trkpt>
      <trkpt lat="51.94731789641082286834716796875" lon="4.42683217115700244903564453125">
        <ele>5</ele>
        <time>2025-05-31T13:23:45.000Z</time>
        <extensions>
          <ns3:TrackPointExtension>
            <ns3:hr>132</ns3:hr>
          </ns3:TrackPointExtension>
        </extensions>
      </trkpt>
      <trkpt lat="51.9473580457270145416259765625" lon="4.4268024154007434844970703125">
        <ele>5</ele>
        <time>2025-05-31T13:23:46.000Z</time>
        <extensions>
          <ns3:TrackPointExtension>
            <ns3:hr>132</ns3:hr>
          </ns3:TrackPointExtension>
        </extensions>
      </trkpt>
      <trkpt lat="51.947519481182098388671875" lon="4.42663268186151981353759765625">
        <ele>5</ele>
        <time>2025-05-31T13:23:50.000Z</time>
        <extensions>
          <ns3:TrackPointExtension>
            <ns3:hr>129</ns3:hr>
          </ns3:TrackPointExtension>
        </extensions>
      </trkpt>
      <trkpt lat="51.94780647754669189453125" lon="4.42632791586220264434814453125">
        <ele>5</ele>
        <time>2025-05-31T13:23:57.000Z</time>
        <extensions>
          <ns3:TrackPointExtension>
            <ns3:hr>133</ns3:hr>
          </ns3:TrackPointExtension>
        </extensions>
      </trkpt>
      <trkpt lat="51.94788853637874126434326171875" lon="4.42624728195369243621826171875">
        <ele>5</ele>
        <time>2025-05-31T13:23:59.000Z</time>
        <extensions>
          <ns3:TrackPointExtension>
            <ns3:hr>135</ns3:hr>
          </ns3:TrackPointExtension>
        </extensions>
      </trkpt>
      <trkpt lat="51.9482884369790554046630859375" lon="4.425828941166400909423828125">
        <ele>5.19999980926513671875</ele>
        <time>2025-05-31T13:24:10.000Z</time>
        <extensions>
          <ns3:TrackPointExtension>
            <ns3:hr>137</ns3:hr>
          </ns3:TrackPointExtension>
        </extensions>
      </trkpt>
      <trkpt lat="51.948608458042144775390625" lon="4.42548654042184352874755859375">
        <ele>5</ele>
        <time>2025-05-31T13:24:19.000Z</time>
        <extensions>
          <ns3:TrackPointExtension>
            <ns3:hr>140</ns3:hr>
          </ns3:TrackPointExtension>
        </extensions>
      </trkpt>
      <trkpt lat="51.948645673692226409912109375" lon="4.4254532642662525177001953125">
        <ele>5</ele>
        <time>2025-05-31T13:24:20.000Z</time>
        <extensions>
          <ns3:TrackPointExtension>
            <ns3:hr>140</ns3:hr>
          </ns3:TrackPointExtension>
        </extensions>
      </trkpt>
      <trkpt lat="51.94900651462376117706298828125" lon="4.42507079802453517913818359375">
        <ele>4.80000019073486328125</ele>
        <time>2025-05-31T13:24:31.000Z</time>
        <extensions>
          <ns3:TrackPointExtension>
            <ns3:hr>140</ns3:hr>
          </ns3:TrackPointExtension>
        </extensions>
      </trkpt>
      <trkpt lat="51.94921002723276615142822265625" lon="4.42485689185559749603271484375">
        <ele>4.80000019073486328125</ele>
        <time>2025-05-31T13:24:38.000Z</time>
        <extensions>
          <ns3:TrackPointExtension>
            <ns3:hr>138</ns3:hr>
          </ns3:TrackPointExtension>
        </extensions>
      </trkpt>
      <trkpt lat="51.94933525286614894866943359375" lon="4.42471490241587162017822265625">
        <ele>4.80000019073486328125</ele>
        <time>2025-05-31T13:24:42.000Z</time>
        <extensions>
          <ns3:TrackPointExtension>
            <ns3:hr>141</ns3:hr>
          </ns3:TrackPointExtension>
        </extensions>
      </trkpt>
      <trkpt lat="51.9495081715285778045654296875" lon="4.42453921772539615631103515625">
        <ele>4.80000019073486328125</ele>
        <time>2025-05-31T13:24:47.000Z</time>
        <extensions>
          <ns3:TrackPointExtension>
            <ns3:hr>140</ns3:hr>
          </ns3:TrackPointExtension>
        </extensions>
      </trkpt>
      <trkpt lat="51.949853003025054931640625" lon="4.4241735152900218963623046875">
        <ele>4.599999904632568359375</ele>
        <time>2025-05-31T13:24:57.000Z</time>
        <extensions>
          <ns3:TrackPointExtension>
            <ns3:hr>140</ns3:hr>
          </ns3:TrackPointExtension>
        </extensions>
      </trkpt>
      <trkpt lat="51.95003313012421131134033203125" lon="4.423984251916408538818359375">
        <ele>4.599999904632568359375</ele>
        <time>2025-05-31T13:25:02.000Z</time>
        <extensions>
          <ns3:TrackPointExtension>
            <ns3:hr>137</ns3:hr>
          </ns3:TrackPointExtension>
        </extensions>
      </trkpt>
      <trkpt lat="51.9502209685742855072021484375" lon="4.42379406653344631195068359375">
        <ele>4.80000019073486328125</ele>
        <time>2025-05-31T13:25:07.000Z</time>
        <extensions>
          <ns3:TrackPointExtension>
            <ns3:hr>137</ns3:hr>
          </ns3:TrackPointExtension>
        </extensions>
      </trkpt>
      <trkpt lat="51.95047938264906406402587890625" lon="4.423517547547817230224609375">
        <ele>4.80000019073486328125</ele>
        <time>2025-05-31T13:25:13.000Z</time>
        <extensions>
          <ns3:TrackPointExtension>
            <ns3:hr>140</ns3:hr>
          </ns3:TrackPointExtension>
        </extensions>
      </trkpt>
      <trkpt lat="51.95078909397125244140625" lon="4.42319174297153949737548828125">
        <ele>5</ele>
        <time>2025-05-31T13:25:20.000Z</time>
        <extensions>
          <ns3:TrackPointExtension>
            <ns3:hr>143</ns3:hr>
          </ns3:TrackPointExtension>
        </extensions>
      </trkpt>
      <trkpt lat="51.95092379115521907806396484375" lon="4.423043467104434967041015625">
        <ele>5</ele>
        <time>2025-05-31T13:25:23.000Z</time>
        <extensions>
          <ns3:TrackPointExtension>
            <ns3:hr>145</ns3:hr>
          </ns3:TrackPointExtension>
        </extensions>
      </trkpt>
      <trkpt lat="51.951332576572895050048828125" lon="4.42263904027640819549560546875">
        <ele>5</ele>
        <time>2025-05-31T13:25:32.000Z</time>
        <extensions>
          <ns3:TrackPointExtension>
            <ns3:hr>148</ns3:hr>
          </ns3:TrackPointExtension>
        </extensions>
      </trkpt>
      <trkpt lat="51.95163466036319732666015625" lon="4.4223164208233356475830078125">
        <ele>5.19999980926513671875</ele>
        <time>2025-05-31T13:25:39.000Z</time>
        <extensions>
          <ns3:TrackPointExtension>
            <ns3:hr>151</ns3:hr>
          </ns3:TrackPointExtension>
        </extensions>
      </trkpt>
      <trkpt lat="51.9516770727932453155517578125" lon="4.42226571030914783477783203125">
        <ele>5.400000095367431640625</ele>
        <time>2025-05-31T13:25:40.000Z</time>
        <extensions>
          <ns3:TrackPointExtension>
            <ns3:hr>151</ns3:hr>
          </ns3:TrackPointExtension>
        </extensions>
      </trkpt>
      <trkpt lat="51.951755695044994354248046875" lon="4.4221719168126583099365234375">
        <ele>5.400000095367431640625</ele>
        <time>2025-05-31T13:25:42.000Z</time>
        <extensions>
          <ns3:TrackPointExtension>
            <ns3:hr>152</ns3:hr>
          </ns3:TrackPointExtension>
        </extensions>
      </trkpt>
      <trkpt lat="51.9518158771097660064697265625" lon="4.42206655628979206085205078125">
        <ele>5.599999904632568359375</ele>
        <time>2025-05-31T13:25:44.000Z</time>
        <extensions>
          <ns3:TrackPointExtension>
            <ns3:hr>154</ns3:hr>
          </ns3:TrackPointExtension>
        </extensions>
      </trkpt>
      <trkpt lat="51.95184119045734405517578125" lon="4.4220056198537349700927734375">
        <ele>5.599999904632568359375</ele>
        <time>2025-05-31T13:25:45.000Z</time>
        <extensions>
          <ns3:TrackPointExtension>
            <ns3:hr>154</ns3:hr>
          </ns3:TrackPointExtension>
        </extensions>
      </trkpt>
      <trkpt lat="51.95195090956985950469970703125" lon="4.421772770583629608154296875">
        <ele>5.80000019073486328125</ele>
        <time>2025-05-31T13:25:49.000Z</time>
        <extensions>
          <ns3:TrackPointExtension>
            <ns3:hr>156</ns3:hr>
          </ns3:TrackPointExtension>
        </extensions>
      </trkpt>
      <trkpt lat="51.95202182047069072723388671875" lon="4.42168668843805789947509765625">
        <ele>6</ele>
        <time>2025-05-31T13:25:51.000Z</time>
        <extensions>
          <ns3:TrackPointExtension>
            <ns3:hr>156</ns3:hr>
          </ns3:TrackPointExtension>
        </extensions>
      </trkpt>
      <trkpt lat="51.95205710828304290771484375" lon="4.421583004295825958251953125">
        <ele>6.19999980926513671875</ele>
        <time>2025-05-31T13:25:53.000Z</time>
        <extensions>
          <ns3:TrackPointExtension>
            <ns3:hr>157</ns3:hr>
          </ns3:TrackPointExtension>
        </extensions>
      </trkpt>
      <trkpt lat="51.95205300115048885345458984375" lon="4.42152257077395915985107421875">
        <ele>6.400000095367431640625</ele>
        <time>2025-05-31T13:25:54.000Z</time>
        <extensions>
          <ns3:TrackPointExtension>
            <ns3:hr>157</ns3:hr>
          </ns3:TrackPointExtension>
        </extensions>
      </trkpt>
      <trkpt lat="51.952038668096065521240234375" lon="4.4214673340320587158203125">
        <ele>6.400000095367431640625</ele>
        <time>2025-05-31T13:25:55.000Z</time>
        <extensions>
          <ns3:TrackPointExtension>
            <ns3:hr>158</ns3:hr>
          </ns3:TrackPointExtension>
        </extensions>
      </trkpt>
      <trkpt lat="51.9519654102623462677001953125" lon="4.4213045574724674224853515625">
        <ele>6.599999904632568359375</ele>
        <time>2025-05-31T13:25:58.000Z</time>
        <extensions>
          <ns3:TrackPointExtension>
            <ns3:hr>159</ns3:hr>
          </ns3:TrackPointExtension>
        </extensions>
      </trkpt>
      <trkpt lat="51.95180456154048442840576171875" lon="4.42092158831655979156494140625">
        <ele>7.19999980926513671875</ele>
        <time>2025-05-31T13:26:05.000Z</time>
        <extensions>
          <ns3:TrackPointExtension>
            <ns3:hr>161</ns3:hr>
          </ns3:TrackPointExtension>
        </extensions>
      </trkpt>
      <trkpt lat="51.95170984603464603424072265625" lon="4.42070499993860721588134765625">
        <ele>7.19999980926513671875</ele>
        <time>2025-05-31T13:26:11.000Z</time>
        <extensions>
          <ns3:TrackPointExtension>
            <ns3:hr>161</ns3:hr>
          </ns3:TrackPointExtension>
        </extensions>
      </trkpt>
      <trkpt lat="51.95159400813281536102294921875" lon="4.42062486894428730010986328125">
        <ele>6.80000019073486328125</ele>
        <time>2025-05-31T13:26:16.000Z</time>
        <extensions>
          <ns3:TrackPointExtension>
            <ns3:hr>162</ns3:hr>
          </ns3:TrackPointExtension>
        </extensions>
      </trkpt>
      <trkpt lat="51.95150214247405529022216796875" lon="4.4203929416835308074951171875">
        <ele>6.400000095367431640625</ele>
        <time>2025-05-31T13:26:21.000Z</time>
        <extensions>
          <ns3:TrackPointExtension>
            <ns3:hr>159</ns3:hr>
          </ns3:TrackPointExtension>
        </extensions>
      </trkpt>
      <trkpt lat="51.95145101286470890045166015625" lon="4.42025564610958099365234375">
        <ele>6.19999980926513671875</ele>
        <time>2025-05-31T13:26:24.000Z</time>
        <extensions>
          <ns3:TrackPointExtension>
            <ns3:hr>157</ns3:hr>
          </ns3:TrackPointExtension>
        </extensions>
      </trkpt>
      <trkpt lat="51.9513763301074504852294921875" lon="4.42005489952862262725830078125">
        <ele>6.599999904632568359375</ele>
        <time>2025-05-31T13:26:30.000Z</time>
        <extensions>
          <ns3:TrackPointExtension>
            <ns3:hr>153</ns3:hr>
          </ns3:TrackPointExtension>
        </extensions>
      </trkpt>
      <trkpt lat="51.95136912167072296142578125" lon="4.42004685290157794952392578125">
        <ele>6.599999904632568359375</ele>
        <time>2025-05-31T13:26:31.000Z</time>
        <extensions>
          <ns3:TrackPointExtension>
            <ns3:hr>151</ns3:hr>
          </ns3:TrackPointExtension>
        </extensions>
      </trkpt>
      <trkpt lat="51.951358057558536529541015625" lon="4.42005875520408153533935546875">
        <ele>6.599999904632568359375</ele>
        <time>2025-05-31T13:26:33.000Z</time>
        <extensions>
          <ns3:TrackPointExtension>
            <ns3:hr>148</ns3:hr>
          </ns3:TrackPointExtension>
        </extensions>
      </trkpt>
      <trkpt lat="51.95136132650077342987060546875" lon="4.4200744293630123138427734375">
        <ele>6.599999904632568359375</ele>
        <time>2025-05-31T13:26:34.000Z</time>
        <extensions>
          <ns3:TrackPointExtension>
            <ns3:hr>147</ns3:hr>
          </ns3:TrackPointExtension>
        </extensions>
      </trkpt>
      <trkpt lat="51.9514288008213043212890625" lon="4.42023561336100101470947265625">
        <ele>6.599999904632568359375</ele>
        <time>2025-05-31T13:26:39.000Z</time>
        <extensions>
          <ns3:TrackPointExtension>
            <ns3:hr>145</ns3:hr>
          </ns3:TrackPointExtension>
        </extensions>
      </trkpt>
      <trkpt lat="51.951559893786907196044921875" lon="4.4205880723893642425537109375">
        <ele>6.599999904632568359375</ele>
        <time>2025-05-31T13:26:46.000Z</time>
        <extensions>
          <ns3:TrackPointExtension>
            <ns3:hr>147</ns3:hr>
          </ns3:TrackPointExtension>
        </extensions>
      </trkpt>
      <trkpt lat="51.95167480967938899993896484375" lon="4.4207426346838474273681640625">
        <ele>7</ele>
        <time>2025-05-31T13:26:51.000Z</time>
        <extensions>
          <ns3:TrackPointExtension>
            <ns3:hr>146</ns3:hr>
          </ns3:TrackPointExtension>
        </extensions>
      </trkpt>
      <trkpt lat="51.951689980924129486083984375" lon="4.42073718644678592681884765625">
        <ele>7</ele>
        <time>2025-05-31T13:26:52.000Z</time>
        <extensions>
          <ns3:TrackPointExtension>
            <ns3:hr>146</ns3:hr>
          </ns3:TrackPointExtension>
        </extensions>
      </trkpt>
      <trkpt lat="51.95169844664633274078369140625" lon="4.42069678567349910736083984375">
        <ele>7.19999980926513671875</ele>
        <time>2025-05-31T13:26:54.000Z</time>
        <extensions>
          <ns3:TrackPointExtension>
            <ns3:hr>145</ns3:hr>
          </ns3:TrackPointExtension>
        </extensions>
      </trkpt>
      <trkpt lat="51.9516422040760517120361328125" lon="4.42054490558803081512451171875">
        <ele>7.599999904632568359375</ele>
        <time>2025-05-31T13:26:58.000Z</time>
        <extensions>
          <ns3:TrackPointExtension>
            <ns3:hr>144</ns3:hr>
          </ns3:TrackPointExtension>
        </extensions>
      </trkpt>
      <trkpt lat="51.95162435062229633331298828125" lon="4.42049461416900157928466796875">
        <ele>7.80000019073486328125</ele>
        <time>2025-05-31T13:26:59.000Z</time>
        <extensions>
          <ns3:TrackPointExtension>
            <ns3:hr>143</ns3:hr>
          </ns3:TrackPointExtension>
        </extensions>
      </trkpt>
      <trkpt lat="51.951537765562534332275390625" lon="4.42026436328887939453125">
        <ele>8.19999980926513671875</ele>
        <time>2025-05-31T13:27:03.000Z</time>
        <extensions>
          <ns3:TrackPointExtension>
            <ns3:hr>144</ns3:hr>
          </ns3:TrackPointExtension>
        </extensions>
      </trkpt>
      <trkpt lat="51.95142033509910106658935546875" lon="4.4199178554117679595947265625">
        <ele>8.80000019073486328125</ele>
        <time>2025-05-31T13:27:09.000Z</time>
        <extensions>
          <ns3:TrackPointExtension>
            <ns3:hr>146</ns3:hr>
          </ns3:TrackPointExtension>
        </extensions>
      </trkpt>
      <trkpt lat="51.9513857178390026092529296875" lon="4.41980696283280849456787109375">
        <ele>8.80000019073486328125</ele>
        <time>2025-05-31T13:27:11.000Z</time>
        <extensions>
          <ns3:TrackPointExtension>
            <ns3:hr>147</ns3:hr>
          </ns3:TrackPointExtension>
        </extensions>
      </trkpt>
      <trkpt lat="51.951288990676403045654296875" lon="4.4195450283586978912353515625">
        <ele>9.3999996185302734375</ele>
        <time>2025-05-31T13:27:16.000Z</time>
        <extensions>
          <ns3:TrackPointExtension>
            <ns3:hr>151</ns3:hr>
          </ns3:TrackPointExtension>
        </extensions>
      </trkpt>
      <trkpt lat="51.95124599151313304901123046875" lon="4.41944050602614879608154296875">
        <ele>9.3999996185302734375</ele>
        <time>2025-05-31T13:27:18.000Z</time>
        <extensions>
          <ns3:TrackPointExtension>
            <ns3:hr>155</ns3:hr>
          </ns3:TrackPointExtension>
        </extensions>
      </trkpt>
      <trkpt lat="51.95120240561664104461669921875" lon="4.41933087073266506195068359375">
        <ele>9.6000003814697265625</ele>
        <time>2025-05-31T13:27:20.000Z</time>
        <extensions>
          <ns3:TrackPointExtension>
            <ns3:hr>158</ns3:hr>
          </ns3:TrackPointExtension>
        </extensions>
      </trkpt>
      <trkpt lat="51.9511820375919342041015625" lon="4.41928074695169925689697265625">
        <ele>9.6000003814697265625</ele>
        <time>2025-05-31T13:27:21.000Z</time>
        <extensions>
          <ns3:TrackPointExtension>
            <ns3:hr>159</ns3:hr>
          </ns3:TrackPointExtension>
        </extensions>
      </trkpt>
      <trkpt lat="51.9511392898857593536376953125" lon="4.4191792421042919158935546875">
        <ele>9.80000019073486328125</ele>
        <time>2025-05-31T13:27:23.000Z</time>
        <extensions>
          <ns3:TrackPointExtension>
            <ns3:hr>159</ns3:hr>
          </ns3:TrackPointExtension>
        </extensions>
      </trkpt>
      <trkpt lat="51.95103543810546398162841796875" lon="4.41894748248159885406494140625">
        <ele>10.3999996185302734375</ele>
        <time>2025-05-31T13:27:28.000Z</time>
        <extensions>
          <ns3:TrackPointExtension>
            <ns3:hr>162</ns3:hr>
          </ns3:TrackPointExtension>
        </extensions>
      </trkpt>
      <trkpt lat="51.9510165788233280181884765625" lon="4.41890423186123371124267578125">
        <ele>10.3999996185302734375</ele>
        <time>2025-05-31T13:27:29.000Z</time>
        <extensions>
          <ns3:TrackPointExtension>
            <ns3:hr>162</ns3:hr>
          </ns3:TrackPointExtension>
        </extensions>
      </trkpt>
      <trkpt lat="51.95092278532683849334716796875" lon="4.41868311725556850433349609375">
        <ele>10.80000019073486328125</ele>
        <time>2025-05-31T13:27:34.000Z</time>
        <extensions>
          <ns3:TrackPointExtension>
            <ns3:hr>165</ns3:hr>
          </ns3:TrackPointExtension>
        </extensions>
      </trkpt>
      <trkpt lat="51.95081926882266998291015625" lon="4.41846602596342563629150390625">
        <ele>11.3999996185302734375</ele>
        <time>2025-05-31T13:27:39.000Z</time>
        <extensions>
          <ns3:TrackPointExtension>
            <ns3:hr>165</ns3:hr>
          </ns3:TrackPointExtension>
        </extensions>
      </trkpt>
      <trkpt lat="51.95066361688077449798583984375" lon="4.4181521236896514892578125">
        <ele>11.80000019073486328125</ele>
        <time>2025-05-31T13:27:47.000Z</time>
        <extensions>
          <ns3:TrackPointExtension>
            <ns3:hr>167</ns3:hr>
          </ns3:TrackPointExtension>
        </extensions>
      </trkpt>
      <trkpt lat="51.95060812868177890777587890625" lon="4.4180258922278881072998046875">
        <ele>12</ele>
        <time>2025-05-31T13:27:51.000Z</time>
        <extensions>
          <ns3:TrackPointExtension>
            <ns3:hr>167</ns3:hr>
          </ns3:TrackPointExtension>
        </extensions>
      </trkpt>
      <trkpt lat="51.950587928295135498046875" lon="4.41796998493373394012451171875">
        <ele>12.19999980926513671875</ele>
        <time>2025-05-31T13:27:55.000Z</time>
        <extensions>
          <ns3:TrackPointExtension>
            <ns3:hr>167</ns3:hr>
          </ns3:TrackPointExtension>
        </extensions>
      </trkpt>
      <trkpt lat="51.9505616091191768646240234375" lon="4.4179263152182102203369140625">
        <ele>12</ele>
        <time>2025-05-31T13:28:01.000Z</time>
        <extensions>
          <ns3:TrackPointExtension>
            <ns3:hr>164</ns3:hr>
          </ns3:TrackPointExtension>
        </extensions>
      </trkpt>
      <trkpt lat="51.9504697434604167938232421875" lon="4.41772255115211009979248046875">
        <ele>12.19999980926513671875</ele>
        <time>2025-05-31T13:28:07.000Z</time>
        <extensions>
          <ns3:TrackPointExtension>
            <ns3:hr>162</ns3:hr>
          </ns3:TrackPointExtension>
        </extensions>
      </trkpt>
      <trkpt lat="51.95030034519731998443603515625" lon="4.417304880917072296142578125">
        <ele>13</ele>
        <time>2025-05-31T13:28:17.000Z</time>
        <extensions>
          <ns3:TrackPointExtension>
            <ns3:hr>161</ns3:hr>
          </ns3:TrackPointExtension>
        </extensions>
      </trkpt>
      <trkpt lat="51.95028106682002544403076171875" lon="4.41726054064929485321044921875">
        <ele>13.19999980926513671875</ele>
        <time>2025-05-31T13:28:18.000Z</time>
        <extensions>
          <ns3:TrackPointExtension>
            <ns3:hr>162</ns3:hr>
          </ns3:TrackPointExtension>
        </extensions>
      </trkpt>
      <trkpt lat="51.95015550591051578521728515625" lon="4.4169754721224308013916015625">
        <ele>14</ele>
        <time>2025-05-31T13:28:25.000Z</time>
        <extensions>
          <ns3:TrackPointExtension>
            <ns3:hr>163</ns3:hr>
          </ns3:TrackPointExtension>
        </extensions>
      </trkpt>
      <trkpt lat="51.95012097246944904327392578125" lon="4.4168836064636707305908203125">
        <ele>14</ele>
        <time>2025-05-31T13:28:27.000Z</time>
        <extensions>
          <ns3:TrackPointExtension>
            <ns3:hr>162</ns3:hr>
          </ns3:TrackPointExtension>
        </extensions>
      </trkpt>
      <trkpt lat="51.9498866982758045196533203125" lon="4.4163625873625278472900390625">
        <ele>14</ele>
        <time>2025-05-31T13:28:38.000Z</time>
        <extensions>
          <ns3:TrackPointExtension>
            <ns3:hr>162</ns3:hr>
          </ns3:TrackPointExtension>
        </extensions>
      </trkpt>
      <trkpt lat="51.9497633166611194610595703125" lon="4.41605052910745143890380859375">
        <ele>13.19999980926513671875</ele>
        <time>2025-05-31T13:28:43.000Z</time>
        <extensions>
          <ns3:TrackPointExtension>
            <ns3:hr>162</ns3:hr>
          </ns3:TrackPointExtension>
        </extensions>
      </trkpt>
      <trkpt lat="51.94960330612957477569580078125" lon="4.415659010410308837890625">
        <ele>13.19999980926513671875</ele>
        <time>2025-05-31T13:28:49.000Z</time>
        <extensions>
          <ns3:TrackPointExtension>
            <ns3:hr>159</ns3:hr>
          </ns3:TrackPointExtension>
        </extensions>
      </trkpt>
      <trkpt lat="51.94955150596797466278076171875" lon="4.4155275821685791015625">
        <ele>13.19999980926513671875</ele>
        <time>2025-05-31T13:28:51.000Z</time>
        <extensions>
          <ns3:TrackPointExtension>
            <ns3:hr>157</ns3:hr>
          </ns3:TrackPointExtension>
        </extensions>
      </trkpt>
      <trkpt lat="51.94932335056364536285400390625" lon="4.414944536983966827392578125">
        <ele>13</ele>
        <time>2025-05-31T13:29:00.000Z</time>
        <extensions>
          <ns3:TrackPointExtension>
            <ns3:hr>155</ns3:hr>
          </ns3:TrackPointExtension>
        </extensions>
      </trkpt>
      <trkpt lat="51.94927389733493328094482421875" lon="4.4148263521492481231689453125">
        <ele>12.80000019073486328125</ele>
        <time>2025-05-31T13:29:02.000Z</time>
        <extensions>
          <ns3:TrackPointExtension>
            <ns3:hr>155</ns3:hr>
          </ns3:TrackPointExtension>
        </extensions>
      </trkpt>
      <trkpt lat="51.949004419147968292236328125" lon="4.4141591526567935943603515625">
        <ele>13.6000003814697265625</ele>
        <time>2025-05-31T13:29:13.000Z</time>
        <extensions>
          <ns3:TrackPointExtension>
            <ns3:hr>157</ns3:hr>
          </ns3:TrackPointExtension>
        </extensions>
      </trkpt>
      <trkpt lat="51.94890777580440044403076171875" lon="4.4139271415770053863525390625">
        <ele>14</ele>
        <time>2025-05-31T13:29:17.000Z</time>
        <extensions>
          <ns3:TrackPointExtension>
            <ns3:hr>159</ns3:hr>
          </ns3:TrackPointExtension>
        </extensions>
      </trkpt>
      <trkpt lat="51.94879998452961444854736328125" lon="4.41363067366182804107666015625">
        <ele>14.3999996185302734375</ele>
        <time>2025-05-31T13:29:22.000Z</time>
        <extensions>
          <ns3:TrackPointExtension>
            <ns3:hr>160</ns3:hr>
          </ns3:TrackPointExtension>
        </extensions>
      </trkpt>
      <trkpt lat="51.94875304587185382843017578125" lon="4.41340587101876735687255859375">
        <ele>15</ele>
        <time>2025-05-31T13:29:26.000Z</time>
        <extensions>
          <ns3:TrackPointExtension>
            <ns3:hr>162</ns3:hr>
          </ns3:TrackPointExtension>
        </extensions>
      </trkpt>
      <trkpt lat="51.948737204074859619140625" lon="4.41335138864815235137939453125">
        <ele>15.19999980926513671875</ele>
        <time>2025-05-31T13:29:27.000Z</time>
        <extensions>
          <ns3:TrackPointExtension>
            <ns3:hr>163</ns3:hr>
          </ns3:TrackPointExtension>
        </extensions>
      </trkpt>
      <trkpt lat="51.948600746691226959228515625" lon="4.41300722770392894744873046875">
        <ele>15.80000019073486328125</ele>
        <time>2025-05-31T13:29:34.000Z</time>
        <extensions>
          <ns3:TrackPointExtension>
            <ns3:hr>166</ns3:hr>
          </ns3:TrackPointExtension>
        </extensions>
      </trkpt>
      <trkpt lat="51.948578618466854095458984375" lon="4.41295760683715343475341796875">
        <ele>15.80000019073486328125</ele>
        <time>2025-05-31T13:29:35.000Z</time>
        <extensions>
          <ns3:TrackPointExtension>
            <ns3:hr>166</ns3:hr>
          </ns3:TrackPointExtension>
        </extensions>
      </trkpt>
      <trkpt lat="51.94851432926952838897705078125" lon="4.41279952414333820343017578125">
        <ele>16</ele>
        <time>2025-05-31T13:29:38.000Z</time>
        <extensions>
          <ns3:TrackPointExtension>
            <ns3:hr>167</ns3:hr>
          </ns3:TrackPointExtension>
        </extensions>
      </trkpt>
      <trkpt lat="51.94841106422245502471923828125" lon="4.41252996213734149932861328125">
        <ele>16.3999996185302734375</ele>
        <time>2025-05-31T13:29:43.000Z</time>
        <extensions>
          <ns3:TrackPointExtension>
            <ns3:hr>167</ns3:hr>
          </ns3:TrackPointExtension>
        </extensions>
      </trkpt>
      <trkpt lat="51.9482136704027652740478515625" lon="4.41202436573803424835205078125">
        <ele>16.6000003814697265625</ele>
        <time>2025-05-31T13:29:53.000Z</time>
        <extensions>
          <ns3:TrackPointExtension>
            <ns3:hr>169</ns3:hr>
          </ns3:TrackPointExtension>
        </extensions>
      </trkpt>
      <trkpt lat="51.9479860179126262664794921875" lon="4.4114652089774608612060546875">
        <ele>16.3999996185302734375</ele>
        <time>2025-05-31T13:30:03.000Z</time>
        <extensions>
          <ns3:TrackPointExtension>
            <ns3:hr>167</ns3:hr>
          </ns3:TrackPointExtension>
        </extensions>
      </trkpt>
      <trkpt lat="51.9478401727974414825439453125" lon="4.411097578704357147216796875">
        <ele>15.80000019073486328125</ele>
        <time>2025-05-31T13:30:09.000Z</time>
        <extensions>
          <ns3:TrackPointExtension>
            <ns3:hr>164</ns3:hr>
          </ns3:TrackPointExtension>
        </extensions>
      </trkpt>
      <trkpt lat="51.94773213006556034088134765625" lon="4.41082365810871124267578125">
        <ele>15.3999996185302734375</ele>
        <time>2025-05-31T13:30:13.000Z</time>
        <extensions>
          <ns3:TrackPointExtension>
            <ns3:hr>161</ns3:hr>
          </ns3:TrackPointExtension>
        </extensions>
      </trkpt>
      <trkpt lat="51.947703547775745391845703125" lon="4.4107527472078800201416015625">
        <ele>15.19999980926513671875</ele>
        <time>2025-05-31T13:30:14.000Z</time>
        <extensions>
          <ns3:TrackPointExtension>
            <ns3:hr>160</ns3:hr>
          </ns3:TrackPointExtension>
        </extensions>
      </trkpt>
      <trkpt lat="51.94767395965754985809326171875" lon="4.41068150103092193603515625">
        <ele>15</ele>
        <time>2025-05-31T13:30:15.000Z</time>
        <extensions>
          <ns3:TrackPointExtension>
            <ns3:hr>159</ns3:hr>
          </ns3:TrackPointExtension>
        </extensions>
      </trkpt>
      <trkpt lat="51.9475561939179897308349609375" lon="4.4103980250656604766845703125">
        <ele>14.3999996185302734375</ele>
        <time>2025-05-31T13:30:19.000Z</time>
        <extensions>
          <ns3:TrackPointExtension>
            <ns3:hr>156</ns3:hr>
          </ns3:TrackPointExtension>
        </extensions>
      </trkpt>
      <trkpt lat="51.94749693386256694793701171875" lon="4.41025109030306339263916015625">
        <ele>14</ele>
        <time>2025-05-31T13:30:21.000Z</time>
        <extensions>
          <ns3:TrackPointExtension>
            <ns3:hr>152</ns3:hr>
          </ns3:TrackPointExtension>
        </extensions>
      </trkpt>
      <trkpt lat="51.9474371708929538726806640625" lon="4.4101029820740222930908203125">
        <ele>13.3999996185302734375</ele>
        <time>2025-05-31T13:30:23.000Z</time>
        <extensions>
          <ns3:TrackPointExtension>
            <ns3:hr>148</ns3:hr>
          </ns3:TrackPointExtension>
        </extensions>
      </trkpt>
      <trkpt lat="51.94737455807626247406005859375" lon="4.40994783304631710052490234375">
        <ele>13.19999980926513671875</ele>
        <time>2025-05-31T13:30:25.000Z</time>
        <extensions>
          <ns3:TrackPointExtension>
            <ns3:hr>146</ns3:hr>
          </ns3:TrackPointExtension>
        </extensions>
      </trkpt>
      <trkpt lat="51.947342455387115478515625" lon="4.40986636094748973846435546875">
        <ele>12.80000019073486328125</ele>
        <time>2025-05-31T13:30:26.000Z</time>
        <extensions>
          <ns3:TrackPointExtension>
            <ns3:hr>145</ns3:hr>
          </ns3:TrackPointExtension>
        </extensions>
      </trkpt>
      <trkpt lat="51.9472108595073223114013671875" lon="4.40953795798122882843017578125">
        <ele>12</ele>
        <time>2025-05-31T13:30:30.000Z</time>
        <extensions>
          <ns3:TrackPointExtension>
            <ns3:hr>142</ns3:hr>
          </ns3:TrackPointExtension>
        </extensions>
      </trkpt>
      <trkpt lat="51.9471748173236846923828125" lon="4.409452714025974273681640625">
        <ele>11.80000019073486328125</ele>
        <time>2025-05-31T13:30:31.000Z</time>
        <extensions>
          <ns3:TrackPointExtension>
            <ns3:hr>142</ns3:hr>
          </ns3:TrackPointExtension>
        </extensions>
      </trkpt>
      <trkpt lat="51.94710834883153438568115234375" lon="4.409289099276065826416015625">
        <ele>11.6000003814697265625</ele>
        <time>2025-05-31T13:30:33.000Z</time>
        <extensions>
          <ns3:TrackPointExtension>
            <ns3:hr>139</ns3:hr>
          </ns3:TrackPointExtension>
        </extensions>
      </trkpt>
      <trkpt lat="51.9470782577991485595703125" lon="4.40921558998525142669677734375">
        <ele>11.6000003814697265625</ele>
        <time>2025-05-31T13:30:34.000Z</time>
        <extensions>
          <ns3:TrackPointExtension>
            <ns3:hr>139</ns3:hr>
          </ns3:TrackPointExtension>
        </extensions>
      </trkpt>
      <trkpt lat="51.9470512680709362030029296875" lon="4.40915121696889400482177734375">
        <ele>11.19999980926513671875</ele>
        <time>2025-05-31T13:30:35.000Z</time>
        <extensions>
          <ns3:TrackPointExtension>
            <ns3:hr>138</ns3:hr>
          </ns3:TrackPointExtension>
        </extensions>
      </trkpt>
      <trkpt lat="51.94699100218713283538818359375" lon="4.4090555794537067413330078125">
        <ele>10.80000019073486328125</ele>
        <time>2025-05-31T13:30:37.000Z</time>
        <extensions>
          <ns3:TrackPointExtension>
            <ns3:hr>138</ns3:hr>
          </ns3:TrackPointExtension>
        </extensions>
      </trkpt>
      <trkpt lat="51.9469600729644298553466796875" lon="4.40902062691748142242431640625">
        <ele>10.6000003814697265625</ele>
        <time>2025-05-31T13:30:38.000Z</time>
        <extensions>
          <ns3:TrackPointExtension>
            <ns3:hr>138</ns3:hr>
          </ns3:TrackPointExtension>
        </extensions>
      </trkpt>
      <trkpt lat="51.9468851387500762939453125" lon="4.408975280821323394775390625">
        <ele>10.3999996185302734375</ele>
        <time>2025-05-31T13:30:41.000Z</time>
        <extensions>
          <ns3:TrackPointExtension>
            <ns3:hr>137</ns3:hr>
          </ns3:TrackPointExtension>
        </extensions>
      </trkpt>
      <trkpt lat="51.946868039667606353759765625" lon="4.40898877568542957305908203125">
        <ele>10.3999996185302734375</ele>
        <time>2025-05-31T13:30:42.000Z</time>
        <extensions>
          <ns3:TrackPointExtension>
            <ns3:hr>137</ns3:hr>
          </ns3:TrackPointExtension>
        </extensions>
      </trkpt>
      <trkpt lat="51.94686041213572025299072265625" lon="4.40901140682399272918701171875">
        <ele>10.19999980926513671875</ele>
        <time>2025-05-31T13:30:43.000Z</time>
        <extensions>
          <ns3:TrackPointExtension>
            <ns3:hr>136</ns3:hr>
          </ns3:TrackPointExtension>
        </extensions>
      </trkpt>
      <trkpt lat="51.946881115436553955078125" lon="4.40908835269510746002197265625">
        <ele>10</ele>
        <time>2025-05-31T13:30:45.000Z</time>
        <extensions>
          <ns3:TrackPointExtension>
            <ns3:hr>136</ns3:hr>
          </ns3:TrackPointExtension>
        </extensions>
      </trkpt>
      <trkpt lat="51.94698907434940338134765625" lon="4.4093732535839080810546875">
        <ele>10.19999980926513671875</ele>
        <time>2025-05-31T13:30:51.000Z</time>
        <extensions>
          <ns3:TrackPointExtension>
            <ns3:hr>142</ns3:hr>
          </ns3:TrackPointExtension>
        </extensions>
      </trkpt>
      <trkpt lat="51.94702788256108760833740234375" lon="4.4094843976199626922607421875">
        <ele>10.19999980926513671875</ele>
        <time>2025-05-31T13:30:53.000Z</time>
        <extensions>
          <ns3:TrackPointExtension>
            <ns3:hr>145</ns3:hr>
          </ns3:TrackPointExtension>
        </extensions>
      </trkpt>
      <trkpt lat="51.9471712969243526458740234375" lon="4.40983870066702365875244140625">
        <ele>10.19999980926513671875</ele>
        <time>2025-05-31T13:30:59.000Z</time>
        <extensions>
          <ns3:TrackPointExtension>
            <ns3:hr>145</ns3:hr>
          </ns3:TrackPointExtension>
        </extensions>
      </trkpt>
      <trkpt lat="51.94723743014037609100341796875" lon="4.41004774533212184906005859375">
        <ele>10.19999980926513671875</ele>
        <time>2025-05-31T13:31:02.000Z</time>
        <extensions>
          <ns3:TrackPointExtension>
            <ns3:hr>148</ns3:hr>
          </ns3:TrackPointExtension>
        </extensions>
      </trkpt>
      <trkpt lat="51.94730557501316070556640625" lon="4.41025041975080966949462890625">
        <ele>10.19999980926513671875</ele>
        <time>2025-05-31T13:31:05.000Z</time>
        <extensions>
          <ns3:TrackPointExtension>
            <ns3:hr>147</ns3:hr>
          </ns3:TrackPointExtension>
        </extensions>
      </trkpt>
      <trkpt lat="51.94735527969896793365478515625" lon="4.41037665121257305145263671875">
        <ele>10.19999980926513671875</ele>
        <time>2025-05-31T13:31:07.000Z</time>
        <extensions>
          <ns3:TrackPointExtension>
            <ns3:hr>142</ns3:hr>
          </ns3:TrackPointExtension>
        </extensions>
      </trkpt>
      <trkpt lat="51.9473795033991336822509765625" lon="4.41044068895280361175537109375">
        <ele>10.19999980926513671875</ele>
        <time>2025-05-31T13:31:08.000Z</time>
        <extensions>
          <ns3:TrackPointExtension>
            <ns3:hr>142</ns3:hr>
          </ns3:TrackPointExtension>
        </extensions>
      </trkpt>
      <trkpt lat="51.94747061468660831451416015625" lon="4.4106923975050449371337890625">
        <ele>10.19999980926513671875</ele>
        <time>2025-05-31T13:31:12.000Z</time>
        <extensions>
          <ns3:TrackPointExtension>
            <ns3:hr>139</ns3:hr>
          </ns3:TrackPointExtension>
        </extensions>
      </trkpt>
      <trkpt lat="51.947539262473583221435546875" lon="4.41090454347431659698486328125">
        <ele>10.19999980926513671875</ele>
        <time>2025-05-31T13:31:16.000Z</time>
        <extensions>
          <ns3:TrackPointExtension>
            <ns3:hr>139</ns3:hr>
          </ns3:TrackPointExtension>
        </extensions>
      </trkpt>
      <trkpt lat="51.9477117620408535003662109375" lon="4.41137216985225677490234375">
        <ele>10.19999980926513671875</ele>
        <time>2025-05-31T13:31:25.000Z</time>
        <extensions>
          <ns3:TrackPointExtension>
            <ns3:hr>140</ns3:hr>
          </ns3:TrackPointExtension>
        </extensions>
      </trkpt>
      <trkpt lat="51.947750151157379150390625" lon="4.4114749319851398468017578125">
        <ele>10.19999980926513671875</ele>
        <time>2025-05-31T13:31:27.000Z</time>
        <extensions>
          <ns3:TrackPointExtension>
            <ns3:hr>143</ns3:hr>
          </ns3:TrackPointExtension>
        </extensions>
      </trkpt>
      <trkpt lat="51.94786305539309978485107421875" lon="4.4117612577974796295166015625">
        <ele>10.19999980926513671875</ele>
        <time>2025-05-31T13:31:32.000Z</time>
        <extensions>
          <ns3:TrackPointExtension>
            <ns3:hr>145</ns3:hr>
          </ns3:TrackPointExtension>
        </extensions>
      </trkpt>
      <trkpt lat="51.9479615427553653717041015625" lon="4.41202201880514621734619140625">
        <ele>10.19999980926513671875</ele>
        <time>2025-05-31T13:31:37.000Z</time>
        <extensions>
          <ns3:TrackPointExtension>
            <ns3:hr>145</ns3:hr>
          </ns3:TrackPointExtension>
        </extensions>
      </trkpt>
      <trkpt lat="51.94798274897038936614990234375" lon="4.41206996329128742218017578125">
        <ele>10</ele>
        <time>2025-05-31T13:31:38.000Z</time>
        <extensions>
          <ns3:TrackPointExtension>
            <ns3:hr>145</ns3:hr>
          </ns3:TrackPointExtension>
        </extensions>
      </trkpt>
      <trkpt lat="51.9480259157717227935791015625" lon="4.412124194204807281494140625">
        <ele>10</ele>
        <time>2025-05-31T13:31:40.000Z</time>
        <extensions>
          <ns3:TrackPointExtension>
            <ns3:hr>146</ns3:hr>
          </ns3:TrackPointExtension>
        </extensions>
      </trkpt>
      <trkpt lat="51.94804863072931766510009765625" lon="4.41212159581482410430908203125">
        <ele>10</ele>
        <time>2025-05-31T13:31:41.000Z</time>
        <extensions>
          <ns3:TrackPointExtension>
            <ns3:hr>146</ns3:hr>
          </ns3:TrackPointExtension>
        </extensions>
      </trkpt>
      <trkpt lat="51.9480842538177967071533203125" lon="4.412004165351390838623046875">
        <ele>10</ele>
        <time>2025-05-31T13:31:44.000Z</time>
        <extensions>
          <ns3:TrackPointExtension>
            <ns3:hr>146</ns3:hr>
          </ns3:TrackPointExtension>
        </extensions>
      </trkpt>
      <trkpt lat="51.948225907981395721435546875" lon="4.41163326613605022430419921875">
        <ele>9.80000019073486328125</ele>
        <time>2025-05-31T13:31:51.000Z</time>
        <extensions>
          <ns3:TrackPointExtension>
            <ns3:hr>143</ns3:hr>
          </ns3:TrackPointExtension>
        </extensions>
      </trkpt>
      <trkpt lat="51.9482565857470035552978515625" lon="4.41157911904156208038330078125">
        <ele>9.80000019073486328125</ele>
        <time>2025-05-31T13:31:52.000Z</time>
        <extensions>
          <ns3:TrackPointExtension>
            <ns3:hr>144</ns3:hr>
          </ns3:TrackPointExtension>
        </extensions>
      </trkpt>
      <trkpt lat="51.94838759489357471466064453125" lon="4.41138826310634613037109375">
        <ele>9.80000019073486328125</ele>
        <time>2025-05-31T13:31:56.000Z</time>
        <extensions>
          <ns3:TrackPointExtension>
            <ns3:hr>147</ns3:hr>
          </ns3:TrackPointExtension>
        </extensions>
      </trkpt>
      <trkpt lat="51.948533020913600921630859375" lon="4.41109632141888141632080078125">
        <ele>10.19999980926513671875</ele>
        <time>2025-05-31T13:32:01.000Z</time>
        <extensions>
          <ns3:TrackPointExtension>
            <ns3:hr>148</ns3:hr>
          </ns3:TrackPointExtension>
        </extensions>
      </trkpt>
      <trkpt lat="51.94877986796200275421142578125" lon="4.41064068116247653961181640625">
        <ele>9.80000019073486328125</ele>
        <time>2025-05-31T13:32:09.000Z</time>
        <extensions>
          <ns3:TrackPointExtension>
            <ns3:hr>146</ns3:hr>
          </ns3:TrackPointExtension>
        </extensions>
      </trkpt>
      <trkpt lat="51.94909921847283840179443359375" lon="4.4101006351411342620849609375">
        <ele>9.80000019073486328125</ele>
        <time>2025-05-31T13:32:19.000Z</time>
        <extensions>
          <ns3:TrackPointExtension>
            <ns3:hr>145</ns3:hr>
          </ns3:TrackPointExtension>
        </extensions>
      </trkpt>
      <trkpt lat="51.94940079934895038604736328125" lon="4.409606270492076873779296875">
        <ele>9.80000019073486328125</ele>
        <time>2025-05-31T13:32:28.000Z</time>
        <extensions>
          <ns3:TrackPointExtension>
            <ns3:hr>147</ns3:hr>
          </ns3:TrackPointExtension>
        </extensions>
      </trkpt>
      <trkpt lat="51.94953792728483676910400390625" lon="4.40938121639192104339599609375">
        <ele>9.80000019073486328125</ele>
        <time>2025-05-31T13:32:32.000Z</time>
        <extensions>
          <ns3:TrackPointExtension>
            <ns3:hr>149</ns3:hr>
          </ns3:TrackPointExtension>
        </extensions>
      </trkpt>
      <trkpt lat="51.94962627254426479339599609375" lon="4.40931893885135650634765625">
        <ele>9.6000003814697265625</ele>
        <time>2025-05-31T13:32:34.000Z</time>
        <extensions>
          <ns3:TrackPointExtension>
            <ns3:hr>149</ns3:hr>
          </ns3:TrackPointExtension>
        </extensions>
      </trkpt>
      <trkpt lat="51.94991444237530231475830078125" lon="4.40932254306972026824951171875">
        <ele>9.80000019073486328125</ele>
        <time>2025-05-31T13:32:40.000Z</time>
        <extensions>
          <ns3:TrackPointExtension>
            <ns3:hr>147</ns3:hr>
          </ns3:TrackPointExtension>
        </extensions>
      </trkpt>
      <trkpt lat="51.94996221922338008880615234375" lon="4.4093194417655467987060546875">
        <ele>9.80000019073486328125</ele>
        <time>2025-05-31T13:32:41.000Z</time>
        <extensions>
          <ns3:TrackPointExtension>
            <ns3:hr>147</ns3:hr>
          </ns3:TrackPointExtension>
        </extensions>
      </trkpt>
      <trkpt lat="51.95004134438931941986083984375" lon="4.4092659652233123779296875">
        <ele>9.80000019073486328125</ele>
        <time>2025-05-31T13:32:43.000Z</time>
        <extensions>
          <ns3:TrackPointExtension>
            <ns3:hr>146</ns3:hr>
          </ns3:TrackPointExtension>
        </extensions>
      </trkpt>
      <trkpt lat="51.950071267783641815185546875" lon="4.4092185236513614654541015625">
        <ele>9.80000019073486328125</ele>
        <time>2025-05-31T13:32:44.000Z</time>
        <extensions>
          <ns3:TrackPointExtension>
            <ns3:hr>146</ns3:hr>
          </ns3:TrackPointExtension>
        </extensions>
      </trkpt>
      <trkpt lat="51.9500989280641078948974609375" lon="4.40916739404201507568359375">
        <ele>9.80000019073486328125</ele>
        <time>2025-05-31T13:32:45.000Z</time>
        <extensions>
          <ns3:TrackPointExtension>
            <ns3:hr>146</ns3:hr>
          </ns3:TrackPointExtension>
        </extensions>
      </trkpt>
      <trkpt lat="51.95022507570683956146240234375" lon="4.408928342163562774658203125">
        <ele>10</ele>
        <time>2025-05-31T13:32:50.000Z</time>
        <extensions>
          <ns3:TrackPointExtension>
            <ns3:hr>146</ns3:hr>
          </ns3:TrackPointExtension>
        </extensions>
      </trkpt>
      <trkpt lat="51.9503631256520748138427734375" lon="4.40869423560798168182373046875">
        <ele>9.80000019073486328125</ele>
        <time>2025-05-31T13:32:55.000Z</time>
        <extensions>
          <ns3:TrackPointExtension>
            <ns3:hr>143</ns3:hr>
          </ns3:TrackPointExtension>
        </extensions>
      </trkpt>
      <trkpt lat="51.950478293001651763916015625" lon="4.40849474631249904632568359375">
        <ele>9.80000019073486328125</ele>
        <time>2025-05-31T13:32:59.000Z</time>
        <extensions>
          <ns3:TrackPointExtension>
            <ns3:hr>143</ns3:hr>
          </ns3:TrackPointExtension>
        </extensions>
      </trkpt>
      <trkpt lat="51.9507530517876148223876953125" lon="4.40802167169749736785888671875">
        <ele>9.80000019073486328125</ele>
        <time>2025-05-31T13:33:08.000Z</time>
        <extensions>
          <ns3:TrackPointExtension>
            <ns3:hr>144</ns3:hr>
          </ns3:TrackPointExtension>
        </extensions>
      </trkpt>
      <trkpt lat="51.9510417245328426361083984375" lon="4.407521523535251617431640625">
        <ele>9.80000019073486328125</ele>
        <time>2025-05-31T13:33:17.000Z</time>
        <extensions>
          <ns3:TrackPointExtension>
            <ns3:hr>146</ns3:hr>
          </ns3:TrackPointExtension>
        </extensions>
      </trkpt>
      <trkpt lat="51.9514008052647113800048828125" lon="4.40689195878803730010986328125">
        <ele>9.80000019073486328125</ele>
        <time>2025-05-31T13:33:28.000Z</time>
        <extensions>
          <ns3:TrackPointExtension>
            <ns3:hr>148</ns3:hr>
          </ns3:TrackPointExtension>
        </extensions>
      </trkpt>
      <trkpt lat="51.9516411982476711273193359375" lon="4.40648258663713932037353515625">
        <ele>10</ele>
        <time>2025-05-31T13:33:35.000Z</time>
        <extensions>
          <ns3:TrackPointExtension>
            <ns3:hr>145</ns3:hr>
          </ns3:TrackPointExtension>
        </extensions>
      </trkpt>
      <trkpt lat="51.95174722932279109954833984375" lon="4.40630547702312469482421875">
        <ele>9</ele>
        <time>2025-05-31T13:33:38.000Z</time>
        <extensions>
          <ns3:TrackPointExtension>
            <ns3:hr>145</ns3:hr>
          </ns3:TrackPointExtension>
        </extensions>
      </trkpt>
      <trkpt lat="51.95196867920458316802978515625" lon="4.4059619866311550140380859375">
        <ele>10</ele>
        <time>2025-05-31T13:33:44.000Z</time>
        <extensions>
          <ns3:TrackPointExtension>
            <ns3:hr>148</ns3:hr>
          </ns3:TrackPointExtension>
        </extensions>
      </trkpt>
      <trkpt lat="51.95200572721660137176513671875" lon="4.40590289421379566192626953125">
        <ele>10</ele>
        <time>2025-05-31T13:33:45.000Z</time>
        <extensions>
          <ns3:TrackPointExtension>
            <ns3:hr>149</ns3:hr>
          </ns3:TrackPointExtension>
        </extensions>
      </trkpt>
      <trkpt lat="51.95227436721324920654296875" lon="4.40545479767024517059326171875">
        <ele>10</ele>
        <time>2025-05-31T13:33:53.000Z</time>
        <extensions>
          <ns3:TrackPointExtension>
            <ns3:hr>148</ns3:hr>
          </ns3:TrackPointExtension>
        </extensions>
      </trkpt>
      <trkpt lat="51.9526091404259204864501953125" lon="4.40489153377711772918701171875">
        <ele>9.80000019073486328125</ele>
        <time>2025-05-31T13:34:02.000Z</time>
        <extensions>
          <ns3:TrackPointExtension>
            <ns3:hr>149</ns3:hr>
          </ns3:TrackPointExtension>
        </extensions>
      </trkpt>
      <trkpt lat="51.9528974778950214385986328125" lon="4.4044757075607776641845703125">
        <ele>9.80000019073486328125</ele>
        <time>2025-05-31T13:34:09.000Z</time>
        <extensions>
          <ns3:TrackPointExtension>
            <ns3:hr>150</ns3:hr>
          </ns3:TrackPointExtension>
        </extensions>
      </trkpt>
      <trkpt lat="51.953167878091335296630859375" lon="4.40403222106397151947021484375">
        <ele>9.80000019073486328125</ele>
        <time>2025-05-31T13:34:16.000Z</time>
        <extensions>
          <ns3:TrackPointExtension>
            <ns3:hr>153</ns3:hr>
          </ns3:TrackPointExtension>
        </extensions>
      </trkpt>
      <trkpt lat="51.9532840512692928314208984375" lon="4.40384320914745330810546875">
        <ele>9.80000019073486328125</ele>
        <time>2025-05-31T13:34:19.000Z</time>
        <extensions>
          <ns3:TrackPointExtension>
            <ns3:hr>154</ns3:hr>
          </ns3:TrackPointExtension>
        </extensions>
      </trkpt>
      <trkpt lat="51.95351061411201953887939453125" lon="4.4034591503441333770751953125">
        <ele>9.80000019073486328125</ele>
        <time>2025-05-31T13:34:25.000Z</time>
        <extensions>
          <ns3:TrackPointExtension>
            <ns3:hr>156</ns3:hr>
          </ns3:TrackPointExtension>
        </extensions>
      </trkpt>
      <trkpt lat="51.9535888172686100006103515625" lon="4.4033302366733551025390625">
        <ele>9.80000019073486328125</ele>
        <time>2025-05-31T13:34:27.000Z</time>
        <extensions>
          <ns3:TrackPointExtension>
            <ns3:hr>155</ns3:hr>
          </ns3:TrackPointExtension>
        </extensions>
      </trkpt>
      <trkpt lat="51.95391763933002948760986328125" lon="4.402760602533817291259765625">
        <ele>10</ele>
        <time>2025-05-31T13:34:36.000Z</time>
        <extensions>
          <ns3:TrackPointExtension>
            <ns3:hr>154</ns3:hr>
          </ns3:TrackPointExtension>
        </extensions>
      </trkpt>
      <trkpt lat="51.95432382635772228240966796875" lon="4.402073957026004791259765625">
        <ele>10.19999980926513671875</ele>
        <time>2025-05-31T13:34:47.000Z</time>
        <extensions>
          <ns3:TrackPointExtension>
            <ns3:hr>154</ns3:hr>
          </ns3:TrackPointExtension>
        </extensions>
      </trkpt>
      <trkpt lat="51.9547277502715587615966796875" lon="4.4013874791562557220458984375">
        <ele>10</ele>
        <time>2025-05-31T13:34:58.000Z</time>
        <extensions>
          <ns3:TrackPointExtension>
            <ns3:hr>152</ns3:hr>
          </ns3:TrackPointExtension>
        </extensions>
      </trkpt>
      <trkpt lat="51.95509470999240875244140625" lon="4.40075389109551906585693359375">
        <ele>9.80000019073486328125</ele>
        <time>2025-05-31T13:35:08.000Z</time>
        <extensions>
          <ns3:TrackPointExtension>
            <ns3:hr>155</ns3:hr>
          </ns3:TrackPointExtension>
        </extensions>
      </trkpt>
      <trkpt lat="51.95527098141610622406005859375" lon="4.400437809526920318603515625">
        <ele>10</ele>
        <time>2025-05-31T13:35:13.000Z</time>
        <extensions>
          <ns3:TrackPointExtension>
            <ns3:hr>154</ns3:hr>
          </ns3:TrackPointExtension>
        </extensions>
      </trkpt>
      <trkpt lat="51.9553402997553348541259765625" lon="4.4003140926361083984375">
        <ele>10.19999980926513671875</ele>
        <time>2025-05-31T13:35:15.000Z</time>
        <extensions>
          <ns3:TrackPointExtension>
            <ns3:hr>154</ns3:hr>
          </ns3:TrackPointExtension>
        </extensions>
      </trkpt>
      <trkpt lat="51.95558421313762664794921875" lon="4.3998871184885501861572265625">
        <ele>10</ele>
        <time>2025-05-31T13:35:22.000Z</time>
        <extensions>
          <ns3:TrackPointExtension>
            <ns3:hr>153</ns3:hr>
          </ns3:TrackPointExtension>
        </extensions>
      </trkpt>
      <trkpt lat="51.95560240186750888824462890625" lon="4.39982702024281024932861328125">
        <ele>9.80000019073486328125</ele>
        <time>2025-05-31T13:35:23.000Z</time>
        <extensions>
          <ns3:TrackPointExtension>
            <ns3:hr>153</ns3:hr>
          </ns3:TrackPointExtension>
        </extensions>
      </trkpt>
      <trkpt lat="51.9556373544037342071533203125" lon="4.3996145389974117279052734375">
        <ele>9.3999996185302734375</ele>
        <time>2025-05-31T13:35:26.000Z</time>
        <extensions>
          <ns3:TrackPointExtension>
            <ns3:hr>153</ns3:hr>
          </ns3:TrackPointExtension>
        </extensions>
      </trkpt>
      <trkpt lat="51.9556661881506443023681640625" lon="4.39954019151628017425537109375">
        <ele>8.80000019073486328125</ele>
        <time>2025-05-31T13:35:27.000Z</time>
        <extensions>
          <ns3:TrackPointExtension>
            <ns3:hr>153</ns3:hr>
          </ns3:TrackPointExtension>
        </extensions>
      </trkpt>
      <trkpt lat="51.95570348761975765228271484375" lon="4.39947523176670074462890625">
        <ele>8.6000003814697265625</ele>
        <time>2025-05-31T13:35:28.000Z</time>
        <extensions>
          <ns3:TrackPointExtension>
            <ns3:hr>153</ns3:hr>
          </ns3:TrackPointExtension>
        </extensions>
      </trkpt>
      <trkpt lat="51.955894343554973602294921875" lon="4.39917909912765026092529296875">
        <ele>8</ele>
        <time>2025-05-31T13:35:33.000Z</time>
        <extensions>
          <ns3:TrackPointExtension>
            <ns3:hr>150</ns3:hr>
          </ns3:TrackPointExtension>
        </extensions>
      </trkpt>
      <trkpt lat="51.95594019256532192230224609375" lon="4.39904582686722278594970703125">
        <ele>8</ele>
        <time>2025-05-31T13:35:35.000Z</time>
        <extensions>
          <ns3:TrackPointExtension>
            <ns3:hr>148</ns3:hr>
          </ns3:TrackPointExtension>
        </extensions>
      </trkpt>
      <trkpt lat="51.95593499578535556793212890625" lon="4.39890031702816486358642578125">
        <ele>7.80000019073486328125</ele>
        <time>2025-05-31T13:35:37.000Z</time>
        <extensions>
          <ns3:TrackPointExtension>
            <ns3:hr>147</ns3:hr>
          </ns3:TrackPointExtension>
        </extensions>
      </trkpt>
      <trkpt lat="51.9557989574968814849853515625" lon="4.398466050624847412109375">
        <ele>7.599999904632568359375</ele>
        <time>2025-05-31T13:35:43.000Z</time>
        <extensions>
          <ns3:TrackPointExtension>
            <ns3:hr>146</ns3:hr>
          </ns3:TrackPointExtension>
        </extensions>
      </trkpt>
      <trkpt lat="51.955729387700557708740234375" lon="4.3982673995196819305419921875">
        <ele>7.599999904632568359375</ele>
        <time>2025-05-31T13:35:46.000Z</time>
        <extensions>
          <ns3:TrackPointExtension>
            <ns3:hr>142</ns3:hr>
          </ns3:TrackPointExtension>
        </extensions>
      </trkpt>
      <trkpt lat="51.95571471937000751495361328125" lon="4.39819757826626300811767578125">
        <ele>7.599999904632568359375</ele>
        <time>2025-05-31T13:35:47.000Z</time>
        <extensions>
          <ns3:TrackPointExtension>
            <ns3:hr>139</ns3:hr>
          </ns3:TrackPointExtension>
        </extensions>
      </trkpt>
      <trkpt lat="51.95571203716099262237548828125" lon="4.39812633208930492401123046875">
        <ele>7.599999904632568359375</ele>
        <time>2025-05-31T13:35:48.000Z</time>
        <extensions>
          <ns3:TrackPointExtension>
            <ns3:hr>138</ns3:hr>
          </ns3:TrackPointExtension>
        </extensions>
      </trkpt>
      <trkpt lat="51.9557547010481357574462890625" lon="4.398002363741397857666015625">
        <ele>7.599999904632568359375</ele>
        <time>2025-05-31T13:35:50.000Z</time>
        <extensions>
          <ns3:TrackPointExtension>
            <ns3:hr>137</ns3:hr>
          </ns3:TrackPointExtension>
        </extensions>
      </trkpt>
      <trkpt lat="51.9557892344892024993896484375" lon="4.39795685000717639923095703125">
        <ele>7.599999904632568359375</ele>
        <time>2025-05-31T13:35:51.000Z</time>
        <extensions>
          <ns3:TrackPointExtension>
            <ns3:hr>136</ns3:hr>
          </ns3:TrackPointExtension>
        </extensions>
      </trkpt>
      <trkpt lat="51.95592527277767658233642578125" lon="4.39776792190968990325927734375">
        <ele>7.599999904632568359375</ele>
        <time>2025-05-31T13:35:55.000Z</time>
        <extensions>
          <ns3:TrackPointExtension>
            <ns3:hr>137</ns3:hr>
          </ns3:TrackPointExtension>
        </extensions>
      </trkpt>
      <trkpt lat="51.95595880039036273956298828125" lon="4.39765107817947864532470703125">
        <ele>7.400000095367431640625</ele>
        <time>2025-05-31T13:35:57.000Z</time>
        <extensions>
          <ns3:TrackPointExtension>
            <ns3:hr>138</ns3:hr>
          </ns3:TrackPointExtension>
        </extensions>
      </trkpt>
      <trkpt lat="51.95593181066215038299560546875" lon="4.39753599464893341064453125">
        <ele>7.400000095367431640625</ele>
        <time>2025-05-31T13:35:59.000Z</time>
        <extensions>
          <ns3:TrackPointExtension>
            <ns3:hr>139</ns3:hr>
          </ns3:TrackPointExtension>
        </extensions>
      </trkpt>
      <trkpt lat="51.955898702144622802734375" lon="4.3974905647337436676025390625">
        <ele>7.400000095367431640625</ele>
        <time>2025-05-31T13:36:00.000Z</time>
        <extensions>
          <ns3:TrackPointExtension>
            <ns3:hr>139</ns3:hr>
          </ns3:TrackPointExtension>
        </extensions>
      </trkpt>
      <trkpt lat="51.95586676709353923797607421875" lon="4.39744488336145877838134765625">
        <ele>7.400000095367431640625</ele>
        <time>2025-05-31T13:36:01.000Z</time>
        <extensions>
          <ns3:TrackPointExtension>
            <ns3:hr>139</ns3:hr>
          </ns3:TrackPointExtension>
        </extensions>
      </trkpt>
      <trkpt lat="51.95581798441708087921142578125" lon="4.3972863815724849700927734375">
        <ele>7.400000095367431640625</ele>
        <time>2025-05-31T13:36:04.000Z</time>
        <extensions>
          <ns3:TrackPointExtension>
            <ns3:hr>139</ns3:hr>
          </ns3:TrackPointExtension>
        </extensions>
      </trkpt>
      <trkpt lat="51.9558244384825229644775390625" lon="4.39709720201790332794189453125">
        <ele>7.400000095367431640625</ele>
        <time>2025-05-31T13:36:09.000Z</time>
        <extensions>
          <ns3:TrackPointExtension>
            <ns3:hr>139</ns3:hr>
          </ns3:TrackPointExtension>
        </extensions>
      </trkpt>
      <trkpt lat="51.95587095804512500762939453125" lon="4.396888911724090576171875">
        <ele>7.400000095367431640625</ele>
        <time>2025-05-31T13:36:15.000Z</time>
        <extensions>
          <ns3:TrackPointExtension>
            <ns3:hr>140</ns3:hr>
          </ns3:TrackPointExtension>
        </extensions>
      </trkpt>
      <trkpt lat="51.95599325001239776611328125" lon="4.396670646965503692626953125">
        <ele>7.19999980926513671875</ele>
        <time>2025-05-31T13:36:20.000Z</time>
        <extensions>
          <ns3:TrackPointExtension>
            <ns3:hr>140</ns3:hr>
          </ns3:TrackPointExtension>
        </extensions>
      </trkpt>
      <trkpt lat="51.95620707236230373382568359375" lon="4.39649370498955249786376953125">
        <ele>6.80000019073486328125</ele>
        <time>2025-05-31T13:36:26.000Z</time>
        <extensions>
          <ns3:TrackPointExtension>
            <ns3:hr>136</ns3:hr>
          </ns3:TrackPointExtension>
        </extensions>
      </trkpt>
      <trkpt lat="51.95628485642373561859130859375" lon="4.3964294157922267913818359375">
        <ele>7</ele>
        <time>2025-05-31T13:36:28.000Z</time>
        <extensions>
          <ns3:TrackPointExtension>
            <ns3:hr>134</ns3:hr>
          </ns3:TrackPointExtension>
        </extensions>
      </trkpt>
      <trkpt lat="51.9563934020698070526123046875" lon="4.3963077105581760406494140625">
        <ele>7.19999980926513671875</ele>
        <time>2025-05-31T13:36:31.000Z</time>
        <extensions>
          <ns3:TrackPointExtension>
            <ns3:hr>135</ns3:hr>
          </ns3:TrackPointExtension>
        </extensions>
      </trkpt>
      <trkpt lat="51.95646037347614765167236328125" lon="4.39621391706168651580810546875">
        <ele>7.19999980926513671875</ele>
        <time>2025-05-31T13:36:33.000Z</time>
        <extensions>
          <ns3:TrackPointExtension>
            <ns3:hr>135</ns3:hr>
          </ns3:TrackPointExtension>
        </extensions>
      </trkpt>
      <trkpt lat="51.95668567903339862823486328125" lon="4.3959895335137844085693359375">
        <ele>7.400000095367431640625</ele>
        <time>2025-05-31T13:36:39.000Z</time>
        <extensions>
          <ns3:TrackPointExtension>
            <ns3:hr>136</ns3:hr>
          </ns3:TrackPointExtension>
        </extensions>
      </trkpt>
      <trkpt lat="51.9568510539829730987548828125" lon="4.39586388878524303436279296875">
        <ele>7.400000095367431640625</ele>
        <time>2025-05-31T13:36:43.000Z</time>
        <extensions>
          <ns3:TrackPointExtension>
            <ns3:hr>135</ns3:hr>
          </ns3:TrackPointExtension>
        </extensions>
      </trkpt>
      <trkpt lat="51.9569754414260387420654296875" lon="4.395759366452693939208984375">
        <ele>7.400000095367431640625</ele>
        <time>2025-05-31T13:36:46.000Z</time>
        <extensions>
          <ns3:TrackPointExtension>
            <ns3:hr>136</ns3:hr>
          </ns3:TrackPointExtension>
        </extensions>
      </trkpt>
      <trkpt lat="51.9572315923869609832763671875" lon="4.39555509947240352630615234375">
        <ele>7.400000095367431640625</ele>
        <time>2025-05-31T13:36:52.000Z</time>
        <extensions>
          <ns3:TrackPointExtension>
            <ns3:hr>140</ns3:hr>
          </ns3:TrackPointExtension>
        </extensions>
      </trkpt>
      <trkpt lat="51.9572738371789455413818359375" lon="4.395524673163890838623046875">
        <ele>7.400000095367431640625</ele>
        <time>2025-05-31T13:36:53.000Z</time>
        <extensions>
          <ns3:TrackPointExtension>
            <ns3:hr>141</ns3:hr>
          </ns3:TrackPointExtension>
        </extensions>
      </trkpt>
      <trkpt lat="51.9573563151061534881591796875" lon="4.395451582968235015869140625">
        <ele>7.400000095367431640625</ele>
        <time>2025-05-31T13:36:55.000Z</time>
        <extensions>
          <ns3:TrackPointExtension>
            <ns3:hr>142</ns3:hr>
          </ns3:TrackPointExtension>
        </extensions>
      </trkpt>
      <trkpt lat="51.95748833008110523223876953125" lon="4.39534504897892475128173828125">
        <ele>7.400000095367431640625</ele>
        <time>2025-05-31T13:36:58.000Z</time>
        <extensions>
          <ns3:TrackPointExtension>
            <ns3:hr>145</ns3:hr>
          </ns3:TrackPointExtension>
        </extensions>
      </trkpt>
      <trkpt lat="51.95752973668277263641357421875" lon="4.39530665986239910125732421875">
        <ele>7.400000095367431640625</ele>
        <time>2025-05-31T13:36:59.000Z</time>
        <extensions>
          <ns3:TrackPointExtension>
            <ns3:hr>146</ns3:hr>
          </ns3:TrackPointExtension>
        </extensions>
      </trkpt>
      <trkpt lat="51.95765211246907711029052734375" lon="4.39519040286540985107421875">
        <ele>7.400000095367431640625</ele>
        <time>2025-05-31T13:37:02.000Z</time>
        <extensions>
          <ns3:TrackPointExtension>
            <ns3:hr>146</ns3:hr>
          </ns3:TrackPointExtension>
        </extensions>
      </trkpt>
      <trkpt lat="51.95768865756690502166748046875" lon="4.395145811140537261962890625">
        <ele>7.400000095367431640625</ele>
        <time>2025-05-31T13:37:03.000Z</time>
        <extensions>
          <ns3:TrackPointExtension>
            <ns3:hr>145</ns3:hr>
          </ns3:TrackPointExtension>
        </extensions>
      </trkpt>
      <trkpt lat="51.95774850435554981231689453125" lon="4.3950457312166690826416015625">
        <ele>7.400000095367431640625</ele>
        <time>2025-05-31T13:37:05.000Z</time>
        <extensions>
          <ns3:TrackPointExtension>
            <ns3:hr>144</ns3:hr>
          </ns3:TrackPointExtension>
        </extensions>
      </trkpt>
      <trkpt lat="51.9577693752944469451904296875" lon="4.3949907459318637847900390625">
        <ele>7.19999980926513671875</ele>
        <time>2025-05-31T13:37:06.000Z</time>
        <extensions>
          <ns3:TrackPointExtension>
            <ns3:hr>144</ns3:hr>
          </ns3:TrackPointExtension>
        </extensions>
      </trkpt>
      <trkpt lat="51.95777784101665019989013671875" lon="4.39492494799196720123291015625">
        <ele>7.19999980926513671875</ele>
        <time>2025-05-31T13:37:07.000Z</time>
        <extensions>
          <ns3:TrackPointExtension>
            <ns3:hr>144</ns3:hr>
          </ns3:TrackPointExtension>
        </extensions>
      </trkpt>
      <trkpt lat="51.95775537751615047454833984375" lon="4.3947954475879669189453125">
        <ele>7.19999980926513671875</ele>
        <time>2025-05-31T13:37:09.000Z</time>
        <extensions>
          <ns3:TrackPointExtension>
            <ns3:hr>144</ns3:hr>
          </ns3:TrackPointExtension>
        </extensions>
      </trkpt>
      <trkpt lat="51.95754381828010082244873046875" lon="4.3941944651305675506591796875">
        <ele>7.400000095367431640625</ele>
        <time>2025-05-31T13:37:18.000Z</time>
        <extensions>
          <ns3:TrackPointExtension>
            <ns3:hr>147</ns3:hr>
          </ns3:TrackPointExtension>
        </extensions>
      </trkpt>
      <trkpt lat="51.9575189240276813507080078125" lon="4.3941290862858295440673828125">
        <ele>7.400000095367431640625</ele>
        <time>2025-05-31T13:37:19.000Z</time>
        <extensions>
          <ns3:TrackPointExtension>
            <ns3:hr>147</ns3:hr>
          </ns3:TrackPointExtension>
        </extensions>
      </trkpt>
      <trkpt lat="51.9573725759983062744140625" lon="4.3937254138290882110595703125">
        <ele>7.19999980926513671875</ele>
        <time>2025-05-31T13:37:25.000Z</time>
        <extensions>
          <ns3:TrackPointExtension>
            <ns3:hr>150</ns3:hr>
          </ns3:TrackPointExtension>
        </extensions>
      </trkpt>
      <trkpt lat="51.9573040120303630828857421875" lon="4.39353271387517452239990234375">
        <ele>7.19999980926513671875</ele>
        <time>2025-05-31T13:37:28.000Z</time>
        <extensions>
          <ns3:TrackPointExtension>
            <ns3:hr>151</ns3:hr>
          </ns3:TrackPointExtension>
        </extensions>
      </trkpt>
      <trkpt lat="51.95714257657527923583984375" lon="4.39308411441743373870849609375">
        <ele>7.19999980926513671875</ele>
        <time>2025-05-31T13:37:35.000Z</time>
        <extensions>
          <ns3:TrackPointExtension>
            <ns3:hr>153</ns3:hr>
          </ns3:TrackPointExtension>
        </extensions>
      </trkpt>
      <trkpt lat="51.95709295570850372314453125" lon="4.392951093614101409912109375">
        <ele>7.19999980926513671875</ele>
        <time>2025-05-31T13:37:37.000Z</time>
        <extensions>
          <ns3:TrackPointExtension>
            <ns3:hr>153</ns3:hr>
          </ns3:TrackPointExtension>
        </extensions>
      </trkpt>
      <trkpt lat="51.95683957077562808990478515625" lon="4.392235279083251953125">
        <ele>7.400000095367431640625</ele>
        <time>2025-05-31T13:37:48.000Z</time>
        <extensions>
          <ns3:TrackPointExtension>
            <ns3:hr>155</ns3:hr>
          </ns3:TrackPointExtension>
        </extensions>
      </trkpt>
      <trkpt lat="51.9566991738975048065185546875" lon="4.39180788584053516387939453125">
        <ele>7.400000095367431640625</ele>
        <time>2025-05-31T13:37:54.000Z</time>
        <extensions>
          <ns3:TrackPointExtension>
            <ns3:hr>158</ns3:hr>
          </ns3:TrackPointExtension>
        </extensions>
      </trkpt>
      <trkpt lat="51.95660035125911235809326171875" lon="4.39153145067393779754638671875">
        <ele>7.599999904632568359375</ele>
        <time>2025-05-31T13:37:58.000Z</time>
        <extensions>
          <ns3:TrackPointExtension>
            <ns3:hr>158</ns3:hr>
          </ns3:TrackPointExtension>
        </extensions>
      </trkpt>
      <trkpt lat="51.95635576732456684112548828125" lon="4.3908075056970119476318359375">
        <ele>7.599999904632568359375</ele>
        <time>2025-05-31T13:38:09.000Z</time>
        <extensions>
          <ns3:TrackPointExtension>
            <ns3:hr>158</ns3:hr>
          </ns3:TrackPointExtension>
        </extensions>
      </trkpt>
      <trkpt lat="51.95607681758701801300048828125" lon="4.39002036117017269134521484375">
        <ele>8</ele>
        <time>2025-05-31T13:38:21.000Z</time>
        <extensions>
          <ns3:TrackPointExtension>
            <ns3:hr>161</ns3:hr>
          </ns3:TrackPointExtension>
        </extensions>
      </trkpt>
      <trkpt lat="51.95605494081974029541015625" lon="4.38995129428803920745849609375">
        <ele>8</ele>
        <time>2025-05-31T13:38:22.000Z</time>
        <extensions>
          <ns3:TrackPointExtension>
            <ns3:hr>161</ns3:hr>
          </ns3:TrackPointExtension>
        </extensions>
      </trkpt>
      <trkpt lat="51.9557738117873668670654296875" lon="4.389128945767879486083984375">
        <ele>8</ele>
        <time>2025-05-31T13:38:34.000Z</time>
        <extensions>
          <ns3:TrackPointExtension>
            <ns3:hr>162</ns3:hr>
          </ns3:TrackPointExtension>
        </extensions>
      </trkpt>
      <trkpt lat="51.95554959587752819061279296875" lon="4.388461746275424957275390625">
        <ele>7.599999904632568359375</ele>
        <time>2025-05-31T13:38:44.000Z</time>
        <extensions>
          <ns3:TrackPointExtension>
            <ns3:hr>163</ns3:hr>
          </ns3:TrackPointExtension>
        </extensions>
      </trkpt>
      <trkpt lat="51.95526637136936187744140625" lon="4.387643672525882720947265625">
        <ele>7.599999904632568359375</ele>
        <time>2025-05-31T13:38:56.000Z</time>
        <extensions>
          <ns3:TrackPointExtension>
            <ns3:hr>161</ns3:hr>
          </ns3:TrackPointExtension>
        </extensions>
      </trkpt>
      <trkpt lat="51.9552219472825527191162109375" lon="4.38750947825610637664794921875">
        <ele>7.80000019073486328125</ele>
        <time>2025-05-31T13:38:58.000Z</time>
        <extensions>
          <ns3:TrackPointExtension>
            <ns3:hr>161</ns3:hr>
          </ns3:TrackPointExtension>
        </extensions>
      </trkpt>
      <trkpt lat="51.9549902714788913726806640625" lon="4.38684336841106414794921875">
        <ele>7.80000019073486328125</ele>
        <time>2025-05-31T13:39:08.000Z</time>
        <extensions>
          <ns3:TrackPointExtension>
            <ns3:hr>163</ns3:hr>
          </ns3:TrackPointExtension>
        </extensions>
      </trkpt>
      <trkpt lat="51.95483109913766384124755859375" lon="4.38635260798037052154541015625">
        <ele>7.80000019073486328125</ele>
        <time>2025-05-31T13:39:15.000Z</time>
        <extensions>
          <ns3:TrackPointExtension>
            <ns3:hr>166</ns3:hr>
          </ns3:TrackPointExtension>
        </extensions>
      </trkpt>
      <trkpt lat="51.95478483103215694427490234375" lon="4.38621313311159610748291015625">
        <ele>7.80000019073486328125</ele>
        <time>2025-05-31T13:39:17.000Z</time>
        <extensions>
          <ns3:TrackPointExtension>
            <ns3:hr>166</ns3:hr>
          </ns3:TrackPointExtension>
        </extensions>
      </trkpt>
      <trkpt lat="51.95466932840645313262939453125" lon="4.38584826886653900146484375">
        <ele>7.80000019073486328125</ele>
        <time>2025-05-31T13:39:22.000Z</time>
        <extensions>
          <ns3:TrackPointExtension>
            <ns3:hr>165</ns3:hr>
          </ns3:TrackPointExtension>
        </extensions>
      </trkpt>
      <trkpt lat="51.95464317686855792999267578125" lon="4.3856925331056118011474609375">
        <ele>7.80000019073486328125</ele>
        <time>2025-05-31T13:39:24.000Z</time>
        <extensions>
          <ns3:TrackPointExtension>
            <ns3:hr>165</ns3:hr>
          </ns3:TrackPointExtension>
        </extensions>
      </trkpt>
      <trkpt lat="51.9546291790902614593505859375" lon="4.3856150843203067779541015625">
        <ele>7.80000019073486328125</ele>
        <time>2025-05-31T13:39:25.000Z</time>
        <extensions>
          <ns3:TrackPointExtension>
            <ns3:hr>164</ns3:hr>
          </ns3:TrackPointExtension>
        </extensions>
      </trkpt>
      <trkpt lat="51.9545765407383441925048828125" lon="4.38537058420479297637939453125">
        <ele>7.599999904632568359375</ele>
        <time>2025-05-31T13:39:28.000Z</time>
        <extensions>
          <ns3:TrackPointExtension>
            <ns3:hr>163</ns3:hr>
          </ns3:TrackPointExtension>
        </extensions>
      </trkpt>
      <trkpt lat="51.954514682292938232421875" lon="4.38507135026156902313232421875">
        <ele>7.80000019073486328125</ele>
        <time>2025-05-31T13:39:32.000Z</time>
        <extensions>
          <ns3:TrackPointExtension>
            <ns3:hr>161</ns3:hr>
          </ns3:TrackPointExtension>
        </extensions>
      </trkpt>
      <trkpt lat="51.95436221547424793243408203125" lon="4.38433676026761531829833984375">
        <ele>6.80000019073486328125</ele>
        <time>2025-05-31T13:39:41.000Z</time>
        <extensions>
          <ns3:TrackPointExtension>
            <ns3:hr>161</ns3:hr>
          </ns3:TrackPointExtension>
        </extensions>
      </trkpt>
      <trkpt lat="51.95432768203318119049072265625" lon="4.3841470777988433837890625">
        <ele>6.599999904632568359375</ele>
        <time>2025-05-31T13:39:43.000Z</time>
        <extensions>
          <ns3:TrackPointExtension>
            <ns3:hr>161</ns3:hr>
          </ns3:TrackPointExtension>
        </extensions>
      </trkpt>
      <trkpt lat="51.9542898796498775482177734375" lon="4.38393048942089080810546875">
        <ele>6.80000019073486328125</ele>
        <time>2025-05-31T13:39:46.000Z</time>
        <extensions>
          <ns3:TrackPointExtension>
            <ns3:hr>161</ns3:hr>
          </ns3:TrackPointExtension>
        </extensions>
      </trkpt>
      <trkpt lat="51.95426967926323413848876953125" lon="4.38380710780620574951171875">
        <ele>7.599999904632568359375</ele>
        <time>2025-05-31T13:39:48.000Z</time>
        <extensions>
          <ns3:TrackPointExtension>
            <ns3:hr>161</ns3:hr>
          </ns3:TrackPointExtension>
        </extensions>
      </trkpt>
      <trkpt lat="51.9542493112385272979736328125" lon="4.383549951016902923583984375">
        <ele>8.3999996185302734375</ele>
        <time>2025-05-31T13:39:52.000Z</time>
        <extensions>
          <ns3:TrackPointExtension>
            <ns3:hr>161</ns3:hr>
          </ns3:TrackPointExtension>
        </extensions>
      </trkpt>
      <trkpt lat="51.95422173477709293365478515625" lon="4.38312574289739131927490234375">
        <ele>8.6000003814697265625</ele>
        <time>2025-05-31T13:39:58.000Z</time>
        <extensions>
          <ns3:TrackPointExtension>
            <ns3:hr>162</ns3:hr>
          </ns3:TrackPointExtension>
        </extensions>
      </trkpt>
      <trkpt lat="51.9542048871517181396484375" lon="4.3829073943197727203369140625">
        <ele>8.6000003814697265625</ele>
        <time>2025-05-31T13:40:01.000Z</time>
        <extensions>
          <ns3:TrackPointExtension>
            <ns3:hr>162</ns3:hr>
          </ns3:TrackPointExtension>
        </extensions>
      </trkpt>
      <trkpt lat="51.95411696098744869232177734375" lon="4.382486455142498016357421875">
        <ele>8.6000003814697265625</ele>
        <time>2025-05-31T13:40:07.000Z</time>
        <extensions>
          <ns3:TrackPointExtension>
            <ns3:hr>162</ns3:hr>
          </ns3:TrackPointExtension>
        </extensions>
      </trkpt>
      <trkpt lat="51.95389701984822750091552734375" lon="4.38189947046339511871337890625">
        <ele>8.19999980926513671875</ele>
        <time>2025-05-31T13:40:16.000Z</time>
        <extensions>
          <ns3:TrackPointExtension>
            <ns3:hr>163</ns3:hr>
          </ns3:TrackPointExtension>
        </extensions>
      </trkpt>
      <trkpt lat="51.9536930881440639495849609375" lon="4.38131927512586116790771484375">
        <ele>8.3999996185302734375</ele>
        <time>2025-05-31T13:40:25.000Z</time>
        <extensions>
          <ns3:TrackPointExtension>
            <ns3:hr>163</ns3:hr>
          </ns3:TrackPointExtension>
        </extensions>
      </trkpt>
      <trkpt lat="51.9534560479223728179931640625" lon="4.38072684220969676971435546875">
        <ele>8.3999996185302734375</ele>
        <time>2025-05-31T13:40:35.000Z</time>
        <extensions>
          <ns3:TrackPointExtension>
            <ns3:hr>160</ns3:hr>
          </ns3:TrackPointExtension>
        </extensions>
      </trkpt>
      <trkpt lat="51.9534003920853137969970703125" lon="4.3806124292314052581787109375">
        <ele>8.3999996185302734375</ele>
        <time>2025-05-31T13:40:37.000Z</time>
        <extensions>
          <ns3:TrackPointExtension>
            <ns3:hr>159</ns3:hr>
          </ns3:TrackPointExtension>
        </extensions>
      </trkpt>
      <trkpt lat="51.95333526469767093658447265625" lon="4.380431883037090301513671875">
        <ele>8.6000003814697265625</ele>
        <time>2025-05-31T13:40:40.000Z</time>
        <extensions>
          <ns3:TrackPointExtension>
            <ns3:hr>158</ns3:hr>
          </ns3:TrackPointExtension>
        </extensions>
      </trkpt>
      <trkpt lat="51.95331732742488384246826171875" lon="4.3803653307259082794189453125">
        <ele>8.6000003814697265625</ele>
        <time>2025-05-31T13:40:41.000Z</time>
        <extensions>
          <ns3:TrackPointExtension>
            <ns3:hr>157</ns3:hr>
          </ns3:TrackPointExtension>
        </extensions>
      </trkpt>
      <trkpt lat="51.95327877067029476165771484375" lon="4.38015905208885669708251953125">
        <ele>8.6000003814697265625</ele>
        <time>2025-05-31T13:40:44.000Z</time>
        <extensions>
          <ns3:TrackPointExtension>
            <ns3:hr>158</ns3:hr>
          </ns3:TrackPointExtension>
        </extensions>
      </trkpt>
      <trkpt lat="51.95323736406862735748291015625" lon="4.37986694276332855224609375">
        <ele>7.599999904632568359375</ele>
        <time>2025-05-31T13:40:48.000Z</time>
        <extensions>
          <ns3:TrackPointExtension>
            <ns3:hr>159</ns3:hr>
          </ns3:TrackPointExtension>
        </extensions>
      </trkpt>
      <trkpt lat="51.95308598689734935760498046875" lon="4.3793206103146076202392578125">
        <ele>8.6000003814697265625</ele>
        <time>2025-05-31T13:40:56.000Z</time>
        <extensions>
          <ns3:TrackPointExtension>
            <ns3:hr>159</ns3:hr>
          </ns3:TrackPointExtension>
        </extensions>
      </trkpt>
      <trkpt lat="51.9528934545814990997314453125" lon="4.3788183666765689849853515625">
        <ele>8.3999996185302734375</ele>
        <time>2025-05-31T13:41:04.000Z</time>
        <extensions>
          <ns3:TrackPointExtension>
            <ns3:hr>157</ns3:hr>
          </ns3:TrackPointExtension>
        </extensions>
      </trkpt>
      <trkpt lat="51.952886916697025299072265625" lon="4.37875541858375072479248046875">
        <ele>8.19999980926513671875</ele>
        <time>2025-05-31T13:41:05.000Z</time>
        <extensions>
          <ns3:TrackPointExtension>
            <ns3:hr>156</ns3:hr>
          </ns3:TrackPointExtension>
        </extensions>
      </trkpt>
      <trkpt lat="51.95289722643792629241943359375" lon="4.37869775108993053436279296875">
        <ele>8.19999980926513671875</ele>
        <time>2025-05-31T13:41:06.000Z</time>
        <extensions>
          <ns3:TrackPointExtension>
            <ns3:hr>156</ns3:hr>
          </ns3:TrackPointExtension>
        </extensions>
      </trkpt>
      <trkpt lat="51.95292807184159755706787109375" lon="4.378661625087261199951171875">
        <ele>8.19999980926513671875</ele>
        <time>2025-05-31T13:41:07.000Z</time>
        <extensions>
          <ns3:TrackPointExtension>
            <ns3:hr>155</ns3:hr>
          </ns3:TrackPointExtension>
        </extensions>
      </trkpt>
      <trkpt lat="51.953007280826568603515625" lon="4.37863714993000030517578125">
        <ele>8</ele>
        <time>2025-05-31T13:41:09.000Z</time>
        <extensions>
          <ns3:TrackPointExtension>
            <ns3:hr>152</ns3:hr>
          </ns3:TrackPointExtension>
        </extensions>
      </trkpt>
      <trkpt lat="51.95314474403858184814453125" lon="4.3786155246198177337646484375">
        <ele>7.80000019073486328125</ele>
        <time>2025-05-31T13:41:12.000Z</time>
        <extensions>
          <ns3:TrackPointExtension>
            <ns3:hr>151</ns3:hr>
          </ns3:TrackPointExtension>
        </extensions>
      </trkpt>
      <trkpt lat="51.9533893279731273651123046875" lon="4.37858887016773223876953125">
        <ele>8</ele>
        <time>2025-05-31T13:41:17.000Z</time>
        <extensions>
          <ns3:TrackPointExtension>
            <ns3:hr>151</ns3:hr>
          </ns3:TrackPointExtension>
        </extensions>
      </trkpt>
      <trkpt lat="51.9535304792225360870361328125" lon="4.37855525873601436614990234375">
        <ele>8.19999980926513671875</ele>
        <time>2025-05-31T13:41:20.000Z</time>
        <extensions>
          <ns3:TrackPointExtension>
            <ns3:hr>151</ns3:hr>
          </ns3:TrackPointExtension>
        </extensions>
      </trkpt>
      <trkpt lat="51.95383901707828044891357421875" lon="4.3784103356301784515380859375">
        <ele>8.3999996185302734375</ele>
        <time>2025-05-31T13:41:27.000Z</time>
        <extensions>
          <ns3:TrackPointExtension>
            <ns3:hr>152</ns3:hr>
          </ns3:TrackPointExtension>
        </extensions>
      </trkpt>
      <trkpt lat="51.95388092659413814544677734375" lon="4.378384687006473541259765625">
        <ele>8.3999996185302734375</ele>
        <time>2025-05-31T13:41:28.000Z</time>
        <extensions>
          <ns3:TrackPointExtension>
            <ns3:hr>152</ns3:hr>
          </ns3:TrackPointExtension>
        </extensions>
      </trkpt>
      <trkpt lat="51.95397279225289821624755859375" lon="4.3783476389944553375244140625">
        <ele>8.3999996185302734375</ele>
        <time>2025-05-31T13:41:30.000Z</time>
        <extensions>
          <ns3:TrackPointExtension>
            <ns3:hr>152</ns3:hr>
          </ns3:TrackPointExtension>
        </extensions>
      </trkpt>
      <trkpt lat="51.95407270453870296478271484375" lon="4.37832592986524105072021484375">
        <ele>8.19999980926513671875</ele>
        <time>2025-05-31T13:41:32.000Z</time>
        <extensions>
          <ns3:TrackPointExtension>
            <ns3:hr>152</ns3:hr>
          </ns3:TrackPointExtension>
        </extensions>
      </trkpt>
      <trkpt lat="51.9544015266001224517822265625" lon="4.3782882951200008392333984375">
        <ele>8</ele>
        <time>2025-05-31T13:41:38.000Z</time>
        <extensions>
          <ns3:TrackPointExtension>
            <ns3:hr>153</ns3:hr>
          </ns3:TrackPointExtension>
        </extensions>
      </trkpt>
      <trkpt lat="51.9549926184117794036865234375" lon="4.3782381713390350341796875">
        <ele>7.80000019073486328125</ele>
        <time>2025-05-31T13:41:49.000Z</time>
        <extensions>
          <ns3:TrackPointExtension>
            <ns3:hr>151</ns3:hr>
          </ns3:TrackPointExtension>
        </extensions>
      </trkpt>
      <trkpt lat="51.95547231473028659820556640625" lon="4.37819651328027248382568359375">
        <ele>7.80000019073486328125</ele>
        <time>2025-05-31T13:41:58.000Z</time>
        <extensions>
          <ns3:TrackPointExtension>
            <ns3:hr>150</ns3:hr>
          </ns3:TrackPointExtension>
        </extensions>
      </trkpt>
      <trkpt lat="51.95593851618468761444091796875" lon="4.3781260214745998382568359375">
        <ele>7.80000019073486328125</ele>
        <time>2025-05-31T13:42:07.000Z</time>
        <extensions>
          <ns3:TrackPointExtension>
            <ns3:hr>151</ns3:hr>
          </ns3:TrackPointExtension>
        </extensions>
      </trkpt>
      <trkpt lat="51.956197433173656463623046875" lon="4.3780586309731006622314453125">
        <ele>7.80000019073486328125</ele>
        <time>2025-05-31T13:42:12.000Z</time>
        <extensions>
          <ns3:TrackPointExtension>
            <ns3:hr>151</ns3:hr>
          </ns3:TrackPointExtension>
        </extensions>
      </trkpt>
      <trkpt lat="51.95628963410854339599609375" lon="4.37800020910799503326416015625">
        <ele>7.80000019073486328125</ele>
        <time>2025-05-31T13:42:14.000Z</time>
        <extensions>
          <ns3:TrackPointExtension>
            <ns3:hr>151</ns3:hr>
          </ns3:TrackPointExtension>
        </extensions>
      </trkpt>
      <trkpt lat="51.9568312726914882659912109375" lon="4.3776180781424045562744140625">
        <ele>7.599999904632568359375</ele>
        <time>2025-05-31T13:42:25.000Z</time>
        <extensions>
          <ns3:TrackPointExtension>
            <ns3:hr>153</ns3:hr>
          </ns3:TrackPointExtension>
        </extensions>
      </trkpt>
      <trkpt lat="51.95724810473620891571044921875" lon="4.37744247727096080780029296875">
        <ele>7.80000019073486328125</ele>
        <time>2025-05-31T13:42:33.000Z</time>
        <extensions>
          <ns3:TrackPointExtension>
            <ns3:hr>154</ns3:hr>
          </ns3:TrackPointExtension>
        </extensions>
      </trkpt>
      <trkpt lat="51.957773230969905853271484375" lon="4.37723728828132152557373046875">
        <ele>7.80000019073486328125</ele>
        <time>2025-05-31T13:42:43.000Z</time>
        <extensions>
          <ns3:TrackPointExtension>
            <ns3:hr>154</ns3:hr>
          </ns3:TrackPointExtension>
        </extensions>
      </trkpt>
      <trkpt lat="51.95814027450978755950927734375" lon="4.37703763134777545928955078125">
        <ele>7.80000019073486328125</ele>
        <time>2025-05-31T13:42:50.000Z</time>
        <extensions>
          <ns3:TrackPointExtension>
            <ns3:hr>155</ns3:hr>
          </ns3:TrackPointExtension>
        </extensions>
      </trkpt>
      <trkpt lat="51.95869431830942630767822265625" lon="4.37671543098986148834228515625">
        <ele>8</ele>
        <time>2025-05-31T13:43:01.000Z</time>
        <extensions>
          <ns3:TrackPointExtension>
            <ns3:hr>156</ns3:hr>
          </ns3:TrackPointExtension>
        </extensions>
      </trkpt>
      <trkpt lat="51.95904987864196300506591796875" lon="4.37653404660522937774658203125">
        <ele>8</ele>
        <time>2025-05-31T13:43:08.000Z</time>
        <extensions>
          <ns3:TrackPointExtension>
            <ns3:hr>153</ns3:hr>
          </ns3:TrackPointExtension>
        </extensions>
      </trkpt>
      <trkpt lat="51.95915197022259235382080078125" lon="4.37648526392877101898193359375">
        <ele>8</ele>
        <time>2025-05-31T13:43:10.000Z</time>
        <extensions>
          <ns3:TrackPointExtension>
            <ns3:hr>153</ns3:hr>
          </ns3:TrackPointExtension>
        </extensions>
      </trkpt>
      <trkpt lat="51.95966913364827632904052734375" lon="4.37620916403830051422119140625">
        <ele>7.80000019073486328125</ele>
        <time>2025-05-31T13:43:20.000Z</time>
        <extensions>
          <ns3:TrackPointExtension>
            <ns3:hr>154</ns3:hr>
          </ns3:TrackPointExtension>
        </extensions>
      </trkpt>
      <trkpt lat="51.9598641805350780487060546875" lon="4.376111514866352081298828125">
        <ele>8</ele>
        <time>2025-05-31T13:43:24.000Z</time>
        <extensions>
          <ns3:TrackPointExtension>
            <ns3:hr>154</ns3:hr>
          </ns3:TrackPointExtension>
        </extensions>
      </trkpt>
      <trkpt lat="51.96030984632670879364013671875" lon="4.3759259395301342010498046875">
        <ele>8</ele>
        <time>2025-05-31T13:43:33.000Z</time>
        <extensions>
          <ns3:TrackPointExtension>
            <ns3:hr>156</ns3:hr>
          </ns3:TrackPointExtension>
        </extensions>
      </trkpt>
      <trkpt lat="51.96061209775507450103759765625" lon="4.37579057179391384124755859375">
        <ele>7.80000019073486328125</ele>
        <time>2025-05-31T13:43:40.000Z</time>
        <extensions>
          <ns3:TrackPointExtension>
            <ns3:hr>156</ns3:hr>
          </ns3:TrackPointExtension>
        </extensions>
      </trkpt>
      <trkpt lat="51.96070589125156402587890625" lon="4.37583466060459613800048828125">
        <ele>7.80000019073486328125</ele>
        <time>2025-05-31T13:43:43.000Z</time>
        <extensions>
          <ns3:TrackPointExtension>
            <ns3:hr>156</ns3:hr>
          </ns3:TrackPointExtension>
        </extensions>
      </trkpt>
      <trkpt lat="51.960726678371429443359375" lon="4.37587707303464412689208984375">
        <ele>7.80000019073486328125</ele>
        <time>2025-05-31T13:43:44.000Z</time>
        <extensions>
          <ns3:TrackPointExtension>
            <ns3:hr>156</ns3:hr>
          </ns3:TrackPointExtension>
        </extensions>
      </trkpt>
      <trkpt lat="51.96078275330364704132080078125" lon="4.3760897219181060791015625">
        <ele>7.80000019073486328125</ele>
        <time>2025-05-31T13:43:48.000Z</time>
        <extensions>
          <ns3:TrackPointExtension>
            <ns3:hr>153</ns3:hr>
          </ns3:TrackPointExtension>
        </extensions>
      </trkpt>
      <trkpt lat="51.960803456604480743408203125" lon="4.37618963420391082763671875">
        <ele>8</ele>
        <time>2025-05-31T13:43:50.000Z</time>
        <extensions>
          <ns3:TrackPointExtension>
            <ns3:hr>152</ns3:hr>
          </ns3:TrackPointExtension>
        </extensions>
      </trkpt>
      <trkpt lat="51.96086489595472812652587890625" lon="4.37622106634080410003662109375">
        <ele>7.80000019073486328125</ele>
        <time>2025-05-31T13:43:52.000Z</time>
        <extensions>
          <ns3:TrackPointExtension>
            <ns3:hr>151</ns3:hr>
          </ns3:TrackPointExtension>
        </extensions>
      </trkpt>
      <trkpt lat="51.9609055481851100921630859375" lon="4.3762038834393024444580078125">
        <ele>7.599999904632568359375</ele>
        <time>2025-05-31T13:43:53.000Z</time>
        <extensions>
          <ns3:TrackPointExtension>
            <ns3:hr>151</ns3:hr>
          </ns3:TrackPointExtension>
        </extensions>
      </trkpt>
      <trkpt lat="51.96120000444352626800537109375" lon="4.376020319759845733642578125">
        <ele>7.599999904632568359375</ele>
        <time>2025-05-31T13:44:00.000Z</time>
        <extensions>
          <ns3:TrackPointExtension>
            <ns3:hr>150</ns3:hr>
          </ns3:TrackPointExtension>
        </extensions>
      </trkpt>
      <trkpt lat="51.96158573962748050689697265625" lon="4.37578386627137660980224609375">
        <ele>7.599999904632568359375</ele>
        <time>2025-05-31T13:44:09.000Z</time>
        <extensions>
          <ns3:TrackPointExtension>
            <ns3:hr>149</ns3:hr>
          </ns3:TrackPointExtension>
        </extensions>
      </trkpt>
      <trkpt lat="51.9616709835827350616455078125" lon="4.37573592178523540496826171875">
        <ele>7.599999904632568359375</ele>
        <time>2025-05-31T13:44:11.000Z</time>
        <extensions>
          <ns3:TrackPointExtension>
            <ns3:hr>149</ns3:hr>
          </ns3:TrackPointExtension>
        </extensions>
      </trkpt>
      <trkpt lat="51.9617554731667041778564453125" lon="4.3757571280002593994140625">
        <ele>7.80000019073486328125</ele>
        <time>2025-05-31T13:44:13.000Z</time>
        <extensions>
          <ns3:TrackPointExtension>
            <ns3:hr>149</ns3:hr>
          </ns3:TrackPointExtension>
        </extensions>
      </trkpt>
      <trkpt lat="51.96178657002747058868408203125" lon="4.37586433254182338714599609375">
        <ele>7.80000019073486328125</ele>
        <time>2025-05-31T13:44:15.000Z</time>
        <extensions>
          <ns3:TrackPointExtension>
            <ns3:hr>149</ns3:hr>
          </ns3:TrackPointExtension>
        </extensions>
      </trkpt>
      <trkpt lat="51.96179277263581752777099609375" lon="4.3759319745004177093505859375">
        <ele>7.80000019073486328125</ele>
        <time>2025-05-31T13:44:16.000Z</time>
        <extensions>
          <ns3:TrackPointExtension>
            <ns3:hr>149</ns3:hr>
          </ns3:TrackPointExtension>
        </extensions>
      </trkpt>
      <trkpt lat="51.96186485700309276580810546875" lon="4.37637663446366786956787109375">
        <ele>7.599999904632568359375</ele>
        <time>2025-05-31T13:44:22.000Z</time>
        <extensions>
          <ns3:TrackPointExtension>
            <ns3:hr>146</ns3:hr>
          </ns3:TrackPointExtension>
        </extensions>
      </trkpt>
      <trkpt lat="51.96191129274666309356689453125" lon="4.376698918640613555908203125">
        <ele>7.599999904632568359375</ele>
        <time>2025-05-31T13:44:26.000Z</time>
        <extensions>
          <ns3:TrackPointExtension>
            <ns3:hr>146</ns3:hr>
          </ns3:TrackPointExtension>
        </extensions>
      </trkpt>
      <trkpt lat="51.9620449841022491455078125" lon="4.3775469996035099029541015625">
        <ele>7.80000019073486328125</ele>
        <time>2025-05-31T13:44:36.000Z</time>
        <extensions>
          <ns3:TrackPointExtension>
            <ns3:hr>148</ns3:hr>
          </ns3:TrackPointExtension>
        </extensions>
      </trkpt>
      <trkpt lat="51.96220315061509609222412109375" lon="4.37844713218510150909423828125">
        <ele>8</ele>
        <time>2025-05-31T13:44:47.000Z</time>
        <extensions>
          <ns3:TrackPointExtension>
            <ns3:hr>149</ns3:hr>
          </ns3:TrackPointExtension>
        </extensions>
      </trkpt>
      <trkpt lat="51.96222846396267414093017578125" lon="4.37860337086021900177001953125">
        <ele>8.19999980926513671875</ele>
        <time>2025-05-31T13:44:49.000Z</time>
        <extensions>
          <ns3:TrackPointExtension>
            <ns3:hr>149</ns3:hr>
          </ns3:TrackPointExtension>
        </extensions>
      </trkpt>
      <trkpt lat="51.96232167072594165802001953125" lon="4.37922145240008831024169921875">
        <ele>8</ele>
        <time>2025-05-31T13:44:57.000Z</time>
        <extensions>
          <ns3:TrackPointExtension>
            <ns3:hr>149</ns3:hr>
          </ns3:TrackPointExtension>
        </extensions>
      </trkpt>
      <trkpt lat="51.96239727549254894256591796875" lon="4.3796240352094173431396484375">
        <ele>8</ele>
        <time>2025-05-31T13:45:02.000Z</time>
        <extensions>
          <ns3:TrackPointExtension>
            <ns3:hr>149</ns3:hr>
          </ns3:TrackPointExtension>
        </extensions>
      </trkpt>
      <trkpt lat="51.9624310545623302459716796875" lon="4.37968011014163494110107421875">
        <ele>8</ele>
        <time>2025-05-31T13:45:03.000Z</time>
        <extensions>
          <ns3:TrackPointExtension>
            <ns3:hr>149</ns3:hr>
          </ns3:TrackPointExtension>
        </extensions>
      </trkpt>
      <trkpt lat="51.962471120059490203857421875" lon="4.37971212901175022125244140625">
        <ele>8</ele>
        <time>2025-05-31T13:45:04.000Z</time>
        <extensions>
          <ns3:TrackPointExtension>
            <ns3:hr>149</ns3:hr>
          </ns3:TrackPointExtension>
        </extensions>
      </trkpt>
      <trkpt lat="51.962559632956981658935546875" lon="4.37968765385448932647705078125">
        <ele>7.80000019073486328125</ele>
        <time>2025-05-31T13:45:06.000Z</time>
        <extensions>
          <ns3:TrackPointExtension>
            <ns3:hr>149</ns3:hr>
          </ns3:TrackPointExtension>
        </extensions>
      </trkpt>
      <trkpt lat="51.9629078172147274017333984375" lon="4.37949604354798793792724609375">
        <ele>7.80000019073486328125</ele>
        <time>2025-05-31T13:45:13.000Z</time>
        <extensions>
          <ns3:TrackPointExtension>
            <ns3:hr>149</ns3:hr>
          </ns3:TrackPointExtension>
        </extensions>
      </trkpt>
      <trkpt lat="51.96305575780570507049560546875" lon="4.37941658310592174530029296875">
        <ele>7.80000019073486328125</ele>
        <time>2025-05-31T13:45:16.000Z</time>
        <extensions>
          <ns3:TrackPointExtension>
            <ns3:hr>150</ns3:hr>
          </ns3:TrackPointExtension>
        </extensions>
      </trkpt>
      <trkpt lat="51.963202692568302154541015625" lon="4.379336871206760406494140625">
        <ele>7.80000019073486328125</ele>
        <time>2025-05-31T13:45:19.000Z</time>
        <extensions>
          <ns3:TrackPointExtension>
            <ns3:hr>151</ns3:hr>
          </ns3:TrackPointExtension>
        </extensions>
      </trkpt>
      <trkpt lat="51.96345725096762180328369140625" lon="4.379206784069538116455078125">
        <ele>7.80000019073486328125</ele>
        <time>2025-05-31T13:45:24.000Z</time>
        <extensions>
          <ns3:TrackPointExtension>
            <ns3:hr>148</ns3:hr>
          </ns3:TrackPointExtension>
        </extensions>
      </trkpt>
      <trkpt lat="51.963712982833385467529296875" lon="4.37907510437071323394775390625">
        <ele>8.19999980926513671875</ele>
        <time>2025-05-31T13:45:29.000Z</time>
        <extensions>
          <ns3:TrackPointExtension>
            <ns3:hr>146</ns3:hr>
          </ns3:TrackPointExtension>
        </extensions>
      </trkpt>
      <trkpt lat="51.9642630033195018768310546875" lon="4.3787955678999423980712890625">
        <ele>8</ele>
        <time>2025-05-31T13:45:40.000Z</time>
        <extensions>
          <ns3:TrackPointExtension>
            <ns3:hr>147</ns3:hr>
          </ns3:TrackPointExtension>
        </extensions>
      </trkpt>
      <trkpt lat="51.96435981430113315582275390625" lon="4.37874904833734035491943359375">
        <ele>8.19999980926513671875</ele>
        <time>2025-05-31T13:45:42.000Z</time>
        <extensions>
          <ns3:TrackPointExtension>
            <ns3:hr>148</ns3:hr>
          </ns3:TrackPointExtension>
        </extensions>
      </trkpt>
      <trkpt lat="51.96484345011413097381591796875" lon="4.3785035423934459686279296875">
        <ele>8.19999980926513671875</ele>
        <time>2025-05-31T13:45:52.000Z</time>
        <extensions>
          <ns3:TrackPointExtension>
            <ns3:hr>149</ns3:hr>
          </ns3:TrackPointExtension>
        </extensions>
      </trkpt>
      <trkpt lat="51.9653856754302978515625" lon="4.37822232954204082489013671875">
        <ele>8.3999996185302734375</ele>
        <time>2025-05-31T13:46:03.000Z</time>
        <extensions>
          <ns3:TrackPointExtension>
            <ns3:hr>150</ns3:hr>
          </ns3:TrackPointExtension>
        </extensions>
      </trkpt>
      <trkpt lat="51.9654337875545024871826171875" lon="4.37819785438477993011474609375">
        <ele>8.3999996185302734375</ele>
        <time>2025-05-31T13:46:04.000Z</time>
        <extensions>
          <ns3:TrackPointExtension>
            <ns3:hr>151</ns3:hr>
          </ns3:TrackPointExtension>
        </extensions>
      </trkpt>
      <trkpt lat="51.96596880443394184112548828125" lon="4.3779054097831249237060546875">
        <ele>8.19999980926513671875</ele>
        <time>2025-05-31T13:46:15.000Z</time>
        <extensions>
          <ns3:TrackPointExtension>
            <ns3:hr>154</ns3:hr>
          </ns3:TrackPointExtension>
        </extensions>
      </trkpt>
      <trkpt lat="51.966273821890354156494140625" lon="4.3777424655854701995849609375">
        <ele>8.19999980926513671875</ele>
        <time>2025-05-31T13:46:21.000Z</time>
        <extensions>
          <ns3:TrackPointExtension>
            <ns3:hr>157</ns3:hr>
          </ns3:TrackPointExtension>
        </extensions>
      </trkpt>
      <trkpt lat="51.96658185683190822601318359375" lon="4.37756686471402645111083984375">
        <ele>8.19999980926513671875</ele>
        <time>2025-05-31T13:46:27.000Z</time>
        <extensions>
          <ns3:TrackPointExtension>
            <ns3:hr>157</ns3:hr>
          </ns3:TrackPointExtension>
        </extensions>
      </trkpt>
      <trkpt lat="51.96706934832036495208740234375" lon="4.37728892080485820770263671875">
        <ele>8.19999980926513671875</ele>
        <time>2025-05-31T13:46:37.000Z</time>
        <extensions>
          <ns3:TrackPointExtension>
            <ns3:hr>155</ns3:hr>
          </ns3:TrackPointExtension>
        </extensions>
      </trkpt>
      <trkpt lat="51.96760830469429492950439453125" lon="4.377017430961132049560546875">
        <ele>8.19999980926513671875</ele>
        <time>2025-05-31T13:46:48.000Z</time>
        <extensions>
          <ns3:TrackPointExtension>
            <ns3:hr>155</ns3:hr>
          </ns3:TrackPointExtension>
        </extensions>
      </trkpt>
      <trkpt lat="51.96765725500881671905517578125" lon="4.376992620527744293212890625">
        <ele>8.3999996185302734375</ele>
        <time>2025-05-31T13:46:49.000Z</time>
        <extensions>
          <ns3:TrackPointExtension>
            <ns3:hr>155</ns3:hr>
          </ns3:TrackPointExtension>
        </extensions>
      </trkpt>
      <trkpt lat="51.96812412701547145843505859375" lon="4.3767245672643184661865234375">
        <ele>8.3999996185302734375</ele>
        <time>2025-05-31T13:46:59.000Z</time>
        <extensions>
          <ns3:TrackPointExtension>
            <ns3:hr>155</ns3:hr>
          </ns3:TrackPointExtension>
        </extensions>
      </trkpt>
      <trkpt lat="51.96862251497805118560791015625" lon="4.37645852565765380859375">
        <ele>8.3999996185302734375</ele>
        <time>2025-05-31T13:47:09.000Z</time>
        <extensions>
          <ns3:TrackPointExtension>
            <ns3:hr>158</ns3:hr>
          </ns3:TrackPointExtension>
        </extensions>
      </trkpt>
      <trkpt lat="51.96907103061676025390625" lon="4.376208074390888214111328125">
        <ele>8.19999980926513671875</ele>
        <time>2025-05-31T13:47:18.000Z</time>
        <extensions>
          <ns3:TrackPointExtension>
            <ns3:hr>158</ns3:hr>
          </ns3:TrackPointExtension>
        </extensions>
      </trkpt>
      <trkpt lat="51.9696153514087200164794921875" lon="4.375909008085727691650390625">
        <ele>8.6000003814697265625</ele>
        <time>2025-05-31T13:47:29.000Z</time>
        <extensions>
          <ns3:TrackPointExtension>
            <ns3:hr>159</ns3:hr>
          </ns3:TrackPointExtension>
        </extensions>
      </trkpt>
      <trkpt lat="51.969662122428417205810546875" lon="4.375885538756847381591796875">
        <ele>8.80000019073486328125</ele>
        <time>2025-05-31T13:47:30.000Z</time>
        <extensions>
          <ns3:TrackPointExtension>
            <ns3:hr>159</ns3:hr>
          </ns3:TrackPointExtension>
        </extensions>
      </trkpt>
      <trkpt lat="51.9702047668397426605224609375" lon="4.375590495765209197998046875">
        <ele>8.3999996185302734375</ele>
        <time>2025-05-31T13:47:41.000Z</time>
        <extensions>
          <ns3:TrackPointExtension>
            <ns3:hr>158</ns3:hr>
          </ns3:TrackPointExtension>
        </extensions>
      </trkpt>
      <trkpt lat="51.9704672880470752716064453125" lon="4.37542411498725414276123046875">
        <ele>8.3999996185302734375</ele>
        <time>2025-05-31T13:47:47.000Z</time>
        <extensions>
          <ns3:TrackPointExtension>
            <ns3:hr>157</ns3:hr>
          </ns3:TrackPointExtension>
        </extensions>
      </trkpt>
      <trkpt lat="51.970612965524196624755859375" lon="4.37533476389944553375244140625">
        <ele>8.6000003814697265625</ele>
        <time>2025-05-31T13:47:50.000Z</time>
        <extensions>
          <ns3:TrackPointExtension>
            <ns3:hr>157</ns3:hr>
          </ns3:TrackPointExtension>
        </extensions>
      </trkpt>
      <trkpt lat="51.97068429552018642425537109375" lon="4.37522831372916698455810546875">
        <ele>8.6000003814697265625</ele>
        <time>2025-05-31T13:47:52.000Z</time>
        <extensions>
          <ns3:TrackPointExtension>
            <ns3:hr>158</ns3:hr>
          </ns3:TrackPointExtension>
        </extensions>
      </trkpt>
      <trkpt lat="51.9707026518881320953369140625" lon="4.375087581574916839599609375">
        <ele>8.80000019073486328125</ele>
        <time>2025-05-31T13:47:54.000Z</time>
        <extensions>
          <ns3:TrackPointExtension>
            <ns3:hr>159</ns3:hr>
          </ns3:TrackPointExtension>
        </extensions>
      </trkpt>
      <trkpt lat="51.97070558555424213409423828125" lon="4.37501884996891021728515625">
        <ele>8.80000019073486328125</ele>
        <time>2025-05-31T13:47:55.000Z</time>
        <extensions>
          <ns3:TrackPointExtension>
            <ns3:hr>159</ns3:hr>
          </ns3:TrackPointExtension>
        </extensions>
      </trkpt>
      <trkpt lat="51.97072394192218780517578125" lon="4.374784491956233978271484375">
        <ele>9.19999980926513671875</ele>
        <time>2025-05-31T13:47:58.000Z</time>
        <extensions>
          <ns3:TrackPointExtension>
            <ns3:hr>159</ns3:hr>
          </ns3:TrackPointExtension>
        </extensions>
      </trkpt>
      <trkpt lat="51.97077222168445587158203125" lon="4.3746488727629184722900390625">
        <ele>9.19999980926513671875</ele>
        <time>2025-05-31T13:48:00.000Z</time>
        <extensions>
          <ns3:TrackPointExtension>
            <ns3:hr>159</ns3:hr>
          </ns3:TrackPointExtension>
        </extensions>
      </trkpt>
      <trkpt lat="51.970941536128520965576171875" lon="4.3745117448270320892333984375">
        <ele>9</ele>
        <time>2025-05-31T13:48:04.000Z</time>
        <extensions>
          <ns3:TrackPointExtension>
            <ns3:hr>161</ns3:hr>
          </ns3:TrackPointExtension>
        </extensions>
      </trkpt>
      <trkpt lat="51.971031390130519866943359375" lon="4.37443521805107593536376953125">
        <ele>9</ele>
        <time>2025-05-31T13:48:06.000Z</time>
        <extensions>
          <ns3:TrackPointExtension>
            <ns3:hr>160</ns3:hr>
          </ns3:TrackPointExtension>
        </extensions>
      </trkpt>
      <trkpt lat="51.97110070846974849700927734375" lon="4.37432943843305110931396484375">
        <ele>9</ele>
        <time>2025-05-31T13:48:08.000Z</time>
        <extensions>
          <ns3:TrackPointExtension>
            <ns3:hr>158</ns3:hr>
          </ns3:TrackPointExtension>
        </extensions>
      </trkpt>
      <trkpt lat="51.97112887166440486907958984375" lon="4.374264813959598541259765625">
        <ele>9</ele>
        <time>2025-05-31T13:48:09.000Z</time>
        <extensions>
          <ns3:TrackPointExtension>
            <ns3:hr>157</ns3:hr>
          </ns3:TrackPointExtension>
        </extensions>
      </trkpt>
      <trkpt lat="51.97117497213184833526611328125" lon="4.37412676401436328887939453125">
        <ele>9</ele>
        <time>2025-05-31T13:48:11.000Z</time>
        <extensions>
          <ns3:TrackPointExtension>
            <ns3:hr>156</ns3:hr>
          </ns3:TrackPointExtension>
        </extensions>
      </trkpt>
      <trkpt lat="51.97126113809645175933837890625" lon="4.373829625546932220458984375">
        <ele>9</ele>
        <time>2025-05-31T13:48:15.000Z</time>
        <extensions>
          <ns3:TrackPointExtension>
            <ns3:hr>155</ns3:hr>
          </ns3:TrackPointExtension>
        </extensions>
      </trkpt>
      <trkpt lat="51.971475966274738311767578125" lon="4.37317927367985248565673828125">
        <ele>9.19999980926513671875</ele>
        <time>2025-05-31T13:48:24.000Z</time>
        <extensions>
          <ns3:TrackPointExtension>
            <ns3:hr>155</ns3:hr>
          </ns3:TrackPointExtension>
        </extensions>
      </trkpt>
      <trkpt lat="51.9717296026647090911865234375" lon="4.37238894402980804443359375">
        <ele>9</ele>
        <time>2025-05-31T13:48:35.000Z</time>
        <extensions>
          <ns3:TrackPointExtension>
            <ns3:hr>154</ns3:hr>
          </ns3:TrackPointExtension>
        </extensions>
      </trkpt>
      <trkpt lat="51.9719123281538486480712890625" lon="4.3718235008418560028076171875">
        <ele>9</ele>
        <time>2025-05-31T13:48:43.000Z</time>
        <extensions>
          <ns3:TrackPointExtension>
            <ns3:hr>157</ns3:hr>
          </ns3:TrackPointExtension>
        </extensions>
      </trkpt>
      <trkpt lat="51.97214341722428798675537109375" lon="4.371250681579113006591796875">
        <ele>8.80000019073486328125</ele>
        <time>2025-05-31T13:48:52.000Z</time>
        <extensions>
          <ns3:TrackPointExtension>
            <ns3:hr>158</ns3:hr>
          </ns3:TrackPointExtension>
        </extensions>
      </trkpt>
      <trkpt lat="51.97221784852445125579833984375" lon="4.37117901630699634552001953125">
        <ele>8.80000019073486328125</ele>
        <time>2025-05-31T13:48:54.000Z</time>
        <extensions>
          <ns3:TrackPointExtension>
            <ns3:hr>157</ns3:hr>
          </ns3:TrackPointExtension>
        </extensions>
      </trkpt>
      <trkpt lat="51.9722978956997394561767578125" lon="4.37113367021083831787109375">
        <ele>8.80000019073486328125</ele>
        <time>2025-05-31T13:48:56.000Z</time>
        <extensions>
          <ns3:TrackPointExtension>
            <ns3:hr>156</ns3:hr>
          </ns3:TrackPointExtension>
        </extensions>
      </trkpt>
      <trkpt lat="51.97254809550940990447998046875" lon="4.37099679373204708099365234375">
        <ele>9</ele>
        <time>2025-05-31T13:49:02.000Z</time>
        <extensions>
          <ns3:TrackPointExtension>
            <ns3:hr>153</ns3:hr>
          </ns3:TrackPointExtension>
        </extensions>
      </trkpt>
      <trkpt lat="51.972678937017917633056640625" lon="4.37092445790767669677734375">
        <ele>9</ele>
        <time>2025-05-31T13:49:05.000Z</time>
        <extensions>
          <ns3:TrackPointExtension>
            <ns3:hr>153</ns3:hr>
          </ns3:TrackPointExtension>
        </extensions>
      </trkpt>
      <trkpt lat="51.97316383011639118194580078125" lon="4.37070208601653575897216796875">
        <ele>9.3999996185302734375</ele>
        <time>2025-05-31T13:49:16.000Z</time>
        <extensions>
          <ns3:TrackPointExtension>
            <ns3:hr>153</ns3:hr>
          </ns3:TrackPointExtension>
        </extensions>
      </trkpt>
      <trkpt lat="51.9733751378953456878662109375" lon="4.3705973960459232330322265625">
        <ele>9.80000019073486328125</ele>
        <time>2025-05-31T13:49:21.000Z</time>
        <extensions>
          <ns3:TrackPointExtension>
            <ns3:hr>157</ns3:hr>
          </ns3:TrackPointExtension>
        </extensions>
      </trkpt>
      <trkpt lat="51.9734123535454273223876953125" lon="4.370575435459613800048828125">
        <ele>10</ele>
        <time>2025-05-31T13:49:22.000Z</time>
        <extensions>
          <ns3:TrackPointExtension>
            <ns3:hr>158</ns3:hr>
          </ns3:TrackPointExtension>
        </extensions>
      </trkpt>
      <trkpt lat="51.97352374903857707977294921875" lon="4.3704907782375812530517578125">
        <ele>9.6000003814697265625</ele>
        <time>2025-05-31T13:49:25.000Z</time>
        <extensions>
          <ns3:TrackPointExtension>
            <ns3:hr>159</ns3:hr>
          </ns3:TrackPointExtension>
        </extensions>
      </trkpt>
      <trkpt lat="51.97363036684691905975341796875" lon="4.370391704142093658447265625">
        <ele>9.80000019073486328125</ele>
        <time>2025-05-31T13:49:28.000Z</time>
        <extensions>
          <ns3:TrackPointExtension>
            <ns3:hr>158</ns3:hr>
          </ns3:TrackPointExtension>
        </extensions>
      </trkpt>
      <trkpt lat="51.97391317225992679595947265625" lon="4.37011937610805034637451171875">
        <ele>10.19999980926513671875</ele>
        <time>2025-05-31T13:49:35.000Z</time>
        <extensions>
          <ns3:TrackPointExtension>
            <ns3:hr>159</ns3:hr>
          </ns3:TrackPointExtension>
        </extensions>
      </trkpt>
      <trkpt lat="51.97407226078212261199951171875" lon="4.36995240859687328338623046875">
        <ele>10.6000003814697265625</ele>
        <time>2025-05-31T13:49:40.000Z</time>
        <extensions>
          <ns3:TrackPointExtension>
            <ns3:hr>160</ns3:hr>
          </ns3:TrackPointExtension>
        </extensions>
      </trkpt>
      <trkpt lat="51.974243335425853729248046875" lon="4.369747973978519439697265625">
        <ele>10.6000003814697265625</ele>
        <time>2025-05-31T13:49:44.000Z</time>
        <extensions>
          <ns3:TrackPointExtension>
            <ns3:hr>158</ns3:hr>
          </ns3:TrackPointExtension>
        </extensions>
      </trkpt>
      <trkpt lat="51.9745100475847721099853515625" lon="4.36939702369272708892822265625">
        <ele>9.80000019073486328125</ele>
        <time>2025-05-31T13:49:51.000Z</time>
        <extensions>
          <ns3:TrackPointExtension>
            <ns3:hr>158</ns3:hr>
          </ns3:TrackPointExtension>
        </extensions>
      </trkpt>
      <trkpt lat="51.97461314499378204345703125" lon="4.3692572973668575286865234375">
        <ele>9.80000019073486328125</ele>
        <time>2025-05-31T13:49:54.000Z</time>
        <extensions>
          <ns3:TrackPointExtension>
            <ns3:hr>157</ns3:hr>
          </ns3:TrackPointExtension>
        </extensions>
      </trkpt>
      <trkpt lat="51.97464826516807079315185546875" lon="4.3692100234329700469970703125">
        <ele>9.80000019073486328125</ele>
        <time>2025-05-31T13:49:55.000Z</time>
        <extensions>
          <ns3:TrackPointExtension>
            <ns3:hr>157</ns3:hr>
          </ns3:TrackPointExtension>
        </extensions>
      </trkpt>
      <trkpt lat="51.974719427525997161865234375" lon="4.36911405064165592193603515625">
        <ele>9.80000019073486328125</ele>
        <time>2025-05-31T13:49:57.000Z</time>
        <extensions>
          <ns3:TrackPointExtension>
            <ns3:hr>154</ns3:hr>
          </ns3:TrackPointExtension>
        </extensions>
      </trkpt>
      <trkpt lat="51.9747571460902690887451171875" lon="4.36906694434583187103271484375">
        <ele>9.80000019073486328125</ele>
        <time>2025-05-31T13:49:58.000Z</time>
        <extensions>
          <ns3:TrackPointExtension>
            <ns3:hr>154</ns3:hr>
          </ns3:TrackPointExtension>
        </extensions>
      </trkpt>
      <trkpt lat="51.9748372770845890045166015625" lon="4.368977509438991546630859375">
        <ele>9.6000003814697265625</ele>
        <time>2025-05-31T13:50:00.000Z</time>
        <extensions>
          <ns3:TrackPointExtension>
            <ns3:hr>153</ns3:hr>
          </ns3:TrackPointExtension>
        </extensions>
      </trkpt>
      <trkpt lat="51.97501413524150848388671875" lon="4.36873971484601497650146484375">
        <ele>9.6000003814697265625</ele>
        <time>2025-05-31T13:50:05.000Z</time>
        <extensions>
          <ns3:TrackPointExtension>
            <ns3:hr>151</ns3:hr>
          </ns3:TrackPointExtension>
        </extensions>
      </trkpt>
      <trkpt lat="51.97508521378040313720703125" lon="4.36864282004535198211669921875">
        <ele>9.80000019073486328125</ele>
        <time>2025-05-31T13:50:07.000Z</time>
        <extensions>
          <ns3:TrackPointExtension>
            <ns3:hr>152</ns3:hr>
          </ns3:TrackPointExtension>
        </extensions>
      </trkpt>
      <trkpt lat="51.97536860592663288116455078125" lon="4.36828759498894214630126953125">
        <ele>10</ele>
        <time>2025-05-31T13:50:15.000Z</time>
        <extensions>
          <ns3:TrackPointExtension>
            <ns3:hr>152</ns3:hr>
          </ns3:TrackPointExtension>
        </extensions>
      </trkpt>
      <trkpt lat="51.97541034780442714691162109375" lon="4.368244595825672149658203125">
        <ele>10</ele>
        <time>2025-05-31T13:50:16.000Z</time>
        <extensions>
          <ns3:TrackPointExtension>
            <ns3:hr>152</ns3:hr>
          </ns3:TrackPointExtension>
        </extensions>
      </trkpt>
      <trkpt lat="51.97560824453830718994140625" lon="4.36798081733286380767822265625">
        <ele>9.80000019073486328125</ele>
        <time>2025-05-31T13:50:21.000Z</time>
        <extensions>
          <ns3:TrackPointExtension>
            <ns3:hr>153</ns3:hr>
          </ns3:TrackPointExtension>
        </extensions>
      </trkpt>
      <trkpt lat="51.9759242422878742218017578125" lon="4.36759709380567073822021484375">
        <ele>9.80000019073486328125</ele>
        <time>2025-05-31T13:50:29.000Z</time>
        <extensions>
          <ns3:TrackPointExtension>
            <ns3:hr>154</ns3:hr>
          </ns3:TrackPointExtension>
        </extensions>
      </trkpt>
      <trkpt lat="51.97596204467117786407470703125" lon="4.3675457127392292022705078125">
        <ele>9.80000019073486328125</ele>
        <time>2025-05-31T13:50:30.000Z</time>
        <extensions>
          <ns3:TrackPointExtension>
            <ns3:hr>154</ns3:hr>
          </ns3:TrackPointExtension>
        </extensions>
      </trkpt>
      <trkpt lat="51.97603203356266021728515625" lon="4.36744286678731441497802734375">
        <ele>10</ele>
        <time>2025-05-31T13:50:32.000Z</time>
        <extensions>
          <ns3:TrackPointExtension>
            <ns3:hr>153</ns3:hr>
          </ns3:TrackPointExtension>
        </extensions>
      </trkpt>
      <trkpt lat="51.9761109910905361175537109375" lon="4.36735041439533233642578125">
        <ele>10</ele>
        <time>2025-05-31T13:50:34.000Z</time>
        <extensions>
          <ns3:TrackPointExtension>
            <ns3:hr>153</ns3:hr>
          </ns3:TrackPointExtension>
        </extensions>
      </trkpt>
      <trkpt lat="51.97642631828784942626953125" lon="4.3669733963906764984130859375">
        <ele>9.80000019073486328125</ele>
        <time>2025-05-31T13:50:42.000Z</time>
        <extensions>
          <ns3:TrackPointExtension>
            <ns3:hr>152</ns3:hr>
          </ns3:TrackPointExtension>
        </extensions>
      </trkpt>
      <trkpt lat="51.9765032641589641571044921875" lon="4.366874992847442626953125">
        <ele>9.80000019073486328125</ele>
        <time>2025-05-31T13:50:44.000Z</time>
        <extensions>
          <ns3:TrackPointExtension>
            <ns3:hr>152</ns3:hr>
          </ns3:TrackPointExtension>
        </extensions>
      </trkpt>
      <trkpt lat="51.97669462300837039947509765625" lon="4.36665572226047515869140625">
        <ele>9.80000019073486328125</ele>
        <time>2025-05-31T13:50:49.000Z</time>
        <extensions>
          <ns3:TrackPointExtension>
            <ns3:hr>152</ns3:hr>
          </ns3:TrackPointExtension>
        </extensions>
      </trkpt>
      <trkpt lat="51.97692076675593852996826171875" lon="4.36642915941774845123291015625">
        <ele>10.19999980926513671875</ele>
        <time>2025-05-31T13:50:55.000Z</time>
        <extensions>
          <ns3:TrackPointExtension>
            <ns3:hr>152</ns3:hr>
          </ns3:TrackPointExtension>
        </extensions>
      </trkpt>
      <trkpt lat="51.97700701653957366943359375" lon="4.36639043502509593963623046875">
        <ele>10.19999980926513671875</ele>
        <time>2025-05-31T13:50:57.000Z</time>
        <extensions>
          <ns3:TrackPointExtension>
            <ns3:hr>151</ns3:hr>
          </ns3:TrackPointExtension>
        </extensions>
      </trkpt>
      <trkpt lat="51.97719150222837924957275390625" lon="4.3663279898464679718017578125">
        <ele>10</ele>
        <time>2025-05-31T13:51:01.000Z</time>
        <extensions>
          <ns3:TrackPointExtension>
            <ns3:hr>151</ns3:hr>
          </ns3:TrackPointExtension>
        </extensions>
      </trkpt>
      <trkpt lat="51.97745469398796558380126953125" lon="4.36621760018169879913330078125">
        <ele>9.6000003814697265625</ele>
        <time>2025-05-31T13:51:07.000Z</time>
        <extensions>
          <ns3:TrackPointExtension>
            <ns3:hr>153</ns3:hr>
          </ns3:TrackPointExtension>
        </extensions>
      </trkpt>
      <trkpt lat="51.9776428677141666412353515625" lon="4.36614342033863067626953125">
        <ele>9.6000003814697265625</ele>
        <time>2025-05-31T13:51:11.000Z</time>
        <extensions>
          <ns3:TrackPointExtension>
            <ns3:hr>154</ns3:hr>
          </ns3:TrackPointExtension>
        </extensions>
      </trkpt>
      <trkpt lat="51.9777815043926239013671875" lon="4.3660792149603366851806640625">
        <ele>9.6000003814697265625</ele>
        <time>2025-05-31T13:51:14.000Z</time>
        <extensions>
          <ns3:TrackPointExtension>
            <ns3:hr>154</ns3:hr>
          </ns3:TrackPointExtension>
        </extensions>
      </trkpt>
      <trkpt lat="51.97824351489543914794921875" lon="4.36587260104715824127197265625">
        <ele>9.80000019073486328125</ele>
        <time>2025-05-31T13:51:24.000Z</time>
        <extensions>
          <ns3:TrackPointExtension>
            <ns3:hr>153</ns3:hr>
          </ns3:TrackPointExtension>
        </extensions>
      </trkpt>
      <trkpt lat="51.97833613492548465728759765625" lon="4.3658247403800487518310546875">
        <ele>9.80000019073486328125</ele>
        <time>2025-05-31T13:51:26.000Z</time>
        <extensions>
          <ns3:TrackPointExtension>
            <ns3:hr>152</ns3:hr>
          </ns3:TrackPointExtension>
        </extensions>
      </trkpt>
      <trkpt lat="51.97840453125536441802978515625" lon="4.36572575010359287261962890625">
        <ele>9.80000019073486328125</ele>
        <time>2025-05-31T13:51:28.000Z</time>
        <extensions>
          <ns3:TrackPointExtension>
            <ns3:hr>151</ns3:hr>
          </ns3:TrackPointExtension>
        </extensions>
      </trkpt>
      <trkpt lat="51.97853495366871356964111328125" lon="4.36532962135970592498779296875">
        <ele>10.19999980926513671875</ele>
        <time>2025-05-31T13:51:34.000Z</time>
        <extensions>
          <ns3:TrackPointExtension>
            <ns3:hr>150</ns3:hr>
          </ns3:TrackPointExtension>
        </extensions>
      </trkpt>
      <trkpt lat="51.9785514660179615020751953125" lon="4.36525938101112842559814453125">
        <ele>10.19999980926513671875</ele>
        <time>2025-05-31T13:51:35.000Z</time>
        <extensions>
          <ns3:TrackPointExtension>
            <ns3:hr>150</ns3:hr>
          </ns3:TrackPointExtension>
        </extensions>
      </trkpt>
      <trkpt lat="51.9785705767571926116943359375" lon="4.36511772684752941131591796875">
        <ele>10</ele>
        <time>2025-05-31T13:51:37.000Z</time>
        <extensions>
          <ns3:TrackPointExtension>
            <ns3:hr>150</ns3:hr>
          </ns3:TrackPointExtension>
        </extensions>
      </trkpt>
      <trkpt lat="51.978564374148845672607421875" lon="4.36496919952332973480224609375">
        <ele>10</ele>
        <time>2025-05-31T13:51:39.000Z</time>
        <extensions>
          <ns3:TrackPointExtension>
            <ns3:hr>150</ns3:hr>
          </ns3:TrackPointExtension>
        </extensions>
      </trkpt>
      <trkpt lat="51.97851316072046756744384765625" lon="4.36468161642551422119140625">
        <ele>10</ele>
        <time>2025-05-31T13:51:43.000Z</time>
        <extensions>
          <ns3:TrackPointExtension>
            <ns3:hr>149</ns3:hr>
          </ns3:TrackPointExtension>
        </extensions>
      </trkpt>
      <trkpt lat="51.9785011745989322662353515625" lon="4.36460861004889011383056640625">
        <ele>10</ele>
        <time>2025-05-31T13:51:44.000Z</time>
        <extensions>
          <ns3:TrackPointExtension>
            <ns3:hr>149</ns3:hr>
          </ns3:TrackPointExtension>
        </extensions>
      </trkpt>
      <trkpt lat="51.9784190319478511810302734375" lon="4.3640712462365627288818359375">
        <ele>10.19999980926513671875</ele>
        <time>2025-05-31T13:51:51.000Z</time>
        <extensions>
          <ns3:TrackPointExtension>
            <ns3:hr>150</ns3:hr>
          </ns3:TrackPointExtension>
        </extensions>
      </trkpt>
      <trkpt lat="51.97834007441997528076171875" lon="4.36355081386864185333251953125">
        <ele>10.19999980926513671875</ele>
        <time>2025-05-31T13:51:58.000Z</time>
        <extensions>
          <ns3:TrackPointExtension>
            <ns3:hr>150</ns3:hr>
          </ns3:TrackPointExtension>
        </extensions>
      </trkpt>
      <trkpt lat="51.9782953150570392608642578125" lon="4.3633385002613067626953125">
        <ele>10.19999980926513671875</ele>
        <time>2025-05-31T13:52:01.000Z</time>
        <extensions>
          <ns3:TrackPointExtension>
            <ns3:hr>149</ns3:hr>
          </ns3:TrackPointExtension>
        </extensions>
      </trkpt>
      <trkpt lat="51.97821074165403842926025390625" lon="4.36290490441024303436279296875">
        <ele>9.80000019073486328125</ele>
        <time>2025-05-31T13:52:07.000Z</time>
        <extensions>
          <ns3:TrackPointExtension>
            <ns3:hr>149</ns3:hr>
          </ns3:TrackPointExtension>
        </extensions>
      </trkpt>
      <trkpt lat="51.9782037846744060516357421875" lon="4.36283114366233348846435546875">
        <ele>9.80000019073486328125</ele>
        <time>2025-05-31T13:52:08.000Z</time>
        <extensions>
          <ns3:TrackPointExtension>
            <ns3:hr>149</ns3:hr>
          </ns3:TrackPointExtension>
        </extensions>
      </trkpt>
      <trkpt lat="51.97822566144168376922607421875" lon="4.36269669793546199798583984375">
        <ele>10</ele>
        <time>2025-05-31T13:52:10.000Z</time>
        <extensions>
          <ns3:TrackPointExtension>
            <ns3:hr>149</ns3:hr>
          </ns3:TrackPointExtension>
        </extensions>
      </trkpt>
      <trkpt lat="51.97836731560528278350830078125" lon="4.36242696829140186309814453125">
        <ele>10</ele>
        <time>2025-05-31T13:52:15.000Z</time>
        <extensions>
          <ns3:TrackPointExtension>
            <ns3:hr>146</ns3:hr>
          </ns3:TrackPointExtension>
        </extensions>
      </trkpt>
      <trkpt lat="51.9784176908433437347412109375" lon="4.3623160757124423980712890625">
        <ele>10.19999980926513671875</ele>
        <time>2025-05-31T13:52:17.000Z</time>
        <extensions>
          <ns3:TrackPointExtension>
            <ns3:hr>147</ns3:hr>
          </ns3:TrackPointExtension>
        </extensions>
      </trkpt>
      <trkpt lat="51.9785306788980960845947265625" lon="4.36215422116219997406005859375">
        <ele>10.19999980926513671875</ele>
        <time>2025-05-31T13:52:20.000Z</time>
        <extensions>
          <ns3:TrackPointExtension>
            <ns3:hr>147</ns3:hr>
          </ns3:TrackPointExtension>
        </extensions>
      </trkpt>
      <trkpt lat="51.97856093756854534149169921875" lon="4.36209454201161861419677734375">
        <ele>10.19999980926513671875</ele>
        <time>2025-05-31T13:52:21.000Z</time>
        <extensions>
          <ns3:TrackPointExtension>
            <ns3:hr>148</ns3:hr>
          </ns3:TrackPointExtension>
        </extensions>
      </trkpt>
      <trkpt lat="51.97883494198322296142578125" lon="4.3615469522774219512939453125">
        <ele>9.80000019073486328125</ele>
        <time>2025-05-31T13:52:30.000Z</time>
        <extensions>
          <ns3:TrackPointExtension>
            <ns3:hr>147</ns3:hr>
          </ns3:TrackPointExtension>
        </extensions>
      </trkpt>
      <trkpt lat="51.97899411432445049285888671875" lon="4.361254088580608367919921875">
        <ele>10.3999996185302734375</ele>
        <time>2025-05-31T13:52:36.000Z</time>
        <extensions>
          <ns3:TrackPointExtension>
            <ns3:hr>146</ns3:hr>
          </ns3:TrackPointExtension>
        </extensions>
      </trkpt>
      <trkpt lat="51.9790791906416416168212890625" lon="4.36107002198696136474609375">
        <ele>10.80000019073486328125</ele>
        <time>2025-05-31T13:52:40.000Z</time>
        <extensions>
          <ns3:TrackPointExtension>
            <ns3:hr>146</ns3:hr>
          </ns3:TrackPointExtension>
        </extensions>
      </trkpt>
      <trkpt lat="51.9790931046009063720703125" lon="4.36099668033421039581298828125">
        <ele>10.6000003814697265625</ele>
        <time>2025-05-31T13:52:41.000Z</time>
        <extensions>
          <ns3:TrackPointExtension>
            <ns3:hr>146</ns3:hr>
          </ns3:TrackPointExtension>
        </extensions>
      </trkpt>
      <trkpt lat="51.97909251786768436431884765625" lon="4.36092107556760311126708984375">
        <ele>10.3999996185302734375</ele>
        <time>2025-05-31T13:52:42.000Z</time>
        <extensions>
          <ns3:TrackPointExtension>
            <ns3:hr>146</ns3:hr>
          </ns3:TrackPointExtension>
        </extensions>
      </trkpt>
      <trkpt lat="51.97904993779957294464111328125" lon="4.3606804311275482177734375">
        <ele>10.19999980926513671875</ele>
        <time>2025-05-31T13:52:45.000Z</time>
        <extensions>
          <ns3:TrackPointExtension>
            <ns3:hr>149</ns3:hr>
          </ns3:TrackPointExtension>
        </extensions>
      </trkpt>
      <trkpt lat="51.9789658673107624053955078125" lon="4.36013267375528812408447265625">
        <ele>10.3999996185302734375</ele>
        <time>2025-05-31T13:52:52.000Z</time>
        <extensions>
          <ns3:TrackPointExtension>
            <ns3:hr>149</ns3:hr>
          </ns3:TrackPointExtension>
        </extensions>
      </trkpt>
      <trkpt lat="51.97894415818154811859130859375" lon="4.3599884212017059326171875">
        <ele>10.19999980926513671875</ele>
        <time>2025-05-31T13:52:54.000Z</time>
        <extensions>
          <ns3:TrackPointExtension>
            <ns3:hr>148</ns3:hr>
          </ns3:TrackPointExtension>
        </extensions>
      </trkpt>
      <trkpt lat="51.978919766843318939208984375" lon="4.3598323501646518707275390625">
        <ele>10</ele>
        <time>2025-05-31T13:52:56.000Z</time>
        <extensions>
          <ns3:TrackPointExtension>
            <ns3:hr>147</ns3:hr>
          </ns3:TrackPointExtension>
        </extensions>
      </trkpt>
      <trkpt lat="51.97889755479991436004638671875" lon="4.3596754409372806549072265625">
        <ele>9.80000019073486328125</ele>
        <time>2025-05-31T13:52:58.000Z</time>
        <extensions>
          <ns3:TrackPointExtension>
            <ns3:hr>147</ns3:hr>
          </ns3:TrackPointExtension>
        </extensions>
      </trkpt>
      <trkpt lat="51.97879596613347530364990234375" lon="4.35911628417670726776123046875">
        <ele>10.19999980926513671875</ele>
        <time>2025-05-31T13:53:05.000Z</time>
        <extensions>
          <ns3:TrackPointExtension>
            <ns3:hr>148</ns3:hr>
          </ns3:TrackPointExtension>
        </extensions>
      </trkpt>
      <trkpt lat="51.97878121398389339447021484375" lon="4.35904470272362232208251953125">
        <ele>10.19999980926513671875</ele>
        <time>2025-05-31T13:53:06.000Z</time>
        <extensions>
          <ns3:TrackPointExtension>
            <ns3:hr>148</ns3:hr>
          </ns3:TrackPointExtension>
        </extensions>
      </trkpt>
      <trkpt lat="51.9787382148206233978271484375" lon="4.3587681837379932403564453125">
        <ele>10.19999980926513671875</ele>
        <time>2025-05-31T13:53:10.000Z</time>
        <extensions>
          <ns3:TrackPointExtension>
            <ns3:hr>149</ns3:hr>
          </ns3:TrackPointExtension>
        </extensions>
      </trkpt>
      <trkpt lat="51.97871868498623371124267578125" lon="4.358632229268550872802734375">
        <ele>10.19999980926513671875</ele>
        <time>2025-05-31T13:53:12.000Z</time>
        <extensions>
          <ns3:TrackPointExtension>
            <ns3:hr>149</ns3:hr>
          </ns3:TrackPointExtension>
        </extensions>
      </trkpt>
      <trkpt lat="51.97868163697421550750732421875" lon="4.35849015600979328155517578125">
        <ele>10.19999980926513671875</ele>
        <time>2025-05-31T13:53:14.000Z</time>
        <extensions>
          <ns3:TrackPointExtension>
            <ns3:hr>150</ns3:hr>
          </ns3:TrackPointExtension>
        </extensions>
      </trkpt>
      <trkpt lat="51.9785997457802295684814453125" lon="4.35806200839579105377197265625">
        <ele>10.3999996185302734375</ele>
        <time>2025-05-31T13:53:20.000Z</time>
        <extensions>
          <ns3:TrackPointExtension>
            <ns3:hr>153</ns3:hr>
          </ns3:TrackPointExtension>
        </extensions>
      </trkpt>
      <trkpt lat="51.97858222760260105133056640625" lon="4.3579289875924587249755859375">
        <ele>10.3999996185302734375</ele>
        <time>2025-05-31T13:53:22.000Z</time>
        <extensions>
          <ns3:TrackPointExtension>
            <ns3:hr>153</ns3:hr>
          </ns3:TrackPointExtension>
        </extensions>
      </trkpt>
      <trkpt lat="51.97853310965001583099365234375" lon="4.3576064519584178924560546875">
        <ele>10.3999996185302734375</ele>
        <time>2025-05-31T13:53:27.000Z</time>
        <extensions>
          <ns3:TrackPointExtension>
            <ns3:hr>153</ns3:hr>
          </ns3:TrackPointExtension>
        </extensions>
      </trkpt>
      <trkpt lat="51.97850578464567661285400390625" lon="4.35746203176677227020263671875">
        <ele>10.3999996185302734375</ele>
        <time>2025-05-31T13:53:29.000Z</time>
        <extensions>
          <ns3:TrackPointExtension>
            <ns3:hr>154</ns3:hr>
          </ns3:TrackPointExtension>
        </extensions>
      </trkpt>
      <trkpt lat="51.9784129969775676727294921875" lon="4.35687177814543247222900390625">
        <ele>10.3999996185302734375</ele>
        <time>2025-05-31T13:53:37.000Z</time>
        <extensions>
          <ns3:TrackPointExtension>
            <ns3:hr>157</ns3:hr>
          </ns3:TrackPointExtension>
        </extensions>
      </trkpt>
      <trkpt lat="51.97839346714317798614501953125" lon="4.35672819614410400390625">
        <ele>10.19999980926513671875</ele>
        <time>2025-05-31T13:53:39.000Z</time>
        <extensions>
          <ns3:TrackPointExtension>
            <ns3:hr>157</ns3:hr>
          </ns3:TrackPointExtension>
        </extensions>
      </trkpt>
      <trkpt lat="51.97830311022698879241943359375" lon="4.35602872632443904876708984375">
        <ele>10.19999980926513671875</ele>
        <time>2025-05-31T13:53:49.000Z</time>
        <extensions>
          <ns3:TrackPointExtension>
            <ns3:hr>156</ns3:hr>
          </ns3:TrackPointExtension>
        </extensions>
      </trkpt>
      <trkpt lat="51.97818626649677753448486328125" lon="4.355368316173553466796875">
        <ele>10.19999980926513671875</ele>
        <time>2025-05-31T13:53:58.000Z</time>
        <extensions>
          <ns3:TrackPointExtension>
            <ns3:hr>153</ns3:hr>
          </ns3:TrackPointExtension>
        </extensions>
      </trkpt>
      <trkpt lat="51.97808937169611454010009765625" lon="4.35482307337224483489990234375">
        <ele>10.19999980926513671875</ele>
        <time>2025-05-31T13:54:05.000Z</time>
        <extensions>
          <ns3:TrackPointExtension>
            <ns3:hr>152</ns3:hr>
          </ns3:TrackPointExtension>
        </extensions>
      </trkpt>
      <trkpt lat="51.97806657291948795318603515625" lon="4.35475635342299938201904296875">
        <ele>10.19999980926513671875</ele>
        <time>2025-05-31T13:54:06.000Z</time>
        <extensions>
          <ns3:TrackPointExtension>
            <ns3:hr>152</ns3:hr>
          </ns3:TrackPointExtension>
        </extensions>
      </trkpt>
      <trkpt lat="51.978035978972911834716796875" lon="4.3546972610056400299072265625">
        <ele>10.19999980926513671875</ele>
        <time>2025-05-31T13:54:07.000Z</time>
        <extensions>
          <ns3:TrackPointExtension>
            <ns3:hr>152</ns3:hr>
          </ns3:TrackPointExtension>
        </extensions>
      </trkpt>
      <trkpt lat="51.9779449515044689178466796875" lon="4.354519061744213104248046875">
        <ele>10.3999996185302734375</ele>
        <time>2025-05-31T13:54:10.000Z</time>
        <extensions>
          <ns3:TrackPointExtension>
            <ns3:hr>152</ns3:hr>
          </ns3:TrackPointExtension>
        </extensions>
      </trkpt>
      <trkpt lat="51.97792701423168182373046875" lon="4.35444789938628673553466796875">
        <ele>10.3999996185302734375</ele>
        <time>2025-05-31T13:54:11.000Z</time>
        <extensions>
          <ns3:TrackPointExtension>
            <ns3:hr>152</ns3:hr>
          </ns3:TrackPointExtension>
        </extensions>
      </trkpt>
      <trkpt lat="51.97784118354320526123046875" lon="4.35391883365809917449951171875">
        <ele>10.19999980926513671875</ele>
        <time>2025-05-31T13:54:18.000Z</time>
        <extensions>
          <ns3:TrackPointExtension>
            <ns3:hr>154</ns3:hr>
          </ns3:TrackPointExtension>
        </extensions>
      </trkpt>
      <trkpt lat="51.9777189753949642181396484375" lon="4.353149123489856719970703125">
        <ele>10</ele>
        <time>2025-05-31T13:54:28.000Z</time>
        <extensions>
          <ns3:TrackPointExtension>
            <ns3:hr>152</ns3:hr>
          </ns3:TrackPointExtension>
        </extensions>
      </trkpt>
      <trkpt lat="51.977596096694469451904296875" lon="4.35232711024582386016845703125">
        <ele>10</ele>
        <time>2025-05-31T13:54:39.000Z</time>
        <extensions>
          <ns3:TrackPointExtension>
            <ns3:hr>154</ns3:hr>
          </ns3:TrackPointExtension>
        </extensions>
      </trkpt>
      <trkpt lat="51.9774591363966464996337890625" lon="4.351472072303295135498046875">
        <ele>9.80000019073486328125</ele>
        <time>2025-05-31T13:54:50.000Z</time>
        <extensions>
          <ns3:TrackPointExtension>
            <ns3:hr>154</ns3:hr>
          </ns3:TrackPointExtension>
        </extensions>
      </trkpt>
      <trkpt lat="51.97735377587378025054931640625" lon="4.35076908208429813385009765625">
        <ele>9.80000019073486328125</ele>
        <time>2025-05-31T13:54:59.000Z</time>
        <extensions>
          <ns3:TrackPointExtension>
            <ns3:hr>155</ns3:hr>
          </ns3:TrackPointExtension>
        </extensions>
      </trkpt>
      <trkpt lat="51.9772301428020000457763671875" lon="4.35000129975378513336181640625">
        <ele>10</ele>
        <time>2025-05-31T13:55:09.000Z</time>
        <extensions>
          <ns3:TrackPointExtension>
            <ns3:hr>155</ns3:hr>
          </ns3:TrackPointExtension>
        </extensions>
      </trkpt>
      <trkpt lat="51.9771565496921539306640625" lon="4.3495802767574787139892578125">
        <ele>10.19999980926513671875</ele>
        <time>2025-05-31T13:55:15.000Z</time>
        <extensions>
          <ns3:TrackPointExtension>
            <ns3:hr>154</ns3:hr>
          </ns3:TrackPointExtension>
        </extensions>
      </trkpt>
      <trkpt lat="51.97712863795459270477294921875" lon="4.34944742359220981597900390625">
        <ele>10.6000003814697265625</ele>
        <time>2025-05-31T13:55:17.000Z</time>
        <extensions>
          <ns3:TrackPointExtension>
            <ns3:hr>155</ns3:hr>
          </ns3:TrackPointExtension>
        </extensions>
      </trkpt>
      <trkpt lat="51.9771040789783000946044921875" lon="4.34930744580924510955810546875">
        <ele>10.6000003814697265625</ele>
        <time>2025-05-31T13:55:19.000Z</time>
        <extensions>
          <ns3:TrackPointExtension>
            <ns3:hr>155</ns3:hr>
          </ns3:TrackPointExtension>
        </extensions>
      </trkpt>
      <trkpt lat="51.97703710757195949554443359375" lon="4.34884409420192241668701171875">
        <ele>10.19999980926513671875</ele>
        <time>2025-05-31T13:55:25.000Z</time>
        <extensions>
          <ns3:TrackPointExtension>
            <ns3:hr>155</ns3:hr>
          </ns3:TrackPointExtension>
        </extensions>
      </trkpt>
      <trkpt lat="51.976924873888492584228515625" lon="4.348093830049037933349609375">
        <ele>9.80000019073486328125</ele>
        <time>2025-05-31T13:55:35.000Z</time>
        <extensions>
          <ns3:TrackPointExtension>
            <ns3:hr>158</ns3:hr>
          </ns3:TrackPointExtension>
        </extensions>
      </trkpt>
      <trkpt lat="51.976798474788665771484375" lon="4.3472417257726192474365234375">
        <ele>9.80000019073486328125</ele>
        <time>2025-05-31T13:55:46.000Z</time>
        <extensions>
          <ns3:TrackPointExtension>
            <ns3:hr>159</ns3:hr>
          </ns3:TrackPointExtension>
        </extensions>
      </trkpt>
      <trkpt lat="51.97678615339100360870361328125" lon="4.34716201387345790863037109375">
        <ele>9.80000019073486328125</ele>
        <time>2025-05-31T13:55:47.000Z</time>
        <extensions>
          <ns3:TrackPointExtension>
            <ns3:hr>159</ns3:hr>
          </ns3:TrackPointExtension>
        </extensions>
      </trkpt>
      <trkpt lat="51.9766481034457683563232421875" lon="4.346309490501880645751953125">
        <ele>10</ele>
        <time>2025-05-31T13:55:58.000Z</time>
        <extensions>
          <ns3:TrackPointExtension>
            <ns3:hr>158</ns3:hr>
          </ns3:TrackPointExtension>
        </extensions>
      </trkpt>
      <trkpt lat="51.97663762606680393218994140625" lon="4.3462362326681613922119140625">
        <ele>10</ele>
        <time>2025-05-31T13:55:59.000Z</time>
        <extensions>
          <ns3:TrackPointExtension>
            <ns3:hr>158</ns3:hr>
          </ns3:TrackPointExtension>
        </extensions>
      </trkpt>
      <trkpt lat="51.9765294156968593597412109375" lon="4.3455505929887294769287109375">
        <ele>9.80000019073486328125</ele>
        <time>2025-05-31T13:56:08.000Z</time>
        <extensions>
          <ns3:TrackPointExtension>
            <ns3:hr>159</ns3:hr>
          </ns3:TrackPointExtension>
        </extensions>
      </trkpt>
      <trkpt lat="51.97642288170754909515380859375" lon="4.34486352838575839996337890625">
        <ele>10</ele>
        <time>2025-05-31T13:56:17.000Z</time>
        <extensions>
          <ns3:TrackPointExtension>
            <ns3:hr>160</ns3:hr>
          </ns3:TrackPointExtension>
        </extensions>
      </trkpt>
      <trkpt lat="51.97633646428585052490234375" lon="4.3443201296031475067138671875">
        <ele>10</ele>
        <time>2025-05-31T13:56:24.000Z</time>
        <extensions>
          <ns3:TrackPointExtension>
            <ns3:hr>162</ns3:hr>
          </ns3:TrackPointExtension>
        </extensions>
      </trkpt>
      <trkpt lat="51.97629178874194622039794921875" lon="4.34418551623821258544921875">
        <ele>10</ele>
        <time>2025-05-31T13:56:26.000Z</time>
        <extensions>
          <ns3:TrackPointExtension>
            <ns3:hr>162</ns3:hr>
          </ns3:TrackPointExtension>
        </extensions>
      </trkpt>
      <trkpt lat="51.9762025214731693267822265625" lon="4.3439979292452335357666015625">
        <ele>10</ele>
        <time>2025-05-31T13:56:29.000Z</time>
        <extensions>
          <ns3:TrackPointExtension>
            <ns3:hr>161</ns3:hr>
          </ns3:TrackPointExtension>
        </extensions>
      </trkpt>
      <trkpt lat="51.9760948978364467620849609375" lon="4.3438366614282131195068359375">
        <ele>10</ele>
        <time>2025-05-31T13:56:32.000Z</time>
        <extensions>
          <ns3:TrackPointExtension>
            <ns3:hr>161</ns3:hr>
          </ns3:TrackPointExtension>
        </extensions>
      </trkpt>
      <trkpt lat="51.976029016077518463134765625" lon="4.3437302112579345703125">
        <ele>10.19999980926513671875</ele>
        <time>2025-05-31T13:56:34.000Z</time>
        <extensions>
          <ns3:TrackPointExtension>
            <ns3:hr>160</ns3:hr>
          </ns3:TrackPointExtension>
        </extensions>
      </trkpt>
      <trkpt lat="51.9759815745055675506591796875" lon="4.34359719045460224151611328125">
        <ele>10.19999980926513671875</ele>
        <time>2025-05-31T13:56:36.000Z</time>
        <extensions>
          <ns3:TrackPointExtension>
            <ns3:hr>161</ns3:hr>
          </ns3:TrackPointExtension>
        </extensions>
      </trkpt>
      <trkpt lat="51.97596841491758823394775390625" lon="4.34352158568799495697021484375">
        <ele>10</ele>
        <time>2025-05-31T13:56:37.000Z</time>
        <extensions>
          <ns3:TrackPointExtension>
            <ns3:hr>160</ns3:hr>
          </ns3:TrackPointExtension>
        </extensions>
      </trkpt>
      <trkpt lat="51.9758588634431362152099609375" lon="4.34290409088134765625">
        <ele>10</ele>
        <time>2025-05-31T13:56:45.000Z</time>
        <extensions>
          <ns3:TrackPointExtension>
            <ns3:hr>161</ns3:hr>
          </ns3:TrackPointExtension>
        </extensions>
      </trkpt>
      <trkpt lat="51.9758374057710170745849609375" lon="4.3428388796746730804443359375">
        <ele>10</ele>
        <time>2025-05-31T13:56:46.000Z</time>
        <extensions>
          <ns3:TrackPointExtension>
            <ns3:hr>160</ns3:hr>
          </ns3:TrackPointExtension>
        </extensions>
      </trkpt>
      <trkpt lat="51.9757053069770336151123046875" lon="4.3425391428172588348388671875">
        <ele>10</ele>
        <time>2025-05-31T13:56:51.000Z</time>
        <extensions>
          <ns3:TrackPointExtension>
            <ns3:hr>159</ns3:hr>
          </ns3:TrackPointExtension>
        </extensions>
      </trkpt>
      <trkpt lat="51.97556256316602230072021484375" lon="4.34223261661827564239501953125">
        <ele>9.80000019073486328125</ele>
        <time>2025-05-31T13:56:56.000Z</time>
        <extensions>
          <ns3:TrackPointExtension>
            <ns3:hr>159</ns3:hr>
          </ns3:TrackPointExtension>
        </extensions>
      </trkpt>
      <trkpt lat="51.9755286164581775665283203125" lon="4.3420845083892345428466796875">
        <ele>9.6000003814697265625</ele>
        <time>2025-05-31T13:56:58.000Z</time>
        <extensions>
          <ns3:TrackPointExtension>
            <ns3:hr>158</ns3:hr>
          </ns3:TrackPointExtension>
        </extensions>
      </trkpt>
      <trkpt lat="51.9753948412835597991943359375" lon="4.34127607382833957672119140625">
        <ele>9.6000003814697265625</ele>
        <time>2025-05-31T13:57:09.000Z</time>
        <extensions>
          <ns3:TrackPointExtension>
            <ns3:hr>158</ns3:hr>
          </ns3:TrackPointExtension>
        </extensions>
      </trkpt>
      <trkpt lat="51.97528411634266376495361328125" lon="4.340551458299160003662109375">
        <ele>9.6000003814697265625</ele>
        <time>2025-05-31T13:57:19.000Z</time>
        <extensions>
          <ns3:TrackPointExtension>
            <ns3:hr>157</ns3:hr>
          </ns3:TrackPointExtension>
        </extensions>
      </trkpt>
      <trkpt lat="51.97527053765952587127685546875" lon="4.340477026998996734619140625">
        <ele>9.6000003814697265625</ele>
        <time>2025-05-31T13:57:20.000Z</time>
        <extensions>
          <ns3:TrackPointExtension>
            <ns3:hr>157</ns3:hr>
          </ns3:TrackPointExtension>
        </extensions>
      </trkpt>
      <trkpt lat="51.97521806694567203521728515625" lon="4.34018676169216632843017578125">
        <ele>9.6000003814697265625</ele>
        <time>2025-05-31T13:57:24.000Z</time>
        <extensions>
          <ns3:TrackPointExtension>
            <ns3:hr>157</ns3:hr>
          </ns3:TrackPointExtension>
        </extensions>
      </trkpt>
      <trkpt lat="51.97519409470260143280029296875" lon="4.34012926183640956878662109375">
        <ele>9.6000003814697265625</ele>
        <time>2025-05-31T13:57:25.000Z</time>
        <extensions>
          <ns3:TrackPointExtension>
            <ns3:hr>157</ns3:hr>
          </ns3:TrackPointExtension>
        </extensions>
      </trkpt>
      <trkpt lat="51.975160650908946990966796875" lon="4.34009472839534282684326171875">
        <ele>9.6000003814697265625</ele>
        <time>2025-05-31T13:57:26.000Z</time>
        <extensions>
          <ns3:TrackPointExtension>
            <ns3:hr>157</ns3:hr>
          </ns3:TrackPointExtension>
        </extensions>
      </trkpt>
      <trkpt lat="51.9750823639333248138427734375" lon="4.34009506367146968841552734375">
        <ele>9.80000019073486328125</ele>
        <time>2025-05-31T13:57:28.000Z</time>
        <extensions>
          <ns3:TrackPointExtension>
            <ns3:hr>157</ns3:hr>
          </ns3:TrackPointExtension>
        </extensions>
      </trkpt>
      <trkpt lat="51.974996365606784820556640625" lon="4.34012909419834613800048828125">
        <ele>9.80000019073486328125</ele>
        <time>2025-05-31T13:57:30.000Z</time>
        <extensions>
          <ns3:TrackPointExtension>
            <ns3:hr>157</ns3:hr>
          </ns3:TrackPointExtension>
        </extensions>
      </trkpt>
      <trkpt lat="51.97490374557673931121826171875" lon="4.3401174433529376983642578125">
        <ele>9.80000019073486328125</ele>
        <time>2025-05-31T13:57:32.000Z</time>
        <extensions>
          <ns3:TrackPointExtension>
            <ns3:hr>157</ns3:hr>
          </ns3:TrackPointExtension>
        </extensions>
      </trkpt>
      <trkpt lat="51.97486183606088161468505859375" lon="4.34008550830185413360595703125">
        <ele>10</ele>
        <time>2025-05-31T13:57:33.000Z</time>
        <extensions>
          <ns3:TrackPointExtension>
            <ns3:hr>157</ns3:hr>
          </ns3:TrackPointExtension>
        </extensions>
      </trkpt>
      <trkpt lat="51.9748292304575443267822265625" lon="4.34004141949117183685302734375">
        <ele>10</ele>
        <time>2025-05-31T13:57:34.000Z</time>
        <extensions>
          <ns3:TrackPointExtension>
            <ns3:hr>157</ns3:hr>
          </ns3:TrackPointExtension>
        </extensions>
      </trkpt>
      <trkpt lat="51.97476075030863285064697265625" lon="4.3398678302764892578125">
        <ele>9.80000019073486328125</ele>
        <time>2025-05-31T13:57:37.000Z</time>
        <extensions>
          <ns3:TrackPointExtension>
            <ns3:hr>157</ns3:hr>
          </ns3:TrackPointExtension>
        </extensions>
      </trkpt>
      <trkpt lat="51.97451683692634105682373046875" lon="4.33919518254697322845458984375">
        <ele>9.6000003814697265625</ele>
        <time>2025-05-31T13:57:48.000Z</time>
        <extensions>
          <ns3:TrackPointExtension>
            <ns3:hr>158</ns3:hr>
          </ns3:TrackPointExtension>
        </extensions>
      </trkpt>
      <trkpt lat="51.97434626519680023193359375" lon="4.33863694779574871063232421875">
        <ele>10.19999980926513671875</ele>
        <time>2025-05-31T13:57:56.000Z</time>
        <extensions>
          <ns3:TrackPointExtension>
            <ns3:hr>158</ns3:hr>
          </ns3:TrackPointExtension>
        </extensions>
      </trkpt>
      <trkpt lat="51.97428482584655284881591796875" lon="4.3383532203733921051025390625">
        <ele>11</ele>
        <time>2025-05-31T13:58:01.000Z</time>
        <extensions>
          <ns3:TrackPointExtension>
            <ns3:hr>159</ns3:hr>
          </ns3:TrackPointExtension>
        </extensions>
      </trkpt>
      <trkpt lat="51.97427560575306415557861328125" lon="4.33829077519476413726806640625">
        <ele>11.19999980926513671875</ele>
        <time>2025-05-31T13:58:02.000Z</time>
        <extensions>
          <ns3:TrackPointExtension>
            <ns3:hr>160</ns3:hr>
          </ns3:TrackPointExtension>
        </extensions>
      </trkpt>
      <trkpt lat="51.97425230406224727630615234375" lon="4.338115341961383819580078125">
        <ele>11.80000019073486328125</ele>
        <time>2025-05-31T13:58:05.000Z</time>
        <extensions>
          <ns3:TrackPointExtension>
            <ns3:hr>163</ns3:hr>
          </ns3:TrackPointExtension>
        </extensions>
      </trkpt>
      <trkpt lat="51.9742424972355365753173828125" lon="4.338057339191436767578125">
        <ele>12.19999980926513671875</ele>
        <time>2025-05-31T13:58:06.000Z</time>
        <extensions>
          <ns3:TrackPointExtension>
            <ns3:hr>163</ns3:hr>
          </ns3:TrackPointExtension>
        </extensions>
      </trkpt>
      <trkpt lat="51.97419715113937854766845703125" lon="4.337836392223834991455078125">
        <ele>13</ele>
        <time>2025-05-31T13:58:10.000Z</time>
        <extensions>
          <ns3:TrackPointExtension>
            <ns3:hr>164</ns3:hr>
          </ns3:TrackPointExtension>
        </extensions>
      </trkpt>
      <trkpt lat="51.97418575175106525421142578125" lon="4.3377812393009662628173828125">
        <ele>13.19999980926513671875</ele>
        <time>2025-05-31T13:58:11.000Z</time>
        <extensions>
          <ns3:TrackPointExtension>
            <ns3:hr>165</ns3:hr>
          </ns3:TrackPointExtension>
        </extensions>
      </trkpt>
      <trkpt lat="51.9740953110158443450927734375" lon="4.337356947362422943115234375">
        <ele>13.6000003814697265625</ele>
        <time>2025-05-31T13:58:18.000Z</time>
        <extensions>
          <ns3:TrackPointExtension>
            <ns3:hr>167</ns3:hr>
          </ns3:TrackPointExtension>
        </extensions>
      </trkpt>
      <trkpt lat="51.9740022718906402587890625" lon="4.3368924222886562347412109375">
        <ele>13</ele>
        <time>2025-05-31T13:58:24.000Z</time>
        <extensions>
          <ns3:TrackPointExtension>
            <ns3:hr>169</ns3:hr>
          </ns3:TrackPointExtension>
        </extensions>
      </trkpt>
      <trkpt lat="51.9739635474979877471923828125" lon="4.3367026560008525848388671875">
        <ele>11.6000003814697265625</ele>
        <time>2025-05-31T13:58:26.000Z</time>
        <extensions>
          <ns3:TrackPointExtension>
            <ns3:hr>169</ns3:hr>
          </ns3:TrackPointExtension>
        </extensions>
      </trkpt>
      <trkpt lat="51.9739199616014957427978515625" lon="4.336392693221569061279296875">
        <ele>10.80000019073486328125</ele>
        <time>2025-05-31T13:58:29.000Z</time>
        <extensions>
          <ns3:TrackPointExtension>
            <ns3:hr>170</ns3:hr>
          </ns3:TrackPointExtension>
        </extensions>
      </trkpt>
      <trkpt lat="51.97388903237879276275634765625" lon="4.3361745961010456085205078125">
        <ele>10.6000003814697265625</ele>
        <time>2025-05-31T13:58:31.000Z</time>
        <extensions>
          <ns3:TrackPointExtension>
            <ns3:hr>170</ns3:hr>
          </ns3:TrackPointExtension>
        </extensions>
      </trkpt>
      <trkpt lat="51.97381242178380489349365234375" lon="4.33561661280691623687744140625">
        <ele>10.3999996185302734375</ele>
        <time>2025-05-31T13:58:37.000Z</time>
        <extensions>
          <ns3:TrackPointExtension>
            <ns3:hr>169</ns3:hr>
          </ns3:TrackPointExtension>
        </extensions>
      </trkpt>
      <trkpt lat="51.97376850061118602752685546875" lon="4.33530648238956928253173828125">
        <ele>10.3999996185302734375</ele>
        <time>2025-05-31T13:58:41.000Z</time>
        <extensions>
          <ns3:TrackPointExtension>
            <ns3:hr>166</ns3:hr>
          </ns3:TrackPointExtension>
        </extensions>
      </trkpt>
      <trkpt lat="51.97373614646494388580322265625" lon="4.33508419431746006011962890625">
        <ele>10.19999980926513671875</ele>
        <time>2025-05-31T13:58:44.000Z</time>
        <extensions>
          <ns3:TrackPointExtension>
            <ns3:hr>164</ns3:hr>
          </ns3:TrackPointExtension>
        </extensions>
      </trkpt>
      <trkpt lat="51.97371468879282474517822265625" lon="4.33493566699326038360595703125">
        <ele>9.80000019073486328125</ele>
        <time>2025-05-31T13:58:46.000Z</time>
        <extensions>
          <ns3:TrackPointExtension>
            <ns3:hr>163</ns3:hr>
          </ns3:TrackPointExtension>
        </extensions>
      </trkpt>
      <trkpt lat="51.9736752100288867950439453125" lon="4.3347112834453582763671875">
        <ele>9.80000019073486328125</ele>
        <time>2025-05-31T13:58:49.000Z</time>
        <extensions>
          <ns3:TrackPointExtension>
            <ns3:hr>159</ns3:hr>
          </ns3:TrackPointExtension>
        </extensions>
      </trkpt>
      <trkpt lat="51.97366230189800262451171875" lon="4.33463953435420989990234375">
        <ele>10</ele>
        <time>2025-05-31T13:58:50.000Z</time>
        <extensions>
          <ns3:TrackPointExtension>
            <ns3:hr>158</ns3:hr>
          </ns3:TrackPointExtension>
        </extensions>
      </trkpt>
      <trkpt lat="51.9735763035714626312255859375" lon="4.3341243825852870941162109375">
        <ele>10.19999980926513671875</ele>
        <time>2025-05-31T13:58:57.000Z</time>
        <extensions>
          <ns3:TrackPointExtension>
            <ns3:hr>155</ns3:hr>
          </ns3:TrackPointExtension>
        </extensions>
      </trkpt>
      <trkpt lat="51.9735146127641201019287109375" lon="4.3337642960250377655029296875">
        <ele>10</ele>
        <time>2025-05-31T13:59:02.000Z</time>
        <extensions>
          <ns3:TrackPointExtension>
            <ns3:hr>153</ns3:hr>
          </ns3:TrackPointExtension>
        </extensions>
      </trkpt>
      <trkpt lat="51.97340304963290691375732421875" lon="4.333040602505207061767578125">
        <ele>10.19999980926513671875</ele>
        <time>2025-05-31T13:59:12.000Z</time>
        <extensions>
          <ns3:TrackPointExtension>
            <ns3:hr>151</ns3:hr>
          </ns3:TrackPointExtension>
        </extensions>
      </trkpt>
      <trkpt lat="51.97330799885094165802001953125" lon="4.33246023952960968017578125">
        <ele>9.6000003814697265625</ele>
        <time>2025-05-31T13:59:20.000Z</time>
        <extensions>
          <ns3:TrackPointExtension>
            <ns3:hr>151</ns3:hr>
          </ns3:TrackPointExtension>
        </extensions>
      </trkpt>
      <trkpt lat="51.9732970185577869415283203125" lon="4.332388155162334442138671875">
        <ele>9.19999980926513671875</ele>
        <time>2025-05-31T13:59:21.000Z</time>
        <extensions>
          <ns3:TrackPointExtension>
            <ns3:hr>151</ns3:hr>
          </ns3:TrackPointExtension>
        </extensions>
      </trkpt>
      <trkpt lat="51.97321236133575439453125" lon="4.33187660761177539825439453125">
        <ele>9</ele>
        <time>2025-05-31T13:59:28.000Z</time>
        <extensions>
          <ns3:TrackPointExtension>
            <ns3:hr>154</ns3:hr>
          </ns3:TrackPointExtension>
        </extensions>
      </trkpt>
      <trkpt lat="51.9731920771300792694091796875" lon="4.33172707445919513702392578125">
        <ele>8.80000019073486328125</ele>
        <time>2025-05-31T13:59:30.000Z</time>
        <extensions>
          <ns3:TrackPointExtension>
            <ns3:hr>156</ns3:hr>
          </ns3:TrackPointExtension>
        </extensions>
      </trkpt>
      <trkpt lat="51.9730675220489501953125" lon="4.33095912449061870574951171875">
        <ele>9</ele>
        <time>2025-05-31T13:59:40.000Z</time>
        <extensions>
          <ns3:TrackPointExtension>
            <ns3:hr>155</ns3:hr>
          </ns3:TrackPointExtension>
        </extensions>
      </trkpt>
      <trkpt lat="51.97298479266464710235595703125" lon="4.33037239126861095428466796875">
        <ele>10.19999980926513671875</ele>
        <time>2025-05-31T13:59:48.000Z</time>
        <extensions>
          <ns3:TrackPointExtension>
            <ns3:hr>155</ns3:hr>
          </ns3:TrackPointExtension>
        </extensions>
      </trkpt>
      <trkpt lat="51.97287867777049541473388671875" lon="4.3296514637768268585205078125">
        <ele>10</ele>
        <time>2025-05-31T13:59:58.000Z</time>
        <extensions>
          <ns3:TrackPointExtension>
            <ns3:hr>153</ns3:hr>
          </ns3:TrackPointExtension>
        </extensions>
      </trkpt>
      <trkpt lat="51.97275563143193721771240234375" lon="4.32892701588571071624755859375">
        <ele>10.3999996185302734375</ele>
        <time>2025-05-31T14:00:08.000Z</time>
        <extensions>
          <ns3:TrackPointExtension>
            <ns3:hr>150</ns3:hr>
          </ns3:TrackPointExtension>
        </extensions>
      </trkpt>
      <trkpt lat="51.97263476438820362091064453125" lon="4.3281849659979343414306640625">
        <ele>10.19999980926513671875</ele>
        <time>2025-05-31T14:00:18.000Z</time>
        <extensions>
          <ns3:TrackPointExtension>
            <ns3:hr>150</ns3:hr>
          </ns3:TrackPointExtension>
        </extensions>
      </trkpt>
      <trkpt lat="51.97248958982527256011962890625" lon="4.327308721840381622314453125">
        <ele>9.80000019073486328125</ele>
        <time>2025-05-31T14:00:30.000Z</time>
        <extensions>
          <ns3:TrackPointExtension>
            <ns3:hr>151</ns3:hr>
          </ns3:TrackPointExtension>
        </extensions>
      </trkpt>
      <trkpt lat="51.97235112078487873077392578125" lon="4.32645351625978946685791015625">
        <ele>10.3999996185302734375</ele>
        <time>2025-05-31T14:00:42.000Z</time>
        <extensions>
          <ns3:TrackPointExtension>
            <ns3:hr>151</ns3:hr>
          </ns3:TrackPointExtension>
        </extensions>
      </trkpt>
      <trkpt lat="51.97224609553813934326171875" lon="4.32576544582843780517578125">
        <ele>10.6000003814697265625</ele>
        <time>2025-05-31T14:00:52.000Z</time>
        <extensions>
          <ns3:TrackPointExtension>
            <ns3:hr>151</ns3:hr>
          </ns3:TrackPointExtension>
        </extensions>
      </trkpt>
      <trkpt lat="51.97222757153213024139404296875" lon="4.3256294913589954376220703125">
        <ele>10.6000003814697265625</ele>
        <time>2025-05-31T14:00:54.000Z</time>
        <extensions>
          <ns3:TrackPointExtension>
            <ns3:hr>152</ns3:hr>
          </ns3:TrackPointExtension>
        </extensions>
      </trkpt>
      <trkpt lat="51.9721704907715320587158203125" lon="4.3252171017229557037353515625">
        <ele>10.6000003814697265625</ele>
        <time>2025-05-31T14:01:00.000Z</time>
        <extensions>
          <ns3:TrackPointExtension>
            <ns3:hr>153</ns3:hr>
          </ns3:TrackPointExtension>
        </extensions>
      </trkpt>
      <trkpt lat="51.97207267396152019500732421875" lon="4.32459927164018154144287109375">
        <ele>10.3999996185302734375</ele>
        <time>2025-05-31T14:01:09.000Z</time>
        <extensions>
          <ns3:TrackPointExtension>
            <ns3:hr>156</ns3:hr>
          </ns3:TrackPointExtension>
        </extensions>
      </trkpt>
      <trkpt lat="51.9720630347728729248046875" lon="4.324531964957714080810546875">
        <ele>10.3999996185302734375</ele>
        <time>2025-05-31T14:01:10.000Z</time>
        <extensions>
          <ns3:TrackPointExtension>
            <ns3:hr>157</ns3:hr>
          </ns3:TrackPointExtension>
        </extensions>
      </trkpt>
      <trkpt lat="51.971923895180225372314453125" lon="4.3237153999507427215576171875">
        <ele>10.80000019073486328125</ele>
        <time>2025-05-31T14:01:22.000Z</time>
        <extensions>
          <ns3:TrackPointExtension>
            <ns3:hr>158</ns3:hr>
          </ns3:TrackPointExtension>
        </extensions>
      </trkpt>
      <trkpt lat="51.9718083925545215606689453125" lon="4.3230140022933483123779296875">
        <ele>10.80000019073486328125</ele>
        <time>2025-05-31T14:01:32.000Z</time>
        <extensions>
          <ns3:TrackPointExtension>
            <ns3:hr>158</ns3:hr>
          </ns3:TrackPointExtension>
        </extensions>
      </trkpt>
      <trkpt lat="51.9717014394700527191162109375" lon="4.32234738953411579132080078125">
        <ele>11</ele>
        <time>2025-05-31T14:01:41.000Z</time>
        <extensions>
          <ns3:TrackPointExtension>
            <ns3:hr>159</ns3:hr>
          </ns3:TrackPointExtension>
        </extensions>
      </trkpt>
      <trkpt lat="51.97159926407039165496826171875" lon="4.32164398021996021270751953125">
        <ele>10.80000019073486328125</ele>
        <time>2025-05-31T14:01:52.000Z</time>
        <extensions>
          <ns3:TrackPointExtension>
            <ns3:hr>157</ns3:hr>
          </ns3:TrackPointExtension>
        </extensions>
      </trkpt>
      <trkpt lat="51.97157059796154499053955078125" lon="4.32150743901729583740234375">
        <ele>10.6000003814697265625</ele>
        <time>2025-05-31T14:01:55.000Z</time>
        <extensions>
          <ns3:TrackPointExtension>
            <ns3:hr>156</ns3:hr>
          </ns3:TrackPointExtension>
        </extensions>
      </trkpt>
      <trkpt lat="51.971577219665050506591796875" lon="4.32147081010043621063232421875">
        <ele>10.3999996185302734375</ele>
        <time>2025-05-31T14:01:56.000Z</time>
        <extensions>
          <ns3:TrackPointExtension>
            <ns3:hr>155</ns3:hr>
          </ns3:TrackPointExtension>
        </extensions>
      </trkpt>
      <trkpt lat="51.97159507311880588531494140625" lon="4.3214442394673824310302734375">
        <ele>10.3999996185302734375</ele>
        <time>2025-05-31T14:01:57.000Z</time>
        <extensions>
          <ns3:TrackPointExtension>
            <ns3:hr>154</ns3:hr>
          </ns3:TrackPointExtension>
        </extensions>
      </trkpt>
      <trkpt lat="51.971679814159870147705078125" lon="4.32137190364301204681396484375">
        <ele>10.19999980926513671875</ele>
        <time>2025-05-31T14:02:00.000Z</time>
        <extensions>
          <ns3:TrackPointExtension>
            <ns3:hr>151</ns3:hr>
          </ns3:TrackPointExtension>
        </extensions>
      </trkpt>
      <trkpt lat="51.9718707539141178131103515625" lon="4.321224801242351531982421875">
        <ele>10.3999996185302734375</ele>
        <time>2025-05-31T14:02:05.000Z</time>
        <extensions>
          <ns3:TrackPointExtension>
            <ns3:hr>152</ns3:hr>
          </ns3:TrackPointExtension>
        </extensions>
      </trkpt>
      <trkpt lat="51.9719451852142810821533203125" lon="4.32115950621664524078369140625">
        <ele>10.3999996185302734375</ele>
        <time>2025-05-31T14:02:07.000Z</time>
        <extensions>
          <ns3:TrackPointExtension>
            <ns3:hr>152</ns3:hr>
          </ns3:TrackPointExtension>
        </extensions>
      </trkpt>
      <trkpt lat="51.9721086323261260986328125" lon="4.3210462667047977447509765625">
        <ele>10.6000003814697265625</ele>
        <time>2025-05-31T14:02:11.000Z</time>
        <extensions>
          <ns3:TrackPointExtension>
            <ns3:hr>151</ns3:hr>
          </ns3:TrackPointExtension>
        </extensions>
      </trkpt>
      <trkpt lat="51.97240878827869892120361328125" lon="4.32086094282567501068115234375">
        <ele>10.80000019073486328125</ele>
        <time>2025-05-31T14:02:18.000Z</time>
        <extensions>
          <ns3:TrackPointExtension>
            <ns3:hr>151</ns3:hr>
          </ns3:TrackPointExtension>
        </extensions>
      </trkpt>
      <trkpt lat="51.97245405055582523345947265625" lon="4.3208373896777629852294921875">
        <ele>10.80000019073486328125</ele>
        <time>2025-05-31T14:02:19.000Z</time>
        <extensions>
          <ns3:TrackPointExtension>
            <ns3:hr>151</ns3:hr>
          </ns3:TrackPointExtension>
        </extensions>
      </trkpt>
      <trkpt lat="51.97276602499186992645263671875" lon="4.3206811510026454925537109375">
        <ele>10.80000019073486328125</ele>
        <time>2025-05-31T14:02:26.000Z</time>
        <extensions>
          <ns3:TrackPointExtension>
            <ns3:hr>151</ns3:hr>
          </ns3:TrackPointExtension>
        </extensions>
      </trkpt>
      <trkpt lat="51.97316366247832775115966796875" lon="4.32045609690248966217041015625">
        <ele>10.6000003814697265625</ele>
        <time>2025-05-31T14:02:35.000Z</time>
        <extensions>
          <ns3:TrackPointExtension>
            <ns3:hr>151</ns3:hr>
          </ns3:TrackPointExtension>
        </extensions>
      </trkpt>
      <trkpt lat="51.97334177792072296142578125" lon="4.32034696452319622039794921875">
        <ele>10.80000019073486328125</ele>
        <time>2025-05-31T14:02:39.000Z</time>
        <extensions>
          <ns3:TrackPointExtension>
            <ns3:hr>151</ns3:hr>
          </ns3:TrackPointExtension>
        </extensions>
      </trkpt>
      <trkpt lat="51.9734237529337406158447265625" lon="4.320263229310512542724609375">
        <ele>10.80000019073486328125</ele>
        <time>2025-05-31T14:02:41.000Z</time>
        <extensions>
          <ns3:TrackPointExtension>
            <ns3:hr>151</ns3:hr>
          </ns3:TrackPointExtension>
        </extensions>
      </trkpt>
      <trkpt lat="51.97349256835877895355224609375" lon="4.32016088627278804779052734375">
        <ele>10.80000019073486328125</ele>
        <time>2025-05-31T14:02:43.000Z</time>
        <extensions>
          <ns3:TrackPointExtension>
            <ns3:hr>150</ns3:hr>
          </ns3:TrackPointExtension>
        </extensions>
      </trkpt>
      <trkpt lat="51.9735677540302276611328125" lon="4.31996474973857402801513671875">
        <ele>10.80000019073486328125</ele>
        <time>2025-05-31T14:02:46.000Z</time>
        <extensions>
          <ns3:TrackPointExtension>
            <ns3:hr>149</ns3:hr>
          </ns3:TrackPointExtension>
        </extensions>
      </trkpt>
      <trkpt lat="51.97361846454441547393798828125" lon="4.3198375962674617767333984375">
        <ele>10.80000019073486328125</ele>
        <time>2025-05-31T14:02:48.000Z</time>
        <extensions>
          <ns3:TrackPointExtension>
            <ns3:hr>148</ns3:hr>
          </ns3:TrackPointExtension>
        </extensions>
      </trkpt>
      <trkpt lat="51.97371837683022022247314453125" lon="4.319506175816059112548828125">
        <ele>10.80000019073486328125</ele>
        <time>2025-05-31T14:02:53.000Z</time>
        <extensions>
          <ns3:TrackPointExtension>
            <ns3:hr>146</ns3:hr>
          </ns3:TrackPointExtension>
        </extensions>
      </trkpt>
      <trkpt lat="51.9737362302839756011962890625" lon="4.31943685747683048248291015625">
        <ele>10.80000019073486328125</ele>
        <time>2025-05-31T14:02:54.000Z</time>
        <extensions>
          <ns3:TrackPointExtension>
            <ns3:hr>146</ns3:hr>
          </ns3:TrackPointExtension>
        </extensions>
      </trkpt>
      <trkpt lat="51.97381275705993175506591796875" lon="4.31912161409854888916015625">
        <ele>10.80000019073486328125</ele>
        <time>2025-05-31T14:02:59.000Z</time>
        <extensions>
          <ns3:TrackPointExtension>
            <ns3:hr>146</ns3:hr>
          </ns3:TrackPointExtension>
        </extensions>
      </trkpt>
      <trkpt lat="51.97382189333438873291015625" lon="4.31905782781541347503662109375">
        <ele>10.80000019073486328125</ele>
        <time>2025-05-31T14:03:00.000Z</time>
        <extensions>
          <ns3:TrackPointExtension>
            <ns3:hr>146</ns3:hr>
          </ns3:TrackPointExtension>
        </extensions>
      </trkpt>
      <trkpt lat="51.97381158359348773956298828125" lon="4.31893092580139636993408203125">
        <ele>10.6000003814697265625</ele>
        <time>2025-05-31T14:03:02.000Z</time>
        <extensions>
          <ns3:TrackPointExtension>
            <ns3:hr>145</ns3:hr>
          </ns3:TrackPointExtension>
        </extensions>
      </trkpt>
      <trkpt lat="51.9737989269196987152099609375" lon="4.3188706599175930023193359375">
        <ele>10.80000019073486328125</ele>
        <time>2025-05-31T14:03:03.000Z</time>
        <extensions>
          <ns3:TrackPointExtension>
            <ns3:hr>145</ns3:hr>
          </ns3:TrackPointExtension>
        </extensions>
      </trkpt>
      <trkpt lat="51.97378811426460742950439453125" lon="4.3186409957706928253173828125">
        <ele>10.6000003814697265625</ele>
        <time>2025-05-31T14:03:07.000Z</time>
        <extensions>
          <ns3:TrackPointExtension>
            <ns3:hr>144</ns3:hr>
          </ns3:TrackPointExtension>
        </extensions>
      </trkpt>
      <trkpt lat="51.97388081811368465423583984375" lon="4.3185389041900634765625">
        <ele>10.3999996185302734375</ele>
        <time>2025-05-31T14:03:10.000Z</time>
        <extensions>
          <ns3:TrackPointExtension>
            <ns3:hr>143</ns3:hr>
          </ns3:TrackPointExtension>
        </extensions>
      </trkpt>
      <trkpt lat="51.97418273426592350006103515625" lon="4.3183801509439945220947265625">
        <ele>10.6000003814697265625</ele>
        <time>2025-05-31T14:03:18.000Z</time>
        <extensions>
          <ns3:TrackPointExtension>
            <ns3:hr>144</ns3:hr>
          </ns3:TrackPointExtension>
        </extensions>
      </trkpt>
      <trkpt lat="51.97447610087692737579345703125" lon="4.318188540637493133544921875">
        <ele>10.80000019073486328125</ele>
        <time>2025-05-31T14:03:25.000Z</time>
        <extensions>
          <ns3:TrackPointExtension>
            <ns3:hr>144</ns3:hr>
          </ns3:TrackPointExtension>
        </extensions>
      </trkpt>
      <trkpt lat="51.97468430735170841217041015625" lon="4.31806155480444431304931640625">
        <ele>10.6000003814697265625</ele>
        <time>2025-05-31T14:03:30.000Z</time>
        <extensions>
          <ns3:TrackPointExtension>
            <ns3:hr>141</ns3:hr>
          </ns3:TrackPointExtension>
        </extensions>
      </trkpt>
      <trkpt lat="51.9748055934906005859375" lon="4.3179882131516933441162109375">
        <ele>10.6000003814697265625</ele>
        <time>2025-05-31T14:03:33.000Z</time>
        <extensions>
          <ns3:TrackPointExtension>
            <ns3:hr>141</ns3:hr>
          </ns3:TrackPointExtension>
        </extensions>
      </trkpt>
      <trkpt lat="51.975006423890590667724609375" lon="4.31784798391163349151611328125">
        <ele>10.3999996185302734375</ele>
        <time>2025-05-31T14:03:38.000Z</time>
        <extensions>
          <ns3:TrackPointExtension>
            <ns3:hr>141</ns3:hr>
          </ns3:TrackPointExtension>
        </extensions>
      </trkpt>
      <trkpt lat="51.9751336611807346343994140625" lon="4.31778260506689548492431640625">
        <ele>10.6000003814697265625</ele>
        <time>2025-05-31T14:03:41.000Z</time>
        <extensions>
          <ns3:TrackPointExtension>
            <ns3:hr>141</ns3:hr>
          </ns3:TrackPointExtension>
        </extensions>
      </trkpt>
      <trkpt lat="51.97550204582512378692626953125" lon="4.31754539720714092254638671875">
        <ele>10.80000019073486328125</ele>
        <time>2025-05-31T14:03:50.000Z</time>
        <extensions>
          <ns3:TrackPointExtension>
            <ns3:hr>140</ns3:hr>
          </ns3:TrackPointExtension>
        </extensions>
      </trkpt>
      <trkpt lat="51.97582106105983257293701171875" lon="4.317335598170757293701171875">
        <ele>10.3999996185302734375</ele>
        <time>2025-05-31T14:03:58.000Z</time>
        <extensions>
          <ns3:TrackPointExtension>
            <ns3:hr>142</ns3:hr>
          </ns3:TrackPointExtension>
        </extensions>
      </trkpt>
      <trkpt lat="51.97615365497767925262451171875" lon="4.31712068617343902587890625">
        <ele>10.80000019073486328125</ele>
        <time>2025-05-31T14:04:07.000Z</time>
        <extensions>
          <ns3:TrackPointExtension>
            <ns3:hr>141</ns3:hr>
          </ns3:TrackPointExtension>
        </extensions>
      </trkpt>
      <trkpt lat="51.97640393860638141632080078125" lon="4.3169791996479034423828125">
        <ele>11.19999980926513671875</ele>
        <time>2025-05-31T14:04:14.000Z</time>
        <extensions>
          <ns3:TrackPointExtension>
            <ns3:hr>142</ns3:hr>
          </ns3:TrackPointExtension>
        </extensions>
      </trkpt>
      <trkpt lat="51.976719014346599578857421875" lon="4.31680150330066680908203125">
        <ele>11.3999996185302734375</ele>
        <time>2025-05-31T14:04:23.000Z</time>
        <extensions>
          <ns3:TrackPointExtension>
            <ns3:hr>143</ns3:hr>
          </ns3:TrackPointExtension>
        </extensions>
      </trkpt>
      <trkpt lat="51.9768995605409145355224609375" lon="4.31658533401787281036376953125">
        <ele>11.6000003814697265625</ele>
        <time>2025-05-31T14:04:29.000Z</time>
        <extensions>
          <ns3:TrackPointExtension>
            <ns3:hr>143</ns3:hr>
          </ns3:TrackPointExtension>
        </extensions>
      </trkpt>
      <trkpt lat="51.97700274176895618438720703125" lon="4.3163798935711383819580078125">
        <ele>11.6000003814697265625</ele>
        <time>2025-05-31T14:04:34.000Z</time>
        <extensions>
          <ns3:TrackPointExtension>
            <ns3:hr>143</ns3:hr>
          </ns3:TrackPointExtension>
        </extensions>
      </trkpt>
      <trkpt lat="51.977023780345916748046875" lon="4.31634712032973766326904296875">
        <ele>11.6000003814697265625</ele>
        <time>2025-05-31T14:04:35.000Z</time>
        <extensions>
          <ns3:TrackPointExtension>
            <ns3:hr>143</ns3:hr>
          </ns3:TrackPointExtension>
        </extensions>
      </trkpt>
      <trkpt lat="51.97706007398664951324462890625" lon="4.3162866868078708648681640625">
        <ele>12</ele>
        <time>2025-05-31T14:04:37.000Z</time>
        <extensions>
          <ns3:TrackPointExtension>
            <ns3:hr>143</ns3:hr>
          </ns3:TrackPointExtension>
        </extensions>
      </trkpt>
      <trkpt lat="51.977080442011356353759765625" lon="4.31628408841788768768310546875">
        <ele>12.19999980926513671875</ele>
        <time>2025-05-31T14:04:38.000Z</time>
        <extensions>
          <ns3:TrackPointExtension>
            <ns3:hr>144</ns3:hr>
          </ns3:TrackPointExtension>
        </extensions>
      </trkpt>
      <trkpt lat="51.9771583937108516693115234375" lon="4.31639305315911769866943359375">
        <ele>12.3999996185302734375</ele>
        <time>2025-05-31T14:04:42.000Z</time>
        <extensions>
          <ns3:TrackPointExtension>
            <ns3:hr>144</ns3:hr>
          </ns3:TrackPointExtension>
        </extensions>
      </trkpt>
      <trkpt lat="51.97733416222035884857177734375" lon="4.31666982360184192657470703125">
        <ele>12.3999996185302734375</ele>
        <time>2025-05-31T14:04:49.000Z</time>
        <extensions>
          <ns3:TrackPointExtension>
            <ns3:hr>145</ns3:hr>
          </ns3:TrackPointExtension>
        </extensions>
      </trkpt>
      <trkpt lat="51.97752543725073337554931640625" lon="4.3169716559350490570068359375">
        <ele>12.3999996185302734375</ele>
        <time>2025-05-31T14:04:56.000Z</time>
        <extensions>
          <ns3:TrackPointExtension>
            <ns3:hr>146</ns3:hr>
          </ns3:TrackPointExtension>
        </extensions>
      </trkpt>
      <trkpt lat="51.977683603763580322265625" lon="4.31727650575339794158935546875">
        <ele>12.3999996185302734375</ele>
        <time>2025-05-31T14:05:02.000Z</time>
        <extensions>
          <ns3:TrackPointExtension>
            <ns3:hr>146</ns3:hr>
          </ns3:TrackPointExtension>
        </extensions>
      </trkpt>
      <trkpt lat="51.97786842472851276397705078125" lon="4.317495189607143402099609375">
        <ele>12.3999996185302734375</ele>
        <time>2025-05-31T14:05:08.000Z</time>
        <extensions>
          <ns3:TrackPointExtension>
            <ns3:hr>147</ns3:hr>
          </ns3:TrackPointExtension>
        </extensions>
      </trkpt>
      <trkpt lat="51.978069841861724853515625" lon="4.31764698587357997894287109375">
        <ele>12.6000003814697265625</ele>
        <time>2025-05-31T14:05:14.000Z</time>
        <extensions>
          <ns3:TrackPointExtension>
            <ns3:hr>146</ns3:hr>
          </ns3:TrackPointExtension>
        </extensions>
      </trkpt>
      <trkpt lat="51.978132538497447967529296875" lon="4.31775259785354137420654296875">
        <ele>12.3999996185302734375</ele>
        <time>2025-05-31T14:05:18.000Z</time>
        <extensions>
          <ns3:TrackPointExtension>
            <ns3:hr>145</ns3:hr>
          </ns3:TrackPointExtension>
        </extensions>
      </trkpt>
      <trkpt lat="51.97815927676856517791748046875" lon="4.31778025813400745391845703125">
        <ele>12.3999996185302734375</ele>
        <time>2025-05-31T14:05:24.000Z</time>
        <extensions>
          <ns3:TrackPointExtension>
            <ns3:hr>144</ns3:hr>
          </ns3:TrackPointExtension>
        </extensions>
      </trkpt>
      <trkpt lat="51.97816715575754642486572265625" lon="4.3177870474755764007568359375">
        <ele>12.3999996185302734375</ele>
        <time>2025-05-31T14:05:25.000Z</time>
        <extensions>
          <ns3:TrackPointExtension>
            <ns3:hr>144</ns3:hr>
          </ns3:TrackPointExtension>
        </extensions>
      </trkpt>
      <trkpt lat="51.97822901420295238494873046875" lon="4.31781043298542499542236328125">
        <ele>12.19999980926513671875</ele>
        <time>2025-05-31T14:05:31.000Z</time>
        <extensions>
          <ns3:TrackPointExtension>
            <ns3:hr>145</ns3:hr>
          </ns3:TrackPointExtension>
        </extensions>
      </trkpt>
      <trkpt lat="51.97824108414351940155029296875" lon="4.3178276158869266510009765625">
        <ele>12.19999980926513671875</ele>
        <time>2025-05-31T14:05:32.000Z</time>
        <extensions>
          <ns3:TrackPointExtension>
            <ns3:hr>144</ns3:hr>
          </ns3:TrackPointExtension>
        </extensions>
      </trkpt>
      <trkpt lat="51.9782803952693939208984375" lon="4.317868687212467193603515625">
        <ele>12.3999996185302734375</ele>
        <time>2025-05-31T14:05:34.000Z</time>
        <extensions>
          <ns3:TrackPointExtension>
            <ns3:hr>147</ns3:hr>
          </ns3:TrackPointExtension>
        </extensions>
      </trkpt>
      <trkpt lat="51.9783486239612102508544921875" lon="4.3179367482662200927734375">
        <ele>12.6000003814697265625</ele>
        <time>2025-05-31T14:05:37.000Z</time>
        <extensions>
          <ns3:TrackPointExtension>
            <ns3:hr>143</ns3:hr>
          </ns3:TrackPointExtension>
        </extensions>
      </trkpt>
      <trkpt lat="51.978372596204280853271484375" lon="4.317965917289257049560546875">
        <ele>12.6000003814697265625</ele>
        <time>2025-05-31T14:05:38.000Z</time>
        <extensions>
          <ns3:TrackPointExtension>
            <ns3:hr>143</ns3:hr>
          </ns3:TrackPointExtension>
        </extensions>
      </trkpt>
      <trkpt lat="51.97839916683733463287353515625" lon="4.31800019927322864532470703125">
        <ele>12.6000003814697265625</ele>
        <time>2025-05-31T14:05:39.000Z</time>
        <extensions>
          <ns3:TrackPointExtension>
            <ns3:hr>143</ns3:hr>
          </ns3:TrackPointExtension>
        </extensions>
      </trkpt>
      <trkpt lat="51.97853813879191875457763671875" lon="4.3181592039763927459716796875">
        <ele>12.6000003814697265625</ele>
        <time>2025-05-31T14:05:44.000Z</time>
        <extensions>
          <ns3:TrackPointExtension>
            <ns3:hr>144</ns3:hr>
          </ns3:TrackPointExtension>
        </extensions>
      </trkpt>
      <trkpt lat="51.97866135276854038238525390625" lon="4.3182959966361522674560546875">
        <ele>12.6000003814697265625</ele>
        <time>2025-05-31T14:05:48.000Z</time>
        <extensions>
          <ns3:TrackPointExtension>
            <ns3:hr>147</ns3:hr>
          </ns3:TrackPointExtension>
        </extensions>
      </trkpt>
      <trkpt lat="51.97887383401393890380859375" lon="4.318472184240818023681640625">
        <ele>12.3999996185302734375</ele>
        <time>2025-05-31T14:05:54.000Z</time>
        <extensions>
          <ns3:TrackPointExtension>
            <ns3:hr>147</ns3:hr>
          </ns3:TrackPointExtension>
        </extensions>
      </trkpt>
      <trkpt lat="51.9791040010750293731689453125" lon="4.31850780732929706573486328125">
        <ele>12.3999996185302734375</ele>
        <time>2025-05-31T14:06:00.000Z</time>
        <extensions>
          <ns3:TrackPointExtension>
            <ns3:hr>146</ns3:hr>
          </ns3:TrackPointExtension>
        </extensions>
      </trkpt>
      <trkpt lat="51.97943969629704952239990234375" lon="4.31847796775400638580322265625">
        <ele>12.3999996185302734375</ele>
        <time>2025-05-31T14:06:09.000Z</time>
        <extensions>
          <ns3:TrackPointExtension>
            <ns3:hr>144</ns3:hr>
          </ns3:TrackPointExtension>
        </extensions>
      </trkpt>
      <trkpt lat="51.97968520224094390869140625" lon="4.318344108760356903076171875">
        <ele>12.3999996185302734375</ele>
        <time>2025-05-31T14:06:16.000Z</time>
        <extensions>
          <ns3:TrackPointExtension>
            <ns3:hr>145</ns3:hr>
          </ns3:TrackPointExtension>
        </extensions>
      </trkpt>
      <trkpt lat="51.979950405657291412353515625" lon="4.31807312183082103729248046875">
        <ele>12.3999996185302734375</ele>
        <time>2025-05-31T14:06:24.000Z</time>
        <extensions>
          <ns3:TrackPointExtension>
            <ns3:hr>142</ns3:hr>
          </ns3:TrackPointExtension>
        </extensions>
      </trkpt>
      <trkpt lat="51.97997898794710636138916015625" lon="4.31803397834300994873046875">
        <ele>12.19999980926513671875</ele>
        <time>2025-05-31T14:06:25.000Z</time>
        <extensions>
          <ns3:TrackPointExtension>
            <ns3:hr>141</ns3:hr>
          </ns3:TrackPointExtension>
        </extensions>
      </trkpt>
      <trkpt lat="51.9801658205687999725341796875" lon="4.3177468143403530120849609375">
        <ele>12.6000003814697265625</ele>
        <time>2025-05-31T14:06:33.000Z</time>
        <extensions>
          <ns3:TrackPointExtension>
            <ns3:hr>139</ns3:hr>
          </ns3:TrackPointExtension>
        </extensions>
      </trkpt>
      <trkpt lat="51.980193145573139190673828125" lon="4.31765176355838775634765625">
        <ele>12.6000003814697265625</ele>
        <time>2025-05-31T14:06:36.000Z</time>
        <extensions>
          <ns3:TrackPointExtension>
            <ns3:hr>137</ns3:hr>
          </ns3:TrackPointExtension>
        </extensions>
      </trkpt>
      <trkpt lat="51.9801874458789825439453125" lon="4.31761748157441616058349609375">
        <ele>12.80000019073486328125</ele>
        <time>2025-05-31T14:06:37.000Z</time>
        <extensions>
          <ns3:TrackPointExtension>
            <ns3:hr>137</ns3:hr>
          </ns3:TrackPointExtension>
        </extensions>
      </trkpt>
      <trkpt lat="51.980082504451274871826171875" lon="4.31741044856607913970947265625">
        <ele>13.19999980926513671875</ele>
        <time>2025-05-31T14:06:44.000Z</time>
        <extensions>
          <ns3:TrackPointExtension>
            <ns3:hr>139</ns3:hr>
          </ns3:TrackPointExtension>
        </extensions>
      </trkpt>
      <trkpt lat="51.9800347276031970977783203125" lon="4.31737809441983699798583984375">
        <ele>13</ele>
        <time>2025-05-31T14:06:46.000Z</time>
        <extensions>
          <ns3:TrackPointExtension>
            <ns3:hr>141</ns3:hr>
          </ns3:TrackPointExtension>
        </extensions>
      </trkpt>
      <trkpt lat="51.97997110895812511444091796875" lon="4.31741036474704742431640625">
        <ele>12.80000019073486328125</ele>
        <time>2025-05-31T14:06:48.000Z</time>
        <extensions>
          <ns3:TrackPointExtension>
            <ns3:hr>142</ns3:hr>
          </ns3:TrackPointExtension>
        </extensions>
      </trkpt>
      <trkpt lat="51.97975183837115764617919921875" lon="4.317645728588104248046875">
        <ele>12.3999996185302734375</ele>
        <time>2025-05-31T14:06:55.000Z</time>
        <extensions>
          <ns3:TrackPointExtension>
            <ns3:hr>137</ns3:hr>
          </ns3:TrackPointExtension>
        </extensions>
      </trkpt>
      <trkpt lat="51.9797185622155666351318359375" lon="4.31768151931464672088623046875">
        <ele>12.19999980926513671875</ele>
        <time>2025-05-31T14:06:56.000Z</time>
        <extensions>
          <ns3:TrackPointExtension>
            <ns3:hr>136</ns3:hr>
          </ns3:TrackPointExtension>
        </extensions>
      </trkpt>
      <trkpt lat="51.97961471043527126312255859375" lon="4.317769445478916168212890625">
        <ele>12.19999980926513671875</ele>
        <time>2025-05-31T14:06:59.000Z</time>
        <extensions>
          <ns3:TrackPointExtension>
            <ns3:hr>133</ns3:hr>
          </ns3:TrackPointExtension>
        </extensions>
      </trkpt>
      <trkpt lat="51.97955737821757793426513671875" lon="4.31783021427690982818603515625">
        <ele>12.19999980926513671875</ele>
        <time>2025-05-31T14:07:01.000Z</time>
        <extensions>
          <ns3:TrackPointExtension>
            <ns3:hr>133</ns3:hr>
          </ns3:TrackPointExtension>
        </extensions>
      </trkpt>
      <trkpt lat="51.9794069230556488037109375" lon="4.31796566583216190338134765625">
        <ele>12.19999980926513671875</ele>
        <time>2025-05-31T14:07:06.000Z</time>
        <extensions>
          <ns3:TrackPointExtension>
            <ns3:hr>132</ns3:hr>
          </ns3:TrackPointExtension>
        </extensions>
      </trkpt>
      <trkpt lat="51.9793162308633327484130859375" lon="4.3180435337126255035400390625">
        <ele>12.19999980926513671875</ele>
        <time>2025-05-31T14:07:09.000Z</time>
        <extensions>
          <ns3:TrackPointExtension>
            <ns3:hr>129</ns3:hr>
          </ns3:TrackPointExtension>
        </extensions>
      </trkpt>
      <trkpt lat="51.97922579012811183929443359375" lon="4.318086616694927215576171875">
        <ele>12</ele>
        <time>2025-05-31T14:07:12.000Z</time>
        <extensions>
          <ns3:TrackPointExtension>
            <ns3:hr>127</ns3:hr>
          </ns3:TrackPointExtension>
        </extensions>
      </trkpt>
      <trkpt lat="51.97913660667836666107177734375" lon="4.3181095831096172332763671875">
        <ele>12</ele>
        <time>2025-05-31T14:07:15.000Z</time>
        <extensions>
          <ns3:TrackPointExtension>
            <ns3:hr>130</ns3:hr>
          </ns3:TrackPointExtension>
        </extensions>
      </trkpt>
      <trkpt lat="51.979057900607585906982421875" lon="4.31806423701345920562744140625">
        <ele>12.19999980926513671875</ele>
        <time>2025-05-31T14:07:18.000Z</time>
        <extensions>
          <ns3:TrackPointExtension>
            <ns3:hr>132</ns3:hr>
          </ns3:TrackPointExtension>
        </extensions>
      </trkpt>
      <trkpt lat="51.9790394604206085205078125" lon="4.3180291168391704559326171875">
        <ele>12.19999980926513671875</ele>
        <time>2025-05-31T14:07:19.000Z</time>
        <extensions>
          <ns3:TrackPointExtension>
            <ns3:hr>132</ns3:hr>
          </ns3:TrackPointExtension>
        </extensions>
      </trkpt>
      <trkpt lat="51.9790233671665191650390625" lon="4.31786173023283481597900390625">
        <ele>12</ele>
        <time>2025-05-31T14:07:22.000Z</time>
        <extensions>
          <ns3:TrackPointExtension>
            <ns3:hr>131</ns3:hr>
          </ns3:TrackPointExtension>
        </extensions>
      </trkpt>
      <trkpt lat="51.979043148458003997802734375" lon="4.317726530134677886962890625">
        <ele>11.6000003814697265625</ele>
        <time>2025-05-31T14:07:24.000Z</time>
        <extensions>
          <ns3:TrackPointExtension>
            <ns3:hr>131</ns3:hr>
          </ns3:TrackPointExtension>
        </extensions>
      </trkpt>
      <trkpt lat="51.979072652757167816162109375" lon="4.31758965365588665008544921875">
        <ele>11.3999996185302734375</ele>
        <time>2025-05-31T14:07:26.000Z</time>
        <extensions>
          <ns3:TrackPointExtension>
            <ns3:hr>131</ns3:hr>
          </ns3:TrackPointExtension>
        </extensions>
      </trkpt>
      <trkpt lat="51.9790812022984027862548828125" lon="4.317518658936023712158203125">
        <ele>11.3999996185302734375</ele>
        <time>2025-05-31T14:07:27.000Z</time>
        <extensions>
          <ns3:TrackPointExtension>
            <ns3:hr>132</ns3:hr>
          </ns3:TrackPointExtension>
        </extensions>
      </trkpt>
      <trkpt lat="51.97909176349639892578125" lon="4.3173813633620738983154296875">
        <ele>11.19999980926513671875</ele>
        <time>2025-05-31T14:07:29.000Z</time>
        <extensions>
          <ns3:TrackPointExtension>
            <ns3:hr>133</ns3:hr>
          </ns3:TrackPointExtension>
        </extensions>
      </trkpt>
      <trkpt lat="51.97907525114715099334716796875" lon="4.3172023259103298187255859375">
        <ele>11</ele>
        <time>2025-05-31T14:07:32.000Z</time>
        <extensions>
          <ns3:TrackPointExtension>
            <ns3:hr>134</ns3:hr>
          </ns3:TrackPointExtension>
        </extensions>
      </trkpt>
      <trkpt lat="51.979043483734130859375" lon="4.3168745934963226318359375">
        <ele>11</ele>
        <time>2025-05-31T14:07:38.000Z</time>
        <extensions>
          <ns3:TrackPointExtension>
            <ns3:hr>132</ns3:hr>
          </ns3:TrackPointExtension>
        </extensions>
      </trkpt>
      <trkpt lat="51.97901196777820587158203125" lon="4.31665440090000629425048828125">
        <ele>11.19999980926513671875</ele>
        <time>2025-05-31T14:07:42.000Z</time>
        <extensions>
          <ns3:TrackPointExtension>
            <ns3:hr>130</ns3:hr>
          </ns3:TrackPointExtension>
        </extensions>
      </trkpt>
      <trkpt lat="51.9789517857134342193603515625" lon="4.31606498546898365020751953125">
        <ele>11.6000003814697265625</ele>
        <time>2025-05-31T14:07:52.000Z</time>
        <extensions>
          <ns3:TrackPointExtension>
            <ns3:hr>132</ns3:hr>
          </ns3:TrackPointExtension>
        </extensions>
      </trkpt>
      <trkpt lat="51.97891599498689174652099609375" lon="4.31562091223895549774169921875">
        <ele>11.3999996185302734375</ele>
        <time>2025-05-31T14:07:59.000Z</time>
        <extensions>
          <ns3:TrackPointExtension>
            <ns3:hr>134</ns3:hr>
          </ns3:TrackPointExtension>
        </extensions>
      </trkpt>
      <trkpt lat="51.9789246283471584320068359375" lon="4.31533559225499629974365234375">
        <ele>11.6000003814697265625</ele>
        <time>2025-05-31T14:08:04.000Z</time>
        <extensions>
          <ns3:TrackPointExtension>
            <ns3:hr>134</ns3:hr>
          </ns3:TrackPointExtension>
        </extensions>
      </trkpt>
      <trkpt lat="51.97888297028839588165283203125" lon="4.31487425230443477630615234375">
        <ele>11.3999996185302734375</ele>
        <time>2025-05-31T14:08:12.000Z</time>
        <extensions>
          <ns3:TrackPointExtension>
            <ns3:hr>136</ns3:hr>
          </ns3:TrackPointExtension>
        </extensions>
      </trkpt>
      <trkpt lat="51.97885011322796344757080078125" lon="4.3146599270403385162353515625">
        <ele>11.19999980926513671875</ele>
        <time>2025-05-31T14:08:17.000Z</time>
        <extensions>
          <ns3:TrackPointExtension>
            <ns3:hr>136</ns3:hr>
          </ns3:TrackPointExtension>
        </extensions>
      </trkpt>
      <trkpt lat="51.97882714681327342987060546875" lon="4.314609132707118988037109375">
        <ele>11.3999996185302734375</ele>
        <time>2025-05-31T14:08:20.000Z</time>
        <extensions>
          <ns3:TrackPointExtension>
            <ns3:hr>135</ns3:hr>
          </ns3:TrackPointExtension>
        </extensions>
      </trkpt>
      <trkpt lat="51.9788263924419879913330078125" lon="4.31456915102899074554443359375">
        <ele>11.3999996185302734375</ele>
        <time>2025-05-31T14:08:22.000Z</time>
        <extensions>
          <ns3:TrackPointExtension>
            <ns3:hr>134</ns3:hr>
          </ns3:TrackPointExtension>
        </extensions>
      </trkpt>
      <trkpt lat="51.97877819649875164031982421875" lon="4.3144627846777439117431640625">
        <ele>11.6000003814697265625</ele>
        <time>2025-05-31T14:08:26.000Z</time>
        <extensions>
          <ns3:TrackPointExtension>
            <ns3:hr>131</ns3:hr>
          </ns3:TrackPointExtension>
        </extensions>
      </trkpt>
      <trkpt lat="51.978768222033977508544921875" lon="4.31444878689944744110107421875">
        <ele>11.6000003814697265625</ele>
        <time>2025-05-31T14:08:27.000Z</time>
        <extensions>
          <ns3:TrackPointExtension>
            <ns3:hr>130</ns3:hr>
          </ns3:TrackPointExtension>
        </extensions>
      </trkpt>
      <trkpt lat="51.97875623591244220733642578125" lon="4.3144512176513671875">
        <ele>11.6000003814697265625</ele>
        <time>2025-05-31T14:08:28.000Z</time>
        <extensions>
          <ns3:TrackPointExtension>
            <ns3:hr>128</ns3:hr>
          </ns3:TrackPointExtension>
        </extensions>
      </trkpt>
      <trkpt lat="51.97861944325268268585205078125" lon="4.3144949711859226226806640625">
        <ele>11.6000003814697265625</ele>
        <time>2025-05-31T14:08:34.000Z</time>
        <extensions>
          <ns3:TrackPointExtension>
            <ns3:hr>125</ns3:hr>
          </ns3:TrackPointExtension>
        </extensions>
      </trkpt>
      <trkpt lat="51.9786067865788936614990234375" lon="4.31447812356054782867431640625">
        <ele>11.6000003814697265625</ele>
        <time>2025-05-31T14:08:35.000Z</time>
        <extensions>
          <ns3:TrackPointExtension>
            <ns3:hr>125</ns3:hr>
          </ns3:TrackPointExtension>
        </extensions>
      </trkpt>
      <trkpt lat="51.97859832085669040679931640625" lon="4.3144552409648895263671875">
        <ele>11.6000003814697265625</ele>
        <time>2025-05-31T14:08:36.000Z</time>
        <extensions>
          <ns3:TrackPointExtension>
            <ns3:hr>124</ns3:hr>
          </ns3:TrackPointExtension>
        </extensions>
      </trkpt>
      <trkpt lat="51.978597231209278106689453125" lon="4.3144259043037891387939453125">
        <ele>11.6000003814697265625</ele>
        <time>2025-05-31T14:08:39.000Z</time>
        <extensions>
          <ns3:TrackPointExtension>
            <ns3:hr>125</ns3:hr>
          </ns3:TrackPointExtension>
        </extensions>
      </trkpt>
      <trkpt lat="51.9786074571311473846435546875" lon="4.31441576220095157623291015625">
        <ele>11.3999996185302734375</ele>
        <time>2025-05-31T14:08:42.000Z</time>
        <extensions>
          <ns3:TrackPointExtension>
            <ns3:hr>128</ns3:hr>
          </ns3:TrackPointExtension>
        </extensions>
      </trkpt>
      <trkpt lat="51.97862598113715648651123046875" lon="4.3144042789936065673828125">
        <ele>11.3999996185302734375</ele>
        <time>2025-05-31T14:08:44.000Z</time>
        <extensions>
          <ns3:TrackPointExtension>
            <ns3:hr>131</ns3:hr>
          </ns3:TrackPointExtension>
        </extensions>
      </trkpt>
      <trkpt lat="51.97863989509642124176025390625" lon="4.31438826955854892730712890625">
        <ele>11.3999996185302734375</ele>
        <time>2025-05-31T14:08:51.000Z</time>
        <extensions>
          <ns3:TrackPointExtension>
            <ns3:hr>134</ns3:hr>
          </ns3:TrackPointExtension>
        </extensions>
      </trkpt>
      <trkpt lat="51.97863989509642124176025390625" lon="4.31438826955854892730712890625">
        <ele>11.3999996185302734375</ele>
        <time>2025-05-31T14:08:57.000Z</time>
        <extensions>
          <ns3:TrackPointExtension>
            <ns3:hr>136</ns3:hr>
          </ns3:TrackPointExtension>
        </extensions>
      </trkpt>
      <trkpt lat="51.97864090092480182647705078125" lon="4.31438910774886608123779296875">
        <ele>11.3999996185302734375</ele>
        <time>2025-05-31T14:09:01.000Z</time>
        <extensions>
          <ns3:TrackPointExtension>
            <ns3:hr>139</ns3:hr>
          </ns3:TrackPointExtension>
        </extensions>
      </trkpt>
      <trkpt lat="51.9786429964005947113037109375" lon="4.31439581327140331268310546875">
        <ele>11.3999996185302734375</ele>
        <time>2025-05-31T14:09:02.000Z</time>
        <extensions>
          <ns3:TrackPointExtension>
            <ns3:hr>139</ns3:hr>
          </ns3:TrackPointExtension>
        </extensions>
      </trkpt>
      <trkpt lat="51.9786470197141170501708984375" lon="4.31439598090946674346923828125">
        <ele>11.3999996185302734375</ele>
        <time>2025-05-31T14:09:04.000Z</time>
        <extensions>
          <ns3:TrackPointExtension>
            <ns3:hr>140</ns3:hr>
          </ns3:TrackPointExtension>
        </extensions>
      </trkpt>
      <trkpt lat="51.97865255177021026611328125" lon="4.31439899839460849761962890625">
        <ele>11.6000003814697265625</ele>
        <time>2025-05-31T14:09:16.000Z</time>
        <extensions>
          <ns3:TrackPointExtension>
            <ns3:hr>142</ns3:hr>
          </ns3:TrackPointExtension>
        </extensions>
      </trkpt>
      <trkpt lat="51.9786590896546840667724609375" lon="4.31439832784235477447509765625">
        <ele>11.6000003814697265625</ele>
        <time>2025-05-31T14:09:18.000Z</time>
        <extensions>
          <ns3:TrackPointExtension>
            <ns3:hr>142</ns3:hr>
          </ns3:TrackPointExtension>
        </extensions>
      </trkpt>
    </trkseg>
  </trk>
</gpx>
