<?xml version="1.0" encoding="UTF-8"?>
<gpx creator="Garmin Connect" version="1.1"
  xsi:schemaLocation="http://www.topografix.com/GPX/1/1 http://www.topografix.com/GPX/11.xsd"
  xmlns:ns3="http://www.garmin.com/xmlschemas/TrackPointExtension/v1"
  xmlns="http://www.topografix.com/GPX/1/1"
  xmlns:xsi="http://www.w3.org/2001/XMLSchema-instance" xmlns:ns2="http://www.garmin.com/xmlschemas/GpxExtensions/v3">
  <metadata>
    <link href="connect.garmin.com">
      <text>Garmin Connect</text>
    </link>
    <time>2024-05-23T16:58:39.000Z</time>
  </metadata>
  <trk>
    <name>Montreal Cycling</name>
    <type>cycling</type>
    <trkseg>
      <trkpt lat="45.4289403744041919708251953125" lon="-73.68817739188671112060546875">
        <ele>28.200000762939453125</ele>
        <time>2024-05-23T16:58:52.000Z</time>
        <extensions>
          <ns3:TrackPointExtension>
            <ns3:hr>123</ns3:hr>
          </ns3:TrackPointExtension>
        </extensions>
      </trkpt>
      <trkpt lat="45.42894347570836544036865234375" lon="-73.688170351088047027587890625">
        <ele>28.200000762939453125</ele>
        <time>2024-05-23T16:58:55.000Z</time>
        <extensions>
          <ns3:TrackPointExtension>
            <ns3:hr>126</ns3:hr>
          </ns3:TrackPointExtension>
        </extensions>
      </trkpt>
      <trkpt lat="45.4289443977177143096923828125" lon="-73.688171021640300750732421875">
        <ele>28.200000762939453125</ele>
        <time>2024-05-23T16:58:57.000Z</time>
        <extensions>
          <ns3:TrackPointExtension>
            <ns3:hr>122</ns3:hr>
          </ns3:TrackPointExtension>
        </extensions>
      </trkpt>
      <trkpt lat="45.42894263751804828643798828125" lon="-73.68817613460123538970947265625">
        <ele>28</ele>
        <time>2024-05-23T16:58:59.000Z</time>
        <extensions>
          <ns3:TrackPointExtension>
            <ns3:hr>120</ns3:hr>
          </ns3:TrackPointExtension>
        </extensions>
      </trkpt>
      <trkpt lat="45.42894464917480945587158203125" lon="-73.6881728656589984893798828125">
        <ele>28.799999237060546875</ele>
        <time>2024-05-23T16:59:02.000Z</time>
        <extensions>
          <ns3:TrackPointExtension>
            <ns3:hr>122</ns3:hr>
          </ns3:TrackPointExtension>
        </extensions>
      </trkpt>
      <trkpt lat="45.42893241159617900848388671875" lon="-73.688148222863674163818359375">
        <ele>28.799999237060546875</ele>
        <time>2024-05-23T16:59:12.000Z</time>
        <extensions>
          <ns3:TrackPointExtension>
            <ns3:hr>121</ns3:hr>
          </ns3:TrackPointExtension>
        </extensions>
      </trkpt>
      <trkpt lat="45.4289098642766475677490234375" lon="-73.68811226449906826019287109375">
        <ele>28.799999237060546875</ele>
        <time>2024-05-23T16:59:16.000Z</time>
        <extensions>
          <ns3:TrackPointExtension>
            <ns3:hr>121</ns3:hr>
          </ns3:TrackPointExtension>
        </extensions>
      </trkpt>
      <trkpt lat="45.42888731695711612701416015625" lon="-73.688079826533794403076171875">
        <ele>28.799999237060546875</ele>
        <time>2024-05-23T16:59:18.000Z</time>
        <extensions>
          <ns3:TrackPointExtension>
            <ns3:hr>119</ns3:hr>
          </ns3:TrackPointExtension>
        </extensions>
      </trkpt>
      <trkpt lat="45.4288409650325775146484375" lon="-73.68803481571376323699951171875">
        <ele>28.799999237060546875</ele>
        <time>2024-05-23T16:59:21.000Z</time>
        <extensions>
          <ns3:TrackPointExtension>
            <ns3:hr>122</ns3:hr>
          </ns3:TrackPointExtension>
        </extensions>
      </trkpt>
      <trkpt lat="45.42880131863057613372802734375" lon="-73.68796658702194690704345703125">
        <ele>28.6000003814697265625</ele>
        <time>2024-05-23T16:59:24.000Z</time>
        <extensions>
          <ns3:TrackPointExtension>
            <ns3:hr>122</ns3:hr>
          </ns3:TrackPointExtension>
        </extensions>
      </trkpt>
      <trkpt lat="45.4287254624068737030029296875" lon="-73.68769719265401363372802734375">
        <ele>28.799999237060546875</ele>
        <time>2024-05-23T16:59:33.000Z</time>
        <extensions>
          <ns3:TrackPointExtension>
            <ns3:hr>124</ns3:hr>
          </ns3:TrackPointExtension>
        </extensions>
      </trkpt>
      <trkpt lat="45.42870811186730861663818359375" lon="-73.687594346702098846435546875">
        <ele>28.799999237060546875</ele>
        <time>2024-05-23T16:59:36.000Z</time>
        <extensions>
          <ns3:TrackPointExtension>
            <ns3:hr>128</ns3:hr>
          </ns3:TrackPointExtension>
        </extensions>
      </trkpt>
      <trkpt lat="45.4286352731287479400634765625" lon="-73.68731413967907428741455078125">
        <ele>29</ele>
        <time>2024-05-23T16:59:43.000Z</time>
        <extensions>
          <ns3:TrackPointExtension>
            <ns3:hr>130</ns3:hr>
          </ns3:TrackPointExtension>
        </extensions>
      </trkpt>
      <trkpt lat="45.4285615123808383941650390625" lon="-73.68697551079094409942626953125">
        <ele>28.799999237060546875</ele>
        <time>2024-05-23T16:59:51.000Z</time>
        <extensions>
          <ns3:TrackPointExtension>
            <ns3:hr>132</ns3:hr>
          </ns3:TrackPointExtension>
        </extensions>
      </trkpt>
      <trkpt lat="45.428523123264312744140625" lon="-73.68658072315156459808349609375">
        <ele>29</ele>
        <time>2024-05-23T16:59:59.000Z</time>
        <extensions>
          <ns3:TrackPointExtension>
            <ns3:hr>133</ns3:hr>
          </ns3:TrackPointExtension>
        </extensions>
      </trkpt>
      <trkpt lat="45.42851080186665058135986328125" lon="-73.6863818205893039703369140625">
        <ele>28.799999237060546875</ele>
        <time>2024-05-23T17:00:03.000Z</time>
        <extensions>
          <ns3:TrackPointExtension>
            <ns3:hr>136</ns3:hr>
          </ns3:TrackPointExtension>
        </extensions>
      </trkpt>
      <trkpt lat="45.42850225232541561126708984375" lon="-73.68619389832019805908203125">
        <ele>28.6000003814697265625</ele>
        <time>2024-05-23T17:00:07.000Z</time>
        <extensions>
          <ns3:TrackPointExtension>
            <ns3:hr>139</ns3:hr>
          </ns3:TrackPointExtension>
        </extensions>
      </trkpt>
      <trkpt lat="45.4284989833831787109375" lon="-73.68610010482370853424072265625">
        <ele>28.3999996185302734375</ele>
        <time>2024-05-23T17:00:09.000Z</time>
        <extensions>
          <ns3:TrackPointExtension>
            <ns3:hr>137</ns3:hr>
          </ns3:TrackPointExtension>
        </extensions>
      </trkpt>
      <trkpt lat="45.4284538887441158294677734375" lon="-73.68560037575662136077880859375">
        <ele>29</ele>
        <time>2024-05-23T17:00:19.000Z</time>
        <extensions>
          <ns3:TrackPointExtension>
            <ns3:hr>140</ns3:hr>
          </ns3:TrackPointExtension>
        </extensions>
      </trkpt>
      <trkpt lat="45.42845539748668670654296875" lon="-73.6853277124464511871337890625">
        <ele>28.3999996185302734375</ele>
        <time>2024-05-23T17:00:24.000Z</time>
        <extensions>
          <ns3:TrackPointExtension>
            <ns3:hr>137</ns3:hr>
          </ns3:TrackPointExtension>
        </extensions>
      </trkpt>
      <trkpt lat="45.4284532181918621063232421875" lon="-73.68527180515229701995849609375">
        <ele>28.3999996185302734375</ele>
        <time>2024-05-23T17:00:25.000Z</time>
        <extensions>
          <ns3:TrackPointExtension>
            <ns3:hr>136</ns3:hr>
          </ns3:TrackPointExtension>
        </extensions>
      </trkpt>
      <trkpt lat="45.428450368344783782958984375" lon="-73.6850460804998874664306640625">
        <ele>28.3999996185302734375</ele>
        <time>2024-05-23T17:00:29.000Z</time>
        <extensions>
          <ns3:TrackPointExtension>
            <ns3:hr>133</ns3:hr>
          </ns3:TrackPointExtension>
        </extensions>
      </trkpt>
      <trkpt lat="45.42844240553677082061767578125" lon="-73.6848150752484798431396484375">
        <ele>28.3999996185302734375</ele>
        <time>2024-05-23T17:00:33.000Z</time>
        <extensions>
          <ns3:TrackPointExtension>
            <ns3:hr>133</ns3:hr>
          </ns3:TrackPointExtension>
        </extensions>
      </trkpt>
      <trkpt lat="45.4284274019300937652587890625" lon="-73.6843503825366497039794921875">
        <ele>28.6000003814697265625</ele>
        <time>2024-05-23T17:00:41.000Z</time>
        <extensions>
          <ns3:TrackPointExtension>
            <ns3:hr>134</ns3:hr>
          </ns3:TrackPointExtension>
        </extensions>
      </trkpt>
      <trkpt lat="45.42840569280087947845458984375" lon="-73.68370858021080493927001953125">
        <ele>28.799999237060546875</ele>
        <time>2024-05-23T17:00:52.000Z</time>
        <extensions>
          <ns3:TrackPointExtension>
            <ns3:hr>135</ns3:hr>
          </ns3:TrackPointExtension>
        </extensions>
      </trkpt>
      <trkpt lat="45.42838306166231632232666015625" lon="-73.68315227329730987548828125">
        <ele>28.6000003814697265625</ele>
        <time>2024-05-23T17:01:01.000Z</time>
        <extensions>
          <ns3:TrackPointExtension>
            <ns3:hr>133</ns3:hr>
          </ns3:TrackPointExtension>
        </extensions>
      </trkpt>
      <trkpt lat="45.42838591150939464569091796875" lon="-73.683088235557079315185546875">
        <ele>28.6000003814697265625</ele>
        <time>2024-05-23T17:01:02.000Z</time>
        <extensions>
          <ns3:TrackPointExtension>
            <ns3:hr>134</ns3:hr>
          </ns3:TrackPointExtension>
        </extensions>
      </trkpt>
      <trkpt lat="45.42836026288568973541259765625" lon="-73.6827641911804676055908203125">
        <ele>28.799999237060546875</ele>
        <time>2024-05-23T17:01:07.000Z</time>
        <extensions>
          <ns3:TrackPointExtension>
            <ns3:hr>135</ns3:hr>
          </ns3:TrackPointExtension>
        </extensions>
      </trkpt>
      <trkpt lat="45.42833268642425537109375" lon="-73.68227929808199405670166015625">
        <ele>28.799999237060546875</ele>
        <time>2024-05-23T17:01:15.000Z</time>
        <extensions>
          <ns3:TrackPointExtension>
            <ns3:hr>137</ns3:hr>
          </ns3:TrackPointExtension>
        </extensions>
      </trkpt>
      <trkpt lat="45.42829069308936595916748046875" lon="-73.68176682852208614349365234375">
        <ele>29.200000762939453125</ele>
        <time>2024-05-23T17:01:24.000Z</time>
        <extensions>
          <ns3:TrackPointExtension>
            <ns3:hr>138</ns3:hr>
          </ns3:TrackPointExtension>
        </extensions>
      </trkpt>
      <trkpt lat="45.4282510466873645782470703125" lon="-73.68132761679589748382568359375">
        <ele>28.799999237060546875</ele>
        <time>2024-05-23T17:01:32.000Z</time>
        <extensions>
          <ns3:TrackPointExtension>
            <ns3:hr>141</ns3:hr>
          </ns3:TrackPointExtension>
        </extensions>
      </trkpt>
      <trkpt lat="45.42821693234145641326904296875" lon="-73.6809372715651988983154296875">
        <ele>28.6000003814697265625</ele>
        <time>2024-05-23T17:01:40.000Z</time>
        <extensions>
          <ns3:TrackPointExtension>
            <ns3:hr>140</ns3:hr>
          </ns3:TrackPointExtension>
        </extensions>
      </trkpt>
      <trkpt lat="45.428163371980190277099609375" lon="-73.68033327162265777587890625">
        <ele>28.6000003814697265625</ele>
        <time>2024-05-23T17:01:51.000Z</time>
        <extensions>
          <ns3:TrackPointExtension>
            <ns3:hr>139</ns3:hr>
          </ns3:TrackPointExtension>
        </extensions>
      </trkpt>
      <trkpt lat="45.428151972591876983642578125" lon="-73.68014995940029621124267578125">
        <ele>28.6000003814697265625</ele>
        <time>2024-05-23T17:01:54.000Z</time>
        <extensions>
          <ns3:TrackPointExtension>
            <ns3:hr>142</ns3:hr>
          </ns3:TrackPointExtension>
        </extensions>
      </trkpt>
      <trkpt lat="45.42813646607100963592529296875" lon="-73.6799745261669158935546875">
        <ele>28</ele>
        <time>2024-05-23T17:01:57.000Z</time>
        <extensions>
          <ns3:TrackPointExtension>
            <ns3:hr>140</ns3:hr>
          </ns3:TrackPointExtension>
        </extensions>
      </trkpt>
      <trkpt lat="45.42813177220523357391357421875" lon="-73.67991962470114231109619140625">
        <ele>28</ele>
        <time>2024-05-23T17:01:58.000Z</time>
        <extensions>
          <ns3:TrackPointExtension>
            <ns3:hr>140</ns3:hr>
          </ns3:TrackPointExtension>
        </extensions>
      </trkpt>
      <trkpt lat="45.42812305502593517303466796875" lon="-73.6798067204654216766357421875">
        <ele>28</ele>
        <time>2024-05-23T17:02:00.000Z</time>
        <extensions>
          <ns3:TrackPointExtension>
            <ns3:hr>140</ns3:hr>
          </ns3:TrackPointExtension>
        </extensions>
      </trkpt>
      <trkpt lat="45.4281095601618289947509765625" lon="-73.67955232970416545867919921875">
        <ele>28</ele>
        <time>2024-05-23T17:02:04.000Z</time>
        <extensions>
          <ns3:TrackPointExtension>
            <ns3:hr>140</ns3:hr>
          </ns3:TrackPointExtension>
        </extensions>
      </trkpt>
      <trkpt lat="45.4280679859220981597900390625" lon="-73.679063580930233001708984375">
        <ele>27.799999237060546875</ele>
        <time>2024-05-23T17:02:12.000Z</time>
        <extensions>
          <ns3:TrackPointExtension>
            <ns3:hr>140</ns3:hr>
          </ns3:TrackPointExtension>
        </extensions>
      </trkpt>
      <trkpt lat="45.42806111276149749755859375" lon="-73.6790033988654613494873046875">
        <ele>27.6000003814697265625</ele>
        <time>2024-05-23T17:02:13.000Z</time>
        <extensions>
          <ns3:TrackPointExtension>
            <ns3:hr>140</ns3:hr>
          </ns3:TrackPointExtension>
        </extensions>
      </trkpt>
      <trkpt lat="45.42802867479622364044189453125" lon="-73.6787703819572925567626953125">
        <ele>27.3999996185302734375</ele>
        <time>2024-05-23T17:02:17.000Z</time>
        <extensions>
          <ns3:TrackPointExtension>
            <ns3:hr>141</ns3:hr>
          </ns3:TrackPointExtension>
        </extensions>
      </trkpt>
      <trkpt lat="45.428009144961833953857421875" lon="-73.6785276420414447784423828125">
        <ele>27.6000003814697265625</ele>
        <time>2024-05-23T17:02:21.000Z</time>
        <extensions>
          <ns3:TrackPointExtension>
            <ns3:hr>144</ns3:hr>
          </ns3:TrackPointExtension>
        </extensions>
      </trkpt>
      <trkpt lat="45.42800235562026500701904296875" lon="-73.67846754379570484161376953125">
        <ele>27.6000003814697265625</ele>
        <time>2024-05-23T17:02:22.000Z</time>
        <extensions>
          <ns3:TrackPointExtension>
            <ns3:hr>144</ns3:hr>
          </ns3:TrackPointExtension>
        </extensions>
      </trkpt>
      <trkpt lat="45.427985675632953643798828125" lon="-73.6783516220748424530029296875">
        <ele>27.6000003814697265625</ele>
        <time>2024-05-23T17:02:24.000Z</time>
        <extensions>
          <ns3:TrackPointExtension>
            <ns3:hr>145</ns3:hr>
          </ns3:TrackPointExtension>
        </extensions>
      </trkpt>
      <trkpt lat="45.427966900169849395751953125" lon="-73.67823217995464801788330078125">
        <ele>27.6000003814697265625</ele>
        <time>2024-05-23T17:02:26.000Z</time>
        <extensions>
          <ns3:TrackPointExtension>
            <ns3:hr>145</ns3:hr>
          </ns3:TrackPointExtension>
        </extensions>
      </trkpt>
      <trkpt lat="45.42796262539923191070556640625" lon="-73.67817149497568607330322265625">
        <ele>27.6000003814697265625</ele>
        <time>2024-05-23T17:02:27.000Z</time>
        <extensions>
          <ns3:TrackPointExtension>
            <ns3:hr>145</ns3:hr>
          </ns3:TrackPointExtension>
        </extensions>
      </trkpt>
      <trkpt lat="45.42791870422661304473876953125" lon="-73.67779749445617198944091796875">
        <ele>27.799999237060546875</ele>
        <time>2024-05-23T17:02:33.000Z</time>
        <extensions>
          <ns3:TrackPointExtension>
            <ns3:hr>144</ns3:hr>
          </ns3:TrackPointExtension>
        </extensions>
      </trkpt>
      <trkpt lat="45.42791451327502727508544921875" lon="-73.6777337081730365753173828125">
        <ele>27.799999237060546875</ele>
        <time>2024-05-23T17:02:34.000Z</time>
        <extensions>
          <ns3:TrackPointExtension>
            <ns3:hr>146</ns3:hr>
          </ns3:TrackPointExtension>
        </extensions>
      </trkpt>
      <trkpt lat="45.42785047553479671478271484375" lon="-73.67693365551531314849853515625">
        <ele>27.3999996185302734375</ele>
        <time>2024-05-23T17:02:47.000Z</time>
        <extensions>
          <ns3:TrackPointExtension>
            <ns3:hr>149</ns3:hr>
          </ns3:TrackPointExtension>
        </extensions>
      </trkpt>
      <trkpt lat="45.42784829623997211456298828125" lon="-73.6766903288662433624267578125">
        <ele>27.200000762939453125</ele>
        <time>2024-05-23T17:02:51.000Z</time>
        <extensions>
          <ns3:TrackPointExtension>
            <ns3:hr>147</ns3:hr>
          </ns3:TrackPointExtension>
        </extensions>
      </trkpt>
      <trkpt lat="45.42784653604030609130859375" lon="-73.67652042768895626068115234375">
        <ele>27.200000762939453125</ele>
        <time>2024-05-23T17:02:54.000Z</time>
        <extensions>
          <ns3:TrackPointExtension>
            <ns3:hr>147</ns3:hr>
          </ns3:TrackPointExtension>
        </extensions>
      </trkpt>
      <trkpt lat="45.42783035896718502044677734375" lon="-73.6762678809463977813720703125">
        <ele>27.200000762939453125</ele>
        <time>2024-05-23T17:02:59.000Z</time>
        <extensions>
          <ns3:TrackPointExtension>
            <ns3:hr>146</ns3:hr>
          </ns3:TrackPointExtension>
        </extensions>
      </trkpt>
      <trkpt lat="45.427840165793895721435546875" lon="-73.67618313990533351898193359375">
        <ele>27.200000762939453125</ele>
        <time>2024-05-23T17:03:01.000Z</time>
        <extensions>
          <ns3:TrackPointExtension>
            <ns3:hr>144</ns3:hr>
          </ns3:TrackPointExtension>
        </extensions>
      </trkpt>
      <trkpt lat="45.42789389379322528839111328125" lon="-73.6761344410479068756103515625">
        <ele>27</ele>
        <time>2024-05-23T17:03:03.000Z</time>
        <extensions>
          <ns3:TrackPointExtension>
            <ns3:hr>142</ns3:hr>
          </ns3:TrackPointExtension>
        </extensions>
      </trkpt>
      <trkpt lat="45.428111068904399871826171875" lon="-73.676138631999492645263671875">
        <ele>26.799999237060546875</ele>
        <time>2024-05-23T17:03:08.000Z</time>
        <extensions>
          <ns3:TrackPointExtension>
            <ns3:hr>141</ns3:hr>
          </ns3:TrackPointExtension>
        </extensions>
      </trkpt>
      <trkpt lat="45.42819765396416187286376953125" lon="-73.67615145631134510040283203125">
        <ele>26.799999237060546875</ele>
        <time>2024-05-23T17:03:10.000Z</time>
        <extensions>
          <ns3:TrackPointExtension>
            <ns3:hr>141</ns3:hr>
          </ns3:TrackPointExtension>
        </extensions>
      </trkpt>
      <trkpt lat="45.428279377520084381103515625" lon="-73.67611910216510295867919921875">
        <ele>26.799999237060546875</ele>
        <time>2024-05-23T17:03:12.000Z</time>
        <extensions>
          <ns3:TrackPointExtension>
            <ns3:hr>141</ns3:hr>
          </ns3:TrackPointExtension>
        </extensions>
      </trkpt>
      <trkpt lat="45.4283098876476287841796875" lon="-73.6760811321437358856201171875">
        <ele>26.799999237060546875</ele>
        <time>2024-05-23T17:03:13.000Z</time>
        <extensions>
          <ns3:TrackPointExtension>
            <ns3:hr>141</ns3:hr>
          </ns3:TrackPointExtension>
        </extensions>
      </trkpt>
      <trkpt lat="45.42832891456782817840576171875" lon="-73.676024973392486572265625">
        <ele>27</ele>
        <time>2024-05-23T17:03:14.000Z</time>
        <extensions>
          <ns3:TrackPointExtension>
            <ns3:hr>141</ns3:hr>
          </ns3:TrackPointExtension>
        </extensions>
      </trkpt>
      <trkpt lat="45.42832606472074985504150390625" lon="-73.67588616907596588134765625">
        <ele>27</ele>
        <time>2024-05-23T17:03:16.000Z</time>
        <extensions>
          <ns3:TrackPointExtension>
            <ns3:hr>141</ns3:hr>
          </ns3:TrackPointExtension>
        </extensions>
      </trkpt>
      <trkpt lat="45.42828331701457500457763671875" lon="-73.67548115551471710205078125">
        <ele>27.200000762939453125</ele>
        <time>2024-05-23T17:03:22.000Z</time>
        <extensions>
          <ns3:TrackPointExtension>
            <ns3:hr>142</ns3:hr>
          </ns3:TrackPointExtension>
        </extensions>
      </trkpt>
      <trkpt lat="45.428281389176845550537109375" lon="-73.67528661154210567474365234375">
        <ele>27.200000762939453125</ele>
        <time>2024-05-23T17:03:25.000Z</time>
        <extensions>
          <ns3:TrackPointExtension>
            <ns3:hr>142</ns3:hr>
          </ns3:TrackPointExtension>
        </extensions>
      </trkpt>
      <trkpt lat="45.42827543802559375762939453125" lon="-73.67479040287435054779052734375">
        <ele>27.200000762939453125</ele>
        <time>2024-05-23T17:03:33.000Z</time>
        <extensions>
          <ns3:TrackPointExtension>
            <ns3:hr>141</ns3:hr>
          </ns3:TrackPointExtension>
        </extensions>
      </trkpt>
      <trkpt lat="45.42830343358218669891357421875" lon="-73.67448873817920684814453125">
        <ele>27</ele>
        <time>2024-05-23T17:03:38.000Z</time>
        <extensions>
          <ns3:TrackPointExtension>
            <ns3:hr>138</ns3:hr>
          </ns3:TrackPointExtension>
        </extensions>
      </trkpt>
      <trkpt lat="45.42831131257116794586181640625" lon="-73.67436644621193408966064453125">
        <ele>27</ele>
        <time>2024-05-23T17:03:40.000Z</time>
        <extensions>
          <ns3:TrackPointExtension>
            <ns3:hr>138</ns3:hr>
          </ns3:TrackPointExtension>
        </extensions>
      </trkpt>
      <trkpt lat="45.42832304723560810089111328125" lon="-73.6742465011775493621826171875">
        <ele>26.799999237060546875</ele>
        <time>2024-05-23T17:03:42.000Z</time>
        <extensions>
          <ns3:TrackPointExtension>
            <ns3:hr>137</ns3:hr>
          </ns3:TrackPointExtension>
        </extensions>
      </trkpt>
      <trkpt lat="45.42838272638618946075439453125" lon="-73.6738210357725620269775390625">
        <ele>26.799999237060546875</ele>
        <time>2024-05-23T17:03:49.000Z</time>
        <extensions>
          <ns3:TrackPointExtension>
            <ns3:hr>140</ns3:hr>
          </ns3:TrackPointExtension>
        </extensions>
      </trkpt>
      <trkpt lat="45.42839102447032928466796875" lon="-73.67376462556421756744384765625">
        <ele>26.799999237060546875</ele>
        <time>2024-05-23T17:03:50.000Z</time>
        <extensions>
          <ns3:TrackPointExtension>
            <ns3:hr>141</ns3:hr>
          </ns3:TrackPointExtension>
        </extensions>
      </trkpt>
      <trkpt lat="45.42839865200221538543701171875" lon="-73.67370662279427051544189453125">
        <ele>26.799999237060546875</ele>
        <time>2024-05-23T17:03:51.000Z</time>
        <extensions>
          <ns3:TrackPointExtension>
            <ns3:hr>141</ns3:hr>
          </ns3:TrackPointExtension>
        </extensions>
      </trkpt>
      <trkpt lat="45.4284424893558025360107421875" lon="-73.67347913794219493865966796875">
        <ele>26.799999237060546875</ele>
        <time>2024-05-23T17:03:55.000Z</time>
        <extensions>
          <ns3:TrackPointExtension>
            <ns3:hr>144</ns3:hr>
          </ns3:TrackPointExtension>
        </extensions>
      </trkpt>
      <trkpt lat="45.4284775257110595703125" lon="-73.67325986735522747039794921875">
        <ele>26.799999237060546875</ele>
        <time>2024-05-23T17:03:59.000Z</time>
        <extensions>
          <ns3:TrackPointExtension>
            <ns3:hr>144</ns3:hr>
          </ns3:TrackPointExtension>
        </extensions>
      </trkpt>
      <trkpt lat="45.428554974496364593505859375" lon="-73.6729040555655956268310546875">
        <ele>26.799999237060546875</ele>
        <time>2024-05-23T17:04:05.000Z</time>
        <extensions>
          <ns3:TrackPointExtension>
            <ns3:hr>142</ns3:hr>
          </ns3:TrackPointExtension>
        </extensions>
      </trkpt>
      <trkpt lat="45.42858640663325786590576171875" lon="-73.6727940849959850311279296875">
        <ele>26.799999237060546875</ele>
        <time>2024-05-23T17:04:07.000Z</time>
        <extensions>
          <ns3:TrackPointExtension>
            <ns3:hr>140</ns3:hr>
          </ns3:TrackPointExtension>
        </extensions>
      </trkpt>
      <trkpt lat="45.4286022484302520751953125" lon="-73.6727390997111797332763671875">
        <ele>26.6000003814697265625</ele>
        <time>2024-05-23T17:04:08.000Z</time>
        <extensions>
          <ns3:TrackPointExtension>
            <ns3:hr>139</ns3:hr>
          </ns3:TrackPointExtension>
        </extensions>
      </trkpt>
      <trkpt lat="45.42875085957348346710205078125" lon="-73.67225110530853271484375">
        <ele>26.3999996185302734375</ele>
        <time>2024-05-23T17:04:17.000Z</time>
        <extensions>
          <ns3:TrackPointExtension>
            <ns3:hr>137</ns3:hr>
          </ns3:TrackPointExtension>
        </extensions>
      </trkpt>
      <trkpt lat="45.42889553122222423553466796875" lon="-73.67180895991623401641845703125">
        <ele>26.6000003814697265625</ele>
        <time>2024-05-23T17:04:25.000Z</time>
        <extensions>
          <ns3:TrackPointExtension>
            <ns3:hr>135</ns3:hr>
          </ns3:TrackPointExtension>
        </extensions>
      </trkpt>
      <trkpt lat="45.4290178231894969940185546875" lon="-73.6714308522641658782958984375">
        <ele>26.3999996185302734375</ele>
        <time>2024-05-23T17:04:32.000Z</time>
        <extensions>
          <ns3:TrackPointExtension>
            <ns3:hr>132</ns3:hr>
          </ns3:TrackPointExtension>
        </extensions>
      </trkpt>
      <trkpt lat="45.42905353009700775146484375" lon="-73.67132767103612422943115234375">
        <ele>26.3999996185302734375</ele>
        <time>2024-05-23T17:04:34.000Z</time>
        <extensions>
          <ns3:TrackPointExtension>
            <ns3:hr>132</ns3:hr>
          </ns3:TrackPointExtension>
        </extensions>
      </trkpt>
      <trkpt lat="45.429238937795162200927734375" lon="-73.670762479305267333984375">
        <ele>26.3999996185302734375</ele>
        <time>2024-05-23T17:04:45.000Z</time>
        <extensions>
          <ns3:TrackPointExtension>
            <ns3:hr>133</ns3:hr>
          </ns3:TrackPointExtension>
        </extensions>
      </trkpt>
      <trkpt lat="45.42932175099849700927734375" lon="-73.6705235950648784637451171875">
        <ele>26.3999996185302734375</ele>
        <time>2024-05-23T17:04:50.000Z</time>
        <extensions>
          <ns3:TrackPointExtension>
            <ns3:hr>136</ns3:hr>
          </ns3:TrackPointExtension>
        </extensions>
      </trkpt>
      <trkpt lat="45.429389476776123046875" lon="-73.6703458987176418304443359375">
        <ele>26</ele>
        <time>2024-05-23T17:04:54.000Z</time>
        <extensions>
          <ns3:TrackPointExtension>
            <ns3:hr>138</ns3:hr>
          </ns3:TrackPointExtension>
        </extensions>
      </trkpt>
      <trkpt lat="45.42946466244757175445556640625" lon="-73.67012939415872097015380859375">
        <ele>26</ele>
        <time>2024-05-23T17:04:59.000Z</time>
        <extensions>
          <ns3:TrackPointExtension>
            <ns3:hr>141</ns3:hr>
          </ns3:TrackPointExtension>
        </extensions>
      </trkpt>
      <trkpt lat="45.42948377318680286407470703125" lon="-73.66999042220413684844970703125">
        <ele>26.200000762939453125</ele>
        <time>2024-05-23T17:05:02.000Z</time>
        <extensions>
          <ns3:TrackPointExtension>
            <ns3:hr>141</ns3:hr>
          </ns3:TrackPointExtension>
        </extensions>
      </trkpt>
      <trkpt lat="45.42955300770699977874755859375" lon="-73.66977316327393054962158203125">
        <ele>26.3999996185302734375</ele>
        <time>2024-05-23T17:05:07.000Z</time>
        <extensions>
          <ns3:TrackPointExtension>
            <ns3:hr>139</ns3:hr>
          </ns3:TrackPointExtension>
        </extensions>
      </trkpt>
      <trkpt lat="45.42971494607627391815185546875" lon="-73.66937602870166301727294921875">
        <ele>26.200000762939453125</ele>
        <time>2024-05-23T17:05:16.000Z</time>
        <extensions>
          <ns3:TrackPointExtension>
            <ns3:hr>141</ns3:hr>
          </ns3:TrackPointExtension>
        </extensions>
      </trkpt>
      <trkpt lat="45.42984344065189361572265625" lon="-73.6690472066402435302734375">
        <ele>26.6000003814697265625</ele>
        <time>2024-05-23T17:05:24.000Z</time>
        <extensions>
          <ns3:TrackPointExtension>
            <ns3:hr>142</ns3:hr>
          </ns3:TrackPointExtension>
        </extensions>
      </trkpt>
      <trkpt lat="45.4299237392842769622802734375" lon="-73.6689501442015171051025390625">
        <ele>26.799999237060546875</ele>
        <time>2024-05-23T17:05:27.000Z</time>
        <extensions>
          <ns3:TrackPointExtension>
            <ns3:hr>139</ns3:hr>
          </ns3:TrackPointExtension>
        </extensions>
      </trkpt>
      <trkpt lat="45.42998450808227062225341796875" lon="-73.66891443729400634765625">
        <ele>27</ele>
        <time>2024-05-23T17:05:29.000Z</time>
        <extensions>
          <ns3:TrackPointExtension>
            <ns3:hr>138</ns3:hr>
          </ns3:TrackPointExtension>
        </extensions>
      </trkpt>
      <trkpt lat="45.4301594384014606475830078125" lon="-73.66873917169868946075439453125">
        <ele>27</ele>
        <time>2024-05-23T17:05:35.000Z</time>
        <extensions>
          <ns3:TrackPointExtension>
            <ns3:hr>135</ns3:hr>
          </ns3:TrackPointExtension>
        </extensions>
      </trkpt>
      <trkpt lat="45.430185087025165557861328125" lon="-73.66870866157114505767822265625">
        <ele>27</ele>
        <time>2024-05-23T17:05:36.000Z</time>
        <extensions>
          <ns3:TrackPointExtension>
            <ns3:hr>135</ns3:hr>
          </ns3:TrackPointExtension>
        </extensions>
      </trkpt>
      <trkpt lat="45.4302549920976161956787109375" lon="-73.66854387335479259490966796875">
        <ele>27.200000762939453125</ele>
        <time>2024-05-23T17:05:40.000Z</time>
        <extensions>
          <ns3:TrackPointExtension>
            <ns3:hr>134</ns3:hr>
          </ns3:TrackPointExtension>
        </extensions>
      </trkpt>
      <trkpt lat="45.430343337357044219970703125" lon="-73.66830448620021343231201171875">
        <ele>27</ele>
        <time>2024-05-23T17:05:45.000Z</time>
        <extensions>
          <ns3:TrackPointExtension>
            <ns3:hr>136</ns3:hr>
          </ns3:TrackPointExtension>
        </extensions>
      </trkpt>
      <trkpt lat="45.43044157326221466064453125" lon="-73.66810784675180912017822265625">
        <ele>26.799999237060546875</ele>
        <time>2024-05-23T17:05:49.000Z</time>
        <extensions>
          <ns3:TrackPointExtension>
            <ns3:hr>140</ns3:hr>
          </ns3:TrackPointExtension>
        </extensions>
      </trkpt>
      <trkpt lat="45.430485494434833526611328125" lon="-73.668002821505069732666015625">
        <ele>26.799999237060546875</ele>
        <time>2024-05-23T17:05:51.000Z</time>
        <extensions>
          <ns3:TrackPointExtension>
            <ns3:hr>143</ns3:hr>
          </ns3:TrackPointExtension>
        </extensions>
      </trkpt>
      <trkpt lat="45.43061994016170501708984375" lon="-73.6675560660660266876220703125">
        <ele>26.6000003814697265625</ele>
        <time>2024-05-23T17:05:59.000Z</time>
        <extensions>
          <ns3:TrackPointExtension>
            <ns3:hr>143</ns3:hr>
          </ns3:TrackPointExtension>
        </extensions>
      </trkpt>
      <trkpt lat="45.4307428188621997833251953125" lon="-73.66713454015552997589111328125">
        <ele>26.6000003814697265625</ele>
        <time>2024-05-23T17:06:07.000Z</time>
        <extensions>
          <ns3:TrackPointExtension>
            <ns3:hr>145</ns3:hr>
          </ns3:TrackPointExtension>
        </extensions>
      </trkpt>
      <trkpt lat="45.43084331788122653961181640625" lon="-73.66673505865037441253662109375">
        <ele>26.799999237060546875</ele>
        <time>2024-05-23T17:06:15.000Z</time>
        <extensions>
          <ns3:TrackPointExtension>
            <ns3:hr>144</ns3:hr>
          </ns3:TrackPointExtension>
        </extensions>
      </trkpt>
      <trkpt lat="45.43088120408356189727783203125" lon="-73.66642341949045658111572265625">
        <ele>27.200000762939453125</ele>
        <time>2024-05-23T17:06:21.000Z</time>
        <extensions>
          <ns3:TrackPointExtension>
            <ns3:hr>143</ns3:hr>
          </ns3:TrackPointExtension>
        </extensions>
      </trkpt>
      <trkpt lat="45.43095965869724750518798828125" lon="-73.66621638648211956024169921875">
        <ele>27.799999237060546875</ele>
        <time>2024-05-23T17:06:26.000Z</time>
        <extensions>
          <ns3:TrackPointExtension>
            <ns3:hr>144</ns3:hr>
          </ns3:TrackPointExtension>
        </extensions>
      </trkpt>
      <trkpt lat="45.4309842176735401153564453125" lon="-73.66615016944706439971923828125">
        <ele>28.200000762939453125</ele>
        <time>2024-05-23T17:06:29.000Z</time>
        <extensions>
          <ns3:TrackPointExtension>
            <ns3:hr>144</ns3:hr>
          </ns3:TrackPointExtension>
        </extensions>
      </trkpt>
      <trkpt lat="45.4309885762631893157958984375" lon="-73.66611429490149021148681640625">
        <ele>28.200000762939453125</ele>
        <time>2024-05-23T17:06:31.000Z</time>
        <extensions>
          <ns3:TrackPointExtension>
            <ns3:hr>145</ns3:hr>
          </ns3:TrackPointExtension>
        </extensions>
      </trkpt>
      <trkpt lat="45.4309822060167789459228515625" lon="-73.6660976149141788482666015625">
        <ele>28.3999996185302734375</ele>
        <time>2024-05-23T17:06:34.000Z</time>
        <extensions>
          <ns3:TrackPointExtension>
            <ns3:hr>145</ns3:hr>
          </ns3:TrackPointExtension>
        </extensions>
      </trkpt>
      <trkpt lat="45.430925376713275909423828125" lon="-73.6660825274884700775146484375">
        <ele>28.799999237060546875</ele>
        <time>2024-05-23T17:06:39.000Z</time>
        <extensions>
          <ns3:TrackPointExtension>
            <ns3:hr>145</ns3:hr>
          </ns3:TrackPointExtension>
        </extensions>
      </trkpt>
      <trkpt lat="45.43089226819574832916259765625" lon="-73.66608135402202606201171875">
        <ele>28.799999237060546875</ele>
        <time>2024-05-23T17:06:40.000Z</time>
        <extensions>
          <ns3:TrackPointExtension>
            <ns3:hr>145</ns3:hr>
          </ns3:TrackPointExtension>
        </extensions>
      </trkpt>
      <trkpt lat="45.43086242862045764923095703125" lon="-73.66608546115458011627197265625">
        <ele>28.799999237060546875</ele>
        <time>2024-05-23T17:06:41.000Z</time>
        <extensions>
          <ns3:TrackPointExtension>
            <ns3:hr>145</ns3:hr>
          </ns3:TrackPointExtension>
        </extensions>
      </trkpt>
      <trkpt lat="45.43071574531495571136474609375" lon="-73.66614664904773235321044921875">
        <ele>29</ele>
        <time>2024-05-23T17:06:46.000Z</time>
        <extensions>
          <ns3:TrackPointExtension>
            <ns3:hr>143</ns3:hr>
          </ns3:TrackPointExtension>
        </extensions>
      </trkpt>
      <trkpt lat="45.43047686107456684112548828125" lon="-73.66616785526275634765625">
        <ele>29</ele>
        <time>2024-05-23T17:06:53.000Z</time>
        <extensions>
          <ns3:TrackPointExtension>
            <ns3:hr>143</ns3:hr>
          </ns3:TrackPointExtension>
        </extensions>
      </trkpt>
      <trkpt lat="45.4301352985203266143798828125" lon="-73.66618721745908260345458984375">
        <ele>29.200000762939453125</ele>
        <time>2024-05-23T17:07:02.000Z</time>
        <extensions>
          <ns3:TrackPointExtension>
            <ns3:hr>142</ns3:hr>
          </ns3:TrackPointExtension>
        </extensions>
      </trkpt>
      <trkpt lat="45.4299703426659107208251953125" lon="-73.66627086885273456573486328125">
        <ele>29.3999996185302734375</ele>
        <time>2024-05-23T17:07:07.000Z</time>
        <extensions>
          <ns3:TrackPointExtension>
            <ns3:hr>143</ns3:hr>
          </ns3:TrackPointExtension>
        </extensions>
      </trkpt>
      <trkpt lat="45.42985777370631694793701171875" lon="-73.666315376758575439453125">
        <ele>29.799999237060546875</ele>
        <time>2024-05-23T17:07:11.000Z</time>
        <extensions>
          <ns3:TrackPointExtension>
            <ns3:hr>143</ns3:hr>
          </ns3:TrackPointExtension>
        </extensions>
      </trkpt>
      <trkpt lat="45.42977680452167987823486328125" lon="-73.6662323959171772003173828125">
        <ele>30</ele>
        <time>2024-05-23T17:07:14.000Z</time>
        <extensions>
          <ns3:TrackPointExtension>
            <ns3:hr>145</ns3:hr>
          </ns3:TrackPointExtension>
        </extensions>
      </trkpt>
      <trkpt lat="45.42975501157343387603759765625" lon="-73.66619803011417388916015625">
        <ele>30</ele>
        <time>2024-05-23T17:07:15.000Z</time>
        <extensions>
          <ns3:TrackPointExtension>
            <ns3:hr>145</ns3:hr>
          </ns3:TrackPointExtension>
        </extensions>
      </trkpt>
      <trkpt lat="45.4297212325036525726318359375" lon="-73.66617347113788127899169921875">
        <ele>30</ele>
        <time>2024-05-23T17:07:16.000Z</time>
        <extensions>
          <ns3:TrackPointExtension>
            <ns3:hr>145</ns3:hr>
          </ns3:TrackPointExtension>
        </extensions>
      </trkpt>
      <trkpt lat="45.4295995272696018218994140625" lon="-73.6661683581769466400146484375">
        <ele>30</ele>
        <time>2024-05-23T17:07:19.000Z</time>
        <extensions>
          <ns3:TrackPointExtension>
            <ns3:hr>146</ns3:hr>
          </ns3:TrackPointExtension>
        </extensions>
      </trkpt>
      <trkpt lat="45.4293800890445709228515625" lon="-73.66616450250148773193359375">
        <ele>29.200000762939453125</ele>
        <time>2024-05-23T17:07:24.000Z</time>
        <extensions>
          <ns3:TrackPointExtension>
            <ns3:hr>146</ns3:hr>
          </ns3:TrackPointExtension>
        </extensions>
      </trkpt>
      <trkpt lat="45.429258048534393310546875" lon="-73.66616047918796539306640625">
        <ele>29.3999996185302734375</ele>
        <time>2024-05-23T17:07:27.000Z</time>
        <extensions>
          <ns3:TrackPointExtension>
            <ns3:hr>149</ns3:hr>
          </ns3:TrackPointExtension>
        </extensions>
      </trkpt>
      <trkpt lat="45.42914363555610179901123046875" lon="-73.66612636484205722808837890625">
        <ele>29.799999237060546875</ele>
        <time>2024-05-23T17:07:30.000Z</time>
        <extensions>
          <ns3:TrackPointExtension>
            <ns3:hr>152</ns3:hr>
          </ns3:TrackPointExtension>
        </extensions>
      </trkpt>
      <trkpt lat="45.42910574935376644134521484375" lon="-73.66612234152853488922119140625">
        <ele>30</ele>
        <time>2024-05-23T17:07:31.000Z</time>
        <extensions>
          <ns3:TrackPointExtension>
            <ns3:hr>155</ns3:hr>
          </ns3:TrackPointExtension>
        </extensions>
      </trkpt>
      <trkpt lat="45.42902930639684200286865234375" lon="-73.66611563600599765777587890625">
        <ele>30</ele>
        <time>2024-05-23T17:07:33.000Z</time>
        <extensions>
          <ns3:TrackPointExtension>
            <ns3:hr>158</ns3:hr>
          </ns3:TrackPointExtension>
        </extensions>
      </trkpt>
      <trkpt lat="45.4288766719400882720947265625" lon="-73.66608294658362865447998046875">
        <ele>29.799999237060546875</ele>
        <time>2024-05-23T17:07:37.000Z</time>
        <extensions>
          <ns3:TrackPointExtension>
            <ns3:hr>160</ns3:hr>
          </ns3:TrackPointExtension>
        </extensions>
      </trkpt>
      <trkpt lat="45.42879846878349781036376953125" lon="-73.66600801236927509307861328125">
        <ele>29.6000003814697265625</ele>
        <time>2024-05-23T17:07:39.000Z</time>
        <extensions>
          <ns3:TrackPointExtension>
            <ns3:hr>159</ns3:hr>
          </ns3:TrackPointExtension>
        </extensions>
      </trkpt>
      <trkpt lat="45.4286999814212322235107421875" lon="-73.6658847145736217498779296875">
        <ele>29.3999996185302734375</ele>
        <time>2024-05-23T17:07:42.000Z</time>
        <extensions>
          <ns3:TrackPointExtension>
            <ns3:hr>158</ns3:hr>
          </ns3:TrackPointExtension>
        </extensions>
      </trkpt>
      <trkpt lat="45.42867089621722698211669921875" lon="-73.66584020666778087615966796875">
        <ele>28.799999237060546875</ele>
        <time>2024-05-23T17:07:43.000Z</time>
        <extensions>
          <ns3:TrackPointExtension>
            <ns3:hr>159</ns3:hr>
          </ns3:TrackPointExtension>
        </extensions>
      </trkpt>
      <trkpt lat="45.4286463372409343719482421875" lon="-73.665794022381305694580078125">
        <ele>28.6000003814697265625</ele>
        <time>2024-05-23T17:07:44.000Z</time>
        <extensions>
          <ns3:TrackPointExtension>
            <ns3:hr>158</ns3:hr>
          </ns3:TrackPointExtension>
        </extensions>
      </trkpt>
      <trkpt lat="45.428548268973827362060546875" lon="-73.6655990593135356903076171875">
        <ele>28.3999996185302734375</ele>
        <time>2024-05-23T17:07:48.000Z</time>
        <extensions>
          <ns3:TrackPointExtension>
            <ns3:hr>156</ns3:hr>
          </ns3:TrackPointExtension>
        </extensions>
      </trkpt>
      <trkpt lat="45.428372584283351898193359375" lon="-73.6652815528213977813720703125">
        <ele>28.200000762939453125</ele>
        <time>2024-05-23T17:07:54.000Z</time>
        <extensions>
          <ns3:TrackPointExtension>
            <ns3:hr>154</ns3:hr>
          </ns3:TrackPointExtension>
        </extensions>
      </trkpt>
      <trkpt lat="45.4281917028129100799560546875" lon="-73.66487528197467327117919921875">
        <ele>28.799999237060546875</ele>
        <time>2024-05-23T17:08:02.000Z</time>
        <extensions>
          <ns3:TrackPointExtension>
            <ns3:hr>152</ns3:hr>
          </ns3:TrackPointExtension>
        </extensions>
      </trkpt>
      <trkpt lat="45.4281672276556491851806640625" lon="-73.66483320482075214385986328125">
        <ele>29</ele>
        <time>2024-05-23T17:08:03.000Z</time>
        <extensions>
          <ns3:TrackPointExtension>
            <ns3:hr>152</ns3:hr>
          </ns3:TrackPointExtension>
        </extensions>
      </trkpt>
      <trkpt lat="45.428141914308071136474609375" lon="-73.6647923849523067474365234375">
        <ele>29.200000762939453125</ele>
        <time>2024-05-23T17:08:04.000Z</time>
        <extensions>
          <ns3:TrackPointExtension>
            <ns3:hr>152</ns3:hr>
          </ns3:TrackPointExtension>
        </extensions>
      </trkpt>
      <trkpt lat="45.42797117494046688079833984375" lon="-73.66460504941642284393310546875">
        <ele>29.3999996185302734375</ele>
        <time>2024-05-23T17:08:10.000Z</time>
        <extensions>
          <ns3:TrackPointExtension>
            <ns3:hr>153</ns3:hr>
          </ns3:TrackPointExtension>
        </extensions>
      </trkpt>
      <trkpt lat="45.42782097123563289642333984375" lon="-73.66445057094097137451171875">
        <ele>29.799999237060546875</ele>
        <time>2024-05-23T17:08:15.000Z</time>
        <extensions>
          <ns3:TrackPointExtension>
            <ns3:hr>156</ns3:hr>
          </ns3:TrackPointExtension>
        </extensions>
      </trkpt>
      <trkpt lat="45.427762381732463836669921875" lon="-73.664393238723278045654296875">
        <ele>30</ele>
        <time>2024-05-23T17:08:17.000Z</time>
        <extensions>
          <ns3:TrackPointExtension>
            <ns3:hr>156</ns3:hr>
          </ns3:TrackPointExtension>
        </extensions>
      </trkpt>
      <trkpt lat="45.427730195224285125732421875" lon="-73.66436834447085857391357421875">
        <ele>30</ele>
        <time>2024-05-23T17:08:18.000Z</time>
        <extensions>
          <ns3:TrackPointExtension>
            <ns3:hr>159</ns3:hr>
          </ns3:TrackPointExtension>
        </extensions>
      </trkpt>
      <trkpt lat="45.42769926600158214569091796875" lon="-73.66433850489556789398193359375">
        <ele>30.200000762939453125</ele>
        <time>2024-05-23T17:08:19.000Z</time>
        <extensions>
          <ns3:TrackPointExtension>
            <ns3:hr>162</ns3:hr>
          </ns3:TrackPointExtension>
        </extensions>
      </trkpt>
      <trkpt lat="45.42763874866068363189697265625" lon="-73.66427446715533733367919921875">
        <ele>30.3999996185302734375</ele>
        <time>2024-05-23T17:08:21.000Z</time>
        <extensions>
          <ns3:TrackPointExtension>
            <ns3:hr>165</ns3:hr>
          </ns3:TrackPointExtension>
        </extensions>
      </trkpt>
      <trkpt lat="45.42754881083965301513671875" lon="-73.66418042220175266265869140625">
        <ele>30.799999237060546875</ele>
        <time>2024-05-23T17:08:24.000Z</time>
        <extensions>
          <ns3:TrackPointExtension>
            <ns3:hr>168</ns3:hr>
          </ns3:TrackPointExtension>
        </extensions>
      </trkpt>
      <trkpt lat="45.427441857755184173583984375" lon="-73.664053268730640411376953125">
        <ele>31</ele>
        <time>2024-05-23T17:08:28.000Z</time>
        <extensions>
          <ns3:TrackPointExtension>
            <ns3:hr>168</ns3:hr>
          </ns3:TrackPointExtension>
        </extensions>
      </trkpt>
      <trkpt lat="45.4273639060556888580322265625" lon="-73.66393835283815860748291015625">
        <ele>31.200000762939453125</ele>
        <time>2024-05-23T17:08:31.000Z</time>
        <extensions>
          <ns3:TrackPointExtension>
            <ns3:hr>168</ns3:hr>
          </ns3:TrackPointExtension>
        </extensions>
      </trkpt>
      <trkpt lat="45.42722535319626331329345703125" lon="-73.66367004811763763427734375">
        <ele>31</ele>
        <time>2024-05-23T17:08:37.000Z</time>
        <extensions>
          <ns3:TrackPointExtension>
            <ns3:hr>168</ns3:hr>
          </ns3:TrackPointExtension>
        </extensions>
      </trkpt>
      <trkpt lat="45.42713935486972332000732421875" lon="-73.66345538757741451263427734375">
        <ele>30.6000003814697265625</ele>
        <time>2024-05-23T17:08:41.000Z</time>
        <extensions>
          <ns3:TrackPointExtension>
            <ns3:hr>165</ns3:hr>
          </ns3:TrackPointExtension>
        </extensions>
      </trkpt>
      <trkpt lat="45.42710599489510059356689453125" lon="-73.663333095610141754150390625">
        <ele>30.6000003814697265625</ele>
        <time>2024-05-23T17:08:43.000Z</time>
        <extensions>
          <ns3:TrackPointExtension>
            <ns3:hr>164</ns3:hr>
          </ns3:TrackPointExtension>
        </extensions>
      </trkpt>
      <trkpt lat="45.42707950808107852935791015625" lon="-73.6632078699767589569091796875">
        <ele>30.3999996185302734375</ele>
        <time>2024-05-23T17:08:45.000Z</time>
        <extensions>
          <ns3:TrackPointExtension>
            <ns3:hr>164</ns3:hr>
          </ns3:TrackPointExtension>
        </extensions>
      </trkpt>
      <trkpt lat="45.42691840790212154388427734375" lon="-73.66267084144055843353271484375">
        <ele>30.200000762939453125</ele>
        <time>2024-05-23T17:08:54.000Z</time>
        <extensions>
          <ns3:TrackPointExtension>
            <ns3:hr>164</ns3:hr>
          </ns3:TrackPointExtension>
        </extensions>
      </trkpt>
      <trkpt lat="45.42677256278693675994873046875" lon="-73.66237127222120761871337890625">
        <ele>30.799999237060546875</ele>
        <time>2024-05-23T17:09:00.000Z</time>
        <extensions>
          <ns3:TrackPointExtension>
            <ns3:hr>164</ns3:hr>
          </ns3:TrackPointExtension>
        </extensions>
      </trkpt>
      <trkpt lat="45.42674037627875804901123046875" lon="-73.66233807988464832305908203125">
        <ele>31</ele>
        <time>2024-05-23T17:09:01.000Z</time>
        <extensions>
          <ns3:TrackPointExtension>
            <ns3:hr>164</ns3:hr>
          </ns3:TrackPointExtension>
        </extensions>
      </trkpt>
      <trkpt lat="45.42650383897125720977783203125" lon="-73.661994673311710357666015625">
        <ele>31.200000762939453125</ele>
        <time>2024-05-23T17:09:09.000Z</time>
        <extensions>
          <ns3:TrackPointExtension>
            <ns3:hr>164</ns3:hr>
          </ns3:TrackPointExtension>
        </extensions>
      </trkpt>
      <trkpt lat="45.4263919405639171600341796875" lon="-73.66179409436881542205810546875">
        <ele>31.799999237060546875</ele>
        <time>2024-05-23T17:09:14.000Z</time>
        <extensions>
          <ns3:TrackPointExtension>
            <ns3:hr>167</ns3:hr>
          </ns3:TrackPointExtension>
        </extensions>
      </trkpt>
      <trkpt lat="45.4262967221438884735107421875" lon="-73.66162679158151149749755859375">
        <ele>31.799999237060546875</ele>
        <time>2024-05-23T17:09:18.000Z</time>
        <extensions>
          <ns3:TrackPointExtension>
            <ns3:hr>169</ns3:hr>
          </ns3:TrackPointExtension>
        </extensions>
      </trkpt>
      <trkpt lat="45.42623226530849933624267578125" lon="-73.66150391288101673126220703125">
        <ele>32.200000762939453125</ele>
        <time>2024-05-23T17:09:21.000Z</time>
        <extensions>
          <ns3:TrackPointExtension>
            <ns3:hr>169</ns3:hr>
          </ns3:TrackPointExtension>
        </extensions>
      </trkpt>
      <trkpt lat="45.42616236023604869842529296875" lon="-73.6613658629357814788818359375">
        <ele>32.799999237060546875</ele>
        <time>2024-05-23T17:09:24.000Z</time>
        <extensions>
          <ns3:TrackPointExtension>
            <ns3:hr>169</ns3:hr>
          </ns3:TrackPointExtension>
        </extensions>
      </trkpt>
      <trkpt lat="45.42607200331985950469970703125" lon="-73.6611764319241046905517578125">
        <ele>33.200000762939453125</ele>
        <time>2024-05-23T17:09:28.000Z</time>
        <extensions>
          <ns3:TrackPointExtension>
            <ns3:hr>170</ns3:hr>
          </ns3:TrackPointExtension>
        </extensions>
      </trkpt>
      <trkpt lat="45.426035709679126739501953125" lon="-73.66108029149472713470458984375">
        <ele>33.40000152587890625</ele>
        <time>2024-05-23T17:09:30.000Z</time>
        <extensions>
          <ns3:TrackPointExtension>
            <ns3:hr>173</ns3:hr>
          </ns3:TrackPointExtension>
        </extensions>
      </trkpt>
      <trkpt lat="45.4259570874273777008056640625" lon="-73.6608884297311305999755859375">
        <ele>33.799999237060546875</ele>
        <time>2024-05-23T17:09:34.000Z</time>
        <extensions>
          <ns3:TrackPointExtension>
            <ns3:hr>176</ns3:hr>
          </ns3:TrackPointExtension>
        </extensions>
      </trkpt>
      <trkpt lat="45.42585591785609722137451171875" lon="-73.6606483720242977142333984375">
        <ele>34.200000762939453125</ele>
        <time>2024-05-23T17:09:39.000Z</time>
        <extensions>
          <ns3:TrackPointExtension>
            <ns3:hr>178</ns3:hr>
          </ns3:TrackPointExtension>
        </extensions>
      </trkpt>
      <trkpt lat="45.42580361478030681610107421875" lon="-73.660508729517459869384765625">
        <ele>34.59999847412109375</ele>
        <time>2024-05-23T17:09:42.000Z</time>
        <extensions>
          <ns3:TrackPointExtension>
            <ns3:hr>179</ns3:hr>
          </ns3:TrackPointExtension>
        </extensions>
      </trkpt>
      <trkpt lat="45.4257388226687908172607421875" lon="-73.66020119749009609222412109375">
        <ele>35</ele>
        <time>2024-05-23T17:09:48.000Z</time>
        <extensions>
          <ns3:TrackPointExtension>
            <ns3:hr>178</ns3:hr>
          </ns3:TrackPointExtension>
        </extensions>
      </trkpt>
      <trkpt lat="45.42571225203573703765869140625" lon="-73.6600505746901035308837890625">
        <ele>35.40000152587890625</ele>
        <time>2024-05-23T17:09:51.000Z</time>
        <extensions>
          <ns3:TrackPointExtension>
            <ns3:hr>179</ns3:hr>
          </ns3:TrackPointExtension>
        </extensions>
      </trkpt>
      <trkpt lat="45.42569465003907680511474609375" lon="-73.65989659912884235382080078125">
        <ele>36</ele>
        <time>2024-05-23T17:09:54.000Z</time>
        <extensions>
          <ns3:TrackPointExtension>
            <ns3:hr>180</ns3:hr>
          </ns3:TrackPointExtension>
        </extensions>
      </trkpt>
      <trkpt lat="45.42567386291921138763427734375" lon="-73.6598058231174945831298828125">
        <ele>36.59999847412109375</ele>
        <time>2024-05-23T17:09:56.000Z</time>
        <extensions>
          <ns3:TrackPointExtension>
            <ns3:hr>180</ns3:hr>
          </ns3:TrackPointExtension>
        </extensions>
      </trkpt>
      <trkpt lat="45.42562700808048248291015625" lon="-73.659592755138874053955078125">
        <ele>37</ele>
        <time>2024-05-23T17:10:01.000Z</time>
        <extensions>
          <ns3:TrackPointExtension>
            <ns3:hr>180</ns3:hr>
          </ns3:TrackPointExtension>
        </extensions>
      </trkpt>
      <trkpt lat="45.425560958683490753173828125" lon="-73.659374155104160308837890625">
        <ele>37.799999237060546875</ele>
        <time>2024-05-23T17:10:06.000Z</time>
        <extensions>
          <ns3:TrackPointExtension>
            <ns3:hr>181</ns3:hr>
          </ns3:TrackPointExtension>
        </extensions>
      </trkpt>
      <trkpt lat="45.4254994355142116546630859375" lon="-73.6592613346874713897705078125">
        <ele>38.200000762939453125</ele>
        <time>2024-05-23T17:10:09.000Z</time>
        <extensions>
          <ns3:TrackPointExtension>
            <ns3:hr>181</ns3:hr>
          </ns3:TrackPointExtension>
        </extensions>
      </trkpt>
      <trkpt lat="45.42537211440503597259521484375" lon="-73.65905170328915119171142578125">
        <ele>38.200000762939453125</ele>
        <time>2024-05-23T17:10:15.000Z</time>
        <extensions>
          <ns3:TrackPointExtension>
            <ns3:hr>181</ns3:hr>
          </ns3:TrackPointExtension>
        </extensions>
      </trkpt>
      <trkpt lat="45.42522794567048549652099609375" lon="-73.6588237993419170379638671875">
        <ele>38.59999847412109375</ele>
        <time>2024-05-23T17:10:22.000Z</time>
        <extensions>
          <ns3:TrackPointExtension>
            <ns3:hr>181</ns3:hr>
          </ns3:TrackPointExtension>
        </extensions>
      </trkpt>
      <trkpt lat="45.42513549327850341796875" lon="-73.6587044410407543182373046875">
        <ele>38.799999237060546875</ele>
        <time>2024-05-23T17:10:26.000Z</time>
        <extensions>
          <ns3:TrackPointExtension>
            <ns3:hr>180</ns3:hr>
          </ns3:TrackPointExtension>
        </extensions>
      </trkpt>
      <trkpt lat="45.42506449855864048004150390625" lon="-73.6586098931729793548583984375">
        <ele>38.799999237060546875</ele>
        <time>2024-05-23T17:10:29.000Z</time>
        <extensions>
          <ns3:TrackPointExtension>
            <ns3:hr>180</ns3:hr>
          </ns3:TrackPointExtension>
        </extensions>
      </trkpt>
      <trkpt lat="45.42490272782742977142333984375" lon="-73.65832499228417873382568359375">
        <ele>38.40000152587890625</ele>
        <time>2024-05-23T17:10:37.000Z</time>
        <extensions>
          <ns3:TrackPointExtension>
            <ns3:hr>181</ns3:hr>
          </ns3:TrackPointExtension>
        </extensions>
      </trkpt>
      <trkpt lat="45.42480214498937129974365234375" lon="-73.6581616289913654327392578125">
        <ele>38.59999847412109375</ele>
        <time>2024-05-23T17:10:42.000Z</time>
        <extensions>
          <ns3:TrackPointExtension>
            <ns3:hr>178</ns3:hr>
          </ns3:TrackPointExtension>
        </extensions>
      </trkpt>
      <trkpt lat="45.42463450692594051361083984375" lon="-73.6579240858554840087890625">
        <ele>38.200000762939453125</ele>
        <time>2024-05-23T17:10:49.000Z</time>
        <extensions>
          <ns3:TrackPointExtension>
            <ns3:hr>178</ns3:hr>
          </ns3:TrackPointExtension>
        </extensions>
      </trkpt>
      <trkpt lat="45.4245402105152606964111328125" lon="-73.6578355729579925537109375">
        <ele>37.799999237060546875</ele>
        <time>2024-05-23T17:10:52.000Z</time>
        <extensions>
          <ns3:TrackPointExtension>
            <ns3:hr>176</ns3:hr>
          </ns3:TrackPointExtension>
        </extensions>
      </trkpt>
      <trkpt lat="45.4244547151029109954833984375" lon="-73.65774194709956645965576171875">
        <ele>37.200000762939453125</ele>
        <time>2024-05-23T17:10:55.000Z</time>
        <extensions>
          <ns3:TrackPointExtension>
            <ns3:hr>175</ns3:hr>
          </ns3:TrackPointExtension>
        </extensions>
      </trkpt>
      <trkpt lat="45.4243195988237857818603515625" lon="-73.657622002065181732177734375">
        <ele>36.59999847412109375</ele>
        <time>2024-05-23T17:10:59.000Z</time>
        <extensions>
          <ns3:TrackPointExtension>
            <ns3:hr>170</ns3:hr>
          </ns3:TrackPointExtension>
        </extensions>
      </trkpt>
      <trkpt lat="45.42425279505550861358642578125" lon="-73.65754949860274791717529296875">
        <ele>36.200000762939453125</ele>
        <time>2024-05-23T17:11:01.000Z</time>
        <extensions>
          <ns3:TrackPointExtension>
            <ns3:hr>167</ns3:hr>
          </ns3:TrackPointExtension>
        </extensions>
      </trkpt>
      <trkpt lat="45.42415606789290904998779296875" lon="-73.6572828702628612518310546875">
        <ele>35.59999847412109375</ele>
        <time>2024-05-23T17:11:06.000Z</time>
        <extensions>
          <ns3:TrackPointExtension>
            <ns3:hr>165</ns3:hr>
          </ns3:TrackPointExtension>
        </extensions>
      </trkpt>
      <trkpt lat="45.424003936350345611572265625" lon="-73.6570381186902523040771484375">
        <ele>35.59999847412109375</ele>
        <time>2024-05-23T17:11:12.000Z</time>
        <extensions>
          <ns3:TrackPointExtension>
            <ns3:hr>163</ns3:hr>
          </ns3:TrackPointExtension>
        </extensions>
      </trkpt>
      <trkpt lat="45.4238495416939258575439453125" lon="-73.65679747425019741058349609375">
        <ele>36.799999237060546875</ele>
        <time>2024-05-23T17:11:18.000Z</time>
        <extensions>
          <ns3:TrackPointExtension>
            <ns3:hr>162</ns3:hr>
          </ns3:TrackPointExtension>
        </extensions>
      </trkpt>
      <trkpt lat="45.42375038377940654754638671875" lon="-73.65664442069828510284423828125">
        <ele>37.799999237060546875</ele>
        <time>2024-05-23T17:11:22.000Z</time>
        <extensions>
          <ns3:TrackPointExtension>
            <ns3:hr>162</ns3:hr>
          </ns3:TrackPointExtension>
        </extensions>
      </trkpt>
      <trkpt lat="45.42368735186755657196044921875" lon="-73.656565211713314056396484375">
        <ele>38</ele>
        <time>2024-05-23T17:11:24.000Z</time>
        <extensions>
          <ns3:TrackPointExtension>
            <ns3:hr>163</ns3:hr>
          </ns3:TrackPointExtension>
        </extensions>
      </trkpt>
      <trkpt lat="45.4236074723303318023681640625" lon="-73.65644593723118305206298828125">
        <ele>38</ele>
        <time>2024-05-23T17:11:27.000Z</time>
        <extensions>
          <ns3:TrackPointExtension>
            <ns3:hr>166</ns3:hr>
          </ns3:TrackPointExtension>
        </extensions>
      </trkpt>
      <trkpt lat="45.42352893389761447906494140625" lon="-73.656339906156063079833984375">
        <ele>38.200000762939453125</ele>
        <time>2024-05-23T17:11:30.000Z</time>
        <extensions>
          <ns3:TrackPointExtension>
            <ns3:hr>166</ns3:hr>
          </ns3:TrackPointExtension>
        </extensions>
      </trkpt>
      <trkpt lat="45.42334922589361667633056640625" lon="-73.65612759254872798919677734375">
        <ele>38.799999237060546875</ele>
        <time>2024-05-23T17:11:36.000Z</time>
        <extensions>
          <ns3:TrackPointExtension>
            <ns3:hr>168</ns3:hr>
          </ns3:TrackPointExtension>
        </extensions>
      </trkpt>
      <trkpt lat="45.42332072742283344268798828125" lon="-73.656094484031200408935546875">
        <ele>38.799999237060546875</ele>
        <time>2024-05-23T17:11:37.000Z</time>
        <extensions>
          <ns3:TrackPointExtension>
            <ns3:hr>168</ns3:hr>
          </ns3:TrackPointExtension>
        </extensions>
      </trkpt>
      <trkpt lat="45.4231028817594051361083984375" lon="-73.6557895503938198089599609375">
        <ele>39.200000762939453125</ele>
        <time>2024-05-23T17:11:45.000Z</time>
        <extensions>
          <ns3:TrackPointExtension>
            <ns3:hr>169</ns3:hr>
          </ns3:TrackPointExtension>
        </extensions>
      </trkpt>
      <trkpt lat="45.42299483902752399444580078125" lon="-73.655637167394161224365234375">
        <ele>39.200000762939453125</ele>
        <time>2024-05-23T17:11:49.000Z</time>
        <extensions>
          <ns3:TrackPointExtension>
            <ns3:hr>172</ns3:hr>
          </ns3:TrackPointExtension>
        </extensions>
      </trkpt>
      <trkpt lat="45.42286391369998455047607421875" lon="-73.65542954765260219573974609375">
        <ele>39</ele>
        <time>2024-05-23T17:11:54.000Z</time>
        <extensions>
          <ns3:TrackPointExtension>
            <ns3:hr>172</ns3:hr>
          </ns3:TrackPointExtension>
        </extensions>
      </trkpt>
      <trkpt lat="45.4226797632873058319091796875" lon="-73.6551761627197265625">
        <ele>38.40000152587890625</ele>
        <time>2024-05-23T17:12:00.000Z</time>
        <extensions>
          <ns3:TrackPointExtension>
            <ns3:hr>171</ns3:hr>
          </ns3:TrackPointExtension>
        </extensions>
      </trkpt>
      <trkpt lat="45.42259669862687587738037109375" lon="-73.65502721630036830902099609375">
        <ele>38.200000762939453125</ele>
        <time>2024-05-23T17:12:03.000Z</time>
        <extensions>
          <ns3:TrackPointExtension>
            <ns3:hr>170</ns3:hr>
          </ns3:TrackPointExtension>
        </extensions>
      </trkpt>
      <trkpt lat="45.42254573665559291839599609375" lon="-73.65491892211139202117919921875">
        <ele>37.799999237060546875</ele>
        <time>2024-05-23T17:12:05.000Z</time>
        <extensions>
          <ns3:TrackPointExtension>
            <ns3:hr>169</ns3:hr>
          </ns3:TrackPointExtension>
        </extensions>
      </trkpt>
      <trkpt lat="45.4223548807203769683837890625" lon="-73.65463578142225742340087890625">
        <ele>37</ele>
        <time>2024-05-23T17:12:11.000Z</time>
        <extensions>
          <ns3:TrackPointExtension>
            <ns3:hr>168</ns3:hr>
          </ns3:TrackPointExtension>
        </extensions>
      </trkpt>
      <trkpt lat="45.422241725027561187744140625" lon="-73.6544517986476421356201171875">
        <ele>36.799999237060546875</ele>
        <time>2024-05-23T17:12:15.000Z</time>
        <extensions>
          <ns3:TrackPointExtension>
            <ns3:hr>166</ns3:hr>
          </ns3:TrackPointExtension>
        </extensions>
      </trkpt>
      <trkpt lat="45.42217500507831573486328125" lon="-73.65436135791242122650146484375">
        <ele>36.59999847412109375</ele>
        <time>2024-05-23T17:12:17.000Z</time>
        <extensions>
          <ns3:TrackPointExtension>
            <ns3:hr>164</ns3:hr>
          </ns3:TrackPointExtension>
        </extensions>
      </trkpt>
      <trkpt lat="45.42211473919451236724853515625" lon="-73.654263205826282501220703125">
        <ele>36.59999847412109375</ele>
        <time>2024-05-23T17:12:19.000Z</time>
        <extensions>
          <ns3:TrackPointExtension>
            <ns3:hr>163</ns3:hr>
          </ns3:TrackPointExtension>
        </extensions>
      </trkpt>
      <trkpt lat="45.42191684246063232421875" lon="-73.6539485491812229156494140625">
        <ele>36.59999847412109375</ele>
        <time>2024-05-23T17:12:26.000Z</time>
        <extensions>
          <ns3:TrackPointExtension>
            <ns3:hr>161</ns3:hr>
          </ns3:TrackPointExtension>
        </extensions>
      </trkpt>
      <trkpt lat="45.42168659158051013946533203125" lon="-73.65360983647406101226806640625">
        <ele>36.40000152587890625</ele>
        <time>2024-05-23T17:12:34.000Z</time>
        <extensions>
          <ns3:TrackPointExtension>
            <ns3:hr>158</ns3:hr>
          </ns3:TrackPointExtension>
        </extensions>
      </trkpt>
      <trkpt lat="45.4215924628078937530517578125" lon="-73.65347321145236492156982421875">
        <ele>36.200000762939453125</ele>
        <time>2024-05-23T17:12:37.000Z</time>
        <extensions>
          <ns3:TrackPointExtension>
            <ns3:hr>156</ns3:hr>
          </ns3:TrackPointExtension>
        </extensions>
      </trkpt>
      <trkpt lat="45.421351902186870574951171875" lon="-73.6530490033328533172607421875">
        <ele>36</ele>
        <time>2024-05-23T17:12:46.000Z</time>
        <extensions>
          <ns3:TrackPointExtension>
            <ns3:hr>154</ns3:hr>
          </ns3:TrackPointExtension>
        </extensions>
      </trkpt>
      <trkpt lat="45.42121452279388904571533203125" lon="-73.6525883339345455169677734375">
        <ele>36.59999847412109375</ele>
        <time>2024-05-23T17:12:54.000Z</time>
        <extensions>
          <ns3:TrackPointExtension>
            <ns3:hr>156</ns3:hr>
          </ns3:TrackPointExtension>
        </extensions>
      </trkpt>
      <trkpt lat="45.4211079888045787811279296875" lon="-73.6522074602544307708740234375">
        <ele>36.59999847412109375</ele>
        <time>2024-05-23T17:13:01.000Z</time>
        <extensions>
          <ns3:TrackPointExtension>
            <ns3:hr>157</ns3:hr>
          </ns3:TrackPointExtension>
        </extensions>
      </trkpt>
      <trkpt lat="45.4210402630269527435302734375" lon="-73.6520518921315670013427734375">
        <ele>36.799999237060546875</ele>
        <time>2024-05-23T17:13:04.000Z</time>
        <extensions>
          <ns3:TrackPointExtension>
            <ns3:hr>158</ns3:hr>
          </ns3:TrackPointExtension>
        </extensions>
      </trkpt>
      <trkpt lat="45.4210194759070873260498046875" lon="-73.65199975669384002685546875">
        <ele>36.799999237060546875</ele>
        <time>2024-05-23T17:13:05.000Z</time>
        <extensions>
          <ns3:TrackPointExtension>
            <ns3:hr>158</ns3:hr>
          </ns3:TrackPointExtension>
        </extensions>
      </trkpt>
      <trkpt lat="45.42097614146769046783447265625" lon="-73.65190495736896991729736328125">
        <ele>37</ele>
        <time>2024-05-23T17:13:07.000Z</time>
        <extensions>
          <ns3:TrackPointExtension>
            <ns3:hr>160</ns3:hr>
          </ns3:TrackPointExtension>
        </extensions>
      </trkpt>
      <trkpt lat="45.4209286160767078399658203125" lon="-73.651738576591014862060546875">
        <ele>37.200000762939453125</ele>
        <time>2024-05-23T17:13:10.000Z</time>
        <extensions>
          <ns3:TrackPointExtension>
            <ns3:hr>159</ns3:hr>
          </ns3:TrackPointExtension>
        </extensions>
      </trkpt>
      <trkpt lat="45.42087052948772907257080078125" lon="-73.6515189707279205322265625">
        <ele>37.59999847412109375</ele>
        <time>2024-05-23T17:13:14.000Z</time>
        <extensions>
          <ns3:TrackPointExtension>
            <ns3:hr>161</ns3:hr>
          </ns3:TrackPointExtension>
        </extensions>
      </trkpt>
      <trkpt lat="45.420842282474040985107421875" lon="-73.65141126327216625213623046875">
        <ele>37.799999237060546875</ele>
        <time>2024-05-23T17:13:16.000Z</time>
        <extensions>
          <ns3:TrackPointExtension>
            <ns3:hr>163</ns3:hr>
          </ns3:TrackPointExtension>
        </extensions>
      </trkpt>
      <trkpt lat="45.4208102636039257049560546875" lon="-73.651304058730602264404296875">
        <ele>38</ele>
        <time>2024-05-23T17:13:18.000Z</time>
        <extensions>
          <ns3:TrackPointExtension>
            <ns3:hr>166</ns3:hr>
          </ns3:TrackPointExtension>
        </extensions>
      </trkpt>
      <trkpt lat="45.42078302241861820220947265625" lon="-73.651203811168670654296875">
        <ele>38.200000762939453125</ele>
        <time>2024-05-23T17:13:20.000Z</time>
        <extensions>
          <ns3:TrackPointExtension>
            <ns3:hr>169</ns3:hr>
          </ns3:TrackPointExtension>
        </extensions>
      </trkpt>
      <trkpt lat="45.42074882425367832183837890625" lon="-73.65104145370423793792724609375">
        <ele>38.59999847412109375</ele>
        <time>2024-05-23T17:13:23.000Z</time>
        <extensions>
          <ns3:TrackPointExtension>
            <ns3:hr>172</ns3:hr>
          </ns3:TrackPointExtension>
        </extensions>
      </trkpt>
      <trkpt lat="45.4207274504005908966064453125" lon="-73.650990240275859832763671875">
        <ele>38.59999847412109375</ele>
        <time>2024-05-23T17:13:24.000Z</time>
        <extensions>
          <ns3:TrackPointExtension>
            <ns3:hr>172</ns3:hr>
          </ns3:TrackPointExtension>
        </extensions>
      </trkpt>
      <trkpt lat="45.420577414333820343017578125" lon="-73.6505149863660335540771484375">
        <ele>38.59999847412109375</ele>
        <time>2024-05-23T17:13:33.000Z</time>
        <extensions>
          <ns3:TrackPointExtension>
            <ns3:hr>173</ns3:hr>
          </ns3:TrackPointExtension>
        </extensions>
      </trkpt>
      <trkpt lat="45.4204984568059444427490234375" lon="-73.6502357013523578643798828125">
        <ele>38.59999847412109375</ele>
        <time>2024-05-23T17:13:38.000Z</time>
        <extensions>
          <ns3:TrackPointExtension>
            <ns3:hr>173</ns3:hr>
          </ns3:TrackPointExtension>
        </extensions>
      </trkpt>
      <trkpt lat="45.4204786755144596099853515625" lon="-73.65018649958074092864990234375">
        <ele>38.799999237060546875</ele>
        <time>2024-05-23T17:13:39.000Z</time>
        <extensions>
          <ns3:TrackPointExtension>
            <ns3:hr>172</ns3:hr>
          </ns3:TrackPointExtension>
        </extensions>
      </trkpt>
      <trkpt lat="45.42044221423566341400146484375" lon="-73.65008507855236530303955078125">
        <ele>38.799999237060546875</ele>
        <time>2024-05-23T17:13:41.000Z</time>
        <extensions>
          <ns3:TrackPointExtension>
            <ns3:hr>171</ns3:hr>
          </ns3:TrackPointExtension>
        </extensions>
      </trkpt>
      <trkpt lat="45.42033928446471691131591796875" lon="-73.649769164621829986572265625">
        <ele>38.799999237060546875</ele>
        <time>2024-05-23T17:13:47.000Z</time>
        <extensions>
          <ns3:TrackPointExtension>
            <ns3:hr>169</ns3:hr>
          </ns3:TrackPointExtension>
        </extensions>
      </trkpt>
      <trkpt lat="45.4203177429735660552978515625" lon="-73.64971728064119815826416015625">
        <ele>38.59999847412109375</ele>
        <time>2024-05-23T17:13:48.000Z</time>
        <extensions>
          <ns3:TrackPointExtension>
            <ns3:hr>170</ns3:hr>
          </ns3:TrackPointExtension>
        </extensions>
      </trkpt>
      <trkpt lat="45.42021556757390499114990234375" lon="-73.649472109973430633544921875">
        <ele>38.200000762939453125</ele>
        <time>2024-05-23T17:13:53.000Z</time>
        <extensions>
          <ns3:TrackPointExtension>
            <ns3:hr>168</ns3:hr>
          </ns3:TrackPointExtension>
        </extensions>
      </trkpt>
      <trkpt lat="45.4201286472380161285400390625" lon="-73.649288713932037353515625">
        <ele>38</ele>
        <time>2024-05-23T17:13:57.000Z</time>
        <extensions>
          <ns3:TrackPointExtension>
            <ns3:hr>166</ns3:hr>
          </ns3:TrackPointExtension>
        </extensions>
      </trkpt>
      <trkpt lat="45.4200263880193233489990234375" lon="-73.64909852854907512664794921875">
        <ele>38</ele>
        <time>2024-05-23T17:14:01.000Z</time>
        <extensions>
          <ns3:TrackPointExtension>
            <ns3:hr>162</ns3:hr>
          </ns3:TrackPointExtension>
        </extensions>
      </trkpt>
      <trkpt lat="45.419971905648708343505859375" lon="-73.649006076157093048095703125">
        <ele>37.799999237060546875</ele>
        <time>2024-05-23T17:14:03.000Z</time>
        <extensions>
          <ns3:TrackPointExtension>
            <ns3:hr>158</ns3:hr>
          </ns3:TrackPointExtension>
        </extensions>
      </trkpt>
      <trkpt lat="45.41984994895756244659423828125" lon="-73.64874883554875850677490234375">
        <ele>37.59999847412109375</ele>
        <time>2024-05-23T17:14:08.000Z</time>
        <extensions>
          <ns3:TrackPointExtension>
            <ns3:hr>156</ns3:hr>
          </ns3:TrackPointExtension>
        </extensions>
      </trkpt>
      <trkpt lat="45.41978423483669757843017578125" lon="-73.64858153276145458221435546875">
        <ele>37.40000152587890625</ele>
        <time>2024-05-23T17:14:11.000Z</time>
        <extensions>
          <ns3:TrackPointExtension>
            <ns3:hr>157</ns3:hr>
          </ns3:TrackPointExtension>
        </extensions>
      </trkpt>
      <trkpt lat="45.419690273702144622802734375" lon="-73.64843719638884067535400390625">
        <ele>37.200000762939453125</ele>
        <time>2024-05-23T17:14:14.000Z</time>
        <extensions>
          <ns3:TrackPointExtension>
            <ns3:hr>157</ns3:hr>
          </ns3:TrackPointExtension>
        </extensions>
      </trkpt>
      <trkpt lat="45.41951450519263744354248046875" lon="-73.64816528744995594024658203125">
        <ele>37.200000762939453125</ele>
        <time>2024-05-23T17:14:20.000Z</time>
        <extensions>
          <ns3:TrackPointExtension>
            <ns3:hr>160</ns3:hr>
          </ns3:TrackPointExtension>
        </extensions>
      </trkpt>
      <trkpt lat="45.41944694705307483673095703125" lon="-73.6480731703341007232666015625">
        <ele>37</ele>
        <time>2024-05-23T17:14:22.000Z</time>
        <extensions>
          <ns3:TrackPointExtension>
            <ns3:hr>159</ns3:hr>
          </ns3:TrackPointExtension>
        </extensions>
      </trkpt>
      <trkpt lat="45.41938550770282745361328125" lon="-73.647990189492702484130859375">
        <ele>36.799999237060546875</ele>
        <time>2024-05-23T17:14:24.000Z</time>
        <extensions>
          <ns3:TrackPointExtension>
            <ns3:hr>159</ns3:hr>
          </ns3:TrackPointExtension>
        </extensions>
      </trkpt>
      <trkpt lat="45.419263802468776702880859375" lon="-73.6478046141564846038818359375">
        <ele>36.799999237060546875</ele>
        <time>2024-05-23T17:14:28.000Z</time>
        <extensions>
          <ns3:TrackPointExtension>
            <ns3:hr>158</ns3:hr>
          </ns3:TrackPointExtension>
        </extensions>
      </trkpt>
      <trkpt lat="45.41901578195393085479736328125" lon="-73.64738174714148044586181640625">
        <ele>37</ele>
        <time>2024-05-23T17:14:37.000Z</time>
        <extensions>
          <ns3:TrackPointExtension>
            <ns3:hr>159</ns3:hr>
          </ns3:TrackPointExtension>
        </extensions>
      </trkpt>
      <trkpt lat="45.4187902249395847320556640625" lon="-73.6469261907041072845458984375">
        <ele>37</ele>
        <time>2024-05-23T17:14:46.000Z</time>
        <extensions>
          <ns3:TrackPointExtension>
            <ns3:hr>160</ns3:hr>
          </ns3:TrackPointExtension>
        </extensions>
      </trkpt>
      <trkpt lat="45.418536253273487091064453125" lon="-73.6464993841946125030517578125">
        <ele>37.200000762939453125</ele>
        <time>2024-05-23T17:14:55.000Z</time>
        <extensions>
          <ns3:TrackPointExtension>
            <ns3:hr>161</ns3:hr>
          </ns3:TrackPointExtension>
        </extensions>
      </trkpt>
      <trkpt lat="45.41825688444077968597412109375" lon="-73.64604785107076168060302734375">
        <ele>37.200000762939453125</ele>
        <time>2024-05-23T17:15:05.000Z</time>
        <extensions>
          <ns3:TrackPointExtension>
            <ns3:hr>160</ns3:hr>
          </ns3:TrackPointExtension>
        </extensions>
      </trkpt>
      <trkpt lat="45.41795597411692142486572265625" lon="-73.64559388719499111175537109375">
        <ele>37</ele>
        <time>2024-05-23T17:15:15.000Z</time>
        <extensions>
          <ns3:TrackPointExtension>
            <ns3:hr>158</ns3:hr>
          </ns3:TrackPointExtension>
        </extensions>
      </trkpt>
      <trkpt lat="45.4178222827613353729248046875" lon="-73.6453765444457530975341796875">
        <ele>37</ele>
        <time>2024-05-23T17:15:20.000Z</time>
        <extensions>
          <ns3:TrackPointExtension>
            <ns3:hr>155</ns3:hr>
          </ns3:TrackPointExtension>
        </extensions>
      </trkpt>
      <trkpt lat="45.4176856577396392822265625" lon="-73.64516523666679859161376953125">
        <ele>36.799999237060546875</ele>
        <time>2024-05-23T17:15:25.000Z</time>
        <extensions>
          <ns3:TrackPointExtension>
            <ns3:hr>152</ns3:hr>
          </ns3:TrackPointExtension>
        </extensions>
      </trkpt>
      <trkpt lat="45.41745088063180446624755859375" lon="-73.64474840462207794189453125">
        <ele>36.59999847412109375</ele>
        <time>2024-05-23T17:15:34.000Z</time>
        <extensions>
          <ns3:TrackPointExtension>
            <ns3:hr>152</ns3:hr>
          </ns3:TrackPointExtension>
        </extensions>
      </trkpt>
      <trkpt lat="45.41718685068190097808837890625" lon="-73.64436979405581951141357421875">
        <ele>36.799999237060546875</ele>
        <time>2024-05-23T17:15:43.000Z</time>
        <extensions>
          <ns3:TrackPointExtension>
            <ns3:hr>154</ns3:hr>
          </ns3:TrackPointExtension>
        </extensions>
      </trkpt>
      <trkpt lat="45.41689951904118061065673828125" lon="-73.64394843578338623046875">
        <ele>37</ele>
        <time>2024-05-23T17:15:53.000Z</time>
        <extensions>
          <ns3:TrackPointExtension>
            <ns3:hr>151</ns3:hr>
          </ns3:TrackPointExtension>
        </extensions>
      </trkpt>
      <trkpt lat="45.41687135584652423858642578125" lon="-73.6439103819429874420166015625">
        <ele>37</ele>
        <time>2024-05-23T17:15:54.000Z</time>
        <extensions>
          <ns3:TrackPointExtension>
            <ns3:hr>151</ns3:hr>
          </ns3:TrackPointExtension>
        </extensions>
      </trkpt>
      <trkpt lat="45.4167361557483673095703125" lon="-73.64365045912563800811767578125">
        <ele>36</ele>
        <time>2024-05-23T17:16:00.000Z</time>
        <extensions>
          <ns3:TrackPointExtension>
            <ns3:hr>152</ns3:hr>
          </ns3:TrackPointExtension>
        </extensions>
      </trkpt>
      <trkpt lat="45.41668460704386234283447265625" lon="-73.64345449022948741912841796875">
        <ele>35.799999237060546875</ele>
        <time>2024-05-23T17:16:04.000Z</time>
        <extensions>
          <ns3:TrackPointExtension>
            <ns3:hr>154</ns3:hr>
          </ns3:TrackPointExtension>
        </extensions>
      </trkpt>
      <trkpt lat="45.4166498221457004547119140625" lon="-73.64338056184351444244384765625">
        <ele>35.799999237060546875</ele>
        <time>2024-05-23T17:16:06.000Z</time>
        <extensions>
          <ns3:TrackPointExtension>
            <ns3:hr>155</ns3:hr>
          </ns3:TrackPointExtension>
        </extensions>
      </trkpt>
      <trkpt lat="45.4165167175233364105224609375" lon="-73.6431617103517055511474609375">
        <ele>35.59999847412109375</ele>
        <time>2024-05-23T17:16:11.000Z</time>
        <extensions>
          <ns3:TrackPointExtension>
            <ns3:hr>154</ns3:hr>
          </ns3:TrackPointExtension>
        </extensions>
      </trkpt>
      <trkpt lat="45.41649031452834606170654296875" lon="-73.643033467233180999755859375">
        <ele>35.59999847412109375</ele>
        <time>2024-05-23T17:16:13.000Z</time>
        <extensions>
          <ns3:TrackPointExtension>
            <ns3:hr>154</ns3:hr>
          </ns3:TrackPointExtension>
        </extensions>
      </trkpt>
      <trkpt lat="45.41645376943051815032958984375" lon="-73.64283976145088672637939453125">
        <ele>35.59999847412109375</ele>
        <time>2024-05-23T17:16:16.000Z</time>
        <extensions>
          <ns3:TrackPointExtension>
            <ns3:hr>155</ns3:hr>
          </ns3:TrackPointExtension>
        </extensions>
      </trkpt>
      <trkpt lat="45.41633985936641693115234375" lon="-73.642387725412845611572265625">
        <ele>36.200000762939453125</ele>
        <time>2024-05-23T17:16:24.000Z</time>
        <extensions>
          <ns3:TrackPointExtension>
            <ns3:hr>157</ns3:hr>
          </ns3:TrackPointExtension>
        </extensions>
      </trkpt>
      <trkpt lat="45.4162075929343700408935546875" lon="-73.6419010721147060394287109375">
        <ele>36.200000762939453125</ele>
        <time>2024-05-23T17:16:33.000Z</time>
        <extensions>
          <ns3:TrackPointExtension>
            <ns3:hr>160</ns3:hr>
          </ns3:TrackPointExtension>
        </extensions>
      </trkpt>
      <trkpt lat="45.4161938466131687164306640625" lon="-73.64185254089534282684326171875">
        <ele>36.200000762939453125</ele>
        <time>2024-05-23T17:16:34.000Z</time>
        <extensions>
          <ns3:TrackPointExtension>
            <ns3:hr>160</ns3:hr>
          </ns3:TrackPointExtension>
        </extensions>
      </trkpt>
      <trkpt lat="45.416077338159084320068359375" lon="-73.64142606966197490692138671875">
        <ele>36</ele>
        <time>2024-05-23T17:16:42.000Z</time>
        <extensions>
          <ns3:TrackPointExtension>
            <ns3:hr>157</ns3:hr>
          </ns3:TrackPointExtension>
        </extensions>
      </trkpt>
      <trkpt lat="45.41604825295507907867431640625" lon="-73.6413133330643177032470703125">
        <ele>36</ele>
        <time>2024-05-23T17:16:44.000Z</time>
        <extensions>
          <ns3:TrackPointExtension>
            <ns3:hr>157</ns3:hr>
          </ns3:TrackPointExtension>
        </extensions>
      </trkpt>
      <trkpt lat="45.4160039126873016357421875" lon="-73.6410759575664997100830078125">
        <ele>36</ele>
        <time>2024-05-23T17:16:48.000Z</time>
        <extensions>
          <ns3:TrackPointExtension>
            <ns3:hr>156</ns3:hr>
          </ns3:TrackPointExtension>
        </extensions>
      </trkpt>
      <trkpt lat="45.41590140201151371002197265625" lon="-73.64057580940425395965576171875">
        <ele>36</ele>
        <time>2024-05-23T17:16:56.000Z</time>
        <extensions>
          <ns3:TrackPointExtension>
            <ns3:hr>157</ns3:hr>
          </ns3:TrackPointExtension>
        </extensions>
      </trkpt>
      <trkpt lat="45.415831245481967926025390625" lon="-73.6399474181234836578369140625">
        <ele>35.59999847412109375</ele>
        <time>2024-05-23T17:17:06.000Z</time>
        <extensions>
          <ns3:TrackPointExtension>
            <ns3:hr>157</ns3:hr>
          </ns3:TrackPointExtension>
        </extensions>
      </trkpt>
      <trkpt lat="45.41581238619983196258544921875" lon="-73.639686405658721923828125">
        <ele>35.59999847412109375</ele>
        <time>2024-05-23T17:17:10.000Z</time>
        <extensions>
          <ns3:TrackPointExtension>
            <ns3:hr>160</ns3:hr>
          </ns3:TrackPointExtension>
        </extensions>
      </trkpt>
      <trkpt lat="45.4158099554479122161865234375" lon="-73.63941960968077182769775390625">
        <ele>35.40000152587890625</ele>
        <time>2024-05-23T17:17:14.000Z</time>
        <extensions>
          <ns3:TrackPointExtension>
            <ns3:hr>162</ns3:hr>
          </ns3:TrackPointExtension>
        </extensions>
      </trkpt>
      <trkpt lat="45.41575371287763118743896484375" lon="-73.638694994151592254638671875">
        <ele>35.200000762939453125</ele>
        <time>2024-05-23T17:17:25.000Z</time>
        <extensions>
          <ns3:TrackPointExtension>
            <ns3:hr>161</ns3:hr>
          </ns3:TrackPointExtension>
        </extensions>
      </trkpt>
      <trkpt lat="45.41574449278414249420166015625" lon="-73.6383846960961818695068359375">
        <ele>34.200000762939453125</ele>
        <time>2024-05-23T17:17:29.000Z</time>
        <extensions>
          <ns3:TrackPointExtension>
            <ns3:hr>160</ns3:hr>
          </ns3:TrackPointExtension>
        </extensions>
      </trkpt>
      <trkpt lat="45.41574097238481044769287109375" lon="-73.63822217099368572235107421875">
        <ele>33.59999847412109375</ele>
        <time>2024-05-23T17:17:31.000Z</time>
        <extensions>
          <ns3:TrackPointExtension>
            <ns3:hr>160</ns3:hr>
          </ns3:TrackPointExtension>
        </extensions>
      </trkpt>
      <trkpt lat="45.415734015405178070068359375" lon="-73.63813432864844799041748046875">
        <ele>33.200000762939453125</ele>
        <time>2024-05-23T17:17:32.000Z</time>
        <extensions>
          <ns3:TrackPointExtension>
            <ns3:hr>160</ns3:hr>
          </ns3:TrackPointExtension>
        </extensions>
      </trkpt>
      <trkpt lat="45.4156711511313915252685546875" lon="-73.6376903392374515533447265625">
        <ele>32</ele>
        <time>2024-05-23T17:17:37.000Z</time>
        <extensions>
          <ns3:TrackPointExtension>
            <ns3:hr>159</ns3:hr>
          </ns3:TrackPointExtension>
        </extensions>
      </trkpt>
      <trkpt lat="45.4156444966793060302734375" lon="-73.637497723102569580078125">
        <ele>31.6000003814697265625</ele>
        <time>2024-05-23T17:17:39.000Z</time>
        <extensions>
          <ns3:TrackPointExtension>
            <ns3:hr>156</ns3:hr>
          </ns3:TrackPointExtension>
        </extensions>
      </trkpt>
      <trkpt lat="45.41562111116945743560791015625" lon="-73.63720159046351909637451171875">
        <ele>30.799999237060546875</ele>
        <time>2024-05-23T17:17:42.000Z</time>
        <extensions>
          <ns3:TrackPointExtension>
            <ns3:hr>154</ns3:hr>
          </ns3:TrackPointExtension>
        </extensions>
      </trkpt>
      <trkpt lat="45.41561993770301342010498046875" lon="-73.63710276782512664794921875">
        <ele>30.3999996185302734375</ele>
        <time>2024-05-23T17:17:43.000Z</time>
        <extensions>
          <ns3:TrackPointExtension>
            <ns3:hr>154</ns3:hr>
          </ns3:TrackPointExtension>
        </extensions>
      </trkpt>
      <trkpt lat="45.41562949307262897491455078125" lon="-73.636901266872882843017578125">
        <ele>29.6000003814697265625</ele>
        <time>2024-05-23T17:17:45.000Z</time>
        <extensions>
          <ns3:TrackPointExtension>
            <ns3:hr>154</ns3:hr>
          </ns3:TrackPointExtension>
        </extensions>
      </trkpt>
      <trkpt lat="45.4156818799674510955810546875" lon="-73.63651209510862827301025390625">
        <ele>28.6000003814697265625</ele>
        <time>2024-05-23T17:17:49.000Z</time>
        <extensions>
          <ns3:TrackPointExtension>
            <ns3:hr>153</ns3:hr>
          </ns3:TrackPointExtension>
        </extensions>
      </trkpt>
      <trkpt lat="45.415702164173126220703125" lon="-73.636430203914642333984375">
        <ele>28.3999996185302734375</ele>
        <time>2024-05-23T17:17:50.000Z</time>
        <extensions>
          <ns3:TrackPointExtension>
            <ns3:hr>150</ns3:hr>
          </ns3:TrackPointExtension>
        </extensions>
      </trkpt>
      <trkpt lat="45.4157140664756298065185546875" lon="-73.6363509111106395721435546875">
        <ele>28.3999996185302734375</ele>
        <time>2024-05-23T17:17:51.000Z</time>
        <extensions>
          <ns3:TrackPointExtension>
            <ns3:hr>153</ns3:hr>
          </ns3:TrackPointExtension>
        </extensions>
      </trkpt>
      <trkpt lat="45.41573141701519489288330078125" lon="-73.63619660027325153350830078125">
        <ele>28.3999996185302734375</ele>
        <time>2024-05-23T17:17:53.000Z</time>
        <extensions>
          <ns3:TrackPointExtension>
            <ns3:hr>151</ns3:hr>
          </ns3:TrackPointExtension>
        </extensions>
      </trkpt>
      <trkpt lat="45.4157479293644428253173828125" lon="-73.6360478214919567108154296875">
        <ele>28.799999237060546875</ele>
        <time>2024-05-23T17:17:55.000Z</time>
        <extensions>
          <ns3:TrackPointExtension>
            <ns3:hr>154</ns3:hr>
          </ns3:TrackPointExtension>
        </extensions>
      </trkpt>
      <trkpt lat="45.4157764278352260589599609375" lon="-73.635847158730030059814453125">
        <ele>28.799999237060546875</ele>
        <time>2024-05-23T17:17:58.000Z</time>
        <extensions>
          <ns3:TrackPointExtension>
            <ns3:hr>152</ns3:hr>
          </ns3:TrackPointExtension>
        </extensions>
      </trkpt>
      <trkpt lat="45.415802411735057830810546875" lon="-73.6356397904455661773681640625">
        <ele>28.799999237060546875</ele>
        <time>2024-05-23T17:18:01.000Z</time>
        <extensions>
          <ns3:TrackPointExtension>
            <ns3:hr>152</ns3:hr>
          </ns3:TrackPointExtension>
        </extensions>
      </trkpt>
      <trkpt lat="45.4158086143434047698974609375" lon="-73.63550090231001377105712890625">
        <ele>28.799999237060546875</ele>
        <time>2024-05-23T17:18:03.000Z</time>
        <extensions>
          <ns3:TrackPointExtension>
            <ns3:hr>148</ns3:hr>
          </ns3:TrackPointExtension>
        </extensions>
      </trkpt>
      <trkpt lat="45.41583987884223461151123046875" lon="-73.635067977011203765869140625">
        <ele>28.3999996185302734375</ele>
        <time>2024-05-23T17:18:09.000Z</time>
        <extensions>
          <ns3:TrackPointExtension>
            <ns3:hr>149</ns3:hr>
          </ns3:TrackPointExtension>
        </extensions>
      </trkpt>
      <trkpt lat="45.415886901319026947021484375" lon="-73.63481425680220127105712890625">
        <ele>28.200000762939453125</ele>
        <time>2024-05-23T17:18:13.000Z</time>
        <extensions>
          <ns3:TrackPointExtension>
            <ns3:hr>147</ns3:hr>
          </ns3:TrackPointExtension>
        </extensions>
      </trkpt>
      <trkpt lat="45.41589327156543731689453125" lon="-73.6347452737390995025634765625">
        <ele>28.200000762939453125</ele>
        <time>2024-05-23T17:18:14.000Z</time>
        <extensions>
          <ns3:TrackPointExtension>
            <ns3:hr>146</ns3:hr>
          </ns3:TrackPointExtension>
        </extensions>
      </trkpt>
      <trkpt lat="45.4159460775554180145263671875" lon="-73.63420355133712291717529296875">
        <ele>27.799999237060546875</ele>
        <time>2024-05-23T17:18:22.000Z</time>
        <extensions>
          <ns3:TrackPointExtension>
            <ns3:hr>146</ns3:hr>
          </ns3:TrackPointExtension>
        </extensions>
      </trkpt>
      <trkpt lat="45.41597499512135982513427734375" lon="-73.6338110268115997314453125">
        <ele>27.799999237060546875</ele>
        <time>2024-05-23T17:18:28.000Z</time>
        <extensions>
          <ns3:TrackPointExtension>
            <ns3:hr>149</ns3:hr>
          </ns3:TrackPointExtension>
        </extensions>
      </trkpt>
      <trkpt lat="45.41598086245357990264892578125" lon="-73.63374891690909862518310546875">
        <ele>27.6000003814697265625</ele>
        <time>2024-05-23T17:18:29.000Z</time>
        <extensions>
          <ns3:TrackPointExtension>
            <ns3:hr>150</ns3:hr>
          </ns3:TrackPointExtension>
        </extensions>
      </trkpt>
      <trkpt lat="45.4160047508776187896728515625" lon="-73.63344733603298664093017578125">
        <ele>27.6000003814697265625</ele>
        <time>2024-05-23T17:18:34.000Z</time>
        <extensions>
          <ns3:TrackPointExtension>
            <ns3:hr>152</ns3:hr>
          </ns3:TrackPointExtension>
        </extensions>
      </trkpt>
      <trkpt lat="45.41599452495574951171875" lon="-73.633329235017299652099609375">
        <ele>27.799999237060546875</ele>
        <time>2024-05-23T17:18:36.000Z</time>
        <extensions>
          <ns3:TrackPointExtension>
            <ns3:hr>153</ns3:hr>
          </ns3:TrackPointExtension>
        </extensions>
      </trkpt>
      <trkpt lat="45.41596309281885623931884765625" lon="-73.632979877293109893798828125">
        <ele>27.799999237060546875</ele>
        <time>2024-05-23T17:18:42.000Z</time>
        <extensions>
          <ns3:TrackPointExtension>
            <ns3:hr>154</ns3:hr>
          </ns3:TrackPointExtension>
        </extensions>
      </trkpt>
      <trkpt lat="45.41595571674406528472900390625" lon="-73.6329260654747486114501953125">
        <ele>27.799999237060546875</ele>
        <time>2024-05-23T17:18:43.000Z</time>
        <extensions>
          <ns3:TrackPointExtension>
            <ns3:hr>154</ns3:hr>
          </ns3:TrackPointExtension>
        </extensions>
      </trkpt>
      <trkpt lat="45.415948592126369476318359375" lon="-73.632817603647708892822265625">
        <ele>28.200000762939453125</ele>
        <time>2024-05-23T17:18:45.000Z</time>
        <extensions>
          <ns3:TrackPointExtension>
            <ns3:hr>154</ns3:hr>
          </ns3:TrackPointExtension>
        </extensions>
      </trkpt>
      <trkpt lat="45.41591229848563671112060546875" lon="-73.6326638795435428619384765625">
        <ele>28.6000003814697265625</ele>
        <time>2024-05-23T17:18:48.000Z</time>
        <extensions>
          <ns3:TrackPointExtension>
            <ns3:hr>153</ns3:hr>
          </ns3:TrackPointExtension>
        </extensions>
      </trkpt>
      <trkpt lat="45.41589461266994476318359375" lon="-73.63260981626808643341064453125">
        <ele>28.3999996185302734375</ele>
        <time>2024-05-23T17:18:49.000Z</time>
        <extensions>
          <ns3:TrackPointExtension>
            <ns3:hr>152</ns3:hr>
          </ns3:TrackPointExtension>
        </extensions>
      </trkpt>
      <trkpt lat="45.41572907008230686187744140625" lon="-73.63204135559499263763427734375">
        <ele>27.6000003814697265625</ele>
        <time>2024-05-23T17:18:58.000Z</time>
        <extensions>
          <ns3:TrackPointExtension>
            <ns3:hr>153</ns3:hr>
          </ns3:TrackPointExtension>
        </extensions>
      </trkpt>
      <trkpt lat="45.41570459492504596710205078125" lon="-73.63198108971118927001953125">
        <ele>27.6000003814697265625</ele>
        <time>2024-05-23T17:18:59.000Z</time>
        <extensions>
          <ns3:TrackPointExtension>
            <ns3:hr>152</ns3:hr>
          </ns3:TrackPointExtension>
        </extensions>
      </trkpt>
      <trkpt lat="45.41558825410902500152587890625" lon="-73.63176223821938037872314453125">
        <ele>27.6000003814697265625</ele>
        <time>2024-05-23T17:19:03.000Z</time>
        <extensions>
          <ns3:TrackPointExtension>
            <ns3:hr>155</ns3:hr>
          </ns3:TrackPointExtension>
        </extensions>
      </trkpt>
      <trkpt lat="45.4155586659908294677734375" lon="-73.63171261735260486602783203125">
        <ele>27.6000003814697265625</ele>
        <time>2024-05-23T17:19:04.000Z</time>
        <extensions>
          <ns3:TrackPointExtension>
            <ns3:hr>155</ns3:hr>
          </ns3:TrackPointExtension>
        </extensions>
      </trkpt>
      <trkpt lat="45.4152748547494411468505859375" lon="-73.6313241161406040191650390625">
        <ele>27.799999237060546875</ele>
        <time>2024-05-23T17:19:13.000Z</time>
        <extensions>
          <ns3:TrackPointExtension>
            <ns3:hr>155</ns3:hr>
          </ns3:TrackPointExtension>
        </extensions>
      </trkpt>
      <trkpt lat="45.41506941430270671844482421875" lon="-73.63102245144546031951904296875">
        <ele>27.3999996185302734375</ele>
        <time>2024-05-23T17:19:20.000Z</time>
        <extensions>
          <ns3:TrackPointExtension>
            <ns3:hr>156</ns3:hr>
          </ns3:TrackPointExtension>
        </extensions>
      </trkpt>
      <trkpt lat="45.4149915464222431182861328125" lon="-73.63088532350957393646240234375">
        <ele>27.200000762939453125</ele>
        <time>2024-05-23T17:19:23.000Z</time>
        <extensions>
          <ns3:TrackPointExtension>
            <ns3:hr>156</ns3:hr>
          </ns3:TrackPointExtension>
        </extensions>
      </trkpt>
      <trkpt lat="45.414946787059307098388671875" lon="-73.63073847256600856781005859375">
        <ele>27.3999996185302734375</ele>
        <time>2024-05-23T17:19:26.000Z</time>
        <extensions>
          <ns3:TrackPointExtension>
            <ns3:hr>155</ns3:hr>
          </ns3:TrackPointExtension>
        </extensions>
      </trkpt>
      <trkpt lat="45.4148845933377742767333984375" lon="-73.63039053976535797119140625">
        <ele>27.6000003814697265625</ele>
        <time>2024-05-23T17:19:32.000Z</time>
        <extensions>
          <ns3:TrackPointExtension>
            <ns3:hr>157</ns3:hr>
          </ns3:TrackPointExtension>
        </extensions>
      </trkpt>
      <trkpt lat="45.41488350369036197662353515625" lon="-73.6303306929767131805419921875">
        <ele>27.6000003814697265625</ele>
        <time>2024-05-23T17:19:33.000Z</time>
        <extensions>
          <ns3:TrackPointExtension>
            <ns3:hr>158</ns3:hr>
          </ns3:TrackPointExtension>
        </extensions>
      </trkpt>
      <trkpt lat="45.4148946516215801239013671875" lon="-73.63014838658273220062255859375">
        <ele>27.6000003814697265625</ele>
        <time>2024-05-23T17:19:36.000Z</time>
        <extensions>
          <ns3:TrackPointExtension>
            <ns3:hr>161</ns3:hr>
          </ns3:TrackPointExtension>
        </extensions>
      </trkpt>
      <trkpt lat="45.41491962969303131103515625" lon="-73.62975443713366985321044921875">
        <ele>27</ele>
        <time>2024-05-23T17:19:42.000Z</time>
        <extensions>
          <ns3:TrackPointExtension>
            <ns3:hr>163</ns3:hr>
          </ns3:TrackPointExtension>
        </extensions>
      </trkpt>
      <trkpt lat="45.4149315319955348968505859375" lon="-73.62969559617340564727783203125">
        <ele>26.799999237060546875</ele>
        <time>2024-05-23T17:19:43.000Z</time>
        <extensions>
          <ns3:TrackPointExtension>
            <ns3:hr>163</ns3:hr>
          </ns3:TrackPointExtension>
        </extensions>
      </trkpt>
      <trkpt lat="45.41496162302792072296142578125" lon="-73.62958009354770183563232421875">
        <ele>26.799999237060546875</ele>
        <time>2024-05-23T17:19:45.000Z</time>
        <extensions>
          <ns3:TrackPointExtension>
            <ns3:hr>162</ns3:hr>
          </ns3:TrackPointExtension>
        </extensions>
      </trkpt>
      <trkpt lat="45.4150195419788360595703125" lon="-73.62943223677575588226318359375">
        <ele>26.799999237060546875</ele>
        <time>2024-05-23T17:19:48.000Z</time>
        <extensions>
          <ns3:TrackPointExtension>
            <ns3:hr>158</ns3:hr>
          </ns3:TrackPointExtension>
        </extensions>
      </trkpt>
      <trkpt lat="45.41504577733576297760009765625" lon="-73.6293935962021350860595703125">
        <ele>26.799999237060546875</ele>
        <time>2024-05-23T17:19:49.000Z</time>
        <extensions>
          <ns3:TrackPointExtension>
            <ns3:hr>157</ns3:hr>
          </ns3:TrackPointExtension>
        </extensions>
      </trkpt>
      <trkpt lat="45.41520603932440280914306640625" lon="-73.62925403751432895660400390625">
        <ele>26.799999237060546875</ele>
        <time>2024-05-23T17:19:54.000Z</time>
        <extensions>
          <ns3:TrackPointExtension>
            <ns3:hr>156</ns3:hr>
          </ns3:TrackPointExtension>
        </extensions>
      </trkpt>
      <trkpt lat="45.41554994881153106689453125" lon="-73.6290259659290313720703125">
        <ele>26.6000003814697265625</ele>
        <time>2024-05-23T17:20:03.000Z</time>
        <extensions>
          <ns3:TrackPointExtension>
            <ns3:hr>157</ns3:hr>
          </ns3:TrackPointExtension>
        </extensions>
      </trkpt>
      <trkpt lat="45.41557333432137966156005859375" lon="-73.628973662853240966796875">
        <ele>26.6000003814697265625</ele>
        <time>2024-05-23T17:20:04.000Z</time>
        <extensions>
          <ns3:TrackPointExtension>
            <ns3:hr>156</ns3:hr>
          </ns3:TrackPointExtension>
        </extensions>
      </trkpt>
      <trkpt lat="45.41559495963156223297119140625" lon="-73.62892211414873600006103515625">
        <ele>26.3999996185302734375</ele>
        <time>2024-05-23T17:20:05.000Z</time>
        <extensions>
          <ns3:TrackPointExtension>
            <ns3:hr>156</ns3:hr>
          </ns3:TrackPointExtension>
        </extensions>
      </trkpt>
      <trkpt lat="45.4156198538839817047119140625" lon="-73.62879068590700626373291015625">
        <ele>26.6000003814697265625</ele>
        <time>2024-05-23T17:20:07.000Z</time>
        <extensions>
          <ns3:TrackPointExtension>
            <ns3:hr>155</ns3:hr>
          </ns3:TrackPointExtension>
        </extensions>
      </trkpt>
      <trkpt lat="45.41561692021787166595458984375" lon="-73.62872488796710968017578125">
        <ele>26.6000003814697265625</ele>
        <time>2024-05-23T17:20:08.000Z</time>
        <extensions>
          <ns3:TrackPointExtension>
            <ns3:hr>154</ns3:hr>
          </ns3:TrackPointExtension>
        </extensions>
      </trkpt>
      <trkpt lat="45.41558188386261463165283203125" lon="-73.628457672894001007080078125">
        <ele>26.799999237060546875</ele>
        <time>2024-05-23T17:20:12.000Z</time>
        <extensions>
          <ns3:TrackPointExtension>
            <ns3:hr>151</ns3:hr>
          </ns3:TrackPointExtension>
        </extensions>
      </trkpt>
      <trkpt lat="45.4155544750392436981201171875" lon="-73.6282861791551113128662109375">
        <ele>27</ele>
        <time>2024-05-23T17:20:15.000Z</time>
        <extensions>
          <ns3:TrackPointExtension>
            <ns3:hr>151</ns3:hr>
          </ns3:TrackPointExtension>
        </extensions>
      </trkpt>
      <trkpt lat="45.415531508624553680419921875" lon="-73.62813320942223072052001953125">
        <ele>27.3999996185302734375</ele>
        <time>2024-05-23T17:20:18.000Z</time>
        <extensions>
          <ns3:TrackPointExtension>
            <ns3:hr>154</ns3:hr>
          </ns3:TrackPointExtension>
        </extensions>
      </trkpt>
      <trkpt lat="45.41552203707396984100341796875" lon="-73.6280860193073749542236328125">
        <ele>27.6000003814697265625</ele>
        <time>2024-05-23T17:20:19.000Z</time>
        <extensions>
          <ns3:TrackPointExtension>
            <ns3:hr>154</ns3:hr>
          </ns3:TrackPointExtension>
        </extensions>
      </trkpt>
      <trkpt lat="45.41550544090569019317626953125" lon="-73.62798568792641162872314453125">
        <ele>27.799999237060546875</ele>
        <time>2024-05-23T17:20:21.000Z</time>
        <extensions>
          <ns3:TrackPointExtension>
            <ns3:hr>156</ns3:hr>
          </ns3:TrackPointExtension>
        </extensions>
      </trkpt>
      <trkpt lat="45.4154498688876628875732421875" lon="-73.62753876484930515289306640625">
        <ele>27.799999237060546875</ele>
        <time>2024-05-23T17:20:29.000Z</time>
        <extensions>
          <ns3:TrackPointExtension>
            <ns3:hr>158</ns3:hr>
          </ns3:TrackPointExtension>
        </extensions>
      </trkpt>
      <trkpt lat="45.415353141725063323974609375" lon="-73.62722779624164104461669921875">
        <ele>27.6000003814697265625</ele>
        <time>2024-05-23T17:20:35.000Z</time>
        <extensions>
          <ns3:TrackPointExtension>
            <ns3:hr>158</ns3:hr>
          </ns3:TrackPointExtension>
        </extensions>
      </trkpt>
      <trkpt lat="45.415317602455615997314453125" lon="-73.6269284784793853759765625">
        <ele>27.200000762939453125</ele>
        <time>2024-05-23T17:20:40.000Z</time>
        <extensions>
          <ns3:TrackPointExtension>
            <ns3:hr>154</ns3:hr>
          </ns3:TrackPointExtension>
        </extensions>
      </trkpt>
      <trkpt lat="45.41531248949468135833740234375" lon="-73.62675757147371768951416015625">
        <ele>27.200000762939453125</ele>
        <time>2024-05-23T17:20:43.000Z</time>
        <extensions>
          <ns3:TrackPointExtension>
            <ns3:hr>151</ns3:hr>
          </ns3:TrackPointExtension>
        </extensions>
      </trkpt>
      <trkpt lat="45.4153013415634632110595703125" lon="-73.62664625979959964752197265625">
        <ele>27.200000762939453125</ele>
        <time>2024-05-23T17:20:45.000Z</time>
        <extensions>
          <ns3:TrackPointExtension>
            <ns3:hr>152</ns3:hr>
          </ns3:TrackPointExtension>
        </extensions>
      </trkpt>
      <trkpt lat="45.41527661494910717010498046875" lon="-73.626364879310131072998046875">
        <ele>27.200000762939453125</ele>
        <time>2024-05-23T17:20:50.000Z</time>
        <extensions>
          <ns3:TrackPointExtension>
            <ns3:hr>151</ns3:hr>
          </ns3:TrackPointExtension>
        </extensions>
      </trkpt>
      <trkpt lat="45.41527829132974147796630859375" lon="-73.626041673123836517333984375">
        <ele>27</ele>
        <time>2024-05-23T17:20:56.000Z</time>
        <extensions>
          <ns3:TrackPointExtension>
            <ns3:hr>149</ns3:hr>
          </ns3:TrackPointExtension>
        </extensions>
      </trkpt>
      <trkpt lat="45.41528231464326381683349609375" lon="-73.62554454244673252105712890625">
        <ele>26.799999237060546875</ele>
        <time>2024-05-23T17:21:05.000Z</time>
        <extensions>
          <ns3:TrackPointExtension>
            <ns3:hr>150</ns3:hr>
          </ns3:TrackPointExtension>
        </extensions>
      </trkpt>
      <trkpt lat="45.4152755253016948699951171875" lon="-73.62528705038130283355712890625">
        <ele>26.6000003814697265625</ele>
        <time>2024-05-23T17:21:09.000Z</time>
        <extensions>
          <ns3:TrackPointExtension>
            <ns3:hr>150</ns3:hr>
          </ns3:TrackPointExtension>
        </extensions>
      </trkpt>
      <trkpt lat="45.41527711786329746246337890625" lon="-73.625222928822040557861328125">
        <ele>26.6000003814697265625</ele>
        <time>2024-05-23T17:21:10.000Z</time>
        <extensions>
          <ns3:TrackPointExtension>
            <ns3:hr>149</ns3:hr>
          </ns3:TrackPointExtension>
        </extensions>
      </trkpt>
      <trkpt lat="45.415253899991512298583984375" lon="-73.62478614784777164459228515625">
        <ele>26.799999237060546875</ele>
        <time>2024-05-23T17:21:17.000Z</time>
        <extensions>
          <ns3:TrackPointExtension>
            <ns3:hr>151</ns3:hr>
          </ns3:TrackPointExtension>
        </extensions>
      </trkpt>
      <trkpt lat="45.41523286141455173492431640625" lon="-73.6242906935513019561767578125">
        <ele>26.6000003814697265625</ele>
        <time>2024-05-23T17:21:25.000Z</time>
        <extensions>
          <ns3:TrackPointExtension>
            <ns3:hr>148</ns3:hr>
          </ns3:TrackPointExtension>
        </extensions>
      </trkpt>
      <trkpt lat="45.41523235850036144256591796875" lon="-73.62423797138035297393798828125">
        <ele>26.6000003814697265625</ele>
        <time>2024-05-23T17:21:26.000Z</time>
        <extensions>
          <ns3:TrackPointExtension>
            <ns3:hr>147</ns3:hr>
          </ns3:TrackPointExtension>
        </extensions>
      </trkpt>
      <trkpt lat="45.41523470543324947357177734375" lon="-73.6241823993623256683349609375">
        <ele>26.6000003814697265625</ele>
        <time>2024-05-23T17:21:27.000Z</time>
        <extensions>
          <ns3:TrackPointExtension>
            <ns3:hr>146</ns3:hr>
          </ns3:TrackPointExtension>
        </extensions>
      </trkpt>
      <trkpt lat="45.41520888917148113250732421875" lon="-73.62378048710525035858154296875">
        <ele>27.200000762939453125</ele>
        <time>2024-05-23T17:21:34.000Z</time>
        <extensions>
          <ns3:TrackPointExtension>
            <ns3:hr>147</ns3:hr>
          </ns3:TrackPointExtension>
        </extensions>
      </trkpt>
      <trkpt lat="45.41519179008901119232177734375" lon="-73.6236613802611827850341796875">
        <ele>27.3999996185302734375</ele>
        <time>2024-05-23T17:21:36.000Z</time>
        <extensions>
          <ns3:TrackPointExtension>
            <ns3:hr>151</ns3:hr>
          </ns3:TrackPointExtension>
        </extensions>
      </trkpt>
      <trkpt lat="45.4151751101016998291015625" lon="-73.62354428507387638092041015625">
        <ele>27.6000003814697265625</ele>
        <time>2024-05-23T17:21:38.000Z</time>
        <extensions>
          <ns3:TrackPointExtension>
            <ns3:hr>153</ns3:hr>
          </ns3:TrackPointExtension>
        </extensions>
      </trkpt>
      <trkpt lat="45.41516211815178394317626953125" lon="-73.62349432893097400665283203125">
        <ele>27.799999237060546875</ele>
        <time>2024-05-23T17:21:39.000Z</time>
        <extensions>
          <ns3:TrackPointExtension>
            <ns3:hr>153</ns3:hr>
          </ns3:TrackPointExtension>
        </extensions>
      </trkpt>
      <trkpt lat="45.41514694690704345703125" lon="-73.623394668102264404296875">
        <ele>27.799999237060546875</ele>
        <time>2024-05-23T17:21:41.000Z</time>
        <extensions>
          <ns3:TrackPointExtension>
            <ns3:hr>153</ns3:hr>
          </ns3:TrackPointExtension>
        </extensions>
      </trkpt>
      <trkpt lat="45.41515273042023181915283203125" lon="-73.62328394316136837005615234375">
        <ele>27.799999237060546875</ele>
        <time>2024-05-23T17:21:43.000Z</time>
        <extensions>
          <ns3:TrackPointExtension>
            <ns3:hr>154</ns3:hr>
          </ns3:TrackPointExtension>
        </extensions>
      </trkpt>
      <trkpt lat="45.4151722602546215057373046875" lon="-73.62311278469860553741455078125">
        <ele>27.799999237060546875</ele>
        <time>2024-05-23T17:21:46.000Z</time>
        <extensions>
          <ns3:TrackPointExtension>
            <ns3:hr>155</ns3:hr>
          </ns3:TrackPointExtension>
        </extensions>
      </trkpt>
      <trkpt lat="45.41518625803291797637939453125" lon="-73.6227216012775897979736328125">
        <ele>27.799999237060546875</ele>
        <time>2024-05-23T17:21:53.000Z</time>
        <extensions>
          <ns3:TrackPointExtension>
            <ns3:hr>158</ns3:hr>
          </ns3:TrackPointExtension>
        </extensions>
      </trkpt>
      <trkpt lat="45.4151762835681438446044921875" lon="-73.6225670389831066131591796875">
        <ele>28.200000762939453125</ele>
        <time>2024-05-23T17:21:56.000Z</time>
        <extensions>
          <ns3:TrackPointExtension>
            <ns3:hr>161</ns3:hr>
          </ns3:TrackPointExtension>
        </extensions>
      </trkpt>
      <trkpt lat="45.415160022675991058349609375" lon="-73.622316084802150726318359375">
        <ele>28</ele>
        <time>2024-05-23T17:22:01.000Z</time>
        <extensions>
          <ns3:TrackPointExtension>
            <ns3:hr>158</ns3:hr>
          </ns3:TrackPointExtension>
        </extensions>
      </trkpt>
      <trkpt lat="45.4151685722172260284423828125" lon="-73.622210137546062469482421875">
        <ele>27.799999237060546875</ele>
        <time>2024-05-23T17:22:03.000Z</time>
        <extensions>
          <ns3:TrackPointExtension>
            <ns3:hr>155</ns3:hr>
          </ns3:TrackPointExtension>
        </extensions>
      </trkpt>
      <trkpt lat="45.4151816479861736297607421875" lon="-73.62210544757544994354248046875">
        <ele>27.6000003814697265625</ele>
        <time>2024-05-23T17:22:05.000Z</time>
        <extensions>
          <ns3:TrackPointExtension>
            <ns3:hr>152</ns3:hr>
          </ns3:TrackPointExtension>
        </extensions>
      </trkpt>
      <trkpt lat="45.4152316041290760040283203125" lon="-73.6217303574085235595703125">
        <ele>27.6000003814697265625</ele>
        <time>2024-05-23T17:22:12.000Z</time>
        <extensions>
          <ns3:TrackPointExtension>
            <ns3:hr>150</ns3:hr>
          </ns3:TrackPointExtension>
        </extensions>
      </trkpt>
      <trkpt lat="45.41523772291839122772216796875" lon="-73.62161594443023204803466796875">
        <ele>27.799999237060546875</ele>
        <time>2024-05-23T17:22:14.000Z</time>
        <extensions>
          <ns3:TrackPointExtension>
            <ns3:hr>147</ns3:hr>
          </ns3:TrackPointExtension>
        </extensions>
      </trkpt>
      <trkpt lat="45.41524023748934268951416015625" lon="-73.62133062444627285003662109375">
        <ele>28</ele>
        <time>2024-05-23T17:22:19.000Z</time>
        <extensions>
          <ns3:TrackPointExtension>
            <ns3:hr>147</ns3:hr>
          </ns3:TrackPointExtension>
        </extensions>
      </trkpt>
      <trkpt lat="45.4152510501444339752197265625" lon="-73.620962239801883697509765625">
        <ele>28</ele>
        <time>2024-05-23T17:22:26.000Z</time>
        <extensions>
          <ns3:TrackPointExtension>
            <ns3:hr>146</ns3:hr>
          </ns3:TrackPointExtension>
        </extensions>
      </trkpt>
      <trkpt lat="45.4153097234666347503662109375" lon="-73.6205181665718555450439453125">
        <ele>27.6000003814697265625</ele>
        <time>2024-05-23T17:22:34.000Z</time>
        <extensions>
          <ns3:TrackPointExtension>
            <ns3:hr>145</ns3:hr>
          </ns3:TrackPointExtension>
        </extensions>
      </trkpt>
      <trkpt lat="45.4153735935688018798828125" lon="-73.62014609389007091522216796875">
        <ele>27.799999237060546875</ele>
        <time>2024-05-23T17:22:41.000Z</time>
        <extensions>
          <ns3:TrackPointExtension>
            <ns3:hr>147</ns3:hr>
          </ns3:TrackPointExtension>
        </extensions>
      </trkpt>
      <trkpt lat="45.41546680033206939697265625" lon="-73.6196997575461864471435546875">
        <ele>28.200000762939453125</ele>
        <time>2024-05-23T17:22:50.000Z</time>
        <extensions>
          <ns3:TrackPointExtension>
            <ns3:hr>149</ns3:hr>
          </ns3:TrackPointExtension>
        </extensions>
      </trkpt>
      <trkpt lat="45.415520779788494110107421875" lon="-73.61935936845839023590087890625">
        <ele>28</ele>
        <time>2024-05-23T17:22:57.000Z</time>
        <extensions>
          <ns3:TrackPointExtension>
            <ns3:hr>147</ns3:hr>
          </ns3:TrackPointExtension>
        </extensions>
      </trkpt>
      <trkpt lat="45.41560485027730464935302734375" lon="-73.6188417859375476837158203125">
        <ele>27.3999996185302734375</ele>
        <time>2024-05-23T17:23:07.000Z</time>
        <extensions>
          <ns3:TrackPointExtension>
            <ns3:hr>146</ns3:hr>
          </ns3:TrackPointExtension>
        </extensions>
      </trkpt>
      <trkpt lat="45.41564340703189373016357421875" lon="-73.61861807294189929962158203125">
        <ele>27.3999996185302734375</ele>
        <time>2024-05-23T17:23:11.000Z</time>
        <extensions>
          <ns3:TrackPointExtension>
            <ns3:hr>150</ns3:hr>
          </ns3:TrackPointExtension>
        </extensions>
      </trkpt>
      <trkpt lat="45.41568984277546405792236328125" lon="-73.61840517260134220123291015625">
        <ele>27.3999996185302734375</ele>
        <time>2024-05-23T17:23:15.000Z</time>
        <extensions>
          <ns3:TrackPointExtension>
            <ns3:hr>152</ns3:hr>
          </ns3:TrackPointExtension>
        </extensions>
      </trkpt>
      <trkpt lat="45.41572429239749908447265625" lon="-73.61817316152155399322509765625">
        <ele>27.200000762939453125</ele>
        <time>2024-05-23T17:23:19.000Z</time>
        <extensions>
          <ns3:TrackPointExtension>
            <ns3:hr>155</ns3:hr>
          </ns3:TrackPointExtension>
        </extensions>
      </trkpt>
      <trkpt lat="45.4157531261444091796875" lon="-73.61806252039968967437744140625">
        <ele>27.200000762939453125</ele>
        <time>2024-05-23T17:23:21.000Z</time>
        <extensions>
          <ns3:TrackPointExtension>
            <ns3:hr>156</ns3:hr>
          </ns3:TrackPointExtension>
        </extensions>
      </trkpt>
      <trkpt lat="45.415823198854923248291015625" lon="-73.6176555790007114410400390625">
        <ele>27.200000762939453125</ele>
        <time>2024-05-23T17:23:28.000Z</time>
        <extensions>
          <ns3:TrackPointExtension>
            <ns3:hr>157</ns3:hr>
          </ns3:TrackPointExtension>
        </extensions>
      </trkpt>
      <trkpt lat="45.4158617556095123291015625" lon="-73.61748819239437580108642578125">
        <ele>27.200000762939453125</ele>
        <time>2024-05-23T17:23:31.000Z</time>
        <extensions>
          <ns3:TrackPointExtension>
            <ns3:hr>156</ns3:hr>
          </ns3:TrackPointExtension>
        </extensions>
      </trkpt>
      <trkpt lat="45.4158813692629337310791015625" lon="-73.61736648716032505035400390625">
        <ele>27.200000762939453125</ele>
        <time>2024-05-23T17:23:33.000Z</time>
        <extensions>
          <ns3:TrackPointExtension>
            <ns3:hr>155</ns3:hr>
          </ns3:TrackPointExtension>
        </extensions>
      </trkpt>
      <trkpt lat="45.41589402593672275543212890625" lon="-73.61730814911425113677978515625">
        <ele>27.200000762939453125</ele>
        <time>2024-05-23T17:23:34.000Z</time>
        <extensions>
          <ns3:TrackPointExtension>
            <ns3:hr>154</ns3:hr>
          </ns3:TrackPointExtension>
        </extensions>
      </trkpt>
      <trkpt lat="45.41593484580516815185546875" lon="-73.61720052547752857208251953125">
        <ele>27.200000762939453125</ele>
        <time>2024-05-23T17:23:36.000Z</time>
        <extensions>
          <ns3:TrackPointExtension>
            <ns3:hr>155</ns3:hr>
          </ns3:TrackPointExtension>
        </extensions>
      </trkpt>
      <trkpt lat="45.4159863106906414031982421875" lon="-73.61711402423679828643798828125">
        <ele>27.200000762939453125</ele>
        <time>2024-05-23T17:23:38.000Z</time>
        <extensions>
          <ns3:TrackPointExtension>
            <ns3:hr>155</ns3:hr>
          </ns3:TrackPointExtension>
        </extensions>
      </trkpt>
      <trkpt lat="45.4160181619226932525634765625" lon="-73.6169977672398090362548828125">
        <ele>27.3999996185302734375</ele>
        <time>2024-05-23T17:23:40.000Z</time>
        <extensions>
          <ns3:TrackPointExtension>
            <ns3:hr>155</ns3:hr>
          </ns3:TrackPointExtension>
        </extensions>
      </trkpt>
      <trkpt lat="45.41601841337978839874267578125" lon="-73.616885282099246978759765625">
        <ele>27.6000003814697265625</ele>
        <time>2024-05-23T17:23:42.000Z</time>
        <extensions>
          <ns3:TrackPointExtension>
            <ns3:hr>155</ns3:hr>
          </ns3:TrackPointExtension>
        </extensions>
      </trkpt>
      <trkpt lat="45.41599921882152557373046875" lon="-73.61659317277371883392333984375">
        <ele>27.6000003814697265625</ele>
        <time>2024-05-23T17:23:47.000Z</time>
        <extensions>
          <ns3:TrackPointExtension>
            <ns3:hr>155</ns3:hr>
          </ns3:TrackPointExtension>
        </extensions>
      </trkpt>
      <trkpt lat="45.4159993864595890045166015625" lon="-73.61652888357639312744140625">
        <ele>27.3999996185302734375</ele>
        <time>2024-05-23T17:23:48.000Z</time>
        <extensions>
          <ns3:TrackPointExtension>
            <ns3:hr>155</ns3:hr>
          </ns3:TrackPointExtension>
        </extensions>
      </trkpt>
      <trkpt lat="45.41600869037210941314697265625" lon="-73.61639753915369510650634765625">
        <ele>27.200000762939453125</ele>
        <time>2024-05-23T17:23:50.000Z</time>
        <extensions>
          <ns3:TrackPointExtension>
            <ns3:hr>155</ns3:hr>
          </ns3:TrackPointExtension>
        </extensions>
      </trkpt>
      <trkpt lat="45.41601036675274372100830078125" lon="-73.61608221195638179779052734375">
        <ele>27.3999996185302734375</ele>
        <time>2024-05-23T17:23:55.000Z</time>
        <extensions>
          <ns3:TrackPointExtension>
            <ns3:hr>153</ns3:hr>
          </ns3:TrackPointExtension>
        </extensions>
      </trkpt>
      <trkpt lat="45.4159960336983203887939453125" lon="-73.61596184782683849334716796875">
        <ele>27.3999996185302734375</ele>
        <time>2024-05-23T17:23:57.000Z</time>
        <extensions>
          <ns3:TrackPointExtension>
            <ns3:hr>153</ns3:hr>
          </ns3:TrackPointExtension>
        </extensions>
      </trkpt>
      <trkpt lat="45.4160020686686038970947265625" lon="-73.6157203651964664459228515625">
        <ele>27.200000762939453125</ele>
        <time>2024-05-23T17:24:01.000Z</time>
        <extensions>
          <ns3:TrackPointExtension>
            <ns3:hr>154</ns3:hr>
          </ns3:TrackPointExtension>
        </extensions>
      </trkpt>
      <trkpt lat="45.41600190103054046630859375" lon="-73.6155309341847896575927734375">
        <ele>27.200000762939453125</ele>
        <time>2024-05-23T17:24:04.000Z</time>
        <extensions>
          <ns3:TrackPointExtension>
            <ns3:hr>154</ns3:hr>
          </ns3:TrackPointExtension>
        </extensions>
      </trkpt>
      <trkpt lat="45.416010282933712005615234375" lon="-73.615272939205169677734375">
        <ele>27.6000003814697265625</ele>
        <time>2024-05-23T17:24:08.000Z</time>
        <extensions>
          <ns3:TrackPointExtension>
            <ns3:hr>156</ns3:hr>
          </ns3:TrackPointExtension>
        </extensions>
      </trkpt>
      <trkpt lat="45.416016317903995513916015625" lon="-73.6152144335210323333740234375">
        <ele>27.6000003814697265625</ele>
        <time>2024-05-23T17:24:09.000Z</time>
        <extensions>
          <ns3:TrackPointExtension>
            <ns3:hr>156</ns3:hr>
          </ns3:TrackPointExtension>
        </extensions>
      </trkpt>
      <trkpt lat="45.4160275496542453765869140625" lon="-73.615155257284641265869140625">
        <ele>27.6000003814697265625</ele>
        <time>2024-05-23T17:24:10.000Z</time>
        <extensions>
          <ns3:TrackPointExtension>
            <ns3:hr>157</ns3:hr>
          </ns3:TrackPointExtension>
        </extensions>
      </trkpt>
      <trkpt lat="45.41604942642152309417724609375" lon="-73.61503732390701770782470703125">
        <ele>27.6000003814697265625</ele>
        <time>2024-05-23T17:24:12.000Z</time>
        <extensions>
          <ns3:TrackPointExtension>
            <ns3:hr>157</ns3:hr>
          </ns3:TrackPointExtension>
        </extensions>
      </trkpt>
      <trkpt lat="45.4160647653043270111083984375" lon="-73.61487127840518951416015625">
        <ele>27.6000003814697265625</ele>
        <time>2024-05-23T17:24:15.000Z</time>
        <extensions>
          <ns3:TrackPointExtension>
            <ns3:hr>157</ns3:hr>
          </ns3:TrackPointExtension>
        </extensions>
      </trkpt>
      <trkpt lat="45.41607976891100406646728515625" lon="-73.614455200731754302978515625">
        <ele>27.799999237060546875</ele>
        <time>2024-05-23T17:24:22.000Z</time>
        <extensions>
          <ns3:TrackPointExtension>
            <ns3:hr>158</ns3:hr>
          </ns3:TrackPointExtension>
        </extensions>
      </trkpt>
      <trkpt lat="45.4160939343273639678955078125" lon="-73.61400182358920574188232421875">
        <ele>27.799999237060546875</ele>
        <time>2024-05-23T17:24:30.000Z</time>
        <extensions>
          <ns3:TrackPointExtension>
            <ns3:hr>157</ns3:hr>
          </ns3:TrackPointExtension>
        </extensions>
      </trkpt>
      <trkpt lat="45.41612134315073490142822265625" lon="-73.61364911310374736785888671875">
        <ele>27.799999237060546875</ele>
        <time>2024-05-23T17:24:36.000Z</time>
        <extensions>
          <ns3:TrackPointExtension>
            <ns3:hr>154</ns3:hr>
          </ns3:TrackPointExtension>
        </extensions>
      </trkpt>
      <trkpt lat="45.41612519882619380950927734375" lon="-73.61358113586902618408203125">
        <ele>27.799999237060546875</ele>
        <time>2024-05-23T17:24:37.000Z</time>
        <extensions>
          <ns3:TrackPointExtension>
            <ns3:hr>154</ns3:hr>
          </ns3:TrackPointExtension>
        </extensions>
      </trkpt>
      <trkpt lat="45.416128970682621002197265625" lon="-73.61345331184566020965576171875">
        <ele>27.799999237060546875</ele>
        <time>2024-05-23T17:24:39.000Z</time>
        <extensions>
          <ns3:TrackPointExtension>
            <ns3:hr>154</ns3:hr>
          </ns3:TrackPointExtension>
        </extensions>
      </trkpt>
      <trkpt lat="45.41610977612435817718505859375" lon="-73.61315022222697734832763671875">
        <ele>27.6000003814697265625</ele>
        <time>2024-05-23T17:24:44.000Z</time>
        <extensions>
          <ns3:TrackPointExtension>
            <ns3:hr>155</ns3:hr>
          </ns3:TrackPointExtension>
        </extensions>
      </trkpt>
      <trkpt lat="45.4160966165363788604736328125" lon="-73.61273598857223987579345703125">
        <ele>27.799999237060546875</ele>
        <time>2024-05-23T17:24:51.000Z</time>
        <extensions>
          <ns3:TrackPointExtension>
            <ns3:hr>152</ns3:hr>
          </ns3:TrackPointExtension>
        </extensions>
      </trkpt>
      <trkpt lat="45.416092760860919952392578125" lon="-73.61267496831715106964111328125">
        <ele>27.799999237060546875</ele>
        <time>2024-05-23T17:24:52.000Z</time>
        <extensions>
          <ns3:TrackPointExtension>
            <ns3:hr>152</ns3:hr>
          </ns3:TrackPointExtension>
        </extensions>
      </trkpt>
      <trkpt lat="45.416096113622188568115234375" lon="-73.612616546452045440673828125">
        <ele>27.799999237060546875</ele>
        <time>2024-05-23T17:24:53.000Z</time>
        <extensions>
          <ns3:TrackPointExtension>
            <ns3:hr>152</ns3:hr>
          </ns3:TrackPointExtension>
        </extensions>
      </trkpt>
      <trkpt lat="45.4161147214472293853759765625" lon="-73.61250297166407108306884765625">
        <ele>27.6000003814697265625</ele>
        <time>2024-05-23T17:24:55.000Z</time>
        <extensions>
          <ns3:TrackPointExtension>
            <ns3:hr>152</ns3:hr>
          </ns3:TrackPointExtension>
        </extensions>
      </trkpt>
      <trkpt lat="45.41613475419580936431884765625" lon="-73.6123303882777690887451171875">
        <ele>27.799999237060546875</ele>
        <time>2024-05-23T17:24:58.000Z</time>
        <extensions>
          <ns3:TrackPointExtension>
            <ns3:hr>150</ns3:hr>
          </ns3:TrackPointExtension>
        </extensions>
      </trkpt>
      <trkpt lat="45.4161311499774456024169921875" lon="-73.6121593974530696868896484375">
        <ele>27.799999237060546875</ele>
        <time>2024-05-23T17:25:01.000Z</time>
        <extensions>
          <ns3:TrackPointExtension>
            <ns3:hr>151</ns3:hr>
          </ns3:TrackPointExtension>
        </extensions>
      </trkpt>
      <trkpt lat="45.416100136935710906982421875" lon="-73.61193048767745494842529296875">
        <ele>27.799999237060546875</ele>
        <time>2024-05-23T17:25:05.000Z</time>
        <extensions>
          <ns3:TrackPointExtension>
            <ns3:hr>153</ns3:hr>
          </ns3:TrackPointExtension>
        </extensions>
      </trkpt>
      <trkpt lat="45.4160872288048267364501953125" lon="-73.61181448213756084442138671875">
        <ele>27.799999237060546875</ele>
        <time>2024-05-23T17:25:07.000Z</time>
        <extensions>
          <ns3:TrackPointExtension>
            <ns3:hr>154</ns3:hr>
          </ns3:TrackPointExtension>
        </extensions>
      </trkpt>
      <trkpt lat="45.41609787382185459136962890625" lon="-73.6116967163980007171630859375">
        <ele>27.799999237060546875</ele>
        <time>2024-05-23T17:25:09.000Z</time>
        <extensions>
          <ns3:TrackPointExtension>
            <ns3:hr>155</ns3:hr>
          </ns3:TrackPointExtension>
        </extensions>
      </trkpt>
      <trkpt lat="45.41610843501985073089599609375" lon="-73.61163946799933910369873046875">
        <ele>27.799999237060546875</ele>
        <time>2024-05-23T17:25:10.000Z</time>
        <extensions>
          <ns3:TrackPointExtension>
            <ns3:hr>155</ns3:hr>
          </ns3:TrackPointExtension>
        </extensions>
      </trkpt>
      <trkpt lat="45.41620885021984577178955078125" lon="-73.6112699098885059356689453125">
        <ele>28.200000762939453125</ele>
        <time>2024-05-23T17:25:17.000Z</time>
        <extensions>
          <ns3:TrackPointExtension>
            <ns3:hr>156</ns3:hr>
          </ns3:TrackPointExtension>
        </extensions>
      </trkpt>
      <trkpt lat="45.41625143028795719146728515625" lon="-73.6110684089362621307373046875">
        <ele>28.3999996185302734375</ele>
        <time>2024-05-23T17:25:21.000Z</time>
        <extensions>
          <ns3:TrackPointExtension>
            <ns3:hr>153</ns3:hr>
          </ns3:TrackPointExtension>
        </extensions>
      </trkpt>
      <trkpt lat="45.416312702000141143798828125" lon="-73.6108875274658203125">
        <ele>28.3999996185302734375</ele>
        <time>2024-05-23T17:25:25.000Z</time>
        <extensions>
          <ns3:TrackPointExtension>
            <ns3:hr>152</ns3:hr>
          </ns3:TrackPointExtension>
        </extensions>
      </trkpt>
      <trkpt lat="45.4165254347026348114013671875" lon="-73.610423840582370758056640625">
        <ele>28</ele>
        <time>2024-05-23T17:25:35.000Z</time>
        <extensions>
          <ns3:TrackPointExtension>
            <ns3:hr>153</ns3:hr>
          </ns3:TrackPointExtension>
        </extensions>
      </trkpt>
      <trkpt lat="45.41677630506455898284912109375" lon="-73.60996308736503124237060546875">
        <ele>28.200000762939453125</ele>
        <time>2024-05-23T17:25:45.000Z</time>
        <extensions>
          <ns3:TrackPointExtension>
            <ns3:hr>152</ns3:hr>
          </ns3:TrackPointExtension>
        </extensions>
      </trkpt>
      <trkpt lat="45.4169995151460170745849609375" lon="-73.60955002717673778533935546875">
        <ele>28.799999237060546875</ele>
        <time>2024-05-23T17:25:54.000Z</time>
        <extensions>
          <ns3:TrackPointExtension>
            <ns3:hr>153</ns3:hr>
          </ns3:TrackPointExtension>
        </extensions>
      </trkpt>
      <trkpt lat="45.417301096022129058837890625" lon="-73.60898944549262523651123046875">
        <ele>29</ele>
        <time>2024-05-23T17:26:06.000Z</time>
        <extensions>
          <ns3:TrackPointExtension>
            <ns3:hr>151</ns3:hr>
          </ns3:TrackPointExtension>
        </extensions>
      </trkpt>
      <trkpt lat="45.4175101406872272491455078125" lon="-73.608546294271945953369140625">
        <ele>29</ele>
        <time>2024-05-23T17:26:15.000Z</time>
        <extensions>
          <ns3:TrackPointExtension>
            <ns3:hr>150</ns3:hr>
          </ns3:TrackPointExtension>
        </extensions>
      </trkpt>
      <trkpt lat="45.41752950288355350494384765625" lon="-73.60849575139582157135009765625">
        <ele>29</ele>
        <time>2024-05-23T17:26:16.000Z</time>
        <extensions>
          <ns3:TrackPointExtension>
            <ns3:hr>149</ns3:hr>
          </ns3:TrackPointExtension>
        </extensions>
      </trkpt>
      <trkpt lat="45.417586080729961395263671875" lon="-73.60835560597479343414306640625">
        <ele>29</ele>
        <time>2024-05-23T17:26:19.000Z</time>
        <extensions>
          <ns3:TrackPointExtension>
            <ns3:hr>148</ns3:hr>
          </ns3:TrackPointExtension>
        </extensions>
      </trkpt>
      <trkpt lat="45.41776067577302455902099609375" lon="-73.607935421168804168701171875">
        <ele>29.3999996185302734375</ele>
        <time>2024-05-23T17:26:28.000Z</time>
        <extensions>
          <ns3:TrackPointExtension>
            <ns3:hr>151</ns3:hr>
          </ns3:TrackPointExtension>
        </extensions>
      </trkpt>
      <trkpt lat="45.4178320057690143585205078125" lon="-73.60773165710270404815673828125">
        <ele>29.200000762939453125</ele>
        <time>2024-05-23T17:26:32.000Z</time>
        <extensions>
          <ns3:TrackPointExtension>
            <ns3:hr>154</ns3:hr>
          </ns3:TrackPointExtension>
        </extensions>
      </trkpt>
      <trkpt lat="45.4178940318524837493896484375" lon="-73.607542477548122406005859375">
        <ele>28.799999237060546875</ele>
        <time>2024-05-23T17:26:35.000Z</time>
        <extensions>
          <ns3:TrackPointExtension>
            <ns3:hr>155</ns3:hr>
          </ns3:TrackPointExtension>
        </extensions>
      </trkpt>
      <trkpt lat="45.4180472530424594879150390625" lon="-73.6070551536977291107177734375">
        <ele>28</ele>
        <time>2024-05-23T17:26:42.000Z</time>
        <extensions>
          <ns3:TrackPointExtension>
            <ns3:hr>154</ns3:hr>
          </ns3:TrackPointExtension>
        </extensions>
      </trkpt>
      <trkpt lat="45.41811279952526092529296875" lon="-73.60676103271543979644775390625">
        <ele>27.799999237060546875</ele>
        <time>2024-05-23T17:26:46.000Z</time>
        <extensions>
          <ns3:TrackPointExtension>
            <ns3:hr>154</ns3:hr>
          </ns3:TrackPointExtension>
        </extensions>
      </trkpt>
      <trkpt lat="45.418164096772670745849609375" lon="-73.60649717040359973907470703125">
        <ele>27.799999237060546875</ele>
        <time>2024-05-23T17:26:50.000Z</time>
        <extensions>
          <ns3:TrackPointExtension>
            <ns3:hr>152</ns3:hr>
          </ns3:TrackPointExtension>
        </extensions>
      </trkpt>
      <trkpt lat="45.41828705929219722747802734375" lon="-73.60597162507474422454833984375">
        <ele>28</ele>
        <time>2024-05-23T17:26:58.000Z</time>
        <extensions>
          <ns3:TrackPointExtension>
            <ns3:hr>152</ns3:hr>
          </ns3:TrackPointExtension>
        </extensions>
      </trkpt>
      <trkpt lat="45.41846282780170440673828125" lon="-73.60537625849246978759765625">
        <ele>28.200000762939453125</ele>
        <time>2024-05-23T17:27:07.000Z</time>
        <extensions>
          <ns3:TrackPointExtension>
            <ns3:hr>152</ns3:hr>
          </ns3:TrackPointExtension>
        </extensions>
      </trkpt>
      <trkpt lat="45.418593250215053558349609375" lon="-73.6050143279135227203369140625">
        <ele>28.3999996185302734375</ele>
        <time>2024-05-23T17:27:13.000Z</time>
        <extensions>
          <ns3:TrackPointExtension>
            <ns3:hr>156</ns3:hr>
          </ns3:TrackPointExtension>
        </extensions>
      </trkpt>
      <trkpt lat="45.4186655022203922271728515625" lon="-73.60484576784074306488037109375">
        <ele>28.3999996185302734375</ele>
        <time>2024-05-23T17:27:16.000Z</time>
        <extensions>
          <ns3:TrackPointExtension>
            <ns3:hr>158</ns3:hr>
          </ns3:TrackPointExtension>
        </extensions>
      </trkpt>
      <trkpt lat="45.418742783367633819580078125" lon="-73.60468952916562557220458984375">
        <ele>28.6000003814697265625</ele>
        <time>2024-05-23T17:27:19.000Z</time>
        <extensions>
          <ns3:TrackPointExtension>
            <ns3:hr>161</ns3:hr>
          </ns3:TrackPointExtension>
        </extensions>
      </trkpt>
      <trkpt lat="45.41879885829985141754150390625" lon="-73.60458592884242534637451171875">
        <ele>28.6000003814697265625</ele>
        <time>2024-05-23T17:27:21.000Z</time>
        <extensions>
          <ns3:TrackPointExtension>
            <ns3:hr>164</ns3:hr>
          </ns3:TrackPointExtension>
        </extensions>
      </trkpt>
      <trkpt lat="45.41885820217430591583251953125" lon="-73.6044785566627979278564453125">
        <ele>28.799999237060546875</ele>
        <time>2024-05-23T17:27:23.000Z</time>
        <extensions>
          <ns3:TrackPointExtension>
            <ns3:hr>167</ns3:hr>
          </ns3:TrackPointExtension>
        </extensions>
      </trkpt>
      <trkpt lat="45.4189162887632846832275390625" lon="-73.60437705181539058685302734375">
        <ele>28.799999237060546875</ele>
        <time>2024-05-23T17:27:25.000Z</time>
        <extensions>
          <ns3:TrackPointExtension>
            <ns3:hr>168</ns3:hr>
          </ns3:TrackPointExtension>
        </extensions>
      </trkpt>
      <trkpt lat="45.4191757924854755401611328125" lon="-73.603928200900554656982421875">
        <ele>28.799999237060546875</ele>
        <time>2024-05-23T17:27:34.000Z</time>
        <extensions>
          <ns3:TrackPointExtension>
            <ns3:hr>167</ns3:hr>
          </ns3:TrackPointExtension>
        </extensions>
      </trkpt>
      <trkpt lat="45.41932859458029270172119140625" lon="-73.60367766581475734710693359375">
        <ele>29.3999996185302734375</ele>
        <time>2024-05-23T17:27:40.000Z</time>
        <extensions>
          <ns3:TrackPointExtension>
            <ns3:hr>169</ns3:hr>
          </ns3:TrackPointExtension>
        </extensions>
      </trkpt>
      <trkpt lat="45.41937050409615039825439453125" lon="-73.603613376617431640625">
        <ele>29.799999237060546875</ele>
        <time>2024-05-23T17:27:42.000Z</time>
        <extensions>
          <ns3:TrackPointExtension>
            <ns3:hr>170</ns3:hr>
          </ns3:TrackPointExtension>
        </extensions>
      </trkpt>
      <trkpt lat="45.4194416664540767669677734375" lon="-73.6034993827342987060546875">
        <ele>30</ele>
        <time>2024-05-23T17:27:46.000Z</time>
        <extensions>
          <ns3:TrackPointExtension>
            <ns3:hr>172</ns3:hr>
          </ns3:TrackPointExtension>
        </extensions>
      </trkpt>
      <trkpt lat="45.41955155320465564727783203125" lon="-73.60330760478973388671875">
        <ele>30.200000762939453125</ele>
        <time>2024-05-23T17:27:53.000Z</time>
        <extensions>
          <ns3:TrackPointExtension>
            <ns3:hr>170</ns3:hr>
          </ns3:TrackPointExtension>
        </extensions>
      </trkpt>
      <trkpt lat="45.419558174908161163330078125" lon="-73.6032668687403202056884765625">
        <ele>30.200000762939453125</ele>
        <time>2024-05-23T17:27:57.000Z</time>
        <extensions>
          <ns3:TrackPointExtension>
            <ns3:hr>167</ns3:hr>
          </ns3:TrackPointExtension>
        </extensions>
      </trkpt>
      <trkpt lat="45.41955708526074886322021484375" lon="-73.6032635159790515899658203125">
        <ele>30</ele>
        <time>2024-05-23T17:27:58.000Z</time>
        <extensions>
          <ns3:TrackPointExtension>
            <ns3:hr>167</ns3:hr>
          </ns3:TrackPointExtension>
        </extensions>
      </trkpt>
      <trkpt lat="45.419555492699146270751953125" lon="-73.60325689427554607391357421875">
        <ele>29.200000762939453125</ele>
        <time>2024-05-23T17:28:04.000Z</time>
        <extensions>
          <ns3:TrackPointExtension>
            <ns3:hr>165</ns3:hr>
          </ns3:TrackPointExtension>
        </extensions>
      </trkpt>
      <trkpt lat="45.41955725289881229400634765625" lon="-73.6032635159790515899658203125">
        <ele>29.200000762939453125</ele>
        <time>2024-05-23T17:28:09.000Z</time>
        <extensions>
          <ns3:TrackPointExtension>
            <ns3:hr>161</ns3:hr>
          </ns3:TrackPointExtension>
        </extensions>
      </trkpt>
      <trkpt lat="45.41955725289881229400634765625" lon="-73.6032635159790515899658203125">
        <ele>29.200000762939453125</ele>
        <time>2024-05-23T17:28:10.000Z</time>
        <extensions>
          <ns3:TrackPointExtension>
            <ns3:hr>162</ns3:hr>
          </ns3:TrackPointExtension>
        </extensions>
      </trkpt>
      <trkpt lat="45.41955725289881229400634765625" lon="-73.6032635159790515899658203125">
        <ele>29.200000762939453125</ele>
        <time>2024-05-23T17:28:24.000Z</time>
        <extensions>
          <ns3:TrackPointExtension>
            <ns3:hr>160</ns3:hr>
          </ns3:TrackPointExtension>
        </extensions>
      </trkpt>
      <trkpt lat="45.41955725289881229400634765625" lon="-73.6032635159790515899658203125">
        <ele>29.200000762939453125</ele>
        <time>2024-05-23T17:28:35.000Z</time>
        <extensions>
          <ns3:TrackPointExtension>
            <ns3:hr>158</ns3:hr>
          </ns3:TrackPointExtension>
        </extensions>
      </trkpt>
      <trkpt lat="45.41955725289881229400634765625" lon="-73.6032635159790515899658203125">
        <ele>29.200000762939453125</ele>
        <time>2024-05-23T17:28:44.000Z</time>
        <extensions>
          <ns3:TrackPointExtension>
            <ns3:hr>159</ns3:hr>
          </ns3:TrackPointExtension>
        </extensions>
      </trkpt>
      <trkpt lat="45.41955725289881229400634765625" lon="-73.6032635159790515899658203125">
        <ele>29.200000762939453125</ele>
        <time>2024-05-23T17:28:52.000Z</time>
        <extensions>
          <ns3:TrackPointExtension>
            <ns3:hr>158</ns3:hr>
          </ns3:TrackPointExtension>
        </extensions>
      </trkpt>
      <trkpt lat="45.41955725289881229400634765625" lon="-73.6032635159790515899658203125">
        <ele>29.200000762939453125</ele>
        <time>2024-05-23T17:28:56.000Z</time>
        <extensions>
          <ns3:TrackPointExtension>
            <ns3:hr>155</ns3:hr>
          </ns3:TrackPointExtension>
        </extensions>
      </trkpt>
      <trkpt lat="45.41955725289881229400634765625" lon="-73.6032635159790515899658203125">
        <ele>29.200000762939453125</ele>
        <time>2024-05-23T17:29:09.000Z</time>
        <extensions>
          <ns3:TrackPointExtension>
            <ns3:hr>155</ns3:hr>
          </ns3:TrackPointExtension>
        </extensions>
      </trkpt>
      <trkpt lat="45.41955725289881229400634765625" lon="-73.6032635159790515899658203125">
        <ele>29.200000762939453125</ele>
        <time>2024-05-23T17:29:18.000Z</time>
        <extensions>
          <ns3:TrackPointExtension>
            <ns3:hr>152</ns3:hr>
          </ns3:TrackPointExtension>
        </extensions>
      </trkpt>
      <trkpt lat="45.41955725289881229400634765625" lon="-73.6032635159790515899658203125">
        <ele>29.200000762939453125</ele>
        <time>2024-05-23T17:29:21.000Z</time>
        <extensions>
          <ns3:TrackPointExtension>
            <ns3:hr>149</ns3:hr>
          </ns3:TrackPointExtension>
        </extensions>
      </trkpt>
      <trkpt lat="45.41955725289881229400634765625" lon="-73.6032635159790515899658203125">
        <ele>29.200000762939453125</ele>
        <time>2024-05-23T17:29:22.000Z</time>
        <extensions>
          <ns3:TrackPointExtension>
            <ns3:hr>147</ns3:hr>
          </ns3:TrackPointExtension>
        </extensions>
      </trkpt>
      <trkpt lat="45.41955725289881229400634765625" lon="-73.6032635159790515899658203125">
        <ele>29.200000762939453125</ele>
        <time>2024-05-23T17:29:32.000Z</time>
        <extensions>
          <ns3:TrackPointExtension>
            <ns3:hr>148</ns3:hr>
          </ns3:TrackPointExtension>
        </extensions>
      </trkpt>
      <trkpt lat="45.41955691762268543243408203125" lon="-73.60326661728322505950927734375">
        <ele>29.200000762939453125</ele>
        <time>2024-05-23T17:29:41.000Z</time>
        <extensions>
          <ns3:TrackPointExtension>
            <ns3:hr>149</ns3:hr>
          </ns3:TrackPointExtension>
        </extensions>
      </trkpt>
      <trkpt lat="45.41955691762268543243408203125" lon="-73.60326661728322505950927734375">
        <ele>29.200000762939453125</ele>
        <time>2024-05-23T17:29:51.000Z</time>
        <extensions>
          <ns3:TrackPointExtension>
            <ns3:hr>150</ns3:hr>
          </ns3:TrackPointExtension>
        </extensions>
      </trkpt>
      <trkpt lat="45.41955691762268543243408203125" lon="-73.60326661728322505950927734375">
        <ele>29.200000762939453125</ele>
        <time>2024-05-23T17:30:02.000Z</time>
        <extensions>
          <ns3:TrackPointExtension>
            <ns3:hr>150</ns3:hr>
          </ns3:TrackPointExtension>
        </extensions>
      </trkpt>
      <trkpt lat="45.41956312023103237152099609375" lon="-73.60325790010392665863037109375">
        <ele>29.200000762939453125</ele>
        <time>2024-05-23T17:30:07.000Z</time>
        <extensions>
          <ns3:TrackPointExtension>
            <ns3:hr>148</ns3:hr>
          </ns3:TrackPointExtension>
        </extensions>
      </trkpt>
      <trkpt lat="45.41960586793720722198486328125" lon="-73.60322822816669940948486328125">
        <ele>29.200000762939453125</ele>
        <time>2024-05-23T17:30:10.000Z</time>
        <extensions>
          <ns3:TrackPointExtension>
            <ns3:hr>147</ns3:hr>
          </ns3:TrackPointExtension>
        </extensions>
      </trkpt>
      <trkpt lat="45.41969387792050838470458984375" lon="-73.603075928986072540283203125">
        <ele>30.3999996185302734375</ele>
        <time>2024-05-23T17:30:16.000Z</time>
        <extensions>
          <ns3:TrackPointExtension>
            <ns3:hr>147</ns3:hr>
          </ns3:TrackPointExtension>
        </extensions>
      </trkpt>
      <trkpt lat="45.419819019734859466552734375" lon="-73.60286797396838665008544921875">
        <ele>30.6000003814697265625</ele>
        <time>2024-05-23T17:30:23.000Z</time>
        <extensions>
          <ns3:TrackPointExtension>
            <ns3:hr>146</ns3:hr>
          </ns3:TrackPointExtension>
        </extensions>
      </trkpt>
      <trkpt lat="45.419905520975589752197265625" lon="-73.60273696482181549072265625">
        <ele>30.3999996185302734375</ele>
        <time>2024-05-23T17:30:27.000Z</time>
        <extensions>
          <ns3:TrackPointExtension>
            <ns3:hr>149</ns3:hr>
          </ns3:TrackPointExtension>
        </extensions>
      </trkpt>
      <trkpt lat="45.4200263880193233489990234375" lon="-73.6025772057473659515380859375">
        <ele>30.200000762939453125</ele>
        <time>2024-05-23T17:30:32.000Z</time>
        <extensions>
          <ns3:TrackPointExtension>
            <ns3:hr>150</ns3:hr>
          </ns3:TrackPointExtension>
        </extensions>
      </trkpt>
      <trkpt lat="45.420290417969226837158203125" lon="-73.602274619042873382568359375">
        <ele>30</ele>
        <time>2024-05-23T17:30:41.000Z</time>
        <extensions>
          <ns3:TrackPointExtension>
            <ns3:hr>149</ns3:hr>
          </ns3:TrackPointExtension>
        </extensions>
      </trkpt>
      <trkpt lat="45.42055629193782806396484375" lon="-73.60197915695607662200927734375">
        <ele>29.799999237060546875</ele>
        <time>2024-05-23T17:30:50.000Z</time>
        <extensions>
          <ns3:TrackPointExtension>
            <ns3:hr>148</ns3:hr>
          </ns3:TrackPointExtension>
        </extensions>
      </trkpt>
      <trkpt lat="45.420857034623622894287109375" lon="-73.60162678174674510955810546875">
        <ele>29.799999237060546875</ele>
        <time>2024-05-23T17:30:58.000Z</time>
        <extensions>
          <ns3:TrackPointExtension>
            <ns3:hr>151</ns3:hr>
          </ns3:TrackPointExtension>
        </extensions>
      </trkpt>
      <trkpt lat="45.42089265771210193634033203125" lon="-73.6015811003744602203369140625">
        <ele>29.799999237060546875</ele>
        <time>2024-05-23T17:30:59.000Z</time>
        <extensions>
          <ns3:TrackPointExtension>
            <ns3:hr>151</ns3:hr>
          </ns3:TrackPointExtension>
        </extensions>
      </trkpt>
      <trkpt lat="45.42117496021091938018798828125" lon="-73.60120408236980438232421875">
        <ele>30</ele>
        <time>2024-05-23T17:31:07.000Z</time>
        <extensions>
          <ns3:TrackPointExtension>
            <ns3:hr>154</ns3:hr>
          </ns3:TrackPointExtension>
        </extensions>
      </trkpt>
      <trkpt lat="45.4214315302670001983642578125" lon="-73.6008780263364315032958984375">
        <ele>30</ele>
        <time>2024-05-23T17:31:14.000Z</time>
        <extensions>
          <ns3:TrackPointExtension>
            <ns3:hr>154</ns3:hr>
          </ns3:TrackPointExtension>
        </extensions>
      </trkpt>
      <trkpt lat="45.4214675724506378173828125" lon="-73.6008428223431110382080078125">
        <ele>30.200000762939453125</ele>
        <time>2024-05-23T17:31:15.000Z</time>
        <extensions>
          <ns3:TrackPointExtension>
            <ns3:hr>154</ns3:hr>
          </ns3:TrackPointExtension>
        </extensions>
      </trkpt>
      <trkpt lat="45.4215421713888645172119140625" lon="-73.600775934755802154541015625">
        <ele>30.200000762939453125</ele>
        <time>2024-05-23T17:31:17.000Z</time>
        <extensions>
          <ns3:TrackPointExtension>
            <ns3:hr>155</ns3:hr>
          </ns3:TrackPointExtension>
        </extensions>
      </trkpt>
      <trkpt lat="45.42161333374679088592529296875" lon="-73.60069907270371913909912109375">
        <ele>30.200000762939453125</ele>
        <time>2024-05-23T17:31:19.000Z</time>
        <extensions>
          <ns3:TrackPointExtension>
            <ns3:hr>155</ns3:hr>
          </ns3:TrackPointExtension>
        </extensions>
      </trkpt>
      <trkpt lat="45.42182036675512790679931640625" lon="-73.6004736833274364471435546875">
        <ele>30</ele>
        <time>2024-05-23T17:31:25.000Z</time>
        <extensions>
          <ns3:TrackPointExtension>
            <ns3:hr>152</ns3:hr>
          </ns3:TrackPointExtension>
        </extensions>
      </trkpt>
      <trkpt lat="45.42196570895612239837646484375" lon="-73.600339405238628387451171875">
        <ele>30</ele>
        <time>2024-05-23T17:31:29.000Z</time>
        <extensions>
          <ns3:TrackPointExtension>
            <ns3:hr>152</ns3:hr>
          </ns3:TrackPointExtension>
        </extensions>
      </trkpt>
      <trkpt lat="45.42228765785694122314453125" lon="-73.60004193149507045745849609375">
        <ele>30</ele>
        <time>2024-05-23T17:31:38.000Z</time>
        <extensions>
          <ns3:TrackPointExtension>
            <ns3:hr>153</ns3:hr>
          </ns3:TrackPointExtension>
        </extensions>
      </trkpt>
      <trkpt lat="45.42263492010533809661865234375" lon="-73.59970179386436939239501953125">
        <ele>30</ele>
        <time>2024-05-23T17:31:47.000Z</time>
        <extensions>
          <ns3:TrackPointExtension>
            <ns3:hr>152</ns3:hr>
          </ns3:TrackPointExtension>
        </extensions>
      </trkpt>
      <trkpt lat="45.42290833778679370880126953125" lon="-73.5994125343859195709228515625">
        <ele>29.799999237060546875</ele>
        <time>2024-05-23T17:31:55.000Z</time>
        <extensions>
          <ns3:TrackPointExtension>
            <ns3:hr>151</ns3:hr>
          </ns3:TrackPointExtension>
        </extensions>
      </trkpt>
      <trkpt lat="45.42297036387026309967041015625" lon="-73.599334917962551116943359375">
        <ele>29.799999237060546875</ele>
        <time>2024-05-23T17:31:57.000Z</time>
        <extensions>
          <ns3:TrackPointExtension>
            <ns3:hr>148</ns3:hr>
          </ns3:TrackPointExtension>
        </extensions>
      </trkpt>
      <trkpt lat="45.42303062975406646728515625" lon="-73.599254786968231201171875">
        <ele>29.799999237060546875</ele>
        <time>2024-05-23T17:31:59.000Z</time>
        <extensions>
          <ns3:TrackPointExtension>
            <ns3:hr>147</ns3:hr>
          </ns3:TrackPointExtension>
        </extensions>
      </trkpt>
      <trkpt lat="45.42315074242651462554931640625" lon="-73.599093854427337646484375">
        <ele>30.200000762939453125</ele>
        <time>2024-05-23T17:32:03.000Z</time>
        <extensions>
          <ns3:TrackPointExtension>
            <ns3:hr>146</ns3:hr>
          </ns3:TrackPointExtension>
        </extensions>
      </trkpt>
      <trkpt lat="45.42333581484854221343994140625" lon="-73.5987822152674198150634765625">
        <ele>30</ele>
        <time>2024-05-23T17:32:10.000Z</time>
        <extensions>
          <ns3:TrackPointExtension>
            <ns3:hr>143</ns3:hr>
          </ns3:TrackPointExtension>
        </extensions>
      </trkpt>
      <trkpt lat="45.4233610443770885467529296875" lon="-73.59873619861900806427001953125">
        <ele>30</ele>
        <time>2024-05-23T17:32:11.000Z</time>
        <extensions>
          <ns3:TrackPointExtension>
            <ns3:hr>143</ns3:hr>
          </ns3:TrackPointExtension>
        </extensions>
      </trkpt>
      <trkpt lat="45.42355340905487537384033203125" lon="-73.598424308001995086669921875">
        <ele>29.799999237060546875</ele>
        <time>2024-05-23T17:32:18.000Z</time>
        <extensions>
          <ns3:TrackPointExtension>
            <ns3:hr>144</ns3:hr>
          </ns3:TrackPointExtension>
        </extensions>
      </trkpt>
      <trkpt lat="45.42378701269626617431640625" lon="-73.59806128777563571929931640625">
        <ele>29.3999996185302734375</ele>
        <time>2024-05-23T17:32:26.000Z</time>
        <extensions>
          <ns3:TrackPointExtension>
            <ns3:hr>148</ns3:hr>
          </ns3:TrackPointExtension>
        </extensions>
      </trkpt>
      <trkpt lat="45.423820875585079193115234375" lon="-73.59801636077463626861572265625">
        <ele>29.3999996185302734375</ele>
        <time>2024-05-23T17:32:27.000Z</time>
        <extensions>
          <ns3:TrackPointExtension>
            <ns3:hr>148</ns3:hr>
          </ns3:TrackPointExtension>
        </extensions>
      </trkpt>
      <trkpt lat="45.42389472015202045440673828125" lon="-73.59792172908782958984375">
        <ele>29</ele>
        <time>2024-05-23T17:32:29.000Z</time>
        <extensions>
          <ns3:TrackPointExtension>
            <ns3:hr>148</ns3:hr>
          </ns3:TrackPointExtension>
        </extensions>
      </trkpt>
      <trkpt lat="45.423960350453853607177734375" lon="-73.59782315790653228759765625">
        <ele>28.799999237060546875</ele>
        <time>2024-05-23T17:32:31.000Z</time>
        <extensions>
          <ns3:TrackPointExtension>
            <ns3:hr>149</ns3:hr>
          </ns3:TrackPointExtension>
        </extensions>
      </trkpt>
      <trkpt lat="45.42399999685585498809814453125" lon="-73.59777915291488170623779296875">
        <ele>28.799999237060546875</ele>
        <time>2024-05-23T17:32:32.000Z</time>
        <extensions>
          <ns3:TrackPointExtension>
            <ns3:hr>149</ns3:hr>
          </ns3:TrackPointExtension>
        </extensions>
      </trkpt>
      <trkpt lat="45.42430006898939609527587890625" lon="-73.59743029810488224029541015625">
        <ele>28.6000003814697265625</ele>
        <time>2024-05-23T17:32:40.000Z</time>
        <extensions>
          <ns3:TrackPointExtension>
            <ns3:hr>151</ns3:hr>
          </ns3:TrackPointExtension>
        </extensions>
      </trkpt>
      <trkpt lat="45.4244567267596721649169921875" lon="-73.59728227369487285614013671875">
        <ele>28.6000003814697265625</ele>
        <time>2024-05-23T17:32:44.000Z</time>
        <extensions>
          <ns3:TrackPointExtension>
            <ns3:hr>148</ns3:hr>
          </ns3:TrackPointExtension>
        </extensions>
      </trkpt>
      <trkpt lat="45.4245408810675144195556640625" lon="-73.59721756540238857269287109375">
        <ele>28.6000003814697265625</ele>
        <time>2024-05-23T17:32:46.000Z</time>
        <extensions>
          <ns3:TrackPointExtension>
            <ns3:hr>144</ns3:hr>
          </ns3:TrackPointExtension>
        </extensions>
      </trkpt>
      <trkpt lat="45.42461992241442203521728515625" lon="-73.59715017490088939666748046875">
        <ele>28.6000003814697265625</ele>
        <time>2024-05-23T17:32:48.000Z</time>
        <extensions>
          <ns3:TrackPointExtension>
            <ns3:hr>142</ns3:hr>
          </ns3:TrackPointExtension>
        </extensions>
      </trkpt>
      <trkpt lat="45.42473525740206241607666015625" lon="-73.5970243625342845916748046875">
        <ele>28.6000003814697265625</ele>
        <time>2024-05-23T17:32:51.000Z</time>
        <extensions>
          <ns3:TrackPointExtension>
            <ns3:hr>144</ns3:hr>
          </ns3:TrackPointExtension>
        </extensions>
      </trkpt>
      <trkpt lat="45.4248176515102386474609375" lon="-73.5969586484134197235107421875">
        <ele>28.6000003814697265625</ele>
        <time>2024-05-23T17:32:53.000Z</time>
        <extensions>
          <ns3:TrackPointExtension>
            <ns3:hr>148</ns3:hr>
          </ns3:TrackPointExtension>
        </extensions>
      </trkpt>
      <trkpt lat="45.4249070025980472564697265625" lon="-73.59689176082611083984375">
        <ele>28.799999237060546875</ele>
        <time>2024-05-23T17:32:55.000Z</time>
        <extensions>
          <ns3:TrackPointExtension>
            <ns3:hr>151</ns3:hr>
          </ns3:TrackPointExtension>
        </extensions>
      </trkpt>
      <trkpt lat="45.4249978624284267425537109375" lon="-73.59684725292026996612548828125">
        <ele>28.799999237060546875</ele>
        <time>2024-05-23T17:32:57.000Z</time>
        <extensions>
          <ns3:TrackPointExtension>
            <ns3:hr>154</ns3:hr>
          </ns3:TrackPointExtension>
        </extensions>
      </trkpt>
      <trkpt lat="45.4253728687763214111328125" lon="-73.596635945141315460205078125">
        <ele>28.6000003814697265625</ele>
        <time>2024-05-23T17:33:05.000Z</time>
        <extensions>
          <ns3:TrackPointExtension>
            <ns3:hr>156</ns3:hr>
          </ns3:TrackPointExtension>
        </extensions>
      </trkpt>
      <trkpt lat="45.42570219375193119049072265625" lon="-73.59643620438873767852783203125">
        <ele>28.799999237060546875</ele>
        <time>2024-05-23T17:33:12.000Z</time>
        <extensions>
          <ns3:TrackPointExtension>
            <ns3:hr>157</ns3:hr>
          </ns3:TrackPointExtension>
        </extensions>
      </trkpt>
      <trkpt lat="45.42594811879098415374755859375" lon="-73.5963035188615322113037109375">
        <ele>28.799999237060546875</ele>
        <time>2024-05-23T17:33:18.000Z</time>
        <extensions>
          <ns3:TrackPointExtension>
            <ns3:hr>158</ns3:hr>
          </ns3:TrackPointExtension>
        </extensions>
      </trkpt>
      <trkpt lat="45.42604015208780765533447265625" lon="-73.596279881894588470458984375">
        <ele>28.799999237060546875</ele>
        <time>2024-05-23T17:33:20.000Z</time>
        <extensions>
          <ns3:TrackPointExtension>
            <ns3:hr>156</ns3:hr>
          </ns3:TrackPointExtension>
        </extensions>
      </trkpt>
      <trkpt lat="45.4263057745993137359619140625" lon="-73.59614543616771697998046875">
        <ele>29</ele>
        <time>2024-05-23T17:33:26.000Z</time>
        <extensions>
          <ns3:TrackPointExtension>
            <ns3:hr>160</ns3:hr>
          </ns3:TrackPointExtension>
        </extensions>
      </trkpt>
      <trkpt lat="45.42638364247977733612060546875" lon="-73.59608064405620098114013671875">
        <ele>29</ele>
        <time>2024-05-23T17:33:28.000Z</time>
        <extensions>
          <ns3:TrackPointExtension>
            <ns3:hr>163</ns3:hr>
          </ns3:TrackPointExtension>
        </extensions>
      </trkpt>
      <trkpt lat="45.42665806598961353302001953125" lon="-73.59587729908525943756103515625">
        <ele>28.799999237060546875</ele>
        <time>2024-05-23T17:33:35.000Z</time>
        <extensions>
          <ns3:TrackPointExtension>
            <ns3:hr>163</ns3:hr>
          </ns3:TrackPointExtension>
        </extensions>
      </trkpt>
      <trkpt lat="45.4268227703869342803955078125" lon="-73.59573212452232837677001953125">
        <ele>28.3999996185302734375</ele>
        <time>2024-05-23T17:33:39.000Z</time>
        <extensions>
          <ns3:TrackPointExtension>
            <ns3:hr>164</ns3:hr>
          </ns3:TrackPointExtension>
        </extensions>
      </trkpt>
      <trkpt lat="45.4269072599709033966064453125" lon="-73.59567747451364994049072265625">
        <ele>28.3999996185302734375</ele>
        <time>2024-05-23T17:33:41.000Z</time>
        <extensions>
          <ns3:TrackPointExtension>
            <ns3:hr>165</ns3:hr>
          </ns3:TrackPointExtension>
        </extensions>
      </trkpt>
      <trkpt lat="45.4273186437785625457763671875" lon="-73.59539014287292957305908203125">
        <ele>28.6000003814697265625</ele>
        <time>2024-05-23T17:33:51.000Z</time>
        <extensions>
          <ns3:TrackPointExtension>
            <ns3:hr>165</ns3:hr>
          </ns3:TrackPointExtension>
        </extensions>
      </trkpt>
      <trkpt lat="45.42739584110677242279052734375" lon="-73.5953141190111637115478515625">
        <ele>28.3999996185302734375</ele>
        <time>2024-05-23T17:33:53.000Z</time>
        <extensions>
          <ns3:TrackPointExtension>
            <ns3:hr>162</ns3:hr>
          </ns3:TrackPointExtension>
        </extensions>
      </trkpt>
      <trkpt lat="45.427622236311435699462890625" lon="-73.5950626619160175323486328125">
        <ele>28.3999996185302734375</ele>
        <time>2024-05-23T17:33:59.000Z</time>
        <extensions>
          <ns3:TrackPointExtension>
            <ns3:hr>160</ns3:hr>
          </ns3:TrackPointExtension>
        </extensions>
      </trkpt>
      <trkpt lat="45.4278745315968990325927734375" lon="-73.59473853372037410736083984375">
        <ele>28.200000762939453125</ele>
        <time>2024-05-23T17:34:06.000Z</time>
        <extensions>
          <ns3:TrackPointExtension>
            <ns3:hr>157</ns3:hr>
          </ns3:TrackPointExtension>
        </extensions>
      </trkpt>
      <trkpt lat="45.427948124706745147705078125" lon="-73.594639711081981658935546875">
        <ele>28.200000762939453125</ele>
        <time>2024-05-23T17:34:08.000Z</time>
        <extensions>
          <ns3:TrackPointExtension>
            <ns3:hr>157</ns3:hr>
          </ns3:TrackPointExtension>
        </extensions>
      </trkpt>
      <trkpt lat="45.4282081313431262969970703125" lon="-73.5943468473851680755615234375">
        <ele>28.3999996185302734375</ele>
        <time>2024-05-23T17:34:15.000Z</time>
        <extensions>
          <ns3:TrackPointExtension>
            <ns3:hr>158</ns3:hr>
          </ns3:TrackPointExtension>
        </extensions>
      </trkpt>
      <trkpt lat="45.42841927148401737213134765625" lon="-73.59413017518818378448486328125">
        <ele>28</ele>
        <time>2024-05-23T17:34:20.000Z</time>
        <extensions>
          <ns3:TrackPointExtension>
            <ns3:hr>158</ns3:hr>
          </ns3:TrackPointExtension>
        </extensions>
      </trkpt>
      <trkpt lat="45.42848397977650165557861328125" lon="-73.59402741305530071258544921875">
        <ele>27.799999237060546875</ele>
        <time>2024-05-23T17:34:22.000Z</time>
        <extensions>
          <ns3:TrackPointExtension>
            <ns3:hr>158</ns3:hr>
          </ns3:TrackPointExtension>
        </extensions>
      </trkpt>
      <trkpt lat="45.42849051766097545623779296875" lon="-73.59397427178919315338134765625">
        <ele>27.799999237060546875</ele>
        <time>2024-05-23T17:34:23.000Z</time>
        <extensions>
          <ns3:TrackPointExtension>
            <ns3:hr>158</ns3:hr>
          </ns3:TrackPointExtension>
        </extensions>
      </trkpt>
      <trkpt lat="45.42847962118685245513916015625" lon="-73.59391744248569011688232421875">
        <ele>27.799999237060546875</ele>
        <time>2024-05-23T17:34:24.000Z</time>
        <extensions>
          <ns3:TrackPointExtension>
            <ns3:hr>157</ns3:hr>
          </ns3:TrackPointExtension>
        </extensions>
      </trkpt>
      <trkpt lat="45.4284300841391086578369140625" lon="-73.59380227513611316680908203125">
        <ele>27.799999237060546875</ele>
        <time>2024-05-23T17:34:26.000Z</time>
        <extensions>
          <ns3:TrackPointExtension>
            <ns3:hr>157</ns3:hr>
          </ns3:TrackPointExtension>
        </extensions>
      </trkpt>
      <trkpt lat="45.42837132699787616729736328125" lon="-73.59362893737852573394775390625">
        <ele>27.6000003814697265625</ele>
        <time>2024-05-23T17:34:29.000Z</time>
        <extensions>
          <ns3:TrackPointExtension>
            <ns3:hr>155</ns3:hr>
          </ns3:TrackPointExtension>
        </extensions>
      </trkpt>
      <trkpt lat="45.4283633641898632049560546875" lon="-73.59351125545799732208251953125">
        <ele>27.6000003814697265625</ele>
        <time>2024-05-23T17:34:31.000Z</time>
        <extensions>
          <ns3:TrackPointExtension>
            <ns3:hr>156</ns3:hr>
          </ns3:TrackPointExtension>
        </extensions>
      </trkpt>
      <trkpt lat="45.42839278466999530792236328125" lon="-73.59340731985867023468017578125">
        <ele>27.3999996185302734375</ele>
        <time>2024-05-23T17:34:33.000Z</time>
        <extensions>
          <ns3:TrackPointExtension>
            <ns3:hr>157</ns3:hr>
          </ns3:TrackPointExtension>
        </extensions>
      </trkpt>
      <trkpt lat="45.4284196905791759490966796875" lon="-73.5933638177812099456787109375">
        <ele>27.200000762939453125</ele>
        <time>2024-05-23T17:34:34.000Z</time>
        <extensions>
          <ns3:TrackPointExtension>
            <ns3:hr>157</ns3:hr>
          </ns3:TrackPointExtension>
        </extensions>
      </trkpt>
      <trkpt lat="45.4284495301544666290283203125" lon="-73.59332509338855743408203125">
        <ele>27.200000762939453125</ele>
        <time>2024-05-23T17:34:35.000Z</time>
        <extensions>
          <ns3:TrackPointExtension>
            <ns3:hr>157</ns3:hr>
          </ns3:TrackPointExtension>
        </extensions>
      </trkpt>
      <trkpt lat="45.42862077243626117706298828125" lon="-73.59313708730041980743408203125">
        <ele>27.200000762939453125</ele>
        <time>2024-05-23T17:34:40.000Z</time>
        <extensions>
          <ns3:TrackPointExtension>
            <ns3:hr>154</ns3:hr>
          </ns3:TrackPointExtension>
        </extensions>
      </trkpt>
      <trkpt lat="45.42865832336246967315673828125" lon="-73.593098111450672149658203125">
        <ele>27.200000762939453125</ele>
        <time>2024-05-23T17:34:41.000Z</time>
        <extensions>
          <ns3:TrackPointExtension>
            <ns3:hr>153</ns3:hr>
          </ns3:TrackPointExtension>
        </extensions>
      </trkpt>
      <trkpt lat="45.42894163168966770172119140625" lon="-73.592788316309452056884765625">
        <ele>26.799999237060546875</ele>
        <time>2024-05-23T17:34:49.000Z</time>
        <extensions>
          <ns3:TrackPointExtension>
            <ns3:hr>155</ns3:hr>
          </ns3:TrackPointExtension>
        </extensions>
      </trkpt>
      <trkpt lat="45.42912351898849010467529296875" lon="-73.5926020704209804534912109375">
        <ele>26.799999237060546875</ele>
        <time>2024-05-23T17:34:54.000Z</time>
        <extensions>
          <ns3:TrackPointExtension>
            <ns3:hr>153</ns3:hr>
          </ns3:TrackPointExtension>
        </extensions>
      </trkpt>
      <trkpt lat="45.42916157282888889312744140625" lon="-73.59258438460528850555419921875">
        <ele>26.6000003814697265625</ele>
        <time>2024-05-23T17:34:55.000Z</time>
        <extensions>
          <ns3:TrackPointExtension>
            <ns3:hr>153</ns3:hr>
          </ns3:TrackPointExtension>
        </extensions>
      </trkpt>
      <trkpt lat="45.42920549400150775909423828125" lon="-73.59257499687373638153076171875">
        <ele>26.6000003814697265625</ele>
        <time>2024-05-23T17:34:56.000Z</time>
        <extensions>
          <ns3:TrackPointExtension>
            <ns3:hr>152</ns3:hr>
          </ns3:TrackPointExtension>
        </extensions>
      </trkpt>
      <trkpt lat="45.4295193962752819061279296875" lon="-73.5925291478633880615234375">
        <ele>27</ele>
        <time>2024-05-23T17:35:03.000Z</time>
        <extensions>
          <ns3:TrackPointExtension>
            <ns3:hr>149</ns3:hr>
          </ns3:TrackPointExtension>
        </extensions>
      </trkpt>
      <trkpt lat="45.4295606352388858795166015625" lon="-73.59251246787607669830322265625">
        <ele>27.200000762939453125</ele>
        <time>2024-05-23T17:35:04.000Z</time>
        <extensions>
          <ns3:TrackPointExtension>
            <ns3:hr>150</ns3:hr>
          </ns3:TrackPointExtension>
        </extensions>
      </trkpt>
      <trkpt lat="45.42971813119947910308837890625" lon="-73.59241875819861888885498046875">
        <ele>27.3999996185302734375</ele>
        <time>2024-05-23T17:35:08.000Z</time>
        <extensions>
          <ns3:TrackPointExtension>
            <ns3:hr>151</ns3:hr>
          </ns3:TrackPointExtension>
        </extensions>
      </trkpt>
      <trkpt lat="45.4297943226993083953857421875" lon="-73.5923522897064685821533203125">
        <ele>27.3999996185302734375</ele>
        <time>2024-05-23T17:35:10.000Z</time>
        <extensions>
          <ns3:TrackPointExtension>
            <ns3:hr>152</ns3:hr>
          </ns3:TrackPointExtension>
        </extensions>
      </trkpt>
      <trkpt lat="45.4299130104482173919677734375" lon="-73.59226964414119720458984375">
        <ele>27.6000003814697265625</ele>
        <time>2024-05-23T17:35:13.000Z</time>
        <extensions>
          <ns3:TrackPointExtension>
            <ns3:hr>156</ns3:hr>
          </ns3:TrackPointExtension>
        </extensions>
      </trkpt>
      <trkpt lat="45.42999858967959880828857421875" lon="-73.5922470130026340484619140625">
        <ele>27.799999237060546875</ele>
        <time>2024-05-23T17:35:15.000Z</time>
        <extensions>
          <ns3:TrackPointExtension>
            <ns3:hr>160</ns3:hr>
          </ns3:TrackPointExtension>
        </extensions>
      </trkpt>
      <trkpt lat="45.4300400801002979278564453125" lon="-73.59223385341465473175048828125">
        <ele>27.799999237060546875</ele>
        <time>2024-05-23T17:35:16.000Z</time>
        <extensions>
          <ns3:TrackPointExtension>
            <ns3:hr>161</ns3:hr>
          </ns3:TrackPointExtension>
        </extensions>
      </trkpt>
      <trkpt lat="45.4301181994378566741943359375" lon="-73.59218381345272064208984375">
        <ele>28.200000762939453125</ele>
        <time>2024-05-23T17:35:18.000Z</time>
        <extensions>
          <ns3:TrackPointExtension>
            <ns3:hr>164</ns3:hr>
          </ns3:TrackPointExtension>
        </extensions>
      </trkpt>
      <trkpt lat="45.4301534034311771392822265625" lon="-73.59214760363101959228515625">
        <ele>28.3999996185302734375</ele>
        <time>2024-05-23T17:35:19.000Z</time>
        <extensions>
          <ns3:TrackPointExtension>
            <ns3:hr>165</ns3:hr>
          </ns3:TrackPointExtension>
        </extensions>
      </trkpt>
      <trkpt lat="45.43029732070863246917724609375" lon="-73.59198843128979206085205078125">
        <ele>28.6000003814697265625</ele>
        <time>2024-05-23T17:35:23.000Z</time>
        <extensions>
          <ns3:TrackPointExtension>
            <ns3:hr>168</ns3:hr>
          </ns3:TrackPointExtension>
        </extensions>
      </trkpt>
      <trkpt lat="45.430435203015804290771484375" lon="-73.59182816930115222930908203125">
        <ele>28.799999237060546875</ele>
        <time>2024-05-23T17:35:27.000Z</time>
        <extensions>
          <ns3:TrackPointExtension>
            <ns3:hr>171</ns3:hr>
          </ns3:TrackPointExtension>
        </extensions>
      </trkpt>
      <trkpt lat="45.43046764098107814788818359375" lon="-73.59178726561367511749267578125">
        <ele>28.799999237060546875</ele>
        <time>2024-05-23T17:35:28.000Z</time>
        <extensions>
          <ns3:TrackPointExtension>
            <ns3:hr>172</ns3:hr>
          </ns3:TrackPointExtension>
        </extensions>
      </trkpt>
      <trkpt lat="45.43049789965152740478515625" lon="-73.5917481221258640289306640625">
        <ele>28.799999237060546875</ele>
        <time>2024-05-23T17:35:29.000Z</time>
        <extensions>
          <ns3:TrackPointExtension>
            <ns3:hr>172</ns3:hr>
          </ns3:TrackPointExtension>
        </extensions>
      </trkpt>
      <trkpt lat="45.4306958802044391632080078125" lon="-73.59147177077829837799072265625">
        <ele>28.799999237060546875</ele>
        <time>2024-05-23T17:35:36.000Z</time>
        <extensions>
          <ns3:TrackPointExtension>
            <ns3:hr>175</ns3:hr>
          </ns3:TrackPointExtension>
        </extensions>
      </trkpt>
      <trkpt lat="45.43072328902781009674072265625" lon="-73.59143237583339214324951171875">
        <ele>28.799999237060546875</ele>
        <time>2024-05-23T17:35:37.000Z</time>
        <extensions>
          <ns3:TrackPointExtension>
            <ns3:hr>175</ns3:hr>
          </ns3:TrackPointExtension>
        </extensions>
      </trkpt>
      <trkpt lat="45.43096996843814849853515625" lon="-73.5910611413419246673583984375">
        <ele>29.3999996185302734375</ele>
        <time>2024-05-23T17:35:46.000Z</time>
        <extensions>
          <ns3:TrackPointExtension>
            <ns3:hr>176</ns3:hr>
          </ns3:TrackPointExtension>
        </extensions>
      </trkpt>
      <trkpt lat="45.43127976357936859130859375" lon="-73.590576164424419403076171875">
        <ele>29.3999996185302734375</ele>
        <time>2024-05-23T17:35:57.000Z</time>
        <extensions>
          <ns3:TrackPointExtension>
            <ns3:hr>175</ns3:hr>
          </ns3:TrackPointExtension>
        </extensions>
      </trkpt>
      <trkpt lat="45.43155443854629993438720703125" lon="-73.59014759771525859832763671875">
        <ele>29.3999996185302734375</ele>
        <time>2024-05-23T17:36:06.000Z</time>
        <extensions>
          <ns3:TrackPointExtension>
            <ns3:hr>173</ns3:hr>
          </ns3:TrackPointExtension>
        </extensions>
      </trkpt>
      <trkpt lat="45.43184679932892322540283203125" lon="-73.58969581313431262969970703125">
        <ele>29.3999996185302734375</ele>
        <time>2024-05-23T17:36:15.000Z</time>
        <extensions>
          <ns3:TrackPointExtension>
            <ns3:hr>170</ns3:hr>
          </ns3:TrackPointExtension>
        </extensions>
      </trkpt>
      <trkpt lat="45.43188996613025665283203125" lon="-73.5895694978535175323486328125">
        <ele>29.3999996185302734375</ele>
        <time>2024-05-23T17:36:17.000Z</time>
        <extensions>
          <ns3:TrackPointExtension>
            <ns3:hr>168</ns3:hr>
          </ns3:TrackPointExtension>
        </extensions>
      </trkpt>
      <trkpt lat="45.43193682096898555755615234375" lon="-73.5893802344799041748046875">
        <ele>29.200000762939453125</ele>
        <time>2024-05-23T17:36:20.000Z</time>
        <extensions>
          <ns3:TrackPointExtension>
            <ns3:hr>168</ns3:hr>
          </ns3:TrackPointExtension>
        </extensions>
      </trkpt>
      <trkpt lat="45.4319913871586322784423828125" lon="-73.58926825225353240966796875">
        <ele>29.200000762939453125</ele>
        <time>2024-05-23T17:36:22.000Z</time>
        <extensions>
          <ns3:TrackPointExtension>
            <ns3:hr>169</ns3:hr>
          </ns3:TrackPointExtension>
        </extensions>
      </trkpt>
      <trkpt lat="45.43206523172557353973388671875" lon="-73.58918066136538982391357421875">
        <ele>29</ele>
        <time>2024-05-23T17:36:24.000Z</time>
        <extensions>
          <ns3:TrackPointExtension>
            <ns3:hr>169</ns3:hr>
          </ns3:TrackPointExtension>
        </extensions>
      </trkpt>
      <trkpt lat="45.432144105434417724609375" lon="-73.58909969218075275421142578125">
        <ele>29</ele>
        <time>2024-05-23T17:36:26.000Z</time>
        <extensions>
          <ns3:TrackPointExtension>
            <ns3:hr>169</ns3:hr>
          </ns3:TrackPointExtension>
        </extensions>
      </trkpt>
      <trkpt lat="45.4322217218577861785888671875" lon="-73.58902777545154094696044921875">
        <ele>28.799999237060546875</ele>
        <time>2024-05-23T17:36:28.000Z</time>
        <extensions>
          <ns3:TrackPointExtension>
            <ns3:hr>167</ns3:hr>
          </ns3:TrackPointExtension>
        </extensions>
      </trkpt>
      <trkpt lat="45.43229942210018634796142578125" lon="-73.5889411903917789459228515625">
        <ele>28.799999237060546875</ele>
        <time>2024-05-23T17:36:30.000Z</time>
        <extensions>
          <ns3:TrackPointExtension>
            <ns3:hr>166</ns3:hr>
          </ns3:TrackPointExtension>
        </extensions>
      </trkpt>
      <trkpt lat="45.43241173960268497467041015625" lon="-73.58883063308894634246826171875">
        <ele>28.799999237060546875</ele>
        <time>2024-05-23T17:36:33.000Z</time>
        <extensions>
          <ns3:TrackPointExtension>
            <ns3:hr>163</ns3:hr>
          </ns3:TrackPointExtension>
        </extensions>
      </trkpt>
      <trkpt lat="45.43257703073322772979736328125" lon="-73.58864639885723590850830078125">
        <ele>28.799999237060546875</ele>
        <time>2024-05-23T17:36:38.000Z</time>
        <extensions>
          <ns3:TrackPointExtension>
            <ns3:hr>160</ns3:hr>
          </ns3:TrackPointExtension>
        </extensions>
      </trkpt>
      <trkpt lat="45.4326388053596019744873046875" lon="-73.588561825454235076904296875">
        <ele>28.799999237060546875</ele>
        <time>2024-05-23T17:36:40.000Z</time>
        <extensions>
          <ns3:TrackPointExtension>
            <ns3:hr>159</ns3:hr>
          </ns3:TrackPointExtension>
        </extensions>
      </trkpt>
      <trkpt lat="45.43269085697829723358154296875" lon="-73.58846166171133518218994140625">
        <ele>28.799999237060546875</ele>
        <time>2024-05-23T17:36:42.000Z</time>
        <extensions>
          <ns3:TrackPointExtension>
            <ns3:hr>158</ns3:hr>
          </ns3:TrackPointExtension>
        </extensions>
      </trkpt>
      <trkpt lat="45.432747267186641693115234375" lon="-73.5882867313921451568603515625">
        <ele>29</ele>
        <time>2024-05-23T17:36:45.000Z</time>
        <extensions>
          <ns3:TrackPointExtension>
            <ns3:hr>157</ns3:hr>
          </ns3:TrackPointExtension>
        </extensions>
      </trkpt>
      <trkpt lat="45.4328285716474056243896484375" lon="-73.588042147457599639892578125">
        <ele>28.799999237060546875</ele>
        <time>2024-05-23T17:36:49.000Z</time>
        <extensions>
          <ns3:TrackPointExtension>
            <ns3:hr>160</ns3:hr>
          </ns3:TrackPointExtension>
        </extensions>
      </trkpt>
      <trkpt lat="45.43285128660500049591064453125" lon="-73.58798909001052379608154296875">
        <ele>28.799999237060546875</ele>
        <time>2024-05-23T17:36:50.000Z</time>
        <extensions>
          <ns3:TrackPointExtension>
            <ns3:hr>161</ns3:hr>
          </ns3:TrackPointExtension>
        </extensions>
      </trkpt>
      <trkpt lat="45.43291297741234302520751953125" lon="-73.58788465149700641632080078125">
        <ele>28.6000003814697265625</ele>
        <time>2024-05-23T17:36:52.000Z</time>
        <extensions>
          <ns3:TrackPointExtension>
            <ns3:hr>160</ns3:hr>
          </ns3:TrackPointExtension>
        </extensions>
      </trkpt>
      <trkpt lat="45.433145575225353240966796875" lon="-73.58755767345428466796875">
        <ele>28.6000003814697265625</ele>
        <time>2024-05-23T17:36:59.000Z</time>
        <extensions>
          <ns3:TrackPointExtension>
            <ns3:hr>159</ns3:hr>
          </ns3:TrackPointExtension>
        </extensions>
      </trkpt>
      <trkpt lat="45.4332386143505573272705078125" lon="-73.5874409973621368408203125">
        <ele>28.6000003814697265625</ele>
        <time>2024-05-23T17:37:02.000Z</time>
        <extensions>
          <ns3:TrackPointExtension>
            <ns3:hr>156</ns3:hr>
          </ns3:TrackPointExtension>
        </extensions>
      </trkpt>
      <trkpt lat="45.43341840617358684539794921875" lon="-73.587262630462646484375">
        <ele>28.3999996185302734375</ele>
        <time>2024-05-23T17:37:07.000Z</time>
        <extensions>
          <ns3:TrackPointExtension>
            <ns3:hr>152</ns3:hr>
          </ns3:TrackPointExtension>
        </extensions>
      </trkpt>
      <trkpt lat="45.43369601480662822723388671875" lon="-73.58702383004128932952880859375">
        <ele>28.6000003814697265625</ele>
        <time>2024-05-23T17:37:14.000Z</time>
        <extensions>
          <ns3:TrackPointExtension>
            <ns3:hr>153</ns3:hr>
          </ns3:TrackPointExtension>
        </extensions>
      </trkpt>
      <trkpt lat="45.434037409722805023193359375" lon="-73.586718477308750152587890625">
        <ele>28.3999996185302734375</ele>
        <time>2024-05-23T17:37:22.000Z</time>
        <extensions>
          <ns3:TrackPointExtension>
            <ns3:hr>154</ns3:hr>
          </ns3:TrackPointExtension>
        </extensions>
      </trkpt>
      <trkpt lat="45.4342048801481723785400390625" lon="-73.58656735159456729888916015625">
        <ele>28.3999996185302734375</ele>
        <time>2024-05-23T17:37:26.000Z</time>
        <extensions>
          <ns3:TrackPointExtension>
            <ns3:hr>152</ns3:hr>
          </ns3:TrackPointExtension>
        </extensions>
      </trkpt>
      <trkpt lat="45.43433421291410923004150390625" lon="-73.586491160094738006591796875">
        <ele>28.200000762939453125</ele>
        <time>2024-05-23T17:37:29.000Z</time>
        <extensions>
          <ns3:TrackPointExtension>
            <ns3:hr>150</ns3:hr>
          </ns3:TrackPointExtension>
        </extensions>
      </trkpt>
      <trkpt lat="45.4344539903104305267333984375" lon="-73.58640910126268863677978515625">
        <ele>27.799999237060546875</ele>
        <time>2024-05-23T17:37:32.000Z</time>
        <extensions>
          <ns3:TrackPointExtension>
            <ns3:hr>148</ns3:hr>
          </ns3:TrackPointExtension>
        </extensions>
      </trkpt>
      <trkpt lat="45.43452599085867404937744140625" lon="-73.58635009266436100006103515625">
        <ele>27.799999237060546875</ele>
        <time>2024-05-23T17:37:34.000Z</time>
        <extensions>
          <ns3:TrackPointExtension>
            <ns3:hr>148</ns3:hr>
          </ns3:TrackPointExtension>
        </extensions>
      </trkpt>
      <trkpt lat="45.43464635498821735382080078125" lon="-73.58624297194182872772216796875">
        <ele>28</ele>
        <time>2024-05-23T17:37:37.000Z</time>
        <extensions>
          <ns3:TrackPointExtension>
            <ns3:hr>148</ns3:hr>
          </ns3:TrackPointExtension>
        </extensions>
      </trkpt>
      <trkpt lat="45.4348469339311122894287109375" lon="-73.58607348985970020294189453125">
        <ele>28</ele>
        <time>2024-05-23T17:37:42.000Z</time>
        <extensions>
          <ns3:TrackPointExtension>
            <ns3:hr>146</ns3:hr>
          </ns3:TrackPointExtension>
        </extensions>
      </trkpt>
      <trkpt lat="45.4349247179925441741943359375" lon="-73.5859914310276508331298828125">
        <ele>27.799999237060546875</ele>
        <time>2024-05-23T17:37:44.000Z</time>
        <extensions>
          <ns3:TrackPointExtension>
            <ns3:hr>147</ns3:hr>
          </ns3:TrackPointExtension>
        </extensions>
      </trkpt>
      <trkpt lat="45.4350759275257587432861328125" lon="-73.58583997003734111785888671875">
        <ele>27.6000003814697265625</ele>
        <time>2024-05-23T17:37:48.000Z</time>
        <extensions>
          <ns3:TrackPointExtension>
            <ns3:hr>148</ns3:hr>
          </ns3:TrackPointExtension>
        </extensions>
      </trkpt>
      <trkpt lat="45.43514608405530452728271484375" lon="-73.58579269610345363616943359375">
        <ele>27.6000003814697265625</ele>
        <time>2024-05-23T17:37:50.000Z</time>
        <extensions>
          <ns3:TrackPointExtension>
            <ns3:hr>148</ns3:hr>
          </ns3:TrackPointExtension>
        </extensions>
      </trkpt>
      <trkpt lat="45.4352970421314239501953125" lon="-73.58567400835454463958740234375">
        <ele>27.200000762939453125</ele>
        <time>2024-05-23T17:37:55.000Z</time>
        <extensions>
          <ns3:TrackPointExtension>
            <ns3:hr>147</ns3:hr>
          </ns3:TrackPointExtension>
        </extensions>
      </trkpt>
      <trkpt lat="45.4353136382997035980224609375" lon="-73.58551458455622196197509765625">
        <ele>27.200000762939453125</ele>
        <time>2024-05-23T17:37:58.000Z</time>
        <extensions>
          <ns3:TrackPointExtension>
            <ns3:hr>147</ns3:hr>
          </ns3:TrackPointExtension>
        </extensions>
      </trkpt>
      <trkpt lat="45.43530215509235858917236328125" lon="-73.5854466073215007781982421875">
        <ele>27.200000762939453125</ele>
        <time>2024-05-23T17:37:59.000Z</time>
        <extensions>
          <ns3:TrackPointExtension>
            <ns3:hr>146</ns3:hr>
          </ns3:TrackPointExtension>
        </extensions>
      </trkpt>
      <trkpt lat="45.435246415436267852783203125" lon="-73.58516757376492023468017578125">
        <ele>27.200000762939453125</ele>
        <time>2024-05-23T17:38:03.000Z</time>
        <extensions>
          <ns3:TrackPointExtension>
            <ns3:hr>146</ns3:hr>
          </ns3:TrackPointExtension>
        </extensions>
      </trkpt>
      <trkpt lat="45.4351543821394443511962890625" lon="-73.58462794683873653411865234375">
        <ele>27.200000762939453125</ele>
        <time>2024-05-23T17:38:11.000Z</time>
        <extensions>
          <ns3:TrackPointExtension>
            <ns3:hr>149</ns3:hr>
          </ns3:TrackPointExtension>
        </extensions>
      </trkpt>
      <trkpt lat="45.43514491058886051177978515625" lon="-73.58456860296428203582763671875">
        <ele>27.200000762939453125</ele>
        <time>2024-05-23T17:38:12.000Z</time>
        <extensions>
          <ns3:TrackPointExtension>
            <ns3:hr>149</ns3:hr>
          </ns3:TrackPointExtension>
        </extensions>
      </trkpt>
      <trkpt lat="45.43510325253009796142578125" lon="-73.58428278006613254547119140625">
        <ele>27.200000762939453125</ele>
        <time>2024-05-23T17:38:17.000Z</time>
        <extensions>
          <ns3:TrackPointExtension>
            <ns3:hr>150</ns3:hr>
          </ns3:TrackPointExtension>
        </extensions>
      </trkpt>
      <trkpt lat="45.43510417453944683074951171875" lon="-73.5841755755245685577392578125">
        <ele>27.200000762939453125</ele>
        <time>2024-05-23T17:38:19.000Z</time>
        <extensions>
          <ns3:TrackPointExtension>
            <ns3:hr>149</ns3:hr>
          </ns3:TrackPointExtension>
        </extensions>
      </trkpt>
      <trkpt lat="45.43517290614545345306396484375" lon="-73.5840625874698162078857421875">
        <ele>27.200000762939453125</ele>
        <time>2024-05-23T17:38:22.000Z</time>
        <extensions>
          <ns3:TrackPointExtension>
            <ns3:hr>149</ns3:hr>
          </ns3:TrackPointExtension>
        </extensions>
      </trkpt>
      <trkpt lat="45.43539737351238727569580078125" lon="-73.5840077698230743408203125">
        <ele>27.799999237060546875</ele>
        <time>2024-05-23T17:38:27.000Z</time>
        <extensions>
          <ns3:TrackPointExtension>
            <ns3:hr>149</ns3:hr>
          </ns3:TrackPointExtension>
        </extensions>
      </trkpt>
      <trkpt lat="45.43564371764659881591796875" lon="-73.5838050954043865203857421875">
        <ele>28.3999996185302734375</ele>
        <time>2024-05-23T17:38:33.000Z</time>
        <extensions>
          <ns3:TrackPointExtension>
            <ns3:hr>149</ns3:hr>
          </ns3:TrackPointExtension>
        </extensions>
      </trkpt>
      <trkpt lat="45.43597522191703319549560546875" lon="-73.58335205353796482086181640625">
        <ele>28.3999996185302734375</ele>
        <time>2024-05-23T17:38:43.000Z</time>
        <extensions>
          <ns3:TrackPointExtension>
            <ns3:hr>149</ns3:hr>
          </ns3:TrackPointExtension>
        </extensions>
      </trkpt>
      <trkpt lat="45.436028279364109039306640625" lon="-73.5832659713923931121826171875">
        <ele>28.799999237060546875</ele>
        <time>2024-05-23T17:38:45.000Z</time>
        <extensions>
          <ns3:TrackPointExtension>
            <ns3:hr>152</ns3:hr>
          </ns3:TrackPointExtension>
        </extensions>
      </trkpt>
      <trkpt lat="45.4360552690923213958740234375" lon="-73.5832243971526622772216796875">
        <ele>28.799999237060546875</ele>
        <time>2024-05-23T17:38:46.000Z</time>
        <extensions>
          <ns3:TrackPointExtension>
            <ns3:hr>154</ns3:hr>
          </ns3:TrackPointExtension>
        </extensions>
      </trkpt>
      <trkpt lat="45.43614654801785945892333984375" lon="-73.58309942297637462615966796875">
        <ele>29</ele>
        <time>2024-05-23T17:38:49.000Z</time>
        <extensions>
          <ns3:TrackPointExtension>
            <ns3:hr>158</ns3:hr>
          </ns3:TrackPointExtension>
        </extensions>
      </trkpt>
      <trkpt lat="45.43618150055408477783203125" lon="-73.5830564238131046295166015625">
        <ele>29</ele>
        <time>2024-05-23T17:38:50.000Z</time>
        <extensions>
          <ns3:TrackPointExtension>
            <ns3:hr>162</ns3:hr>
          </ns3:TrackPointExtension>
        </extensions>
      </trkpt>
      <trkpt lat="45.43621427379548549652099609375" lon="-73.58301602303981781005859375">
        <ele>28.799999237060546875</ele>
        <time>2024-05-23T17:38:51.000Z</time>
        <extensions>
          <ns3:TrackPointExtension>
            <ns3:hr>165</ns3:hr>
          </ns3:TrackPointExtension>
        </extensions>
      </trkpt>
      <trkpt lat="45.43635877780616283416748046875" lon="-73.58285819180309772491455078125">
        <ele>28.6000003814697265625</ele>
        <time>2024-05-23T17:38:55.000Z</time>
        <extensions>
          <ns3:TrackPointExtension>
            <ns3:hr>168</ns3:hr>
          </ns3:TrackPointExtension>
        </extensions>
      </trkpt>
      <trkpt lat="45.43650680221617221832275390625" lon="-73.58270061202347278594970703125">
        <ele>28.3999996185302734375</ele>
        <time>2024-05-23T17:38:59.000Z</time>
        <extensions>
          <ns3:TrackPointExtension>
            <ns3:hr>167</ns3:hr>
          </ns3:TrackPointExtension>
        </extensions>
      </trkpt>
      <trkpt lat="45.43669187463819980621337890625" lon="-73.582514114677906036376953125">
        <ele>28.3999996185302734375</ele>
        <time>2024-05-23T17:39:04.000Z</time>
        <extensions>
          <ns3:TrackPointExtension>
            <ns3:hr>164</ns3:hr>
          </ns3:TrackPointExtension>
        </extensions>
      </trkpt>
      <trkpt lat="45.4368002526462078094482421875" lon="-73.5824076645076274871826171875">
        <ele>28.3999996185302734375</ele>
        <time>2024-05-23T17:39:07.000Z</time>
        <extensions>
          <ns3:TrackPointExtension>
            <ns3:hr>160</ns3:hr>
          </ns3:TrackPointExtension>
        </extensions>
      </trkpt>
      <trkpt lat="45.43703083880245685577392578125" lon="-73.5821424610912799835205078125">
        <ele>28.200000762939453125</ele>
        <time>2024-05-23T17:39:14.000Z</time>
        <extensions>
          <ns3:TrackPointExtension>
            <ns3:hr>157</ns3:hr>
          </ns3:TrackPointExtension>
        </extensions>
      </trkpt>
      <trkpt lat="45.43706101365387439727783203125" lon="-73.58210382051765918731689453125">
        <ele>28.200000762939453125</ele>
        <time>2024-05-23T17:39:15.000Z</time>
        <extensions>
          <ns3:TrackPointExtension>
            <ns3:hr>157</ns3:hr>
          </ns3:TrackPointExtension>
        </extensions>
      </trkpt>
      <trkpt lat="45.43715338222682476043701171875" lon="-73.58197993598878383636474609375">
        <ele>28</ele>
        <time>2024-05-23T17:39:18.000Z</time>
        <extensions>
          <ns3:TrackPointExtension>
            <ns3:hr>157</ns3:hr>
          </ns3:TrackPointExtension>
        </extensions>
      </trkpt>
      <trkpt lat="45.43726955540478229522705078125" lon="-73.581812046468257904052734375">
        <ele>28</ele>
        <time>2024-05-23T17:39:22.000Z</time>
        <extensions>
          <ns3:TrackPointExtension>
            <ns3:hr>157</ns3:hr>
          </ns3:TrackPointExtension>
        </extensions>
      </trkpt>
      <trkpt lat="45.437455214560031890869140625" lon="-73.58155279420316219329833984375">
        <ele>28.200000762939453125</ele>
        <time>2024-05-23T17:39:28.000Z</time>
        <extensions>
          <ns3:TrackPointExtension>
            <ns3:hr>156</ns3:hr>
          </ns3:TrackPointExtension>
        </extensions>
      </trkpt>
      <trkpt lat="45.43752268888056278228759765625" lon="-73.581465370953083038330078125">
        <ele>28.200000762939453125</ele>
        <time>2024-05-23T17:39:30.000Z</time>
        <extensions>
          <ns3:TrackPointExtension>
            <ns3:hr>157</ns3:hr>
          </ns3:TrackPointExtension>
        </extensions>
      </trkpt>
      <trkpt lat="45.4376723058521747589111328125" lon="-73.58125381171703338623046875">
        <ele>28.200000762939453125</ele>
        <time>2024-05-23T17:39:35.000Z</time>
        <extensions>
          <ns3:TrackPointExtension>
            <ns3:hr>154</ns3:hr>
          </ns3:TrackPointExtension>
        </extensions>
      </trkpt>
      <trkpt lat="45.43785595335066318511962890625" lon="-73.5810182802379131317138671875">
        <ele>28.200000762939453125</ele>
        <time>2024-05-23T17:39:41.000Z</time>
        <extensions>
          <ns3:TrackPointExtension>
            <ns3:hr>155</ns3:hr>
          </ns3:TrackPointExtension>
        </extensions>
      </trkpt>
      <trkpt lat="45.4379147104918956756591796875" lon="-73.580935634672641754150390625">
        <ele>27.799999237060546875</ele>
        <time>2024-05-23T17:39:43.000Z</time>
        <extensions>
          <ns3:TrackPointExtension>
            <ns3:hr>156</ns3:hr>
          </ns3:TrackPointExtension>
        </extensions>
      </trkpt>
      <trkpt lat="45.438177399337291717529296875" lon="-73.58060446567833423614501953125">
        <ele>27.6000003814697265625</ele>
        <time>2024-05-23T17:39:51.000Z</time>
        <extensions>
          <ns3:TrackPointExtension>
            <ns3:hr>155</ns3:hr>
          </ns3:TrackPointExtension>
        </extensions>
      </trkpt>
      <trkpt lat="45.43844620697200298309326171875" lon="-73.5802929103374481201171875">
        <ele>27.200000762939453125</ele>
        <time>2024-05-23T17:39:58.000Z</time>
        <extensions>
          <ns3:TrackPointExtension>
            <ns3:hr>155</ns3:hr>
          </ns3:TrackPointExtension>
        </extensions>
      </trkpt>
      <trkpt lat="45.43867771513760089874267578125" lon="-73.58006634749472141265869140625">
        <ele>27</ele>
        <time>2024-05-23T17:40:04.000Z</time>
        <extensions>
          <ns3:TrackPointExtension>
            <ns3:hr>152</ns3:hr>
          </ns3:TrackPointExtension>
        </extensions>
      </trkpt>
      <trkpt lat="45.43878701515495777130126953125" lon="-73.57994112186133861541748046875">
        <ele>27.3999996185302734375</ele>
        <time>2024-05-23T17:40:07.000Z</time>
        <extensions>
          <ns3:TrackPointExtension>
            <ns3:hr>149</ns3:hr>
          </ns3:TrackPointExtension>
        </extensions>
      </trkpt>
      <trkpt lat="45.43882372789084911346435546875" lon="-73.57989669777452945709228515625">
        <ele>27.3999996185302734375</ele>
        <time>2024-05-23T17:40:08.000Z</time>
        <extensions>
          <ns3:TrackPointExtension>
            <ns3:hr>149</ns3:hr>
          </ns3:TrackPointExtension>
        </extensions>
      </trkpt>
      <trkpt lat="45.439024977385997772216796875" lon="-73.57965177856385707855224609375">
        <ele>27.200000762939453125</ele>
        <time>2024-05-23T17:40:14.000Z</time>
        <extensions>
          <ns3:TrackPointExtension>
            <ns3:hr>150</ns3:hr>
          </ns3:TrackPointExtension>
        </extensions>
      </trkpt>
      <trkpt lat="45.4390603490173816680908203125" lon="-73.57961154542863368988037109375">
        <ele>26.799999237060546875</ele>
        <time>2024-05-23T17:40:15.000Z</time>
        <extensions>
          <ns3:TrackPointExtension>
            <ns3:hr>150</ns3:hr>
          </ns3:TrackPointExtension>
        </extensions>
      </trkpt>
      <trkpt lat="45.43934843502938747406005859375" lon="-73.5792828910052776336669921875">
        <ele>26.6000003814697265625</ele>
        <time>2024-05-23T17:40:23.000Z</time>
        <extensions>
          <ns3:TrackPointExtension>
            <ns3:hr>149</ns3:hr>
          </ns3:TrackPointExtension>
        </extensions>
      </trkpt>
      <trkpt lat="45.4394509457051753997802734375" lon="-73.579172752797603607177734375">
        <ele>26.6000003814697265625</ele>
        <time>2024-05-23T17:40:26.000Z</time>
        <extensions>
          <ns3:TrackPointExtension>
            <ns3:hr>149</ns3:hr>
          </ns3:TrackPointExtension>
        </extensions>
      </trkpt>
      <trkpt lat="45.43949763290584087371826171875" lon="-73.579074181616306304931640625">
        <ele>26.799999237060546875</ele>
        <time>2024-05-23T17:40:28.000Z</time>
        <extensions>
          <ns3:TrackPointExtension>
            <ns3:hr>149</ns3:hr>
          </ns3:TrackPointExtension>
        </extensions>
      </trkpt>
      <trkpt lat="45.4395169951021671295166015625" lon="-73.57902296818792819976806640625">
        <ele>26.799999237060546875</ele>
        <time>2024-05-23T17:40:29.000Z</time>
        <extensions>
          <ns3:TrackPointExtension>
            <ns3:hr>149</ns3:hr>
          </ns3:TrackPointExtension>
        </extensions>
      </trkpt>
      <trkpt lat="45.43954289518296718597412109375" lon="-73.578980974853038787841796875">
        <ele>26.799999237060546875</ele>
        <time>2024-05-23T17:40:30.000Z</time>
        <extensions>
          <ns3:TrackPointExtension>
            <ns3:hr>149</ns3:hr>
          </ns3:TrackPointExtension>
        </extensions>
      </trkpt>
      <trkpt lat="45.43965420685708522796630859375" lon="-73.57887477613985538482666015625">
        <ele>26.799999237060546875</ele>
        <time>2024-05-23T17:40:33.000Z</time>
        <extensions>
          <ns3:TrackPointExtension>
            <ns3:hr>149</ns3:hr>
          </ns3:TrackPointExtension>
        </extensions>
      </trkpt>
      <trkpt lat="45.4396903328597545623779296875" lon="-73.57883353717625141143798828125">
        <ele>26.799999237060546875</ele>
        <time>2024-05-23T17:40:34.000Z</time>
        <extensions>
          <ns3:TrackPointExtension>
            <ns3:hr>149</ns3:hr>
          </ns3:TrackPointExtension>
        </extensions>
      </trkpt>
      <trkpt lat="45.43986375443637371063232421875" lon="-73.57859482057392597198486328125">
        <ele>27</ele>
        <time>2024-05-23T17:40:39.000Z</time>
        <extensions>
          <ns3:TrackPointExtension>
            <ns3:hr>152</ns3:hr>
          </ns3:TrackPointExtension>
        </extensions>
      </trkpt>
      <trkpt lat="45.440168268978595733642578125" lon="-73.57820875011384487152099609375">
        <ele>27</ele>
        <time>2024-05-23T17:40:47.000Z</time>
        <extensions>
          <ns3:TrackPointExtension>
            <ns3:hr>149</ns3:hr>
          </ns3:TrackPointExtension>
        </extensions>
      </trkpt>
      <trkpt lat="45.44037572108209133148193359375" lon="-73.57794304378330707550048828125">
        <ele>27</ele>
        <time>2024-05-23T17:40:53.000Z</time>
        <extensions>
          <ns3:TrackPointExtension>
            <ns3:hr>152</ns3:hr>
          </ns3:TrackPointExtension>
        </extensions>
      </trkpt>
      <trkpt lat="45.440443195402622222900390625" lon="-73.57785545289516448974609375">
        <ele>26.799999237060546875</ele>
        <time>2024-05-23T17:40:55.000Z</time>
        <extensions>
          <ns3:TrackPointExtension>
            <ns3:hr>155</ns3:hr>
          </ns3:TrackPointExtension>
        </extensions>
      </trkpt>
      <trkpt lat="45.4405047185719013214111328125" lon="-73.57777724973857402801513671875">
        <ele>26.799999237060546875</ele>
        <time>2024-05-23T17:40:57.000Z</time>
        <extensions>
          <ns3:TrackPointExtension>
            <ns3:hr>151</ns3:hr>
          </ns3:TrackPointExtension>
        </extensions>
      </trkpt>
      <trkpt lat="45.44072826392948627471923828125" lon="-73.577544651925563812255859375">
        <ele>26.6000003814697265625</ele>
        <time>2024-05-23T17:41:03.000Z</time>
        <extensions>
          <ns3:TrackPointExtension>
            <ns3:hr>151</ns3:hr>
          </ns3:TrackPointExtension>
        </extensions>
      </trkpt>
      <trkpt lat="45.44092657975852489471435546875" lon="-73.57739201746881008148193359375">
        <ele>26.200000762939453125</ele>
        <time>2024-05-23T17:41:08.000Z</time>
        <extensions>
          <ns3:TrackPointExtension>
            <ns3:hr>152</ns3:hr>
          </ns3:TrackPointExtension>
        </extensions>
      </trkpt>
      <trkpt lat="45.441033281385898590087890625" lon="-73.577258326113224029541015625">
        <ele>26.200000762939453125</ele>
        <time>2024-05-23T17:41:11.000Z</time>
        <extensions>
          <ns3:TrackPointExtension>
            <ns3:hr>153</ns3:hr>
          </ns3:TrackPointExtension>
        </extensions>
      </trkpt>
      <trkpt lat="45.441188514232635498046875" lon="-73.57708490453660488128662109375">
        <ele>26.200000762939453125</ele>
        <time>2024-05-23T17:41:15.000Z</time>
        <extensions>
          <ns3:TrackPointExtension>
            <ns3:hr>156</ns3:hr>
          </ns3:TrackPointExtension>
        </extensions>
      </trkpt>
      <trkpt lat="45.4413315095007419586181640625" lon="-73.57690938748419284820556640625">
        <ele>26.200000762939453125</ele>
        <time>2024-05-23T17:41:19.000Z</time>
        <extensions>
          <ns3:TrackPointExtension>
            <ns3:hr>157</ns3:hr>
          </ns3:TrackPointExtension>
        </extensions>
      </trkpt>
      <trkpt lat="45.4415358603000640869140625" lon="-73.57664770446717739105224609375">
        <ele>26.3999996185302734375</ele>
        <time>2024-05-23T17:41:26.000Z</time>
        <extensions>
          <ns3:TrackPointExtension>
            <ns3:hr>154</ns3:hr>
          </ns3:TrackPointExtension>
        </extensions>
      </trkpt>
      <trkpt lat="45.4415873251855373382568359375" lon="-73.5765792243182659149169921875">
        <ele>26.6000003814697265625</ele>
        <time>2024-05-23T17:41:28.000Z</time>
        <extensions>
          <ns3:TrackPointExtension>
            <ns3:hr>151</ns3:hr>
          </ns3:TrackPointExtension>
        </extensions>
      </trkpt>
      <trkpt lat="45.44171548448503017425537109375" lon="-73.576347716152667999267578125">
        <ele>26.6000003814697265625</ele>
        <time>2024-05-23T17:41:32.000Z</time>
        <extensions>
          <ns3:TrackPointExtension>
            <ns3:hr>150</ns3:hr>
          </ns3:TrackPointExtension>
        </extensions>
      </trkpt>
      <trkpt lat="45.4418666101992130279541015625" lon="-73.57605141587555408477783203125">
        <ele>26.6000003814697265625</ele>
        <time>2024-05-23T17:41:37.000Z</time>
        <extensions>
          <ns3:TrackPointExtension>
            <ns3:hr>154</ns3:hr>
          </ns3:TrackPointExtension>
        </extensions>
      </trkpt>
      <trkpt lat="45.44193291105329990386962890625" lon="-73.57595435343682765960693359375">
        <ele>26.799999237060546875</ele>
        <time>2024-05-23T17:41:39.000Z</time>
        <extensions>
          <ns3:TrackPointExtension>
            <ns3:hr>157</ns3:hr>
          </ns3:TrackPointExtension>
        </extensions>
      </trkpt>
      <trkpt lat="45.442009605467319488525390625" lon="-73.57588092796504497528076171875">
        <ele>26.799999237060546875</ele>
        <time>2024-05-23T17:41:41.000Z</time>
        <extensions>
          <ns3:TrackPointExtension>
            <ns3:hr>158</ns3:hr>
          </ns3:TrackPointExtension>
        </extensions>
      </trkpt>
      <trkpt lat="45.44212996959686279296875" lon="-73.5757966898381710052490234375">
        <ele>27</ele>
        <time>2024-05-23T17:41:44.000Z</time>
        <extensions>
          <ns3:TrackPointExtension>
            <ns3:hr>159</ns3:hr>
          </ns3:TrackPointExtension>
        </extensions>
      </trkpt>
      <trkpt lat="45.4424372501671314239501953125" lon="-73.5754570551216602325439453125">
        <ele>27</ele>
        <time>2024-05-23T17:41:52.000Z</time>
        <extensions>
          <ns3:TrackPointExtension>
            <ns3:hr>159</ns3:hr>
          </ns3:TrackPointExtension>
        </extensions>
      </trkpt>
      <trkpt lat="45.44271829538047313690185546875" lon="-73.57515287585556507110595703125">
        <ele>27.200000762939453125</ele>
        <time>2024-05-23T17:41:59.000Z</time>
        <extensions>
          <ns3:TrackPointExtension>
            <ns3:hr>162</ns3:hr>
          </ns3:TrackPointExtension>
        </extensions>
      </trkpt>
      <trkpt lat="45.44283715076744556427001953125" lon="-73.57501809485256671905517578125">
        <ele>27.200000762939453125</ele>
        <time>2024-05-23T17:42:02.000Z</time>
        <extensions>
          <ns3:TrackPointExtension>
            <ns3:hr>163</ns3:hr>
          </ns3:TrackPointExtension>
        </extensions>
      </trkpt>
      <trkpt lat="45.44315549544990062713623046875" lon="-73.5745725966989994049072265625">
        <ele>27.200000762939453125</ele>
        <time>2024-05-23T17:42:11.000Z</time>
        <extensions>
          <ns3:TrackPointExtension>
            <ns3:hr>166</ns3:hr>
          </ns3:TrackPointExtension>
        </extensions>
      </trkpt>
      <trkpt lat="45.44323294423520565032958984375" lon="-73.57447721064090728759765625">
        <ele>27</ele>
        <time>2024-05-23T17:42:13.000Z</time>
        <extensions>
          <ns3:TrackPointExtension>
            <ns3:hr>167</ns3:hr>
          </ns3:TrackPointExtension>
        </extensions>
      </trkpt>
      <trkpt lat="45.44360895641148090362548828125" lon="-73.57403037138283252716064453125">
        <ele>26.3999996185302734375</ele>
        <time>2024-05-23T17:42:22.000Z</time>
        <extensions>
          <ns3:TrackPointExtension>
            <ns3:hr>167</ns3:hr>
          </ns3:TrackPointExtension>
        </extensions>
      </trkpt>
      <trkpt lat="45.443949513137340545654296875" lon="-73.57362502254545688629150390625">
        <ele>27</ele>
        <time>2024-05-23T17:42:30.000Z</time>
        <extensions>
          <ns3:TrackPointExtension>
            <ns3:hr>166</ns3:hr>
          </ns3:TrackPointExtension>
        </extensions>
      </trkpt>
      <trkpt lat="45.44416450895369052886962890625" lon="-73.5733620822429656982421875">
        <ele>26.799999237060546875</ele>
        <time>2024-05-23T17:42:36.000Z</time>
        <extensions>
          <ns3:TrackPointExtension>
            <ns3:hr>167</ns3:hr>
          </ns3:TrackPointExtension>
        </extensions>
      </trkpt>
      <trkpt lat="45.4443845339119434356689453125" lon="-73.5730561427772045135498046875">
        <ele>26.6000003814697265625</ele>
        <time>2024-05-23T17:42:43.000Z</time>
        <extensions>
          <ns3:TrackPointExtension>
            <ns3:hr>167</ns3:hr>
          </ns3:TrackPointExtension>
        </extensions>
      </trkpt>
      <trkpt lat="45.44480614364147186279296875" lon="-73.5725679807364940643310546875">
        <ele>26.200000762939453125</ele>
        <time>2024-05-23T17:42:55.000Z</time>
        <extensions>
          <ns3:TrackPointExtension>
            <ns3:hr>165</ns3:hr>
          </ns3:TrackPointExtension>
        </extensions>
      </trkpt>
      <trkpt lat="45.445147119462490081787109375" lon="-73.572169840335845947265625">
        <ele>26.200000762939453125</ele>
        <time>2024-05-23T17:43:04.000Z</time>
        <extensions>
          <ns3:TrackPointExtension>
            <ns3:hr>162</ns3:hr>
          </ns3:TrackPointExtension>
        </extensions>
      </trkpt>
      <trkpt lat="45.44525683857500553131103515625" lon="-73.57203950174152851104736328125">
        <ele>26.200000762939453125</ele>
        <time>2024-05-23T17:43:07.000Z</time>
        <extensions>
          <ns3:TrackPointExtension>
            <ns3:hr>162</ns3:hr>
          </ns3:TrackPointExtension>
        </extensions>
      </trkpt>
      <trkpt lat="45.445296652615070343017578125" lon="-73.57199809513986110687255859375">
        <ele>26.200000762939453125</ele>
        <time>2024-05-23T17:43:08.000Z</time>
        <extensions>
          <ns3:TrackPointExtension>
            <ns3:hr>163</ns3:hr>
          </ns3:TrackPointExtension>
        </extensions>
      </trkpt>
      <trkpt lat="45.44543738476932048797607421875" lon="-73.571813441812992095947265625">
        <ele>26</ele>
        <time>2024-05-23T17:43:12.000Z</time>
        <extensions>
          <ns3:TrackPointExtension>
            <ns3:hr>166</ns3:hr>
          </ns3:TrackPointExtension>
        </extensions>
      </trkpt>
      <trkpt lat="45.445508547127246856689453125" lon="-73.57171780429780483245849609375">
        <ele>26</ele>
        <time>2024-05-23T17:43:14.000Z</time>
        <extensions>
          <ns3:TrackPointExtension>
            <ns3:hr>166</ns3:hr>
          </ns3:TrackPointExtension>
        </extensions>
      </trkpt>
      <trkpt lat="45.445579625666141510009765625" lon="-73.57162543572485446929931640625">
        <ele>25.799999237060546875</ele>
        <time>2024-05-23T17:43:16.000Z</time>
        <extensions>
          <ns3:TrackPointExtension>
            <ns3:hr>166</ns3:hr>
          </ns3:TrackPointExtension>
        </extensions>
      </trkpt>
      <trkpt lat="45.44575237669050693511962890625" lon="-73.57139996252954006195068359375">
        <ele>25.799999237060546875</ele>
        <time>2024-05-23T17:43:21.000Z</time>
        <extensions>
          <ns3:TrackPointExtension>
            <ns3:hr>163</ns3:hr>
          </ns3:TrackPointExtension>
        </extensions>
      </trkpt>
      <trkpt lat="45.44587475247681140899658203125" lon="-73.57127071358263492584228515625">
        <ele>25.6000003814697265625</ele>
        <time>2024-05-23T17:43:24.000Z</time>
        <extensions>
          <ns3:TrackPointExtension>
            <ns3:hr>161</ns3:hr>
          </ns3:TrackPointExtension>
        </extensions>
      </trkpt>
      <trkpt lat="45.44603501446545124053955078125" lon="-73.571086563169956207275390625">
        <ele>25.799999237060546875</ele>
        <time>2024-05-23T17:43:28.000Z</time>
        <extensions>
          <ns3:TrackPointExtension>
            <ns3:hr>157</ns3:hr>
          </ns3:TrackPointExtension>
        </extensions>
      </trkpt>
      <trkpt lat="45.44619611464440822601318359375" lon="-73.570925630629062652587890625">
        <ele>26.200000762939453125</ele>
        <time>2024-05-23T17:43:32.000Z</time>
        <extensions>
          <ns3:TrackPointExtension>
            <ns3:hr>158</ns3:hr>
          </ns3:TrackPointExtension>
        </extensions>
      </trkpt>
      <trkpt lat="45.44650959782302379608154296875" lon="-73.5705673880875110626220703125">
        <ele>27</ele>
        <time>2024-05-23T17:43:40.000Z</time>
        <extensions>
          <ns3:TrackPointExtension>
            <ns3:hr>158</ns3:hr>
          </ns3:TrackPointExtension>
        </extensions>
      </trkpt>
      <trkpt lat="45.44661051593720912933349609375" lon="-73.57043604366481304168701171875">
        <ele>27.200000762939453125</ele>
        <time>2024-05-23T17:43:43.000Z</time>
        <extensions>
          <ns3:TrackPointExtension>
            <ns3:hr>158</ns3:hr>
          </ns3:TrackPointExtension>
        </extensions>
      </trkpt>
      <trkpt lat="45.4468739591538906097412109375" lon="-73.57015675865113735198974609375">
        <ele>27.200000762939453125</ele>
        <time>2024-05-23T17:43:50.000Z</time>
        <extensions>
          <ns3:TrackPointExtension>
            <ns3:hr>161</ns3:hr>
          </ns3:TrackPointExtension>
        </extensions>
      </trkpt>
      <trkpt lat="45.44695459306240081787109375" lon="-73.5700768791139125823974609375">
        <ele>27.3999996185302734375</ele>
        <time>2024-05-23T17:43:52.000Z</time>
        <extensions>
          <ns3:TrackPointExtension>
            <ns3:hr>162</ns3:hr>
          </ns3:TrackPointExtension>
        </extensions>
      </trkpt>
      <trkpt lat="45.44730219058692455291748046875" lon="-73.5697352327406406402587890625">
        <ele>26.6000003814697265625</ele>
        <time>2024-05-23T17:44:01.000Z</time>
        <extensions>
          <ns3:TrackPointExtension>
            <ns3:hr>164</ns3:hr>
          </ns3:TrackPointExtension>
        </extensions>
      </trkpt>
      <trkpt lat="45.44771474786102771759033203125" lon="-73.56940448284149169921875">
        <ele>26.6000003814697265625</ele>
        <time>2024-05-23T17:44:11.000Z</time>
        <extensions>
          <ns3:TrackPointExtension>
            <ns3:hr>163</ns3:hr>
          </ns3:TrackPointExtension>
        </extensions>
      </trkpt>
      <trkpt lat="45.4480340145528316497802734375" lon="-73.5690666921436786651611328125">
        <ele>27.3999996185302734375</ele>
        <time>2024-05-23T17:44:20.000Z</time>
        <extensions>
          <ns3:TrackPointExtension>
            <ns3:hr>161</ns3:hr>
          </ns3:TrackPointExtension>
        </extensions>
      </trkpt>
      <trkpt lat="45.44839133508503437042236328125" lon="-73.56868422590196132659912109375">
        <ele>27.3999996185302734375</ele>
        <time>2024-05-23T17:44:30.000Z</time>
        <extensions>
          <ns3:TrackPointExtension>
            <ns3:hr>159</ns3:hr>
          </ns3:TrackPointExtension>
        </extensions>
      </trkpt>
      <trkpt lat="45.44866047799587249755859375" lon="-73.56841919012367725372314453125">
        <ele>27</ele>
        <time>2024-05-23T17:44:37.000Z</time>
        <extensions>
          <ns3:TrackPointExtension>
            <ns3:hr>157</ns3:hr>
          </ns3:TrackPointExtension>
        </extensions>
      </trkpt>
      <trkpt lat="45.4490514099597930908203125" lon="-73.56801434420049190521240234375">
        <ele>27</ele>
        <time>2024-05-23T17:44:47.000Z</time>
        <extensions>
          <ns3:TrackPointExtension>
            <ns3:hr>157</ns3:hr>
          </ns3:TrackPointExtension>
        </extensions>
      </trkpt>
      <trkpt lat="45.44936145655810832977294921875" lon="-73.567663393914699554443359375">
        <ele>27.200000762939453125</ele>
        <time>2024-05-23T17:44:56.000Z</time>
        <extensions>
          <ns3:TrackPointExtension>
            <ns3:hr>158</ns3:hr>
          </ns3:TrackPointExtension>
        </extensions>
      </trkpt>
      <trkpt lat="45.44966203160583972930908203125" lon="-73.56732049025595188140869140625">
        <ele>27.200000762939453125</ele>
        <time>2024-05-23T17:45:04.000Z</time>
        <extensions>
          <ns3:TrackPointExtension>
            <ns3:hr>158</ns3:hr>
          </ns3:TrackPointExtension>
        </extensions>
      </trkpt>
      <trkpt lat="45.44982749037444591522216796875" lon="-73.567195348441600799560546875">
        <ele>27.200000762939453125</ele>
        <time>2024-05-23T17:45:08.000Z</time>
        <extensions>
          <ns3:TrackPointExtension>
            <ns3:hr>160</ns3:hr>
          </ns3:TrackPointExtension>
        </extensions>
      </trkpt>
      <trkpt lat="45.44989991001784801483154296875" lon="-73.56710708700120449066162109375">
        <ele>27.3999996185302734375</ele>
        <time>2024-05-23T17:45:10.000Z</time>
        <extensions>
          <ns3:TrackPointExtension>
            <ns3:hr>162</ns3:hr>
          </ns3:TrackPointExtension>
        </extensions>
      </trkpt>
      <trkpt lat="45.44992924667894840240478515625" lon="-73.56705662794411182403564453125">
        <ele>27.3999996185302734375</ele>
        <time>2024-05-23T17:45:11.000Z</time>
        <extensions>
          <ns3:TrackPointExtension>
            <ns3:hr>163</ns3:hr>
          </ns3:TrackPointExtension>
        </extensions>
      </trkpt>
      <trkpt lat="45.45003552921116352081298828125" lon="-73.5668666101992130279541015625">
        <ele>27.6000003814697265625</ele>
        <time>2024-05-23T17:45:15.000Z</time>
        <extensions>
          <ns3:TrackPointExtension>
            <ns3:hr>163</ns3:hr>
          </ns3:TrackPointExtension>
        </extensions>
      </trkpt>
      <trkpt lat="45.45009286142885684967041015625" lon="-73.56677482835948467254638671875">
        <ele>27.6000003814697265625</ele>
        <time>2024-05-23T17:45:17.000Z</time>
        <extensions>
          <ns3:TrackPointExtension>
            <ns3:hr>161</ns3:hr>
          </ns3:TrackPointExtension>
        </extensions>
      </trkpt>
      <trkpt lat="45.45016159303486347198486328125" lon="-73.566697128117084503173828125">
        <ele>27.6000003814697265625</ele>
        <time>2024-05-23T17:45:19.000Z</time>
        <extensions>
          <ns3:TrackPointExtension>
            <ns3:hr>161</ns3:hr>
          </ns3:TrackPointExtension>
        </extensions>
      </trkpt>
      <trkpt lat="45.45024138875305652618408203125" lon="-73.5666431486606597900390625">
        <ele>27.799999237060546875</ele>
        <time>2024-05-23T17:45:21.000Z</time>
        <extensions>
          <ns3:TrackPointExtension>
            <ns3:hr>161</ns3:hr>
          </ns3:TrackPointExtension>
        </extensions>
      </trkpt>
      <trkpt lat="45.4503283090889453887939453125" lon="-73.5666014067828655242919921875">
        <ele>28</ele>
        <time>2024-05-23T17:45:23.000Z</time>
        <extensions>
          <ns3:TrackPointExtension>
            <ns3:hr>160</ns3:hr>
          </ns3:TrackPointExtension>
        </extensions>
      </trkpt>
      <trkpt lat="45.45058169402182102203369140625" lon="-73.5664634406566619873046875">
        <ele>28.200000762939453125</ele>
        <time>2024-05-23T17:45:29.000Z</time>
        <extensions>
          <ns3:TrackPointExtension>
            <ns3:hr>160</ns3:hr>
          </ns3:TrackPointExtension>
        </extensions>
      </trkpt>
      <trkpt lat="45.450667776167392730712890625" lon="-73.5664230398833751678466796875">
        <ele>28.200000762939453125</ele>
        <time>2024-05-23T17:45:31.000Z</time>
        <extensions>
          <ns3:TrackPointExtension>
            <ns3:hr>161</ns3:hr>
          </ns3:TrackPointExtension>
        </extensions>
      </trkpt>
      <trkpt lat="45.45084119774401187896728515625" lon="-73.56629203073680400848388671875">
        <ele>28.200000762939453125</ele>
        <time>2024-05-23T17:45:35.000Z</time>
        <extensions>
          <ns3:TrackPointExtension>
            <ns3:hr>161</ns3:hr>
          </ns3:TrackPointExtension>
        </extensions>
      </trkpt>
      <trkpt lat="45.45115292072296142578125" lon="-73.5660746879875659942626953125">
        <ele>28</ele>
        <time>2024-05-23T17:45:42.000Z</time>
        <extensions>
          <ns3:TrackPointExtension>
            <ns3:hr>163</ns3:hr>
          </ns3:TrackPointExtension>
        </extensions>
      </trkpt>
      <trkpt lat="45.45158836059272289276123046875" lon="-73.56579816900193691253662109375">
        <ele>27.799999237060546875</ele>
        <time>2024-05-23T17:45:52.000Z</time>
        <extensions>
          <ns3:TrackPointExtension>
            <ns3:hr>166</ns3:hr>
          </ns3:TrackPointExtension>
        </extensions>
      </trkpt>
      <trkpt lat="45.45168039388954639434814453125" lon="-73.5657424293458461761474609375">
        <ele>27.799999237060546875</ele>
        <time>2024-05-23T17:45:54.000Z</time>
        <extensions>
          <ns3:TrackPointExtension>
            <ns3:hr>167</ns3:hr>
          </ns3:TrackPointExtension>
        </extensions>
      </trkpt>
      <trkpt lat="45.45202304609119892120361328125" lon="-73.56552123092114925384521484375">
        <ele>28</ele>
        <time>2024-05-23T17:46:02.000Z</time>
        <extensions>
          <ns3:TrackPointExtension>
            <ns3:hr>165</ns3:hr>
          </ns3:TrackPointExtension>
        </extensions>
      </trkpt>
      <trkpt lat="45.452456139028072357177734375" lon="-73.5652552731335163116455078125">
        <ele>28</ele>
        <time>2024-05-23T17:46:12.000Z</time>
        <extensions>
          <ns3:TrackPointExtension>
            <ns3:hr>167</ns3:hr>
          </ns3:TrackPointExtension>
        </extensions>
      </trkpt>
      <trkpt lat="45.45263760723173618316650390625" lon="-73.565136082470417022705078125">
        <ele>27.6000003814697265625</ele>
        <time>2024-05-23T17:46:17.000Z</time>
        <extensions>
          <ns3:TrackPointExtension>
            <ns3:hr>167</ns3:hr>
          </ns3:TrackPointExtension>
        </extensions>
      </trkpt>
      <trkpt lat="45.4529501684010028839111328125" lon="-73.5649374313652515411376953125">
        <ele>27.200000762939453125</ele>
        <time>2024-05-23T17:46:25.000Z</time>
        <extensions>
          <ns3:TrackPointExtension>
            <ns3:hr>166</ns3:hr>
          </ns3:TrackPointExtension>
        </extensions>
      </trkpt>
      <trkpt lat="45.453259460628032684326171875" lon="-73.56469175778329372406005859375">
        <ele>27.200000762939453125</ele>
        <time>2024-05-23T17:46:33.000Z</time>
        <extensions>
          <ns3:TrackPointExtension>
            <ns3:hr>168</ns3:hr>
          </ns3:TrackPointExtension>
        </extensions>
      </trkpt>
      <trkpt lat="45.4533786512911319732666015625" lon="-73.5645924322307109832763671875">
        <ele>27</ele>
        <time>2024-05-23T17:46:36.000Z</time>
        <extensions>
          <ns3:TrackPointExtension>
            <ns3:hr>166</ns3:hr>
          </ns3:TrackPointExtension>
        </extensions>
      </trkpt>
      <trkpt lat="45.45362248085439205169677734375" lon="-73.56441783718764781951904296875">
        <ele>26.6000003814697265625</ele>
        <time>2024-05-23T17:46:42.000Z</time>
        <extensions>
          <ns3:TrackPointExtension>
            <ns3:hr>163</ns3:hr>
          </ns3:TrackPointExtension>
        </extensions>
      </trkpt>
      <trkpt lat="45.4536649771034717559814453125" lon="-73.56439210474491119384765625">
        <ele>26.6000003814697265625</ele>
        <time>2024-05-23T17:46:43.000Z</time>
        <extensions>
          <ns3:TrackPointExtension>
            <ns3:hr>164</ns3:hr>
          </ns3:TrackPointExtension>
        </extensions>
      </trkpt>
      <trkpt lat="45.45381828211247920989990234375" lon="-73.56430551968514919281005859375">
        <ele>26.799999237060546875</ele>
        <time>2024-05-23T17:46:47.000Z</time>
        <extensions>
          <ns3:TrackPointExtension>
            <ns3:hr>160</ns3:hr>
          </ns3:TrackPointExtension>
        </extensions>
      </trkpt>
      <trkpt lat="45.45385281555354595184326171875" lon="-73.56429160572588443756103515625">
        <ele>27</ele>
        <time>2024-05-23T17:46:48.000Z</time>
        <extensions>
          <ns3:TrackPointExtension>
            <ns3:hr>159</ns3:hr>
          </ns3:TrackPointExtension>
        </extensions>
      </trkpt>
      <trkpt lat="45.45388952828943729400634765625" lon="-73.56429428793489933013916015625">
        <ele>27</ele>
        <time>2024-05-23T17:46:49.000Z</time>
        <extensions>
          <ns3:TrackPointExtension>
            <ns3:hr>159</ns3:hr>
          </ns3:TrackPointExtension>
        </extensions>
      </trkpt>
      <trkpt lat="45.45392288826406002044677734375" lon="-73.5643198527395725250244140625">
        <ele>27</ele>
        <time>2024-05-23T17:46:50.000Z</time>
        <extensions>
          <ns3:TrackPointExtension>
            <ns3:hr>158</ns3:hr>
          </ns3:TrackPointExtension>
        </extensions>
      </trkpt>
      <trkpt lat="45.4539720900356769561767578125" lon="-73.56440660543739795684814453125">
        <ele>27</ele>
        <time>2024-05-23T17:46:52.000Z</time>
        <extensions>
          <ns3:TrackPointExtension>
            <ns3:hr>158</ns3:hr>
          </ns3:TrackPointExtension>
        </extensions>
      </trkpt>
      <trkpt lat="45.45408868230879306793212890625" lon="-73.56472327373921871185302734375">
        <ele>27</ele>
        <time>2024-05-23T17:46:57.000Z</time>
        <extensions>
          <ns3:TrackPointExtension>
            <ns3:hr>160</ns3:hr>
          </ns3:TrackPointExtension>
        </extensions>
      </trkpt>
      <trkpt lat="45.454149954020977020263671875" lon="-73.56487087905406951904296875">
        <ele>27.200000762939453125</ele>
        <time>2024-05-23T17:47:00.000Z</time>
        <extensions>
          <ns3:TrackPointExtension>
            <ns3:hr>163</ns3:hr>
          </ns3:TrackPointExtension>
        </extensions>
      </trkpt>
      <trkpt lat="45.45417669229209423065185546875" lon="-73.56490868143737316131591796875">
        <ele>27.3999996185302734375</ele>
        <time>2024-05-23T17:47:01.000Z</time>
        <extensions>
          <ns3:TrackPointExtension>
            <ns3:hr>164</ns3:hr>
          </ns3:TrackPointExtension>
        </extensions>
      </trkpt>
      <trkpt lat="45.45420871116220951080322265625" lon="-73.5649345815181732177734375">
        <ele>27.3999996185302734375</ele>
        <time>2024-05-23T17:47:02.000Z</time>
        <extensions>
          <ns3:TrackPointExtension>
            <ns3:hr>164</ns3:hr>
          </ns3:TrackPointExtension>
        </extensions>
      </trkpt>
      <trkpt lat="45.45424274168908596038818359375" lon="-73.5649431310594081878662109375">
        <ele>27.6000003814697265625</ele>
        <time>2024-05-23T17:47:03.000Z</time>
        <extensions>
          <ns3:TrackPointExtension>
            <ns3:hr>165</ns3:hr>
          </ns3:TrackPointExtension>
        </extensions>
      </trkpt>
      <trkpt lat="45.45433058403432369232177734375" lon="-73.5649158060550689697265625">
        <ele>27.799999237060546875</ele>
        <time>2024-05-23T17:47:05.000Z</time>
        <extensions>
          <ns3:TrackPointExtension>
            <ns3:hr>166</ns3:hr>
          </ns3:TrackPointExtension>
        </extensions>
      </trkpt>
      <trkpt lat="45.45437048189342021942138671875" lon="-73.56487984769046306610107421875">
        <ele>27.799999237060546875</ele>
        <time>2024-05-23T17:47:06.000Z</time>
        <extensions>
          <ns3:TrackPointExtension>
            <ns3:hr>167</ns3:hr>
          </ns3:TrackPointExtension>
        </extensions>
      </trkpt>
      <trkpt lat="45.45440669171512126922607421875" lon="-73.56482704170048236846923828125">
        <ele>27.799999237060546875</ele>
        <time>2024-05-23T17:47:07.000Z</time>
        <extensions>
          <ns3:TrackPointExtension>
            <ns3:hr>168</ns3:hr>
          </ns3:TrackPointExtension>
        </extensions>
      </trkpt>
      <trkpt lat="45.4544384591281414031982421875" lon="-73.5647694580256938934326171875">
        <ele>28</ele>
        <time>2024-05-23T17:47:08.000Z</time>
        <extensions>
          <ns3:TrackPointExtension>
            <ns3:hr>168</ns3:hr>
          </ns3:TrackPointExtension>
        </extensions>
      </trkpt>
      <trkpt lat="45.45453711412847042083740234375" lon="-73.56461212970316410064697265625">
        <ele>28</ele>
        <time>2024-05-23T17:47:11.000Z</time>
        <extensions>
          <ns3:TrackPointExtension>
            <ns3:hr>170</ns3:hr>
          </ns3:TrackPointExtension>
        </extensions>
      </trkpt>
      <trkpt lat="45.4545695520937442779541015625" lon="-73.56456804089248180389404296875">
        <ele>27.799999237060546875</ele>
        <time>2024-05-23T17:47:12.000Z</time>
        <extensions>
          <ns3:TrackPointExtension>
            <ns3:hr>171</ns3:hr>
          </ns3:TrackPointExtension>
        </extensions>
      </trkpt>
      <trkpt lat="45.45471145771443843841552734375" lon="-73.56441901065409183502197265625">
        <ele>27.799999237060546875</ele>
        <time>2024-05-23T17:47:16.000Z</time>
        <extensions>
          <ns3:TrackPointExtension>
            <ns3:hr>174</ns3:hr>
          </ns3:TrackPointExtension>
        </extensions>
      </trkpt>
      <trkpt lat="45.4547495953738689422607421875" lon="-73.56438313610851764678955078125">
        <ele>27.799999237060546875</ele>
        <time>2024-05-23T17:47:17.000Z</time>
        <extensions>
          <ns3:TrackPointExtension>
            <ns3:hr>174</ns3:hr>
          </ns3:TrackPointExtension>
        </extensions>
      </trkpt>
      <trkpt lat="45.45503382571041584014892578125" lon="-73.5640791244804859161376953125">
        <ele>27.799999237060546875</ele>
        <time>2024-05-23T17:47:25.000Z</time>
        <extensions>
          <ns3:TrackPointExtension>
            <ns3:hr>175</ns3:hr>
          </ns3:TrackPointExtension>
        </extensions>
      </trkpt>
      <trkpt lat="45.45508646406233310699462890625" lon="-73.5639770328998565673828125">
        <ele>27.799999237060546875</ele>
        <time>2024-05-23T17:47:27.000Z</time>
        <extensions>
          <ns3:TrackPointExtension>
            <ns3:hr>173</ns3:hr>
          </ns3:TrackPointExtension>
        </extensions>
      </trkpt>
      <trkpt lat="45.455133654177188873291015625" lon="-73.56386982835829257965087890625">
        <ele>27.799999237060546875</ele>
        <time>2024-05-23T17:47:29.000Z</time>
        <extensions>
          <ns3:TrackPointExtension>
            <ns3:hr>170</ns3:hr>
          </ns3:TrackPointExtension>
        </extensions>
      </trkpt>
      <trkpt lat="45.45517430640757083892822265625" lon="-73.563758768141269683837890625">
        <ele>27.6000003814697265625</ele>
        <time>2024-05-23T17:47:31.000Z</time>
        <extensions>
          <ns3:TrackPointExtension>
            <ns3:hr>168</ns3:hr>
          </ns3:TrackPointExtension>
        </extensions>
      </trkpt>
      <trkpt lat="45.455291569232940673828125" lon="-73.5633924789726734161376953125">
        <ele>27.200000762939453125</ele>
        <time>2024-05-23T17:47:37.000Z</time>
        <extensions>
          <ns3:TrackPointExtension>
            <ns3:hr>165</ns3:hr>
          </ns3:TrackPointExtension>
        </extensions>
      </trkpt>
      <trkpt lat="45.45536063611507415771484375" lon="-73.563302122056484222412109375">
        <ele>27</ele>
        <time>2024-05-23T17:47:39.000Z</time>
        <extensions>
          <ns3:TrackPointExtension>
            <ns3:hr>164</ns3:hr>
          </ns3:TrackPointExtension>
        </extensions>
      </trkpt>
      <trkpt lat="45.4556618817150592803955078125" lon="-73.56309416703879833221435546875">
        <ele>26.6000003814697265625</ele>
        <time>2024-05-23T17:47:46.000Z</time>
        <extensions>
          <ns3:TrackPointExtension>
            <ns3:hr>164</ns3:hr>
          </ns3:TrackPointExtension>
        </extensions>
      </trkpt>
      <trkpt lat="45.45581124722957611083984375" lon="-73.56300942599773406982421875">
        <ele>26.799999237060546875</ele>
        <time>2024-05-23T17:47:51.000Z</time>
        <extensions>
          <ns3:TrackPointExtension>
            <ns3:hr>164</ns3:hr>
          </ns3:TrackPointExtension>
        </extensions>
      </trkpt>
      <trkpt lat="45.45593169517815113067626953125" lon="-73.56292887590825557708740234375">
        <ele>27</ele>
        <time>2024-05-23T17:47:56.000Z</time>
        <extensions>
          <ns3:TrackPointExtension>
            <ns3:hr>162</ns3:hr>
          </ns3:TrackPointExtension>
        </extensions>
      </trkpt>
      <trkpt lat="45.45610553584992885589599609375" lon="-73.56283064000308513641357421875">
        <ele>27.200000762939453125</ele>
        <time>2024-05-23T17:48:02.000Z</time>
        <extensions>
          <ns3:TrackPointExtension>
            <ns3:hr>160</ns3:hr>
          </ns3:TrackPointExtension>
        </extensions>
      </trkpt>
      <trkpt lat="45.45627786777913570404052734375" lon="-73.562700636684894561767578125">
        <ele>27.200000762939453125</ele>
        <time>2024-05-23T17:48:06.000Z</time>
        <extensions>
          <ns3:TrackPointExtension>
            <ns3:hr>163</ns3:hr>
          </ns3:TrackPointExtension>
        </extensions>
      </trkpt>
      <trkpt lat="45.45632564462721347808837890625" lon="-73.56267222203314304351806640625">
        <ele>27.200000762939453125</ele>
        <time>2024-05-23T17:48:07.000Z</time>
        <extensions>
          <ns3:TrackPointExtension>
            <ns3:hr>165</ns3:hr>
          </ns3:TrackPointExtension>
        </extensions>
      </trkpt>
      <trkpt lat="45.45646428130567073822021484375" lon="-73.56258823536336421966552734375">
        <ele>27.200000762939453125</ele>
        <time>2024-05-23T17:48:10.000Z</time>
        <extensions>
          <ns3:TrackPointExtension>
            <ns3:hr>168</ns3:hr>
          </ns3:TrackPointExtension>
        </extensions>
      </trkpt>
      <trkpt lat="45.45662119053304195404052734375" lon="-73.562455885112285614013671875">
        <ele>27.200000762939453125</ele>
        <time>2024-05-23T17:48:14.000Z</time>
        <extensions>
          <ns3:TrackPointExtension>
            <ns3:hr>170</ns3:hr>
          </ns3:TrackPointExtension>
        </extensions>
      </trkpt>
      <trkpt lat="45.45682554133236408233642578125" lon="-73.562285900115966796875">
        <ele>27.200000762939453125</ele>
        <time>2024-05-23T17:48:19.000Z</time>
        <extensions>
          <ns3:TrackPointExtension>
            <ns3:hr>173</ns3:hr>
          </ns3:TrackPointExtension>
        </extensions>
      </trkpt>
      <trkpt lat="45.456921346485614776611328125" lon="-73.5622227005660533905029296875">
        <ele>27</ele>
        <time>2024-05-23T17:48:21.000Z</time>
        <extensions>
          <ns3:TrackPointExtension>
            <ns3:hr>173</ns3:hr>
          </ns3:TrackPointExtension>
        </extensions>
      </trkpt>
      <trkpt lat="45.45726911164820194244384765625" lon="-73.56205187737941741943359375">
        <ele>26.6000003814697265625</ele>
        <time>2024-05-23T17:48:28.000Z</time>
        <extensions>
          <ns3:TrackPointExtension>
            <ns3:hr>173</ns3:hr>
          </ns3:TrackPointExtension>
        </extensions>
      </trkpt>
      <trkpt lat="45.45758427120745182037353515625" lon="-73.561818860471248626708984375">
        <ele>26.799999237060546875</ele>
        <time>2024-05-23T17:48:35.000Z</time>
        <extensions>
          <ns3:TrackPointExtension>
            <ns3:hr>172</ns3:hr>
          </ns3:TrackPointExtension>
        </extensions>
      </trkpt>
      <trkpt lat="45.45793714933097362518310546875" lon="-73.56147947721183300018310546875">
        <ele>26.6000003814697265625</ele>
        <time>2024-05-23T17:48:43.000Z</time>
        <extensions>
          <ns3:TrackPointExtension>
            <ns3:hr>170</ns3:hr>
          </ns3:TrackPointExtension>
        </extensions>
      </trkpt>
      <trkpt lat="45.45798718929290771484375" lon="-73.56144946999847888946533203125">
        <ele>26.6000003814697265625</ele>
        <time>2024-05-23T17:48:44.000Z</time>
        <extensions>
          <ns3:TrackPointExtension>
            <ns3:hr>170</ns3:hr>
          </ns3:TrackPointExtension>
        </extensions>
      </trkpt>
      <trkpt lat="45.4582173563539981842041015625" lon="-73.56130429543554782867431640625">
        <ele>26.6000003814697265625</ele>
        <time>2024-05-23T17:48:49.000Z</time>
        <extensions>
          <ns3:TrackPointExtension>
            <ns3:hr>170</ns3:hr>
          </ns3:TrackPointExtension>
        </extensions>
      </trkpt>
      <trkpt lat="45.45848264358937740325927734375" lon="-73.56105250306427478790283203125">
        <ele>26.200000762939453125</ele>
        <time>2024-05-23T17:48:55.000Z</time>
        <extensions>
          <ns3:TrackPointExtension>
            <ns3:hr>172</ns3:hr>
          </ns3:TrackPointExtension>
        </extensions>
      </trkpt>
      <trkpt lat="45.4585861600935459136962890625" lon="-73.561000786721706390380859375">
        <ele>26</ele>
        <time>2024-05-23T17:48:57.000Z</time>
        <extensions>
          <ns3:TrackPointExtension>
            <ns3:hr>171</ns3:hr>
          </ns3:TrackPointExtension>
        </extensions>
      </trkpt>
      <trkpt lat="45.4587155766785144805908203125" lon="-73.56096365489065647125244140625">
        <ele>26.200000762939453125</ele>
        <time>2024-05-23T17:49:00.000Z</time>
        <extensions>
          <ns3:TrackPointExtension>
            <ns3:hr>170</ns3:hr>
          </ns3:TrackPointExtension>
        </extensions>
      </trkpt>
      <trkpt lat="45.45887139625847339630126953125" lon="-73.560931384563446044921875">
        <ele>26.200000762939453125</ele>
        <time>2024-05-23T17:49:04.000Z</time>
        <extensions>
          <ns3:TrackPointExtension>
            <ns3:hr>167</ns3:hr>
          </ns3:TrackPointExtension>
        </extensions>
      </trkpt>
      <trkpt lat="45.458955802023410797119140625" lon="-73.560907579958438873291015625">
        <ele>26.200000762939453125</ele>
        <time>2024-05-23T17:49:06.000Z</time>
        <extensions>
          <ns3:TrackPointExtension>
            <ns3:hr>167</ns3:hr>
          </ns3:TrackPointExtension>
        </extensions>
      </trkpt>
      <trkpt lat="45.45919678173959255218505859375" lon="-73.5608886368572711944580078125">
        <ele>26.3999996185302734375</ele>
        <time>2024-05-23T17:49:11.000Z</time>
        <extensions>
          <ns3:TrackPointExtension>
            <ns3:hr>166</ns3:hr>
          </ns3:TrackPointExtension>
        </extensions>
      </trkpt>
      <trkpt lat="45.4592999629676342010498046875" lon="-73.56088805012404918670654296875">
        <ele>26.6000003814697265625</ele>
        <time>2024-05-23T17:49:13.000Z</time>
        <extensions>
          <ns3:TrackPointExtension>
            <ns3:hr>167</ns3:hr>
          </ns3:TrackPointExtension>
        </extensions>
      </trkpt>
      <trkpt lat="45.459432899951934814453125" lon="-73.5608500801026821136474609375">
        <ele>26.6000003814697265625</ele>
        <time>2024-05-23T17:49:16.000Z</time>
        <extensions>
          <ns3:TrackPointExtension>
            <ns3:hr>168</ns3:hr>
          </ns3:TrackPointExtension>
        </extensions>
      </trkpt>
      <trkpt lat="45.4595628194510936737060546875" lon="-73.560796268284320831298828125">
        <ele>26.3999996185302734375</ele>
        <time>2024-05-23T17:49:19.000Z</time>
        <extensions>
          <ns3:TrackPointExtension>
            <ns3:hr>171</ns3:hr>
          </ns3:TrackPointExtension>
        </extensions>
      </trkpt>
      <trkpt lat="45.459601543843746185302734375" lon="-73.56077321805059909820556640625">
        <ele>26.3999996185302734375</ele>
        <time>2024-05-23T17:49:20.000Z</time>
        <extensions>
          <ns3:TrackPointExtension>
            <ns3:hr>171</ns3:hr>
          </ns3:TrackPointExtension>
        </extensions>
      </trkpt>
      <trkpt lat="45.45972199179232120513916015625" lon="-73.56068872846662998199462890625">
        <ele>26.3999996185302734375</ele>
        <time>2024-05-23T17:49:23.000Z</time>
        <extensions>
          <ns3:TrackPointExtension>
            <ns3:hr>172</ns3:hr>
          </ns3:TrackPointExtension>
        </extensions>
      </trkpt>
      <trkpt lat="45.45992013998329639434814453125" lon="-73.5605349205434322357177734375">
        <ele>26</ele>
        <time>2024-05-23T17:49:28.000Z</time>
        <extensions>
          <ns3:TrackPointExtension>
            <ns3:hr>172</ns3:hr>
          </ns3:TrackPointExtension>
        </extensions>
      </trkpt>
      <trkpt lat="45.46000965870916843414306640625" lon="-73.56051354669034481048583984375">
        <ele>26</ele>
        <time>2024-05-23T17:49:30.000Z</time>
        <extensions>
          <ns3:TrackPointExtension>
            <ns3:hr>172</ns3:hr>
          </ns3:TrackPointExtension>
        </extensions>
      </trkpt>
      <trkpt lat="45.4601009376347064971923828125" lon="-73.56052461080253124237060546875">
        <ele>26</ele>
        <time>2024-05-23T17:49:32.000Z</time>
        <extensions>
          <ns3:TrackPointExtension>
            <ns3:hr>171</ns3:hr>
          </ns3:TrackPointExtension>
        </extensions>
      </trkpt>
      <trkpt lat="45.46023286879062652587890625" lon="-73.5605788417160511016845703125">
        <ele>26</ele>
        <time>2024-05-23T17:49:35.000Z</time>
        <extensions>
          <ns3:TrackPointExtension>
            <ns3:hr>170</ns3:hr>
          </ns3:TrackPointExtension>
        </extensions>
      </trkpt>
      <trkpt lat="45.46028022654354572296142578125" lon="-73.56059149838984012603759765625">
        <ele>26</ele>
        <time>2024-05-23T17:49:36.000Z</time>
        <extensions>
          <ns3:TrackPointExtension>
            <ns3:hr>170</ns3:hr>
          </ns3:TrackPointExtension>
        </extensions>
      </trkpt>
      <trkpt lat="45.4604816436767578125" lon="-73.56059149838984012603759765625">
        <ele>26.3999996185302734375</ele>
        <time>2024-05-23T17:49:40.000Z</time>
        <extensions>
          <ns3:TrackPointExtension>
            <ns3:hr>167</ns3:hr>
          </ns3:TrackPointExtension>
        </extensions>
      </trkpt>
      <trkpt lat="45.460827313363552093505859375" lon="-73.56062016449868679046630859375">
        <ele>26.6000003814697265625</ele>
        <time>2024-05-23T17:49:47.000Z</time>
        <extensions>
          <ns3:TrackPointExtension>
            <ns3:hr>171</ns3:hr>
          </ns3:TrackPointExtension>
        </extensions>
      </trkpt>
      <trkpt lat="45.46091725118458271026611328125" lon="-73.5606254450976848602294921875">
        <ele>26.6000003814697265625</ele>
        <time>2024-05-23T17:49:49.000Z</time>
        <extensions>
          <ns3:TrackPointExtension>
            <ns3:hr>173</ns3:hr>
          </ns3:TrackPointExtension>
        </extensions>
      </trkpt>
      <trkpt lat="45.4610879905521869659423828125" lon="-73.5606442205607891082763671875">
        <ele>27</ele>
        <time>2024-05-23T17:49:53.000Z</time>
        <extensions>
          <ns3:TrackPointExtension>
            <ns3:hr>176</ns3:hr>
          </ns3:TrackPointExtension>
        </extensions>
      </trkpt>
      <trkpt lat="45.46120340935885906219482421875" lon="-73.56064212508499622344970703125">
        <ele>27</ele>
        <time>2024-05-23T17:49:56.000Z</time>
        <extensions>
          <ns3:TrackPointExtension>
            <ns3:hr>177</ns3:hr>
          </ns3:TrackPointExtension>
        </extensions>
      </trkpt>
      <trkpt lat="45.4612469114363193511962890625" lon="-73.56062971986830234527587890625">
        <ele>27</ele>
        <time>2024-05-23T17:49:57.000Z</time>
        <extensions>
          <ns3:TrackPointExtension>
            <ns3:hr>178</ns3:hr>
          </ns3:TrackPointExtension>
        </extensions>
      </trkpt>
      <trkpt lat="45.46128823421895503997802734375" lon="-73.560602478682994842529296875">
        <ele>26.799999237060546875</ele>
        <time>2024-05-23T17:49:58.000Z</time>
        <extensions>
          <ns3:TrackPointExtension>
            <ns3:hr>178</ns3:hr>
          </ns3:TrackPointExtension>
        </extensions>
      </trkpt>
      <trkpt lat="45.461407005786895751953125" lon="-73.56047968380153179168701171875">
        <ele>26.6000003814697265625</ele>
        <time>2024-05-23T17:50:01.000Z</time>
        <extensions>
          <ns3:TrackPointExtension>
            <ns3:hr>176</ns3:hr>
          </ns3:TrackPointExtension>
        </extensions>
      </trkpt>
      <trkpt lat="45.46149342320859432220458984375" lon="-73.56040005572140216827392578125">
        <ele>26.3999996185302734375</ele>
        <time>2024-05-23T17:50:03.000Z</time>
        <extensions>
          <ns3:TrackPointExtension>
            <ns3:hr>175</ns3:hr>
          </ns3:TrackPointExtension>
        </extensions>
      </trkpt>
      <trkpt lat="45.4615945927798748016357421875" lon="-73.56033685617148876190185546875">
        <ele>25.799999237060546875</ele>
        <time>2024-05-23T17:50:05.000Z</time>
        <extensions>
          <ns3:TrackPointExtension>
            <ns3:hr>172</ns3:hr>
          </ns3:TrackPointExtension>
        </extensions>
      </trkpt>
      <trkpt lat="45.4616470634937286376953125" lon="-73.5603200085461139678955078125">
        <ele>25.799999237060546875</ele>
        <time>2024-05-23T17:50:06.000Z</time>
        <extensions>
          <ns3:TrackPointExtension>
            <ns3:hr>172</ns3:hr>
          </ns3:TrackPointExtension>
        </extensions>
      </trkpt>
      <trkpt lat="45.46169743873178958892822265625" lon="-73.56031070463359355926513671875">
        <ele>25.6000003814697265625</ele>
        <time>2024-05-23T17:50:07.000Z</time>
        <extensions>
          <ns3:TrackPointExtension>
            <ns3:hr>171</ns3:hr>
          </ns3:TrackPointExtension>
        </extensions>
      </trkpt>
      <trkpt lat="45.4617945849895477294921875" lon="-73.560318164527416229248046875">
        <ele>25.3999996185302734375</ele>
        <time>2024-05-23T17:50:09.000Z</time>
        <extensions>
          <ns3:TrackPointExtension>
            <ns3:hr>171</ns3:hr>
          </ns3:TrackPointExtension>
        </extensions>
      </trkpt>
      <trkpt lat="45.46188334934413433074951171875" lon="-73.56035361997783184051513671875">
        <ele>24.799999237060546875</ele>
        <time>2024-05-23T17:50:11.000Z</time>
        <extensions>
          <ns3:TrackPointExtension>
            <ns3:hr>172</ns3:hr>
          </ns3:TrackPointExtension>
        </extensions>
      </trkpt>
      <trkpt lat="45.461925677955150604248046875" lon="-73.56037775985896587371826171875">
        <ele>24.6000003814697265625</ele>
        <time>2024-05-23T17:50:12.000Z</time>
        <extensions>
          <ns3:TrackPointExtension>
            <ns3:hr>172</ns3:hr>
          </ns3:TrackPointExtension>
        </extensions>
      </trkpt>
      <trkpt lat="45.46207227744162082672119140625" lon="-73.5605101101100444793701171875">
        <ele>24.6000003814697265625</ele>
        <time>2024-05-23T17:50:16.000Z</time>
        <extensions>
          <ns3:TrackPointExtension>
            <ns3:hr>171</ns3:hr>
          </ns3:TrackPointExtension>
        </extensions>
      </trkpt>
      <trkpt lat="45.46210362575948238372802734375" lon="-73.56055176816880702972412109375">
        <ele>25.200000762939453125</ele>
        <time>2024-05-23T17:50:17.000Z</time>
        <extensions>
          <ns3:TrackPointExtension>
            <ns3:hr>171</ns3:hr>
          </ns3:TrackPointExtension>
        </extensions>
      </trkpt>
      <trkpt lat="45.46216531656682491302490234375" lon="-73.56064078398048877716064453125">
        <ele>25.799999237060546875</ele>
        <time>2024-05-23T17:50:19.000Z</time>
        <extensions>
          <ns3:TrackPointExtension>
            <ns3:hr>171</ns3:hr>
          </ns3:TrackPointExtension>
        </extensions>
      </trkpt>
      <trkpt lat="45.4621960781514644622802734375" lon="-73.56068152002990245819091796875">
        <ele>26</ele>
        <time>2024-05-23T17:50:20.000Z</time>
        <extensions>
          <ns3:TrackPointExtension>
            <ns3:hr>171</ns3:hr>
          </ns3:TrackPointExtension>
        </extensions>
      </trkpt>
      <trkpt lat="45.46231116168200969696044921875" lon="-73.560800962150096893310546875">
        <ele>26.6000003814697265625</ele>
        <time>2024-05-23T17:50:24.000Z</time>
        <extensions>
          <ns3:TrackPointExtension>
            <ns3:hr>172</ns3:hr>
          </ns3:TrackPointExtension>
        </extensions>
      </trkpt>
      <trkpt lat="45.46236396767199039459228515625" lon="-73.56083759106695652008056640625">
        <ele>27.200000762939453125</ele>
        <time>2024-05-23T17:50:26.000Z</time>
        <extensions>
          <ns3:TrackPointExtension>
            <ns3:hr>172</ns3:hr>
          </ns3:TrackPointExtension>
        </extensions>
      </trkpt>
      <trkpt lat="45.4624602757394313812255859375" lon="-73.560864664614200592041015625">
        <ele>28.200000762939453125</ele>
        <time>2024-05-23T17:50:29.000Z</time>
        <extensions>
          <ns3:TrackPointExtension>
            <ns3:hr>174</ns3:hr>
          </ns3:TrackPointExtension>
        </extensions>
      </trkpt>
      <trkpt lat="45.46250159852206707000732421875" lon="-73.5608648322522640228271484375">
        <ele>28.3999996185302734375</ele>
        <time>2024-05-23T17:50:30.000Z</time>
        <extensions>
          <ns3:TrackPointExtension>
            <ns3:hr>174</ns3:hr>
          </ns3:TrackPointExtension>
        </extensions>
      </trkpt>
      <trkpt lat="45.46262330375611782073974609375" lon="-73.5608450509607791900634765625">
        <ele>28.200000762939453125</ele>
        <time>2024-05-23T17:50:33.000Z</time>
        <extensions>
          <ns3:TrackPointExtension>
            <ns3:hr>177</ns3:hr>
          </ns3:TrackPointExtension>
        </extensions>
      </trkpt>
      <trkpt lat="45.46273344196379184722900390625" lon="-73.560828454792499542236328125">
        <ele>28</ele>
        <time>2024-05-23T17:50:36.000Z</time>
        <extensions>
          <ns3:TrackPointExtension>
            <ns3:hr>179</ns3:hr>
          </ns3:TrackPointExtension>
        </extensions>
      </trkpt>
      <trkpt lat="45.4629229567945003509521484375" lon="-73.56084982864558696746826171875">
        <ele>27.799999237060546875</ele>
        <time>2024-05-23T17:50:42.000Z</time>
        <extensions>
          <ns3:TrackPointExtension>
            <ns3:hr>180</ns3:hr>
          </ns3:TrackPointExtension>
        </extensions>
      </trkpt>
      <trkpt lat="45.4632327519357204437255859375" lon="-73.56078998185694217681884765625">
        <ele>27.6000003814697265625</ele>
        <time>2024-05-23T17:50:51.000Z</time>
        <extensions>
          <ns3:TrackPointExtension>
            <ns3:hr>177</ns3:hr>
          </ns3:TrackPointExtension>
        </extensions>
      </trkpt>
      <trkpt lat="45.46330173499882221221923828125" lon="-73.5608031414449214935302734375">
        <ele>27.200000762939453125</ele>
        <time>2024-05-23T17:50:53.000Z</time>
        <extensions>
          <ns3:TrackPointExtension>
            <ns3:hr>177</ns3:hr>
          </ns3:TrackPointExtension>
        </extensions>
      </trkpt>
      <trkpt lat="45.46347205527126789093017578125" lon="-73.560765422880649566650390625">
        <ele>26.799999237060546875</ele>
        <time>2024-05-23T17:50:58.000Z</time>
        <extensions>
          <ns3:TrackPointExtension>
            <ns3:hr>177</ns3:hr>
          </ns3:TrackPointExtension>
        </extensions>
      </trkpt>
      <trkpt lat="45.4636709578335285186767578125" lon="-73.56069241650402545928955078125">
        <ele>28.200000762939453125</ele>
        <time>2024-05-23T17:51:04.000Z</time>
        <extensions>
          <ns3:TrackPointExtension>
            <ns3:hr>180</ns3:hr>
          </ns3:TrackPointExtension>
        </extensions>
      </trkpt>
      <trkpt lat="45.463705994188785552978515625" lon="-73.56068939901888370513916015625">
        <ele>28.200000762939453125</ele>
        <time>2024-05-23T17:51:05.000Z</time>
        <extensions>
          <ns3:TrackPointExtension>
            <ns3:hr>180</ns3:hr>
          </ns3:TrackPointExtension>
        </extensions>
      </trkpt>
      <trkpt lat="45.46374253928661346435546875" lon="-73.56068571098148822784423828125">
        <ele>28.3999996185302734375</ele>
        <time>2024-05-23T17:51:06.000Z</time>
        <extensions>
          <ns3:TrackPointExtension>
            <ns3:hr>180</ns3:hr>
          </ns3:TrackPointExtension>
        </extensions>
      </trkpt>
      <trkpt lat="45.46396440826356410980224609375" lon="-73.560672886669635772705078125">
        <ele>29.3999996185302734375</ele>
        <time>2024-05-23T17:51:12.000Z</time>
        <extensions>
          <ns3:TrackPointExtension>
            <ns3:hr>183</ns3:hr>
          </ns3:TrackPointExtension>
        </extensions>
      </trkpt>
      <trkpt lat="45.46400447376072406768798828125" lon="-73.56067330576479434967041015625">
        <ele>29.3999996185302734375</ele>
        <time>2024-05-23T17:51:13.000Z</time>
        <extensions>
          <ns3:TrackPointExtension>
            <ns3:hr>183</ns3:hr>
          </ns3:TrackPointExtension>
        </extensions>
      </trkpt>
      <trkpt lat="45.4640447907149791717529296875" lon="-73.56067280285060405731201171875">
        <ele>29.3999996185302734375</ele>
        <time>2024-05-23T17:51:14.000Z</time>
        <extensions>
          <ns3:TrackPointExtension>
            <ns3:hr>184</ns3:hr>
          </ns3:TrackPointExtension>
        </extensions>
      </trkpt>
      <trkpt lat="45.46440999023616313934326171875" lon="-73.56067883782088756561279296875">
        <ele>29</ele>
        <time>2024-05-23T17:51:23.000Z</time>
        <extensions>
          <ns3:TrackPointExtension>
            <ns3:hr>184</ns3:hr>
          </ns3:TrackPointExtension>
        </extensions>
      </trkpt>
      <trkpt lat="45.46451576985418796539306640625" lon="-73.5607377626001834869384765625">
        <ele>28.3999996185302734375</ele>
        <time>2024-05-23T17:51:26.000Z</time>
        <extensions>
          <ns3:TrackPointExtension>
            <ns3:hr>182</ns3:hr>
          </ns3:TrackPointExtension>
        </extensions>
      </trkpt>
      <trkpt lat="45.46463898383080959320068359375" lon="-73.56078713200986385345458984375">
        <ele>28.200000762939453125</ele>
        <time>2024-05-23T17:51:29.000Z</time>
        <extensions>
          <ns3:TrackPointExtension>
            <ns3:hr>181</ns3:hr>
          </ns3:TrackPointExtension>
        </extensions>
      </trkpt>
      <trkpt lat="45.4648910276591777801513671875" lon="-73.560738265514373779296875">
        <ele>28.200000762939453125</ele>
        <time>2024-05-23T17:51:35.000Z</time>
        <extensions>
          <ns3:TrackPointExtension>
            <ns3:hr>179</ns3:hr>
          </ns3:TrackPointExtension>
        </extensions>
      </trkpt>
      <trkpt lat="45.46493746340274810791015625" lon="-73.56072141788899898529052734375">
        <ele>28.3999996185302734375</ele>
        <time>2024-05-23T17:51:36.000Z</time>
        <extensions>
          <ns3:TrackPointExtension>
            <ns3:hr>178</ns3:hr>
          </ns3:TrackPointExtension>
        </extensions>
      </trkpt>
      <trkpt lat="45.46517106704413890838623046875" lon="-73.5606001317501068115234375">
        <ele>28.3999996185302734375</ele>
        <time>2024-05-23T17:51:41.000Z</time>
        <extensions>
          <ns3:TrackPointExtension>
            <ns3:hr>176</ns3:hr>
          </ns3:TrackPointExtension>
        </extensions>
      </trkpt>
      <trkpt lat="45.4654770903289318084716796875" lon="-73.56041078455746173858642578125">
        <ele>28.200000762939453125</ele>
        <time>2024-05-23T17:51:47.000Z</time>
        <extensions>
          <ns3:TrackPointExtension>
            <ns3:hr>177</ns3:hr>
          </ns3:TrackPointExtension>
        </extensions>
      </trkpt>
      <trkpt lat="45.465852431952953338623046875" lon="-73.56022772379219532012939453125">
        <ele>28.200000762939453125</ele>
        <time>2024-05-23T17:51:54.000Z</time>
        <extensions>
          <ns3:TrackPointExtension>
            <ns3:hr>176</ns3:hr>
          </ns3:TrackPointExtension>
        </extensions>
      </trkpt>
      <trkpt lat="45.46611168421804904937744140625" lon="-73.56004784815013408660888671875">
        <ele>28</ele>
        <time>2024-05-23T17:51:59.000Z</time>
        <extensions>
          <ns3:TrackPointExtension>
            <ns3:hr>174</ns3:hr>
          </ns3:TrackPointExtension>
        </extensions>
      </trkpt>
      <trkpt lat="45.4661637358367443084716796875" lon="-73.5600229538977146148681640625">
        <ele>28</ele>
        <time>2024-05-23T17:52:00.000Z</time>
        <extensions>
          <ns3:TrackPointExtension>
            <ns3:hr>173</ns3:hr>
          </ns3:TrackPointExtension>
        </extensions>
      </trkpt>
      <trkpt lat="45.46621553599834442138671875" lon="-73.560009039938449859619140625">
        <ele>28</ele>
        <time>2024-05-23T17:52:01.000Z</time>
        <extensions>
          <ns3:TrackPointExtension>
            <ns3:hr>173</ns3:hr>
          </ns3:TrackPointExtension>
        </extensions>
      </trkpt>
      <trkpt lat="45.4664728604257106781005859375" lon="-73.55998716317117214202880859375">
        <ele>28.3999996185302734375</ele>
        <time>2024-05-23T17:52:06.000Z</time>
        <extensions>
          <ns3:TrackPointExtension>
            <ns3:hr>171</ns3:hr>
          </ns3:TrackPointExtension>
        </extensions>
      </trkpt>
      <trkpt lat="45.46684526838362216949462890625" lon="-73.5599652864038944244384765625">
        <ele>27.6000003814697265625</ele>
        <time>2024-05-23T17:52:13.000Z</time>
        <extensions>
          <ns3:TrackPointExtension>
            <ns3:hr>170</ns3:hr>
          </ns3:TrackPointExtension>
        </extensions>
      </trkpt>
      <trkpt lat="45.46689455397427082061767578125" lon="-73.5599461756646633148193359375">
        <ele>27.6000003814697265625</ele>
        <time>2024-05-23T17:52:14.000Z</time>
        <extensions>
          <ns3:TrackPointExtension>
            <ns3:hr>170</ns3:hr>
          </ns3:TrackPointExtension>
        </extensions>
      </trkpt>
      <trkpt lat="45.4669452644884586334228515625" lon="-73.55992698110640048980712890625">
        <ele>27.3999996185302734375</ele>
        <time>2024-05-23T17:52:15.000Z</time>
        <extensions>
          <ns3:TrackPointExtension>
            <ns3:hr>171</ns3:hr>
          </ns3:TrackPointExtension>
        </extensions>
      </trkpt>
      <trkpt lat="45.46699580736458301544189453125" lon="-73.5599188506603240966796875">
        <ele>27.3999996185302734375</ele>
        <time>2024-05-23T17:52:16.000Z</time>
        <extensions>
          <ns3:TrackPointExtension>
            <ns3:hr>171</ns3:hr>
          </ns3:TrackPointExtension>
        </extensions>
      </trkpt>
      <trkpt lat="45.467157326638698577880859375" lon="-73.5599146597087383270263671875">
        <ele>27.3999996185302734375</ele>
        <time>2024-05-23T17:52:19.000Z</time>
        <extensions>
          <ns3:TrackPointExtension>
            <ns3:hr>170</ns3:hr>
          </ns3:TrackPointExtension>
        </extensions>
      </trkpt>
      <trkpt lat="45.4674347676336765289306640625" lon="-73.55995581485331058502197265625">
        <ele>27.3999996185302734375</ele>
        <time>2024-05-23T17:52:25.000Z</time>
        <extensions>
          <ns3:TrackPointExtension>
            <ns3:hr>172</ns3:hr>
          </ns3:TrackPointExtension>
        </extensions>
      </trkpt>
      <trkpt lat="45.46775369904935359954833984375" lon="-73.55993787758052349090576171875">
        <ele>27</ele>
        <time>2024-05-23T17:52:32.000Z</time>
        <extensions>
          <ns3:TrackPointExtension>
            <ns3:hr>172</ns3:hr>
          </ns3:TrackPointExtension>
        </extensions>
      </trkpt>
      <trkpt lat="45.46780030243098735809326171875" lon="-73.55992614291608333587646484375">
        <ele>27</ele>
        <time>2024-05-23T17:52:33.000Z</time>
        <extensions>
          <ns3:TrackPointExtension>
            <ns3:hr>172</ns3:hr>
          </ns3:TrackPointExtension>
        </extensions>
      </trkpt>
      <trkpt lat="45.468153767287731170654296875" lon="-73.5598714090883731842041015625">
        <ele>27.200000762939453125</ele>
        <time>2024-05-23T17:52:41.000Z</time>
        <extensions>
          <ns3:TrackPointExtension>
            <ns3:hr>169</ns3:hr>
          </ns3:TrackPointExtension>
        </extensions>
      </trkpt>
      <trkpt lat="45.4681978560984134674072265625" lon="-73.55987803079187870025634765625">
        <ele>27.200000762939453125</ele>
        <time>2024-05-23T17:52:42.000Z</time>
        <extensions>
          <ns3:TrackPointExtension>
            <ns3:hr>168</ns3:hr>
          </ns3:TrackPointExtension>
        </extensions>
      </trkpt>
      <trkpt lat="45.46857294626533985137939453125" lon="-73.5599280707538127899169921875">
        <ele>27.200000762939453125</ele>
        <time>2024-05-23T17:52:50.000Z</time>
        <extensions>
          <ns3:TrackPointExtension>
            <ns3:hr>169</ns3:hr>
          </ns3:TrackPointExtension>
        </extensions>
      </trkpt>
      <trkpt lat="45.46889263205230236053466796875" lon="-73.5599196888506412506103515625">
        <ele>27.6000003814697265625</ele>
        <time>2024-05-23T17:52:57.000Z</time>
        <extensions>
          <ns3:TrackPointExtension>
            <ns3:hr>171</ns3:hr>
          </ns3:TrackPointExtension>
        </extensions>
      </trkpt>
      <trkpt lat="45.4689371399581432342529296875" lon="-73.5599381290376186370849609375">
        <ele>27.6000003814697265625</ele>
        <time>2024-05-23T17:52:58.000Z</time>
        <extensions>
          <ns3:TrackPointExtension>
            <ns3:hr>171</ns3:hr>
          </ns3:TrackPointExtension>
        </extensions>
      </trkpt>
      <trkpt lat="45.46898080967366695404052734375" lon="-73.55996335856616497039794921875">
        <ele>27.3999996185302734375</ele>
        <time>2024-05-23T17:52:59.000Z</time>
        <extensions>
          <ns3:TrackPointExtension>
            <ns3:hr>170</ns3:hr>
          </ns3:TrackPointExtension>
        </extensions>
      </trkpt>
      <trkpt lat="45.469051636755466461181640625" lon="-73.56005631387233734130859375">
        <ele>27.3999996185302734375</ele>
        <time>2024-05-23T17:53:01.000Z</time>
        <extensions>
          <ns3:TrackPointExtension>
            <ns3:hr>169</ns3:hr>
          </ns3:TrackPointExtension>
        </extensions>
      </trkpt>
      <trkpt lat="45.46918817795813083648681640625" lon="-73.5604350082576274871826171875">
        <ele>26.799999237060546875</ele>
        <time>2024-05-23T17:53:07.000Z</time>
        <extensions>
          <ns3:TrackPointExtension>
            <ns3:hr>169</ns3:hr>
          </ns3:TrackPointExtension>
        </extensions>
      </trkpt>
      <trkpt lat="45.4692663811147212982177734375" lon="-73.56067188084125518798828125">
        <ele>26.6000003814697265625</ele>
        <time>2024-05-23T17:53:11.000Z</time>
        <extensions>
          <ns3:TrackPointExtension>
            <ns3:hr>172</ns3:hr>
          </ns3:TrackPointExtension>
        </extensions>
      </trkpt>
      <trkpt lat="45.4693428240716457366943359375" lon="-73.560915626585483551025390625">
        <ele>27</ele>
        <time>2024-05-23T17:53:15.000Z</time>
        <extensions>
          <ns3:TrackPointExtension>
            <ns3:hr>174</ns3:hr>
          </ns3:TrackPointExtension>
        </extensions>
      </trkpt>
      <trkpt lat="45.46945002861320972442626953125" lon="-73.5613328777253627777099609375">
        <ele>26.799999237060546875</ele>
        <time>2024-05-23T17:53:22.000Z</time>
        <extensions>
          <ns3:TrackPointExtension>
            <ns3:hr>177</ns3:hr>
          </ns3:TrackPointExtension>
        </extensions>
      </trkpt>
      <trkpt lat="45.46945623122155666351318359375" lon="-73.56139079667627811431884765625">
        <ele>26.3999996185302734375</ele>
        <time>2024-05-23T17:53:23.000Z</time>
        <extensions>
          <ns3:TrackPointExtension>
            <ns3:hr>177</ns3:hr>
          </ns3:TrackPointExtension>
        </extensions>
      </trkpt>
      <trkpt lat="45.46946193091571331024169921875" lon="-73.56144972145557403564453125">
        <ele>26</ele>
        <time>2024-05-23T17:53:24.000Z</time>
        <extensions>
          <ns3:TrackPointExtension>
            <ns3:hr>177</ns3:hr>
          </ns3:TrackPointExtension>
        </extensions>
      </trkpt>
      <trkpt lat="45.4694732464849948883056640625" lon="-73.5617918707430362701416015625">
        <ele>27</ele>
        <time>2024-05-23T17:53:30.000Z</time>
        <extensions>
          <ns3:TrackPointExtension>
            <ns3:hr>179</ns3:hr>
          </ns3:TrackPointExtension>
        </extensions>
      </trkpt>
      <trkpt lat="45.4694817960262298583984375" lon="-73.56185280717909336090087890625">
        <ele>27.200000762939453125</ele>
        <time>2024-05-23T17:53:31.000Z</time>
        <extensions>
          <ns3:TrackPointExtension>
            <ns3:hr>180</ns3:hr>
          </ns3:TrackPointExtension>
        </extensions>
      </trkpt>
      <trkpt lat="45.46952596865594387054443359375" lon="-73.56218037195503711700439453125">
        <ele>27.3999996185302734375</ele>
        <time>2024-05-23T17:53:37.000Z</time>
        <extensions>
          <ns3:TrackPointExtension>
            <ns3:hr>183</ns3:hr>
          </ns3:TrackPointExtension>
        </extensions>
      </trkpt>
      <trkpt lat="45.4695221967995166778564453125" lon="-73.56222580187022686004638671875">
        <ele>27.3999996185302734375</ele>
        <time>2024-05-23T17:53:38.000Z</time>
        <extensions>
          <ns3:TrackPointExtension>
            <ns3:hr>183</ns3:hr>
          </ns3:TrackPointExtension>
        </extensions>
      </trkpt>
      <trkpt lat="45.4695496894419193267822265625" lon="-73.562402240931987762451171875">
        <ele>27.6000003814697265625</ele>
        <time>2024-05-23T17:53:42.000Z</time>
        <extensions>
          <ns3:TrackPointExtension>
            <ns3:hr>184</ns3:hr>
          </ns3:TrackPointExtension>
        </extensions>
      </trkpt>
      <trkpt lat="45.46967248432338237762451171875" lon="-73.5624087788164615631103515625">
        <ele>27.799999237060546875</ele>
        <time>2024-05-23T17:53:45.000Z</time>
        <extensions>
          <ns3:TrackPointExtension>
            <ns3:hr>184</ns3:hr>
          </ns3:TrackPointExtension>
        </extensions>
      </trkpt>
      <trkpt lat="45.46991120092570781707763671875" lon="-73.56223284266889095306396484375">
        <ele>28</ele>
        <time>2024-05-23T17:53:51.000Z</time>
        <extensions>
          <ns3:TrackPointExtension>
            <ns3:hr>184</ns3:hr>
          </ns3:TrackPointExtension>
        </extensions>
      </trkpt>
      <trkpt lat="45.470085628330707550048828125" lon="-73.5620718263089656829833984375">
        <ele>27.799999237060546875</ele>
        <time>2024-05-23T17:53:56.000Z</time>
        <extensions>
          <ns3:TrackPointExtension>
            <ns3:hr>183</ns3:hr>
          </ns3:TrackPointExtension>
        </extensions>
      </trkpt>
      <trkpt lat="45.47015695832669734954833984375" lon="-73.561981804668903350830078125">
        <ele>27.799999237060546875</ele>
        <time>2024-05-23T17:53:59.000Z</time>
        <extensions>
          <ns3:TrackPointExtension>
            <ns3:hr>182</ns3:hr>
          </ns3:TrackPointExtension>
        </extensions>
      </trkpt>
      <trkpt lat="45.4702333174645900726318359375" lon="-73.561913408339023590087890625">
        <ele>27.3999996185302734375</ele>
        <time>2024-05-23T17:54:04.000Z</time>
        <extensions>
          <ns3:TrackPointExtension>
            <ns3:hr>180</ns3:hr>
          </ns3:TrackPointExtension>
        </extensions>
      </trkpt>
      <trkpt lat="45.4702685214579105377197265625" lon="-73.5619159229099750518798828125">
        <ele>27.200000762939453125</ele>
        <time>2024-05-23T17:54:07.000Z</time>
        <extensions>
          <ns3:TrackPointExtension>
            <ns3:hr>178</ns3:hr>
          </ns3:TrackPointExtension>
        </extensions>
      </trkpt>
      <trkpt lat="45.47027179040014743804931640625" lon="-73.5619175992906093597412109375">
        <ele>27.200000762939453125</ele>
        <time>2024-05-23T17:54:08.000Z</time>
        <extensions>
          <ns3:TrackPointExtension>
            <ns3:hr>178</ns3:hr>
          </ns3:TrackPointExtension>
        </extensions>
      </trkpt>
      <trkpt lat="45.470268018543720245361328125" lon="-73.5619162581861019134521484375">
        <ele>27.3999996185302734375</ele>
        <time>2024-05-23T17:54:15.000Z</time>
        <extensions>
          <ns3:TrackPointExtension>
            <ns3:hr>176</ns3:hr>
          </ns3:TrackPointExtension>
        </extensions>
      </trkpt>
      <trkpt lat="45.470268018543720245361328125" lon="-73.5619162581861019134521484375">
        <ele>27.6000003814697265625</ele>
        <time>2024-05-23T17:54:27.000Z</time>
        <extensions>
          <ns3:TrackPointExtension>
            <ns3:hr>174</ns3:hr>
          </ns3:TrackPointExtension>
        </extensions>
      </trkpt>
      <trkpt lat="45.470268018543720245361328125" lon="-73.5619162581861019134521484375">
        <ele>27.6000003814697265625</ele>
        <time>2024-05-23T17:54:35.000Z</time>
        <extensions>
          <ns3:TrackPointExtension>
            <ns3:hr>171</ns3:hr>
          </ns3:TrackPointExtension>
        </extensions>
      </trkpt>
      <trkpt lat="45.470268018543720245361328125" lon="-73.5619162581861019134521484375">
        <ele>27.6000003814697265625</ele>
        <time>2024-05-23T17:54:38.000Z</time>
        <extensions>
          <ns3:TrackPointExtension>
            <ns3:hr>170</ns3:hr>
          </ns3:TrackPointExtension>
        </extensions>
      </trkpt>
      <trkpt lat="45.470268018543720245361328125" lon="-73.5619162581861019134521484375">
        <ele>26.799999237060546875</ele>
        <time>2024-05-23T17:54:50.000Z</time>
        <extensions>
          <ns3:TrackPointExtension>
            <ns3:hr>167</ns3:hr>
          </ns3:TrackPointExtension>
        </extensions>
      </trkpt>
      <trkpt lat="45.470268018543720245361328125" lon="-73.5619162581861019134521484375">
        <ele>26.6000003814697265625</ele>
        <time>2024-05-23T17:54:53.000Z</time>
        <extensions>
          <ns3:TrackPointExtension>
            <ns3:hr>167</ns3:hr>
          </ns3:TrackPointExtension>
        </extensions>
      </trkpt>
      <trkpt lat="45.47028712928295135498046875" lon="-73.5619578324258327484130859375">
        <ele>26.799999237060546875</ele>
        <time>2024-05-23T17:55:00.000Z</time>
        <extensions>
          <ns3:TrackPointExtension>
            <ns3:hr>168</ns3:hr>
          </ns3:TrackPointExtension>
        </extensions>
      </trkpt>
      <trkpt lat="45.4703025519847869873046875" lon="-73.5619843192398548126220703125">
        <ele>26.799999237060546875</ele>
        <time>2024-05-23T17:55:01.000Z</time>
        <extensions>
          <ns3:TrackPointExtension>
            <ns3:hr>167</ns3:hr>
          </ns3:TrackPointExtension>
        </extensions>
      </trkpt>
      <trkpt lat="45.47038595192134380340576171875" lon="-73.56213427148759365081787109375">
        <ele>27</ele>
        <time>2024-05-23T17:55:05.000Z</time>
        <extensions>
          <ns3:TrackPointExtension>
            <ns3:hr>164</ns3:hr>
          </ns3:TrackPointExtension>
        </extensions>
      </trkpt>
      <trkpt lat="45.4704066552221775054931640625" lon="-73.56218188069760799407958984375">
        <ele>27</ele>
        <time>2024-05-23T17:55:06.000Z</time>
        <extensions>
          <ns3:TrackPointExtension>
            <ns3:hr>163</ns3:hr>
          </ns3:TrackPointExtension>
        </extensions>
      </trkpt>
      <trkpt lat="45.4704795777797698974609375" lon="-73.56234516017138957977294921875">
        <ele>27</ele>
        <time>2024-05-23T17:55:09.000Z</time>
        <extensions>
          <ns3:TrackPointExtension>
            <ns3:hr>163</ns3:hr>
          </ns3:TrackPointExtension>
        </extensions>
      </trkpt>
      <trkpt lat="45.47055627219378948211669921875" lon="-73.56253459118306636810302734375">
        <ele>26.799999237060546875</ele>
        <time>2024-05-23T17:55:12.000Z</time>
        <extensions>
          <ns3:TrackPointExtension>
            <ns3:hr>166</ns3:hr>
          </ns3:TrackPointExtension>
        </extensions>
      </trkpt>
      <trkpt lat="45.4706333018839359283447265625" lon="-73.562735505402088165283203125">
        <ele>26.200000762939453125</ele>
        <time>2024-05-23T17:55:15.000Z</time>
        <extensions>
          <ns3:TrackPointExtension>
            <ns3:hr>168</ns3:hr>
          </ns3:TrackPointExtension>
        </extensions>
      </trkpt>
      <trkpt lat="45.47072910703718662261962890625" lon="-73.563000373542308807373046875">
        <ele>25.799999237060546875</ele>
        <time>2024-05-23T17:55:19.000Z</time>
        <extensions>
          <ns3:TrackPointExtension>
            <ns3:hr>167</ns3:hr>
          </ns3:TrackPointExtension>
        </extensions>
      </trkpt>
      <trkpt lat="45.47089330852031707763671875" lon="-73.56339574791491031646728515625">
        <ele>26</ele>
        <time>2024-05-23T17:55:26.000Z</time>
        <extensions>
          <ns3:TrackPointExtension>
            <ns3:hr>167</ns3:hr>
          </ns3:TrackPointExtension>
        </extensions>
      </trkpt>
      <trkpt lat="45.47096547670662403106689453125" lon="-73.5635854303836822509765625">
        <ele>26.200000762939453125</ele>
        <time>2024-05-23T17:55:30.000Z</time>
        <extensions>
          <ns3:TrackPointExtension>
            <ns3:hr>163</ns3:hr>
          </ns3:TrackPointExtension>
        </extensions>
      </trkpt>
      <trkpt lat="45.4709846712648868560791015625" lon="-73.5636578500270843505859375">
        <ele>26.200000762939453125</ele>
        <time>2024-05-23T17:55:32.000Z</time>
        <extensions>
          <ns3:TrackPointExtension>
            <ns3:hr>162</ns3:hr>
          </ns3:TrackPointExtension>
        </extensions>
      </trkpt>
      <trkpt lat="45.4710047878324985504150390625" lon="-73.56372683309018611907958984375">
        <ele>26.200000762939453125</ele>
        <time>2024-05-23T17:55:37.000Z</time>
        <extensions>
          <ns3:TrackPointExtension>
            <ns3:hr>161</ns3:hr>
          </ns3:TrackPointExtension>
        </extensions>
      </trkpt>
      <trkpt lat="45.4710000939667224884033203125" lon="-73.5637301020324230194091796875">
        <ele>26</ele>
        <time>2024-05-23T17:55:47.000Z</time>
        <extensions>
          <ns3:TrackPointExtension>
            <ns3:hr>162</ns3:hr>
          </ns3:TrackPointExtension>
        </extensions>
      </trkpt>
      <trkpt lat="45.4710000939667224884033203125" lon="-73.5637301020324230194091796875">
        <ele>26</ele>
        <time>2024-05-23T17:55:51.000Z</time>
        <extensions>
          <ns3:TrackPointExtension>
            <ns3:hr>159</ns3:hr>
          </ns3:TrackPointExtension>
        </extensions>
      </trkpt>
      <trkpt lat="45.4710000939667224884033203125" lon="-73.5637301020324230194091796875">
        <ele>26.200000762939453125</ele>
        <time>2024-05-23T17:56:04.000Z</time>
        <extensions>
          <ns3:TrackPointExtension>
            <ns3:hr>156</ns3:hr>
          </ns3:TrackPointExtension>
        </extensions>
      </trkpt>
      <trkpt lat="45.4710037820041179656982421875" lon="-73.56374192051589488983154296875">
        <ele>26.3999996185302734375</ele>
        <time>2024-05-23T17:56:06.000Z</time>
        <extensions>
          <ns3:TrackPointExtension>
            <ns3:hr>156</ns3:hr>
          </ns3:TrackPointExtension>
        </extensions>
      </trkpt>
      <trkpt lat="45.47100788913667201995849609375" lon="-73.563763462007045745849609375">
        <ele>26.3999996185302734375</ele>
        <time>2024-05-23T17:56:07.000Z</time>
        <extensions>
          <ns3:TrackPointExtension>
            <ns3:hr>155</ns3:hr>
          </ns3:TrackPointExtension>
        </extensions>
      </trkpt>
      <trkpt lat="45.47104711644351482391357421875" lon="-73.56388659216463565826416015625">
        <ele>26.3999996185302734375</ele>
        <time>2024-05-23T17:56:10.000Z</time>
        <extensions>
          <ns3:TrackPointExtension>
            <ns3:hr>154</ns3:hr>
          </ns3:TrackPointExtension>
        </extensions>
      </trkpt>
      <trkpt lat="45.47118240036070346832275390625" lon="-73.56420359574258327484130859375">
        <ele>26.6000003814697265625</ele>
        <time>2024-05-23T17:56:16.000Z</time>
        <extensions>
          <ns3:TrackPointExtension>
            <ns3:hr>157</ns3:hr>
          </ns3:TrackPointExtension>
        </extensions>
      </trkpt>
      <trkpt lat="45.4712064564228057861328125" lon="-73.5642613470554351806640625">
        <ele>26.799999237060546875</ele>
        <time>2024-05-23T17:56:17.000Z</time>
        <extensions>
          <ns3:TrackPointExtension>
            <ns3:hr>158</ns3:hr>
          </ns3:TrackPointExtension>
        </extensions>
      </trkpt>
      <trkpt lat="45.471227578818798065185546875" lon="-73.5643230378627777099609375">
        <ele>26.799999237060546875</ele>
        <time>2024-05-23T17:56:18.000Z</time>
        <extensions>
          <ns3:TrackPointExtension>
            <ns3:hr>161</ns3:hr>
          </ns3:TrackPointExtension>
        </extensions>
      </trkpt>
      <trkpt lat="45.47125129960477352142333984375" lon="-73.56438229791820049285888671875">
        <ele>26.799999237060546875</ele>
        <time>2024-05-23T17:56:19.000Z</time>
        <extensions>
          <ns3:TrackPointExtension>
            <ns3:hr>162</ns3:hr>
          </ns3:TrackPointExtension>
        </extensions>
      </trkpt>
      <trkpt lat="45.47132246196269989013671875" lon="-73.56455949135124683380126953125">
        <ele>26.3999996185302734375</ele>
        <time>2024-05-23T17:56:22.000Z</time>
        <extensions>
          <ns3:TrackPointExtension>
            <ns3:hr>163</ns3:hr>
          </ns3:TrackPointExtension>
        </extensions>
      </trkpt>
      <trkpt lat="45.47141105867922306060791015625" lon="-73.56479066424071788787841796875">
        <ele>25.6000003814697265625</ele>
        <time>2024-05-23T17:56:26.000Z</time>
        <extensions>
          <ns3:TrackPointExtension>
            <ns3:hr>166</ns3:hr>
          </ns3:TrackPointExtension>
        </extensions>
      </trkpt>
      <trkpt lat="45.4714679718017578125" lon="-73.56495545245707035064697265625">
        <ele>25</ele>
        <time>2024-05-23T17:56:29.000Z</time>
        <extensions>
          <ns3:TrackPointExtension>
            <ns3:hr>167</ns3:hr>
          </ns3:TrackPointExtension>
        </extensions>
      </trkpt>
      <trkpt lat="45.471507199108600616455078125" lon="-73.5650785826146602630615234375">
        <ele>24.799999237060546875</ele>
        <time>2024-05-23T17:56:31.000Z</time>
        <extensions>
          <ns3:TrackPointExtension>
            <ns3:hr>167</ns3:hr>
          </ns3:TrackPointExtension>
        </extensions>
      </trkpt>
      <trkpt lat="45.4716575704514980316162109375" lon="-73.56543808244168758392333984375">
        <ele>25.3999996185302734375</ele>
        <time>2024-05-23T17:56:37.000Z</time>
        <extensions>
          <ns3:TrackPointExtension>
            <ns3:hr>166</ns3:hr>
          </ns3:TrackPointExtension>
        </extensions>
      </trkpt>
      <trkpt lat="45.4718107916414737701416015625" lon="-73.56582499109208583831787109375">
        <ele>26</ele>
        <time>2024-05-23T17:56:44.000Z</time>
        <extensions>
          <ns3:TrackPointExtension>
            <ns3:hr>167</ns3:hr>
          </ns3:TrackPointExtension>
        </extensions>
      </trkpt>
      <trkpt lat="45.47186736948788166046142578125" lon="-73.56590629555284976959228515625">
        <ele>25.799999237060546875</ele>
        <time>2024-05-23T17:56:46.000Z</time>
        <extensions>
          <ns3:TrackPointExtension>
            <ns3:hr>167</ns3:hr>
          </ns3:TrackPointExtension>
        </extensions>
      </trkpt>
      <trkpt lat="45.47193442471325397491455078125" lon="-73.56597066856920719146728515625">
        <ele>25.6000003814697265625</ele>
        <time>2024-05-23T17:56:48.000Z</time>
        <extensions>
          <ns3:TrackPointExtension>
            <ns3:hr>168</ns3:hr>
          </ns3:TrackPointExtension>
        </extensions>
      </trkpt>
      <trkpt lat="45.47199293039739131927490234375" lon="-73.5661102272570133209228515625">
        <ele>24.799999237060546875</ele>
        <time>2024-05-23T17:56:51.000Z</time>
        <extensions>
          <ns3:TrackPointExtension>
            <ns3:hr>171</ns3:hr>
          </ns3:TrackPointExtension>
        </extensions>
      </trkpt>
      <trkpt lat="45.472138859331607818603515625" lon="-73.566490598022937774658203125">
        <ele>25.799999237060546875</ele>
        <time>2024-05-23T17:56:58.000Z</time>
        <extensions>
          <ns3:TrackPointExtension>
            <ns3:hr>173</ns3:hr>
          </ns3:TrackPointExtension>
        </extensions>
      </trkpt>
      <trkpt lat="45.4722687788307666778564453125" lon="-73.5668300651013851165771484375">
        <ele>25.6000003814697265625</ele>
        <time>2024-05-23T17:57:04.000Z</time>
        <extensions>
          <ns3:TrackPointExtension>
            <ns3:hr>176</ns3:hr>
          </ns3:TrackPointExtension>
        </extensions>
      </trkpt>
      <trkpt lat="45.4723103530704975128173828125" lon="-73.56693743728101253509521484375">
        <ele>25.799999237060546875</ele>
        <time>2024-05-23T17:57:06.000Z</time>
        <extensions>
          <ns3:TrackPointExtension>
            <ns3:hr>177</ns3:hr>
          </ns3:TrackPointExtension>
        </extensions>
      </trkpt>
      <trkpt lat="45.47235243022441864013671875" lon="-73.567045144736766815185546875">
        <ele>26</ele>
        <time>2024-05-23T17:57:08.000Z</time>
        <extensions>
          <ns3:TrackPointExtension>
            <ns3:hr>178</ns3:hr>
          </ns3:TrackPointExtension>
        </extensions>
      </trkpt>
      <trkpt lat="45.4724605567753314971923828125" lon="-73.567315377295017242431640625">
        <ele>26.3999996185302734375</ele>
        <time>2024-05-23T17:57:13.000Z</time>
        <extensions>
          <ns3:TrackPointExtension>
            <ns3:hr>179</ns3:hr>
          </ns3:TrackPointExtension>
        </extensions>
      </trkpt>
      <trkpt lat="45.47254881821572780609130859375" lon="-73.56756440363824367523193359375">
        <ele>26.6000003814697265625</ele>
        <time>2024-05-23T17:57:18.000Z</time>
        <extensions>
          <ns3:TrackPointExtension>
            <ns3:hr>179</ns3:hr>
          </ns3:TrackPointExtension>
        </extensions>
      </trkpt>
      <trkpt lat="45.4726640693843364715576171875" lon="-73.567875958979129791259765625">
        <ele>27</ele>
        <time>2024-05-23T17:57:24.000Z</time>
        <extensions>
          <ns3:TrackPointExtension>
            <ns3:hr>180</ns3:hr>
          </ns3:TrackPointExtension>
        </extensions>
      </trkpt>
      <trkpt lat="45.4727022908627986907958984375" lon="-73.56797729618847370147705078125">
        <ele>27</ele>
        <time>2024-05-23T17:57:26.000Z</time>
        <extensions>
          <ns3:TrackPointExtension>
            <ns3:hr>180</ns3:hr>
          </ns3:TrackPointExtension>
        </extensions>
      </trkpt>
      <trkpt lat="45.472756437957286834716796875" lon="-73.56812716461718082427978515625">
        <ele>26.799999237060546875</ele>
        <time>2024-05-23T17:57:29.000Z</time>
        <extensions>
          <ns3:TrackPointExtension>
            <ns3:hr>181</ns3:hr>
          </ns3:TrackPointExtension>
        </extensions>
      </trkpt>
      <trkpt lat="45.47276574186980724334716796875" lon="-73.56827502138912677764892578125">
        <ele>26.799999237060546875</ele>
        <time>2024-05-23T17:57:32.000Z</time>
        <extensions>
          <ns3:TrackPointExtension>
            <ns3:hr>180</ns3:hr>
          </ns3:TrackPointExtension>
        </extensions>
      </trkpt>
      <trkpt lat="45.4727157019078731536865234375" lon="-73.56854190118610858917236328125">
        <ele>27.200000762939453125</ele>
        <time>2024-05-23T17:57:38.000Z</time>
        <extensions>
          <ns3:TrackPointExtension>
            <ns3:hr>179</ns3:hr>
          </ns3:TrackPointExtension>
        </extensions>
      </trkpt>
      <trkpt lat="45.472605228424072265625" lon="-73.56886544264853000640869140625">
        <ele>27.6000003814697265625</ele>
        <time>2024-05-23T17:57:44.000Z</time>
        <extensions>
          <ns3:TrackPointExtension>
            <ns3:hr>179</ns3:hr>
          </ns3:TrackPointExtension>
        </extensions>
      </trkpt>
      <trkpt lat="45.47245896421372890472412109375" lon="-73.56932410039007663726806640625">
        <ele>27.200000762939453125</ele>
        <time>2024-05-23T17:57:53.000Z</time>
        <extensions>
          <ns3:TrackPointExtension>
            <ns3:hr>180</ns3:hr>
          </ns3:TrackPointExtension>
        </extensions>
      </trkpt>
      <trkpt lat="45.472414456307888031005859375" lon="-73.56950347311794757843017578125">
        <ele>27.6000003814697265625</ele>
        <time>2024-05-23T17:57:58.000Z</time>
        <extensions>
          <ns3:TrackPointExtension>
            <ns3:hr>178</ns3:hr>
          </ns3:TrackPointExtension>
        </extensions>
      </trkpt>
      <trkpt lat="45.47252803109586238861083984375" lon="-73.56962249614298343658447265625">
        <ele>26.799999237060546875</ele>
        <time>2024-05-23T17:58:02.000Z</time>
        <extensions>
          <ns3:TrackPointExtension>
            <ns3:hr>176</ns3:hr>
          </ns3:TrackPointExtension>
        </extensions>
      </trkpt>
      <trkpt lat="45.47285090200603008270263671875" lon="-73.56982466764748096466064453125">
        <ele>26.3999996185302734375</ele>
        <time>2024-05-23T17:58:10.000Z</time>
        <extensions>
          <ns3:TrackPointExtension>
            <ns3:hr>177</ns3:hr>
          </ns3:TrackPointExtension>
        </extensions>
      </trkpt>
      <trkpt lat="45.47296925447881221771240234375" lon="-73.56989691965281963348388671875">
        <ele>26.6000003814697265625</ele>
        <time>2024-05-23T17:58:13.000Z</time>
        <extensions>
          <ns3:TrackPointExtension>
            <ns3:hr>178</ns3:hr>
          </ns3:TrackPointExtension>
        </extensions>
      </trkpt>
      <trkpt lat="45.473097749054431915283203125" lon="-73.56997168622910976409912109375">
        <ele>26.799999237060546875</ele>
        <time>2024-05-23T17:58:16.000Z</time>
        <extensions>
          <ns3:TrackPointExtension>
            <ns3:hr>178</ns3:hr>
          </ns3:TrackPointExtension>
        </extensions>
      </trkpt>
      <trkpt lat="45.47338885255157947540283203125" lon="-73.570135720074176788330078125">
        <ele>26.3999996185302734375</ele>
        <time>2024-05-23T17:58:23.000Z</time>
        <extensions>
          <ns3:TrackPointExtension>
            <ns3:hr>176</ns3:hr>
          </ns3:TrackPointExtension>
        </extensions>
      </trkpt>
      <trkpt lat="45.4734261520206928253173828125" lon="-73.57015776447951793670654296875">
        <ele>26.3999996185302734375</ele>
        <time>2024-05-23T17:58:24.000Z</time>
        <extensions>
          <ns3:TrackPointExtension>
            <ns3:hr>177</ns3:hr>
          </ns3:TrackPointExtension>
        </extensions>
      </trkpt>
      <trkpt lat="45.4735600948333740234375" lon="-73.5701972432434558868408203125">
        <ele>26.6000003814697265625</ele>
        <time>2024-05-23T17:58:27.000Z</time>
        <extensions>
          <ns3:TrackPointExtension>
            <ns3:hr>177</ns3:hr>
          </ns3:TrackPointExtension>
        </extensions>
      </trkpt>
      <trkpt lat="45.4736085422337055206298828125" lon="-73.57019732706248760223388671875">
        <ele>26.6000003814697265625</ele>
        <time>2024-05-23T17:58:28.000Z</time>
        <extensions>
          <ns3:TrackPointExtension>
            <ns3:hr>178</ns3:hr>
          </ns3:TrackPointExtension>
        </extensions>
      </trkpt>
      <trkpt lat="45.47365925274789333343505859375" lon="-73.5701962374150753021240234375">
        <ele>26.6000003814697265625</ele>
        <time>2024-05-23T17:58:29.000Z</time>
        <extensions>
          <ns3:TrackPointExtension>
            <ns3:hr>178</ns3:hr>
          </ns3:TrackPointExtension>
        </extensions>
      </trkpt>
      <trkpt lat="45.47375547699630260467529296875" lon="-73.57018240727484226226806640625">
        <ele>26.6000003814697265625</ele>
        <time>2024-05-23T17:58:31.000Z</time>
        <extensions>
          <ns3:TrackPointExtension>
            <ns3:hr>178</ns3:hr>
          </ns3:TrackPointExtension>
        </extensions>
      </trkpt>
      <trkpt lat="45.47390400432050228118896484375" lon="-73.57014670036733150482177734375">
        <ele>26.6000003814697265625</ele>
        <time>2024-05-23T17:58:34.000Z</time>
        <extensions>
          <ns3:TrackPointExtension>
            <ns3:hr>178</ns3:hr>
          </ns3:TrackPointExtension>
        </extensions>
      </trkpt>
      <trkpt lat="45.47413165681064128875732421875" lon="-73.57010730542242527008056640625">
        <ele>26.799999237060546875</ele>
        <time>2024-05-23T17:58:39.000Z</time>
        <extensions>
          <ns3:TrackPointExtension>
            <ns3:hr>180</ns3:hr>
          </ns3:TrackPointExtension>
        </extensions>
      </trkpt>
      <trkpt lat="45.4742687009274959564208984375" lon="-73.57008048333227634429931640625">
        <ele>27</ele>
        <time>2024-05-23T17:58:42.000Z</time>
        <extensions>
          <ns3:TrackPointExtension>
            <ns3:hr>180</ns3:hr>
          </ns3:TrackPointExtension>
        </extensions>
      </trkpt>
      <trkpt lat="45.4747025482356548309326171875" lon="-73.57002675533294677734375">
        <ele>27</ele>
        <time>2024-05-23T17:58:51.000Z</time>
        <extensions>
          <ns3:TrackPointExtension>
            <ns3:hr>179</ns3:hr>
          </ns3:TrackPointExtension>
        </extensions>
      </trkpt>
      <trkpt lat="45.4747427813708782196044921875" lon="-73.57003144919872283935546875">
        <ele>27</ele>
        <time>2024-05-23T17:58:52.000Z</time>
        <extensions>
          <ns3:TrackPointExtension>
            <ns3:hr>179</ns3:hr>
          </ns3:TrackPointExtension>
        </extensions>
      </trkpt>
      <trkpt lat="45.4748515784740447998046875" lon="-73.5700302757322788238525390625">
        <ele>28</ele>
        <time>2024-05-23T17:58:55.000Z</time>
        <extensions>
          <ns3:TrackPointExtension>
            <ns3:hr>182</ns3:hr>
          </ns3:TrackPointExtension>
        </extensions>
      </trkpt>
      <trkpt lat="45.474888794124126434326171875" lon="-73.57003170065581798553466796875">
        <ele>28.200000762939453125</ele>
        <time>2024-05-23T17:58:56.000Z</time>
        <extensions>
          <ns3:TrackPointExtension>
            <ns3:hr>182</ns3:hr>
          </ns3:TrackPointExtension>
        </extensions>
      </trkpt>
      <trkpt lat="45.4751571826636791229248046875" lon="-73.5699960775673389434814453125">
        <ele>28.3999996185302734375</ele>
        <time>2024-05-23T17:59:00.000Z</time>
        <extensions>
          <ns3:TrackPointExtension>
            <ns3:hr>183</ns3:hr>
          </ns3:TrackPointExtension>
        </extensions>
      </trkpt>
      <trkpt lat="45.47529405914247035980224609375" lon="-73.56997788883745670318603515625">
        <ele>28.200000762939453125</ele>
        <time>2024-05-23T17:59:03.000Z</time>
        <extensions>
          <ns3:TrackPointExtension>
            <ns3:hr>184</ns3:hr>
          </ns3:TrackPointExtension>
        </extensions>
      </trkpt>
      <trkpt lat="45.47548047266900539398193359375" lon="-73.56997537426650524139404296875">
        <ele>27.799999237060546875</ele>
        <time>2024-05-23T17:59:08.000Z</time>
        <extensions>
          <ns3:TrackPointExtension>
            <ns3:hr>185</ns3:hr>
          </ns3:TrackPointExtension>
        </extensions>
      </trkpt>
      <trkpt lat="45.47564324922859668731689453125" lon="-73.569987528026103973388671875">
        <ele>27.200000762939453125</ele>
        <time>2024-05-23T17:59:12.000Z</time>
        <extensions>
          <ns3:TrackPointExtension>
            <ns3:hr>184</ns3:hr>
          </ns3:TrackPointExtension>
        </extensions>
      </trkpt>
      <trkpt lat="45.47575539909303188323974609375" lon="-73.57001611031591892242431640625">
        <ele>27</ele>
        <time>2024-05-23T17:59:15.000Z</time>
        <extensions>
          <ns3:TrackPointExtension>
            <ns3:hr>184</ns3:hr>
          </ns3:TrackPointExtension>
        </extensions>
      </trkpt>
      <trkpt lat="45.475859753787517547607421875" lon="-73.57007025741040706634521484375">
        <ele>27</ele>
        <time>2024-05-23T17:59:19.000Z</time>
        <extensions>
          <ns3:TrackPointExtension>
            <ns3:hr>183</ns3:hr>
          </ns3:TrackPointExtension>
        </extensions>
      </trkpt>
      <trkpt lat="45.4759933613240718841552734375" lon="-73.57019598595798015594482421875">
        <ele>27.200000762939453125</ele>
        <time>2024-05-23T17:59:24.000Z</time>
        <extensions>
          <ns3:TrackPointExtension>
            <ns3:hr>181</ns3:hr>
          </ns3:TrackPointExtension>
        </extensions>
      </trkpt>
      <trkpt lat="45.47619276680052280426025390625" lon="-73.57043319381773471832275390625">
        <ele>26.6000003814697265625</ele>
        <time>2024-05-23T17:59:32.000Z</time>
        <extensions>
          <ns3:TrackPointExtension>
            <ns3:hr>181</ns3:hr>
          </ns3:TrackPointExtension>
        </extensions>
      </trkpt>
      <trkpt lat="45.47639611177146434783935546875" lon="-73.57060167007148265838623046875">
        <ele>26.6000003814697265625</ele>
        <time>2024-05-23T17:59:40.000Z</time>
        <extensions>
          <ns3:TrackPointExtension>
            <ns3:hr>179</ns3:hr>
          </ns3:TrackPointExtension>
        </extensions>
      </trkpt>
      <trkpt lat="45.476461909711360931396484375" lon="-73.570679537951946258544921875">
        <ele>26.3999996185302734375</ele>
        <time>2024-05-23T17:59:43.000Z</time>
        <extensions>
          <ns3:TrackPointExtension>
            <ns3:hr>178</ns3:hr>
          </ns3:TrackPointExtension>
        </extensions>
      </trkpt>
      <trkpt lat="45.47651119530200958251953125" lon="-73.570720441639423370361328125">
        <ele>26.6000003814697265625</ele>
        <time>2024-05-23T17:59:45.000Z</time>
        <extensions>
          <ns3:TrackPointExtension>
            <ns3:hr>178</ns3:hr>
          </ns3:TrackPointExtension>
        </extensions>
      </trkpt>
      <trkpt lat="45.476581268012523651123046875" lon="-73.570784144103527069091796875">
        <ele>27.200000762939453125</ele>
        <time>2024-05-23T17:59:48.000Z</time>
        <extensions>
          <ns3:TrackPointExtension>
            <ns3:hr>177</ns3:hr>
          </ns3:TrackPointExtension>
        </extensions>
      </trkpt>
      <trkpt lat="45.47660163603723049163818359375" lon="-73.570791184902191162109375">
        <ele>27.3999996185302734375</ele>
        <time>2024-05-23T17:59:49.000Z</time>
        <extensions>
          <ns3:TrackPointExtension>
            <ns3:hr>176</ns3:hr>
          </ns3:TrackPointExtension>
        </extensions>
      </trkpt>
      <trkpt lat="45.47661638818681240081787109375" lon="-73.57080551795661449432373046875">
        <ele>27.3999996185302734375</ele>
        <time>2024-05-23T17:59:50.000Z</time>
        <extensions>
          <ns3:TrackPointExtension>
            <ns3:hr>176</ns3:hr>
          </ns3:TrackPointExtension>
        </extensions>
      </trkpt>
      <trkpt lat="45.4766759835183620452880859375" lon="-73.57091615907847881317138671875">
        <ele>27.6000003814697265625</ele>
        <time>2024-05-23T17:59:54.000Z</time>
        <extensions>
          <ns3:TrackPointExtension>
            <ns3:hr>177</ns3:hr>
          </ns3:TrackPointExtension>
        </extensions>
      </trkpt>
      <trkpt lat="45.47677882947027683258056640625" lon="-73.57109536416828632354736328125">
        <ele>27.3999996185302734375</ele>
        <time>2024-05-23T17:59:59.000Z</time>
        <extensions>
          <ns3:TrackPointExtension>
            <ns3:hr>175</ns3:hr>
          </ns3:TrackPointExtension>
        </extensions>
      </trkpt>
      <trkpt lat="45.47700480557978153228759765625" lon="-73.5713477432727813720703125">
        <ele>27.6000003814697265625</ele>
        <time>2024-05-23T18:00:07.000Z</time>
        <extensions>
          <ns3:TrackPointExtension>
            <ns3:hr>175</ns3:hr>
          </ns3:TrackPointExtension>
        </extensions>
      </trkpt>
      <trkpt lat="45.4771866090595722198486328125" lon="-73.57154614292085170745849609375">
        <ele>27.799999237060546875</ele>
        <time>2024-05-23T18:00:13.000Z</time>
        <extensions>
          <ns3:TrackPointExtension>
            <ns3:hr>175</ns3:hr>
          </ns3:TrackPointExtension>
        </extensions>
      </trkpt>
      <trkpt lat="45.4773468710482120513916015625" lon="-73.57175870798528194427490234375">
        <ele>27.799999237060546875</ele>
        <time>2024-05-23T18:00:19.000Z</time>
        <extensions>
          <ns3:TrackPointExtension>
            <ns3:hr>176</ns3:hr>
          </ns3:TrackPointExtension>
        </extensions>
      </trkpt>
      <trkpt lat="45.47748927958309650421142578125" lon="-73.571952916681766510009765625">
        <ele>28</ele>
        <time>2024-05-23T18:00:24.000Z</time>
        <extensions>
          <ns3:TrackPointExtension>
            <ns3:hr>176</ns3:hr>
          </ns3:TrackPointExtension>
        </extensions>
      </trkpt>
      <trkpt lat="45.4775393195450305938720703125" lon="-73.572016619145870208740234375">
        <ele>28.200000762939453125</ele>
        <time>2024-05-23T18:00:26.000Z</time>
        <extensions>
          <ns3:TrackPointExtension>
            <ns3:hr>177</ns3:hr>
          </ns3:TrackPointExtension>
        </extensions>
      </trkpt>
      <trkpt lat="45.477619282901287078857421875" lon="-73.57212063856422901153564453125">
        <ele>29</ele>
        <time>2024-05-23T18:00:30.000Z</time>
        <extensions>
          <ns3:TrackPointExtension>
            <ns3:hr>179</ns3:hr>
          </ns3:TrackPointExtension>
        </extensions>
      </trkpt>
      <trkpt lat="45.477652139961719512939453125" lon="-73.5721726901829242706298828125">
        <ele>29.200000762939453125</ele>
        <time>2024-05-23T18:00:32.000Z</time>
        <extensions>
          <ns3:TrackPointExtension>
            <ns3:hr>180</ns3:hr>
          </ns3:TrackPointExtension>
        </extensions>
      </trkpt>
      <trkpt lat="45.4776643775403499603271484375" lon="-73.572305627167224884033203125">
        <ele>29.3999996185302734375</ele>
        <time>2024-05-23T18:00:36.000Z</time>
        <extensions>
          <ns3:TrackPointExtension>
            <ns3:hr>179</ns3:hr>
          </ns3:TrackPointExtension>
        </extensions>
      </trkpt>
      <trkpt lat="45.477560274302959442138671875" lon="-73.572505451738834381103515625">
        <ele>29.3999996185302734375</ele>
        <time>2024-05-23T18:00:40.000Z</time>
        <extensions>
          <ns3:TrackPointExtension>
            <ns3:hr>179</ns3:hr>
          </ns3:TrackPointExtension>
        </extensions>
      </trkpt>
      <trkpt lat="45.47735164873301982879638671875" lon="-73.57283343560993671417236328125">
        <ele>29.6000003814697265625</ele>
        <time>2024-05-23T18:00:47.000Z</time>
        <extensions>
          <ns3:TrackPointExtension>
            <ns3:hr>182</ns3:hr>
          </ns3:TrackPointExtension>
        </extensions>
      </trkpt>
      <trkpt lat="45.4773066379129886627197265625" lon="-73.5730209387838840484619140625">
        <ele>29.6000003814697265625</ele>
        <time>2024-05-23T18:00:51.000Z</time>
        <extensions>
          <ns3:TrackPointExtension>
            <ns3:hr>185</ns3:hr>
          </ns3:TrackPointExtension>
        </extensions>
      </trkpt>
      <trkpt lat="45.47739825211465358734130859375" lon="-73.573205173015594482421875">
        <ele>29.6000003814697265625</ele>
        <time>2024-05-23T18:00:55.000Z</time>
        <extensions>
          <ns3:TrackPointExtension>
            <ns3:hr>186</ns3:hr>
          </ns3:TrackPointExtension>
        </extensions>
      </trkpt>
      <trkpt lat="45.4775899462401866912841796875" lon="-73.573421426117420196533203125">
        <ele>30</ele>
        <time>2024-05-23T18:01:01.000Z</time>
        <extensions>
          <ns3:TrackPointExtension>
            <ns3:hr>185</ns3:hr>
          </ns3:TrackPointExtension>
        </extensions>
      </trkpt>
      <trkpt lat="45.47763235867023468017578125" lon="-73.57350164093077182769775390625">
        <ele>30.200000762939453125</ele>
        <time>2024-05-23T18:01:03.000Z</time>
        <extensions>
          <ns3:TrackPointExtension>
            <ns3:hr>185</ns3:hr>
          </ns3:TrackPointExtension>
        </extensions>
      </trkpt>
      <trkpt lat="45.47765918076038360595703125" lon="-73.57360406778752803802490234375">
        <ele>30.200000762939453125</ele>
        <time>2024-05-23T18:01:05.000Z</time>
        <extensions>
          <ns3:TrackPointExtension>
            <ns3:hr>184</ns3:hr>
          </ns3:TrackPointExtension>
        </extensions>
      </trkpt>
      <trkpt lat="45.4776519723236560821533203125" lon="-73.573857285082340240478515625">
        <ele>30</ele>
        <time>2024-05-23T18:01:10.000Z</time>
        <extensions>
          <ns3:TrackPointExtension>
            <ns3:hr>182</ns3:hr>
          </ns3:TrackPointExtension>
        </extensions>
      </trkpt>
      <trkpt lat="45.47766915522515773773193359375" lon="-73.57393967919051647186279296875">
        <ele>30</ele>
        <time>2024-05-23T18:01:12.000Z</time>
        <extensions>
          <ns3:TrackPointExtension>
            <ns3:hr>182</ns3:hr>
          </ns3:TrackPointExtension>
        </extensions>
      </trkpt>
      <trkpt lat="45.47770067118108272552490234375" lon="-73.57396599836647510528564453125">
        <ele>30</ele>
        <time>2024-05-23T18:01:13.000Z</time>
        <extensions>
          <ns3:TrackPointExtension>
            <ns3:hr>182</ns3:hr>
          </ns3:TrackPointExtension>
        </extensions>
      </trkpt>
      <trkpt lat="45.47790032811462879180908203125" lon="-73.57403975911438465118408203125">
        <ele>29.3999996185302734375</ele>
        <time>2024-05-23T18:01:18.000Z</time>
        <extensions>
          <ns3:TrackPointExtension>
            <ns3:hr>182</ns3:hr>
          </ns3:TrackPointExtension>
        </extensions>
      </trkpt>
      <trkpt lat="45.47794005833566188812255859375" lon="-73.574061132967472076416015625">
        <ele>29.3999996185302734375</ele>
        <time>2024-05-23T18:01:19.000Z</time>
        <extensions>
          <ns3:TrackPointExtension>
            <ns3:hr>181</ns3:hr>
          </ns3:TrackPointExtension>
        </extensions>
      </trkpt>
      <trkpt lat="45.47808975912630558013916015625" lon="-73.57421100139617919921875">
        <ele>30</ele>
        <time>2024-05-23T18:01:23.000Z</time>
        <extensions>
          <ns3:TrackPointExtension>
            <ns3:hr>182</ns3:hr>
          </ns3:TrackPointExtension>
        </extensions>
      </trkpt>
      <trkpt lat="45.4782541282474994659423828125" lon="-73.57436380349099636077880859375">
        <ele>30.799999237060546875</ele>
        <time>2024-05-23T18:01:29.000Z</time>
        <extensions>
          <ns3:TrackPointExtension>
            <ns3:hr>182</ns3:hr>
          </ns3:TrackPointExtension>
        </extensions>
      </trkpt>
      <trkpt lat="45.4783657751977443695068359375" lon="-73.57453244738280773162841796875">
        <ele>31.200000762939453125</ele>
        <time>2024-05-23T18:01:35.000Z</time>
        <extensions>
          <ns3:TrackPointExtension>
            <ns3:hr>183</ns3:hr>
          </ns3:TrackPointExtension>
        </extensions>
      </trkpt>
      <trkpt lat="45.47838379628956317901611328125" lon="-73.57455742545425891876220703125">
        <ele>31.6000003814697265625</ele>
        <time>2024-05-23T18:01:36.000Z</time>
        <extensions>
          <ns3:TrackPointExtension>
            <ns3:hr>183</ns3:hr>
          </ns3:TrackPointExtension>
        </extensions>
      </trkpt>
      <trkpt lat="45.47850013710558414459228515625" lon="-73.574714250862598419189453125">
        <ele>31.200000762939453125</ele>
        <time>2024-05-23T18:01:42.000Z</time>
        <extensions>
          <ns3:TrackPointExtension>
            <ns3:hr>186</ns3:hr>
          </ns3:TrackPointExtension>
        </extensions>
      </trkpt>
      <trkpt lat="45.47855679877102375030517578125" lon="-73.57477669604122638702392578125">
        <ele>31.6000003814697265625</ele>
        <time>2024-05-23T18:01:45.000Z</time>
        <extensions>
          <ns3:TrackPointExtension>
            <ns3:hr>187</ns3:hr>
          </ns3:TrackPointExtension>
        </extensions>
      </trkpt>
      <trkpt lat="45.478657968342304229736328125" lon="-73.5749025084078311920166015625">
        <ele>32.59999847412109375</ele>
        <time>2024-05-23T18:01:51.000Z</time>
        <extensions>
          <ns3:TrackPointExtension>
            <ns3:hr>188</ns3:hr>
          </ns3:TrackPointExtension>
        </extensions>
      </trkpt>
      <trkpt lat="45.47871957533061504364013671875" lon="-73.57498222030699253082275390625">
        <ele>32.59999847412109375</ele>
        <time>2024-05-23T18:01:55.000Z</time>
        <extensions>
          <ns3:TrackPointExtension>
            <ns3:hr>189</ns3:hr>
          </ns3:TrackPointExtension>
        </extensions>
      </trkpt>
      <trkpt lat="45.47881211154162883758544921875" lon="-73.57513661496341228485107421875">
        <ele>32.40000152587890625</ele>
        <time>2024-05-23T18:02:00.000Z</time>
        <extensions>
          <ns3:TrackPointExtension>
            <ns3:hr>189</ns3:hr>
          </ns3:TrackPointExtension>
        </extensions>
      </trkpt>
      <trkpt lat="45.4788802564144134521484375" lon="-73.57532755471765995025634765625">
        <ele>32.40000152587890625</ele>
        <time>2024-05-23T18:02:06.000Z</time>
        <extensions>
          <ns3:TrackPointExtension>
            <ns3:hr>188</ns3:hr>
          </ns3:TrackPointExtension>
        </extensions>
      </trkpt>
      <trkpt lat="45.478929542005062103271484375" lon="-73.575390167534351348876953125">
        <ele>32.40000152587890625</ele>
        <time>2024-05-23T18:02:11.000Z</time>
        <extensions>
          <ns3:TrackPointExtension>
            <ns3:hr>187</ns3:hr>
          </ns3:TrackPointExtension>
        </extensions>
      </trkpt>
      <trkpt lat="45.478929542005062103271484375" lon="-73.575390167534351348876953125">
        <ele>31.799999237060546875</ele>
        <time>2024-05-23T18:02:14.000Z</time>
        <extensions>
          <ns3:TrackPointExtension>
            <ns3:hr>184</ns3:hr>
          </ns3:TrackPointExtension>
        </extensions>
      </trkpt>
      <trkpt lat="45.478929542005062103271484375" lon="-73.575390167534351348876953125">
        <ele>31.6000003814697265625</ele>
        <time>2024-05-23T18:02:19.000Z</time>
        <extensions>
          <ns3:TrackPointExtension>
            <ns3:hr>181</ns3:hr>
          </ns3:TrackPointExtension>
        </extensions>
      </trkpt>
      <trkpt lat="45.478929542005062103271484375" lon="-73.575390167534351348876953125">
        <ele>31.6000003814697265625</ele>
        <time>2024-05-23T18:02:20.000Z</time>
        <extensions>
          <ns3:TrackPointExtension>
            <ns3:hr>181</ns3:hr>
          </ns3:TrackPointExtension>
        </extensions>
      </trkpt>
      <trkpt lat="45.478929542005062103271484375" lon="-73.575390167534351348876953125">
        <ele>31.799999237060546875</ele>
        <time>2024-05-23T18:02:25.000Z</time>
        <extensions>
          <ns3:TrackPointExtension>
            <ns3:hr>178</ns3:hr>
          </ns3:TrackPointExtension>
        </extensions>
      </trkpt>
      <trkpt lat="45.4789300449192523956298828125" lon="-73.57538513839244842529296875">
        <ele>32.200000762939453125</ele>
        <time>2024-05-23T18:02:41.000Z</time>
        <extensions>
          <ns3:TrackPointExtension>
            <ns3:hr>180</ns3:hr>
          </ns3:TrackPointExtension>
        </extensions>
      </trkpt>
      <trkpt lat="45.4789300449192523956298828125" lon="-73.57538513839244842529296875">
        <ele>31.799999237060546875</ele>
        <time>2024-05-23T18:02:49.000Z</time>
        <extensions>
          <ns3:TrackPointExtension>
            <ns3:hr>177</ns3:hr>
          </ns3:TrackPointExtension>
        </extensions>
      </trkpt>
      <trkpt lat="45.4789300449192523956298828125" lon="-73.57538513839244842529296875">
        <ele>31.799999237060546875</ele>
        <time>2024-05-23T18:02:50.000Z</time>
        <extensions>
          <ns3:TrackPointExtension>
            <ns3:hr>177</ns3:hr>
          </ns3:TrackPointExtension>
        </extensions>
      </trkpt>
      <trkpt lat="45.4789300449192523956298828125" lon="-73.57538513839244842529296875">
        <ele>31.3999996185302734375</ele>
        <time>2024-05-23T18:03:01.000Z</time>
        <extensions>
          <ns3:TrackPointExtension>
            <ns3:hr>176</ns3:hr>
          </ns3:TrackPointExtension>
        </extensions>
      </trkpt>
      <trkpt lat="45.47893323004245758056640625" lon="-73.57538237236440181732177734375">
        <ele>31.799999237060546875</ele>
        <time>2024-05-23T18:03:15.000Z</time>
        <extensions>
          <ns3:TrackPointExtension>
            <ns3:hr>175</ns3:hr>
          </ns3:TrackPointExtension>
        </extensions>
      </trkpt>
      <trkpt lat="45.47893323004245758056640625" lon="-73.57538237236440181732177734375">
        <ele>31.799999237060546875</ele>
        <time>2024-05-23T18:03:27.000Z</time>
        <extensions>
          <ns3:TrackPointExtension>
            <ns3:hr>174</ns3:hr>
          </ns3:TrackPointExtension>
        </extensions>
      </trkpt>
      <trkpt lat="45.47893323004245758056640625" lon="-73.57538237236440181732177734375">
        <ele>31.799999237060546875</ele>
        <time>2024-05-23T18:03:37.000Z</time>
        <extensions>
          <ns3:TrackPointExtension>
            <ns3:hr>173</ns3:hr>
          </ns3:TrackPointExtension>
        </extensions>
      </trkpt>
      <trkpt lat="45.47893323004245758056640625" lon="-73.57538237236440181732177734375">
        <ele>31.799999237060546875</ele>
        <time>2024-05-23T18:03:48.000Z</time>
        <extensions>
          <ns3:TrackPointExtension>
            <ns3:hr>171</ns3:hr>
          </ns3:TrackPointExtension>
        </extensions>
      </trkpt>
      <trkpt lat="45.47893323004245758056640625" lon="-73.57538237236440181732177734375">
        <ele>31.799999237060546875</ele>
        <time>2024-05-23T18:03:57.000Z</time>
        <extensions>
          <ns3:TrackPointExtension>
            <ns3:hr>170</ns3:hr>
          </ns3:TrackPointExtension>
        </extensions>
      </trkpt>
      <trkpt lat="45.478924848139286041259765625" lon="-73.5753832943737506866455078125">
        <ele>31.799999237060546875</ele>
        <time>2024-05-23T18:04:06.000Z</time>
        <extensions>
          <ns3:TrackPointExtension>
            <ns3:hr>167</ns3:hr>
          </ns3:TrackPointExtension>
        </extensions>
      </trkpt>
      <trkpt lat="45.478924848139286041259765625" lon="-73.5753832943737506866455078125">
        <ele>31.799999237060546875</ele>
        <time>2024-05-23T18:04:12.000Z</time>
        <extensions>
          <ns3:TrackPointExtension>
            <ns3:hr>164</ns3:hr>
          </ns3:TrackPointExtension>
        </extensions>
      </trkpt>
      <trkpt lat="45.47891202382743358612060546875" lon="-73.5754077695310115814208984375">
        <ele>31.799999237060546875</ele>
        <time>2024-05-23T18:04:15.000Z</time>
        <extensions>
          <ns3:TrackPointExtension>
            <ns3:hr>164</ns3:hr>
          </ns3:TrackPointExtension>
        </extensions>
      </trkpt>
      <trkpt lat="45.4789015464484691619873046875" lon="-73.57551983557641506195068359375">
        <ele>31.6000003814697265625</ele>
        <time>2024-05-23T18:04:23.000Z</time>
        <extensions>
          <ns3:TrackPointExtension>
            <ns3:hr>166</ns3:hr>
          </ns3:TrackPointExtension>
        </extensions>
      </trkpt>
      <trkpt lat="45.4789340682327747344970703125" lon="-73.57556023634970188140869140625">
        <ele>31.6000003814697265625</ele>
        <time>2024-05-23T18:04:29.000Z</time>
        <extensions>
          <ns3:TrackPointExtension>
            <ns3:hr>163</ns3:hr>
          </ns3:TrackPointExtension>
        </extensions>
      </trkpt>
      <trkpt lat="45.478938929736614227294921875" lon="-73.57556275092065334320068359375">
        <ele>31.6000003814697265625</ele>
        <time>2024-05-23T18:04:30.000Z</time>
        <extensions>
          <ns3:TrackPointExtension>
            <ns3:hr>162</ns3:hr>
          </ns3:TrackPointExtension>
        </extensions>
      </trkpt>
      <trkpt lat="45.4789474792778491973876953125" lon="-73.57561019249260425567626953125">
        <ele>31.6000003814697265625</ele>
        <time>2024-05-23T18:04:34.000Z</time>
        <extensions>
          <ns3:TrackPointExtension>
            <ns3:hr>160</ns3:hr>
          </ns3:TrackPointExtension>
        </extensions>
      </trkpt>
      <trkpt lat="45.47894773073494434356689453125" lon="-73.57561388052999973297119140625">
        <ele>31.799999237060546875</ele>
        <time>2024-05-23T18:04:43.000Z</time>
        <extensions>
          <ns3:TrackPointExtension>
            <ns3:hr>160</ns3:hr>
          </ns3:TrackPointExtension>
        </extensions>
      </trkpt>
      <trkpt lat="45.47893951646983623504638671875" lon="-73.57565528713166713714599609375">
        <ele>31.200000762939453125</ele>
        <time>2024-05-23T18:04:50.000Z</time>
        <extensions>
          <ns3:TrackPointExtension>
            <ns3:hr>159</ns3:hr>
          </ns3:TrackPointExtension>
        </extensions>
      </trkpt>
      <trkpt lat="45.47893951646983623504638671875" lon="-73.57565528713166713714599609375">
        <ele>31.799999237060546875</ele>
        <time>2024-05-23T18:04:57.000Z</time>
        <extensions>
          <ns3:TrackPointExtension>
            <ns3:hr>157</ns3:hr>
          </ns3:TrackPointExtension>
        </extensions>
      </trkpt>
      <trkpt lat="45.47893951646983623504638671875" lon="-73.57565528713166713714599609375">
        <ele>31.6000003814697265625</ele>
        <time>2024-05-23T18:05:06.000Z</time>
        <extensions>
          <ns3:TrackPointExtension>
            <ns3:hr>154</ns3:hr>
          </ns3:TrackPointExtension>
        </extensions>
      </trkpt>
      <trkpt lat="45.47893951646983623504638671875" lon="-73.57565528713166713714599609375">
        <ele>31.6000003814697265625</ele>
        <time>2024-05-23T18:05:08.000Z</time>
        <extensions>
          <ns3:TrackPointExtension>
            <ns3:hr>153</ns3:hr>
          </ns3:TrackPointExtension>
        </extensions>
      </trkpt>
      <trkpt lat="45.47893951646983623504638671875" lon="-73.57565528713166713714599609375">
        <ele>31.6000003814697265625</ele>
        <time>2024-05-23T18:05:21.000Z</time>
        <extensions>
          <ns3:TrackPointExtension>
            <ns3:hr>150</ns3:hr>
          </ns3:TrackPointExtension>
        </extensions>
      </trkpt>
      <trkpt lat="45.47893951646983623504638671875" lon="-73.57565528713166713714599609375">
        <ele>32.200000762939453125</ele>
        <time>2024-05-23T18:05:35.000Z</time>
        <extensions>
          <ns3:TrackPointExtension>
            <ns3:hr>148</ns3:hr>
          </ns3:TrackPointExtension>
        </extensions>
      </trkpt>
      <trkpt lat="45.47893951646983623504638671875" lon="-73.57565528713166713714599609375">
        <ele>32.40000152587890625</ele>
        <time>2024-05-23T18:05:48.000Z</time>
        <extensions>
          <ns3:TrackPointExtension>
            <ns3:hr>148</ns3:hr>
          </ns3:TrackPointExtension>
        </extensions>
      </trkpt>
      <trkpt lat="45.47893951646983623504638671875" lon="-73.57565528713166713714599609375">
        <ele>32.40000152587890625</ele>
        <time>2024-05-23T18:05:59.000Z</time>
        <extensions>
          <ns3:TrackPointExtension>
            <ns3:hr>147</ns3:hr>
          </ns3:TrackPointExtension>
        </extensions>
      </trkpt>
      <trkpt lat="45.47893951646983623504638671875" lon="-73.57565528713166713714599609375">
        <ele>32.40000152587890625</ele>
        <time>2024-05-23T18:06:09.000Z</time>
        <extensions>
          <ns3:TrackPointExtension>
            <ns3:hr>145</ns3:hr>
          </ns3:TrackPointExtension>
        </extensions>
      </trkpt>
      <trkpt lat="45.47893951646983623504638671875" lon="-73.57565528713166713714599609375">
        <ele>32.59999847412109375</ele>
        <time>2024-05-23T18:06:11.000Z</time>
        <extensions>
          <ns3:TrackPointExtension>
            <ns3:hr>145</ns3:hr>
          </ns3:TrackPointExtension>
        </extensions>
      </trkpt>
      <trkpt lat="45.47893381677567958831787109375" lon="-73.575655706226825714111328125">
        <ele>33</ele>
        <time>2024-05-23T18:06:22.000Z</time>
        <extensions>
          <ns3:TrackPointExtension>
            <ns3:hr>148</ns3:hr>
          </ns3:TrackPointExtension>
        </extensions>
      </trkpt>
      <trkpt lat="45.4789377562701702117919921875" lon="-73.5756582207977771759033203125">
        <ele>32</ele>
        <time>2024-05-23T18:06:38.000Z</time>
        <extensions>
          <ns3:TrackPointExtension>
            <ns3:hr>147</ns3:hr>
          </ns3:TrackPointExtension>
        </extensions>
      </trkpt>
      <trkpt lat="45.47894119285047054290771484375" lon="-73.5756448097527027130126953125">
        <ele>32.200000762939453125</ele>
        <time>2024-05-23T18:06:43.000Z</time>
        <extensions>
          <ns3:TrackPointExtension>
            <ns3:hr>147</ns3:hr>
          </ns3:TrackPointExtension>
        </extensions>
      </trkpt>
      <trkpt lat="45.4789357446134090423583984375" lon="-73.57565579004585742950439453125">
        <ele>33</ele>
        <time>2024-05-23T18:06:50.000Z</time>
        <extensions>
          <ns3:TrackPointExtension>
            <ns3:hr>147</ns3:hr>
          </ns3:TrackPointExtension>
        </extensions>
      </trkpt>
      <trkpt lat="45.4789357446134090423583984375" lon="-73.57565579004585742950439453125">
        <ele>32.799999237060546875</ele>
        <time>2024-05-23T18:06:59.000Z</time>
        <extensions>
          <ns3:TrackPointExtension>
            <ns3:hr>146</ns3:hr>
          </ns3:TrackPointExtension>
        </extensions>
      </trkpt>
      <trkpt lat="45.4789370857179164886474609375" lon="-73.57566081918776035308837890625">
        <ele>32.799999237060546875</ele>
        <time>2024-05-23T18:07:08.000Z</time>
        <extensions>
          <ns3:TrackPointExtension>
            <ns3:hr>149</ns3:hr>
          </ns3:TrackPointExtension>
        </extensions>
      </trkpt>
      <trkpt lat="45.4789390973746776580810546875" lon="-73.57566433958709239959716796875">
        <ele>32.59999847412109375</ele>
        <time>2024-05-23T18:07:17.000Z</time>
        <extensions>
          <ns3:TrackPointExtension>
            <ns3:hr>146</ns3:hr>
          </ns3:TrackPointExtension>
        </extensions>
      </trkpt>
      <trkpt lat="45.47893784008920192718505859375" lon="-73.575666435062885284423828125">
        <ele>32.59999847412109375</ele>
        <time>2024-05-23T18:07:18.000Z</time>
        <extensions>
          <ns3:TrackPointExtension>
            <ns3:hr>145</ns3:hr>
          </ns3:TrackPointExtension>
        </extensions>
      </trkpt>
      <trkpt lat="45.47893784008920192718505859375" lon="-73.575666435062885284423828125">
        <ele>32.59999847412109375</ele>
        <time>2024-05-23T18:07:29.000Z</time>
        <extensions>
          <ns3:TrackPointExtension>
            <ns3:hr>142</ns3:hr>
          </ns3:TrackPointExtension>
        </extensions>
      </trkpt>
      <trkpt lat="45.47893784008920192718505859375" lon="-73.575666435062885284423828125">
        <ele>32.799999237060546875</ele>
        <time>2024-05-23T18:07:33.000Z</time>
        <extensions>
          <ns3:TrackPointExtension>
            <ns3:hr>141</ns3:hr>
          </ns3:TrackPointExtension>
        </extensions>
      </trkpt>
      <trkpt lat="45.47893784008920192718505859375" lon="-73.575666435062885284423828125">
        <ele>33.40000152587890625</ele>
        <time>2024-05-23T18:07:44.000Z</time>
        <extensions>
          <ns3:TrackPointExtension>
            <ns3:hr>143</ns3:hr>
          </ns3:TrackPointExtension>
        </extensions>
      </trkpt>
      <trkpt lat="45.47893784008920192718505859375" lon="-73.575666435062885284423828125">
        <ele>33</ele>
        <time>2024-05-23T18:07:55.000Z</time>
        <extensions>
          <ns3:TrackPointExtension>
            <ns3:hr>142</ns3:hr>
          </ns3:TrackPointExtension>
        </extensions>
      </trkpt>
      <trkpt lat="45.47893784008920192718505859375" lon="-73.575666435062885284423828125">
        <ele>33</ele>
        <time>2024-05-23T18:08:00.000Z</time>
        <extensions>
          <ns3:TrackPointExtension>
            <ns3:hr>145</ns3:hr>
          </ns3:TrackPointExtension>
        </extensions>
      </trkpt>
      <trkpt lat="45.47893784008920192718505859375" lon="-73.575666435062885284423828125">
        <ele>33</ele>
        <time>2024-05-23T18:08:11.000Z</time>
        <extensions>
          <ns3:TrackPointExtension>
            <ns3:hr>147</ns3:hr>
          </ns3:TrackPointExtension>
        </extensions>
      </trkpt>
      <trkpt lat="45.47893700189888477325439453125" lon="-73.575665764510631561279296875">
        <ele>33</ele>
        <time>2024-05-23T18:08:21.000Z</time>
        <extensions>
          <ns3:TrackPointExtension>
            <ns3:hr>148</ns3:hr>
          </ns3:TrackPointExtension>
        </extensions>
      </trkpt>
      <trkpt lat="45.47893314622342586517333984375" lon="-73.575675487518310546875">
        <ele>33</ele>
        <time>2024-05-23T18:08:28.000Z</time>
        <extensions>
          <ns3:TrackPointExtension>
            <ns3:hr>145</ns3:hr>
          </ns3:TrackPointExtension>
        </extensions>
      </trkpt>
      <trkpt lat="45.4789313860237598419189453125" lon="-73.5756793431937694549560546875">
        <ele>33</ele>
        <time>2024-05-23T18:08:29.000Z</time>
        <extensions>
          <ns3:TrackPointExtension>
            <ns3:hr>145</ns3:hr>
          </ns3:TrackPointExtension>
        </extensions>
      </trkpt>
      <trkpt lat="45.47892794944345951080322265625" lon="-73.57568227685987949371337890625">
        <ele>33</ele>
        <time>2024-05-23T18:08:30.000Z</time>
        <extensions>
          <ns3:TrackPointExtension>
            <ns3:hr>144</ns3:hr>
          </ns3:TrackPointExtension>
        </extensions>
      </trkpt>
      <trkpt lat="45.47892577014863491058349609375" lon="-73.5756830312311649322509765625">
        <ele>33</ele>
        <time>2024-05-23T18:08:33.000Z</time>
        <extensions>
          <ns3:TrackPointExtension>
            <ns3:hr>141</ns3:hr>
          </ns3:TrackPointExtension>
        </extensions>
      </trkpt>
      <trkpt lat="45.47892577014863491058349609375" lon="-73.5756830312311649322509765625">
        <ele>33</ele>
        <time>2024-05-23T18:08:35.000Z</time>
        <extensions>
          <ns3:TrackPointExtension>
            <ns3:hr>139</ns3:hr>
          </ns3:TrackPointExtension>
        </extensions>
      </trkpt>
      <trkpt lat="45.4789340682327747344970703125" lon="-73.57567657716572284698486328125">
        <ele>32.799999237060546875</ele>
        <time>2024-05-23T18:08:40.000Z</time>
        <extensions>
          <ns3:TrackPointExtension>
            <ns3:hr>136</ns3:hr>
          </ns3:TrackPointExtension>
        </extensions>
      </trkpt>
      <trkpt lat="45.47893247567117214202880859375" lon="-73.575681187212467193603515625">
        <ele>32.799999237060546875</ele>
        <time>2024-05-23T18:08:41.000Z</time>
        <extensions>
          <ns3:TrackPointExtension>
            <ns3:hr>137</ns3:hr>
          </ns3:TrackPointExtension>
        </extensions>
      </trkpt>
      <trkpt lat="45.47894136048853397369384765625" lon="-73.57566853053867816925048828125">
        <ele>33</ele>
        <time>2024-05-23T18:08:44.000Z</time>
        <extensions>
          <ns3:TrackPointExtension>
            <ns3:hr>136</ns3:hr>
          </ns3:TrackPointExtension>
        </extensions>
      </trkpt>
      <trkpt lat="45.47893499024212360382080078125" lon="-73.5756699554622173309326171875">
        <ele>33.200000762939453125</ele>
        <time>2024-05-23T18:08:52.000Z</time>
        <extensions>
          <ns3:TrackPointExtension>
            <ns3:hr>136</ns3:hr>
          </ns3:TrackPointExtension>
        </extensions>
      </trkpt>
      <trkpt lat="45.47893499024212360382080078125" lon="-73.5756699554622173309326171875">
        <ele>33.200000762939453125</ele>
        <time>2024-05-23T18:08:55.000Z</time>
        <extensions>
          <ns3:TrackPointExtension>
            <ns3:hr>139</ns3:hr>
          </ns3:TrackPointExtension>
        </extensions>
      </trkpt>
      <trkpt lat="45.4789407737553119659423828125" lon="-73.57567213475704193115234375">
        <ele>33.200000762939453125</ele>
        <time>2024-05-23T18:09:03.000Z</time>
        <extensions>
          <ns3:TrackPointExtension>
            <ns3:hr>137</ns3:hr>
          </ns3:TrackPointExtension>
        </extensions>
      </trkpt>
      <trkpt lat="45.4789634048938751220703125" lon="-73.57566417194902896881103515625">
        <ele>32.799999237060546875</ele>
        <time>2024-05-23T18:09:12.000Z</time>
        <extensions>
          <ns3:TrackPointExtension>
            <ns3:hr>138</ns3:hr>
          </ns3:TrackPointExtension>
        </extensions>
      </trkpt>
      <trkpt lat="45.47896633855998516082763671875" lon="-73.575647659599781036376953125">
        <ele>32.59999847412109375</ele>
        <time>2024-05-23T18:09:23.000Z</time>
        <extensions>
          <ns3:TrackPointExtension>
            <ns3:hr>139</ns3:hr>
          </ns3:TrackPointExtension>
        </extensions>
      </trkpt>
      <trkpt lat="45.47895594500005245208740234375" lon="-73.57563818804919719696044921875">
        <ele>33.59999847412109375</ele>
        <time>2024-05-23T18:09:37.000Z</time>
        <extensions>
          <ns3:TrackPointExtension>
            <ns3:hr>140</ns3:hr>
          </ns3:TrackPointExtension>
        </extensions>
      </trkpt>
      <trkpt lat="45.47895594500005245208740234375" lon="-73.57563818804919719696044921875">
        <ele>33.799999237060546875</ele>
        <time>2024-05-23T18:09:38.000Z</time>
        <extensions>
          <ns3:TrackPointExtension>
            <ns3:hr>140</ns3:hr>
          </ns3:TrackPointExtension>
        </extensions>
      </trkpt>
      <trkpt lat="45.47894035466015338897705078125" lon="-73.57559443451464176177978515625">
        <ele>32.799999237060546875</ele>
        <time>2024-05-23T18:09:48.000Z</time>
        <extensions>
          <ns3:TrackPointExtension>
            <ns3:hr>142</ns3:hr>
          </ns3:TrackPointExtension>
        </extensions>
      </trkpt>
      <trkpt lat="45.47894035466015338897705078125" lon="-73.57558538205921649932861328125">
        <ele>32.799999237060546875</ele>
        <time>2024-05-23T18:09:56.000Z</time>
        <extensions>
          <ns3:TrackPointExtension>
            <ns3:hr>139</ns3:hr>
          </ns3:TrackPointExtension>
        </extensions>
      </trkpt>
      <trkpt lat="45.4789253510534763336181640625" lon="-73.57555855996906757354736328125">
        <ele>32.799999237060546875</ele>
        <time>2024-05-23T18:09:59.000Z</time>
        <extensions>
          <ns3:TrackPointExtension>
            <ns3:hr>141</ns3:hr>
          </ns3:TrackPointExtension>
        </extensions>
      </trkpt>
      <trkpt lat="45.47891487367451190948486328125" lon="-73.5755422152578830718994140625">
        <ele>32.799999237060546875</ele>
        <time>2024-05-23T18:10:00.000Z</time>
        <extensions>
          <ns3:TrackPointExtension>
            <ns3:hr>143</ns3:hr>
          </ns3:TrackPointExtension>
        </extensions>
      </trkpt>
      <trkpt lat="45.4788485728204250335693359375" lon="-73.5754801891744136810302734375">
        <ele>32.59999847412109375</ele>
        <time>2024-05-23T18:10:05.000Z</time>
        <extensions>
          <ns3:TrackPointExtension>
            <ns3:hr>144</ns3:hr>
          </ns3:TrackPointExtension>
        </extensions>
      </trkpt>
      <trkpt lat="45.47881412319839000701904296875" lon="-73.5754644311964511871337890625">
        <ele>32.799999237060546875</ele>
        <time>2024-05-23T18:10:09.000Z</time>
        <extensions>
          <ns3:TrackPointExtension>
            <ns3:hr>142</ns3:hr>
          </ns3:TrackPointExtension>
        </extensions>
      </trkpt>
      <trkpt lat="45.47878746874630451202392578125" lon="-73.57544942758977413177490234375">
        <ele>33</ele>
        <time>2024-05-23T18:10:11.000Z</time>
        <extensions>
          <ns3:TrackPointExtension>
            <ns3:hr>141</ns3:hr>
          </ns3:TrackPointExtension>
        </extensions>
      </trkpt>
      <trkpt lat="45.4787728004157543182373046875" lon="-73.57543853111565113067626953125">
        <ele>33.40000152587890625</ele>
        <time>2024-05-23T18:10:20.000Z</time>
        <extensions>
          <ns3:TrackPointExtension>
            <ns3:hr>141</ns3:hr>
          </ns3:TrackPointExtension>
        </extensions>
      </trkpt>
      <trkpt lat="45.4787728004157543182373046875" lon="-73.57543853111565113067626953125">
        <ele>33.200000762939453125</ele>
        <time>2024-05-23T18:10:28.000Z</time>
        <extensions>
          <ns3:TrackPointExtension>
            <ns3:hr>141</ns3:hr>
          </ns3:TrackPointExtension>
        </extensions>
      </trkpt>
      <trkpt lat="45.4787728004157543182373046875" lon="-73.57543853111565113067626953125">
        <ele>32.59999847412109375</ele>
        <time>2024-05-23T18:10:41.000Z</time>
        <extensions>
          <ns3:TrackPointExtension>
            <ns3:hr>139</ns3:hr>
          </ns3:TrackPointExtension>
        </extensions>
      </trkpt>
      <trkpt lat="45.47877288423478603363037109375" lon="-73.57544305734336376190185546875">
        <ele>32.40000152587890625</ele>
        <time>2024-05-23T18:10:50.000Z</time>
        <extensions>
          <ns3:TrackPointExtension>
            <ns3:hr>137</ns3:hr>
          </ns3:TrackPointExtension>
        </extensions>
      </trkpt>
      <trkpt lat="45.4787783324718475341796875" lon="-73.57543232850730419158935546875">
        <ele>32.799999237060546875</ele>
        <time>2024-05-23T18:11:01.000Z</time>
        <extensions>
          <ns3:TrackPointExtension>
            <ns3:hr>140</ns3:hr>
          </ns3:TrackPointExtension>
        </extensions>
      </trkpt>
      <trkpt lat="45.4787783324718475341796875" lon="-73.57543232850730419158935546875">
        <ele>32.799999237060546875</ele>
        <time>2024-05-23T18:11:02.000Z</time>
        <extensions>
          <ns3:TrackPointExtension>
            <ns3:hr>140</ns3:hr>
          </ns3:TrackPointExtension>
        </extensions>
      </trkpt>
      <trkpt lat="45.4787835292518138885498046875" lon="-73.5754315741360187530517578125">
        <ele>33</ele>
        <time>2024-05-23T18:11:09.000Z</time>
        <extensions>
          <ns3:TrackPointExtension>
            <ns3:hr>139</ns3:hr>
          </ns3:TrackPointExtension>
        </extensions>
      </trkpt>
      <trkpt lat="45.4787808470427989959716796875" lon="-73.5754241980612277984619140625">
        <ele>33.200000762939453125</ele>
        <time>2024-05-23T18:11:32.000Z</time>
        <extensions>
          <ns3:TrackPointExtension>
            <ns3:hr>140</ns3:hr>
          </ns3:TrackPointExtension>
        </extensions>
      </trkpt>
      <trkpt lat="45.47878076322376728057861328125" lon="-73.57541522942483425140380859375">
        <ele>33.200000762939453125</ele>
        <time>2024-05-23T18:11:35.000Z</time>
        <extensions>
          <ns3:TrackPointExtension>
            <ns3:hr>136</ns3:hr>
          </ns3:TrackPointExtension>
        </extensions>
      </trkpt>
      <trkpt lat="45.47878076322376728057861328125" lon="-73.57539410702884197235107421875">
        <ele>33</ele>
        <time>2024-05-23T18:11:38.000Z</time>
        <extensions>
          <ns3:TrackPointExtension>
            <ns3:hr>134</ns3:hr>
          </ns3:TrackPointExtension>
        </extensions>
      </trkpt>
      <trkpt lat="45.47878076322376728057861328125" lon="-73.5753886587917804718017578125">
        <ele>32.59999847412109375</ele>
        <time>2024-05-23T18:11:44.000Z</time>
        <extensions>
          <ns3:TrackPointExtension>
            <ns3:hr>131</ns3:hr>
          </ns3:TrackPointExtension>
        </extensions>
      </trkpt>
      <trkpt lat="45.47878076322376728057861328125" lon="-73.5753886587917804718017578125">
        <ele>32.59999847412109375</ele>
        <time>2024-05-23T18:11:45.000Z</time>
        <extensions>
          <ns3:TrackPointExtension>
            <ns3:hr>131</ns3:hr>
          </ns3:TrackPointExtension>
        </extensions>
      </trkpt>
      <trkpt lat="45.4787815175950527191162109375" lon="-73.57538874261081218719482421875">
        <ele>32.799999237060546875</ele>
        <time>2024-05-23T18:11:54.000Z</time>
        <extensions>
          <ns3:TrackPointExtension>
            <ns3:hr>134</ns3:hr>
          </ns3:TrackPointExtension>
        </extensions>
      </trkpt>
      <trkpt lat="45.4787815175950527191162109375" lon="-73.57538874261081218719482421875">
        <ele>32.799999237060546875</ele>
        <time>2024-05-23T18:11:55.000Z</time>
        <extensions>
          <ns3:TrackPointExtension>
            <ns3:hr>134</ns3:hr>
          </ns3:TrackPointExtension>
        </extensions>
      </trkpt>
      <trkpt lat="45.4787815175950527191162109375" lon="-73.57538874261081218719482421875">
        <ele>32.799999237060546875</ele>
        <time>2024-05-23T18:12:04.000Z</time>
        <extensions>
          <ns3:TrackPointExtension>
            <ns3:hr>131</ns3:hr>
          </ns3:TrackPointExtension>
        </extensions>
      </trkpt>
      <trkpt lat="45.4787810146808624267578125" lon="-73.57539511285722255706787109375">
        <ele>32.799999237060546875</ele>
        <time>2024-05-23T18:12:07.000Z</time>
        <extensions>
          <ns3:TrackPointExtension>
            <ns3:hr>128</ns3:hr>
          </ns3:TrackPointExtension>
        </extensions>
      </trkpt>
      <trkpt lat="45.4787810146808624267578125" lon="-73.57539511285722255706787109375">
        <ele>32.799999237060546875</ele>
        <time>2024-05-23T18:12:10.000Z</time>
        <extensions>
          <ns3:TrackPointExtension>
            <ns3:hr>125</ns3:hr>
          </ns3:TrackPointExtension>
        </extensions>
      </trkpt>
      <trkpt lat="45.4787863790988922119140625" lon="-73.5753859765827655792236328125">
        <ele>32.40000152587890625</ele>
        <time>2024-05-23T18:12:17.000Z</time>
        <extensions>
          <ns3:TrackPointExtension>
            <ns3:hr>125</ns3:hr>
          </ns3:TrackPointExtension>
        </extensions>
      </trkpt>
      <trkpt lat="45.4787863790988922119140625" lon="-73.5753859765827655792236328125">
        <ele>32</ele>
        <time>2024-05-23T18:12:24.000Z</time>
        <extensions>
          <ns3:TrackPointExtension>
            <ns3:hr>128</ns3:hr>
          </ns3:TrackPointExtension>
        </extensions>
      </trkpt>
      <trkpt lat="45.4787863790988922119140625" lon="-73.5753859765827655792236328125">
        <ele>32</ele>
        <time>2024-05-23T18:12:25.000Z</time>
        <extensions>
          <ns3:TrackPointExtension>
            <ns3:hr>127</ns3:hr>
          </ns3:TrackPointExtension>
        </extensions>
      </trkpt>
      <trkpt lat="45.4787919111549854278564453125" lon="-73.5753172449767589569091796875">
        <ele>32.200000762939453125</ele>
        <time>2024-05-23T18:12:31.000Z</time>
        <extensions>
          <ns3:TrackPointExtension>
            <ns3:hr>124</ns3:hr>
          </ns3:TrackPointExtension>
        </extensions>
      </trkpt>
      <trkpt lat="45.47878596000373363494873046875" lon="-73.57532721944153308868408203125">
        <ele>32.40000152587890625</ele>
        <time>2024-05-23T18:12:32.000Z</time>
        <extensions>
          <ns3:TrackPointExtension>
            <ns3:hr>124</ns3:hr>
          </ns3:TrackPointExtension>
        </extensions>
      </trkpt>
      <trkpt lat="45.47877003438770771026611328125" lon="-73.575329817831516265869140625">
        <ele>32.40000152587890625</ele>
        <time>2024-05-23T18:12:36.000Z</time>
        <extensions>
          <ns3:TrackPointExtension>
            <ns3:hr>127</ns3:hr>
          </ns3:TrackPointExtension>
        </extensions>
      </trkpt>
      <trkpt lat="45.478781349956989288330078125" lon="-73.5753658600151538848876953125">
        <ele>32.40000152587890625</ele>
        <time>2024-05-23T18:12:41.000Z</time>
        <extensions>
          <ns3:TrackPointExtension>
            <ns3:hr>128</ns3:hr>
          </ns3:TrackPointExtension>
        </extensions>
      </trkpt>
      <trkpt lat="45.4788076691329479217529296875" lon="-73.5753977112472057342529296875">
        <ele>32.40000152587890625</ele>
        <time>2024-05-23T18:12:48.000Z</time>
        <extensions>
          <ns3:TrackPointExtension>
            <ns3:hr>130</ns3:hr>
          </ns3:TrackPointExtension>
        </extensions>
      </trkpt>
      <trkpt lat="45.4788076691329479217529296875" lon="-73.5753977112472057342529296875">
        <ele>32.40000152587890625</ele>
        <time>2024-05-23T18:12:51.000Z</time>
        <extensions>
          <ns3:TrackPointExtension>
            <ns3:hr>128</ns3:hr>
          </ns3:TrackPointExtension>
        </extensions>
      </trkpt>
      <trkpt lat="45.47880138270556926727294921875" lon="-73.57538136653602123260498046875">
        <ele>32.200000762939453125</ele>
        <time>2024-05-23T18:13:00.000Z</time>
        <extensions>
          <ns3:TrackPointExtension>
            <ns3:hr>129</ns3:hr>
          </ns3:TrackPointExtension>
        </extensions>
      </trkpt>
      <trkpt lat="45.47873885370790958404541015625" lon="-73.575388155877590179443359375">
        <ele>32.40000152587890625</ele>
        <time>2024-05-23T18:13:10.000Z</time>
        <extensions>
          <ns3:TrackPointExtension>
            <ns3:hr>127</ns3:hr>
          </ns3:TrackPointExtension>
        </extensions>
      </trkpt>
      <trkpt lat="45.4787342436611652374267578125" lon="-73.57538203708827495574951171875">
        <ele>32.40000152587890625</ele>
        <time>2024-05-23T18:13:11.000Z</time>
        <extensions>
          <ns3:TrackPointExtension>
            <ns3:hr>127</ns3:hr>
          </ns3:TrackPointExtension>
        </extensions>
      </trkpt>
      <trkpt lat="45.47873348928987979888916015625" lon="-73.5753869824111461639404296875">
        <ele>32.40000152587890625</ele>
        <time>2024-05-23T18:13:14.000Z</time>
        <extensions>
          <ns3:TrackPointExtension>
            <ns3:hr>130</ns3:hr>
          </ns3:TrackPointExtension>
        </extensions>
      </trkpt>
      <trkpt lat="45.47873348928987979888916015625" lon="-73.5753869824111461639404296875">
        <ele>32.59999847412109375</ele>
        <time>2024-05-23T18:13:16.000Z</time>
        <extensions>
          <ns3:TrackPointExtension>
            <ns3:hr>131</ns3:hr>
          </ns3:TrackPointExtension>
        </extensions>
      </trkpt>
      <trkpt lat="45.47873348928987979888916015625" lon="-73.5753869824111461639404296875">
        <ele>33.40000152587890625</ele>
        <time>2024-05-23T18:13:23.000Z</time>
        <extensions>
          <ns3:TrackPointExtension>
            <ns3:hr>132</ns3:hr>
          </ns3:TrackPointExtension>
        </extensions>
      </trkpt>
      <trkpt lat="45.47873348928987979888916015625" lon="-73.5753869824111461639404296875">
        <ele>33.40000152587890625</ele>
        <time>2024-05-23T18:13:28.000Z</time>
        <extensions>
          <ns3:TrackPointExtension>
            <ns3:hr>129</ns3:hr>
          </ns3:TrackPointExtension>
        </extensions>
      </trkpt>
      <trkpt lat="45.47873348928987979888916015625" lon="-73.5753869824111461639404296875">
        <ele>33.40000152587890625</ele>
        <time>2024-05-23T18:13:30.000Z</time>
        <extensions>
          <ns3:TrackPointExtension>
            <ns3:hr>126</ns3:hr>
          </ns3:TrackPointExtension>
        </extensions>
      </trkpt>
      <trkpt lat="45.47873348928987979888916015625" lon="-73.5753869824111461639404296875">
        <ele>33.40000152587890625</ele>
        <time>2024-05-23T18:13:35.000Z</time>
        <extensions>
          <ns3:TrackPointExtension>
            <ns3:hr>123</ns3:hr>
          </ns3:TrackPointExtension>
        </extensions>
      </trkpt>
      <trkpt lat="45.47873348928987979888916015625" lon="-73.5753869824111461639404296875">
        <ele>33.40000152587890625</ele>
        <time>2024-05-23T18:13:36.000Z</time>
        <extensions>
          <ns3:TrackPointExtension>
            <ns3:hr>123</ns3:hr>
          </ns3:TrackPointExtension>
        </extensions>
      </trkpt>
      <trkpt lat="45.47873348928987979888916015625" lon="-73.5753869824111461639404296875">
        <ele>33.40000152587890625</ele>
        <time>2024-05-23T18:13:47.000Z</time>
        <extensions>
          <ns3:TrackPointExtension>
            <ns3:hr>120</ns3:hr>
          </ns3:TrackPointExtension>
        </extensions>
      </trkpt>
      <trkpt lat="45.47873348928987979888916015625" lon="-73.5753869824111461639404296875">
        <ele>33.40000152587890625</ele>
        <time>2024-05-23T18:13:58.000Z</time>
        <extensions>
          <ns3:TrackPointExtension>
            <ns3:hr>123</ns3:hr>
          </ns3:TrackPointExtension>
        </extensions>
      </trkpt>
      <trkpt lat="45.47873348928987979888916015625" lon="-73.5753869824111461639404296875">
        <ele>33.40000152587890625</ele>
        <time>2024-05-23T18:14:01.000Z</time>
        <extensions>
          <ns3:TrackPointExtension>
            <ns3:hr>122</ns3:hr>
          </ns3:TrackPointExtension>
        </extensions>
      </trkpt>
      <trkpt lat="45.47873348928987979888916015625" lon="-73.5753869824111461639404296875">
        <ele>33.40000152587890625</ele>
        <time>2024-05-23T18:14:14.000Z</time>
        <extensions>
          <ns3:TrackPointExtension>
            <ns3:hr>121</ns3:hr>
          </ns3:TrackPointExtension>
        </extensions>
      </trkpt>
      <trkpt lat="45.47873348928987979888916015625" lon="-73.5753869824111461639404296875">
        <ele>33.40000152587890625</ele>
        <time>2024-05-23T18:14:21.000Z</time>
        <extensions>
          <ns3:TrackPointExtension>
            <ns3:hr>118</ns3:hr>
          </ns3:TrackPointExtension>
        </extensions>
      </trkpt>
      <trkpt lat="45.47873348928987979888916015625" lon="-73.5753869824111461639404296875">
        <ele>33.40000152587890625</ele>
        <time>2024-05-23T18:14:29.000Z</time>
        <extensions>
          <ns3:TrackPointExtension>
            <ns3:hr>116</ns3:hr>
          </ns3:TrackPointExtension>
        </extensions>
      </trkpt>
      <trkpt lat="45.47874145209789276123046875" lon="-73.5753829590976238250732421875">
        <ele>33.40000152587890625</ele>
        <time>2024-05-23T18:14:39.000Z</time>
        <extensions>
          <ns3:TrackPointExtension>
            <ns3:hr>115</ns3:hr>
          </ns3:TrackPointExtension>
        </extensions>
      </trkpt>
      <trkpt lat="45.47874145209789276123046875" lon="-73.5753829590976238250732421875">
        <ele>33.40000152587890625</ele>
        <time>2024-05-23T18:14:44.000Z</time>
        <extensions>
          <ns3:TrackPointExtension>
            <ns3:hr>119</ns3:hr>
          </ns3:TrackPointExtension>
        </extensions>
      </trkpt>
      <trkpt lat="45.47874145209789276123046875" lon="-73.5753829590976238250732421875">
        <ele>33.40000152587890625</ele>
        <time>2024-05-23T18:14:47.000Z</time>
        <extensions>
          <ns3:TrackPointExtension>
            <ns3:hr>122</ns3:hr>
          </ns3:TrackPointExtension>
        </extensions>
      </trkpt>
      <trkpt lat="45.4787456430494785308837890625" lon="-73.5753936879336833953857421875">
        <ele>33.40000152587890625</ele>
        <time>2024-05-23T18:14:50.000Z</time>
        <extensions>
          <ns3:TrackPointExtension>
            <ns3:hr>125</ns3:hr>
          </ns3:TrackPointExtension>
        </extensions>
      </trkpt>
      <trkpt lat="45.4787456430494785308837890625" lon="-73.5753936879336833953857421875">
        <ele>33.40000152587890625</ele>
        <time>2024-05-23T18:14:51.000Z</time>
        <extensions>
          <ns3:TrackPointExtension>
            <ns3:hr>125</ns3:hr>
          </ns3:TrackPointExtension>
        </extensions>
      </trkpt>
      <trkpt lat="45.4787456430494785308837890625" lon="-73.5753936879336833953857421875">
        <ele>33.40000152587890625</ele>
        <time>2024-05-23T18:15:00.000Z</time>
        <extensions>
          <ns3:TrackPointExtension>
            <ns3:hr>122</ns3:hr>
          </ns3:TrackPointExtension>
        </extensions>
      </trkpt>
      <trkpt lat="45.4787456430494785308837890625" lon="-73.5753936879336833953857421875">
        <ele>33.40000152587890625</ele>
        <time>2024-05-23T18:15:02.000Z</time>
        <extensions>
          <ns3:TrackPointExtension>
            <ns3:hr>121</ns3:hr>
          </ns3:TrackPointExtension>
        </extensions>
      </trkpt>
      <trkpt lat="45.47874438576400279998779296875" lon="-73.57539058662950992584228515625">
        <ele>33.40000152587890625</ele>
        <time>2024-05-23T18:15:17.000Z</time>
        <extensions>
          <ns3:TrackPointExtension>
            <ns3:hr>119</ns3:hr>
          </ns3:TrackPointExtension>
        </extensions>
      </trkpt>
      <trkpt lat="45.47874438576400279998779296875" lon="-73.57539058662950992584228515625">
        <ele>33.40000152587890625</ele>
        <time>2024-05-23T18:15:28.000Z</time>
        <extensions>
          <ns3:TrackPointExtension>
            <ns3:hr>116</ns3:hr>
          </ns3:TrackPointExtension>
        </extensions>
      </trkpt>
      <trkpt lat="45.47874438576400279998779296875" lon="-73.57539058662950992584228515625">
        <ele>33.40000152587890625</ele>
        <time>2024-05-23T18:15:29.000Z</time>
        <extensions>
          <ns3:TrackPointExtension>
            <ns3:hr>114</ns3:hr>
          </ns3:TrackPointExtension>
        </extensions>
      </trkpt>
      <trkpt lat="45.47875913791358470916748046875" lon="-73.575393855571746826171875">
        <ele>33.40000152587890625</ele>
        <time>2024-05-23T18:15:40.000Z</time>
        <extensions>
          <ns3:TrackPointExtension>
            <ns3:hr>118</ns3:hr>
          </ns3:TrackPointExtension>
        </extensions>
      </trkpt>
      <trkpt lat="45.47875913791358470916748046875" lon="-73.575393855571746826171875">
        <ele>33.40000152587890625</ele>
        <time>2024-05-23T18:15:43.000Z</time>
        <extensions>
          <ns3:TrackPointExtension>
            <ns3:hr>121</ns3:hr>
          </ns3:TrackPointExtension>
        </extensions>
      </trkpt>
      <trkpt lat="45.47875913791358470916748046875" lon="-73.575393855571746826171875">
        <ele>33.40000152587890625</ele>
        <time>2024-05-23T18:15:45.000Z</time>
        <extensions>
          <ns3:TrackPointExtension>
            <ns3:hr>122</ns3:hr>
          </ns3:TrackPointExtension>
        </extensions>
      </trkpt>
      <trkpt lat="45.47875913791358470916748046875" lon="-73.575393855571746826171875">
        <ele>33.40000152587890625</ele>
        <time>2024-05-23T18:15:55.000Z</time>
        <extensions>
          <ns3:TrackPointExtension>
            <ns3:hr>123</ns3:hr>
          </ns3:TrackPointExtension>
        </extensions>
      </trkpt>
      <trkpt lat="45.47875913791358470916748046875" lon="-73.575393855571746826171875">
        <ele>33.40000152587890625</ele>
        <time>2024-05-23T18:16:09.000Z</time>
        <extensions>
          <ns3:TrackPointExtension>
            <ns3:hr>126</ns3:hr>
          </ns3:TrackPointExtension>
        </extensions>
      </trkpt>
      <trkpt lat="45.47875913791358470916748046875" lon="-73.575393855571746826171875">
        <ele>33.40000152587890625</ele>
        <time>2024-05-23T18:16:13.000Z</time>
        <extensions>
          <ns3:TrackPointExtension>
            <ns3:hr>128</ns3:hr>
          </ns3:TrackPointExtension>
        </extensions>
      </trkpt>
      <trkpt lat="45.47875913791358470916748046875" lon="-73.575393855571746826171875">
        <ele>33.40000152587890625</ele>
        <time>2024-05-23T18:16:24.000Z</time>
        <extensions>
          <ns3:TrackPointExtension>
            <ns3:hr>125</ns3:hr>
          </ns3:TrackPointExtension>
        </extensions>
      </trkpt>
      <trkpt lat="45.47875913791358470916748046875" lon="-73.575393855571746826171875">
        <ele>33.40000152587890625</ele>
        <time>2024-05-23T18:16:35.000Z</time>
        <extensions>
          <ns3:TrackPointExtension>
            <ns3:hr>123</ns3:hr>
          </ns3:TrackPointExtension>
        </extensions>
      </trkpt>
      <trkpt lat="45.47875913791358470916748046875" lon="-73.575393855571746826171875">
        <ele>33.40000152587890625</ele>
        <time>2024-05-23T18:16:38.000Z</time>
        <extensions>
          <ns3:TrackPointExtension>
            <ns3:hr>119</ns3:hr>
          </ns3:TrackPointExtension>
        </extensions>
      </trkpt>
      <trkpt lat="45.47875913791358470916748046875" lon="-73.575393855571746826171875">
        <ele>33.40000152587890625</ele>
        <time>2024-05-23T18:16:48.000Z</time>
        <extensions>
          <ns3:TrackPointExtension>
            <ns3:hr>120</ns3:hr>
          </ns3:TrackPointExtension>
        </extensions>
      </trkpt>
      <trkpt lat="45.47875913791358470916748046875" lon="-73.575393855571746826171875">
        <ele>33.40000152587890625</ele>
        <time>2024-05-23T18:17:00.000Z</time>
        <extensions>
          <ns3:TrackPointExtension>
            <ns3:hr>116</ns3:hr>
          </ns3:TrackPointExtension>
        </extensions>
      </trkpt>
      <trkpt lat="45.47875913791358470916748046875" lon="-73.575393855571746826171875">
        <ele>33.40000152587890625</ele>
        <time>2024-05-23T18:17:03.000Z</time>
        <extensions>
          <ns3:TrackPointExtension>
            <ns3:hr>120</ns3:hr>
          </ns3:TrackPointExtension>
        </extensions>
      </trkpt>
      <trkpt lat="45.47875913791358470916748046875" lon="-73.575393855571746826171875">
        <ele>33.40000152587890625</ele>
        <time>2024-05-23T18:17:05.000Z</time>
        <extensions>
          <ns3:TrackPointExtension>
            <ns3:hr>121</ns3:hr>
          </ns3:TrackPointExtension>
        </extensions>
      </trkpt>
      <trkpt lat="45.47875913791358470916748046875" lon="-73.575393855571746826171875">
        <ele>33.40000152587890625</ele>
        <time>2024-05-23T18:17:08.000Z</time>
        <extensions>
          <ns3:TrackPointExtension>
            <ns3:hr>118</ns3:hr>
          </ns3:TrackPointExtension>
        </extensions>
      </trkpt>
      <trkpt lat="45.4787620715796947479248046875" lon="-73.575392849743366241455078125">
        <ele>33.40000152587890625</ele>
        <time>2024-05-23T18:17:15.000Z</time>
        <extensions>
          <ns3:TrackPointExtension>
            <ns3:hr>116</ns3:hr>
          </ns3:TrackPointExtension>
        </extensions>
      </trkpt>
      <trkpt lat="45.4787620715796947479248046875" lon="-73.575392849743366241455078125">
        <ele>33.40000152587890625</ele>
        <time>2024-05-23T18:17:27.000Z</time>
        <extensions>
          <ns3:TrackPointExtension>
            <ns3:hr>114</ns3:hr>
          </ns3:TrackPointExtension>
        </extensions>
      </trkpt>
      <trkpt lat="45.4787620715796947479248046875" lon="-73.575392849743366241455078125">
        <ele>33.40000152587890625</ele>
        <time>2024-05-23T18:17:33.000Z</time>
        <extensions>
          <ns3:TrackPointExtension>
            <ns3:hr>110</ns3:hr>
          </ns3:TrackPointExtension>
        </extensions>
      </trkpt>
      <trkpt lat="45.4787620715796947479248046875" lon="-73.575392849743366241455078125">
        <ele>33.40000152587890625</ele>
        <time>2024-05-23T18:17:42.000Z</time>
        <extensions>
          <ns3:TrackPointExtension>
            <ns3:hr>107</ns3:hr>
          </ns3:TrackPointExtension>
        </extensions>
      </trkpt>
      <trkpt lat="45.4787620715796947479248046875" lon="-73.575392849743366241455078125">
        <ele>33.40000152587890625</ele>
        <time>2024-05-23T18:17:48.000Z</time>
        <extensions>
          <ns3:TrackPointExtension>
            <ns3:hr>110</ns3:hr>
          </ns3:TrackPointExtension>
        </extensions>
      </trkpt>
      <trkpt lat="45.4787620715796947479248046875" lon="-73.575392849743366241455078125">
        <ele>33.40000152587890625</ele>
        <time>2024-05-23T18:17:50.000Z</time>
        <extensions>
          <ns3:TrackPointExtension>
            <ns3:hr>107</ns3:hr>
          </ns3:TrackPointExtension>
        </extensions>
      </trkpt>
      <trkpt lat="45.4787620715796947479248046875" lon="-73.575392849743366241455078125">
        <ele>33.40000152587890625</ele>
        <time>2024-05-23T18:18:02.000Z</time>
        <extensions>
          <ns3:TrackPointExtension>
            <ns3:hr>105</ns3:hr>
          </ns3:TrackPointExtension>
        </extensions>
      </trkpt>
      <trkpt lat="45.4787620715796947479248046875" lon="-73.575392849743366241455078125">
        <ele>33.40000152587890625</ele>
        <time>2024-05-23T18:18:06.000Z</time>
        <extensions>
          <ns3:TrackPointExtension>
            <ns3:hr>108</ns3:hr>
          </ns3:TrackPointExtension>
        </extensions>
      </trkpt>
      <trkpt lat="45.4787620715796947479248046875" lon="-73.575392849743366241455078125">
        <ele>33.40000152587890625</ele>
        <time>2024-05-23T18:18:10.000Z</time>
        <extensions>
          <ns3:TrackPointExtension>
            <ns3:hr>111</ns3:hr>
          </ns3:TrackPointExtension>
        </extensions>
      </trkpt>
      <trkpt lat="45.4787620715796947479248046875" lon="-73.575392849743366241455078125">
        <ele>33.40000152587890625</ele>
        <time>2024-05-23T18:18:14.000Z</time>
        <extensions>
          <ns3:TrackPointExtension>
            <ns3:hr>112</ns3:hr>
          </ns3:TrackPointExtension>
        </extensions>
      </trkpt>
      <trkpt lat="45.4787620715796947479248046875" lon="-73.575392849743366241455078125">
        <ele>33.40000152587890625</ele>
        <time>2024-05-23T18:18:23.000Z</time>
        <extensions>
          <ns3:TrackPointExtension>
            <ns3:hr>112</ns3:hr>
          </ns3:TrackPointExtension>
        </extensions>
      </trkpt>
      <trkpt lat="45.4787620715796947479248046875" lon="-73.57539243064820766448974609375">
        <ele>33.40000152587890625</ele>
        <time>2024-05-23T18:18:29.000Z</time>
        <extensions>
          <ns3:TrackPointExtension>
            <ns3:hr>112</ns3:hr>
          </ns3:TrackPointExtension>
        </extensions>
      </trkpt>
      <trkpt lat="45.47876332886517047882080078125" lon="-73.5754044167697429656982421875">
        <ele>33.40000152587890625</ele>
        <time>2024-05-23T18:18:34.000Z</time>
        <extensions>
          <ns3:TrackPointExtension>
            <ns3:hr>114</ns3:hr>
          </ns3:TrackPointExtension>
        </extensions>
      </trkpt>
      <trkpt lat="45.4787637479603290557861328125" lon="-73.575405590236186981201171875">
        <ele>33.40000152587890625</ele>
        <time>2024-05-23T18:18:36.000Z</time>
        <extensions>
          <ns3:TrackPointExtension>
            <ns3:hr>111</ns3:hr>
          </ns3:TrackPointExtension>
        </extensions>
      </trkpt>
      <trkpt lat="45.47876550815999507904052734375" lon="-73.57542076148092746734619140625">
        <ele>33.40000152587890625</ele>
        <time>2024-05-23T18:18:39.000Z</time>
        <extensions>
          <ns3:TrackPointExtension>
            <ns3:hr>110</ns3:hr>
          </ns3:TrackPointExtension>
        </extensions>
      </trkpt>
      <trkpt lat="45.47877673991024494171142578125" lon="-73.57542579062283039093017578125">
        <ele>33.40000152587890625</ele>
        <time>2024-05-23T18:18:41.000Z</time>
        <extensions>
          <ns3:TrackPointExtension>
            <ns3:hr>110</ns3:hr>
          </ns3:TrackPointExtension>
        </extensions>
      </trkpt>
      <trkpt lat="45.47877590171992778778076171875" lon="-73.57541858218610286712646484375">
        <ele>32.799999237060546875</ele>
        <time>2024-05-23T18:18:44.000Z</time>
        <extensions>
          <ns3:TrackPointExtension>
            <ns3:hr>111</ns3:hr>
          </ns3:TrackPointExtension>
        </extensions>
      </trkpt>
      <trkpt lat="45.47877590171992778778076171875" lon="-73.57541858218610286712646484375">
        <ele>32.799999237060546875</ele>
        <time>2024-05-23T18:18:45.000Z</time>
        <extensions>
          <ns3:TrackPointExtension>
            <ns3:hr>108</ns3:hr>
          </ns3:TrackPointExtension>
        </extensions>
      </trkpt>
      <trkpt lat="45.47877590171992778778076171875" lon="-73.57541858218610286712646484375">
        <ele>33</ele>
        <time>2024-05-23T18:18:47.000Z</time>
        <extensions>
          <ns3:TrackPointExtension>
            <ns3:hr>111</ns3:hr>
          </ns3:TrackPointExtension>
        </extensions>
      </trkpt>
      <trkpt lat="45.47877590171992778778076171875" lon="-73.57541858218610286712646484375">
        <ele>33.59999847412109375</ele>
        <time>2024-05-23T18:18:52.000Z</time>
        <extensions>
          <ns3:TrackPointExtension>
            <ns3:hr>111</ns3:hr>
          </ns3:TrackPointExtension>
        </extensions>
      </trkpt>
      <trkpt lat="45.47877590171992778778076171875" lon="-73.57541858218610286712646484375">
        <ele>33.59999847412109375</ele>
        <time>2024-05-23T18:18:57.000Z</time>
        <extensions>
          <ns3:TrackPointExtension>
            <ns3:hr>111</ns3:hr>
          </ns3:TrackPointExtension>
        </extensions>
      </trkpt>
      <trkpt lat="45.47877238132059574127197265625" lon="-73.57541824690997600555419921875">
        <ele>34</ele>
        <time>2024-05-23T18:19:07.000Z</time>
        <extensions>
          <ns3:TrackPointExtension>
            <ns3:hr>111</ns3:hr>
          </ns3:TrackPointExtension>
        </extensions>
      </trkpt>
      <trkpt lat="45.47877238132059574127197265625" lon="-73.57541824690997600555419921875">
        <ele>34</ele>
        <time>2024-05-23T18:19:18.000Z</time>
        <extensions>
          <ns3:TrackPointExtension>
            <ns3:hr>110</ns3:hr>
          </ns3:TrackPointExtension>
        </extensions>
      </trkpt>
      <trkpt lat="45.4787917435169219970703125" lon="-73.575420677661895751953125">
        <ele>34</ele>
        <time>2024-05-23T18:19:25.000Z</time>
        <extensions>
          <ns3:TrackPointExtension>
            <ns3:hr>107</ns3:hr>
          </ns3:TrackPointExtension>
        </extensions>
      </trkpt>
      <trkpt lat="45.47881118953227996826171875" lon="-73.57542092911899089813232421875">
        <ele>34</ele>
        <time>2024-05-23T18:19:27.000Z</time>
        <extensions>
          <ns3:TrackPointExtension>
            <ns3:hr>107</ns3:hr>
          </ns3:TrackPointExtension>
        </extensions>
      </trkpt>
      <trkpt lat="45.47882921062409877777099609375" lon="-73.57542662881314754486083984375">
        <ele>34</ele>
        <time>2024-05-23T18:19:29.000Z</time>
        <extensions>
          <ns3:TrackPointExtension>
            <ns3:hr>104</ns3:hr>
          </ns3:TrackPointExtension>
        </extensions>
      </trkpt>
      <trkpt lat="45.4788375087082386016845703125" lon="-73.5754211805760860443115234375">
        <ele>34</ele>
        <time>2024-05-23T18:19:30.000Z</time>
        <extensions>
          <ns3:TrackPointExtension>
            <ns3:hr>107</ns3:hr>
          </ns3:TrackPointExtension>
        </extensions>
      </trkpt>
      <trkpt lat="45.47887983731925487518310546875" lon="-73.5754138045012950897216796875">
        <ele>34</ele>
        <time>2024-05-23T18:19:34.000Z</time>
        <extensions>
          <ns3:TrackPointExtension>
            <ns3:hr>107</ns3:hr>
          </ns3:TrackPointExtension>
        </extensions>
      </trkpt>
      <trkpt lat="45.4788961820304393768310546875" lon="-73.57541087083518505096435546875">
        <ele>34</ele>
        <time>2024-05-23T18:19:36.000Z</time>
        <extensions>
          <ns3:TrackPointExtension>
            <ns3:hr>107</ns3:hr>
          </ns3:TrackPointExtension>
        </extensions>
      </trkpt>
      <trkpt lat="45.4789156280457973480224609375" lon="-73.57541372068226337432861328125">
        <ele>34.200000762939453125</ele>
        <time>2024-05-23T18:19:41.000Z</time>
        <extensions>
          <ns3:TrackPointExtension>
            <ns3:hr>109</ns3:hr>
          </ns3:TrackPointExtension>
        </extensions>
      </trkpt>
      <trkpt lat="45.4789156280457973480224609375" lon="-73.57541372068226337432861328125">
        <ele>33.59999847412109375</ele>
        <time>2024-05-23T18:19:48.000Z</time>
        <extensions>
          <ns3:TrackPointExtension>
            <ns3:hr>111</ns3:hr>
          </ns3:TrackPointExtension>
        </extensions>
      </trkpt>
      <trkpt lat="45.4789156280457973480224609375" lon="-73.57541372068226337432861328125">
        <ele>33.200000762939453125</ele>
        <time>2024-05-23T18:19:54.000Z</time>
        <extensions>
          <ns3:TrackPointExtension>
            <ns3:hr>114</ns3:hr>
          </ns3:TrackPointExtension>
        </extensions>
      </trkpt>
      <trkpt lat="45.4789156280457973480224609375" lon="-73.57541372068226337432861328125">
        <ele>33.799999237060546875</ele>
        <time>2024-05-23T18:20:00.000Z</time>
        <extensions>
          <ns3:TrackPointExtension>
            <ns3:hr>117</ns3:hr>
          </ns3:TrackPointExtension>
        </extensions>
      </trkpt>
      <trkpt lat="45.4789156280457973480224609375" lon="-73.57541372068226337432861328125">
        <ele>34</ele>
        <time>2024-05-23T18:20:06.000Z</time>
        <extensions>
          <ns3:TrackPointExtension>
            <ns3:hr>120</ns3:hr>
          </ns3:TrackPointExtension>
        </extensions>
      </trkpt>
      <trkpt lat="45.47891621477901935577392578125" lon="-73.575413636863231658935546875">
        <ele>33.799999237060546875</ele>
        <time>2024-05-23T18:20:10.000Z</time>
        <extensions>
          <ns3:TrackPointExtension>
            <ns3:hr>120</ns3:hr>
          </ns3:TrackPointExtension>
        </extensions>
      </trkpt>
      <trkpt lat="45.4789186455309391021728515625" lon="-73.57541196048259735107421875">
        <ele>33.799999237060546875</ele>
        <time>2024-05-23T18:20:15.000Z</time>
        <extensions>
          <ns3:TrackPointExtension>
            <ns3:hr>117</ns3:hr>
          </ns3:TrackPointExtension>
        </extensions>
      </trkpt>
      <trkpt lat="45.4789186455309391021728515625" lon="-73.57541196048259735107421875">
        <ele>33.799999237060546875</ele>
        <time>2024-05-23T18:20:18.000Z</time>
        <extensions>
          <ns3:TrackPointExtension>
            <ns3:hr>117</ns3:hr>
          </ns3:TrackPointExtension>
        </extensions>
      </trkpt>
      <trkpt lat="45.4789186455309391021728515625" lon="-73.57541196048259735107421875">
        <ele>33.59999847412109375</ele>
        <time>2024-05-23T18:20:21.000Z</time>
        <extensions>
          <ns3:TrackPointExtension>
            <ns3:hr>114</ns3:hr>
          </ns3:TrackPointExtension>
        </extensions>
      </trkpt>
      <trkpt lat="45.4789186455309391021728515625" lon="-73.57541196048259735107421875">
        <ele>33.799999237060546875</ele>
        <time>2024-05-23T18:20:35.000Z</time>
        <extensions>
          <ns3:TrackPointExtension>
            <ns3:hr>113</ns3:hr>
          </ns3:TrackPointExtension>
        </extensions>
      </trkpt>
      <trkpt lat="45.4789186455309391021728515625" lon="-73.57541196048259735107421875">
        <ele>33.799999237060546875</ele>
        <time>2024-05-23T18:20:38.000Z</time>
        <extensions>
          <ns3:TrackPointExtension>
            <ns3:hr>116</ns3:hr>
          </ns3:TrackPointExtension>
        </extensions>
      </trkpt>
      <trkpt lat="45.4789186455309391021728515625" lon="-73.57541196048259735107421875">
        <ele>33.59999847412109375</ele>
        <time>2024-05-23T18:20:42.000Z</time>
        <extensions>
          <ns3:TrackPointExtension>
            <ns3:hr>120</ns3:hr>
          </ns3:TrackPointExtension>
        </extensions>
      </trkpt>
      <trkpt lat="45.4789186455309391021728515625" lon="-73.57541196048259735107421875">
        <ele>33.59999847412109375</ele>
        <time>2024-05-23T18:20:45.000Z</time>
        <extensions>
          <ns3:TrackPointExtension>
            <ns3:hr>123</ns3:hr>
          </ns3:TrackPointExtension>
        </extensions>
      </trkpt>
      <trkpt lat="45.4789186455309391021728515625" lon="-73.57541196048259735107421875">
        <ele>34</ele>
        <time>2024-05-23T18:20:51.000Z</time>
        <extensions>
          <ns3:TrackPointExtension>
            <ns3:hr>122</ns3:hr>
          </ns3:TrackPointExtension>
        </extensions>
      </trkpt>
      <trkpt lat="45.4789186455309391021728515625" lon="-73.57541196048259735107421875">
        <ele>34</ele>
        <time>2024-05-23T18:20:55.000Z</time>
        <extensions>
          <ns3:TrackPointExtension>
            <ns3:hr>119</ns3:hr>
          </ns3:TrackPointExtension>
        </extensions>
      </trkpt>
      <trkpt lat="45.4789186455309391021728515625" lon="-73.57541196048259735107421875">
        <ele>34</ele>
        <time>2024-05-23T18:20:56.000Z</time>
        <extensions>
          <ns3:TrackPointExtension>
            <ns3:hr>116</ns3:hr>
          </ns3:TrackPointExtension>
        </extensions>
      </trkpt>
      <trkpt lat="45.4789193160831928253173828125" lon="-73.5754072666168212890625">
        <ele>34.200000762939453125</ele>
        <time>2024-05-23T18:20:57.000Z</time>
        <extensions>
          <ns3:TrackPointExtension>
            <ns3:hr>113</ns3:hr>
          </ns3:TrackPointExtension>
        </extensions>
      </trkpt>
      <trkpt lat="45.4789203219115734100341796875" lon="-73.57539628632366657257080078125">
        <ele>34.200000762939453125</ele>
        <time>2024-05-23T18:20:58.000Z</time>
        <extensions>
          <ns3:TrackPointExtension>
            <ns3:hr>113</ns3:hr>
          </ns3:TrackPointExtension>
        </extensions>
      </trkpt>
      <trkpt lat="45.47891722060739994049072265625" lon="-73.57538111507892608642578125">
        <ele>34.200000762939453125</ele>
        <time>2024-05-23T18:20:59.000Z</time>
        <extensions>
          <ns3:TrackPointExtension>
            <ns3:hr>112</ns3:hr>
          </ns3:TrackPointExtension>
        </extensions>
      </trkpt>
      <trkpt lat="45.47891487367451190948486328125" lon="-73.5753645189106464385986328125">
        <ele>34.200000762939453125</ele>
        <time>2024-05-23T18:21:00.000Z</time>
        <extensions>
          <ns3:TrackPointExtension>
            <ns3:hr>112</ns3:hr>
          </ns3:TrackPointExtension>
        </extensions>
      </trkpt>
      <trkpt lat="45.47891336493194103240966796875" lon="-73.57528296299278736114501953125">
        <ele>34.200000762939453125</ele>
        <time>2024-05-23T18:21:05.000Z</time>
        <extensions>
          <ns3:TrackPointExtension>
            <ns3:hr>112</ns3:hr>
          </ns3:TrackPointExtension>
        </extensions>
      </trkpt>
      <trkpt lat="45.4789206571877002716064453125" lon="-73.57525144703686237335205078125">
        <ele>34.200000762939453125</ele>
        <time>2024-05-23T18:21:07.000Z</time>
        <extensions>
          <ns3:TrackPointExtension>
            <ns3:hr>114</ns3:hr>
          </ns3:TrackPointExtension>
        </extensions>
      </trkpt>
      <trkpt lat="45.47891805879771709442138671875" lon="-73.57523149810731410980224609375">
        <ele>34.200000762939453125</ele>
        <time>2024-05-23T18:21:10.000Z</time>
        <extensions>
          <ns3:TrackPointExtension>
            <ns3:hr>118</ns3:hr>
          </ns3:TrackPointExtension>
        </extensions>
      </trkpt>
      <trkpt lat="45.47892384231090545654296875" lon="-73.57520098797976970672607421875">
        <ele>34</ele>
        <time>2024-05-23T18:21:14.000Z</time>
        <extensions>
          <ns3:TrackPointExtension>
            <ns3:hr>121</ns3:hr>
          </ns3:TrackPointExtension>
        </extensions>
      </trkpt>
      <trkpt lat="45.47898553311824798583984375" lon="-73.57504860498011112213134765625">
        <ele>33.799999237060546875</ele>
        <time>2024-05-23T18:21:18.000Z</time>
        <extensions>
          <ns3:TrackPointExtension>
            <ns3:hr>122</ns3:hr>
          </ns3:TrackPointExtension>
        </extensions>
      </trkpt>
      <trkpt lat="45.479162223637104034423828125" lon="-73.5748250596225261688232421875">
        <ele>34.59999847412109375</ele>
        <time>2024-05-23T18:21:24.000Z</time>
        <extensions>
          <ns3:TrackPointExtension>
            <ns3:hr>123</ns3:hr>
          </ns3:TrackPointExtension>
        </extensions>
      </trkpt>
      <trkpt lat="45.4791885428130626678466796875" lon="-73.5747968964278697967529296875">
        <ele>34.799999237060546875</ele>
        <time>2024-05-23T18:21:25.000Z</time>
        <extensions>
          <ns3:TrackPointExtension>
            <ns3:hr>123</ns3:hr>
          </ns3:TrackPointExtension>
        </extensions>
      </trkpt>
      <trkpt lat="45.47930345870554447174072265625" lon="-73.57466773129999637603759765625">
        <ele>34.799999237060546875</ele>
        <time>2024-05-23T18:21:29.000Z</time>
        <extensions>
          <ns3:TrackPointExtension>
            <ns3:hr>120</ns3:hr>
          </ns3:TrackPointExtension>
        </extensions>
      </trkpt>
      <trkpt lat="45.4793625511229038238525390625" lon="-73.574587516486644744873046875">
        <ele>34.799999237060546875</ele>
        <time>2024-05-23T18:21:31.000Z</time>
        <extensions>
          <ns3:TrackPointExtension>
            <ns3:hr>123</ns3:hr>
          </ns3:TrackPointExtension>
        </extensions>
      </trkpt>
      <trkpt lat="45.4794611223042011260986328125" lon="-73.57447125948965549468994140625">
        <ele>34.799999237060546875</ele>
        <time>2024-05-23T18:21:34.000Z</time>
        <extensions>
          <ns3:TrackPointExtension>
            <ns3:hr>123</ns3:hr>
          </ns3:TrackPointExtension>
        </extensions>
      </trkpt>
      <trkpt lat="45.4796415008604526519775390625" lon="-73.57427394948899745941162109375">
        <ele>34.799999237060546875</ele>
        <time>2024-05-23T18:21:39.000Z</time>
        <extensions>
          <ns3:TrackPointExtension>
            <ns3:hr>125</ns3:hr>
          </ns3:TrackPointExtension>
        </extensions>
      </trkpt>
      <trkpt lat="45.47974166460335254669189453125" lon="-73.57413916848599910736083984375">
        <ele>34.799999237060546875</ele>
        <time>2024-05-23T18:21:42.000Z</time>
        <extensions>
          <ns3:TrackPointExtension>
            <ns3:hr>127</ns3:hr>
          </ns3:TrackPointExtension>
        </extensions>
      </trkpt>
      <trkpt lat="45.47997015528380870819091796875" lon="-73.573848903179168701171875">
        <ele>34.59999847412109375</ele>
        <time>2024-05-23T18:21:49.000Z</time>
        <extensions>
          <ns3:TrackPointExtension>
            <ns3:hr>129</ns3:hr>
          </ns3:TrackPointExtension>
        </extensions>
      </trkpt>
      <trkpt lat="45.48008867539465427398681640625" lon="-73.57369660399854183197021484375">
        <ele>34.40000152587890625</ele>
        <time>2024-05-23T18:21:53.000Z</time>
        <extensions>
          <ns3:TrackPointExtension>
            <ns3:hr>126</ns3:hr>
          </ns3:TrackPointExtension>
        </extensions>
      </trkpt>
      <trkpt lat="45.48023200593888759613037109375" lon="-73.57350717298686504364013671875">
        <ele>34.40000152587890625</ele>
        <time>2024-05-23T18:21:58.000Z</time>
        <extensions>
          <ns3:TrackPointExtension>
            <ns3:hr>125</ns3:hr>
          </ns3:TrackPointExtension>
        </extensions>
      </trkpt>
      <trkpt lat="45.480466783046722412109375" lon="-73.57321179471909999847412109375">
        <ele>34.799999237060546875</ele>
        <time>2024-05-23T18:22:08.000Z</time>
        <extensions>
          <ns3:TrackPointExtension>
            <ns3:hr>125</ns3:hr>
          </ns3:TrackPointExtension>
        </extensions>
      </trkpt>
      <trkpt lat="45.48053995706140995025634765625" lon="-73.5731436498463153839111328125">
        <ele>34.799999237060546875</ele>
        <time>2024-05-23T18:22:15.000Z</time>
        <extensions>
          <ns3:TrackPointExtension>
            <ns3:hr>125</ns3:hr>
          </ns3:TrackPointExtension>
        </extensions>
      </trkpt>
      <trkpt lat="45.48063383437693119049072265625" lon="-73.57303979806602001190185546875">
        <ele>34.59999847412109375</ele>
        <time>2024-05-23T18:22:20.000Z</time>
        <extensions>
          <ns3:TrackPointExtension>
            <ns3:hr>125</ns3:hr>
          </ns3:TrackPointExtension>
        </extensions>
      </trkpt>
      <trkpt lat="45.48081572167575359344482421875" lon="-73.57281449250876903533935546875">
        <ele>34.59999847412109375</ele>
        <time>2024-05-23T18:22:25.000Z</time>
        <extensions>
          <ns3:TrackPointExtension>
            <ns3:hr>126</ns3:hr>
          </ns3:TrackPointExtension>
        </extensions>
      </trkpt>
      <trkpt lat="45.48117798753082752227783203125" lon="-73.572376035153865814208984375">
        <ele>34</ele>
        <time>2024-05-23T18:22:34.000Z</time>
        <extensions>
          <ns3:TrackPointExtension>
            <ns3:hr>127</ns3:hr>
          </ns3:TrackPointExtension>
        </extensions>
      </trkpt>
      <trkpt lat="45.481350906193256378173828125" lon="-73.5721659846603870391845703125">
        <ele>34</ele>
        <time>2024-05-23T18:22:38.000Z</time>
        <extensions>
          <ns3:TrackPointExtension>
            <ns3:hr>131</ns3:hr>
          </ns3:TrackPointExtension>
        </extensions>
      </trkpt>
      <trkpt lat="45.481434725224971771240234375" lon="-73.57206565327942371368408203125">
        <ele>34</ele>
        <time>2024-05-23T18:22:40.000Z</time>
        <extensions>
          <ns3:TrackPointExtension>
            <ns3:hr>134</ns3:hr>
          </ns3:TrackPointExtension>
        </extensions>
      </trkpt>
      <trkpt lat="45.48151611350476741790771484375" lon="-73.57197068631649017333984375">
        <ele>34</ele>
        <time>2024-05-23T18:22:42.000Z</time>
        <extensions>
          <ns3:TrackPointExtension>
            <ns3:hr>136</ns3:hr>
          </ns3:TrackPointExtension>
        </extensions>
      </trkpt>
      <trkpt lat="45.481604039669036865234375" lon="-73.571887873113155364990234375">
        <ele>34.200000762939453125</ele>
        <time>2024-05-23T18:22:44.000Z</time>
        <extensions>
          <ns3:TrackPointExtension>
            <ns3:hr>137</ns3:hr>
          </ns3:TrackPointExtension>
        </extensions>
      </trkpt>
      <trkpt lat="45.481755919754505157470703125" lon="-73.5717914812266826629638671875">
        <ele>34.40000152587890625</ele>
        <time>2024-05-23T18:22:47.000Z</time>
        <extensions>
          <ns3:TrackPointExtension>
            <ns3:hr>136</ns3:hr>
          </ns3:TrackPointExtension>
        </extensions>
      </trkpt>
      <trkpt lat="45.48184610903263092041015625" lon="-73.57169819064438343048095703125">
        <ele>34.40000152587890625</ele>
        <time>2024-05-23T18:22:49.000Z</time>
        <extensions>
          <ns3:TrackPointExtension>
            <ns3:hr>139</ns3:hr>
          </ns3:TrackPointExtension>
        </extensions>
      </trkpt>
      <trkpt lat="45.48201332800090312957763671875" lon="-73.57149451039731502532958984375">
        <ele>34.59999847412109375</ele>
        <time>2024-05-23T18:22:53.000Z</time>
        <extensions>
          <ns3:TrackPointExtension>
            <ns3:hr>142</ns3:hr>
          </ns3:TrackPointExtension>
        </extensions>
      </trkpt>
      <trkpt lat="45.48225321806967258453369140625" lon="-73.57121036387979984283447265625">
        <ele>34.59999847412109375</ele>
        <time>2024-05-23T18:22:59.000Z</time>
        <extensions>
          <ns3:TrackPointExtension>
            <ns3:hr>144</ns3:hr>
          </ns3:TrackPointExtension>
        </extensions>
      </trkpt>
      <trkpt lat="45.482309795916080474853515625" lon="-73.571096956729888916015625">
        <ele>34.59999847412109375</ele>
        <time>2024-05-23T18:23:01.000Z</time>
        <extensions>
          <ns3:TrackPointExtension>
            <ns3:hr>144</ns3:hr>
          </ns3:TrackPointExtension>
        </extensions>
      </trkpt>
      <trkpt lat="45.4823206923902034759521484375" lon="-73.5710374452173709869384765625">
        <ele>34.799999237060546875</ele>
        <time>2024-05-23T18:23:02.000Z</time>
        <extensions>
          <ns3:TrackPointExtension>
            <ns3:hr>144</ns3:hr>
          </ns3:TrackPointExtension>
        </extensions>
      </trkpt>
      <trkpt lat="45.48234458081424236297607421875" lon="-73.57086167670786380767822265625">
        <ele>34.799999237060546875</ele>
        <time>2024-05-23T18:23:05.000Z</time>
        <extensions>
          <ns3:TrackPointExtension>
            <ns3:hr>144</ns3:hr>
          </ns3:TrackPointExtension>
        </extensions>
      </trkpt>
      <trkpt lat="45.48236788250505924224853515625" lon="-73.57080602087080478668212890625">
        <ele>34.799999237060546875</ele>
        <time>2024-05-23T18:23:06.000Z</time>
        <extensions>
          <ns3:TrackPointExtension>
            <ns3:hr>145</ns3:hr>
          </ns3:TrackPointExtension>
        </extensions>
      </trkpt>
      <trkpt lat="45.482406355440616607666015625" lon="-73.5707524605095386505126953125">
        <ele>34.799999237060546875</ele>
        <time>2024-05-23T18:23:07.000Z</time>
        <extensions>
          <ns3:TrackPointExtension>
            <ns3:hr>146</ns3:hr>
          </ns3:TrackPointExtension>
        </extensions>
      </trkpt>
      <trkpt lat="45.4825414717197418212890625" lon="-73.57059328816831111907958984375">
        <ele>34.59999847412109375</ele>
        <time>2024-05-23T18:23:10.000Z</time>
        <extensions>
          <ns3:TrackPointExtension>
            <ns3:hr>145</ns3:hr>
          </ns3:TrackPointExtension>
        </extensions>
      </trkpt>
      <trkpt lat="45.48292544670403003692626953125" lon="-73.57022029347717761993408203125">
        <ele>34.59999847412109375</ele>
        <time>2024-05-23T18:23:18.000Z</time>
        <extensions>
          <ns3:TrackPointExtension>
            <ns3:hr>145</ns3:hr>
          </ns3:TrackPointExtension>
        </extensions>
      </trkpt>
      <trkpt lat="45.48305511474609375" lon="-73.57006019912660121917724609375">
        <ele>34.59999847412109375</ele>
        <time>2024-05-23T18:23:21.000Z</time>
        <extensions>
          <ns3:TrackPointExtension>
            <ns3:hr>149</ns3:hr>
          </ns3:TrackPointExtension>
        </extensions>
      </trkpt>
      <trkpt lat="45.48318989574909210205078125" lon="-73.56989390216767787933349609375">
        <ele>34.799999237060546875</ele>
        <time>2024-05-23T18:23:24.000Z</time>
        <extensions>
          <ns3:TrackPointExtension>
            <ns3:hr>153</ns3:hr>
          </ns3:TrackPointExtension>
        </extensions>
      </trkpt>
      <trkpt lat="45.48328352160751819610595703125" lon="-73.56978711672127246856689453125">
        <ele>34.59999847412109375</ele>
        <time>2024-05-23T18:23:26.000Z</time>
        <extensions>
          <ns3:TrackPointExtension>
            <ns3:hr>154</ns3:hr>
          </ns3:TrackPointExtension>
        </extensions>
      </trkpt>
      <trkpt lat="45.48337630927562713623046875" lon="-73.56969759799540042877197265625">
        <ele>34.59999847412109375</ele>
        <time>2024-05-23T18:23:28.000Z</time>
        <extensions>
          <ns3:TrackPointExtension>
            <ns3:hr>161</ns3:hr>
          </ns3:TrackPointExtension>
        </extensions>
      </trkpt>
      <trkpt lat="45.48342450521886348724365234375" lon="-73.56965786777436733245849609375">
        <ele>34.40000152587890625</ele>
        <time>2024-05-23T18:23:29.000Z</time>
        <extensions>
          <ns3:TrackPointExtension>
            <ns3:hr>164</ns3:hr>
          </ns3:TrackPointExtension>
        </extensions>
      </trkpt>
      <trkpt lat="45.48347027041018009185791015625" lon="-73.569614030420780181884765625">
        <ele>34.40000152587890625</ele>
        <time>2024-05-23T18:23:30.000Z</time>
        <extensions>
          <ns3:TrackPointExtension>
            <ns3:hr>165</ns3:hr>
          </ns3:TrackPointExtension>
        </extensions>
      </trkpt>
      <trkpt lat="45.4835494793951511383056640625" lon="-73.56950380839407444000244140625">
        <ele>34.59999847412109375</ele>
        <time>2024-05-23T18:23:32.000Z</time>
        <extensions>
          <ns3:TrackPointExtension>
            <ns3:hr>167</ns3:hr>
          </ns3:TrackPointExtension>
        </extensions>
      </trkpt>
      <trkpt lat="45.483640842139720916748046875" lon="-73.5693144612014293670654296875">
        <ele>34.59999847412109375</ele>
        <time>2024-05-23T18:23:35.000Z</time>
        <extensions>
          <ns3:TrackPointExtension>
            <ns3:hr>167</ns3:hr>
          </ns3:TrackPointExtension>
        </extensions>
      </trkpt>
      <trkpt lat="45.4837228171527385711669921875" lon="-73.56921781785786151885986328125">
        <ele>34.799999237060546875</ele>
        <time>2024-05-23T18:23:37.000Z</time>
        <extensions>
          <ns3:TrackPointExtension>
            <ns3:hr>167</ns3:hr>
          </ns3:TrackPointExtension>
        </extensions>
      </trkpt>
      <trkpt lat="45.4838679917156696319580078125" lon="-73.569094352424144744873046875">
        <ele>34.59999847412109375</ele>
        <time>2024-05-23T18:23:40.000Z</time>
        <extensions>
          <ns3:TrackPointExtension>
            <ns3:hr>167</ns3:hr>
          </ns3:TrackPointExtension>
        </extensions>
      </trkpt>
      <trkpt lat="45.4839967377483844757080078125" lon="-73.56893551535904407501220703125">
        <ele>34.799999237060546875</ele>
        <time>2024-05-23T18:23:43.000Z</time>
        <extensions>
          <ns3:TrackPointExtension>
            <ns3:hr>167</ns3:hr>
          </ns3:TrackPointExtension>
        </extensions>
      </trkpt>
      <trkpt lat="45.4842213727533817291259765625" lon="-73.5685473494231700897216796875">
        <ele>34.59999847412109375</ele>
        <time>2024-05-23T18:23:49.000Z</time>
        <extensions>
          <ns3:TrackPointExtension>
            <ns3:hr>168</ns3:hr>
          </ns3:TrackPointExtension>
        </extensions>
      </trkpt>
      <trkpt lat="45.48448179848492145538330078125" lon="-73.56819120235741138458251953125">
        <ele>34.799999237060546875</ele>
        <time>2024-05-23T18:23:56.000Z</time>
        <extensions>
          <ns3:TrackPointExtension>
            <ns3:hr>170</ns3:hr>
          </ns3:TrackPointExtension>
        </extensions>
      </trkpt>
      <trkpt lat="45.4845975525677204132080078125" lon="-73.568046279251575469970703125">
        <ele>34.799999237060546875</ele>
        <time>2024-05-23T18:23:59.000Z</time>
        <extensions>
          <ns3:TrackPointExtension>
            <ns3:hr>171</ns3:hr>
          </ns3:TrackPointExtension>
        </extensions>
      </trkpt>
      <trkpt lat="45.4847135581076145172119140625" lon="-73.5678560100495815277099609375">
        <ele>34.799999237060546875</ele>
        <time>2024-05-23T18:24:02.000Z</time>
        <extensions>
          <ns3:TrackPointExtension>
            <ns3:hr>170</ns3:hr>
          </ns3:TrackPointExtension>
        </extensions>
      </trkpt>
      <trkpt lat="45.4850833676755428314208984375" lon="-73.5672707855701446533203125">
        <ele>34.40000152587890625</ele>
        <time>2024-05-23T18:24:12.000Z</time>
        <extensions>
          <ns3:TrackPointExtension>
            <ns3:hr>171</ns3:hr>
          </ns3:TrackPointExtension>
        </extensions>
      </trkpt>
      <trkpt lat="45.485290400683879852294921875" lon="-73.56694959104061126708984375">
        <ele>34.40000152587890625</ele>
        <time>2024-05-23T18:24:18.000Z</time>
        <extensions>
          <ns3:TrackPointExtension>
            <ns3:hr>168</ns3:hr>
          </ns3:TrackPointExtension>
        </extensions>
      </trkpt>
      <trkpt lat="45.48535720445215702056884765625" lon="-73.5668657720088958740234375">
        <ele>34.59999847412109375</ele>
        <time>2024-05-23T18:24:20.000Z</time>
        <extensions>
          <ns3:TrackPointExtension>
            <ns3:hr>167</ns3:hr>
          </ns3:TrackPointExtension>
        </extensions>
      </trkpt>
      <trkpt lat="45.48539760522544384002685546875" lon="-73.56682595796883106231689453125">
        <ele>34.59999847412109375</ele>
        <time>2024-05-23T18:24:21.000Z</time>
        <extensions>
          <ns3:TrackPointExtension>
            <ns3:hr>167</ns3:hr>
          </ns3:TrackPointExtension>
        </extensions>
      </trkpt>
      <trkpt lat="45.4854838550090789794921875" lon="-73.56675907038152217864990234375">
        <ele>34.40000152587890625</ele>
        <time>2024-05-23T18:24:23.000Z</time>
        <extensions>
          <ns3:TrackPointExtension>
            <ns3:hr>166</ns3:hr>
          </ns3:TrackPointExtension>
        </extensions>
      </trkpt>
      <trkpt lat="45.4855205677449703216552734375" lon="-73.56671229936182498931884765625">
        <ele>34.200000762939453125</ele>
        <time>2024-05-23T18:24:24.000Z</time>
        <extensions>
          <ns3:TrackPointExtension>
            <ns3:hr>166</ns3:hr>
          </ns3:TrackPointExtension>
        </extensions>
      </trkpt>
      <trkpt lat="45.48555216751992702484130859375" lon="-73.5666466690599918365478515625">
        <ele>34</ele>
        <time>2024-05-23T18:24:25.000Z</time>
        <extensions>
          <ns3:TrackPointExtension>
            <ns3:hr>166</ns3:hr>
          </ns3:TrackPointExtension>
        </extensions>
      </trkpt>
      <trkpt lat="45.4855839349329471588134765625" lon="-73.56657232157886028289794921875">
        <ele>33.59999847412109375</ele>
        <time>2024-05-23T18:24:26.000Z</time>
        <extensions>
          <ns3:TrackPointExtension>
            <ns3:hr>166</ns3:hr>
          </ns3:TrackPointExtension>
        </extensions>
      </trkpt>
      <trkpt lat="45.4856407642364501953125" lon="-73.5664146579802036285400390625">
        <ele>33</ele>
        <time>2024-05-23T18:24:28.000Z</time>
        <extensions>
          <ns3:TrackPointExtension>
            <ns3:hr>167</ns3:hr>
          </ns3:TrackPointExtension>
        </extensions>
      </trkpt>
      <trkpt lat="45.4857287742197513580322265625" lon="-73.56617636047303676605224609375">
        <ele>32.59999847412109375</ele>
        <time>2024-05-23T18:24:31.000Z</time>
        <extensions>
          <ns3:TrackPointExtension>
            <ns3:hr>167</ns3:hr>
          </ns3:TrackPointExtension>
        </extensions>
      </trkpt>
      <trkpt lat="45.48586715944111347198486328125" lon="-73.5659218020737171173095703125">
        <ele>32.799999237060546875</ele>
        <time>2024-05-23T18:24:35.000Z</time>
        <extensions>
          <ns3:TrackPointExtension>
            <ns3:hr>166</ns3:hr>
          </ns3:TrackPointExtension>
        </extensions>
      </trkpt>
      <trkpt lat="45.48588409088551998138427734375" lon="-73.565871007740497589111328125">
        <ele>32.799999237060546875</ele>
        <time>2024-05-23T18:24:36.000Z</time>
        <extensions>
          <ns3:TrackPointExtension>
            <ns3:hr>166</ns3:hr>
          </ns3:TrackPointExtension>
        </extensions>
      </trkpt>
      <trkpt lat="45.48599523492157459259033203125" lon="-73.56557495892047882080078125">
        <ele>33.40000152587890625</ele>
        <time>2024-05-23T18:24:40.000Z</time>
        <extensions>
          <ns3:TrackPointExtension>
            <ns3:hr>167</ns3:hr>
          </ns3:TrackPointExtension>
        </extensions>
      </trkpt>
      <trkpt lat="45.48602926544845104217529296875" lon="-73.5655058920383453369140625">
        <ele>33.799999237060546875</ele>
        <time>2024-05-23T18:24:41.000Z</time>
        <extensions>
          <ns3:TrackPointExtension>
            <ns3:hr>167</ns3:hr>
          </ns3:TrackPointExtension>
        </extensions>
      </trkpt>
      <trkpt lat="45.4862509667873382568359375" lon="-73.565112613141536712646484375">
        <ele>34.200000762939453125</ele>
        <time>2024-05-23T18:24:47.000Z</time>
        <extensions>
          <ns3:TrackPointExtension>
            <ns3:hr>167</ns3:hr>
          </ns3:TrackPointExtension>
        </extensions>
      </trkpt>
      <trkpt lat="45.48642036505043506622314453125" lon="-73.56482787989079952239990234375">
        <ele>33</ele>
        <time>2024-05-23T18:24:51.000Z</time>
        <extensions>
          <ns3:TrackPointExtension>
            <ns3:hr>170</ns3:hr>
          </ns3:TrackPointExtension>
        </extensions>
      </trkpt>
      <trkpt lat="45.48646160401403903961181640625" lon="-73.56475713662803173065185546875">
        <ele>32.799999237060546875</ele>
        <time>2024-05-23T18:24:52.000Z</time>
        <extensions>
          <ns3:TrackPointExtension>
            <ns3:hr>171</ns3:hr>
          </ns3:TrackPointExtension>
        </extensions>
      </trkpt>
      <trkpt lat="45.486538968980312347412109375" lon="-73.5646222718060016632080078125">
        <ele>32.59999847412109375</ele>
        <time>2024-05-23T18:24:54.000Z</time>
        <extensions>
          <ns3:TrackPointExtension>
            <ns3:hr>173</ns3:hr>
          </ns3:TrackPointExtension>
        </extensions>
      </trkpt>
      <trkpt lat="45.4867620952427387237548828125" lon="-73.56418129988014698028564453125">
        <ele>32.40000152587890625</ele>
        <time>2024-05-23T18:25:01.000Z</time>
        <extensions>
          <ns3:TrackPointExtension>
            <ns3:hr>173</ns3:hr>
          </ns3:TrackPointExtension>
        </extensions>
      </trkpt>
      <trkpt lat="45.48680224455893039703369140625" lon="-73.56407904066145420074462890625">
        <ele>32.200000762939453125</ele>
        <time>2024-05-23T18:25:03.000Z</time>
        <extensions>
          <ns3:TrackPointExtension>
            <ns3:hr>173</ns3:hr>
          </ns3:TrackPointExtension>
        </extensions>
      </trkpt>
      <trkpt lat="45.48686158843338489532470703125" lon="-73.564023636281490325927734375">
        <ele>32</ele>
        <time>2024-05-23T18:25:05.000Z</time>
        <extensions>
          <ns3:TrackPointExtension>
            <ns3:hr>173</ns3:hr>
          </ns3:TrackPointExtension>
        </extensions>
      </trkpt>
      <trkpt lat="45.48689947463572025299072265625" lon="-73.56401927769184112548828125">
        <ele>32</ele>
        <time>2024-05-23T18:25:06.000Z</time>
        <extensions>
          <ns3:TrackPointExtension>
            <ns3:hr>173</ns3:hr>
          </ns3:TrackPointExtension>
        </extensions>
      </trkpt>
      <trkpt lat="45.48698865808546543121337890625" lon="-73.56405003927648067474365234375">
        <ele>32</ele>
        <time>2024-05-23T18:25:08.000Z</time>
        <extensions>
          <ns3:TrackPointExtension>
            <ns3:hr>174</ns3:hr>
          </ns3:TrackPointExtension>
        </extensions>
      </trkpt>
      <trkpt lat="45.487218908965587615966796875" lon="-73.5641230456531047821044921875">
        <ele>32.200000762939453125</ele>
        <time>2024-05-23T18:25:13.000Z</time>
        <extensions>
          <ns3:TrackPointExtension>
            <ns3:hr>175</ns3:hr>
          </ns3:TrackPointExtension>
        </extensions>
      </trkpt>
      <trkpt lat="45.48726911656558513641357421875" lon="-73.56411122716963291168212890625">
        <ele>32.200000762939453125</ele>
        <time>2024-05-23T18:25:14.000Z</time>
        <extensions>
          <ns3:TrackPointExtension>
            <ns3:hr>174</ns3:hr>
          </ns3:TrackPointExtension>
        </extensions>
      </trkpt>
      <trkpt lat="45.48731806688010692596435546875" lon="-73.56407828629016876220703125">
        <ele>32.200000762939453125</ele>
        <time>2024-05-23T18:25:15.000Z</time>
        <extensions>
          <ns3:TrackPointExtension>
            <ns3:hr>173</ns3:hr>
          </ns3:TrackPointExtension>
        </extensions>
      </trkpt>
      <trkpt lat="45.487402975559234619140625" lon="-73.5639609396457672119140625">
        <ele>32.200000762939453125</ele>
        <time>2024-05-23T18:25:17.000Z</time>
        <extensions>
          <ns3:TrackPointExtension>
            <ns3:hr>172</ns3:hr>
          </ns3:TrackPointExtension>
        </extensions>
      </trkpt>
      <trkpt lat="45.48751152120530605316162109375" lon="-73.563774190843105316162109375">
        <ele>31.6000003814697265625</ele>
        <time>2024-05-23T18:25:20.000Z</time>
        <extensions>
          <ns3:TrackPointExtension>
            <ns3:hr>172</ns3:hr>
          </ns3:TrackPointExtension>
        </extensions>
      </trkpt>
      <trkpt lat="45.48761009238660335540771484375" lon="-73.5636030323803424835205078125">
        <ele>31.3999996185302734375</ele>
        <time>2024-05-23T18:25:23.000Z</time>
        <extensions>
          <ns3:TrackPointExtension>
            <ns3:hr>170</ns3:hr>
          </ns3:TrackPointExtension>
        </extensions>
      </trkpt>
      <trkpt lat="45.4877605475485324859619140625" lon="-73.5633462108671665191650390625">
        <ele>31.799999237060546875</ele>
        <time>2024-05-23T18:25:28.000Z</time>
        <extensions>
          <ns3:TrackPointExtension>
            <ns3:hr>167</ns3:hr>
          </ns3:TrackPointExtension>
        </extensions>
      </trkpt>
      <trkpt lat="45.487917959690093994140625" lon="-73.56308494694530963897705078125">
        <ele>32.200000762939453125</ele>
        <time>2024-05-23T18:25:33.000Z</time>
        <extensions>
          <ns3:TrackPointExtension>
            <ns3:hr>169</ns3:hr>
          </ns3:TrackPointExtension>
        </extensions>
      </trkpt>
      <trkpt lat="45.48801259137690067291259765625" lon="-73.56292250566184520721435546875">
        <ele>32.200000762939453125</ele>
        <time>2024-05-23T18:25:36.000Z</time>
        <extensions>
          <ns3:TrackPointExtension>
            <ns3:hr>172</ns3:hr>
          </ns3:TrackPointExtension>
        </extensions>
      </trkpt>
      <trkpt lat="45.48804561607539653778076171875" lon="-73.5628612339496612548828125">
        <ele>32</ele>
        <time>2024-05-23T18:25:37.000Z</time>
        <extensions>
          <ns3:TrackPointExtension>
            <ns3:hr>172</ns3:hr>
          </ns3:TrackPointExtension>
        </extensions>
      </trkpt>
      <trkpt lat="45.4880847595632076263427734375" lon="-73.56274254620075225830078125">
        <ele>32</ele>
        <time>2024-05-23T18:25:39.000Z</time>
        <extensions>
          <ns3:TrackPointExtension>
            <ns3:hr>173</ns3:hr>
          </ns3:TrackPointExtension>
        </extensions>
      </trkpt>
      <trkpt lat="45.4882735200226306915283203125" lon="-73.56207123957574367523193359375">
        <ele>31.6000003814697265625</ele>
        <time>2024-05-23T18:25:49.000Z</time>
        <extensions>
          <ns3:TrackPointExtension>
            <ns3:hr>171</ns3:hr>
          </ns3:TrackPointExtension>
        </extensions>
      </trkpt>
      <trkpt lat="45.488300509750843048095703125" lon="-73.56201298534870147705078125">
        <ele>31.6000003814697265625</ele>
        <time>2024-05-23T18:25:50.000Z</time>
        <extensions>
          <ns3:TrackPointExtension>
            <ns3:hr>171</ns3:hr>
          </ns3:TrackPointExtension>
        </extensions>
      </trkpt>
      <trkpt lat="45.48862329684197902679443359375" lon="-73.5615254938602447509765625">
        <ele>31.799999237060546875</ele>
        <time>2024-05-23T18:25:59.000Z</time>
        <extensions>
          <ns3:TrackPointExtension>
            <ns3:hr>172</ns3:hr>
          </ns3:TrackPointExtension>
        </extensions>
      </trkpt>
      <trkpt lat="45.48871122300624847412109375" lon="-73.5613409243524074554443359375">
        <ele>31.799999237060546875</ele>
        <time>2024-05-23T18:26:02.000Z</time>
        <extensions>
          <ns3:TrackPointExtension>
            <ns3:hr>173</ns3:hr>
          </ns3:TrackPointExtension>
        </extensions>
      </trkpt>
      <trkpt lat="45.4887999035418033599853515625" lon="-73.5611598752439022064208984375">
        <ele>31.799999237060546875</ele>
        <time>2024-05-23T18:26:05.000Z</time>
        <extensions>
          <ns3:TrackPointExtension>
            <ns3:hr>174</ns3:hr>
          </ns3:TrackPointExtension>
        </extensions>
      </trkpt>
      <trkpt lat="45.48906393349170684814453125" lon="-73.560684286057949066162109375">
        <ele>31.3999996185302734375</ele>
        <time>2024-05-23T18:26:13.000Z</time>
        <extensions>
          <ns3:TrackPointExtension>
            <ns3:hr>175</ns3:hr>
          </ns3:TrackPointExtension>
        </extensions>
      </trkpt>
      <trkpt lat="45.48928949050605297088623046875" lon="-73.5603102855384349822998046875">
        <ele>31.6000003814697265625</ele>
        <time>2024-05-23T18:26:20.000Z</time>
        <extensions>
          <ns3:TrackPointExtension>
            <ns3:hr>175</ns3:hr>
          </ns3:TrackPointExtension>
        </extensions>
      </trkpt>
      <trkpt lat="45.4894788376986980438232421875" lon="-73.55999235995113849639892578125">
        <ele>32</ele>
        <time>2024-05-23T18:26:26.000Z</time>
        <extensions>
          <ns3:TrackPointExtension>
            <ns3:hr>172</ns3:hr>
          </ns3:TrackPointExtension>
        </extensions>
      </trkpt>
      <trkpt lat="45.48950926400721073150634765625" lon="-73.55993695557117462158203125">
        <ele>32</ele>
        <time>2024-05-23T18:26:27.000Z</time>
        <extensions>
          <ns3:TrackPointExtension>
            <ns3:hr>171</ns3:hr>
          </ns3:TrackPointExtension>
        </extensions>
      </trkpt>
      <trkpt lat="45.48953692428767681121826171875" lon="-73.55988054536283016204833984375">
        <ele>32.200000762939453125</ele>
        <time>2024-05-23T18:26:28.000Z</time>
        <extensions>
          <ns3:TrackPointExtension>
            <ns3:hr>171</ns3:hr>
          </ns3:TrackPointExtension>
        </extensions>
      </trkpt>
      <trkpt lat="45.48961236141622066497802734375" lon="-73.55970636941492557525634765625">
        <ele>32.59999847412109375</ele>
        <time>2024-05-23T18:26:31.000Z</time>
        <extensions>
          <ns3:TrackPointExtension>
            <ns3:hr>168</ns3:hr>
          </ns3:TrackPointExtension>
        </extensions>
      </trkpt>
      <trkpt lat="45.4896380938589572906494140625" lon="-73.55964618735015392303466796875">
        <ele>32.799999237060546875</ele>
        <time>2024-05-23T18:26:32.000Z</time>
        <extensions>
          <ns3:TrackPointExtension>
            <ns3:hr>167</ns3:hr>
          </ns3:TrackPointExtension>
        </extensions>
      </trkpt>
      <trkpt lat="45.48965544439852237701416015625" lon="-73.55957846157252788543701171875">
        <ele>32.799999237060546875</ele>
        <time>2024-05-23T18:26:33.000Z</time>
        <extensions>
          <ns3:TrackPointExtension>
            <ns3:hr>167</ns3:hr>
          </ns3:TrackPointExtension>
        </extensions>
      </trkpt>
      <trkpt lat="45.489728786051273345947265625" lon="-73.559302277863025665283203125">
        <ele>31.799999237060546875</ele>
        <time>2024-05-23T18:26:37.000Z</time>
        <extensions>
          <ns3:TrackPointExtension>
            <ns3:hr>165</ns3:hr>
          </ns3:TrackPointExtension>
        </extensions>
      </trkpt>
      <trkpt lat="45.4897869564592838287353515625" lon="-73.55918669141829013824462890625">
        <ele>31.799999237060546875</ele>
        <time>2024-05-23T18:26:39.000Z</time>
        <extensions>
          <ns3:TrackPointExtension>
            <ns3:hr>165</ns3:hr>
          </ns3:TrackPointExtension>
        </extensions>
      </trkpt>
      <trkpt lat="45.48997320234775543212890625" lon="-73.558833897113800048828125">
        <ele>32.200000762939453125</ele>
        <time>2024-05-23T18:26:45.000Z</time>
        <extensions>
          <ns3:TrackPointExtension>
            <ns3:hr>168</ns3:hr>
          </ns3:TrackPointExtension>
        </extensions>
      </trkpt>
      <trkpt lat="45.490007065236568450927734375" lon="-73.55877329595386981964111328125">
        <ele>32.40000152587890625</ele>
        <time>2024-05-23T18:26:46.000Z</time>
        <extensions>
          <ns3:TrackPointExtension>
            <ns3:hr>169</ns3:hr>
          </ns3:TrackPointExtension>
        </extensions>
      </trkpt>
      <trkpt lat="45.4901004396378993988037109375" lon="-73.55858981609344482421875">
        <ele>32.40000152587890625</ele>
        <time>2024-05-23T18:26:49.000Z</time>
        <extensions>
          <ns3:TrackPointExtension>
            <ns3:hr>172</ns3:hr>
          </ns3:TrackPointExtension>
        </extensions>
      </trkpt>
      <trkpt lat="45.49025910906493663787841796875" lon="-73.55828069150447845458984375">
        <ele>32.40000152587890625</ele>
        <time>2024-05-23T18:26:54.000Z</time>
        <extensions>
          <ns3:TrackPointExtension>
            <ns3:hr>175</ns3:hr>
          </ns3:TrackPointExtension>
        </extensions>
      </trkpt>
      <trkpt lat="45.49032649956643581390380859375" lon="-73.55808782391250133514404296875">
        <ele>32.200000762939453125</ele>
        <time>2024-05-23T18:26:57.000Z</time>
        <extensions>
          <ns3:TrackPointExtension>
            <ns3:hr>176</ns3:hr>
          </ns3:TrackPointExtension>
        </extensions>
      </trkpt>
      <trkpt lat="45.4903505556285381317138671875" lon="-73.55802185833454132080078125">
        <ele>32</ele>
        <time>2024-05-23T18:26:58.000Z</time>
        <extensions>
          <ns3:TrackPointExtension>
            <ns3:hr>175</ns3:hr>
          </ns3:TrackPointExtension>
        </extensions>
      </trkpt>
      <trkpt lat="45.4905453510582447052001953125" lon="-73.5575968958437442779541015625">
        <ele>30.6000003814697265625</ele>
        <time>2024-05-23T18:27:04.000Z</time>
        <extensions>
          <ns3:TrackPointExtension>
            <ns3:hr>173</ns3:hr>
          </ns3:TrackPointExtension>
        </extensions>
      </trkpt>
      <trkpt lat="45.4906231351196765899658203125" lon="-73.55750343762338161468505859375">
        <ele>30.3999996185302734375</ele>
        <time>2024-05-23T18:27:06.000Z</time>
        <extensions>
          <ns3:TrackPointExtension>
            <ns3:hr>172</ns3:hr>
          </ns3:TrackPointExtension>
        </extensions>
      </trkpt>
      <trkpt lat="45.49067552201449871063232421875" lon="-73.55745465494692325592041015625">
        <ele>30.3999996185302734375</ele>
        <time>2024-05-23T18:27:07.000Z</time>
        <extensions>
          <ns3:TrackPointExtension>
            <ns3:hr>172</ns3:hr>
          </ns3:TrackPointExtension>
        </extensions>
      </trkpt>
      <trkpt lat="45.4907227121293544769287109375" lon="-73.5573662258684635162353515625">
        <ele>30.3999996185302734375</ele>
        <time>2024-05-23T18:27:08.000Z</time>
        <extensions>
          <ns3:TrackPointExtension>
            <ns3:hr>172</ns3:hr>
          </ns3:TrackPointExtension>
        </extensions>
      </trkpt>
      <trkpt lat="45.4907639510929584503173828125" lon="-73.5572052933275699615478515625">
        <ele>30.6000003814697265625</ele>
        <time>2024-05-23T18:27:10.000Z</time>
        <extensions>
          <ns3:TrackPointExtension>
            <ns3:hr>171</ns3:hr>
          </ns3:TrackPointExtension>
        </extensions>
      </trkpt>
      <trkpt lat="45.4909208603203296661376953125" lon="-73.5569001920521259307861328125">
        <ele>31</ele>
        <time>2024-05-23T18:27:15.000Z</time>
        <extensions>
          <ns3:TrackPointExtension>
            <ns3:hr>170</ns3:hr>
          </ns3:TrackPointExtension>
        </extensions>
      </trkpt>
      <trkpt lat="45.49095564521849155426025390625" lon="-73.55685375630855560302734375">
        <ele>31.6000003814697265625</ele>
        <time>2024-05-23T18:27:16.000Z</time>
        <extensions>
          <ns3:TrackPointExtension>
            <ns3:hr>170</ns3:hr>
          </ns3:TrackPointExtension>
        </extensions>
      </trkpt>
      <trkpt lat="45.49107466824352741241455078125" lon="-73.55668419040739536285400390625">
        <ele>32.799999237060546875</ele>
        <time>2024-05-23T18:27:20.000Z</time>
        <extensions>
          <ns3:TrackPointExtension>
            <ns3:hr>171</ns3:hr>
          </ns3:TrackPointExtension>
        </extensions>
      </trkpt>
      <trkpt lat="45.4911029152572154998779296875" lon="-73.55663155205547809600830078125">
        <ele>33</ele>
        <time>2024-05-23T18:27:21.000Z</time>
        <extensions>
          <ns3:TrackPointExtension>
            <ns3:hr>172</ns3:hr>
          </ns3:TrackPointExtension>
        </extensions>
      </trkpt>
      <trkpt lat="45.49119092524051666259765625" lon="-73.55647447519004344940185546875">
        <ele>33</ele>
        <time>2024-05-23T18:27:24.000Z</time>
        <extensions>
          <ns3:TrackPointExtension>
            <ns3:hr>174</ns3:hr>
          </ns3:TrackPointExtension>
        </extensions>
      </trkpt>
      <trkpt lat="45.49125018529593944549560546875" lon="-73.55637305416166782379150390625">
        <ele>32.799999237060546875</ele>
        <time>2024-05-23T18:27:26.000Z</time>
        <extensions>
          <ns3:TrackPointExtension>
            <ns3:hr>176</ns3:hr>
          </ns3:TrackPointExtension>
        </extensions>
      </trkpt>
      <trkpt lat="45.49132101237773895263671875" lon="-73.55625520460307598114013671875">
        <ele>32.59999847412109375</ele>
        <time>2024-05-23T18:27:28.000Z</time>
        <extensions>
          <ns3:TrackPointExtension>
            <ns3:hr>178</ns3:hr>
          </ns3:TrackPointExtension>
        </extensions>
      </trkpt>
      <trkpt lat="45.49135546199977397918701171875" lon="-73.55621212162077426910400390625">
        <ele>32.59999847412109375</ele>
        <time>2024-05-23T18:27:29.000Z</time>
        <extensions>
          <ns3:TrackPointExtension>
            <ns3:hr>178</ns3:hr>
          </ns3:TrackPointExtension>
        </extensions>
      </trkpt>
      <trkpt lat="45.4914586432278156280517578125" lon="-73.555980026721954345703125">
        <ele>32.799999237060546875</ele>
        <time>2024-05-23T18:27:33.000Z</time>
        <extensions>
          <ns3:TrackPointExtension>
            <ns3:hr>178</ns3:hr>
          </ns3:TrackPointExtension>
        </extensions>
      </trkpt>
      <trkpt lat="45.4915387742221355438232421875" lon="-73.55593107640743255615234375">
        <ele>32.799999237060546875</ele>
        <time>2024-05-23T18:27:35.000Z</time>
        <extensions>
          <ns3:TrackPointExtension>
            <ns3:hr>178</ns3:hr>
          </ns3:TrackPointExtension>
        </extensions>
      </trkpt>
      <trkpt lat="45.4915823601186275482177734375" lon="-73.55591657571494579315185546875">
        <ele>32.799999237060546875</ele>
        <time>2024-05-23T18:27:36.000Z</time>
        <extensions>
          <ns3:TrackPointExtension>
            <ns3:hr>178</ns3:hr>
          </ns3:TrackPointExtension>
        </extensions>
      </trkpt>
      <trkpt lat="45.4919511638581752777099609375" lon="-73.55585739947855472564697265625">
        <ele>33.200000762939453125</ele>
        <time>2024-05-23T18:27:44.000Z</time>
        <extensions>
          <ns3:TrackPointExtension>
            <ns3:hr>175</ns3:hr>
          </ns3:TrackPointExtension>
        </extensions>
      </trkpt>
      <trkpt lat="45.49226338975131511688232421875" lon="-73.55579269118607044219970703125">
        <ele>33.40000152587890625</ele>
        <time>2024-05-23T18:27:51.000Z</time>
        <extensions>
          <ns3:TrackPointExtension>
            <ns3:hr>175</ns3:hr>
          </ns3:TrackPointExtension>
        </extensions>
      </trkpt>
      <trkpt lat="45.49260453321039676666259765625" lon="-73.55570417828857898712158203125">
        <ele>33</ele>
        <time>2024-05-23T18:27:59.000Z</time>
        <extensions>
          <ns3:TrackPointExtension>
            <ns3:hr>174</ns3:hr>
          </ns3:TrackPointExtension>
        </extensions>
      </trkpt>
      <trkpt lat="45.4926468618214130401611328125" lon="-73.5556978918612003326416015625">
        <ele>33</ele>
        <time>2024-05-23T18:28:00.000Z</time>
        <extensions>
          <ns3:TrackPointExtension>
            <ns3:hr>174</ns3:hr>
          </ns3:TrackPointExtension>
        </extensions>
      </trkpt>
      <trkpt lat="45.4927286691963672637939453125" lon="-73.55571909807622432708740234375">
        <ele>32.799999237060546875</ele>
        <time>2024-05-23T18:28:02.000Z</time>
        <extensions>
          <ns3:TrackPointExtension>
            <ns3:hr>174</ns3:hr>
          </ns3:TrackPointExtension>
        </extensions>
      </trkpt>
      <trkpt lat="45.4927658848464488983154296875" lon="-73.55574893765151500701904296875">
        <ele>32.799999237060546875</ele>
        <time>2024-05-23T18:28:03.000Z</time>
        <extensions>
          <ns3:TrackPointExtension>
            <ns3:hr>174</ns3:hr>
          </ns3:TrackPointExtension>
        </extensions>
      </trkpt>
      <trkpt lat="45.492796562612056732177734375" lon="-73.5557857342064380645751953125">
        <ele>32.799999237060546875</ele>
        <time>2024-05-23T18:28:04.000Z</time>
        <extensions>
          <ns3:TrackPointExtension>
            <ns3:hr>173</ns3:hr>
          </ns3:TrackPointExtension>
        </extensions>
      </trkpt>
      <trkpt lat="45.492864288389682769775390625" lon="-73.555921018123626708984375">
        <ele>32.200000762939453125</ele>
        <time>2024-05-23T18:28:07.000Z</time>
        <extensions>
          <ns3:TrackPointExtension>
            <ns3:hr>172</ns3:hr>
          </ns3:TrackPointExtension>
        </extensions>
      </trkpt>
      <trkpt lat="45.4929130710661411285400390625" lon="-73.5560913383960723876953125">
        <ele>31.799999237060546875</ele>
        <time>2024-05-23T18:28:11.000Z</time>
        <extensions>
          <ns3:TrackPointExtension>
            <ns3:hr>171</ns3:hr>
          </ns3:TrackPointExtension>
        </extensions>
      </trkpt>
      <trkpt lat="45.4929331876337528228759765625" lon="-73.55614364147186279296875">
        <ele>31.799999237060546875</ele>
        <time>2024-05-23T18:28:13.000Z</time>
        <extensions>
          <ns3:TrackPointExtension>
            <ns3:hr>172</ns3:hr>
          </ns3:TrackPointExtension>
        </extensions>
      </trkpt>
      <trkpt lat="45.4929672181606292724609375" lon="-73.55616920627653598785400390625">
        <ele>31.799999237060546875</ele>
        <time>2024-05-23T18:28:15.000Z</time>
        <extensions>
          <ns3:TrackPointExtension>
            <ns3:hr>173</ns3:hr>
          </ns3:TrackPointExtension>
        </extensions>
      </trkpt>
      <trkpt lat="45.493051707744598388671875" lon="-73.556275069713592529296875">
        <ele>31.6000003814697265625</ele>
        <time>2024-05-23T18:28:18.000Z</time>
        <extensions>
          <ns3:TrackPointExtension>
            <ns3:hr>175</ns3:hr>
          </ns3:TrackPointExtension>
        </extensions>
      </trkpt>
      <trkpt lat="45.49308917485177516937255859375" lon="-73.55637992732226848602294921875">
        <ele>31.3999996185302734375</ele>
        <time>2024-05-23T18:28:20.000Z</time>
        <extensions>
          <ns3:TrackPointExtension>
            <ns3:hr>176</ns3:hr>
          </ns3:TrackPointExtension>
        </extensions>
      </trkpt>
      <trkpt lat="45.49312605522572994232177734375" lon="-73.55653750710189342498779296875">
        <ele>31.3999996185302734375</ele>
        <time>2024-05-23T18:28:23.000Z</time>
        <extensions>
          <ns3:TrackPointExtension>
            <ns3:hr>178</ns3:hr>
          </ns3:TrackPointExtension>
        </extensions>
      </trkpt>
      <trkpt lat="45.4931390471756458282470703125" lon="-73.55677203275263309478759765625">
        <ele>30.799999237060546875</ele>
        <time>2024-05-23T18:28:28.000Z</time>
        <extensions>
          <ns3:TrackPointExtension>
            <ns3:hr>178</ns3:hr>
          </ns3:TrackPointExtension>
        </extensions>
      </trkpt>
      <trkpt lat="45.49314700998365879058837890625" lon="-73.55681913904845714569091796875">
        <ele>30.799999237060546875</ele>
        <time>2024-05-23T18:28:29.000Z</time>
        <extensions>
          <ns3:TrackPointExtension>
            <ns3:hr>177</ns3:hr>
          </ns3:TrackPointExtension>
        </extensions>
      </trkpt>
      <trkpt lat="45.493178777396678924560546875" lon="-73.556951992213726043701171875">
        <ele>30.6000003814697265625</ele>
        <time>2024-05-23T18:28:32.000Z</time>
        <extensions>
          <ns3:TrackPointExtension>
            <ns3:hr>174</ns3:hr>
          </ns3:TrackPointExtension>
        </extensions>
      </trkpt>
      <trkpt lat="45.49323082901537418365478515625" lon="-73.55709121562540531158447265625">
        <ele>30.6000003814697265625</ele>
        <time>2024-05-23T18:28:35.000Z</time>
        <extensions>
          <ns3:TrackPointExtension>
            <ns3:hr>170</ns3:hr>
          </ns3:TrackPointExtension>
        </extensions>
      </trkpt>
      <trkpt lat="45.49328899942338466644287109375" lon="-73.5572153516113758087158203125">
        <ele>30.6000003814697265625</ele>
        <time>2024-05-23T18:28:39.000Z</time>
        <extensions>
          <ns3:TrackPointExtension>
            <ns3:hr>169</ns3:hr>
          </ns3:TrackPointExtension>
        </extensions>
      </trkpt>
      <trkpt lat="45.4932962916791439056396484375" lon="-73.55730034410953521728515625">
        <ele>30.200000762939453125</ele>
        <time>2024-05-23T18:28:43.000Z</time>
        <extensions>
          <ns3:TrackPointExtension>
            <ns3:hr>166</ns3:hr>
          </ns3:TrackPointExtension>
        </extensions>
      </trkpt>
      <trkpt lat="45.49329671077430248260498046875" lon="-73.55730378068983554840087890625">
        <ele>30</ele>
        <time>2024-05-23T18:28:45.000Z</time>
        <extensions>
          <ns3:TrackPointExtension>
            <ns3:hr>165</ns3:hr>
          </ns3:TrackPointExtension>
        </extensions>
      </trkpt>
      <trkpt lat="45.4933050088584423065185546875" lon="-73.5573155991733074188232421875">
        <ele>29.799999237060546875</ele>
        <time>2024-05-23T18:28:50.000Z</time>
        <extensions>
          <ns3:TrackPointExtension>
            <ns3:hr>165</ns3:hr>
          </ns3:TrackPointExtension>
        </extensions>
      </trkpt>
      <trkpt lat="45.49330660142004489898681640625" lon="-73.55731953866779804229736328125">
        <ele>29.799999237060546875</ele>
        <time>2024-05-23T18:28:51.000Z</time>
        <extensions>
          <ns3:TrackPointExtension>
            <ns3:hr>165</ns3:hr>
          </ns3:TrackPointExtension>
        </extensions>
      </trkpt>
      <trkpt lat="45.49330391921103000640869140625" lon="-73.55731819756329059600830078125">
        <ele>29.799999237060546875</ele>
        <time>2024-05-23T18:28:52.000Z</time>
        <extensions>
          <ns3:TrackPointExtension>
            <ns3:hr>165</ns3:hr>
          </ns3:TrackPointExtension>
        </extensions>
      </trkpt>
      <trkpt lat="45.49330190755426883697509765625" lon="-73.5573145933449268341064453125">
        <ele>29.799999237060546875</ele>
        <time>2024-05-23T18:28:54.000Z</time>
        <extensions>
          <ns3:TrackPointExtension>
            <ns3:hr>164</ns3:hr>
          </ns3:TrackPointExtension>
        </extensions>
      </trkpt>
      <trkpt lat="45.49330190755426883697509765625" lon="-73.5573145933449268341064453125">
        <ele>30.6000003814697265625</ele>
        <time>2024-05-23T18:29:02.000Z</time>
        <extensions>
          <ns3:TrackPointExtension>
            <ns3:hr>162</ns3:hr>
          </ns3:TrackPointExtension>
        </extensions>
      </trkpt>
      <trkpt lat="45.4933107085525989532470703125" lon="-73.55735574848949909210205078125">
        <ele>30.3999996185302734375</ele>
        <time>2024-05-23T18:29:10.000Z</time>
        <extensions>
          <ns3:TrackPointExtension>
            <ns3:hr>162</ns3:hr>
          </ns3:TrackPointExtension>
        </extensions>
      </trkpt>
      <trkpt lat="45.49331682734191417694091796875" lon="-73.55738055892288684844970703125">
        <ele>30.3999996185302734375</ele>
        <time>2024-05-23T18:29:11.000Z</time>
        <extensions>
          <ns3:TrackPointExtension>
            <ns3:hr>162</ns3:hr>
          </ns3:TrackPointExtension>
        </extensions>
      </trkpt>
      <trkpt lat="45.49336862750351428985595703125" lon="-73.5575338639318943023681640625">
        <ele>30.3999996185302734375</ele>
        <time>2024-05-23T18:29:15.000Z</time>
        <extensions>
          <ns3:TrackPointExtension>
            <ns3:hr>159</ns3:hr>
          </ns3:TrackPointExtension>
        </extensions>
      </trkpt>
      <trkpt lat="45.4933874867856502532958984375" lon="-73.55756596662104129791259765625">
        <ele>30.6000003814697265625</ele>
        <time>2024-05-23T18:29:16.000Z</time>
        <extensions>
          <ns3:TrackPointExtension>
            <ns3:hr>159</ns3:hr>
          </ns3:TrackPointExtension>
        </extensions>
      </trkpt>
      <trkpt lat="45.493472479283809661865234375" lon="-73.55770208872854709625244140625">
        <ele>31.200000762939453125</ele>
        <time>2024-05-23T18:29:20.000Z</time>
        <extensions>
          <ns3:TrackPointExtension>
            <ns3:hr>158</ns3:hr>
          </ns3:TrackPointExtension>
        </extensions>
      </trkpt>
      <trkpt lat="45.493586473166942596435546875" lon="-73.5579083673655986785888671875">
        <ele>30.200000762939453125</ele>
        <time>2024-05-23T18:29:26.000Z</time>
        <extensions>
          <ns3:TrackPointExtension>
            <ns3:hr>158</ns3:hr>
          </ns3:TrackPointExtension>
        </extensions>
      </trkpt>
      <trkpt lat="45.49366660416126251220703125" lon="-73.558135516941547393798828125">
        <ele>30.200000762939453125</ele>
        <time>2024-05-23T18:29:31.000Z</time>
        <extensions>
          <ns3:TrackPointExtension>
            <ns3:hr>161</ns3:hr>
          </ns3:TrackPointExtension>
        </extensions>
      </trkpt>
      <trkpt lat="45.493682362139225006103515625" lon="-73.5581834614276885986328125">
        <ele>30</ele>
        <time>2024-05-23T18:29:32.000Z</time>
        <extensions>
          <ns3:TrackPointExtension>
            <ns3:hr>161</ns3:hr>
          </ns3:TrackPointExtension>
        </extensions>
      </trkpt>
      <trkpt lat="45.49375670962035655975341796875" lon="-73.5583311505615711212158203125">
        <ele>29.799999237060546875</ele>
        <time>2024-05-23T18:29:36.000Z</time>
        <extensions>
          <ns3:TrackPointExtension>
            <ns3:hr>163</ns3:hr>
          </ns3:TrackPointExtension>
        </extensions>
      </trkpt>
      <trkpt lat="45.49378017894923686981201171875" lon="-73.55836392380297183990478515625">
        <ele>29.6000003814697265625</ele>
        <time>2024-05-23T18:29:37.000Z</time>
        <extensions>
          <ns3:TrackPointExtension>
            <ns3:hr>162</ns3:hr>
          </ns3:TrackPointExtension>
        </extensions>
      </trkpt>
      <trkpt lat="45.49385310150682926177978515625" lon="-73.558463416993618011474609375">
        <ele>29.799999237060546875</ele>
        <time>2024-05-23T18:29:40.000Z</time>
        <extensions>
          <ns3:TrackPointExtension>
            <ns3:hr>163</ns3:hr>
          </ns3:TrackPointExtension>
        </extensions>
      </trkpt>
      <trkpt lat="45.49388252198696136474609375" lon="-73.55849199928343296051025390625">
        <ele>29.799999237060546875</ele>
        <time>2024-05-23T18:29:41.000Z</time>
        <extensions>
          <ns3:TrackPointExtension>
            <ns3:hr>163</ns3:hr>
          </ns3:TrackPointExtension>
        </extensions>
      </trkpt>
      <trkpt lat="45.49398385919630527496337890625" lon="-73.55864035896956920623779296875">
        <ele>30.200000762939453125</ele>
        <time>2024-05-23T18:29:45.000Z</time>
        <extensions>
          <ns3:TrackPointExtension>
            <ns3:hr>162</ns3:hr>
          </ns3:TrackPointExtension>
        </extensions>
      </trkpt>
      <trkpt lat="45.494028367102146148681640625" lon="-73.55871789157390594482421875">
        <ele>30.799999237060546875</ele>
        <time>2024-05-23T18:29:47.000Z</time>
        <extensions>
          <ns3:TrackPointExtension>
            <ns3:hr>162</ns3:hr>
          </ns3:TrackPointExtension>
        </extensions>
      </trkpt>
      <trkpt lat="45.49406616948544979095458984375" lon="-73.55886767618358135223388671875">
        <ele>32.200000762939453125</ele>
        <time>2024-05-23T18:29:50.000Z</time>
        <extensions>
          <ns3:TrackPointExtension>
            <ns3:hr>161</ns3:hr>
          </ns3:TrackPointExtension>
        </extensions>
      </trkpt>
      <trkpt lat="45.4941250942647457122802734375" lon="-73.55912030674517154693603515625">
        <ele>32.59999847412109375</ele>
        <time>2024-05-23T18:29:56.000Z</time>
        <extensions>
          <ns3:TrackPointExtension>
            <ns3:hr>162</ns3:hr>
          </ns3:TrackPointExtension>
        </extensions>
      </trkpt>
      <trkpt lat="45.4941602982580661773681640625" lon="-73.55936271138489246368408203125">
        <ele>31.200000762939453125</ele>
        <time>2024-05-23T18:30:01.000Z</time>
        <extensions>
          <ns3:TrackPointExtension>
            <ns3:hr>161</ns3:hr>
          </ns3:TrackPointExtension>
        </extensions>
      </trkpt>
      <trkpt lat="45.4941898025572299957275390625" lon="-73.55946220457553863525390625">
        <ele>30.200000762939453125</ele>
        <time>2024-05-23T18:30:03.000Z</time>
        <extensions>
          <ns3:TrackPointExtension>
            <ns3:hr>161</ns3:hr>
          </ns3:TrackPointExtension>
        </extensions>
      </trkpt>
      <trkpt lat="45.49420572817325592041015625" lon="-73.55951073579490184783935546875">
        <ele>30</ele>
        <time>2024-05-23T18:30:04.000Z</time>
        <extensions>
          <ns3:TrackPointExtension>
            <ns3:hr>161</ns3:hr>
          </ns3:TrackPointExtension>
        </extensions>
      </trkpt>
      <trkpt lat="45.49427202902734279632568359375" lon="-73.5596962273120880126953125">
        <ele>28.799999237060546875</ele>
        <time>2024-05-23T18:30:08.000Z</time>
        <extensions>
          <ns3:TrackPointExtension>
            <ns3:hr>162</ns3:hr>
          </ns3:TrackPointExtension>
        </extensions>
      </trkpt>
      <trkpt lat="45.49431880004703998565673828125" lon="-73.55977828614413738250732421875">
        <ele>28.3999996185302734375</ele>
        <time>2024-05-23T18:30:10.000Z</time>
        <extensions>
          <ns3:TrackPointExtension>
            <ns3:hr>164</ns3:hr>
          </ns3:TrackPointExtension>
        </extensions>
      </trkpt>
      <trkpt lat="45.4943986795842647552490234375" lon="-73.56001918204128742218017578125">
        <ele>28.200000762939453125</ele>
        <time>2024-05-23T18:30:15.000Z</time>
        <extensions>
          <ns3:TrackPointExtension>
            <ns3:hr>167</ns3:hr>
          </ns3:TrackPointExtension>
        </extensions>
      </trkpt>
      <trkpt lat="45.4944506473839282989501953125" lon="-73.56016251258552074432373046875">
        <ele>28.799999237060546875</ele>
        <time>2024-05-23T18:30:18.000Z</time>
        <extensions>
          <ns3:TrackPointExtension>
            <ns3:hr>170</ns3:hr>
          </ns3:TrackPointExtension>
        </extensions>
      </trkpt>
      <trkpt lat="45.49448543228209018707275390625" lon="-73.56025479733943939208984375">
        <ele>28.799999237060546875</ele>
        <time>2024-05-23T18:30:20.000Z</time>
        <extensions>
          <ns3:TrackPointExtension>
            <ns3:hr>173</ns3:hr>
          </ns3:TrackPointExtension>
        </extensions>
      </trkpt>
      <trkpt lat="45.494500100612640380859375" lon="-73.56030332855880260467529296875">
        <ele>29</ele>
        <time>2024-05-23T18:30:21.000Z</time>
        <extensions>
          <ns3:TrackPointExtension>
            <ns3:hr>175</ns3:hr>
          </ns3:TrackPointExtension>
        </extensions>
      </trkpt>
      <trkpt lat="45.49453203566372394561767578125" lon="-73.56039267964661121368408203125">
        <ele>29</ele>
        <time>2024-05-23T18:30:23.000Z</time>
        <extensions>
          <ns3:TrackPointExtension>
            <ns3:hr>179</ns3:hr>
          </ns3:TrackPointExtension>
        </extensions>
      </trkpt>
      <trkpt lat="45.4946615360677242279052734375" lon="-73.56072745285928249359130859375">
        <ele>29.200000762939453125</ele>
        <time>2024-05-23T18:30:31.000Z</time>
        <extensions>
          <ns3:TrackPointExtension>
            <ns3:hr>177</ns3:hr>
          </ns3:TrackPointExtension>
        </extensions>
      </trkpt>
      <trkpt lat="45.4947617836296558380126953125" lon="-73.56101495213806629180908203125">
        <ele>29.3999996185302734375</ele>
        <time>2024-05-23T18:30:39.000Z</time>
        <extensions>
          <ns3:TrackPointExtension>
            <ns3:hr>175</ns3:hr>
          </ns3:TrackPointExtension>
        </extensions>
      </trkpt>
      <trkpt lat="45.494836382567882537841796875" lon="-73.5612457059323787689208984375">
        <ele>28.6000003814697265625</ele>
        <time>2024-05-23T18:30:45.000Z</time>
        <extensions>
          <ns3:TrackPointExtension>
            <ns3:hr>172</ns3:hr>
          </ns3:TrackPointExtension>
        </extensions>
      </trkpt>
      <trkpt lat="45.49488566815853118896484375" lon="-73.56137151829898357391357421875">
        <ele>29.3999996185302734375</ele>
        <time>2024-05-23T18:30:48.000Z</time>
        <extensions>
          <ns3:TrackPointExtension>
            <ns3:hr>169</ns3:hr>
          </ns3:TrackPointExtension>
        </extensions>
      </trkpt>
      <trkpt lat="45.4949815571308135986328125" lon="-73.561639487743377685546875">
        <ele>29.200000762939453125</ele>
        <time>2024-05-23T18:30:54.000Z</time>
        <extensions>
          <ns3:TrackPointExtension>
            <ns3:hr>167</ns3:hr>
          </ns3:TrackPointExtension>
        </extensions>
      </trkpt>
      <trkpt lat="45.49516889266669750213623046875" lon="-73.56208615936338901519775390625">
        <ele>28.200000762939453125</ele>
        <time>2024-05-23T18:31:04.000Z</time>
        <extensions>
          <ns3:TrackPointExtension>
            <ns3:hr>166</ns3:hr>
          </ns3:TrackPointExtension>
        </extensions>
      </trkpt>
      <trkpt lat="45.49526863731443881988525390625" lon="-73.5623138956725597381591796875">
        <ele>28.799999237060546875</ele>
        <time>2024-05-23T18:31:10.000Z</time>
        <extensions>
          <ns3:TrackPointExtension>
            <ns3:hr>166</ns3:hr>
          </ns3:TrackPointExtension>
        </extensions>
      </trkpt>
      <trkpt lat="45.49533217214047908782958984375" lon="-73.56244356371462345123291015625">
        <ele>30</ele>
        <time>2024-05-23T18:31:14.000Z</time>
        <extensions>
          <ns3:TrackPointExtension>
            <ns3:hr>167</ns3:hr>
          </ns3:TrackPointExtension>
        </extensions>
      </trkpt>
      <trkpt lat="45.49536368809640407562255859375" lon="-73.56249980628490447998046875">
        <ele>30.200000762939453125</ele>
        <time>2024-05-23T18:31:16.000Z</time>
        <extensions>
          <ns3:TrackPointExtension>
            <ns3:hr>168</ns3:hr>
          </ns3:TrackPointExtension>
        </extensions>
      </trkpt>
      <trkpt lat="45.49545370973646640777587890625" lon="-73.5627182386815547943115234375">
        <ele>30.799999237060546875</ele>
        <time>2024-05-23T18:31:24.000Z</time>
        <extensions>
          <ns3:TrackPointExtension>
            <ns3:hr>166</ns3:hr>
          </ns3:TrackPointExtension>
        </extensions>
      </trkpt>
      <trkpt lat="45.495492517948150634765625" lon="-73.5628791712224483489990234375">
        <ele>30.200000762939453125</ele>
        <time>2024-05-23T18:31:30.000Z</time>
        <extensions>
          <ns3:TrackPointExtension>
            <ns3:hr>164</ns3:hr>
          </ns3:TrackPointExtension>
        </extensions>
      </trkpt>
      <trkpt lat="45.4956009797751903533935546875" lon="-73.56313155032694339752197265625">
        <ele>30.6000003814697265625</ele>
        <time>2024-05-23T18:31:36.000Z</time>
        <extensions>
          <ns3:TrackPointExtension>
            <ns3:hr>164</ns3:hr>
          </ns3:TrackPointExtension>
        </extensions>
      </trkpt>
      <trkpt lat="45.4957245290279388427734375" lon="-73.563530109822750091552734375">
        <ele>30.799999237060546875</ele>
        <time>2024-05-23T18:31:44.000Z</time>
        <extensions>
          <ns3:TrackPointExtension>
            <ns3:hr>166</ns3:hr>
          </ns3:TrackPointExtension>
        </extensions>
      </trkpt>
      <trkpt lat="45.4958745650947093963623046875" lon="-73.56403294019401073455810546875">
        <ele>30.6000003814697265625</ele>
        <time>2024-05-23T18:31:55.000Z</time>
        <extensions>
          <ns3:TrackPointExtension>
            <ns3:hr>164</ns3:hr>
          </ns3:TrackPointExtension>
        </extensions>
      </trkpt>
      <trkpt lat="45.49597975797951221466064453125" lon="-73.56436285190284252166748046875">
        <ele>30.200000762939453125</ele>
        <time>2024-05-23T18:32:02.000Z</time>
        <extensions>
          <ns3:TrackPointExtension>
            <ns3:hr>163</ns3:hr>
          </ns3:TrackPointExtension>
        </extensions>
      </trkpt>
      <trkpt lat="45.496058799326419830322265625" lon="-73.56464423239231109619140625">
        <ele>30</ele>
        <time>2024-05-23T18:32:08.000Z</time>
        <extensions>
          <ns3:TrackPointExtension>
            <ns3:hr>163</ns3:hr>
          </ns3:TrackPointExtension>
        </extensions>
      </trkpt>
      <trkpt lat="45.49614898860454559326171875" lon="-73.56491974554955959320068359375">
        <ele>29.799999237060546875</ele>
        <time>2024-05-23T18:32:16.000Z</time>
        <extensions>
          <ns3:TrackPointExtension>
            <ns3:hr>163</ns3:hr>
          </ns3:TrackPointExtension>
        </extensions>
      </trkpt>
      <trkpt lat="45.49620389007031917572021484375" lon="-73.5650923289358615875244140625">
        <ele>30.200000762939453125</ele>
        <time>2024-05-23T18:32:23.000Z</time>
        <extensions>
          <ns3:TrackPointExtension>
            <ns3:hr>161</ns3:hr>
          </ns3:TrackPointExtension>
        </extensions>
      </trkpt>
      <trkpt lat="45.49620405770838260650634765625" lon="-73.565097860991954803466796875">
        <ele>30.799999237060546875</ele>
        <time>2024-05-23T18:32:27.000Z</time>
        <extensions>
          <ns3:TrackPointExtension>
            <ns3:hr>160</ns3:hr>
          </ns3:TrackPointExtension>
        </extensions>
      </trkpt>
      <trkpt lat="45.49620405770838260650634765625" lon="-73.565097860991954803466796875">
        <ele>31.200000762939453125</ele>
        <time>2024-05-23T18:32:28.000Z</time>
        <extensions>
          <ns3:TrackPointExtension>
            <ns3:hr>159</ns3:hr>
          </ns3:TrackPointExtension>
        </extensions>
      </trkpt>
      <trkpt lat="45.49620405770838260650634765625" lon="-73.565097860991954803466796875">
        <ele>31.200000762939453125</ele>
        <time>2024-05-23T18:32:34.000Z</time>
        <extensions>
          <ns3:TrackPointExtension>
            <ns3:hr>156</ns3:hr>
          </ns3:TrackPointExtension>
        </extensions>
      </trkpt>
      <trkpt lat="45.49620405770838260650634765625" lon="-73.565097860991954803466796875">
        <ele>31.200000762939453125</ele>
        <time>2024-05-23T18:32:40.000Z</time>
        <extensions>
          <ns3:TrackPointExtension>
            <ns3:hr>152</ns3:hr>
          </ns3:TrackPointExtension>
        </extensions>
      </trkpt>
      <trkpt lat="45.49620405770838260650634765625" lon="-73.565097860991954803466796875">
        <ele>31.200000762939453125</ele>
        <time>2024-05-23T18:32:43.000Z</time>
        <extensions>
          <ns3:TrackPointExtension>
            <ns3:hr>149</ns3:hr>
          </ns3:TrackPointExtension>
        </extensions>
      </trkpt>
      <trkpt lat="45.49620405770838260650634765625" lon="-73.565097860991954803466796875">
        <ele>31.200000762939453125</ele>
        <time>2024-05-23T18:32:47.000Z</time>
        <extensions>
          <ns3:TrackPointExtension>
            <ns3:hr>145</ns3:hr>
          </ns3:TrackPointExtension>
        </extensions>
      </trkpt>
      <trkpt lat="45.49620405770838260650634765625" lon="-73.565097860991954803466796875">
        <ele>31.200000762939453125</ele>
        <time>2024-05-23T18:32:53.000Z</time>
        <extensions>
          <ns3:TrackPointExtension>
            <ns3:hr>145</ns3:hr>
          </ns3:TrackPointExtension>
        </extensions>
      </trkpt>
      <trkpt lat="45.49620472826063632965087890625" lon="-73.56510297395288944244384765625">
        <ele>31.200000762939453125</ele>
        <time>2024-05-23T18:33:06.000Z</time>
        <extensions>
          <ns3:TrackPointExtension>
            <ns3:hr>144</ns3:hr>
          </ns3:TrackPointExtension>
        </extensions>
      </trkpt>
      <trkpt lat="45.49621797166764736175537109375" lon="-73.56514253653585910797119140625">
        <ele>31.200000762939453125</ele>
        <time>2024-05-23T18:33:08.000Z</time>
        <extensions>
          <ns3:TrackPointExtension>
            <ns3:hr>145</ns3:hr>
          </ns3:TrackPointExtension>
        </extensions>
      </trkpt>
      <trkpt lat="45.49624479375779628753662109375" lon="-73.56519668363034725189208984375">
        <ele>31.200000762939453125</ele>
        <time>2024-05-23T18:33:10.000Z</time>
        <extensions>
          <ns3:TrackPointExtension>
            <ns3:hr>145</ns3:hr>
          </ns3:TrackPointExtension>
        </extensions>
      </trkpt>
      <trkpt lat="45.49631704576313495635986328125" lon="-73.56540807522833347320556640625">
        <ele>31</ele>
        <time>2024-05-23T18:33:16.000Z</time>
        <extensions>
          <ns3:TrackPointExtension>
            <ns3:hr>148</ns3:hr>
          </ns3:TrackPointExtension>
        </extensions>
      </trkpt>
      <trkpt lat="45.4963291995227336883544921875" lon="-73.56545417569577693939208984375">
        <ele>31</ele>
        <time>2024-05-23T18:33:17.000Z</time>
        <extensions>
          <ns3:TrackPointExtension>
            <ns3:hr>149</ns3:hr>
          </ns3:TrackPointExtension>
        </extensions>
      </trkpt>
      <trkpt lat="45.496359877288341522216796875" lon="-73.56552399694919586181640625">
        <ele>30.799999237060546875</ele>
        <time>2024-05-23T18:33:19.000Z</time>
        <extensions>
          <ns3:TrackPointExtension>
            <ns3:hr>152</ns3:hr>
          </ns3:TrackPointExtension>
        </extensions>
      </trkpt>
      <trkpt lat="45.4964086599647998809814453125" lon="-73.5656301118433475494384765625">
        <ele>30.6000003814697265625</ele>
        <time>2024-05-23T18:33:22.000Z</time>
        <extensions>
          <ns3:TrackPointExtension>
            <ns3:hr>155</ns3:hr>
          </ns3:TrackPointExtension>
        </extensions>
      </trkpt>
      <trkpt lat="45.49644160084426403045654296875" lon="-73.5656990110874176025390625">
        <ele>30.6000003814697265625</ele>
        <time>2024-05-23T18:33:24.000Z</time>
        <extensions>
          <ns3:TrackPointExtension>
            <ns3:hr>156</ns3:hr>
          </ns3:TrackPointExtension>
        </extensions>
      </trkpt>
      <trkpt lat="45.49651603214442729949951171875" lon="-73.56586136855185031890869140625">
        <ele>32</ele>
        <time>2024-05-23T18:33:29.000Z</time>
        <extensions>
          <ns3:TrackPointExtension>
            <ns3:hr>159</ns3:hr>
          </ns3:TrackPointExtension>
        </extensions>
      </trkpt>
      <trkpt lat="45.4965337179601192474365234375" lon="-73.5658929683268070220947265625">
        <ele>32.40000152587890625</ele>
        <time>2024-05-23T18:33:30.000Z</time>
        <extensions>
          <ns3:TrackPointExtension>
            <ns3:hr>160</ns3:hr>
          </ns3:TrackPointExtension>
        </extensions>
      </trkpt>
      <trkpt lat="45.4965506494045257568359375" lon="-73.56592523865401744842529296875">
        <ele>32.59999847412109375</ele>
        <time>2024-05-23T18:33:31.000Z</time>
        <extensions>
          <ns3:TrackPointExtension>
            <ns3:hr>160</ns3:hr>
          </ns3:TrackPointExtension>
        </extensions>
      </trkpt>
      <trkpt lat="45.49658811651170253753662109375" lon="-73.5659851692616939544677734375">
        <ele>32.799999237060546875</ele>
        <time>2024-05-23T18:33:33.000Z</time>
        <extensions>
          <ns3:TrackPointExtension>
            <ns3:hr>163</ns3:hr>
          </ns3:TrackPointExtension>
        </extensions>
      </trkpt>
      <trkpt lat="45.49662147648632526397705078125" lon="-73.566049039363861083984375">
        <ele>33.200000762939453125</ele>
        <time>2024-05-23T18:33:35.000Z</time>
        <extensions>
          <ns3:TrackPointExtension>
            <ns3:hr>166</ns3:hr>
          </ns3:TrackPointExtension>
        </extensions>
      </trkpt>
      <trkpt lat="45.49663706682622432708740234375" lon="-73.56607854366302490234375">
        <ele>33.40000152587890625</ele>
        <time>2024-05-23T18:33:36.000Z</time>
        <extensions>
          <ns3:TrackPointExtension>
            <ns3:hr>167</ns3:hr>
          </ns3:TrackPointExtension>
        </extensions>
      </trkpt>
      <trkpt lat="45.49666657112538814544677734375" lon="-73.566140569746494293212890625">
        <ele>33.59999847412109375</ele>
        <time>2024-05-23T18:33:38.000Z</time>
        <extensions>
          <ns3:TrackPointExtension>
            <ns3:hr>168</ns3:hr>
          </ns3:TrackPointExtension>
        </extensions>
      </trkpt>
      <trkpt lat="45.4967130906879901885986328125" lon="-73.5662624426186084747314453125">
        <ele>34.200000762939453125</ele>
        <time>2024-05-23T18:33:42.000Z</time>
        <extensions>
          <ns3:TrackPointExtension>
            <ns3:hr>172</ns3:hr>
          </ns3:TrackPointExtension>
        </extensions>
      </trkpt>
      <trkpt lat="45.496763549745082855224609375" lon="-73.56634349562227725982666015625">
        <ele>34.40000152587890625</ele>
        <time>2024-05-23T18:33:45.000Z</time>
        <extensions>
          <ns3:TrackPointExtension>
            <ns3:hr>174</ns3:hr>
          </ns3:TrackPointExtension>
        </extensions>
      </trkpt>
      <trkpt lat="45.49678140319883823394775390625" lon="-73.566366545855998992919921875">
        <ele>34.59999847412109375</ele>
        <time>2024-05-23T18:33:46.000Z</time>
        <extensions>
          <ns3:TrackPointExtension>
            <ns3:hr>175</ns3:hr>
          </ns3:TrackPointExtension>
        </extensions>
      </trkpt>
      <trkpt lat="45.49685147590935230255126953125" lon="-73.5664428211748600006103515625">
        <ele>35</ele>
        <time>2024-05-23T18:33:50.000Z</time>
        <extensions>
          <ns3:TrackPointExtension>
            <ns3:hr>178</ns3:hr>
          </ns3:TrackPointExtension>
        </extensions>
      </trkpt>
      <trkpt lat="45.4968716762959957122802734375" lon="-73.56647844426333904266357421875">
        <ele>35.200000762939453125</ele>
        <time>2024-05-23T18:33:52.000Z</time>
        <extensions>
          <ns3:TrackPointExtension>
            <ns3:hr>180</ns3:hr>
          </ns3:TrackPointExtension>
        </extensions>
      </trkpt>
      <trkpt lat="45.49689489416778087615966796875" lon="-73.5665041767060756683349609375">
        <ele>35.40000152587890625</ele>
        <time>2024-05-23T18:33:54.000Z</time>
        <extensions>
          <ns3:TrackPointExtension>
            <ns3:hr>181</ns3:hr>
          </ns3:TrackPointExtension>
        </extensions>
      </trkpt>
      <trkpt lat="45.4969041980803012847900390625" lon="-73.56651465408504009246826171875">
        <ele>35.59999847412109375</ele>
        <time>2024-05-23T18:33:55.000Z</time>
        <extensions>
          <ns3:TrackPointExtension>
            <ns3:hr>181</ns3:hr>
          </ns3:TrackPointExtension>
        </extensions>
      </trkpt>
      <trkpt lat="45.49690796993672847747802734375" lon="-73.56652907095849514007568359375">
        <ele>35.799999237060546875</ele>
        <time>2024-05-23T18:33:56.000Z</time>
        <extensions>
          <ns3:TrackPointExtension>
            <ns3:hr>181</ns3:hr>
          </ns3:TrackPointExtension>
        </extensions>
      </trkpt>
      <trkpt lat="45.4969088919460773468017578125" lon="-73.56653560884296894073486328125">
        <ele>36</ele>
        <time>2024-05-23T18:33:57.000Z</time>
        <extensions>
          <ns3:TrackPointExtension>
            <ns3:hr>181</ns3:hr>
          </ns3:TrackPointExtension>
        </extensions>
      </trkpt>
      <trkpt lat="45.4969088919460773468017578125" lon="-73.56653560884296894073486328125">
        <ele>36</ele>
        <time>2024-05-23T18:34:03.000Z</time>
        <extensions>
          <ns3:TrackPointExtension>
            <ns3:hr>182</ns3:hr>
          </ns3:TrackPointExtension>
        </extensions>
      </trkpt>
      <trkpt lat="45.4969088919460773468017578125" lon="-73.56653560884296894073486328125">
        <ele>36.200000762939453125</ele>
        <time>2024-05-23T18:34:10.000Z</time>
        <extensions>
          <ns3:TrackPointExtension>
            <ns3:hr>183</ns3:hr>
          </ns3:TrackPointExtension>
        </extensions>
      </trkpt>
      <trkpt lat="45.496901683509349822998046875" lon="-73.5665444098412990570068359375">
        <ele>36.59999847412109375</ele>
        <time>2024-05-23T18:34:13.000Z</time>
        <extensions>
          <ns3:TrackPointExtension>
            <ns3:hr>184</ns3:hr>
          </ns3:TrackPointExtension>
        </extensions>
      </trkpt>
      <trkpt lat="45.49691601656377315521240234375" lon="-73.5665507800877094268798828125">
        <ele>36.799999237060546875</ele>
        <time>2024-05-23T18:34:16.000Z</time>
        <extensions>
          <ns3:TrackPointExtension>
            <ns3:hr>184</ns3:hr>
          </ns3:TrackPointExtension>
        </extensions>
      </trkpt>
      <trkpt lat="45.4969296790659427642822265625" lon="-73.56656276620924472808837890625">
        <ele>37</ele>
        <time>2024-05-23T18:34:17.000Z</time>
        <extensions>
          <ns3:TrackPointExtension>
            <ns3:hr>184</ns3:hr>
          </ns3:TrackPointExtension>
        </extensions>
      </trkpt>
      <trkpt lat="45.49696127884089946746826171875" lon="-73.56665052473545074462890625">
        <ele>37.40000152587890625</ele>
        <time>2024-05-23T18:34:20.000Z</time>
        <extensions>
          <ns3:TrackPointExtension>
            <ns3:hr>183</ns3:hr>
          </ns3:TrackPointExtension>
        </extensions>
      </trkpt>
      <trkpt lat="45.4969739355146884918212890625" lon="-73.566686399281024932861328125">
        <ele>37.59999847412109375</ele>
        <time>2024-05-23T18:34:21.000Z</time>
        <extensions>
          <ns3:TrackPointExtension>
            <ns3:hr>183</ns3:hr>
          </ns3:TrackPointExtension>
        </extensions>
      </trkpt>
      <trkpt lat="45.4970865882933139801025390625" lon="-73.56695939786732196807861328125">
        <ele>37.799999237060546875</ele>
        <time>2024-05-23T18:34:28.000Z</time>
        <extensions>
          <ns3:TrackPointExtension>
            <ns3:hr>183</ns3:hr>
          </ns3:TrackPointExtension>
        </extensions>
      </trkpt>
      <trkpt lat="45.49722698517143726348876953125" lon="-73.56723331846296787261962890625">
        <ele>38</ele>
        <time>2024-05-23T18:34:35.000Z</time>
        <extensions>
          <ns3:TrackPointExtension>
            <ns3:hr>184</ns3:hr>
          </ns3:TrackPointExtension>
        </extensions>
      </trkpt>
      <trkpt lat="45.4973142407834529876708984375" lon="-73.56749986298382282257080078125">
        <ele>38.59999847412109375</ele>
        <time>2024-05-23T18:34:41.000Z</time>
        <extensions>
          <ns3:TrackPointExtension>
            <ns3:hr>187</ns3:hr>
          </ns3:TrackPointExtension>
        </extensions>
      </trkpt>
      <trkpt lat="45.49734818749129772186279296875" lon="-73.56756155379116535186767578125">
        <ele>39.200000762939453125</ele>
        <time>2024-05-23T18:34:43.000Z</time>
        <extensions>
          <ns3:TrackPointExtension>
            <ns3:hr>187</ns3:hr>
          </ns3:TrackPointExtension>
        </extensions>
      </trkpt>
      <trkpt lat="45.4973759315907955169677734375" lon="-73.5676250047981739044189453125">
        <ele>40.200000762939453125</ele>
        <time>2024-05-23T18:34:45.000Z</time>
        <extensions>
          <ns3:TrackPointExtension>
            <ns3:hr>188</ns3:hr>
          </ns3:TrackPointExtension>
        </extensions>
      </trkpt>
      <trkpt lat="45.49741105176508426666259765625" lon="-73.5677141882479190826416015625">
        <ele>41.40000152587890625</ele>
        <time>2024-05-23T18:34:48.000Z</time>
        <extensions>
          <ns3:TrackPointExtension>
            <ns3:hr>189</ns3:hr>
          </ns3:TrackPointExtension>
        </extensions>
      </trkpt>
      <trkpt lat="45.49744172953069210052490234375" lon="-73.56775953434407711029052734375">
        <ele>41.799999237060546875</ele>
        <time>2024-05-23T18:34:50.000Z</time>
        <extensions>
          <ns3:TrackPointExtension>
            <ns3:hr>189</ns3:hr>
          </ns3:TrackPointExtension>
        </extensions>
      </trkpt>
      <trkpt lat="45.49746402539312839508056640625" lon="-73.56780814938247203826904296875">
        <ele>42.59999847412109375</ele>
        <time>2024-05-23T18:34:52.000Z</time>
        <extensions>
          <ns3:TrackPointExtension>
            <ns3:hr>190</ns3:hr>
          </ns3:TrackPointExtension>
        </extensions>
      </trkpt>
      <trkpt lat="45.49750710837543010711669921875" lon="-73.56790085323154926300048828125">
        <ele>43.59999847412109375</ele>
        <time>2024-05-23T18:34:56.000Z</time>
        <extensions>
          <ns3:TrackPointExtension>
            <ns3:hr>190</ns3:hr>
          </ns3:TrackPointExtension>
        </extensions>
      </trkpt>
      <trkpt lat="45.4975201003253459930419921875" lon="-73.56792247854173183441162109375">
        <ele>43.59999847412109375</ele>
        <time>2024-05-23T18:34:57.000Z</time>
        <extensions>
          <ns3:TrackPointExtension>
            <ns3:hr>190</ns3:hr>
          </ns3:TrackPointExtension>
        </extensions>
      </trkpt>
      <trkpt lat="45.497568883001804351806640625" lon="-73.56800177134573459625244140625">
        <ele>44.40000152587890625</ele>
        <time>2024-05-23T18:35:01.000Z</time>
        <extensions>
          <ns3:TrackPointExtension>
            <ns3:hr>192</ns3:hr>
          </ns3:TrackPointExtension>
        </extensions>
      </trkpt>
      <trkpt lat="45.49757617525756359100341796875" lon="-73.56802725233137607574462890625">
        <ele>44.59999847412109375</ele>
        <time>2024-05-23T18:35:02.000Z</time>
        <extensions>
          <ns3:TrackPointExtension>
            <ns3:hr>192</ns3:hr>
          </ns3:TrackPointExtension>
        </extensions>
      </trkpt>
      <trkpt lat="45.49759293906390666961669921875" lon="-73.56806731782853603363037109375">
        <ele>45</ele>
        <time>2024-05-23T18:35:04.000Z</time>
        <extensions>
          <ns3:TrackPointExtension>
            <ns3:hr>192</ns3:hr>
          </ns3:TrackPointExtension>
        </extensions>
      </trkpt>
      <trkpt lat="45.49762562848627567291259765625" lon="-73.5681520588696002960205078125">
        <ele>45.59999847412109375</ele>
        <time>2024-05-23T18:35:08.000Z</time>
        <extensions>
          <ns3:TrackPointExtension>
            <ns3:hr>192</ns3:hr>
          </ns3:TrackPointExtension>
        </extensions>
      </trkpt>
      <trkpt lat="45.4976351000368595123291015625" lon="-73.56818214990198612213134765625">
        <ele>46</ele>
        <time>2024-05-23T18:35:10.000Z</time>
        <extensions>
          <ns3:TrackPointExtension>
            <ns3:hr>192</ns3:hr>
          </ns3:TrackPointExtension>
        </extensions>
      </trkpt>
      <trkpt lat="45.49767491407692432403564453125" lon="-73.56827334500849246978759765625">
        <ele>46.799999237060546875</ele>
        <time>2024-05-23T18:35:15.000Z</time>
        <extensions>
          <ns3:TrackPointExtension>
            <ns3:hr>193</ns3:hr>
          </ns3:TrackPointExtension>
        </extensions>
      </trkpt>
      <trkpt lat="45.49770173616707324981689453125" lon="-73.5683334432542324066162109375">
        <ele>47.40000152587890625</ele>
        <time>2024-05-23T18:35:18.000Z</time>
        <extensions>
          <ns3:TrackPointExtension>
            <ns3:hr>194</ns3:hr>
          </ns3:TrackPointExtension>
        </extensions>
      </trkpt>
      <trkpt lat="45.4977128840982913970947265625" lon="-73.5683461837470531463623046875">
        <ele>47.40000152587890625</ele>
        <time>2024-05-23T18:35:19.000Z</time>
        <extensions>
          <ns3:TrackPointExtension>
            <ns3:hr>194</ns3:hr>
          </ns3:TrackPointExtension>
        </extensions>
      </trkpt>
      <trkpt lat="45.49774247221648693084716796875" lon="-73.56840393505990505218505859375">
        <ele>47.799999237060546875</ele>
        <time>2024-05-23T18:35:22.000Z</time>
        <extensions>
          <ns3:TrackPointExtension>
            <ns3:hr>194</ns3:hr>
          </ns3:TrackPointExtension>
        </extensions>
      </trkpt>
      <trkpt lat="45.4977490939199924468994140625" lon="-73.56843528337776660919189453125">
        <ele>48</ele>
        <time>2024-05-23T18:35:23.000Z</time>
        <extensions>
          <ns3:TrackPointExtension>
            <ns3:hr>194</ns3:hr>
          </ns3:TrackPointExtension>
        </extensions>
      </trkpt>
      <trkpt lat="45.49782495014369487762451171875" lon="-73.5686226189136505126953125">
        <ele>48.40000152587890625</ele>
        <time>2024-05-23T18:35:29.000Z</time>
        <extensions>
          <ns3:TrackPointExtension>
            <ns3:hr>195</ns3:hr>
          </ns3:TrackPointExtension>
        </extensions>
      </trkpt>
      <trkpt lat="45.4979060031473636627197265625" lon="-73.56877827085554599761962890625">
        <ele>49</ele>
        <time>2024-05-23T18:35:35.000Z</time>
        <extensions>
          <ns3:TrackPointExtension>
            <ns3:hr>195</ns3:hr>
          </ns3:TrackPointExtension>
        </extensions>
      </trkpt>
      <trkpt lat="45.497934333980083465576171875" lon="-73.56883459724485874176025390625">
        <ele>49.200000762939453125</ele>
        <time>2024-05-23T18:35:37.000Z</time>
        <extensions>
          <ns3:TrackPointExtension>
            <ns3:hr>196</ns3:hr>
          </ns3:TrackPointExtension>
        </extensions>
      </trkpt>
      <trkpt lat="45.49801203422248363494873046875" lon="-73.5689927637577056884765625">
        <ele>49.59999847412109375</ele>
        <time>2024-05-23T18:35:43.000Z</time>
        <extensions>
          <ns3:TrackPointExtension>
            <ns3:hr>194</ns3:hr>
          </ns3:TrackPointExtension>
        </extensions>
      </trkpt>
      <trkpt lat="45.4981108568608760833740234375" lon="-73.569180183112621307373046875">
        <ele>50</ele>
        <time>2024-05-23T18:35:50.000Z</time>
        <extensions>
          <ns3:TrackPointExtension>
            <ns3:hr>195</ns3:hr>
          </ns3:TrackPointExtension>
        </extensions>
      </trkpt>
      <trkpt lat="45.49811949022114276885986328125" lon="-73.569208346307277679443359375">
        <ele>50.200000762939453125</ele>
        <time>2024-05-23T18:35:51.000Z</time>
        <extensions>
          <ns3:TrackPointExtension>
            <ns3:hr>195</ns3:hr>
          </ns3:TrackPointExtension>
        </extensions>
      </trkpt>
      <trkpt lat="45.49819995649158954620361328125" lon="-73.56938612647354602813720703125">
        <ele>50.40000152587890625</ele>
        <time>2024-05-23T18:35:57.000Z</time>
        <extensions>
          <ns3:TrackPointExtension>
            <ns3:hr>194</ns3:hr>
          </ns3:TrackPointExtension>
        </extensions>
      </trkpt>
      <trkpt lat="45.49825259484350681304931640625" lon="-73.5694599710404872894287109375">
        <ele>50.59999847412109375</ele>
        <time>2024-05-23T18:36:00.000Z</time>
        <extensions>
          <ns3:TrackPointExtension>
            <ns3:hr>194</ns3:hr>
          </ns3:TrackPointExtension>
        </extensions>
      </trkpt>
      <trkpt lat="45.4982862062752246856689453125" lon="-73.56949592940509319305419921875">
        <ele>50.59999847412109375</ele>
        <time>2024-05-23T18:36:02.000Z</time>
        <extensions>
          <ns3:TrackPointExtension>
            <ns3:hr>194</ns3:hr>
          </ns3:TrackPointExtension>
        </extensions>
      </trkpt>
      <trkpt lat="45.49840128980576992034912109375" lon="-73.56964814476668834686279296875">
        <ele>51</ele>
        <time>2024-05-23T18:36:09.000Z</time>
        <extensions>
          <ns3:TrackPointExtension>
            <ns3:hr>193</ns3:hr>
          </ns3:TrackPointExtension>
        </extensions>
      </trkpt>
      <trkpt lat="45.49843716435134410858154296875" lon="-73.56975945644080638885498046875">
        <ele>51.200000762939453125</ele>
        <time>2024-05-23T18:36:12.000Z</time>
        <extensions>
          <ns3:TrackPointExtension>
            <ns3:hr>193</ns3:hr>
          </ns3:TrackPointExtension>
        </extensions>
      </trkpt>
      <trkpt lat="45.49846482463181018829345703125" lon="-73.5698817484080791473388671875">
        <ele>51.200000762939453125</ele>
        <time>2024-05-23T18:36:16.000Z</time>
        <extensions>
          <ns3:TrackPointExtension>
            <ns3:hr>192</ns3:hr>
          </ns3:TrackPointExtension>
        </extensions>
      </trkpt>
      <trkpt lat="45.49847387708723545074462890625" lon="-73.56990513391792774200439453125">
        <ele>51.40000152587890625</ele>
        <time>2024-05-23T18:36:17.000Z</time>
        <extensions>
          <ns3:TrackPointExtension>
            <ns3:hr>192</ns3:hr>
          </ns3:TrackPointExtension>
        </extensions>
      </trkpt>
      <trkpt lat="45.49852006137371063232421875" lon="-73.56997512280941009521484375">
        <ele>51.799999237060546875</ele>
        <time>2024-05-23T18:36:21.000Z</time>
        <extensions>
          <ns3:TrackPointExtension>
            <ns3:hr>191</ns3:hr>
          </ns3:TrackPointExtension>
        </extensions>
      </trkpt>
      <trkpt lat="45.498551912605762481689453125" lon="-73.57005131430923938751220703125">
        <ele>52</ele>
        <time>2024-05-23T18:36:27.000Z</time>
        <extensions>
          <ns3:TrackPointExtension>
            <ns3:hr>190</ns3:hr>
          </ns3:TrackPointExtension>
        </extensions>
      </trkpt>
      <trkpt lat="45.49857311882078647613525390625" lon="-73.5700617916882038116455078125">
        <ele>51.40000152587890625</ele>
        <time>2024-05-23T18:36:35.000Z</time>
        <extensions>
          <ns3:TrackPointExtension>
            <ns3:hr>188</ns3:hr>
          </ns3:TrackPointExtension>
        </extensions>
      </trkpt>
      <trkpt lat="45.49858569167554378509521484375" lon="-73.57006506063044071197509765625">
        <ele>51.200000762939453125</ele>
        <time>2024-05-23T18:36:36.000Z</time>
        <extensions>
          <ns3:TrackPointExtension>
            <ns3:hr>187</ns3:hr>
          </ns3:TrackPointExtension>
        </extensions>
      </trkpt>
      <trkpt lat="45.49863883294165134429931640625" lon="-73.57011367566883563995361328125">
        <ele>51.40000152587890625</ele>
        <time>2024-05-23T18:36:39.000Z</time>
        <extensions>
          <ns3:TrackPointExtension>
            <ns3:hr>186</ns3:hr>
          </ns3:TrackPointExtension>
        </extensions>
      </trkpt>
      <trkpt lat="45.498787946999073028564453125" lon="-73.570289276540279388427734375">
        <ele>51.799999237060546875</ele>
        <time>2024-05-23T18:36:46.000Z</time>
        <extensions>
          <ns3:TrackPointExtension>
            <ns3:hr>185</ns3:hr>
          </ns3:TrackPointExtension>
        </extensions>
      </trkpt>
      <trkpt lat="45.49890202470123767852783203125" lon="-73.570540733635425567626953125">
        <ele>52</ele>
        <time>2024-05-23T18:36:52.000Z</time>
        <extensions>
          <ns3:TrackPointExtension>
            <ns3:hr>185</ns3:hr>
          </ns3:TrackPointExtension>
        </extensions>
      </trkpt>
      <trkpt lat="45.49898584373295307159423828125" lon="-73.570758998394012451171875">
        <ele>52.200000762939453125</ele>
        <time>2024-05-23T18:36:57.000Z</time>
        <extensions>
          <ns3:TrackPointExtension>
            <ns3:hr>185</ns3:hr>
          </ns3:TrackPointExtension>
        </extensions>
      </trkpt>
      <trkpt lat="45.4990006797015666961669921875" lon="-73.57079998590052127838134765625">
        <ele>52.200000762939453125</ele>
        <time>2024-05-23T18:36:58.000Z</time>
        <extensions>
          <ns3:TrackPointExtension>
            <ns3:hr>185</ns3:hr>
          </ns3:TrackPointExtension>
        </extensions>
      </trkpt>
      <trkpt lat="45.499150045216083526611328125" lon="-73.57112553901970386505126953125">
        <ele>52.200000762939453125</ele>
        <time>2024-05-23T18:37:06.000Z</time>
        <extensions>
          <ns3:TrackPointExtension>
            <ns3:hr>183</ns3:hr>
          </ns3:TrackPointExtension>
        </extensions>
      </trkpt>
      <trkpt lat="45.499229840934276580810546875" lon="-73.57129636220633983612060546875">
        <ele>52.40000152587890625</ele>
        <time>2024-05-23T18:37:11.000Z</time>
        <extensions>
          <ns3:TrackPointExtension>
            <ns3:hr>182</ns3:hr>
          </ns3:TrackPointExtension>
        </extensions>
      </trkpt>
      <trkpt lat="45.49932581372559070587158203125" lon="-73.571645803749561309814453125">
        <ele>52.799999237060546875</ele>
        <time>2024-05-23T18:37:19.000Z</time>
        <extensions>
          <ns3:TrackPointExtension>
            <ns3:hr>182</ns3:hr>
          </ns3:TrackPointExtension>
        </extensions>
      </trkpt>
      <trkpt lat="45.49941633827984333038330078125" lon="-73.5717857815325260162353515625">
        <ele>53</ele>
        <time>2024-05-23T18:37:24.000Z</time>
        <extensions>
          <ns3:TrackPointExtension>
            <ns3:hr>180</ns3:hr>
          </ns3:TrackPointExtension>
        </extensions>
      </trkpt>
      <trkpt lat="45.49946160055696964263916015625" lon="-73.57187354005873203277587890625">
        <ele>53.200000762939453125</ele>
        <time>2024-05-23T18:37:27.000Z</time>
        <extensions>
          <ns3:TrackPointExtension>
            <ns3:hr>179</ns3:hr>
          </ns3:TrackPointExtension>
        </extensions>
      </trkpt>
      <trkpt lat="45.4995072819292545318603515625" lon="-73.57195325195789337158203125">
        <ele>53.200000762939453125</ele>
        <time>2024-05-23T18:37:31.000Z</time>
        <extensions>
          <ns3:TrackPointExtension>
            <ns3:hr>178</ns3:hr>
          </ns3:TrackPointExtension>
        </extensions>
      </trkpt>
      <trkpt lat="45.49951289780437946319580078125" lon="-73.571958281099796295166015625">
        <ele>53.200000762939453125</ele>
        <time>2024-05-23T18:37:32.000Z</time>
        <extensions>
          <ns3:TrackPointExtension>
            <ns3:hr>178</ns3:hr>
          </ns3:TrackPointExtension>
        </extensions>
      </trkpt>
      <trkpt lat="45.499512813985347747802734375" lon="-73.571955263614654541015625">
        <ele>53.200000762939453125</ele>
        <time>2024-05-23T18:37:34.000Z</time>
        <extensions>
          <ns3:TrackPointExtension>
            <ns3:hr>178</ns3:hr>
          </ns3:TrackPointExtension>
        </extensions>
      </trkpt>
      <trkpt lat="45.499509461224079132080078125" lon="-73.571975044906139373779296875">
        <ele>52.40000152587890625</ele>
        <time>2024-05-23T18:37:41.000Z</time>
        <extensions>
          <ns3:TrackPointExtension>
            <ns3:hr>176</ns3:hr>
          </ns3:TrackPointExtension>
        </extensions>
      </trkpt>
      <trkpt lat="45.49950602464377880096435546875" lon="-73.5719889588654041290283203125">
        <ele>52.200000762939453125</ele>
        <time>2024-05-23T18:37:42.000Z</time>
        <extensions>
          <ns3:TrackPointExtension>
            <ns3:hr>174</ns3:hr>
          </ns3:TrackPointExtension>
        </extensions>
      </trkpt>
      <trkpt lat="45.49950149841606616973876953125" lon="-73.57200580649077892303466796875">
        <ele>51.59999847412109375</ele>
        <time>2024-05-23T18:37:47.000Z</time>
        <extensions>
          <ns3:TrackPointExtension>
            <ns3:hr>173</ns3:hr>
          </ns3:TrackPointExtension>
        </extensions>
      </trkpt>
      <trkpt lat="45.4994985647499561309814453125" lon="-73.57200630940496921539306640625">
        <ele>51.59999847412109375</ele>
        <time>2024-05-23T18:37:55.000Z</time>
        <extensions>
          <ns3:TrackPointExtension>
            <ns3:hr>172</ns3:hr>
          </ns3:TrackPointExtension>
        </extensions>
      </trkpt>
      <trkpt lat="45.4995332658290863037109375" lon="-73.572023995220661163330078125">
        <ele>51.799999237060546875</ele>
        <time>2024-05-23T18:38:05.000Z</time>
        <extensions>
          <ns3:TrackPointExtension>
            <ns3:hr>171</ns3:hr>
          </ns3:TrackPointExtension>
        </extensions>
      </trkpt>
      <trkpt lat="45.49956478178501129150390625" lon="-73.57203229330480098724365234375">
        <ele>51.59999847412109375</ele>
        <time>2024-05-23T18:38:08.000Z</time>
        <extensions>
          <ns3:TrackPointExtension>
            <ns3:hr>172</ns3:hr>
          </ns3:TrackPointExtension>
        </extensions>
      </trkpt>
      <trkpt lat="45.49962110817432403564453125" lon="-73.57204402796924114227294921875">
        <ele>51.59999847412109375</ele>
        <time>2024-05-23T18:38:12.000Z</time>
        <extensions>
          <ns3:TrackPointExtension>
            <ns3:hr>170</ns3:hr>
          </ns3:TrackPointExtension>
        </extensions>
      </trkpt>
      <trkpt lat="45.499706603586673736572265625" lon="-73.5721046291291713714599609375">
        <ele>52</ele>
        <time>2024-05-23T18:38:19.000Z</time>
        <extensions>
          <ns3:TrackPointExtension>
            <ns3:hr>170</ns3:hr>
          </ns3:TrackPointExtension>
        </extensions>
      </trkpt>
      <trkpt lat="45.49971322529017925262451171875" lon="-73.57211150228977203369140625">
        <ele>52</ele>
        <time>2024-05-23T18:38:20.000Z</time>
        <extensions>
          <ns3:TrackPointExtension>
            <ns3:hr>170</ns3:hr>
          </ns3:TrackPointExtension>
        </extensions>
      </trkpt>
      <trkpt lat="45.4997585713863372802734375" lon="-73.57218735851347446441650390625">
        <ele>53.200000762939453125</ele>
        <time>2024-05-23T18:38:26.000Z</time>
        <extensions>
          <ns3:TrackPointExtension>
            <ns3:hr>169</ns3:hr>
          </ns3:TrackPointExtension>
        </extensions>
      </trkpt>
      <trkpt lat="45.4997610859572887420654296875" lon="-73.57220713980495929718017578125">
        <ele>53.200000762939453125</ele>
        <time>2024-05-23T18:38:27.000Z</time>
        <extensions>
          <ns3:TrackPointExtension>
            <ns3:hr>169</ns3:hr>
          </ns3:TrackPointExtension>
        </extensions>
      </trkpt>
      <trkpt lat="45.4997929371893405914306640625" lon="-73.57234560884535312652587890625">
        <ele>52.799999237060546875</ele>
        <time>2024-05-23T18:38:35.000Z</time>
        <extensions>
          <ns3:TrackPointExtension>
            <ns3:hr>169</ns3:hr>
          </ns3:TrackPointExtension>
        </extensions>
      </trkpt>
      <trkpt lat="45.49981414340436458587646484375" lon="-73.57239120639860630035400390625">
        <ele>53</ele>
        <time>2024-05-23T18:38:38.000Z</time>
        <extensions>
          <ns3:TrackPointExtension>
            <ns3:hr>169</ns3:hr>
          </ns3:TrackPointExtension>
        </extensions>
      </trkpt>
      <trkpt lat="45.499836020171642303466796875" lon="-73.572438396513462066650390625">
        <ele>53.200000762939453125</ele>
        <time>2024-05-23T18:38:41.000Z</time>
        <extensions>
          <ns3:TrackPointExtension>
            <ns3:hr>168</ns3:hr>
          </ns3:TrackPointExtension>
        </extensions>
      </trkpt>
      <trkpt lat="45.49983702600002288818359375" lon="-73.57247988693416118621826171875">
        <ele>53.200000762939453125</ele>
        <time>2024-05-23T18:38:43.000Z</time>
        <extensions>
          <ns3:TrackPointExtension>
            <ns3:hr>168</ns3:hr>
          </ns3:TrackPointExtension>
        </extensions>
      </trkpt>
      <trkpt lat="45.49986761994659900665283203125" lon="-73.57252229936420917510986328125">
        <ele>53.200000762939453125</ele>
        <time>2024-05-23T18:38:46.000Z</time>
        <extensions>
          <ns3:TrackPointExtension>
            <ns3:hr>169</ns3:hr>
          </ns3:TrackPointExtension>
        </extensions>
      </trkpt>
      <trkpt lat="45.49989209510385990142822265625" lon="-73.5725595988333225250244140625">
        <ele>53</ele>
        <time>2024-05-23T18:38:48.000Z</time>
        <extensions>
          <ns3:TrackPointExtension>
            <ns3:hr>168</ns3:hr>
          </ns3:TrackPointExtension>
        </extensions>
      </trkpt>
      <trkpt lat="45.49990701489150524139404296875" lon="-73.57259304262697696685791015625">
        <ele>53</ele>
        <time>2024-05-23T18:38:50.000Z</time>
        <extensions>
          <ns3:TrackPointExtension>
            <ns3:hr>168</ns3:hr>
          </ns3:TrackPointExtension>
        </extensions>
      </trkpt>
      <trkpt lat="45.4999270476400852203369140625" lon="-73.57264366932213306427001953125">
        <ele>53</ele>
        <time>2024-05-23T18:38:58.000Z</time>
        <extensions>
          <ns3:TrackPointExtension>
            <ns3:hr>167</ns3:hr>
          </ns3:TrackPointExtension>
        </extensions>
      </trkpt>
      <trkpt lat="45.4999461583793163299560546875" lon="-73.57265339232981204986572265625">
        <ele>53.200000762939453125</ele>
        <time>2024-05-23T18:39:05.000Z</time>
        <extensions>
          <ns3:TrackPointExtension>
            <ns3:hr>167</ns3:hr>
          </ns3:TrackPointExtension>
        </extensions>
      </trkpt>
      <trkpt lat="45.49998815171420574188232421875" lon="-73.5726528055965900421142578125">
        <ele>52.59999847412109375</ele>
        <time>2024-05-23T18:39:15.000Z</time>
        <extensions>
          <ns3:TrackPointExtension>
            <ns3:hr>168</ns3:hr>
          </ns3:TrackPointExtension>
        </extensions>
      </trkpt>
      <trkpt lat="45.50002536736428737640380859375" lon="-73.57263931073248386383056640625">
        <ele>52.40000152587890625</ele>
        <time>2024-05-23T18:39:22.000Z</time>
        <extensions>
          <ns3:TrackPointExtension>
            <ns3:hr>169</ns3:hr>
          </ns3:TrackPointExtension>
        </extensions>
      </trkpt>
      <trkpt lat="45.50003894604742527008056640625" lon="-73.57264065183699131011962890625">
        <ele>52.40000152587890625</ele>
        <time>2024-05-23T18:39:27.000Z</time>
        <extensions>
          <ns3:TrackPointExtension>
            <ns3:hr>169</ns3:hr>
          </ns3:TrackPointExtension>
        </extensions>
      </trkpt>
      <trkpt lat="45.50004716031253337860107421875" lon="-73.57264065183699131011962890625">
        <ele>52.40000152587890625</ele>
        <time>2024-05-23T18:39:28.000Z</time>
        <extensions>
          <ns3:TrackPointExtension>
            <ns3:hr>168</ns3:hr>
          </ns3:TrackPointExtension>
        </extensions>
      </trkpt>
      <trkpt lat="45.50007398240268230438232421875" lon="-73.57263579033315181732177734375">
        <ele>52.40000152587890625</ele>
        <time>2024-05-23T18:39:31.000Z</time>
        <extensions>
          <ns3:TrackPointExtension>
            <ns3:hr>167</ns3:hr>
          </ns3:TrackPointExtension>
        </extensions>
      </trkpt>
      <trkpt lat="45.50008513033390045166015625" lon="-73.572627492249011993408203125">
        <ele>52.40000152587890625</ele>
        <time>2024-05-23T18:39:32.000Z</time>
        <extensions>
          <ns3:TrackPointExtension>
            <ns3:hr>167</ns3:hr>
          </ns3:TrackPointExtension>
        </extensions>
      </trkpt>
      <trkpt lat="45.500096864998340606689453125" lon="-73.57262589968740940093994140625">
        <ele>52.40000152587890625</ele>
        <time>2024-05-23T18:39:33.000Z</time>
        <extensions>
          <ns3:TrackPointExtension>
            <ns3:hr>167</ns3:hr>
          </ns3:TrackPointExtension>
        </extensions>
      </trkpt>
      <trkpt lat="45.50012360326945781707763671875" lon="-73.57262623496353626251220703125">
        <ele>52.40000152587890625</ele>
        <time>2024-05-23T18:39:37.000Z</time>
        <extensions>
          <ns3:TrackPointExtension>
            <ns3:hr>165</ns3:hr>
          </ns3:TrackPointExtension>
        </extensions>
      </trkpt>
      <trkpt lat="45.5001533590257167816162109375" lon="-73.57259019277989864349365234375">
        <ele>52.40000152587890625</ele>
        <time>2024-05-23T18:39:40.000Z</time>
        <extensions>
          <ns3:TrackPointExtension>
            <ns3:hr>164</ns3:hr>
          </ns3:TrackPointExtension>
        </extensions>
      </trkpt>
      <trkpt lat="45.5001741461455821990966796875" lon="-73.572580553591251373291015625">
        <ele>52.40000152587890625</ele>
        <time>2024-05-23T18:39:42.000Z</time>
        <extensions>
          <ns3:TrackPointExtension>
            <ns3:hr>164</ns3:hr>
          </ns3:TrackPointExtension>
        </extensions>
      </trkpt>
      <trkpt lat="45.5001959390938282012939453125" lon="-73.57256622053682804107666015625">
        <ele>52.40000152587890625</ele>
        <time>2024-05-23T18:39:44.000Z</time>
        <extensions>
          <ns3:TrackPointExtension>
            <ns3:hr>164</ns3:hr>
          </ns3:TrackPointExtension>
        </extensions>
      </trkpt>
      <trkpt lat="45.5002448894083499908447265625" lon="-73.5725458525121212005615234375">
        <ele>52.59999847412109375</ele>
        <time>2024-05-23T18:39:48.000Z</time>
        <extensions>
          <ns3:TrackPointExtension>
            <ns3:hr>163</ns3:hr>
          </ns3:TrackPointExtension>
        </extensions>
      </trkpt>
      <trkpt lat="45.50027699209749698638916015625" lon="-73.57253621332347393035888671875">
        <ele>52.59999847412109375</ele>
        <time>2024-05-23T18:39:51.000Z</time>
        <extensions>
          <ns3:TrackPointExtension>
            <ns3:hr>163</ns3:hr>
          </ns3:TrackPointExtension>
        </extensions>
      </trkpt>
      <trkpt lat="45.50030104815959930419921875" lon="-73.5725341178476810455322265625">
        <ele>52.59999847412109375</ele>
        <time>2024-05-23T18:39:53.000Z</time>
        <extensions>
          <ns3:TrackPointExtension>
            <ns3:hr>163</ns3:hr>
          </ns3:TrackPointExtension>
        </extensions>
      </trkpt>
      <trkpt lat="45.50036064349114894866943359375" lon="-73.572506122291088104248046875">
        <ele>52.799999237060546875</ele>
        <time>2024-05-23T18:39:58.000Z</time>
        <extensions>
          <ns3:TrackPointExtension>
            <ns3:hr>161</ns3:hr>
          </ns3:TrackPointExtension>
        </extensions>
      </trkpt>
      <trkpt lat="45.50037003122270107269287109375" lon="-73.57250578701496124267578125">
        <ele>53</ele>
        <time>2024-05-23T18:40:00.000Z</time>
        <extensions>
          <ns3:TrackPointExtension>
            <ns3:hr>161</ns3:hr>
          </ns3:TrackPointExtension>
        </extensions>
      </trkpt>
      <trkpt lat="45.500398613512516021728515625" lon="-73.57255247421562671661376953125">
        <ele>52.799999237060546875</ele>
        <time>2024-05-23T18:40:03.000Z</time>
        <extensions>
          <ns3:TrackPointExtension>
            <ns3:hr>161</ns3:hr>
          </ns3:TrackPointExtension>
        </extensions>
      </trkpt>
      <trkpt lat="45.5004024691879749298095703125" lon="-73.57254258356988430023193359375">
        <ele>52.799999237060546875</ele>
        <time>2024-05-23T18:40:05.000Z</time>
        <extensions>
          <ns3:TrackPointExtension>
            <ns3:hr>161</ns3:hr>
          </ns3:TrackPointExtension>
        </extensions>
      </trkpt>
      <trkpt lat="45.50045753829181194305419921875" lon="-73.57244065962731838226318359375">
        <ele>52.59999847412109375</ele>
        <time>2024-05-23T18:40:09.000Z</time>
        <extensions>
          <ns3:TrackPointExtension>
            <ns3:hr>161</ns3:hr>
          </ns3:TrackPointExtension>
        </extensions>
      </trkpt>
      <trkpt lat="45.500515289604663848876953125" lon="-73.57242741622030735015869140625">
        <ele>52.200000762939453125</ele>
        <time>2024-05-23T18:40:12.000Z</time>
        <extensions>
          <ns3:TrackPointExtension>
            <ns3:hr>161</ns3:hr>
          </ns3:TrackPointExtension>
        </extensions>
      </trkpt>
      <trkpt lat="45.500586032867431640625" lon="-73.57238936237990856170654296875">
        <ele>52</ele>
        <time>2024-05-23T18:40:16.000Z</time>
        <extensions>
          <ns3:TrackPointExtension>
            <ns3:hr>161</ns3:hr>
          </ns3:TrackPointExtension>
        </extensions>
      </trkpt>
      <trkpt lat="45.50065317191183567047119140625" lon="-73.5723493807017803192138671875">
        <ele>52</ele>
        <time>2024-05-23T18:40:22.000Z</time>
        <extensions>
          <ns3:TrackPointExtension>
            <ns3:hr>161</ns3:hr>
          </ns3:TrackPointExtension>
        </extensions>
      </trkpt>
      <trkpt lat="45.5006659962236881256103515625" lon="-73.5723480395972728729248046875">
        <ele>52</ele>
        <time>2024-05-23T18:40:23.000Z</time>
        <extensions>
          <ns3:TrackPointExtension>
            <ns3:hr>161</ns3:hr>
          </ns3:TrackPointExtension>
        </extensions>
      </trkpt>
      <trkpt lat="45.50070472061634063720703125" lon="-73.57235290110111236572265625">
        <ele>51.799999237060546875</ele>
        <time>2024-05-23T18:40:28.000Z</time>
        <extensions>
          <ns3:TrackPointExtension>
            <ns3:hr>161</ns3:hr>
          </ns3:TrackPointExtension>
        </extensions>
      </trkpt>
      <trkpt lat="45.50072626210749149322509765625" lon="-73.57236052863299846649169921875">
        <ele>51.40000152587890625</ele>
        <time>2024-05-23T18:40:31.000Z</time>
        <extensions>
          <ns3:TrackPointExtension>
            <ns3:hr>161</ns3:hr>
          </ns3:TrackPointExtension>
        </extensions>
      </trkpt>
      <trkpt lat="45.500754676759243011474609375" lon="-73.57239388860762119293212890625">
        <ele>51.59999847412109375</ele>
        <time>2024-05-23T18:40:34.000Z</time>
        <extensions>
          <ns3:TrackPointExtension>
            <ns3:hr>162</ns3:hr>
          </ns3:TrackPointExtension>
        </extensions>
      </trkpt>
      <trkpt lat="45.50078694708645343780517578125" lon="-73.57244275510311126708984375">
        <ele>51.799999237060546875</ele>
        <time>2024-05-23T18:40:38.000Z</time>
        <extensions>
          <ns3:TrackPointExtension>
            <ns3:hr>161</ns3:hr>
          </ns3:TrackPointExtension>
        </extensions>
      </trkpt>
      <trkpt lat="45.50081041641533374786376953125" lon="-73.57246060855686664581298828125">
        <ele>51.799999237060546875</ele>
        <time>2024-05-23T18:40:40.000Z</time>
        <extensions>
          <ns3:TrackPointExtension>
            <ns3:hr>161</ns3:hr>
          </ns3:TrackPointExtension>
        </extensions>
      </trkpt>
      <trkpt lat="45.500863976776599884033203125" lon="-73.57255532406270503997802734375">
        <ele>52.40000152587890625</ele>
        <time>2024-05-23T18:40:47.000Z</time>
        <extensions>
          <ns3:TrackPointExtension>
            <ns3:hr>162</ns3:hr>
          </ns3:TrackPointExtension>
        </extensions>
      </trkpt>
      <trkpt lat="45.500898174941539764404296875" lon="-73.57264668680727481842041015625">
        <ele>51.799999237060546875</ele>
        <time>2024-05-23T18:40:53.000Z</time>
        <extensions>
          <ns3:TrackPointExtension>
            <ns3:hr>165</ns3:hr>
          </ns3:TrackPointExtension>
        </extensions>
      </trkpt>
      <trkpt lat="45.500911585986614227294921875" lon="-73.57272480614483356475830078125">
        <ele>51.59999847412109375</ele>
        <time>2024-05-23T18:40:57.000Z</time>
        <extensions>
          <ns3:TrackPointExtension>
            <ns3:hr>164</ns3:hr>
          </ns3:TrackPointExtension>
        </extensions>
      </trkpt>
      <trkpt lat="45.50096799619495868682861328125" lon="-73.57279923744499683380126953125">
        <ele>53</ele>
        <time>2024-05-23T18:41:04.000Z</time>
        <extensions>
          <ns3:TrackPointExtension>
            <ns3:hr>165</ns3:hr>
          </ns3:TrackPointExtension>
        </extensions>
      </trkpt>
      <trkpt lat="45.5009888671338558197021484375" lon="-73.57280342839658260345458984375">
        <ele>53.200000762939453125</ele>
        <time>2024-05-23T18:41:05.000Z</time>
        <extensions>
          <ns3:TrackPointExtension>
            <ns3:hr>165</ns3:hr>
          </ns3:TrackPointExtension>
        </extensions>
      </trkpt>
      <trkpt lat="45.50100512802600860595703125" lon="-73.57280979864299297332763671875">
        <ele>53.40000152587890625</ele>
        <time>2024-05-23T18:41:06.000Z</time>
        <extensions>
          <ns3:TrackPointExtension>
            <ns3:hr>164</ns3:hr>
          </ns3:TrackPointExtension>
        </extensions>
      </trkpt>
      <trkpt lat="45.5010240711271762847900390625" lon="-73.5728167556226253509521484375">
        <ele>53.59999847412109375</ele>
        <time>2024-05-23T18:41:08.000Z</time>
        <extensions>
          <ns3:TrackPointExtension>
            <ns3:hr>165</ns3:hr>
          </ns3:TrackPointExtension>
        </extensions>
      </trkpt>
      <trkpt lat="45.5010240711271762847900390625" lon="-73.5728167556226253509521484375">
        <ele>53.799999237060546875</ele>
        <time>2024-05-23T18:41:13.000Z</time>
        <extensions>
          <ns3:TrackPointExtension>
            <ns3:hr>164</ns3:hr>
          </ns3:TrackPointExtension>
        </extensions>
      </trkpt>
      <trkpt lat="45.50102792680263519287109375" lon="-73.57281248085200786590576171875">
        <ele>54</ele>
        <time>2024-05-23T18:41:20.000Z</time>
        <extensions>
          <ns3:TrackPointExtension>
            <ns3:hr>165</ns3:hr>
          </ns3:TrackPointExtension>
        </extensions>
      </trkpt>
      <trkpt lat="45.50103689543902873992919921875" lon="-73.5727983154356479644775390625">
        <ele>53.59999847412109375</ele>
        <time>2024-05-23T18:41:31.000Z</time>
        <extensions>
          <ns3:TrackPointExtension>
            <ns3:hr>164</ns3:hr>
          </ns3:TrackPointExtension>
        </extensions>
      </trkpt>
      <trkpt lat="45.5010415054857730865478515625" lon="-73.57281147502362728118896484375">
        <ele>52.200000762939453125</ele>
        <time>2024-05-23T18:41:43.000Z</time>
        <extensions>
          <ns3:TrackPointExtension>
            <ns3:hr>164</ns3:hr>
          </ns3:TrackPointExtension>
        </extensions>
      </trkpt>
      <trkpt lat="45.5010299384593963623046875" lon="-73.57281901873648166656494140625">
        <ele>52.799999237060546875</ele>
        <time>2024-05-23T18:41:53.000Z</time>
        <extensions>
          <ns3:TrackPointExtension>
            <ns3:hr>165</ns3:hr>
          </ns3:TrackPointExtension>
        </extensions>
      </trkpt>
      <trkpt lat="45.5010299384593963623046875" lon="-73.57281901873648166656494140625">
        <ele>53</ele>
        <time>2024-05-23T18:41:59.000Z</time>
        <extensions>
          <ns3:TrackPointExtension>
            <ns3:hr>167</ns3:hr>
          </ns3:TrackPointExtension>
        </extensions>
      </trkpt>
      <trkpt lat="45.5010299384593963623046875" lon="-73.57281901873648166656494140625">
        <ele>53.200000762939453125</ele>
        <time>2024-05-23T18:42:02.000Z</time>
        <extensions>
          <ns3:TrackPointExtension>
            <ns3:hr>165</ns3:hr>
          </ns3:TrackPointExtension>
        </extensions>
      </trkpt>
      <trkpt lat="45.50102616660296916961669921875" lon="-73.57282488606870174407958984375">
        <ele>53</ele>
        <time>2024-05-23T18:42:04.000Z</time>
        <extensions>
          <ns3:TrackPointExtension>
            <ns3:hr>162</ns3:hr>
          </ns3:TrackPointExtension>
        </extensions>
      </trkpt>
      <trkpt lat="45.50102281384170055389404296875" lon="-73.57282874174416065216064453125">
        <ele>52.40000152587890625</ele>
        <time>2024-05-23T18:42:09.000Z</time>
        <extensions>
          <ns3:TrackPointExtension>
            <ns3:hr>160</ns3:hr>
          </ns3:TrackPointExtension>
        </extensions>
      </trkpt>
      <trkpt lat="45.5010200478136539459228515625" lon="-73.572838716208934783935546875">
        <ele>52.200000762939453125</ele>
        <time>2024-05-23T18:42:12.000Z</time>
        <extensions>
          <ns3:TrackPointExtension>
            <ns3:hr>157</ns3:hr>
          </ns3:TrackPointExtension>
        </extensions>
      </trkpt>
      <trkpt lat="45.5010200478136539459228515625" lon="-73.572838716208934783935546875">
        <ele>52.200000762939453125</ele>
        <time>2024-05-23T18:42:14.000Z</time>
        <extensions>
          <ns3:TrackPointExtension>
            <ns3:hr>156</ns3:hr>
          </ns3:TrackPointExtension>
        </extensions>
      </trkpt>
      <trkpt lat="45.5010200478136539459228515625" lon="-73.572838716208934783935546875">
        <ele>52.200000762939453125</ele>
        <time>2024-05-23T18:42:16.000Z</time>
        <extensions>
          <ns3:TrackPointExtension>
            <ns3:hr>153</ns3:hr>
          </ns3:TrackPointExtension>
        </extensions>
      </trkpt>
      <trkpt lat="45.5010200478136539459228515625" lon="-73.572838716208934783935546875">
        <ele>52</ele>
        <time>2024-05-23T18:42:18.000Z</time>
        <extensions>
          <ns3:TrackPointExtension>
            <ns3:hr>153</ns3:hr>
          </ns3:TrackPointExtension>
        </extensions>
      </trkpt>
      <trkpt lat="45.5010378174483776092529296875" lon="-73.57285036705434322357177734375">
        <ele>52.40000152587890625</ele>
        <time>2024-05-23T18:42:23.000Z</time>
        <extensions>
          <ns3:TrackPointExtension>
            <ns3:hr>152</ns3:hr>
          </ns3:TrackPointExtension>
        </extensions>
      </trkpt>
      <trkpt lat="45.50103739835321903228759765625" lon="-73.57284986414015293121337890625">
        <ele>52.59999847412109375</ele>
        <time>2024-05-23T18:42:28.000Z</time>
        <extensions>
          <ns3:TrackPointExtension>
            <ns3:hr>149</ns3:hr>
          </ns3:TrackPointExtension>
        </extensions>
      </trkpt>
      <trkpt lat="45.50103806890547275543212890625" lon="-73.57285179197788238525390625">
        <ele>53.200000762939453125</ele>
        <time>2024-05-23T18:42:32.000Z</time>
        <extensions>
          <ns3:TrackPointExtension>
            <ns3:hr>149</ns3:hr>
          </ns3:TrackPointExtension>
        </extensions>
      </trkpt>
      <trkpt lat="45.50104108639061450958251953125" lon="-73.5728489421308040618896484375">
        <ele>53.59999847412109375</ele>
        <time>2024-05-23T18:42:36.000Z</time>
        <extensions>
          <ns3:TrackPointExtension>
            <ns3:hr>149</ns3:hr>
          </ns3:TrackPointExtension>
        </extensions>
      </trkpt>
      <trkpt lat="45.50104108639061450958251953125" lon="-73.5728489421308040618896484375">
        <ele>54.40000152587890625</ele>
        <time>2024-05-23T18:42:40.000Z</time>
        <extensions>
          <ns3:TrackPointExtension>
            <ns3:hr>150</ns3:hr>
          </ns3:TrackPointExtension>
        </extensions>
      </trkpt>
      <trkpt lat="45.5010438524186611175537109375" lon="-73.57285137288272380828857421875">
        <ele>54.59999847412109375</ele>
        <time>2024-05-23T18:42:43.000Z</time>
        <extensions>
          <ns3:TrackPointExtension>
            <ns3:hr>149</ns3:hr>
          </ns3:TrackPointExtension>
        </extensions>
      </trkpt>
      <trkpt lat="45.50103538669645786285400390625" lon="-73.57288339175283908843994140625">
        <ele>54.59999847412109375</ele>
        <time>2024-05-23T18:42:45.000Z</time>
        <extensions>
          <ns3:TrackPointExtension>
            <ns3:hr>149</ns3:hr>
          </ns3:TrackPointExtension>
        </extensions>
      </trkpt>
      <trkpt lat="45.5010301060974597930908203125" lon="-73.57289646752178668975830078125">
        <ele>54.59999847412109375</ele>
        <time>2024-05-23T18:42:48.000Z</time>
        <extensions>
          <ns3:TrackPointExtension>
            <ns3:hr>150</ns3:hr>
          </ns3:TrackPointExtension>
        </extensions>
      </trkpt>
      <trkpt lat="45.5010301060974597930908203125" lon="-73.57289646752178668975830078125">
        <ele>54</ele>
        <time>2024-05-23T18:42:55.000Z</time>
        <extensions>
          <ns3:TrackPointExtension>
            <ns3:hr>149</ns3:hr>
          </ns3:TrackPointExtension>
        </extensions>
      </trkpt>
      <trkpt lat="45.5010170303285121917724609375" lon="-73.572907783091068267822265625">
        <ele>53.799999237060546875</ele>
        <time>2024-05-23T18:43:05.000Z</time>
        <extensions>
          <ns3:TrackPointExtension>
            <ns3:hr>148</ns3:hr>
          </ns3:TrackPointExtension>
        </extensions>
      </trkpt>
      <trkpt lat="45.50101426430046558380126953125" lon="-73.57291054911911487579345703125">
        <ele>54</ele>
        <time>2024-05-23T18:43:12.000Z</time>
        <extensions>
          <ns3:TrackPointExtension>
            <ns3:hr>148</ns3:hr>
          </ns3:TrackPointExtension>
        </extensions>
      </trkpt>
      <trkpt lat="45.50101610831916332244873046875" lon="-73.5729133151471614837646484375">
        <ele>54.40000152587890625</ele>
        <time>2024-05-23T18:43:18.000Z</time>
        <extensions>
          <ns3:TrackPointExtension>
            <ns3:hr>148</ns3:hr>
          </ns3:TrackPointExtension>
        </extensions>
      </trkpt>
      <trkpt lat="45.50099716521799564361572265625" lon="-73.57293787412345409393310546875">
        <ele>55</ele>
        <time>2024-05-23T18:43:28.000Z</time>
        <extensions>
          <ns3:TrackPointExtension>
            <ns3:hr>145</ns3:hr>
          </ns3:TrackPointExtension>
        </extensions>
      </trkpt>
      <trkpt lat="45.50098492763936519622802734375" lon="-73.57293804176151752471923828125">
        <ele>55</ele>
        <time>2024-05-23T18:43:37.000Z</time>
        <extensions>
          <ns3:TrackPointExtension>
            <ns3:hr>144</ns3:hr>
          </ns3:TrackPointExtension>
        </extensions>
      </trkpt>
      <trkpt lat="45.50098769366741180419921875" lon="-73.5729364491999149322509765625">
        <ele>54.59999847412109375</ele>
        <time>2024-05-23T18:43:43.000Z</time>
        <extensions>
          <ns3:TrackPointExtension>
            <ns3:hr>144</ns3:hr>
          </ns3:TrackPointExtension>
        </extensions>
      </trkpt>
      <trkpt lat="45.5009774677455425262451171875" lon="-73.5729662887752056121826171875">
        <ele>54.59999847412109375</ele>
        <time>2024-05-23T18:43:50.000Z</time>
        <extensions>
          <ns3:TrackPointExtension>
            <ns3:hr>147</ns3:hr>
          </ns3:TrackPointExtension>
        </extensions>
      </trkpt>
      <trkpt lat="45.5009774677455425262451171875" lon="-73.5729662887752056121826171875">
        <ele>54.799999237060546875</ele>
        <time>2024-05-23T18:43:51.000Z</time>
        <extensions>
          <ns3:TrackPointExtension>
            <ns3:hr>147</ns3:hr>
          </ns3:TrackPointExtension>
        </extensions>
      </trkpt>
      <trkpt lat="45.5009774677455425262451171875" lon="-73.5729662887752056121826171875">
        <ele>54.200000762939453125</ele>
        <time>2024-05-23T18:44:02.000Z</time>
        <extensions>
          <ns3:TrackPointExtension>
            <ns3:hr>147</ns3:hr>
          </ns3:TrackPointExtension>
        </extensions>
      </trkpt>
      <trkpt lat="45.50095223821699619293212890625" lon="-73.5729639418423175811767578125">
        <ele>54.200000762939453125</ele>
        <time>2024-05-23T18:44:07.000Z</time>
        <extensions>
          <ns3:TrackPointExtension>
            <ns3:hr>148</ns3:hr>
          </ns3:TrackPointExtension>
        </extensions>
      </trkpt>
      <trkpt lat="45.50091267563402652740478515625" lon="-73.57295497320592403411865234375">
        <ele>54</ele>
        <time>2024-05-23T18:44:10.000Z</time>
        <extensions>
          <ns3:TrackPointExtension>
            <ns3:hr>149</ns3:hr>
          </ns3:TrackPointExtension>
        </extensions>
      </trkpt>
      <trkpt lat="45.500897504389286041259765625" lon="-73.57295128516852855682373046875">
        <ele>53.799999237060546875</ele>
        <time>2024-05-23T18:44:12.000Z</time>
        <extensions>
          <ns3:TrackPointExtension>
            <ns3:hr>149</ns3:hr>
          </ns3:TrackPointExtension>
        </extensions>
      </trkpt>
      <trkpt lat="45.50085651688277721405029296875" lon="-73.57294273562729358673095703125">
        <ele>54</ele>
        <time>2024-05-23T18:44:15.000Z</time>
        <extensions>
          <ns3:TrackPointExtension>
            <ns3:hr>149</ns3:hr>
          </ns3:TrackPointExtension>
        </extensions>
      </trkpt>
    </trkseg>
  </trk>
</gpx>
