<?xml version="1.0" encoding="UTF-8"?>
<gpx creator="Garmin Connect" version="1.1"
  xsi:schemaLocation="http://www.topografix.com/GPX/1/1 http://www.topografix.com/GPX/11.xsd"
  xmlns:ns3="http://www.garmin.com/xmlschemas/TrackPointExtension/v1"
  xmlns="http://www.topografix.com/GPX/1/1"
  xmlns:xsi="http://www.w3.org/2001/XMLSchema-instance" xmlns:ns2="http://www.garmin.com/xmlschemas/GpxExtensions/v3">
  <metadata>
    <link href="connect.garmin.com">
      <text>Garmin Connect</text>
    </link>
    <time>2024-05-23T15:22:16.000Z</time>
  </metadata>
  <trk>
    <name>Montreal Cycling</name>
    <type>cycling</type>
    <trkseg>
      <trkpt lat="45.50647540949285030364990234375" lon="-73.5763783939182758331298828125">
        <ele>79.59999847412109375</ele>
        <time>2024-05-23T15:22:27.000Z</time>
        <extensions>
          <ns3:TrackPointExtension>
            <ns3:hr>147</ns3:hr>
          </ns3:TrackPointExtension>
        </extensions>
      </trkpt>
      <trkpt lat="45.5064770020544528961181640625" lon="-73.5763254202902317047119140625">
        <ele>79.59999847412109375</ele>
        <time>2024-05-23T15:22:28.000Z</time>
        <extensions>
          <ns3:TrackPointExtension>
            <ns3:hr>147</ns3:hr>
          </ns3:TrackPointExtension>
        </extensions>
      </trkpt>
      <trkpt lat="45.506481863558292388916015625" lon="-73.57657947577536106109619140625">
        <ele>79.8000030517578125</ele>
        <time>2024-05-23T15:22:30.000Z</time>
        <extensions>
          <ns3:TrackPointExtension>
            <ns3:hr>150</ns3:hr>
          </ns3:TrackPointExtension>
        </extensions>
      </trkpt>
      <trkpt lat="45.5062929354608058929443359375" lon="-73.57659347355365753173828125">
        <ele>80.8000030517578125</ele>
        <time>2024-05-23T15:22:36.000Z</time>
        <extensions>
          <ns3:TrackPointExtension>
            <ns3:hr>151</ns3:hr>
          </ns3:TrackPointExtension>
        </extensions>
      </trkpt>
      <trkpt lat="45.50625764764845371246337890625" lon="-73.57658970169723033905029296875">
        <ele>80.59999847412109375</ele>
        <time>2024-05-23T15:22:38.000Z</time>
        <extensions>
          <ns3:TrackPointExtension>
            <ns3:hr>153</ns3:hr>
          </ns3:TrackPointExtension>
        </extensions>
      </trkpt>
      <trkpt lat="45.5062262155115604400634765625" lon="-73.576630018651485443115234375">
        <ele>80.59999847412109375</ele>
        <time>2024-05-23T15:22:41.000Z</time>
        <extensions>
          <ns3:TrackPointExtension>
            <ns3:hr>156</ns3:hr>
          </ns3:TrackPointExtension>
        </extensions>
      </trkpt>
      <trkpt lat="45.50619386136531829833984375" lon="-73.57664988376200199127197265625">
        <ele>80.40000152587890625</ele>
        <time>2024-05-23T15:22:44.000Z</time>
        <extensions>
          <ns3:TrackPointExtension>
            <ns3:hr>159</ns3:hr>
          </ns3:TrackPointExtension>
        </extensions>
      </trkpt>
      <trkpt lat="45.5061859823763370513916015625" lon="-73.5766549967229366302490234375">
        <ele>80.40000152587890625</ele>
        <time>2024-05-23T15:22:45.000Z</time>
        <extensions>
          <ns3:TrackPointExtension>
            <ns3:hr>159</ns3:hr>
          </ns3:TrackPointExtension>
        </extensions>
      </trkpt>
      <trkpt lat="45.50616662018001079559326171875" lon="-73.5766653902828693389892578125">
        <ele>80.1999969482421875</ele>
        <time>2024-05-23T15:22:47.000Z</time>
        <extensions>
          <ns3:TrackPointExtension>
            <ns3:hr>161</ns3:hr>
          </ns3:TrackPointExtension>
        </extensions>
      </trkpt>
      <trkpt lat="45.50615723244845867156982421875" lon="-73.57670470140874385833740234375">
        <ele>79.8000030517578125</ele>
        <time>2024-05-23T15:22:49.000Z</time>
        <extensions>
          <ns3:TrackPointExtension>
            <ns3:hr>161</ns3:hr>
          </ns3:TrackPointExtension>
        </extensions>
      </trkpt>
      <trkpt lat="45.5061430670320987701416015625" lon="-73.5767228901386260986328125">
        <ele>79.59999847412109375</ele>
        <time>2024-05-23T15:22:50.000Z</time>
        <extensions>
          <ns3:TrackPointExtension>
            <ns3:hr>160</ns3:hr>
          </ns3:TrackPointExtension>
        </extensions>
      </trkpt>
      <trkpt lat="45.50613041035830974578857421875" lon="-73.5767260752618312835693359375">
        <ele>79.59999847412109375</ele>
        <time>2024-05-23T15:22:51.000Z</time>
        <extensions>
          <ns3:TrackPointExtension>
            <ns3:hr>160</ns3:hr>
          </ns3:TrackPointExtension>
        </extensions>
      </trkpt>
      <trkpt lat="45.5060805380344390869140625" lon="-73.57673940248787403106689453125">
        <ele>79.8000030517578125</ele>
        <time>2024-05-23T15:22:57.000Z</time>
        <extensions>
          <ns3:TrackPointExtension>
            <ns3:hr>162</ns3:hr>
          </ns3:TrackPointExtension>
        </extensions>
      </trkpt>
      <trkpt lat="45.50597417168319225311279296875" lon="-73.57681400142610073089599609375">
        <ele>80.40000152587890625</ele>
        <time>2024-05-23T15:23:02.000Z</time>
        <extensions>
          <ns3:TrackPointExtension>
            <ns3:hr>164</ns3:hr>
          </ns3:TrackPointExtension>
        </extensions>
      </trkpt>
      <trkpt lat="45.50585414282977581024169921875" lon="-73.5767938010394573211669921875">
        <ele>80.59999847412109375</ele>
        <time>2024-05-23T15:23:06.000Z</time>
        <extensions>
          <ns3:TrackPointExtension>
            <ns3:hr>164</ns3:hr>
          </ns3:TrackPointExtension>
        </extensions>
      </trkpt>
      <trkpt lat="45.50582061521708965301513671875" lon="-73.57680209912359714508056640625">
        <ele>80.59999847412109375</ele>
        <time>2024-05-23T15:23:07.000Z</time>
        <extensions>
          <ns3:TrackPointExtension>
            <ns3:hr>164</ns3:hr>
          </ns3:TrackPointExtension>
        </extensions>
      </trkpt>
      <trkpt lat="45.5057890154421329498291015625" lon="-73.57682104222476482391357421875">
        <ele>80.59999847412109375</ele>
        <time>2024-05-23T15:23:08.000Z</time>
        <extensions>
          <ns3:TrackPointExtension>
            <ns3:hr>164</ns3:hr>
          </ns3:TrackPointExtension>
        </extensions>
      </trkpt>
      <trkpt lat="45.5056676454842090606689453125" lon="-73.57689932920038700103759765625">
        <ele>80.8000030517578125</ele>
        <time>2024-05-23T15:23:12.000Z</time>
        <extensions>
          <ns3:TrackPointExtension>
            <ns3:hr>164</ns3:hr>
          </ns3:TrackPointExtension>
        </extensions>
      </trkpt>
      <trkpt lat="45.5054228939116001129150390625" lon="-73.5770073719322681427001953125">
        <ele>80.8000030517578125</ele>
        <time>2024-05-23T15:23:21.000Z</time>
        <extensions>
          <ns3:TrackPointExtension>
            <ns3:hr>165</ns3:hr>
          </ns3:TrackPointExtension>
        </extensions>
      </trkpt>
      <trkpt lat="45.50543253310024738311767578125" lon="-73.57699119485914707183837890625">
        <ele>80.8000030517578125</ele>
        <time>2024-05-23T15:23:22.000Z</time>
        <extensions>
          <ns3:TrackPointExtension>
            <ns3:hr>164</ns3:hr>
          </ns3:TrackPointExtension>
        </extensions>
      </trkpt>
      <trkpt lat="45.505420379340648651123046875" lon="-73.5769262351095676422119140625">
        <ele>80.8000030517578125</ele>
        <time>2024-05-23T15:23:24.000Z</time>
        <extensions>
          <ns3:TrackPointExtension>
            <ns3:hr>164</ns3:hr>
          </ns3:TrackPointExtension>
        </extensions>
      </trkpt>
      <trkpt lat="45.50532574765384197235107421875" lon="-73.5767582617700099945068359375">
        <ele>80.8000030517578125</ele>
        <time>2024-05-23T15:23:29.000Z</time>
        <extensions>
          <ns3:TrackPointExtension>
            <ns3:hr>167</ns3:hr>
          </ns3:TrackPointExtension>
        </extensions>
      </trkpt>
      <trkpt lat="45.50513128750026226043701171875" lon="-73.57647101394832134246826171875">
        <ele>80.59999847412109375</ele>
        <time>2024-05-23T15:23:38.000Z</time>
        <extensions>
          <ns3:TrackPointExtension>
            <ns3:hr>168</ns3:hr>
          </ns3:TrackPointExtension>
        </extensions>
      </trkpt>
      <trkpt lat="45.5050514079630374908447265625" lon="-73.57635417021811008453369140625">
        <ele>80.59999847412109375</ele>
        <time>2024-05-23T15:23:41.000Z</time>
        <extensions>
          <ns3:TrackPointExtension>
            <ns3:hr>169</ns3:hr>
          </ns3:TrackPointExtension>
        </extensions>
      </trkpt>
      <trkpt lat="45.50501234829425811767578125" lon="-73.5763569362461566925048828125">
        <ele>80.40000152587890625</ele>
        <time>2024-05-23T15:23:42.000Z</time>
        <extensions>
          <ns3:TrackPointExtension>
            <ns3:hr>169</ns3:hr>
          </ns3:TrackPointExtension>
        </extensions>
      </trkpt>
      <trkpt lat="45.50478947348892688751220703125" lon="-73.57633539475500583648681640625">
        <ele>80.8000030517578125</ele>
        <time>2024-05-23T15:23:48.000Z</time>
        <extensions>
          <ns3:TrackPointExtension>
            <ns3:hr>168</ns3:hr>
          </ns3:TrackPointExtension>
        </extensions>
      </trkpt>
      <trkpt lat="45.50469676963984966278076171875" lon="-73.57632751576602458953857421875">
        <ele>80.8000030517578125</ele>
        <time>2024-05-23T15:23:52.000Z</time>
        <extensions>
          <ns3:TrackPointExtension>
            <ns3:hr>168</ns3:hr>
          </ns3:TrackPointExtension>
        </extensions>
      </trkpt>
      <trkpt lat="45.5045838654041290283203125" lon="-73.5761879570782184600830078125">
        <ele>80.8000030517578125</ele>
        <time>2024-05-23T15:23:57.000Z</time>
        <extensions>
          <ns3:TrackPointExtension>
            <ns3:hr>165</ns3:hr>
          </ns3:TrackPointExtension>
        </extensions>
      </trkpt>
      <trkpt lat="45.50456701777875423431396484375" lon="-73.5761473886668682098388671875">
        <ele>80.8000030517578125</ele>
        <time>2024-05-23T15:23:58.000Z</time>
        <extensions>
          <ns3:TrackPointExtension>
            <ns3:hr>165</ns3:hr>
          </ns3:TrackPointExtension>
        </extensions>
      </trkpt>
      <trkpt lat="45.50449610687792301177978515625" lon="-73.5759706981480121612548828125">
        <ele>80.8000030517578125</ele>
        <time>2024-05-23T15:24:02.000Z</time>
        <extensions>
          <ns3:TrackPointExtension>
            <ns3:hr>162</ns3:hr>
          </ns3:TrackPointExtension>
        </extensions>
      </trkpt>
      <trkpt lat="45.50442754290997982025146484375" lon="-73.57587439008057117462158203125">
        <ele>80.8000030517578125</ele>
        <time>2024-05-23T15:24:05.000Z</time>
        <extensions>
          <ns3:TrackPointExtension>
            <ns3:hr>162</ns3:hr>
          </ns3:TrackPointExtension>
        </extensions>
      </trkpt>
      <trkpt lat="45.5043251998722553253173828125" lon="-73.575724773108959197998046875">
        <ele>80.40000152587890625</ele>
        <time>2024-05-23T15:24:10.000Z</time>
        <extensions>
          <ns3:TrackPointExtension>
            <ns3:hr>161</ns3:hr>
          </ns3:TrackPointExtension>
        </extensions>
      </trkpt>
      <trkpt lat="45.504297204315662384033203125" lon="-73.575656712055206298828125">
        <ele>80.1999969482421875</ele>
        <time>2024-05-23T15:24:12.000Z</time>
        <extensions>
          <ns3:TrackPointExtension>
            <ns3:hr>161</ns3:hr>
          </ns3:TrackPointExtension>
        </extensions>
      </trkpt>
      <trkpt lat="45.50427331589162349700927734375" lon="-73.5755858011543750762939453125">
        <ele>80.1999969482421875</ele>
        <time>2024-05-23T15:24:14.000Z</time>
        <extensions>
          <ns3:TrackPointExtension>
            <ns3:hr>159</ns3:hr>
          </ns3:TrackPointExtension>
        </extensions>
      </trkpt>
      <trkpt lat="45.50421330146491527557373046875" lon="-73.575479686260223388671875">
        <ele>79.8000030517578125</ele>
        <time>2024-05-23T15:24:18.000Z</time>
        <extensions>
          <ns3:TrackPointExtension>
            <ns3:hr>156</ns3:hr>
          </ns3:TrackPointExtension>
        </extensions>
      </trkpt>
      <trkpt lat="45.50420542247593402862548828125" lon="-73.5754647664725780487060546875">
        <ele>79.8000030517578125</ele>
        <time>2024-05-23T15:24:19.000Z</time>
        <extensions>
          <ns3:TrackPointExtension>
            <ns3:hr>156</ns3:hr>
          </ns3:TrackPointExtension>
        </extensions>
      </trkpt>
      <trkpt lat="45.5041961185634136199951171875" lon="-73.57545194216072559356689453125">
        <ele>79.59999847412109375</ele>
        <time>2024-05-23T15:24:20.000Z</time>
        <extensions>
          <ns3:TrackPointExtension>
            <ns3:hr>155</ns3:hr>
          </ns3:TrackPointExtension>
        </extensions>
      </trkpt>
      <trkpt lat="45.50416921265423297882080078125" lon="-73.57535370625555515289306640625">
        <ele>79.40000152587890625</ele>
        <time>2024-05-23T15:24:24.000Z</time>
        <extensions>
          <ns3:TrackPointExtension>
            <ns3:hr>154</ns3:hr>
          </ns3:TrackPointExtension>
        </extensions>
      </trkpt>
      <trkpt lat="45.50401716493070125579833984375" lon="-73.5750785283744335174560546875">
        <ele>79.1999969482421875</ele>
        <time>2024-05-23T15:24:33.000Z</time>
        <extensions>
          <ns3:TrackPointExtension>
            <ns3:hr>151</ns3:hr>
          </ns3:TrackPointExtension>
        </extensions>
      </trkpt>
      <trkpt lat="45.5039087869226932525634765625" lon="-73.57492824085056781768798828125">
        <ele>79</ele>
        <time>2024-05-23T15:24:39.000Z</time>
        <extensions>
          <ns3:TrackPointExtension>
            <ns3:hr>152</ns3:hr>
          </ns3:TrackPointExtension>
        </extensions>
      </trkpt>
      <trkpt lat="45.503856651484966278076171875" lon="-73.574844337999820709228515625">
        <ele>78.59999847412109375</ele>
        <time>2024-05-23T15:24:43.000Z</time>
        <extensions>
          <ns3:TrackPointExtension>
            <ns3:hr>155</ns3:hr>
          </ns3:TrackPointExtension>
        </extensions>
      </trkpt>
      <trkpt lat="45.50384567119181156158447265625" lon="-73.5748264007270336151123046875">
        <ele>78.59999847412109375</ele>
        <time>2024-05-23T15:24:44.000Z</time>
        <extensions>
          <ns3:TrackPointExtension>
            <ns3:hr>154</ns3:hr>
          </ns3:TrackPointExtension>
        </extensions>
      </trkpt>
      <trkpt lat="45.50382957793772220611572265625" lon="-73.57480569742619991302490234375">
        <ele>78.40000152587890625</ele>
        <time>2024-05-23T15:24:45.000Z</time>
        <extensions>
          <ns3:TrackPointExtension>
            <ns3:hr>155</ns3:hr>
          </ns3:TrackPointExtension>
        </extensions>
      </trkpt>
      <trkpt lat="45.50381935201585292816162109375" lon="-73.57479614205658435821533203125">
        <ele>78.40000152587890625</ele>
        <time>2024-05-23T15:24:46.000Z</time>
        <extensions>
          <ns3:TrackPointExtension>
            <ns3:hr>155</ns3:hr>
          </ns3:TrackPointExtension>
        </extensions>
      </trkpt>
      <trkpt lat="45.50378683023154735565185546875" lon="-73.5747814737260341644287109375">
        <ele>78.40000152587890625</ele>
        <time>2024-05-23T15:24:48.000Z</time>
        <extensions>
          <ns3:TrackPointExtension>
            <ns3:hr>155</ns3:hr>
          </ns3:TrackPointExtension>
        </extensions>
      </trkpt>
      <trkpt lat="45.50376780331134796142578125" lon="-73.57479547150433063507080078125">
        <ele>78.40000152587890625</ele>
        <time>2024-05-23T15:24:49.000Z</time>
        <extensions>
          <ns3:TrackPointExtension>
            <ns3:hr>154</ns3:hr>
          </ns3:TrackPointExtension>
        </extensions>
      </trkpt>
      <trkpt lat="45.503701083362102508544921875" lon="-73.57487090863287448883056640625">
        <ele>78.1999969482421875</ele>
        <time>2024-05-23T15:24:53.000Z</time>
        <extensions>
          <ns3:TrackPointExtension>
            <ns3:hr>155</ns3:hr>
          </ns3:TrackPointExtension>
        </extensions>
      </trkpt>
      <trkpt lat="45.50368708558380603790283203125" lon="-73.57489001937210559844970703125">
        <ele>78.1999969482421875</ele>
        <time>2024-05-23T15:24:55.000Z</time>
        <extensions>
          <ns3:TrackPointExtension>
            <ns3:hr>155</ns3:hr>
          </ns3:TrackPointExtension>
        </extensions>
      </trkpt>
      <trkpt lat="45.50365137867629528045654296875" lon="-73.57488767243921756744384765625">
        <ele>78</ele>
        <time>2024-05-23T15:25:00.000Z</time>
        <extensions>
          <ns3:TrackPointExtension>
            <ns3:hr>155</ns3:hr>
          </ns3:TrackPointExtension>
        </extensions>
      </trkpt>
      <trkpt lat="45.5036298371851444244384765625" lon="-73.5748585872352123260498046875">
        <ele>78</ele>
        <time>2024-05-23T15:25:02.000Z</time>
        <extensions>
          <ns3:TrackPointExtension>
            <ns3:hr>155</ns3:hr>
          </ns3:TrackPointExtension>
        </extensions>
      </trkpt>
      <trkpt lat="45.50357560627162456512451171875" lon="-73.57474417425692081451416015625">
        <ele>78</ele>
        <time>2024-05-23T15:25:06.000Z</time>
        <extensions>
          <ns3:TrackPointExtension>
            <ns3:hr>156</ns3:hr>
          </ns3:TrackPointExtension>
        </extensions>
      </trkpt>
      <trkpt lat="45.503513999283313751220703125" lon="-73.574615009129047393798828125">
        <ele>78</ele>
        <time>2024-05-23T15:25:09.000Z</time>
        <extensions>
          <ns3:TrackPointExtension>
            <ns3:hr>159</ns3:hr>
          </ns3:TrackPointExtension>
        </extensions>
      </trkpt>
      <trkpt lat="45.5034833215177059173583984375" lon="-73.57452825643122196197509765625">
        <ele>77.59999847412109375</ele>
        <time>2024-05-23T15:25:11.000Z</time>
        <extensions>
          <ns3:TrackPointExtension>
            <ns3:hr>161</ns3:hr>
          </ns3:TrackPointExtension>
        </extensions>
      </trkpt>
      <trkpt lat="45.5034420825541019439697265625" lon="-73.5744612850248813629150390625">
        <ele>77.40000152587890625</ele>
        <time>2024-05-23T15:25:13.000Z</time>
        <extensions>
          <ns3:TrackPointExtension>
            <ns3:hr>161</ns3:hr>
          </ns3:TrackPointExtension>
        </extensions>
      </trkpt>
      <trkpt lat="45.5033743567764759063720703125" lon="-73.5744096525013446807861328125">
        <ele>77.40000152587890625</ele>
        <time>2024-05-23T15:25:15.000Z</time>
        <extensions>
          <ns3:TrackPointExtension>
            <ns3:hr>161</ns3:hr>
          </ns3:TrackPointExtension>
        </extensions>
      </trkpt>
      <trkpt lat="45.5033388175070285797119140625" lon="-73.57426590286195278167724609375">
        <ele>77.59999847412109375</ele>
        <time>2024-05-23T15:25:18.000Z</time>
        <extensions>
          <ns3:TrackPointExtension>
            <ns3:hr>162</ns3:hr>
          </ns3:TrackPointExtension>
        </extensions>
      </trkpt>
      <trkpt lat="45.503294728696346282958984375" lon="-73.5740554332733154296875">
        <ele>77.8000030517578125</ele>
        <time>2024-05-23T15:25:24.000Z</time>
        <extensions>
          <ns3:TrackPointExtension>
            <ns3:hr>162</ns3:hr>
          </ns3:TrackPointExtension>
        </extensions>
      </trkpt>
      <trkpt lat="45.5032749474048614501953125" lon="-73.57401075772941112518310546875">
        <ele>77.8000030517578125</ele>
        <time>2024-05-23T15:25:26.000Z</time>
        <extensions>
          <ns3:TrackPointExtension>
            <ns3:hr>163</ns3:hr>
          </ns3:TrackPointExtension>
        </extensions>
      </trkpt>
      <trkpt lat="45.50326296128332614898681640625" lon="-73.57397421263158321380615234375">
        <ele>77.8000030517578125</ele>
        <time>2024-05-23T15:25:28.000Z</time>
        <extensions>
          <ns3:TrackPointExtension>
            <ns3:hr>163</ns3:hr>
          </ns3:TrackPointExtension>
        </extensions>
      </trkpt>
      <trkpt lat="45.50324167124927043914794921875" lon="-73.57391537167131900787353515625">
        <ele>77.8000030517578125</ele>
        <time>2024-05-23T15:25:33.000Z</time>
        <extensions>
          <ns3:TrackPointExtension>
            <ns3:hr>163</ns3:hr>
          </ns3:TrackPointExtension>
        </extensions>
      </trkpt>
      <trkpt lat="45.503260530531406402587890625" lon="-73.573899529874324798583984375">
        <ele>77.8000030517578125</ele>
        <time>2024-05-23T15:25:42.000Z</time>
        <extensions>
          <ns3:TrackPointExtension>
            <ns3:hr>164</ns3:hr>
          </ns3:TrackPointExtension>
        </extensions>
      </trkpt>
      <trkpt lat="45.503249466419219970703125" lon="-73.573857285082340240478515625">
        <ele>77.8000030517578125</ele>
        <time>2024-05-23T15:25:45.000Z</time>
        <extensions>
          <ns3:TrackPointExtension>
            <ns3:hr>164</ns3:hr>
          </ns3:TrackPointExtension>
        </extensions>
      </trkpt>
      <trkpt lat="45.5032395757734775543212890625" lon="-73.5738041438162326812744140625">
        <ele>77.8000030517578125</ele>
        <time>2024-05-23T15:25:47.000Z</time>
        <extensions>
          <ns3:TrackPointExtension>
            <ns3:hr>164</ns3:hr>
          </ns3:TrackPointExtension>
        </extensions>
      </trkpt>
      <trkpt lat="45.50323270261287689208984375" lon="-73.57378276996314525604248046875">
        <ele>77.8000030517578125</ele>
        <time>2024-05-23T15:25:48.000Z</time>
        <extensions>
          <ns3:TrackPointExtension>
            <ns3:hr>163</ns3:hr>
          </ns3:TrackPointExtension>
        </extensions>
      </trkpt>
      <trkpt lat="45.5032063834369182586669921875" lon="-73.5737266950309276580810546875">
        <ele>78</ele>
        <time>2024-05-23T15:25:51.000Z</time>
        <extensions>
          <ns3:TrackPointExtension>
            <ns3:hr>160</ns3:hr>
          </ns3:TrackPointExtension>
        </extensions>
      </trkpt>
      <trkpt lat="45.50318685360252857208251953125" lon="-73.57371387071907520294189453125">
        <ele>78</ele>
        <time>2024-05-23T15:25:52.000Z</time>
        <extensions>
          <ns3:TrackPointExtension>
            <ns3:hr>160</ns3:hr>
          </ns3:TrackPointExtension>
        </extensions>
      </trkpt>
      <trkpt lat="45.503129102289676666259765625" lon="-73.57366089709103107452392578125">
        <ele>78.1999969482421875</ele>
        <time>2024-05-23T15:25:55.000Z</time>
        <extensions>
          <ns3:TrackPointExtension>
            <ns3:hr>162</ns3:hr>
          </ns3:TrackPointExtension>
        </extensions>
      </trkpt>
      <trkpt lat="45.50312449224293231964111328125" lon="-73.5736230947077274322509765625">
        <ele>78.1999969482421875</ele>
        <time>2024-05-23T15:25:56.000Z</time>
        <extensions>
          <ns3:TrackPointExtension>
            <ns3:hr>163</ns3:hr>
          </ns3:TrackPointExtension>
        </extensions>
      </trkpt>
      <trkpt lat="45.50311979837715625762939453125" lon="-73.57358663342893123626708984375">
        <ele>78.40000152587890625</ele>
        <time>2024-05-23T15:25:57.000Z</time>
        <extensions>
          <ns3:TrackPointExtension>
            <ns3:hr>164</ns3:hr>
          </ns3:TrackPointExtension>
        </extensions>
      </trkpt>
      <trkpt lat="45.503096915781497955322265625" lon="-73.573593758046627044677734375">
        <ele>78.40000152587890625</ele>
        <time>2024-05-23T15:25:58.000Z</time>
        <extensions>
          <ns3:TrackPointExtension>
            <ns3:hr>165</ns3:hr>
          </ns3:TrackPointExtension>
        </extensions>
      </trkpt>
      <trkpt lat="45.50299641676247119903564453125" lon="-73.57376835308969020843505859375">
        <ele>78.40000152587890625</ele>
        <time>2024-05-23T15:26:01.000Z</time>
        <extensions>
          <ns3:TrackPointExtension>
            <ns3:hr>163</ns3:hr>
          </ns3:TrackPointExtension>
        </extensions>
      </trkpt>
      <trkpt lat="45.50280245952308177947998046875" lon="-73.57419147156178951263427734375">
        <ele>78.1999969482421875</ele>
        <time>2024-05-23T15:26:06.000Z</time>
        <extensions>
          <ns3:TrackPointExtension>
            <ns3:hr>165</ns3:hr>
          </ns3:TrackPointExtension>
        </extensions>
      </trkpt>
      <trkpt lat="45.50272283144295215606689453125" lon="-73.5742406733334064483642578125">
        <ele>77.8000030517578125</ele>
        <time>2024-05-23T15:26:09.000Z</time>
        <extensions>
          <ns3:TrackPointExtension>
            <ns3:hr>167</ns3:hr>
          </ns3:TrackPointExtension>
        </extensions>
      </trkpt>
      <trkpt lat="45.502671785652637481689453125" lon="-73.57422374188899993896484375">
        <ele>77.59999847412109375</ele>
        <time>2024-05-23T15:26:11.000Z</time>
        <extensions>
          <ns3:TrackPointExtension>
            <ns3:hr>169</ns3:hr>
          </ns3:TrackPointExtension>
        </extensions>
      </trkpt>
      <trkpt lat="45.50260841846466064453125" lon="-73.574041016399860382080078125">
        <ele>77.1999969482421875</ele>
        <time>2024-05-23T15:26:15.000Z</time>
        <extensions>
          <ns3:TrackPointExtension>
            <ns3:hr>169</ns3:hr>
          </ns3:TrackPointExtension>
        </extensions>
      </trkpt>
      <trkpt lat="45.502486713230609893798828125" lon="-73.5737659223377704620361328125">
        <ele>76.59999847412109375</ele>
        <time>2024-05-23T15:26:20.000Z</time>
        <extensions>
          <ns3:TrackPointExtension>
            <ns3:hr>168</ns3:hr>
          </ns3:TrackPointExtension>
        </extensions>
      </trkpt>
      <trkpt lat="45.50246768631041049957275390625" lon="-73.5737189836800098419189453125">
        <ele>76.40000152587890625</ele>
        <time>2024-05-23T15:26:21.000Z</time>
        <extensions>
          <ns3:TrackPointExtension>
            <ns3:hr>169</ns3:hr>
          </ns3:TrackPointExtension>
        </extensions>
      </trkpt>
      <trkpt lat="45.5023839510977268218994140625" lon="-73.57361177913844585418701171875">
        <ele>75.59999847412109375</ele>
        <time>2024-05-23T15:26:25.000Z</time>
        <extensions>
          <ns3:TrackPointExtension>
            <ns3:hr>169</ns3:hr>
          </ns3:TrackPointExtension>
        </extensions>
      </trkpt>
      <trkpt lat="45.50237238407135009765625" lon="-73.57360457070171833038330078125">
        <ele>75.40000152587890625</ele>
        <time>2024-05-23T15:26:26.000Z</time>
        <extensions>
          <ns3:TrackPointExtension>
            <ns3:hr>169</ns3:hr>
          </ns3:TrackPointExtension>
        </extensions>
      </trkpt>
      <trkpt lat="45.5023326538503170013427734375" lon="-73.57362586073577404022216796875">
        <ele>75.1999969482421875</ele>
        <time>2024-05-23T15:26:28.000Z</time>
        <extensions>
          <ns3:TrackPointExtension>
            <ns3:hr>169</ns3:hr>
          </ns3:TrackPointExtension>
        </extensions>
      </trkpt>
      <trkpt lat="45.502307675778865814208984375" lon="-73.57362837530672550201416015625">
        <ele>75</ele>
        <time>2024-05-23T15:26:32.000Z</time>
        <extensions>
          <ns3:TrackPointExtension>
            <ns3:hr>169</ns3:hr>
          </ns3:TrackPointExtension>
        </extensions>
      </trkpt>
      <trkpt lat="45.5022967793047428131103515625" lon="-73.5735922493040561676025390625">
        <ele>74.59999847412109375</ele>
        <time>2024-05-23T15:26:36.000Z</time>
        <extensions>
          <ns3:TrackPointExtension>
            <ns3:hr>168</ns3:hr>
          </ns3:TrackPointExtension>
        </extensions>
      </trkpt>
      <trkpt lat="45.502296946942806243896484375" lon="-73.573562912642955780029296875">
        <ele>74.59999847412109375</ele>
        <time>2024-05-23T15:26:39.000Z</time>
        <extensions>
          <ns3:TrackPointExtension>
            <ns3:hr>170</ns3:hr>
          </ns3:TrackPointExtension>
        </extensions>
      </trkpt>
      <trkpt lat="45.502294935286045074462890625" lon="-73.57354925014078617095947265625">
        <ele>74.59999847412109375</ele>
        <time>2024-05-23T15:26:41.000Z</time>
        <extensions>
          <ns3:TrackPointExtension>
            <ns3:hr>169</ns3:hr>
          </ns3:TrackPointExtension>
        </extensions>
      </trkpt>
      <trkpt lat="45.50228118896484375" lon="-73.5735711269080638885498046875">
        <ele>74.8000030517578125</ele>
        <time>2024-05-23T15:26:43.000Z</time>
        <extensions>
          <ns3:TrackPointExtension>
            <ns3:hr>168</ns3:hr>
          </ns3:TrackPointExtension>
        </extensions>
      </trkpt>
      <trkpt lat="45.50228395499289035797119140625" lon="-73.5735691152513027191162109375">
        <ele>74.8000030517578125</ele>
        <time>2024-05-23T15:26:44.000Z</time>
        <extensions>
          <ns3:TrackPointExtension>
            <ns3:hr>168</ns3:hr>
          </ns3:TrackPointExtension>
        </extensions>
      </trkpt>
      <trkpt lat="45.50223148427903652191162109375" lon="-73.5736019723117351531982421875">
        <ele>74.8000030517578125</ele>
        <time>2024-05-23T15:26:50.000Z</time>
        <extensions>
          <ns3:TrackPointExtension>
            <ns3:hr>169</ns3:hr>
          </ns3:TrackPointExtension>
        </extensions>
      </trkpt>
      <trkpt lat="45.50221270881593227386474609375" lon="-73.5736160539090633392333984375">
        <ele>75</ele>
        <time>2024-05-23T15:26:51.000Z</time>
        <extensions>
          <ns3:TrackPointExtension>
            <ns3:hr>168</ns3:hr>
          </ns3:TrackPointExtension>
        </extensions>
      </trkpt>
      <trkpt lat="45.50211288034915924072265625" lon="-73.5737335681915283203125">
        <ele>75.1999969482421875</ele>
        <time>2024-05-23T15:26:54.000Z</time>
        <extensions>
          <ns3:TrackPointExtension>
            <ns3:hr>167</ns3:hr>
          </ns3:TrackPointExtension>
        </extensions>
      </trkpt>
      <trkpt lat="45.50193241797387599945068359375" lon="-73.57389089651405811309814453125">
        <ele>75.59999847412109375</ele>
        <time>2024-05-23T15:27:00.000Z</time>
        <extensions>
          <ns3:TrackPointExtension>
            <ns3:hr>165</ns3:hr>
          </ns3:TrackPointExtension>
        </extensions>
      </trkpt>
      <trkpt lat="45.5017943680286407470703125" lon="-73.574093990027904510498046875">
        <ele>75.59999847412109375</ele>
        <time>2024-05-23T15:27:05.000Z</time>
        <extensions>
          <ns3:TrackPointExtension>
            <ns3:hr>164</ns3:hr>
          </ns3:TrackPointExtension>
        </extensions>
      </trkpt>
      <trkpt lat="45.50176796503365039825439453125" lon="-73.57416565530002117156982421875">
        <ele>75.59999847412109375</ele>
        <time>2024-05-23T15:27:06.000Z</time>
        <extensions>
          <ns3:TrackPointExtension>
            <ns3:hr>164</ns3:hr>
          </ns3:TrackPointExtension>
        </extensions>
      </trkpt>
      <trkpt lat="45.50169370137155055999755859375" lon="-73.57440437190234661102294921875">
        <ele>75.59999847412109375</ele>
        <time>2024-05-23T15:27:10.000Z</time>
        <extensions>
          <ns3:TrackPointExtension>
            <ns3:hr>164</ns3:hr>
          </ns3:TrackPointExtension>
        </extensions>
      </trkpt>
      <trkpt lat="45.5016755126416683197021484375" lon="-73.5743772983551025390625">
        <ele>75.59999847412109375</ele>
        <time>2024-05-23T15:27:12.000Z</time>
        <extensions>
          <ns3:TrackPointExtension>
            <ns3:hr>164</ns3:hr>
          </ns3:TrackPointExtension>
        </extensions>
      </trkpt>
      <trkpt lat="45.5016698129475116729736328125" lon="-73.574374280869960784912109375">
        <ele>75.59999847412109375</ele>
        <time>2024-05-23T15:27:13.000Z</time>
        <extensions>
          <ns3:TrackPointExtension>
            <ns3:hr>165</ns3:hr>
          </ns3:TrackPointExtension>
        </extensions>
      </trkpt>
      <trkpt lat="45.50165765918791294097900390625" lon="-73.5743503086268901824951171875">
        <ele>75.1999969482421875</ele>
        <time>2024-05-23T15:27:19.000Z</time>
        <extensions>
          <ns3:TrackPointExtension>
            <ns3:hr>166</ns3:hr>
          </ns3:TrackPointExtension>
        </extensions>
      </trkpt>
      <trkpt lat="45.50163351930677890777587890625" lon="-73.57433178462088108062744140625">
        <ele>75.1999969482421875</ele>
        <time>2024-05-23T15:27:27.000Z</time>
        <extensions>
          <ns3:TrackPointExtension>
            <ns3:hr>166</ns3:hr>
          </ns3:TrackPointExtension>
        </extensions>
      </trkpt>
      <trkpt lat="45.5016181804239749908447265625" lon="-73.5743194632232189178466796875">
        <ele>75</ele>
        <time>2024-05-23T15:27:31.000Z</time>
        <extensions>
          <ns3:TrackPointExtension>
            <ns3:hr>162</ns3:hr>
          </ns3:TrackPointExtension>
        </extensions>
      </trkpt>
      <trkpt lat="45.501614324748516082763671875" lon="-73.57431334443390369415283203125">
        <ele>75</ele>
        <time>2024-05-23T15:27:33.000Z</time>
        <extensions>
          <ns3:TrackPointExtension>
            <ns3:hr>159</ns3:hr>
          </ns3:TrackPointExtension>
        </extensions>
      </trkpt>
      <trkpt lat="45.50161524675786495208740234375" lon="-73.5743110813200473785400390625">
        <ele>75</ele>
        <time>2024-05-23T15:27:34.000Z</time>
        <extensions>
          <ns3:TrackPointExtension>
            <ns3:hr>158</ns3:hr>
          </ns3:TrackPointExtension>
        </extensions>
      </trkpt>
      <trkpt lat="45.50161407329142093658447265625" lon="-73.5742969997227191925048828125">
        <ele>75</ele>
        <time>2024-05-23T15:27:40.000Z</time>
        <extensions>
          <ns3:TrackPointExtension>
            <ns3:hr>156</ns3:hr>
          </ns3:TrackPointExtension>
        </extensions>
      </trkpt>
      <trkpt lat="45.5016208626329898834228515625" lon="-73.574295155704021453857421875">
        <ele>75</ele>
        <time>2024-05-23T15:27:47.000Z</time>
        <extensions>
          <ns3:TrackPointExtension>
            <ns3:hr>154</ns3:hr>
          </ns3:TrackPointExtension>
        </extensions>
      </trkpt>
      <trkpt lat="45.50162211991846561431884765625" lon="-73.5742926411330699920654296875">
        <ele>75</ele>
        <time>2024-05-23T15:27:52.000Z</time>
        <extensions>
          <ns3:TrackPointExtension>
            <ns3:hr>151</ns3:hr>
          </ns3:TrackPointExtension>
        </extensions>
      </trkpt>
      <trkpt lat="45.50162211991846561431884765625" lon="-73.5742926411330699920654296875">
        <ele>75</ele>
        <time>2024-05-23T15:27:54.000Z</time>
        <extensions>
          <ns3:TrackPointExtension>
            <ns3:hr>151</ns3:hr>
          </ns3:TrackPointExtension>
        </extensions>
      </trkpt>
      <trkpt lat="45.5016148276627063751220703125" lon="-73.57427529059350490570068359375">
        <ele>75</ele>
        <time>2024-05-23T15:28:09.000Z</time>
        <extensions>
          <ns3:TrackPointExtension>
            <ns3:hr>149</ns3:hr>
          </ns3:TrackPointExtension>
        </extensions>
      </trkpt>
      <trkpt lat="45.5015940405428409576416015625" lon="-73.574272692203521728515625">
        <ele>75</ele>
        <time>2024-05-23T15:28:11.000Z</time>
        <extensions>
          <ns3:TrackPointExtension>
            <ns3:hr>149</ns3:hr>
          </ns3:TrackPointExtension>
        </extensions>
      </trkpt>
      <trkpt lat="45.501468814909458160400390625" lon="-73.574278391897678375244140625">
        <ele>75.1999969482421875</ele>
        <time>2024-05-23T15:28:16.000Z</time>
        <extensions>
          <ns3:TrackPointExtension>
            <ns3:hr>150</ns3:hr>
          </ns3:TrackPointExtension>
        </extensions>
      </trkpt>
      <trkpt lat="45.50127075053751468658447265625" lon="-73.57445868663489818572998046875">
        <ele>75.1999969482421875</ele>
        <time>2024-05-23T15:28:22.000Z</time>
        <extensions>
          <ns3:TrackPointExtension>
            <ns3:hr>152</ns3:hr>
          </ns3:TrackPointExtension>
        </extensions>
      </trkpt>
      <trkpt lat="45.5011655576527118682861328125" lon="-73.57455491088330745697021484375">
        <ele>75.1999969482421875</ele>
        <time>2024-05-23T15:28:25.000Z</time>
        <extensions>
          <ns3:TrackPointExtension>
            <ns3:hr>155</ns3:hr>
          </ns3:TrackPointExtension>
        </extensions>
      </trkpt>
      <trkpt lat="45.5010136775672435760498046875" lon="-73.5747174359858036041259765625">
        <ele>76</ele>
        <time>2024-05-23T15:28:29.000Z</time>
        <extensions>
          <ns3:TrackPointExtension>
            <ns3:hr>156</ns3:hr>
          </ns3:TrackPointExtension>
        </extensions>
      </trkpt>
      <trkpt lat="45.5008359812200069427490234375" lon="-73.57486319728195667266845703125">
        <ele>76.1999969482421875</ele>
        <time>2024-05-23T15:28:34.000Z</time>
        <extensions>
          <ns3:TrackPointExtension>
            <ns3:hr>156</ns3:hr>
          </ns3:TrackPointExtension>
        </extensions>
      </trkpt>
      <trkpt lat="45.50078242085874080657958984375" lon="-73.57489169575273990631103515625">
        <ele>76.1999969482421875</ele>
        <time>2024-05-23T15:28:36.000Z</time>
        <extensions>
          <ns3:TrackPointExtension>
            <ns3:hr>155</ns3:hr>
          </ns3:TrackPointExtension>
        </extensions>
      </trkpt>
      <trkpt lat="45.5007590353488922119140625" lon="-73.57487509958446025848388671875">
        <ele>76.1999969482421875</ele>
        <time>2024-05-23T15:28:37.000Z</time>
        <extensions>
          <ns3:TrackPointExtension>
            <ns3:hr>156</ns3:hr>
          </ns3:TrackPointExtension>
        </extensions>
      </trkpt>
      <trkpt lat="45.500714443624019622802734375" lon="-73.57481793500483036041259765625">
        <ele>76.1999969482421875</ele>
        <time>2024-05-23T15:28:40.000Z</time>
        <extensions>
          <ns3:TrackPointExtension>
            <ns3:hr>155</ns3:hr>
          </ns3:TrackPointExtension>
        </extensions>
      </trkpt>
      <trkpt lat="45.50070983357727527618408203125" lon="-73.57477493584156036376953125">
        <ele>76.1999969482421875</ele>
        <time>2024-05-23T15:28:41.000Z</time>
        <extensions>
          <ns3:TrackPointExtension>
            <ns3:hr>156</ns3:hr>
          </ns3:TrackPointExtension>
        </extensions>
      </trkpt>
      <trkpt lat="45.5006914772093296051025390625" lon="-73.57470729388296604156494140625">
        <ele>76.1999969482421875</ele>
        <time>2024-05-23T15:28:42.000Z</time>
        <extensions>
          <ns3:TrackPointExtension>
            <ns3:hr>156</ns3:hr>
          </ns3:TrackPointExtension>
        </extensions>
      </trkpt>
      <trkpt lat="45.5006571114063262939453125" lon="-73.57459464110434055328369140625">
        <ele>76</ele>
        <time>2024-05-23T15:28:44.000Z</time>
        <extensions>
          <ns3:TrackPointExtension>
            <ns3:hr>156</ns3:hr>
          </ns3:TrackPointExtension>
        </extensions>
      </trkpt>
      <trkpt lat="45.50057035870850086212158203125" lon="-73.5743003524839878082275390625">
        <ele>75.1999969482421875</ele>
        <time>2024-05-23T15:28:48.000Z</time>
        <extensions>
          <ns3:TrackPointExtension>
            <ns3:hr>156</ns3:hr>
          </ns3:TrackPointExtension>
        </extensions>
      </trkpt>
      <trkpt lat="45.50054940395057201385498046875" lon="-73.5742177069187164306640625">
        <ele>75</ele>
        <time>2024-05-23T15:28:49.000Z</time>
        <extensions>
          <ns3:TrackPointExtension>
            <ns3:hr>158</ns3:hr>
          </ns3:TrackPointExtension>
        </extensions>
      </trkpt>
      <trkpt lat="45.5005275271832942962646484375" lon="-73.57415257953107357025146484375">
        <ele>74.8000030517578125</ele>
        <time>2024-05-23T15:28:50.000Z</time>
        <extensions>
          <ns3:TrackPointExtension>
            <ns3:hr>158</ns3:hr>
          </ns3:TrackPointExtension>
        </extensions>
      </trkpt>
      <trkpt lat="45.50046357326209545135498046875" lon="-73.5739721171557903289794921875">
        <ele>74.40000152587890625</ele>
        <time>2024-05-23T15:28:53.000Z</time>
        <extensions>
          <ns3:TrackPointExtension>
            <ns3:hr>158</ns3:hr>
          </ns3:TrackPointExtension>
        </extensions>
      </trkpt>
      <trkpt lat="45.50042836926877498626708984375" lon="-73.573874719440937042236328125">
        <ele>74</ele>
        <time>2024-05-23T15:28:55.000Z</time>
        <extensions>
          <ns3:TrackPointExtension>
            <ns3:hr>161</ns3:hr>
          </ns3:TrackPointExtension>
        </extensions>
      </trkpt>
      <trkpt lat="45.50038344226777553558349609375" lon="-73.57382484711706638336181640625">
        <ele>73.8000030517578125</ele>
        <time>2024-05-23T15:28:57.000Z</time>
        <extensions>
          <ns3:TrackPointExtension>
            <ns3:hr>165</ns3:hr>
          </ns3:TrackPointExtension>
        </extensions>
      </trkpt>
      <trkpt lat="45.500352680683135986328125" lon="-73.573763072490692138671875">
        <ele>73.40000152587890625</ele>
        <time>2024-05-23T15:28:59.000Z</time>
        <extensions>
          <ns3:TrackPointExtension>
            <ns3:hr>167</ns3:hr>
          </ns3:TrackPointExtension>
        </extensions>
      </trkpt>
      <trkpt lat="45.50032996572554111480712890625" lon="-73.573720492422580718994140625">
        <ele>73</ele>
        <time>2024-05-23T15:29:01.000Z</time>
        <extensions>
          <ns3:TrackPointExtension>
            <ns3:hr>167</ns3:hr>
          </ns3:TrackPointExtension>
        </extensions>
      </trkpt>
      <trkpt lat="45.50031571649014949798583984375" lon="-73.5736998729407787322998046875">
        <ele>72.8000030517578125</ele>
        <time>2024-05-23T15:29:02.000Z</time>
        <extensions>
          <ns3:TrackPointExtension>
            <ns3:hr>168</ns3:hr>
          </ns3:TrackPointExtension>
        </extensions>
      </trkpt>
      <trkpt lat="45.5003015510737895965576171875" lon="-73.5735751502215862274169921875">
        <ele>72.8000030517578125</ele>
        <time>2024-05-23T15:29:05.000Z</time>
        <extensions>
          <ns3:TrackPointExtension>
            <ns3:hr>168</ns3:hr>
          </ns3:TrackPointExtension>
        </extensions>
      </trkpt>
      <trkpt lat="45.500300042331218719482421875" lon="-73.5735614039003849029541015625">
        <ele>72.59999847412109375</ele>
        <time>2024-05-23T15:29:06.000Z</time>
        <extensions>
          <ns3:TrackPointExtension>
            <ns3:hr>168</ns3:hr>
          </ns3:TrackPointExtension>
        </extensions>
      </trkpt>
      <trkpt lat="45.50029023550450801849365234375" lon="-73.5735265351831912994384765625">
        <ele>72.1999969482421875</ele>
        <time>2024-05-23T15:29:09.000Z</time>
        <extensions>
          <ns3:TrackPointExtension>
            <ns3:hr>168</ns3:hr>
          </ns3:TrackPointExtension>
        </extensions>
      </trkpt>
      <trkpt lat="45.50024782307446002960205078125" lon="-73.57349594123661518096923828125">
        <ele>72.1999969482421875</ele>
        <time>2024-05-23T15:29:12.000Z</time>
        <extensions>
          <ns3:TrackPointExtension>
            <ns3:hr>168</ns3:hr>
          </ns3:TrackPointExtension>
        </extensions>
      </trkpt>
      <trkpt lat="45.50023860298097133636474609375" lon="-73.57348144054412841796875">
        <ele>72.1999969482421875</ele>
        <time>2024-05-23T15:29:13.000Z</time>
        <extensions>
          <ns3:TrackPointExtension>
            <ns3:hr>168</ns3:hr>
          </ns3:TrackPointExtension>
        </extensions>
      </trkpt>
      <trkpt lat="45.50021127797663211822509765625" lon="-73.5734219290316104888916015625">
        <ele>71.8000030517578125</ele>
        <time>2024-05-23T15:29:16.000Z</time>
        <extensions>
          <ns3:TrackPointExtension>
            <ns3:hr>167</ns3:hr>
          </ns3:TrackPointExtension>
        </extensions>
      </trkpt>
      <trkpt lat="45.50020054914057254791259765625" lon="-73.57340893708169460296630859375">
        <ele>71.8000030517578125</ele>
        <time>2024-05-23T15:29:17.000Z</time>
        <extensions>
          <ns3:TrackPointExtension>
            <ns3:hr>168</ns3:hr>
          </ns3:TrackPointExtension>
        </extensions>
      </trkpt>
      <trkpt lat="45.500187389552593231201171875" lon="-73.5733987949788570404052734375">
        <ele>71.8000030517578125</ele>
        <time>2024-05-23T15:29:18.000Z</time>
        <extensions>
          <ns3:TrackPointExtension>
            <ns3:hr>168</ns3:hr>
          </ns3:TrackPointExtension>
        </extensions>
      </trkpt>
      <trkpt lat="45.50018311478197574615478515625" lon="-73.57337339781224727630615234375">
        <ele>71.59999847412109375</ele>
        <time>2024-05-23T15:29:19.000Z</time>
        <extensions>
          <ns3:TrackPointExtension>
            <ns3:hr>168</ns3:hr>
          </ns3:TrackPointExtension>
        </extensions>
      </trkpt>
      <trkpt lat="45.5001942627131938934326171875" lon="-73.5732941888272762298583984375">
        <ele>71.40000152587890625</ele>
        <time>2024-05-23T15:29:21.000Z</time>
        <extensions>
          <ns3:TrackPointExtension>
            <ns3:hr>167</ns3:hr>
          </ns3:TrackPointExtension>
        </extensions>
      </trkpt>
      <trkpt lat="45.50019769929349422454833984375" lon="-73.573230318725109100341796875">
        <ele>71.40000152587890625</ele>
        <time>2024-05-23T15:29:23.000Z</time>
        <extensions>
          <ns3:TrackPointExtension>
            <ns3:hr>168</ns3:hr>
          </ns3:TrackPointExtension>
        </extensions>
      </trkpt>
      <trkpt lat="45.5001877248287200927734375" lon="-73.57323023490607738494873046875">
        <ele>71.1999969482421875</ele>
        <time>2024-05-23T15:29:24.000Z</time>
        <extensions>
          <ns3:TrackPointExtension>
            <ns3:hr>168</ns3:hr>
          </ns3:TrackPointExtension>
        </extensions>
      </trkpt>
      <trkpt lat="45.50015713088214397430419921875" lon="-73.57320358045399188995361328125">
        <ele>71</ele>
        <time>2024-05-23T15:29:26.000Z</time>
        <extensions>
          <ns3:TrackPointExtension>
            <ns3:hr>168</ns3:hr>
          </ns3:TrackPointExtension>
        </extensions>
      </trkpt>
      <trkpt lat="45.5001436360180377960205078125" lon="-73.57318103313446044921875">
        <ele>71</ele>
        <time>2024-05-23T15:29:27.000Z</time>
        <extensions>
          <ns3:TrackPointExtension>
            <ns3:hr>168</ns3:hr>
          </ns3:TrackPointExtension>
        </extensions>
      </trkpt>
      <trkpt lat="45.5001238547265529632568359375" lon="-73.573111630976200103759765625">
        <ele>70.8000030517578125</ele>
        <time>2024-05-23T15:29:30.000Z</time>
        <extensions>
          <ns3:TrackPointExtension>
            <ns3:hr>167</ns3:hr>
          </ns3:TrackPointExtension>
        </extensions>
      </trkpt>
      <trkpt lat="45.500112287700176239013671875" lon="-73.57309729792177677154541015625">
        <ele>70.59999847412109375</ele>
        <time>2024-05-23T15:29:31.000Z</time>
        <extensions>
          <ns3:TrackPointExtension>
            <ns3:hr>167</ns3:hr>
          </ns3:TrackPointExtension>
        </extensions>
      </trkpt>
      <trkpt lat="45.49997256137430667877197265625" lon="-73.57303812168538570404052734375">
        <ele>70.8000030517578125</ele>
        <time>2024-05-23T15:29:38.000Z</time>
        <extensions>
          <ns3:TrackPointExtension>
            <ns3:hr>165</ns3:hr>
          </ns3:TrackPointExtension>
        </extensions>
      </trkpt>
      <trkpt lat="45.49995663575828075408935546875" lon="-73.57303996570408344268798828125">
        <ele>70.8000030517578125</ele>
        <time>2024-05-23T15:29:39.000Z</time>
        <extensions>
          <ns3:TrackPointExtension>
            <ns3:hr>165</ns3:hr>
          </ns3:TrackPointExtension>
        </extensions>
      </trkpt>
      <trkpt lat="45.4999136365950107574462890625" lon="-73.57308338396251201629638671875">
        <ele>70.8000030517578125</ele>
        <time>2024-05-23T15:29:43.000Z</time>
        <extensions>
          <ns3:TrackPointExtension>
            <ns3:hr>165</ns3:hr>
          </ns3:TrackPointExtension>
        </extensions>
      </trkpt>
      <trkpt lat="45.49990542232990264892578125" lon="-73.57307039201259613037109375">
        <ele>70.8000030517578125</ele>
        <time>2024-05-23T15:29:45.000Z</time>
        <extensions>
          <ns3:TrackPointExtension>
            <ns3:hr>165</ns3:hr>
          </ns3:TrackPointExtension>
        </extensions>
      </trkpt>
      <trkpt lat="45.4999035783112049102783203125" lon="-73.57303627766668796539306640625">
        <ele>70.8000030517578125</ele>
        <time>2024-05-23T15:29:48.000Z</time>
        <extensions>
          <ns3:TrackPointExtension>
            <ns3:hr>166</ns3:hr>
          </ns3:TrackPointExtension>
        </extensions>
      </trkpt>
      <trkpt lat="45.49989678896963596343994140625" lon="-73.57292496599256992340087890625">
        <ele>70.59999847412109375</ele>
        <time>2024-05-23T15:29:54.000Z</time>
        <extensions>
          <ns3:TrackPointExtension>
            <ns3:hr>165</ns3:hr>
          </ns3:TrackPointExtension>
        </extensions>
      </trkpt>
      <trkpt lat="45.499891676008701324462890625" lon="-73.57291155494749546051025390625">
        <ele>70.59999847412109375</ele>
        <time>2024-05-23T15:29:55.000Z</time>
        <extensions>
          <ns3:TrackPointExtension>
            <ns3:hr>165</ns3:hr>
          </ns3:TrackPointExtension>
        </extensions>
      </trkpt>
      <trkpt lat="45.4998824559152126312255859375" lon="-73.57286210171878337860107421875">
        <ele>70.40000152587890625</ele>
        <time>2024-05-23T15:29:58.000Z</time>
        <extensions>
          <ns3:TrackPointExtension>
            <ns3:hr>165</ns3:hr>
          </ns3:TrackPointExtension>
        </extensions>
      </trkpt>
      <trkpt lat="45.49988203682005405426025390625" lon="-73.572827316820621490478515625">
        <ele>70.40000152587890625</ele>
        <time>2024-05-23T15:29:59.000Z</time>
        <extensions>
          <ns3:TrackPointExtension>
            <ns3:hr>165</ns3:hr>
          </ns3:TrackPointExtension>
        </extensions>
      </trkpt>
      <trkpt lat="45.49985848367214202880859375" lon="-73.572677783668041229248046875">
        <ele>70.1999969482421875</ele>
        <time>2024-05-23T15:30:03.000Z</time>
        <extensions>
          <ns3:TrackPointExtension>
            <ns3:hr>166</ns3:hr>
          </ns3:TrackPointExtension>
        </extensions>
      </trkpt>
      <trkpt lat="45.4998536221683025360107421875" lon="-73.57266671955585479736328125">
        <ele>70.1999969482421875</ele>
        <time>2024-05-23T15:30:04.000Z</time>
        <extensions>
          <ns3:TrackPointExtension>
            <ns3:hr>166</ns3:hr>
          </ns3:TrackPointExtension>
        </extensions>
      </trkpt>
      <trkpt lat="45.4998524487018585205078125" lon="-73.572662360966205596923828125">
        <ele>70.1999969482421875</ele>
        <time>2024-05-23T15:30:05.000Z</time>
        <extensions>
          <ns3:TrackPointExtension>
            <ns3:hr>166</ns3:hr>
          </ns3:TrackPointExtension>
        </extensions>
      </trkpt>
      <trkpt lat="45.49984314478933811187744140625" lon="-73.57267485000193119049072265625">
        <ele>70.1999969482421875</ele>
        <time>2024-05-23T15:30:06.000Z</time>
        <extensions>
          <ns3:TrackPointExtension>
            <ns3:hr>166</ns3:hr>
          </ns3:TrackPointExtension>
        </extensions>
      </trkpt>
      <trkpt lat="45.49983434379100799560546875" lon="-73.57269261963665485382080078125">
        <ele>70</ele>
        <time>2024-05-23T15:30:08.000Z</time>
        <extensions>
          <ns3:TrackPointExtension>
            <ns3:hr>164</ns3:hr>
          </ns3:TrackPointExtension>
        </extensions>
      </trkpt>
      <trkpt lat="45.499813556671142578125" lon="-73.5725508816540241241455078125">
        <ele>70.40000152587890625</ele>
        <time>2024-05-23T15:30:13.000Z</time>
        <extensions>
          <ns3:TrackPointExtension>
            <ns3:hr>164</ns3:hr>
          </ns3:TrackPointExtension>
        </extensions>
      </trkpt>
      <trkpt lat="45.4997366108000278472900390625" lon="-73.5723401606082916259765625">
        <ele>70.40000152587890625</ele>
        <time>2024-05-23T15:30:17.000Z</time>
        <extensions>
          <ns3:TrackPointExtension>
            <ns3:hr>164</ns3:hr>
          </ns3:TrackPointExtension>
        </extensions>
      </trkpt>
      <trkpt lat="45.49959889613091945648193359375" lon="-73.57203011400997638702392578125">
        <ele>70.40000152587890625</ele>
        <time>2024-05-23T15:30:22.000Z</time>
        <extensions>
          <ns3:TrackPointExtension>
            <ns3:hr>168</ns3:hr>
          </ns3:TrackPointExtension>
        </extensions>
      </trkpt>
      <trkpt lat="45.4995716549456119537353515625" lon="-73.57198753394186496734619140625">
        <ele>70.40000152587890625</ele>
        <time>2024-05-23T15:30:23.000Z</time>
        <extensions>
          <ns3:TrackPointExtension>
            <ns3:hr>170</ns3:hr>
          </ns3:TrackPointExtension>
        </extensions>
      </trkpt>
      <trkpt lat="45.49946822226047515869140625" lon="-73.57180966995656490325927734375">
        <ele>70.40000152587890625</ele>
        <time>2024-05-23T15:30:28.000Z</time>
        <extensions>
          <ns3:TrackPointExtension>
            <ns3:hr>170</ns3:hr>
          </ns3:TrackPointExtension>
        </extensions>
      </trkpt>
      <trkpt lat="45.49935632385313510894775390625" lon="-73.5715380124747753143310546875">
        <ele>70.40000152587890625</ele>
        <time>2024-05-23T15:30:34.000Z</time>
        <extensions>
          <ns3:TrackPointExtension>
            <ns3:hr>171</ns3:hr>
          </ns3:TrackPointExtension>
        </extensions>
      </trkpt>
      <trkpt lat="45.49934886395931243896484375" lon="-73.57136660255491733551025390625">
        <ele>70.40000152587890625</ele>
        <time>2024-05-23T15:30:37.000Z</time>
        <extensions>
          <ns3:TrackPointExtension>
            <ns3:hr>170</ns3:hr>
          </ns3:TrackPointExtension>
        </extensions>
      </trkpt>
      <trkpt lat="45.49932531081140041351318359375" lon="-73.57131580822169780731201171875">
        <ele>70.40000152587890625</ele>
        <time>2024-05-23T15:30:38.000Z</time>
        <extensions>
          <ns3:TrackPointExtension>
            <ns3:hr>169</ns3:hr>
          </ns3:TrackPointExtension>
        </extensions>
      </trkpt>
      <trkpt lat="45.4992449283599853515625" lon="-73.57106946408748626708984375">
        <ele>70.40000152587890625</ele>
        <time>2024-05-23T15:30:42.000Z</time>
        <extensions>
          <ns3:TrackPointExtension>
            <ns3:hr>168</ns3:hr>
          </ns3:TrackPointExtension>
        </extensions>
      </trkpt>
      <trkpt lat="45.49917410127818584442138671875" lon="-73.5709185898303985595703125">
        <ele>70.40000152587890625</ele>
        <time>2024-05-23T15:30:45.000Z</time>
        <extensions>
          <ns3:TrackPointExtension>
            <ns3:hr>168</ns3:hr>
          </ns3:TrackPointExtension>
        </extensions>
      </trkpt>
      <trkpt lat="45.49912548623979091644287109375" lon="-73.57086427509784698486328125">
        <ele>70.40000152587890625</ele>
        <time>2024-05-23T15:30:46.000Z</time>
        <extensions>
          <ns3:TrackPointExtension>
            <ns3:hr>169</ns3:hr>
          </ns3:TrackPointExtension>
        </extensions>
      </trkpt>
      <trkpt lat="45.49901786260306835174560546875" lon="-73.5707521252334117889404296875">
        <ele>70.59999847412109375</ele>
        <time>2024-05-23T15:30:49.000Z</time>
        <extensions>
          <ns3:TrackPointExtension>
            <ns3:hr>168</ns3:hr>
          </ns3:TrackPointExtension>
        </extensions>
      </trkpt>
      <trkpt lat="45.4990114085376262664794921875" lon="-73.57069219462573528289794921875">
        <ele>70.59999847412109375</ele>
        <time>2024-05-23T15:30:50.000Z</time>
        <extensions>
          <ns3:TrackPointExtension>
            <ns3:hr>168</ns3:hr>
          </ns3:TrackPointExtension>
        </extensions>
      </trkpt>
      <trkpt lat="45.498924739658832550048828125" lon="-73.57059965841472148895263671875">
        <ele>70.8000030517578125</ele>
        <time>2024-05-23T15:30:53.000Z</time>
        <extensions>
          <ns3:TrackPointExtension>
            <ns3:hr>168</ns3:hr>
          </ns3:TrackPointExtension>
        </extensions>
      </trkpt>
      <trkpt lat="45.4988997615873813629150390625" lon="-73.57058138586580753326416015625">
        <ele>70.8000030517578125</ele>
        <time>2024-05-23T15:30:54.000Z</time>
        <extensions>
          <ns3:TrackPointExtension>
            <ns3:hr>169</ns3:hr>
          </ns3:TrackPointExtension>
        </extensions>
      </trkpt>
      <trkpt lat="45.4988384060561656951904296875" lon="-73.57054500840604305267333984375">
        <ele>70.8000030517578125</ele>
        <time>2024-05-23T15:30:59.000Z</time>
        <extensions>
          <ns3:TrackPointExtension>
            <ns3:hr>169</ns3:hr>
          </ns3:TrackPointExtension>
        </extensions>
      </trkpt>
      <trkpt lat="45.49883044324815273284912109375" lon="-73.570548109710216522216796875">
        <ele>71</ele>
        <time>2024-05-23T15:31:03.000Z</time>
        <extensions>
          <ns3:TrackPointExtension>
            <ns3:hr>166</ns3:hr>
          </ns3:TrackPointExtension>
        </extensions>
      </trkpt>
      <trkpt lat="45.4988283477723598480224609375" lon="-73.5705526359379291534423828125">
        <ele>71.1999969482421875</ele>
        <time>2024-05-23T15:31:04.000Z</time>
        <extensions>
          <ns3:TrackPointExtension>
            <ns3:hr>165</ns3:hr>
          </ns3:TrackPointExtension>
        </extensions>
      </trkpt>
      <trkpt lat="45.49882323481142520904541015625" lon="-73.57054199092090129852294921875">
        <ele>71.40000152587890625</ele>
        <time>2024-05-23T15:31:08.000Z</time>
        <extensions>
          <ns3:TrackPointExtension>
            <ns3:hr>163</ns3:hr>
          </ns3:TrackPointExtension>
        </extensions>
      </trkpt>
      <trkpt lat="45.498816110193729400634765625" lon="-73.57054668478667736053466796875">
        <ele>71.40000152587890625</ele>
        <time>2024-05-23T15:31:10.000Z</time>
        <extensions>
          <ns3:TrackPointExtension>
            <ns3:hr>161</ns3:hr>
          </ns3:TrackPointExtension>
        </extensions>
      </trkpt>
      <trkpt lat="45.49880362115800380706787109375" lon="-73.5705549828708171844482421875">
        <ele>71</ele>
        <time>2024-05-23T15:31:16.000Z</time>
        <extensions>
          <ns3:TrackPointExtension>
            <ns3:hr>161</ns3:hr>
          </ns3:TrackPointExtension>
        </extensions>
      </trkpt>
      <trkpt lat="45.4987968318164348602294921875" lon="-73.57054970227181911468505859375">
        <ele>71.1999969482421875</ele>
        <time>2024-05-23T15:31:22.000Z</time>
        <extensions>
          <ns3:TrackPointExtension>
            <ns3:hr>161</ns3:hr>
          </ns3:TrackPointExtension>
        </extensions>
      </trkpt>
      <trkpt lat="45.49880948849022388458251953125" lon="-73.57054643332958221435546875">
        <ele>71.40000152587890625</ele>
        <time>2024-05-23T15:31:25.000Z</time>
        <extensions>
          <ns3:TrackPointExtension>
            <ns3:hr>158</ns3:hr>
          </ns3:TrackPointExtension>
        </extensions>
      </trkpt>
      <trkpt lat="45.4988189600408077239990234375" lon="-73.5705392248928546905517578125">
        <ele>71.59999847412109375</ele>
        <time>2024-05-23T15:31:26.000Z</time>
        <extensions>
          <ns3:TrackPointExtension>
            <ns3:hr>157</ns3:hr>
          </ns3:TrackPointExtension>
        </extensions>
      </trkpt>
      <trkpt lat="45.49883429892361164093017578125" lon="-73.57056277804076671600341796875">
        <ele>71.40000152587890625</ele>
        <time>2024-05-23T15:31:28.000Z</time>
        <extensions>
          <ns3:TrackPointExtension>
            <ns3:hr>156</ns3:hr>
          </ns3:TrackPointExtension>
        </extensions>
      </trkpt>
      <trkpt lat="45.49882985651493072509765625" lon="-73.5705858282744884490966796875">
        <ele>71.40000152587890625</ele>
        <time>2024-05-23T15:31:35.000Z</time>
        <extensions>
          <ns3:TrackPointExtension>
            <ns3:hr>155</ns3:hr>
          </ns3:TrackPointExtension>
        </extensions>
      </trkpt>
      <trkpt lat="45.49881787039339542388916015625" lon="-73.57061089016497135162353515625">
        <ele>71.40000152587890625</ele>
        <time>2024-05-23T15:31:43.000Z</time>
        <extensions>
          <ns3:TrackPointExtension>
            <ns3:hr>154</ns3:hr>
          </ns3:TrackPointExtension>
        </extensions>
      </trkpt>
      <trkpt lat="45.49881082959473133087158203125" lon="-73.57063435949385166168212890625">
        <ele>71.40000152587890625</ele>
        <time>2024-05-23T15:31:46.000Z</time>
        <extensions>
          <ns3:TrackPointExtension>
            <ns3:hr>153</ns3:hr>
          </ns3:TrackPointExtension>
        </extensions>
      </trkpt>
      <trkpt lat="45.4988149367272853851318359375" lon="-73.57068766839802265167236328125">
        <ele>71.59999847412109375</ele>
        <time>2024-05-23T15:31:49.000Z</time>
        <extensions>
          <ns3:TrackPointExtension>
            <ns3:hr>153</ns3:hr>
          </ns3:TrackPointExtension>
        </extensions>
      </trkpt>
      <trkpt lat="45.4988171160221099853515625" lon="-73.57067693956196308135986328125">
        <ele>71.59999847412109375</ele>
        <time>2024-05-23T15:31:52.000Z</time>
        <extensions>
          <ns3:TrackPointExtension>
            <ns3:hr>153</ns3:hr>
          </ns3:TrackPointExtension>
        </extensions>
      </trkpt>
      <trkpt lat="45.4988132603466510772705078125" lon="-73.570667803287506103515625">
        <ele>71.59999847412109375</ele>
        <time>2024-05-23T15:31:54.000Z</time>
        <extensions>
          <ns3:TrackPointExtension>
            <ns3:hr>150</ns3:hr>
          </ns3:TrackPointExtension>
        </extensions>
      </trkpt>
      <trkpt lat="45.4988062195479869842529296875" lon="-73.57069018296897411346435546875">
        <ele>71.59999847412109375</ele>
        <time>2024-05-23T15:31:57.000Z</time>
        <extensions>
          <ns3:TrackPointExtension>
            <ns3:hr>150</ns3:hr>
          </ns3:TrackPointExtension>
        </extensions>
      </trkpt>
      <trkpt lat="45.4987907968461513519287109375" lon="-73.57067241333425045013427734375">
        <ele>71.59999847412109375</ele>
        <time>2024-05-23T15:32:00.000Z</time>
        <extensions>
          <ns3:TrackPointExtension>
            <ns3:hr>151</ns3:hr>
          </ns3:TrackPointExtension>
        </extensions>
      </trkpt>
      <trkpt lat="45.49874930642545223236083984375" lon="-73.570648692548274993896484375">
        <ele>71.59999847412109375</ele>
        <time>2024-05-23T15:32:02.000Z</time>
        <extensions>
          <ns3:TrackPointExtension>
            <ns3:hr>152</ns3:hr>
          </ns3:TrackPointExtension>
        </extensions>
      </trkpt>
      <trkpt lat="45.49861737526953220367431640625" lon="-73.5705452598631381988525390625">
        <ele>71.59999847412109375</ele>
        <time>2024-05-23T15:32:06.000Z</time>
        <extensions>
          <ns3:TrackPointExtension>
            <ns3:hr>152</ns3:hr>
          </ns3:TrackPointExtension>
        </extensions>
      </trkpt>
      <trkpt lat="45.498480163514614105224609375" lon="-73.570480048656463623046875">
        <ele>71.59999847412109375</ele>
        <time>2024-05-23T15:32:10.000Z</time>
        <extensions>
          <ns3:TrackPointExtension>
            <ns3:hr>151</ns3:hr>
          </ns3:TrackPointExtension>
        </extensions>
      </trkpt>
      <trkpt lat="45.4984411038458347320556640625" lon="-73.57037452049553394317626953125">
        <ele>71.59999847412109375</ele>
        <time>2024-05-23T15:32:13.000Z</time>
        <extensions>
          <ns3:TrackPointExtension>
            <ns3:hr>151</ns3:hr>
          </ns3:TrackPointExtension>
        </extensions>
      </trkpt>
      <trkpt lat="45.4984509944915771484375" lon="-73.57032707892358303070068359375">
        <ele>71.59999847412109375</ele>
        <time>2024-05-23T15:32:14.000Z</time>
        <extensions>
          <ns3:TrackPointExtension>
            <ns3:hr>152</ns3:hr>
          </ns3:TrackPointExtension>
        </extensions>
      </trkpt>
      <trkpt lat="45.49849684350192546844482421875" lon="-73.570177964866161346435546875">
        <ele>71.40000152587890625</ele>
        <time>2024-05-23T15:32:17.000Z</time>
        <extensions>
          <ns3:TrackPointExtension>
            <ns3:hr>155</ns3:hr>
          </ns3:TrackPointExtension>
        </extensions>
      </trkpt>
      <trkpt lat="45.49851913936436176300048828125" lon="-73.57012331485748291015625">
        <ele>71</ele>
        <time>2024-05-23T15:32:18.000Z</time>
        <extensions>
          <ns3:TrackPointExtension>
            <ns3:hr>154</ns3:hr>
          </ns3:TrackPointExtension>
        </extensions>
      </trkpt>
      <trkpt lat="45.49853305332362651824951171875" lon="-73.57001611031591892242431640625">
        <ele>71</ele>
        <time>2024-05-23T15:32:20.000Z</time>
        <extensions>
          <ns3:TrackPointExtension>
            <ns3:hr>153</ns3:hr>
          </ns3:TrackPointExtension>
        </extensions>
      </trkpt>
      <trkpt lat="45.4984840191900730133056640625" lon="-73.5699813254177570343017578125">
        <ele>71</ele>
        <time>2024-05-23T15:32:21.000Z</time>
        <extensions>
          <ns3:TrackPointExtension>
            <ns3:hr>152</ns3:hr>
          </ns3:TrackPointExtension>
        </extensions>
      </trkpt>
      <trkpt lat="45.49836977384984493255615234375" lon="-73.56987847946584224700927734375">
        <ele>71</ele>
        <time>2024-05-23T15:32:23.000Z</time>
        <extensions>
          <ns3:TrackPointExtension>
            <ns3:hr>153</ns3:hr>
          </ns3:TrackPointExtension>
        </extensions>
      </trkpt>
      <trkpt lat="45.4983160458505153656005859375" lon="-73.56977932155132293701171875">
        <ele>70.8000030517578125</ele>
        <time>2024-05-23T15:32:25.000Z</time>
        <extensions>
          <ns3:TrackPointExtension>
            <ns3:hr>154</ns3:hr>
          </ns3:TrackPointExtension>
        </extensions>
      </trkpt>
      <trkpt lat="45.49826231785118579864501953125" lon="-73.5696594603359699249267578125">
        <ele>70.8000030517578125</ele>
        <time>2024-05-23T15:32:28.000Z</time>
        <extensions>
          <ns3:TrackPointExtension>
            <ns3:hr>157</ns3:hr>
          </ns3:TrackPointExtension>
        </extensions>
      </trkpt>
      <trkpt lat="45.4982194863259792327880859375" lon="-73.56959902681410312652587890625">
        <ele>70.59999847412109375</ele>
        <time>2024-05-23T15:32:29.000Z</time>
        <extensions>
          <ns3:TrackPointExtension>
            <ns3:hr>158</ns3:hr>
          </ns3:TrackPointExtension>
        </extensions>
      </trkpt>
      <trkpt lat="45.49811580218374729156494140625" lon="-73.56940775178372859954833984375">
        <ele>70.1999969482421875</ele>
        <time>2024-05-23T15:32:32.000Z</time>
        <extensions>
          <ns3:TrackPointExtension>
            <ns3:hr>159</ns3:hr>
          </ns3:TrackPointExtension>
        </extensions>
      </trkpt>
      <trkpt lat="45.49803433008491992950439453125" lon="-73.56926693581044673919677734375">
        <ele>70</ele>
        <time>2024-05-23T15:32:35.000Z</time>
        <extensions>
          <ns3:TrackPointExtension>
            <ns3:hr>159</ns3:hr>
          </ns3:TrackPointExtension>
        </extensions>
      </trkpt>
      <trkpt lat="45.4978590644896030426025390625" lon="-73.56900625862181186676025390625">
        <ele>69.59999847412109375</ele>
        <time>2024-05-23T15:32:39.000Z</time>
        <extensions>
          <ns3:TrackPointExtension>
            <ns3:hr>156</ns3:hr>
          </ns3:TrackPointExtension>
        </extensions>
      </trkpt>
      <trkpt lat="45.49779661931097507476806640625" lon="-73.56884398497641086578369140625">
        <ele>69.40000152587890625</ele>
        <time>2024-05-23T15:32:41.000Z</time>
        <extensions>
          <ns3:TrackPointExtension>
            <ns3:hr>155</ns3:hr>
          </ns3:TrackPointExtension>
        </extensions>
      </trkpt>
      <trkpt lat="45.49775429069995880126953125" lon="-73.56874926947057247161865234375">
        <ele>69.1999969482421875</ele>
        <time>2024-05-23T15:32:42.000Z</time>
        <extensions>
          <ns3:TrackPointExtension>
            <ns3:hr>155</ns3:hr>
          </ns3:TrackPointExtension>
        </extensions>
      </trkpt>
      <trkpt lat="45.4976800270378589630126953125" lon="-73.56861666776239871978759765625">
        <ele>68.8000030517578125</ele>
        <time>2024-05-23T15:32:44.000Z</time>
        <extensions>
          <ns3:TrackPointExtension>
            <ns3:hr>155</ns3:hr>
          </ns3:TrackPointExtension>
        </extensions>
      </trkpt>
      <trkpt lat="45.4976240359246730804443359375" lon="-73.56848356314003467559814453125">
        <ele>68</ele>
        <time>2024-05-23T15:32:46.000Z</time>
        <extensions>
          <ns3:TrackPointExtension>
            <ns3:hr>153</ns3:hr>
          </ns3:TrackPointExtension>
        </extensions>
      </trkpt>
      <trkpt lat="45.497577600181102752685546875" lon="-73.5684105567634105682373046875">
        <ele>67.59999847412109375</ele>
        <time>2024-05-23T15:32:47.000Z</time>
        <extensions>
          <ns3:TrackPointExtension>
            <ns3:hr>153</ns3:hr>
          </ns3:TrackPointExtension>
        </extensions>
      </trkpt>
      <trkpt lat="45.49750216305255889892578125" lon="-73.56831005774438381195068359375">
        <ele>66.59999847412109375</ele>
        <time>2024-05-23T15:32:49.000Z</time>
        <extensions>
          <ns3:TrackPointExtension>
            <ns3:hr>150</ns3:hr>
          </ns3:TrackPointExtension>
        </extensions>
      </trkpt>
      <trkpt lat="45.49745933152735233306884765625" lon="-73.56823168694972991943359375">
        <ele>66.1999969482421875</ele>
        <time>2024-05-23T15:32:50.000Z</time>
        <extensions>
          <ns3:TrackPointExtension>
            <ns3:hr>150</ns3:hr>
          </ns3:TrackPointExtension>
        </extensions>
      </trkpt>
      <trkpt lat="45.49740233458578586578369140625" lon="-73.568099252879619598388671875">
        <ele>65</ele>
        <time>2024-05-23T15:32:52.000Z</time>
        <extensions>
          <ns3:TrackPointExtension>
            <ns3:hr>151</ns3:hr>
          </ns3:TrackPointExtension>
        </extensions>
      </trkpt>
      <trkpt lat="45.4973152466118335723876953125" lon="-73.5679760389029979705810546875">
        <ele>64</ele>
        <time>2024-05-23T15:32:54.000Z</time>
        <extensions>
          <ns3:TrackPointExtension>
            <ns3:hr>152</ns3:hr>
          </ns3:TrackPointExtension>
        </extensions>
      </trkpt>
      <trkpt lat="45.4972667992115020751953125" lon="-73.56787302531301975250244140625">
        <ele>63</ele>
        <time>2024-05-23T15:32:56.000Z</time>
        <extensions>
          <ns3:TrackPointExtension>
            <ns3:hr>150</ns3:hr>
          </ns3:TrackPointExtension>
        </extensions>
      </trkpt>
      <trkpt lat="45.49723687581717967987060546875" lon="-73.56775048188865184783935546875">
        <ele>61.799999237060546875</ele>
        <time>2024-05-23T15:32:58.000Z</time>
        <extensions>
          <ns3:TrackPointExtension>
            <ns3:hr>146</ns3:hr>
          </ns3:TrackPointExtension>
        </extensions>
      </trkpt>
      <trkpt lat="45.4972240515053272247314453125" lon="-73.56770790182054042816162109375">
        <ele>61.40000152587890625</ele>
        <time>2024-05-23T15:32:59.000Z</time>
        <extensions>
          <ns3:TrackPointExtension>
            <ns3:hr>146</ns3:hr>
          </ns3:TrackPointExtension>
        </extensions>
      </trkpt>
      <trkpt lat="45.49719312228262424468994140625" lon="-73.567609079182147979736328125">
        <ele>60.40000152587890625</ele>
        <time>2024-05-23T15:33:01.000Z</time>
        <extensions>
          <ns3:TrackPointExtension>
            <ns3:hr>146</ns3:hr>
          </ns3:TrackPointExtension>
        </extensions>
      </trkpt>
      <trkpt lat="45.49717426300048828125" lon="-73.567421324551105499267578125">
        <ele>59.40000152587890625</ele>
        <time>2024-05-23T15:33:04.000Z</time>
        <extensions>
          <ns3:TrackPointExtension>
            <ns3:hr>146</ns3:hr>
          </ns3:TrackPointExtension>
        </extensions>
      </trkpt>
      <trkpt lat="45.49716822803020477294921875" lon="-73.5673621483147144317626953125">
        <ele>59</ele>
        <time>2024-05-23T15:33:05.000Z</time>
        <extensions>
          <ns3:TrackPointExtension>
            <ns3:hr>146</ns3:hr>
          </ns3:TrackPointExtension>
        </extensions>
      </trkpt>
      <trkpt lat="45.4972143284976482391357421875" lon="-73.5672263614833354949951171875">
        <ele>58.40000152587890625</ele>
        <time>2024-05-23T15:33:08.000Z</time>
        <extensions>
          <ns3:TrackPointExtension>
            <ns3:hr>145</ns3:hr>
          </ns3:TrackPointExtension>
        </extensions>
      </trkpt>
      <trkpt lat="45.49719613976776599884033203125" lon="-73.567201383411884307861328125">
        <ele>58.200000762939453125</ele>
        <time>2024-05-23T15:33:09.000Z</time>
        <extensions>
          <ns3:TrackPointExtension>
            <ns3:hr>145</ns3:hr>
          </ns3:TrackPointExtension>
        </extensions>
      </trkpt>
      <trkpt lat="45.49708382226526737213134765625" lon="-73.567119576036930084228515625">
        <ele>57.59999847412109375</ele>
        <time>2024-05-23T15:33:14.000Z</time>
        <extensions>
          <ns3:TrackPointExtension>
            <ns3:hr>145</ns3:hr>
          </ns3:TrackPointExtension>
        </extensions>
      </trkpt>
      <trkpt lat="45.49708382226526737213134765625" lon="-73.567119576036930084228515625">
        <ele>57.200000762939453125</ele>
        <time>2024-05-23T15:33:18.000Z</time>
        <extensions>
          <ns3:TrackPointExtension>
            <ns3:hr>147</ns3:hr>
          </ns3:TrackPointExtension>
        </extensions>
      </trkpt>
      <trkpt lat="45.49708382226526737213134765625" lon="-73.567119576036930084228515625">
        <ele>57.200000762939453125</ele>
        <time>2024-05-23T15:33:20.000Z</time>
        <extensions>
          <ns3:TrackPointExtension>
            <ns3:hr>149</ns3:hr>
          </ns3:TrackPointExtension>
        </extensions>
      </trkpt>
      <trkpt lat="45.497049205005168914794921875" lon="-73.56705461628735065460205078125">
        <ele>56.799999237060546875</ele>
        <time>2024-05-23T15:33:26.000Z</time>
        <extensions>
          <ns3:TrackPointExtension>
            <ns3:hr>152</ns3:hr>
          </ns3:TrackPointExtension>
        </extensions>
      </trkpt>
      <trkpt lat="45.49704912118613719940185546875" lon="-73.56705461628735065460205078125">
        <ele>56.799999237060546875</ele>
        <time>2024-05-23T15:33:31.000Z</time>
        <extensions>
          <ns3:TrackPointExtension>
            <ns3:hr>149</ns3:hr>
          </ns3:TrackPointExtension>
        </extensions>
      </trkpt>
      <trkpt lat="45.497049205005168914794921875" lon="-73.56705461628735065460205078125">
        <ele>56.799999237060546875</ele>
        <time>2024-05-23T15:33:36.000Z</time>
        <extensions>
          <ns3:TrackPointExtension>
            <ns3:hr>147</ns3:hr>
          </ns3:TrackPointExtension>
        </extensions>
      </trkpt>
      <trkpt lat="45.49704593606293201446533203125" lon="-73.567032404243946075439453125">
        <ele>56.799999237060546875</ele>
        <time>2024-05-23T15:33:42.000Z</time>
        <extensions>
          <ns3:TrackPointExtension>
            <ns3:hr>149</ns3:hr>
          </ns3:TrackPointExtension>
        </extensions>
      </trkpt>
      <trkpt lat="45.4970450140535831451416015625" lon="-73.56703483499586582183837890625">
        <ele>56.59999847412109375</ele>
        <time>2024-05-23T15:33:45.000Z</time>
        <extensions>
          <ns3:TrackPointExtension>
            <ns3:hr>152</ns3:hr>
          </ns3:TrackPointExtension>
        </extensions>
      </trkpt>
      <trkpt lat="45.4970450140535831451416015625" lon="-73.56703483499586582183837890625">
        <ele>56.799999237060546875</ele>
        <time>2024-05-23T15:33:50.000Z</time>
        <extensions>
          <ns3:TrackPointExtension>
            <ns3:hr>152</ns3:hr>
          </ns3:TrackPointExtension>
        </extensions>
      </trkpt>
      <trkpt lat="45.4970450140535831451416015625" lon="-73.56703483499586582183837890625">
        <ele>56.799999237060546875</ele>
        <time>2024-05-23T15:34:01.000Z</time>
        <extensions>
          <ns3:TrackPointExtension>
            <ns3:hr>152</ns3:hr>
          </ns3:TrackPointExtension>
        </extensions>
      </trkpt>
      <trkpt lat="45.49702481366693973541259765625" lon="-73.56700164265930652618408203125">
        <ele>57.200000762939453125</ele>
        <time>2024-05-23T15:34:14.000Z</time>
        <extensions>
          <ns3:TrackPointExtension>
            <ns3:hr>150</ns3:hr>
          </ns3:TrackPointExtension>
        </extensions>
      </trkpt>
      <trkpt lat="45.4970054514706134796142578125" lon="-73.566970713436603546142578125">
        <ele>57.200000762939453125</ele>
        <time>2024-05-23T15:34:15.000Z</time>
        <extensions>
          <ns3:TrackPointExtension>
            <ns3:hr>149</ns3:hr>
          </ns3:TrackPointExtension>
        </extensions>
      </trkpt>
      <trkpt lat="45.49693060107529163360595703125" lon="-73.56682897545397281646728515625">
        <ele>57.200000762939453125</ele>
        <time>2024-05-23T15:34:18.000Z</time>
        <extensions>
          <ns3:TrackPointExtension>
            <ns3:hr>149</ns3:hr>
          </ns3:TrackPointExtension>
        </extensions>
      </trkpt>
      <trkpt lat="45.49673144705593585968017578125" lon="-73.566514737904071807861328125">
        <ele>56.799999237060546875</ele>
        <time>2024-05-23T15:34:24.000Z</time>
        <extensions>
          <ns3:TrackPointExtension>
            <ns3:hr>149</ns3:hr>
          </ns3:TrackPointExtension>
        </extensions>
      </trkpt>
      <trkpt lat="45.49667470157146453857421875" lon="-73.5664012469351291656494140625">
        <ele>56.200000762939453125</ele>
        <time>2024-05-23T15:34:26.000Z</time>
        <extensions>
          <ns3:TrackPointExtension>
            <ns3:hr>149</ns3:hr>
          </ns3:TrackPointExtension>
        </extensions>
      </trkpt>
      <trkpt lat="45.496610663831233978271484375" lon="-73.56627476401627063751220703125">
        <ele>55.200000762939453125</ele>
        <time>2024-05-23T15:34:28.000Z</time>
        <extensions>
          <ns3:TrackPointExtension>
            <ns3:hr>150</ns3:hr>
          </ns3:TrackPointExtension>
        </extensions>
      </trkpt>
      <trkpt lat="45.496526174247264862060546875" lon="-73.5661051981151103973388671875">
        <ele>54</ele>
        <time>2024-05-23T15:34:31.000Z</time>
        <extensions>
          <ns3:TrackPointExtension>
            <ns3:hr>151</ns3:hr>
          </ns3:TrackPointExtension>
        </extensions>
      </trkpt>
      <trkpt lat="45.49649373628199100494384765625" lon="-73.5660505481064319610595703125">
        <ele>53.799999237060546875</ele>
        <time>2024-05-23T15:34:32.000Z</time>
        <extensions>
          <ns3:TrackPointExtension>
            <ns3:hr>151</ns3:hr>
          </ns3:TrackPointExtension>
        </extensions>
      </trkpt>
      <trkpt lat="45.49643556587398052215576171875" lon="-73.56593764387071132659912109375">
        <ele>53</ele>
        <time>2024-05-23T15:34:34.000Z</time>
        <extensions>
          <ns3:TrackPointExtension>
            <ns3:hr>153</ns3:hr>
          </ns3:TrackPointExtension>
        </extensions>
      </trkpt>
      <trkpt lat="45.49638963304460048675537109375" lon="-73.5658379830420017242431640625">
        <ele>52.40000152587890625</ele>
        <time>2024-05-23T15:34:36.000Z</time>
        <extensions>
          <ns3:TrackPointExtension>
            <ns3:hr>154</ns3:hr>
          </ns3:TrackPointExtension>
        </extensions>
      </trkpt>
      <trkpt lat="45.49632090143859386444091796875" lon="-73.56570797972381114959716796875">
        <ele>51.799999237060546875</ele>
        <time>2024-05-23T15:34:38.000Z</time>
        <extensions>
          <ns3:TrackPointExtension>
            <ns3:hr>154</ns3:hr>
          </ns3:TrackPointExtension>
        </extensions>
      </trkpt>
      <trkpt lat="45.49623071216046810150146484375" lon="-73.56551268137991428375244140625">
        <ele>51</ele>
        <time>2024-05-23T15:34:41.000Z</time>
        <extensions>
          <ns3:TrackPointExtension>
            <ns3:hr>154</ns3:hr>
          </ns3:TrackPointExtension>
        </extensions>
      </trkpt>
      <trkpt lat="45.49621202051639556884765625" lon="-73.565437830984592437744140625">
        <ele>50.799999237060546875</ele>
        <time>2024-05-23T15:34:42.000Z</time>
        <extensions>
          <ns3:TrackPointExtension>
            <ns3:hr>154</ns3:hr>
          </ns3:TrackPointExtension>
        </extensions>
      </trkpt>
      <trkpt lat="45.49612753093242645263671875" lon="-73.56522752903401851654052734375">
        <ele>50.40000152587890625</ele>
        <time>2024-05-23T15:34:45.000Z</time>
        <extensions>
          <ns3:TrackPointExtension>
            <ns3:hr>154</ns3:hr>
          </ns3:TrackPointExtension>
        </extensions>
      </trkpt>
      <trkpt lat="45.495973639190196990966796875" lon="-73.56478814966976642608642578125">
        <ele>50.200000762939453125</ele>
        <time>2024-05-23T15:34:52.000Z</time>
        <extensions>
          <ns3:TrackPointExtension>
            <ns3:hr>154</ns3:hr>
          </ns3:TrackPointExtension>
        </extensions>
      </trkpt>
      <trkpt lat="45.49589216709136962890625" lon="-73.5645310766994953155517578125">
        <ele>50.40000152587890625</ele>
        <time>2024-05-23T15:34:56.000Z</time>
        <extensions>
          <ns3:TrackPointExtension>
            <ns3:hr>151</ns3:hr>
          </ns3:TrackPointExtension>
        </extensions>
      </trkpt>
      <trkpt lat="45.49578127451241016387939453125" lon="-73.56420946307480335235595703125">
        <ele>50.799999237060546875</ele>
        <time>2024-05-23T15:35:01.000Z</time>
        <extensions>
          <ns3:TrackPointExtension>
            <ns3:hr>151</ns3:hr>
          </ns3:TrackPointExtension>
        </extensions>
      </trkpt>
      <trkpt lat="45.49562185071408748626708984375" lon="-73.563646785914897918701171875">
        <ele>50.40000152587890625</ele>
        <time>2024-05-23T15:35:10.000Z</time>
        <extensions>
          <ns3:TrackPointExtension>
            <ns3:hr>150</ns3:hr>
          </ns3:TrackPointExtension>
        </extensions>
      </trkpt>
      <trkpt lat="45.495491512119770050048828125" lon="-73.56333036907017230987548828125">
        <ele>50.200000762939453125</ele>
        <time>2024-05-23T15:35:15.000Z</time>
        <extensions>
          <ns3:TrackPointExtension>
            <ns3:hr>153</ns3:hr>
          </ns3:TrackPointExtension>
        </extensions>
      </trkpt>
      <trkpt lat="45.495449602603912353515625" lon="-73.5631990246474742889404296875">
        <ele>50.200000762939453125</ele>
        <time>2024-05-23T15:35:17.000Z</time>
        <extensions>
          <ns3:TrackPointExtension>
            <ns3:hr>155</ns3:hr>
          </ns3:TrackPointExtension>
        </extensions>
      </trkpt>
      <trkpt lat="45.49538112245500087738037109375" lon="-73.5630048997700214385986328125">
        <ele>50.200000762939453125</ele>
        <time>2024-05-23T15:35:20.000Z</time>
        <extensions>
          <ns3:TrackPointExtension>
            <ns3:hr>158</ns3:hr>
          </ns3:TrackPointExtension>
        </extensions>
      </trkpt>
      <trkpt lat="45.49534088931977748870849609375" lon="-73.5628815181553363800048828125">
        <ele>50.59999847412109375</ele>
        <time>2024-05-23T15:35:22.000Z</time>
        <extensions>
          <ns3:TrackPointExtension>
            <ns3:hr>158</ns3:hr>
          </ns3:TrackPointExtension>
        </extensions>
      </trkpt>
      <trkpt lat="45.49529361538589000701904296875" lon="-73.5627608187496662139892578125">
        <ele>50.799999237060546875</ele>
        <time>2024-05-23T15:35:24.000Z</time>
        <extensions>
          <ns3:TrackPointExtension>
            <ns3:hr>159</ns3:hr>
          </ns3:TrackPointExtension>
        </extensions>
      </trkpt>
      <trkpt lat="45.49513637088239192962646484375" lon="-73.5623618401587009429931640625">
        <ele>49.799999237060546875</ele>
        <time>2024-05-23T15:35:31.000Z</time>
        <extensions>
          <ns3:TrackPointExtension>
            <ns3:hr>160</ns3:hr>
          </ns3:TrackPointExtension>
        </extensions>
      </trkpt>
      <trkpt lat="45.49511239863932132720947265625" lon="-73.56230341829359531402587890625">
        <ele>49.59999847412109375</ele>
        <time>2024-05-23T15:35:32.000Z</time>
        <extensions>
          <ns3:TrackPointExtension>
            <ns3:hr>161</ns3:hr>
          </ns3:TrackPointExtension>
        </extensions>
      </trkpt>
      <trkpt lat="45.4950501210987567901611328125" lon="-73.56212697923183441162109375">
        <ele>49.200000762939453125</ele>
        <time>2024-05-23T15:35:35.000Z</time>
        <extensions>
          <ns3:TrackPointExtension>
            <ns3:hr>164</ns3:hr>
          </ns3:TrackPointExtension>
        </extensions>
      </trkpt>
      <trkpt lat="45.4950011707842350006103515625" lon="-73.5619323514401912689208984375">
        <ele>49</ele>
        <time>2024-05-23T15:35:39.000Z</time>
        <extensions>
          <ns3:TrackPointExtension>
            <ns3:hr>163</ns3:hr>
          </ns3:TrackPointExtension>
        </extensions>
      </trkpt>
      <trkpt lat="45.4949790425598621368408203125" lon="-73.561836294829845428466796875">
        <ele>49</ele>
        <time>2024-05-23T15:35:41.000Z</time>
        <extensions>
          <ns3:TrackPointExtension>
            <ns3:hr>160</ns3:hr>
          </ns3:TrackPointExtension>
        </extensions>
      </trkpt>
      <trkpt lat="45.4949743486940860748291015625" lon="-73.56163135729730129241943359375">
        <ele>49</ele>
        <time>2024-05-23T15:35:45.000Z</time>
        <extensions>
          <ns3:TrackPointExtension>
            <ns3:hr>158</ns3:hr>
          </ns3:TrackPointExtension>
        </extensions>
      </trkpt>
      <trkpt lat="45.49497024156153202056884765625" lon="-73.56151987798511981964111328125">
        <ele>49.200000762939453125</ele>
        <time>2024-05-23T15:35:49.000Z</time>
        <extensions>
          <ns3:TrackPointExtension>
            <ns3:hr>158</ns3:hr>
          </ns3:TrackPointExtension>
        </extensions>
      </trkpt>
      <trkpt lat="45.494839735329151153564453125" lon="-73.56132508255541324615478515625">
        <ele>49.200000762939453125</ele>
        <time>2024-05-23T15:35:54.000Z</time>
        <extensions>
          <ns3:TrackPointExtension>
            <ns3:hr>157</ns3:hr>
          </ns3:TrackPointExtension>
        </extensions>
      </trkpt>
      <trkpt lat="45.49477293156087398529052734375" lon="-73.56116079725325107574462890625">
        <ele>49.200000762939453125</ele>
        <time>2024-05-23T15:35:58.000Z</time>
        <extensions>
          <ns3:TrackPointExtension>
            <ns3:hr>154</ns3:hr>
          </ns3:TrackPointExtension>
        </extensions>
      </trkpt>
      <trkpt lat="45.49475432373583316802978515625" lon="-73.56111519969999790191650390625">
        <ele>49.200000762939453125</ele>
        <time>2024-05-23T15:35:59.000Z</time>
        <extensions>
          <ns3:TrackPointExtension>
            <ns3:hr>152</ns3:hr>
          </ns3:TrackPointExtension>
        </extensions>
      </trkpt>
      <trkpt lat="45.49462415277957916259765625" lon="-73.5608701966702938079833984375">
        <ele>49.200000762939453125</ele>
        <time>2024-05-23T15:36:04.000Z</time>
        <extensions>
          <ns3:TrackPointExtension>
            <ns3:hr>151</ns3:hr>
          </ns3:TrackPointExtension>
        </extensions>
      </trkpt>
      <trkpt lat="45.49452491104602813720703125" lon="-73.56065453030169010162353515625">
        <ele>49.200000762939453125</ele>
        <time>2024-05-23T15:36:08.000Z</time>
        <extensions>
          <ns3:TrackPointExtension>
            <ns3:hr>154</ns3:hr>
          </ns3:TrackPointExtension>
        </extensions>
      </trkpt>
      <trkpt lat="45.4944432713091373443603515625" lon="-73.5604338347911834716796875">
        <ele>49.200000762939453125</ele>
        <time>2024-05-23T15:36:12.000Z</time>
        <extensions>
          <ns3:TrackPointExtension>
            <ns3:hr>154</ns3:hr>
          </ns3:TrackPointExtension>
        </extensions>
      </trkpt>
      <trkpt lat="45.4942380823194980621337890625" lon="-73.559944331645965576171875">
        <ele>48.799999237060546875</ele>
        <time>2024-05-23T15:36:21.000Z</time>
        <extensions>
          <ns3:TrackPointExtension>
            <ns3:hr>157</ns3:hr>
          </ns3:TrackPointExtension>
        </extensions>
      </trkpt>
      <trkpt lat="45.4940815083682537078857421875" lon="-73.55956974439322948455810546875">
        <ele>48.59999847412109375</ele>
        <time>2024-05-23T15:36:29.000Z</time>
        <extensions>
          <ns3:TrackPointExtension>
            <ns3:hr>157</ns3:hr>
          </ns3:TrackPointExtension>
        </extensions>
      </trkpt>
      <trkpt lat="45.49395334906876087188720703125" lon="-73.5592484660446643829345703125">
        <ele>49.200000762939453125</ele>
        <time>2024-05-23T15:36:35.000Z</time>
        <extensions>
          <ns3:TrackPointExtension>
            <ns3:hr>158</ns3:hr>
          </ns3:TrackPointExtension>
        </extensions>
      </trkpt>
      <trkpt lat="45.49390506930649280548095703125" lon="-73.559111841022968292236328125">
        <ele>49.59999847412109375</ele>
        <time>2024-05-23T15:36:37.000Z</time>
        <extensions>
          <ns3:TrackPointExtension>
            <ns3:hr>155</ns3:hr>
          </ns3:TrackPointExtension>
        </extensions>
      </trkpt>
      <trkpt lat="45.4938917420804500579833984375" lon="-73.55906615965068340301513671875">
        <ele>49.799999237060546875</ele>
        <time>2024-05-23T15:36:38.000Z</time>
        <extensions>
          <ns3:TrackPointExtension>
            <ns3:hr>154</ns3:hr>
          </ns3:TrackPointExtension>
        </extensions>
      </trkpt>
      <trkpt lat="45.49384270794689655303955078125" lon="-73.5588930733501911163330078125">
        <ele>49.799999237060546875</ele>
        <time>2024-05-23T15:36:41.000Z</time>
        <extensions>
          <ns3:TrackPointExtension>
            <ns3:hr>154</ns3:hr>
          </ns3:TrackPointExtension>
        </extensions>
      </trkpt>
      <trkpt lat="45.49380716867744922637939453125" lon="-73.5587307997047901153564453125">
        <ele>49.40000152587890625</ele>
        <time>2024-05-23T15:36:44.000Z</time>
        <extensions>
          <ns3:TrackPointExtension>
            <ns3:hr>157</ns3:hr>
          </ns3:TrackPointExtension>
        </extensions>
      </trkpt>
      <trkpt lat="45.49381186254322528839111328125" lon="-73.55862074531614780426025390625">
        <ele>49.40000152587890625</ele>
        <time>2024-05-23T15:36:46.000Z</time>
        <extensions>
          <ns3:TrackPointExtension>
            <ns3:hr>158</ns3:hr>
          </ns3:TrackPointExtension>
        </extensions>
      </trkpt>
      <trkpt lat="45.4938085936009883880615234375" lon="-73.55856659822165966033935546875">
        <ele>49.40000152587890625</ele>
        <time>2024-05-23T15:36:47.000Z</time>
        <extensions>
          <ns3:TrackPointExtension>
            <ns3:hr>158</ns3:hr>
          </ns3:TrackPointExtension>
        </extensions>
      </trkpt>
      <trkpt lat="45.49368160776793956756591796875" lon="-73.55828261934220790863037109375">
        <ele>49.59999847412109375</ele>
        <time>2024-05-23T15:36:53.000Z</time>
        <extensions>
          <ns3:TrackPointExtension>
            <ns3:hr>157</ns3:hr>
          </ns3:TrackPointExtension>
        </extensions>
      </trkpt>
      <trkpt lat="45.49350374378263950347900390625" lon="-73.55782714672386646270751953125">
        <ele>49.59999847412109375</ele>
        <time>2024-05-23T15:37:00.000Z</time>
        <extensions>
          <ns3:TrackPointExtension>
            <ns3:hr>157</ns3:hr>
          </ns3:TrackPointExtension>
        </extensions>
      </trkpt>
      <trkpt lat="45.49340299330651760101318359375" lon="-73.55758172459900379180908203125">
        <ele>49.59999847412109375</ele>
        <time>2024-05-23T15:37:04.000Z</time>
        <extensions>
          <ns3:TrackPointExtension>
            <ns3:hr>157</ns3:hr>
          </ns3:TrackPointExtension>
        </extensions>
      </trkpt>
      <trkpt lat="45.49335286952555179595947265625" lon="-73.55746672488749027252197265625">
        <ele>49.799999237060546875</ele>
        <time>2024-05-23T15:37:06.000Z</time>
        <extensions>
          <ns3:TrackPointExtension>
            <ns3:hr>159</ns3:hr>
          </ns3:TrackPointExtension>
        </extensions>
      </trkpt>
      <trkpt lat="45.49330811016261577606201171875" lon="-73.55737385340034961700439453125">
        <ele>49.799999237060546875</ele>
        <time>2024-05-23T15:37:09.000Z</time>
        <extensions>
          <ns3:TrackPointExtension>
            <ns3:hr>163</ns3:hr>
          </ns3:TrackPointExtension>
        </extensions>
      </trkpt>
      <trkpt lat="45.49325061030685901641845703125" lon="-73.55728835798799991607666015625">
        <ele>49.799999237060546875</ele>
        <time>2024-05-23T15:37:11.000Z</time>
        <extensions>
          <ns3:TrackPointExtension>
            <ns3:hr>164</ns3:hr>
          </ns3:TrackPointExtension>
        </extensions>
      </trkpt>
      <trkpt lat="45.49316109158098697662353515625" lon="-73.5570976696908473968505859375">
        <ele>49.799999237060546875</ele>
        <time>2024-05-23T15:37:15.000Z</time>
        <extensions>
          <ns3:TrackPointExtension>
            <ns3:hr>167</ns3:hr>
          </ns3:TrackPointExtension>
        </extensions>
      </trkpt>
      <trkpt lat="45.49314449541270732879638671875" lon="-73.5570393316447734832763671875">
        <ele>49.799999237060546875</ele>
        <time>2024-05-23T15:37:16.000Z</time>
        <extensions>
          <ns3:TrackPointExtension>
            <ns3:hr>167</ns3:hr>
          </ns3:TrackPointExtension>
        </extensions>
      </trkpt>
      <trkpt lat="45.4931303299963474273681640625" lon="-73.55666910298168659210205078125">
        <ele>50</ele>
        <time>2024-05-23T15:37:22.000Z</time>
        <extensions>
          <ns3:TrackPointExtension>
            <ns3:hr>165</ns3:hr>
          </ns3:TrackPointExtension>
        </extensions>
      </trkpt>
      <trkpt lat="45.49307115375995635986328125" lon="-73.556518815457820892333984375">
        <ele>50</ele>
        <time>2024-05-23T15:37:24.000Z</time>
        <extensions>
          <ns3:TrackPointExtension>
            <ns3:hr>162</ns3:hr>
          </ns3:TrackPointExtension>
        </extensions>
      </trkpt>
      <trkpt lat="45.49300082959234714508056640625" lon="-73.55619938112795352935791015625">
        <ele>50.200000762939453125</ele>
        <time>2024-05-23T15:37:30.000Z</time>
        <extensions>
          <ns3:TrackPointExtension>
            <ns3:hr>165</ns3:hr>
          </ns3:TrackPointExtension>
        </extensions>
      </trkpt>
      <trkpt lat="45.49296948127448558807373046875" lon="-73.55616400949656963348388671875">
        <ele>50.200000762939453125</ele>
        <time>2024-05-23T15:37:31.000Z</time>
        <extensions>
          <ns3:TrackPointExtension>
            <ns3:hr>165</ns3:hr>
          </ns3:TrackPointExtension>
        </extensions>
      </trkpt>
      <trkpt lat="45.49289236776530742645263671875" lon="-73.55603375472128391265869140625">
        <ele>50.59999847412109375</ele>
        <time>2024-05-23T15:37:34.000Z</time>
        <extensions>
          <ns3:TrackPointExtension>
            <ns3:hr>164</ns3:hr>
          </ns3:TrackPointExtension>
        </extensions>
      </trkpt>
      <trkpt lat="45.492820031940937042236328125" lon="-73.5559349320828914642333984375">
        <ele>50.799999237060546875</ele>
        <time>2024-05-23T15:37:36.000Z</time>
        <extensions>
          <ns3:TrackPointExtension>
            <ns3:hr>164</ns3:hr>
          </ns3:TrackPointExtension>
        </extensions>
      </trkpt>
      <trkpt lat="45.492666475474834442138671875" lon="-73.555759750306606292724609375">
        <ele>51.59999847412109375</ele>
        <time>2024-05-23T15:37:40.000Z</time>
        <extensions>
          <ns3:TrackPointExtension>
            <ns3:hr>166</ns3:hr>
          </ns3:TrackPointExtension>
        </extensions>
      </trkpt>
      <trkpt lat="45.49262867309153079986572265625" lon="-73.55574893765151500701904296875">
        <ele>51.799999237060546875</ele>
        <time>2024-05-23T15:37:41.000Z</time>
        <extensions>
          <ns3:TrackPointExtension>
            <ns3:hr>168</ns3:hr>
          </ns3:TrackPointExtension>
        </extensions>
      </trkpt>
      <trkpt lat="45.49254812300205230712890625" lon="-73.55576352216303348541259765625">
        <ele>52.200000762939453125</ele>
        <time>2024-05-23T15:37:43.000Z</time>
        <extensions>
          <ns3:TrackPointExtension>
            <ns3:hr>172</ns3:hr>
          </ns3:TrackPointExtension>
        </extensions>
      </trkpt>
      <trkpt lat="45.49234972335398197174072265625" lon="-73.5557880811393260955810546875">
        <ele>52.59999847412109375</ele>
        <time>2024-05-23T15:37:48.000Z</time>
        <extensions>
          <ns3:TrackPointExtension>
            <ns3:hr>175</ns3:hr>
          </ns3:TrackPointExtension>
        </extensions>
      </trkpt>
      <trkpt lat="45.4922197200357913970947265625" lon="-73.55580995790660381317138671875">
        <ele>52.799999237060546875</ele>
        <time>2024-05-23T15:37:52.000Z</time>
        <extensions>
          <ns3:TrackPointExtension>
            <ns3:hr>176</ns3:hr>
          </ns3:TrackPointExtension>
        </extensions>
      </trkpt>
      <trkpt lat="45.49189944751560688018798828125" lon="-73.5558611713349819183349609375">
        <ele>52.59999847412109375</ele>
        <time>2024-05-23T15:38:01.000Z</time>
        <extensions>
          <ns3:TrackPointExtension>
            <ns3:hr>174</ns3:hr>
          </ns3:TrackPointExtension>
        </extensions>
      </trkpt>
      <trkpt lat="45.4915349185466766357421875" lon="-73.55595446191728115081787109375">
        <ele>52.799999237060546875</ele>
        <time>2024-05-23T15:38:11.000Z</time>
        <extensions>
          <ns3:TrackPointExtension>
            <ns3:hr>172</ns3:hr>
          </ns3:TrackPointExtension>
        </extensions>
      </trkpt>
      <trkpt lat="45.49137457273900508880615234375" lon="-73.55607926845550537109375">
        <ele>52.59999847412109375</ele>
        <time>2024-05-23T15:38:16.000Z</time>
        <extensions>
          <ns3:TrackPointExtension>
            <ns3:hr>171</ns3:hr>
          </ns3:TrackPointExtension>
        </extensions>
      </trkpt>
      <trkpt lat="45.49122537486255168914794921875" lon="-73.55632276274263858795166015625">
        <ele>53</ele>
        <time>2024-05-23T15:38:21.000Z</time>
        <extensions>
          <ns3:TrackPointExtension>
            <ns3:hr>171</ns3:hr>
          </ns3:TrackPointExtension>
        </extensions>
      </trkpt>
      <trkpt lat="45.491140298545360565185546875" lon="-73.5565102659165859222412109375">
        <ele>53.200000762939453125</ele>
        <time>2024-05-23T15:38:24.000Z</time>
        <extensions>
          <ns3:TrackPointExtension>
            <ns3:hr>173</ns3:hr>
          </ns3:TrackPointExtension>
        </extensions>
      </trkpt>
      <trkpt lat="45.491088330745697021484375" lon="-73.55660724453628063201904296875">
        <ele>53</ele>
        <time>2024-05-23T15:38:26.000Z</time>
        <extensions>
          <ns3:TrackPointExtension>
            <ns3:hr>173</ns3:hr>
          </ns3:TrackPointExtension>
        </extensions>
      </trkpt>
      <trkpt lat="45.4910333454608917236328125" lon="-73.5566894710063934326171875">
        <ele>52.59999847412109375</ele>
        <time>2024-05-23T15:38:28.000Z</time>
        <extensions>
          <ns3:TrackPointExtension>
            <ns3:hr>174</ns3:hr>
          </ns3:TrackPointExtension>
        </extensions>
      </trkpt>
      <trkpt lat="45.490963943302631378173828125" lon="-73.55681293644011020660400390625">
        <ele>52.40000152587890625</ele>
        <time>2024-05-23T15:38:31.000Z</time>
        <extensions>
          <ns3:TrackPointExtension>
            <ns3:hr>175</ns3:hr>
          </ns3:TrackPointExtension>
        </extensions>
      </trkpt>
      <trkpt lat="45.490850619971752166748046875" lon="-73.556966744363307952880859375">
        <ele>51.799999237060546875</ele>
        <time>2024-05-23T15:38:35.000Z</time>
        <extensions>
          <ns3:TrackPointExtension>
            <ns3:hr>178</ns3:hr>
          </ns3:TrackPointExtension>
        </extensions>
      </trkpt>
      <trkpt lat="45.49077979288995265960693359375" lon="-73.5570768825709819793701171875">
        <ele>51</ele>
        <time>2024-05-23T15:38:37.000Z</time>
        <extensions>
          <ns3:TrackPointExtension>
            <ns3:hr>177</ns3:hr>
          </ns3:TrackPointExtension>
        </extensions>
      </trkpt>
      <trkpt lat="45.490668900310993194580078125" lon="-73.5572911240160465240478515625">
        <ele>50.59999847412109375</ele>
        <time>2024-05-23T15:38:40.000Z</time>
        <extensions>
          <ns3:TrackPointExtension>
            <ns3:hr>178</ns3:hr>
          </ns3:TrackPointExtension>
        </extensions>
      </trkpt>
      <trkpt lat="45.49063076265156269073486328125" lon="-73.55735264718532562255859375">
        <ele>50.40000152587890625</ele>
        <time>2024-05-23T15:38:41.000Z</time>
        <extensions>
          <ns3:TrackPointExtension>
            <ns3:hr>178</ns3:hr>
          </ns3:TrackPointExtension>
        </extensions>
      </trkpt>
      <trkpt lat="45.4905943013727664947509765625" lon="-73.5573903657495975494384765625">
        <ele>50.200000762939453125</ele>
        <time>2024-05-23T15:38:42.000Z</time>
        <extensions>
          <ns3:TrackPointExtension>
            <ns3:hr>178</ns3:hr>
          </ns3:TrackPointExtension>
        </extensions>
      </trkpt>
      <trkpt lat="45.49056253395974636077880859375" lon="-73.557430095970630645751953125">
        <ele>50.200000762939453125</ele>
        <time>2024-05-23T15:38:43.000Z</time>
        <extensions>
          <ns3:TrackPointExtension>
            <ns3:hr>178</ns3:hr>
          </ns3:TrackPointExtension>
        </extensions>
      </trkpt>
      <trkpt lat="45.49046027474105358123779296875" lon="-73.55761525221168994903564453125">
        <ele>49.799999237060546875</ele>
        <time>2024-05-23T15:38:46.000Z</time>
        <extensions>
          <ns3:TrackPointExtension>
            <ns3:hr>178</ns3:hr>
          </ns3:TrackPointExtension>
        </extensions>
      </trkpt>
      <trkpt lat="45.490441583096981048583984375" lon="-73.557676859200000762939453125">
        <ele>49.799999237060546875</ele>
        <time>2024-05-23T15:38:47.000Z</time>
        <extensions>
          <ns3:TrackPointExtension>
            <ns3:hr>178</ns3:hr>
          </ns3:TrackPointExtension>
        </extensions>
      </trkpt>
      <trkpt lat="45.49033907242119312286376953125" lon="-73.557905517518520355224609375">
        <ele>50</ele>
        <time>2024-05-23T15:38:51.000Z</time>
        <extensions>
          <ns3:TrackPointExtension>
            <ns3:hr>175</ns3:hr>
          </ns3:TrackPointExtension>
        </extensions>
      </trkpt>
      <trkpt lat="45.490313507616519927978515625" lon="-73.5579596646130084991455078125">
        <ele>50</ele>
        <time>2024-05-23T15:38:52.000Z</time>
        <extensions>
          <ns3:TrackPointExtension>
            <ns3:hr>174</ns3:hr>
          </ns3:TrackPointExtension>
        </extensions>
      </trkpt>
      <trkpt lat="45.49024050123989582061767578125" lon="-73.55814800597727298736572265625">
        <ele>50.40000152587890625</ele>
        <time>2024-05-23T15:38:56.000Z</time>
        <extensions>
          <ns3:TrackPointExtension>
            <ns3:hr>173</ns3:hr>
          </ns3:TrackPointExtension>
        </extensions>
      </trkpt>
      <trkpt lat="45.4901969991624355316162109375" lon="-73.55833441950380802154541015625">
        <ele>51.200000762939453125</ele>
        <time>2024-05-23T15:39:00.000Z</time>
        <extensions>
          <ns3:TrackPointExtension>
            <ns3:hr>175</ns3:hr>
          </ns3:TrackPointExtension>
        </extensions>
      </trkpt>
      <trkpt lat="45.49012348987162113189697265625" lon="-73.55848814360797405242919921875">
        <ele>51.59999847412109375</ele>
        <time>2024-05-23T15:39:03.000Z</time>
        <extensions>
          <ns3:TrackPointExtension>
            <ns3:hr>176</ns3:hr>
          </ns3:TrackPointExtension>
        </extensions>
      </trkpt>
      <trkpt lat="45.4900524951517581939697265625" lon="-73.55862175114452838897705078125">
        <ele>51.799999237060546875</ele>
        <time>2024-05-23T15:39:06.000Z</time>
        <extensions>
          <ns3:TrackPointExtension>
            <ns3:hr>179</ns3:hr>
          </ns3:TrackPointExtension>
        </extensions>
      </trkpt>
      <trkpt lat="45.48996138386428356170654296875" lon="-73.5588059015572071075439453125">
        <ele>51.59999847412109375</ele>
        <time>2024-05-23T15:39:10.000Z</time>
        <extensions>
          <ns3:TrackPointExtension>
            <ns3:hr>181</ns3:hr>
          </ns3:TrackPointExtension>
        </extensions>
      </trkpt>
      <trkpt lat="45.4898020438849925994873046875" lon="-73.55911108665168285369873046875">
        <ele>51.40000152587890625</ele>
        <time>2024-05-23T15:39:17.000Z</time>
        <extensions>
          <ns3:TrackPointExtension>
            <ns3:hr>181</ns3:hr>
          </ns3:TrackPointExtension>
        </extensions>
      </trkpt>
      <trkpt lat="45.4896344058215618133544921875" lon="-73.55950956232845783233642578125">
        <ele>51.200000762939453125</ele>
        <time>2024-05-23T15:39:25.000Z</time>
        <extensions>
          <ns3:TrackPointExtension>
            <ns3:hr>179</ns3:hr>
          </ns3:TrackPointExtension>
        </extensions>
      </trkpt>
      <trkpt lat="45.48958453349769115447998046875" lon="-73.55968541465699672698974609375">
        <ele>51</ele>
        <time>2024-05-23T15:39:28.000Z</time>
        <extensions>
          <ns3:TrackPointExtension>
            <ns3:hr>179</ns3:hr>
          </ns3:TrackPointExtension>
        </extensions>
      </trkpt>
      <trkpt lat="45.48950708471238613128662109375" lon="-73.559835366904735565185546875">
        <ele>51.200000762939453125</ele>
        <time>2024-05-23T15:39:31.000Z</time>
        <extensions>
          <ns3:TrackPointExtension>
            <ns3:hr>179</ns3:hr>
          </ns3:TrackPointExtension>
        </extensions>
      </trkpt>
      <trkpt lat="45.48938713967800140380859375" lon="-73.56006997637450695037841796875">
        <ele>51.59999847412109375</ele>
        <time>2024-05-23T15:39:36.000Z</time>
        <extensions>
          <ns3:TrackPointExtension>
            <ns3:hr>179</ns3:hr>
          </ns3:TrackPointExtension>
        </extensions>
      </trkpt>
      <trkpt lat="45.4893427155911922454833984375" lon="-73.5601419769227504730224609375">
        <ele>51.40000152587890625</ele>
        <time>2024-05-23T15:39:38.000Z</time>
        <extensions>
          <ns3:TrackPointExtension>
            <ns3:hr>179</ns3:hr>
          </ns3:TrackPointExtension>
        </extensions>
      </trkpt>
      <trkpt lat="45.489170886576175689697265625" lon="-73.560477085411548614501953125">
        <ele>51.40000152587890625</ele>
        <time>2024-05-23T15:39:46.000Z</time>
        <extensions>
          <ns3:TrackPointExtension>
            <ns3:hr>179</ns3:hr>
          </ns3:TrackPointExtension>
        </extensions>
      </trkpt>
      <trkpt lat="45.48899176530539989471435546875" lon="-73.56081261299550533294677734375">
        <ele>51.40000152587890625</ele>
        <time>2024-05-23T15:39:53.000Z</time>
        <extensions>
          <ns3:TrackPointExtension>
            <ns3:hr>178</ns3:hr>
          </ns3:TrackPointExtension>
        </extensions>
      </trkpt>
      <trkpt lat="45.4889688827097415924072265625" lon="-73.560865335166454315185546875">
        <ele>51.40000152587890625</ele>
        <time>2024-05-23T15:39:54.000Z</time>
        <extensions>
          <ns3:TrackPointExtension>
            <ns3:hr>179</ns3:hr>
          </ns3:TrackPointExtension>
        </extensions>
      </trkpt>
      <trkpt lat="45.48894516192376613616943359375" lon="-73.56091520749032497406005859375">
        <ele>51.200000762939453125</ele>
        <time>2024-05-23T15:39:55.000Z</time>
        <extensions>
          <ns3:TrackPointExtension>
            <ns3:hr>179</ns3:hr>
          </ns3:TrackPointExtension>
        </extensions>
      </trkpt>
      <trkpt lat="45.4888998158276081085205078125" lon="-73.56102098710834980010986328125">
        <ele>51.40000152587890625</ele>
        <time>2024-05-23T15:39:57.000Z</time>
        <extensions>
          <ns3:TrackPointExtension>
            <ns3:hr>179</ns3:hr>
          </ns3:TrackPointExtension>
        </extensions>
      </trkpt>
      <trkpt lat="45.4888468421995639801025390625" lon="-73.56111955828964710235595703125">
        <ele>51.200000762939453125</ele>
        <time>2024-05-23T15:39:59.000Z</time>
        <extensions>
          <ns3:TrackPointExtension>
            <ns3:hr>180</ns3:hr>
          </ns3:TrackPointExtension>
        </extensions>
      </trkpt>
      <trkpt lat="45.48866990022361278533935546875" lon="-73.56144477613270282745361328125">
        <ele>51.59999847412109375</ele>
        <time>2024-05-23T15:40:06.000Z</time>
        <extensions>
          <ns3:TrackPointExtension>
            <ns3:hr>181</ns3:hr>
          </ns3:TrackPointExtension>
        </extensions>
      </trkpt>
      <trkpt lat="45.48838575370609760284423828125" lon="-73.56192086823284626007080078125">
        <ele>51.59999847412109375</ele>
        <time>2024-05-23T15:40:16.000Z</time>
        <extensions>
          <ns3:TrackPointExtension>
            <ns3:hr>182</ns3:hr>
          </ns3:TrackPointExtension>
        </extensions>
      </trkpt>
      <trkpt lat="45.488195903599262237548828125" lon="-73.5622523725032806396484375">
        <ele>52</ele>
        <time>2024-05-23T15:40:23.000Z</time>
        <extensions>
          <ns3:TrackPointExtension>
            <ns3:hr>181</ns3:hr>
          </ns3:TrackPointExtension>
        </extensions>
      </trkpt>
      <trkpt lat="45.48817721195518970489501953125" lon="-73.56230626814067363739013671875">
        <ele>52</ele>
        <time>2024-05-23T15:40:24.000Z</time>
        <extensions>
          <ns3:TrackPointExtension>
            <ns3:hr>180</ns3:hr>
          </ns3:TrackPointExtension>
        </extensions>
      </trkpt>
      <trkpt lat="45.4880508966743946075439453125" lon="-73.5628263652324676513671875">
        <ele>50.59999847412109375</ele>
        <time>2024-05-23T15:40:33.000Z</time>
        <extensions>
          <ns3:TrackPointExtension>
            <ns3:hr>179</ns3:hr>
          </ns3:TrackPointExtension>
        </extensions>
      </trkpt>
      <trkpt lat="45.48803522251546382904052734375" lon="-73.5628853738307952880859375">
        <ele>50.799999237060546875</ele>
        <time>2024-05-23T15:40:34.000Z</time>
        <extensions>
          <ns3:TrackPointExtension>
            <ns3:hr>179</ns3:hr>
          </ns3:TrackPointExtension>
        </extensions>
      </trkpt>
      <trkpt lat="45.48794972710311412811279296875" lon="-73.56307790614664554595947265625">
        <ele>51</ele>
        <time>2024-05-23T15:40:38.000Z</time>
        <extensions>
          <ns3:TrackPointExtension>
            <ns3:hr>179</ns3:hr>
          </ns3:TrackPointExtension>
        </extensions>
      </trkpt>
      <trkpt lat="45.48789222724735736846923828125" lon="-73.56316138990223407745361328125">
        <ele>51.200000762939453125</ele>
        <time>2024-05-23T15:40:40.000Z</time>
        <extensions>
          <ns3:TrackPointExtension>
            <ns3:hr>179</ns3:hr>
          </ns3:TrackPointExtension>
        </extensions>
      </trkpt>
      <trkpt lat="45.4876981861889362335205078125" lon="-73.563448302447795867919921875">
        <ele>51.40000152587890625</ele>
        <time>2024-05-23T15:40:47.000Z</time>
        <extensions>
          <ns3:TrackPointExtension>
            <ns3:hr>180</ns3:hr>
          </ns3:TrackPointExtension>
        </extensions>
      </trkpt>
      <trkpt lat="45.48766004852950572967529296875" lon="-73.56352633796632289886474609375">
        <ele>51.799999237060546875</ele>
        <time>2024-05-23T15:40:49.000Z</time>
        <extensions>
          <ns3:TrackPointExtension>
            <ns3:hr>181</ns3:hr>
          </ns3:TrackPointExtension>
        </extensions>
      </trkpt>
      <trkpt lat="45.48746273852884769439697265625" lon="-73.5638628713786602020263671875">
        <ele>51.200000762939453125</ele>
        <time>2024-05-23T15:40:57.000Z</time>
        <extensions>
          <ns3:TrackPointExtension>
            <ns3:hr>182</ns3:hr>
          </ns3:TrackPointExtension>
        </extensions>
      </trkpt>
      <trkpt lat="45.4872931726276874542236328125" lon="-73.5641344450414180755615234375">
        <ele>50.799999237060546875</ele>
        <time>2024-05-23T15:41:03.000Z</time>
        <extensions>
          <ns3:TrackPointExtension>
            <ns3:hr>182</ns3:hr>
          </ns3:TrackPointExtension>
        </extensions>
      </trkpt>
      <trkpt lat="45.48721614293754100799560546875" lon="-73.56418532319366931915283203125">
        <ele>50.59999847412109375</ele>
        <time>2024-05-23T15:41:05.000Z</time>
        <extensions>
          <ns3:TrackPointExtension>
            <ns3:hr>182</ns3:hr>
          </ns3:TrackPointExtension>
        </extensions>
      </trkpt>
      <trkpt lat="45.4871332459151744842529296875" lon="-73.56419370509684085845947265625">
        <ele>50.799999237060546875</ele>
        <time>2024-05-23T15:41:07.000Z</time>
        <extensions>
          <ns3:TrackPointExtension>
            <ns3:hr>182</ns3:hr>
          </ns3:TrackPointExtension>
        </extensions>
      </trkpt>
      <trkpt lat="45.48690232448279857635498046875" lon="-73.56411910615861415863037109375">
        <ele>51.40000152587890625</ele>
        <time>2024-05-23T15:41:13.000Z</time>
        <extensions>
          <ns3:TrackPointExtension>
            <ns3:hr>181</ns3:hr>
          </ns3:TrackPointExtension>
        </extensions>
      </trkpt>
      <trkpt lat="45.4868023283779621124267578125" lon="-73.56409597210586071014404296875">
        <ele>51.40000152587890625</ele>
        <time>2024-05-23T15:41:16.000Z</time>
        <extensions>
          <ns3:TrackPointExtension>
            <ns3:hr>179</ns3:hr>
          </ns3:TrackPointExtension>
        </extensions>
      </trkpt>
      <trkpt lat="45.48677827231585979461669921875" lon="-73.56411986052989959716796875">
        <ele>51.40000152587890625</ele>
        <time>2024-05-23T15:41:17.000Z</time>
        <extensions>
          <ns3:TrackPointExtension>
            <ns3:hr>179</ns3:hr>
          </ns3:TrackPointExtension>
        </extensions>
      </trkpt>
      <trkpt lat="45.4866769351065158843994140625" lon="-73.5643691383302211761474609375">
        <ele>50.59999847412109375</ele>
        <time>2024-05-23T15:41:22.000Z</time>
        <extensions>
          <ns3:TrackPointExtension>
            <ns3:hr>180</ns3:hr>
          </ns3:TrackPointExtension>
        </extensions>
      </trkpt>
      <trkpt lat="45.4866380430757999420166015625" lon="-73.56447257101535797119140625">
        <ele>50.59999847412109375</ele>
        <time>2024-05-23T15:41:24.000Z</time>
        <extensions>
          <ns3:TrackPointExtension>
            <ns3:hr>181</ns3:hr>
          </ns3:TrackPointExtension>
        </extensions>
      </trkpt>
      <trkpt lat="45.4865874163806438446044921875" lon="-73.56456669978797435760498046875">
        <ele>50.59999847412109375</ele>
        <time>2024-05-23T15:41:26.000Z</time>
        <extensions>
          <ns3:TrackPointExtension>
            <ns3:hr>180</ns3:hr>
          </ns3:TrackPointExtension>
        </extensions>
      </trkpt>
      <trkpt lat="45.486536957323551177978515625" lon="-73.564659990370273590087890625">
        <ele>50.59999847412109375</ele>
        <time>2024-05-23T15:41:28.000Z</time>
        <extensions>
          <ns3:TrackPointExtension>
            <ns3:hr>180</ns3:hr>
          </ns3:TrackPointExtension>
        </extensions>
      </trkpt>
      <trkpt lat="45.4863567464053630828857421875" lon="-73.564967103302478790283203125">
        <ele>50.59999847412109375</ele>
        <time>2024-05-23T15:41:35.000Z</time>
        <extensions>
          <ns3:TrackPointExtension>
            <ns3:hr>179</ns3:hr>
          </ns3:TrackPointExtension>
        </extensions>
      </trkpt>
      <trkpt lat="45.48624937422573566436767578125" lon="-73.56514354236423969268798828125">
        <ele>50.799999237060546875</ele>
        <time>2024-05-23T15:41:39.000Z</time>
        <extensions>
          <ns3:TrackPointExtension>
            <ns3:hr>179</ns3:hr>
          </ns3:TrackPointExtension>
        </extensions>
      </trkpt>
      <trkpt lat="45.486201681196689605712890625" lon="-73.56522451154887676239013671875">
        <ele>51</ele>
        <time>2024-05-23T15:41:41.000Z</time>
        <extensions>
          <ns3:TrackPointExtension>
            <ns3:hr>179</ns3:hr>
          </ns3:TrackPointExtension>
        </extensions>
      </trkpt>
      <trkpt lat="45.4861374758183956146240234375" lon="-73.5653468035161495208740234375">
        <ele>51.799999237060546875</ele>
        <time>2024-05-23T15:41:44.000Z</time>
        <extensions>
          <ns3:TrackPointExtension>
            <ns3:hr>178</ns3:hr>
          </ns3:TrackPointExtension>
        </extensions>
      </trkpt>
      <trkpt lat="45.48603144474327564239501953125" lon="-73.56552693061530590057373046875">
        <ele>52.40000152587890625</ele>
        <time>2024-05-23T15:41:48.000Z</time>
        <extensions>
          <ns3:TrackPointExtension>
            <ns3:hr>178</ns3:hr>
          </ns3:TrackPointExtension>
        </extensions>
      </trkpt>
      <trkpt lat="45.485974363982677459716796875" lon="-73.56561921536922454833984375">
        <ele>52.40000152587890625</ele>
        <time>2024-05-23T15:41:50.000Z</time>
        <extensions>
          <ns3:TrackPointExtension>
            <ns3:hr>179</ns3:hr>
          </ns3:TrackPointExtension>
        </extensions>
      </trkpt>
      <trkpt lat="45.4858964122831821441650390625" lon="-73.56584091670811176300048828125">
        <ele>52.799999237060546875</ele>
        <time>2024-05-23T15:41:54.000Z</time>
        <extensions>
          <ns3:TrackPointExtension>
            <ns3:hr>182</ns3:hr>
          </ns3:TrackPointExtension>
        </extensions>
      </trkpt>
      <trkpt lat="45.48577018082141876220703125" lon="-73.56613713316619396209716796875">
        <ele>52.59999847412109375</ele>
        <time>2024-05-23T15:42:00.000Z</time>
        <extensions>
          <ns3:TrackPointExtension>
            <ns3:hr>182</ns3:hr>
          </ns3:TrackPointExtension>
        </extensions>
      </trkpt>
      <trkpt lat="45.4857421852648258209228515625" lon="-73.56618742458522319793701171875">
        <ele>52.40000152587890625</ele>
        <time>2024-05-23T15:42:01.000Z</time>
        <extensions>
          <ns3:TrackPointExtension>
            <ns3:hr>182</ns3:hr>
          </ns3:TrackPointExtension>
        </extensions>
      </trkpt>
      <trkpt lat="45.4857130162417888641357421875" lon="-73.5662409849464893341064453125">
        <ele>52</ele>
        <time>2024-05-23T15:42:02.000Z</time>
        <extensions>
          <ns3:TrackPointExtension>
            <ns3:hr>182</ns3:hr>
          </ns3:TrackPointExtension>
        </extensions>
      </trkpt>
      <trkpt lat="45.48559793271124362945556640625" lon="-73.56652873568236827850341796875">
        <ele>51</ele>
        <time>2024-05-23T15:42:07.000Z</time>
        <extensions>
          <ns3:TrackPointExtension>
            <ns3:hr>184</ns3:hr>
          </ns3:TrackPointExtension>
        </extensions>
      </trkpt>
      <trkpt lat="45.485490895807743072509765625" lon="-73.56678522191941738128662109375">
        <ele>51.200000762939453125</ele>
        <time>2024-05-23T15:42:12.000Z</time>
        <extensions>
          <ns3:TrackPointExtension>
            <ns3:hr>184</ns3:hr>
          </ns3:TrackPointExtension>
        </extensions>
      </trkpt>
      <trkpt lat="45.48545795492827892303466796875" lon="-73.56681623496115207672119140625">
        <ele>51.40000152587890625</ele>
        <time>2024-05-23T15:42:13.000Z</time>
        <extensions>
          <ns3:TrackPointExtension>
            <ns3:hr>184</ns3:hr>
          </ns3:TrackPointExtension>
        </extensions>
      </trkpt>
      <trkpt lat="45.48531210981309413909912109375" lon="-73.5669274628162384033203125">
        <ele>53</ele>
        <time>2024-05-23T15:42:18.000Z</time>
        <extensions>
          <ns3:TrackPointExtension>
            <ns3:hr>184</ns3:hr>
          </ns3:TrackPointExtension>
        </extensions>
      </trkpt>
      <trkpt lat="45.48515855334699153900146484375" lon="-73.56718964874744415283203125">
        <ele>53.799999237060546875</ele>
        <time>2024-05-23T15:42:25.000Z</time>
        <extensions>
          <ns3:TrackPointExtension>
            <ns3:hr>185</ns3:hr>
          </ns3:TrackPointExtension>
        </extensions>
      </trkpt>
      <trkpt lat="45.48501379787921905517578125" lon="-73.5674141161143779754638671875">
        <ele>54</ele>
        <time>2024-05-23T15:42:31.000Z</time>
        <extensions>
          <ns3:TrackPointExtension>
            <ns3:hr>186</ns3:hr>
          </ns3:TrackPointExtension>
        </extensions>
      </trkpt>
      <trkpt lat="45.48496375791728496551513671875" lon="-73.5674908943474292755126953125">
        <ele>54</ele>
        <time>2024-05-23T15:42:33.000Z</time>
        <extensions>
          <ns3:TrackPointExtension>
            <ns3:hr>186</ns3:hr>
          </ns3:TrackPointExtension>
        </extensions>
      </trkpt>
      <trkpt lat="45.48479947261512279510498046875" lon="-73.56773338280618190765380859375">
        <ele>54</ele>
        <time>2024-05-23T15:42:40.000Z</time>
        <extensions>
          <ns3:TrackPointExtension>
            <ns3:hr>183</ns3:hr>
          </ns3:TrackPointExtension>
        </extensions>
      </trkpt>
      <trkpt lat="45.48477633856236934661865234375" lon="-73.567765317857265472412109375">
        <ele>54</ele>
        <time>2024-05-23T15:42:41.000Z</time>
        <extensions>
          <ns3:TrackPointExtension>
            <ns3:hr>183</ns3:hr>
          </ns3:TrackPointExtension>
        </extensions>
      </trkpt>
      <trkpt lat="45.4846267215907573699951171875" lon="-73.56798626482486724853515625">
        <ele>53.59999847412109375</ele>
        <time>2024-05-23T15:42:48.000Z</time>
        <extensions>
          <ns3:TrackPointExtension>
            <ns3:hr>183</ns3:hr>
          </ns3:TrackPointExtension>
        </extensions>
      </trkpt>
      <trkpt lat="45.484411306679248809814453125" lon="-73.56828910298645496368408203125">
        <ele>53.59999847412109375</ele>
        <time>2024-05-23T15:42:57.000Z</time>
        <extensions>
          <ns3:TrackPointExtension>
            <ns3:hr>183</ns3:hr>
          </ns3:TrackPointExtension>
        </extensions>
      </trkpt>
      <trkpt lat="45.484248362481594085693359375" lon="-73.5685446672141551971435546875">
        <ele>53.799999237060546875</ele>
        <time>2024-05-23T15:43:04.000Z</time>
        <extensions>
          <ns3:TrackPointExtension>
            <ns3:hr>182</ns3:hr>
          </ns3:TrackPointExtension>
        </extensions>
      </trkpt>
      <trkpt lat="45.4840138368308544158935546875" lon="-73.56891808100044727325439453125">
        <ele>54.200000762939453125</ele>
        <time>2024-05-23T15:43:13.000Z</time>
        <extensions>
          <ns3:TrackPointExtension>
            <ns3:hr>182</ns3:hr>
          </ns3:TrackPointExtension>
        </extensions>
      </trkpt>
      <trkpt lat="45.4838503897190093994140625" lon="-73.56913718394935131072998046875">
        <ele>54.200000762939453125</ele>
        <time>2024-05-23T15:43:19.000Z</time>
        <extensions>
          <ns3:TrackPointExtension>
            <ns3:hr>182</ns3:hr>
          </ns3:TrackPointExtension>
        </extensions>
      </trkpt>
      <trkpt lat="45.48359516076743602752685546875" lon="-73.56937221251428127288818359375">
        <ele>54.40000152587890625</ele>
        <time>2024-05-23T15:43:27.000Z</time>
        <extensions>
          <ns3:TrackPointExtension>
            <ns3:hr>183</ns3:hr>
          </ns3:TrackPointExtension>
        </extensions>
      </trkpt>
      <trkpt lat="45.4834723658859729766845703125" lon="-73.5696311295032501220703125">
        <ele>54.200000762939453125</ele>
        <time>2024-05-23T15:43:33.000Z</time>
        <extensions>
          <ns3:TrackPointExtension>
            <ns3:hr>182</ns3:hr>
          </ns3:TrackPointExtension>
        </extensions>
      </trkpt>
      <trkpt lat="45.48331118188798427581787109375" lon="-73.5697761364281177520751953125">
        <ele>54.59999847412109375</ele>
        <time>2024-05-23T15:43:38.000Z</time>
        <extensions>
          <ns3:TrackPointExtension>
            <ns3:hr>182</ns3:hr>
          </ns3:TrackPointExtension>
        </extensions>
      </trkpt>
      <trkpt lat="45.4830204136669635772705078125" lon="-73.57008266262710094451904296875">
        <ele>53.200000762939453125</ele>
        <time>2024-05-23T15:43:47.000Z</time>
        <extensions>
          <ns3:TrackPointExtension>
            <ns3:hr>184</ns3:hr>
          </ns3:TrackPointExtension>
        </extensions>
      </trkpt>
      <trkpt lat="45.4827863909304141998291015625" lon="-73.5703400708734989166259765625">
        <ele>53.200000762939453125</ele>
        <time>2024-05-23T15:43:55.000Z</time>
        <extensions>
          <ns3:TrackPointExtension>
            <ns3:hr>184</ns3:hr>
          </ns3:TrackPointExtension>
        </extensions>
      </trkpt>
      <trkpt lat="45.4825817048549652099609375" lon="-73.57054509222507476806640625">
        <ele>53.200000762939453125</ele>
        <time>2024-05-23T15:44:02.000Z</time>
        <extensions>
          <ns3:TrackPointExtension>
            <ns3:hr>183</ns3:hr>
          </ns3:TrackPointExtension>
        </extensions>
      </trkpt>
      <trkpt lat="45.4823649488389492034912109375" lon="-73.57079981826245784759521484375">
        <ele>53.40000152587890625</ele>
        <time>2024-05-23T15:44:10.000Z</time>
        <extensions>
          <ns3:TrackPointExtension>
            <ns3:hr>183</ns3:hr>
          </ns3:TrackPointExtension>
        </extensions>
      </trkpt>
      <trkpt lat="45.48230250366032123565673828125" lon="-73.5708944499492645263671875">
        <ele>53</ele>
        <time>2024-05-23T15:44:13.000Z</time>
        <extensions>
          <ns3:TrackPointExtension>
            <ns3:hr>183</ns3:hr>
          </ns3:TrackPointExtension>
        </extensions>
      </trkpt>
      <trkpt lat="45.48229345120489597320556640625" lon="-73.57093644328415393829345703125">
        <ele>52.799999237060546875</ele>
        <time>2024-05-23T15:44:14.000Z</time>
        <extensions>
          <ns3:TrackPointExtension>
            <ns3:hr>183</ns3:hr>
          </ns3:TrackPointExtension>
        </extensions>
      </trkpt>
      <trkpt lat="45.48228775151073932647705078125" lon="-73.570975922048091888427734375">
        <ele>52.59999847412109375</ele>
        <time>2024-05-23T15:44:15.000Z</time>
        <extensions>
          <ns3:TrackPointExtension>
            <ns3:hr>184</ns3:hr>
          </ns3:TrackPointExtension>
        </extensions>
      </trkpt>
      <trkpt lat="45.482254810631275177001953125" lon="-73.571197204291820526123046875">
        <ele>52.40000152587890625</ele>
        <time>2024-05-23T15:44:20.000Z</time>
        <extensions>
          <ns3:TrackPointExtension>
            <ns3:hr>183</ns3:hr>
          </ns3:TrackPointExtension>
        </extensions>
      </trkpt>
      <trkpt lat="45.48212212510406970977783203125" lon="-73.57135671190917491912841796875">
        <ele>52.59999847412109375</ele>
        <time>2024-05-23T15:44:25.000Z</time>
        <extensions>
          <ns3:TrackPointExtension>
            <ns3:hr>182</ns3:hr>
          </ns3:TrackPointExtension>
        </extensions>
      </trkpt>
      <trkpt lat="45.48193168826401233673095703125" lon="-73.5715886391699314117431640625">
        <ele>53</ele>
        <time>2024-05-23T15:44:32.000Z</time>
        <extensions>
          <ns3:TrackPointExtension>
            <ns3:hr>181</ns3:hr>
          </ns3:TrackPointExtension>
        </extensions>
      </trkpt>
      <trkpt lat="45.4817192070186138153076171875" lon="-73.5718412697315216064453125">
        <ele>53</ele>
        <time>2024-05-23T15:44:39.000Z</time>
        <extensions>
          <ns3:TrackPointExtension>
            <ns3:hr>180</ns3:hr>
          </ns3:TrackPointExtension>
        </extensions>
      </trkpt>
      <trkpt lat="45.481537990272045135498046875" lon="-73.571965657174587249755859375">
        <ele>53.200000762939453125</ele>
        <time>2024-05-23T15:44:44.000Z</time>
        <extensions>
          <ns3:TrackPointExtension>
            <ns3:hr>180</ns3:hr>
          </ns3:TrackPointExtension>
        </extensions>
      </trkpt>
      <trkpt lat="45.48150504939258098602294921875" lon="-73.57199893333017826080322265625">
        <ele>53.200000762939453125</ele>
        <time>2024-05-23T15:44:45.000Z</time>
        <extensions>
          <ns3:TrackPointExtension>
            <ns3:hr>180</ns3:hr>
          </ns3:TrackPointExtension>
        </extensions>
      </trkpt>
      <trkpt lat="45.4812280274927616119384765625" lon="-73.57231677509844303131103515625">
        <ele>52.799999237060546875</ele>
        <time>2024-05-23T15:44:54.000Z</time>
        <extensions>
          <ns3:TrackPointExtension>
            <ns3:hr>181</ns3:hr>
          </ns3:TrackPointExtension>
        </extensions>
      </trkpt>
      <trkpt lat="45.480922423303127288818359375" lon="-73.57268993742763996124267578125">
        <ele>52.200000762939453125</ele>
        <time>2024-05-23T15:45:04.000Z</time>
        <extensions>
          <ns3:TrackPointExtension>
            <ns3:hr>180</ns3:hr>
          </ns3:TrackPointExtension>
        </extensions>
      </trkpt>
      <trkpt lat="45.48082494176924228668212890625" lon="-73.57281734235584735870361328125">
        <ele>52.40000152587890625</ele>
        <time>2024-05-23T15:45:07.000Z</time>
        <extensions>
          <ns3:TrackPointExtension>
            <ns3:hr>179</ns3:hr>
          </ns3:TrackPointExtension>
        </extensions>
      </trkpt>
      <trkpt lat="45.48068697564303874969482421875" lon="-73.5729907639324665069580078125">
        <ele>53</ele>
        <time>2024-05-23T15:45:11.000Z</time>
        <extensions>
          <ns3:TrackPointExtension>
            <ns3:hr>179</ns3:hr>
          </ns3:TrackPointExtension>
        </extensions>
      </trkpt>
      <trkpt lat="45.4805366881191730499267578125" lon="-73.57314289547502994537353515625">
        <ele>53.200000762939453125</ele>
        <time>2024-05-23T15:45:16.000Z</time>
        <extensions>
          <ns3:TrackPointExtension>
            <ns3:hr>180</ns3:hr>
          </ns3:TrackPointExtension>
        </extensions>
      </trkpt>
      <trkpt lat="45.48042722046375274658203125" lon="-73.573263846337795257568359375">
        <ele>53.200000762939453125</ele>
        <time>2024-05-23T15:45:20.000Z</time>
        <extensions>
          <ns3:TrackPointExtension>
            <ns3:hr>183</ns3:hr>
          </ns3:TrackPointExtension>
        </extensions>
      </trkpt>
      <trkpt lat="45.4803982190787792205810546875" lon="-73.57330374419689178466796875">
        <ele>53.200000762939453125</ele>
        <time>2024-05-23T15:45:21.000Z</time>
        <extensions>
          <ns3:TrackPointExtension>
            <ns3:hr>183</ns3:hr>
          </ns3:TrackPointExtension>
        </extensions>
      </trkpt>
      <trkpt lat="45.48030107282102108001708984375" lon="-73.5734262876212596893310546875">
        <ele>53</ele>
        <time>2024-05-23T15:45:24.000Z</time>
        <extensions>
          <ns3:TrackPointExtension>
            <ns3:hr>186</ns3:hr>
          </ns3:TrackPointExtension>
        </extensions>
      </trkpt>
      <trkpt lat="45.48020233400166034698486328125" lon="-73.57356132008135318756103515625">
        <ele>53.200000762939453125</ele>
        <time>2024-05-23T15:45:27.000Z</time>
        <extensions>
          <ns3:TrackPointExtension>
            <ns3:hr>186</ns3:hr>
          </ns3:TrackPointExtension>
        </extensions>
      </trkpt>
      <trkpt lat="45.4798885993659496307373046875" lon="-73.5739855282008647918701171875">
        <ele>53.799999237060546875</ele>
        <time>2024-05-23T15:45:37.000Z</time>
        <extensions>
          <ns3:TrackPointExtension>
            <ns3:hr>188</ns3:hr>
          </ns3:TrackPointExtension>
        </extensions>
      </trkpt>
      <trkpt lat="45.47966924495995044708251953125" lon="-73.57424679212272167205810546875">
        <ele>53.59999847412109375</ele>
        <time>2024-05-23T15:45:45.000Z</time>
        <extensions>
          <ns3:TrackPointExtension>
            <ns3:hr>188</ns3:hr>
          </ns3:TrackPointExtension>
        </extensions>
      </trkpt>
      <trkpt lat="45.4794193804264068603515625" lon="-73.57454149983823299407958984375">
        <ele>53.40000152587890625</ele>
        <time>2024-05-23T15:45:54.000Z</time>
        <extensions>
          <ns3:TrackPointExtension>
            <ns3:hr>188</ns3:hr>
          </ns3:TrackPointExtension>
        </extensions>
      </trkpt>
      <trkpt lat="45.47926238738000392913818359375" lon="-73.5747150890529155731201171875">
        <ele>53.40000152587890625</ele>
        <time>2024-05-23T15:46:01.000Z</time>
        <extensions>
          <ns3:TrackPointExtension>
            <ns3:hr>187</ns3:hr>
          </ns3:TrackPointExtension>
        </extensions>
      </trkpt>
      <trkpt lat="45.47912098467350006103515625" lon="-73.5748823918402194976806640625">
        <ele>53.59999847412109375</ele>
        <time>2024-05-23T15:46:07.000Z</time>
        <extensions>
          <ns3:TrackPointExtension>
            <ns3:hr>187</ns3:hr>
          </ns3:TrackPointExtension>
        </extensions>
      </trkpt>
      <trkpt lat="45.4790658317506313323974609375" lon="-73.574949614703655242919921875">
        <ele>53.799999237060546875</ele>
        <time>2024-05-23T15:46:10.000Z</time>
        <extensions>
          <ns3:TrackPointExtension>
            <ns3:hr>187</ns3:hr>
          </ns3:TrackPointExtension>
        </extensions>
      </trkpt>
      <trkpt lat="45.47899249009788036346435546875" lon="-73.57501641847193241119384765625">
        <ele>54</ele>
        <time>2024-05-23T15:46:14.000Z</time>
        <extensions>
          <ns3:TrackPointExtension>
            <ns3:hr>186</ns3:hr>
          </ns3:TrackPointExtension>
        </extensions>
      </trkpt>
      <trkpt lat="45.478880591690540313720703125" lon="-73.57512437738478183746337890625">
        <ele>53.40000152587890625</ele>
        <time>2024-05-23T15:46:20.000Z</time>
        <extensions>
          <ns3:TrackPointExtension>
            <ns3:hr>184</ns3:hr>
          </ns3:TrackPointExtension>
        </extensions>
      </trkpt>
      <trkpt lat="45.47876919619739055633544921875" lon="-73.5751073621213436126708984375">
        <ele>53.200000762939453125</ele>
        <time>2024-05-23T15:46:26.000Z</time>
        <extensions>
          <ns3:TrackPointExtension>
            <ns3:hr>182</ns3:hr>
          </ns3:TrackPointExtension>
        </extensions>
      </trkpt>
      <trkpt lat="45.4787044040858745574951171875" lon="-73.57499613426625728607177734375">
        <ele>53.799999237060546875</ele>
        <time>2024-05-23T15:46:33.000Z</time>
        <extensions>
          <ns3:TrackPointExtension>
            <ns3:hr>179</ns3:hr>
          </ns3:TrackPointExtension>
        </extensions>
      </trkpt>
      <trkpt lat="45.4786608181893825531005859375" lon="-73.57494584284722805023193359375">
        <ele>55</ele>
        <time>2024-05-23T15:46:37.000Z</time>
        <extensions>
          <ns3:TrackPointExtension>
            <ns3:hr>179</ns3:hr>
          </ns3:TrackPointExtension>
        </extensions>
      </trkpt>
      <trkpt lat="45.47861941158771514892578125" lon="-73.5748927854001522064208984375">
        <ele>55.799999237060546875</ele>
        <time>2024-05-23T15:46:41.000Z</time>
        <extensions>
          <ns3:TrackPointExtension>
            <ns3:hr>180</ns3:hr>
          </ns3:TrackPointExtension>
        </extensions>
      </trkpt>
      <trkpt lat="45.4786024801433086395263671875" lon="-73.574868477880954742431640625">
        <ele>56</ele>
        <time>2024-05-23T15:46:43.000Z</time>
        <extensions>
          <ns3:TrackPointExtension>
            <ns3:hr>180</ns3:hr>
          </ns3:TrackPointExtension>
        </extensions>
      </trkpt>
      <trkpt lat="45.478588901460170745849609375" lon="-73.57485473155975341796875">
        <ele>56</ele>
        <time>2024-05-23T15:46:44.000Z</time>
        <extensions>
          <ns3:TrackPointExtension>
            <ns3:hr>180</ns3:hr>
          </ns3:TrackPointExtension>
        </extensions>
      </trkpt>
      <trkpt lat="45.47850550152361392974853515625" lon="-73.57473495416343212127685546875">
        <ele>56.200000762939453125</ele>
        <time>2024-05-23T15:46:52.000Z</time>
        <extensions>
          <ns3:TrackPointExtension>
            <ns3:hr>181</ns3:hr>
          </ns3:TrackPointExtension>
        </extensions>
      </trkpt>
      <trkpt lat="45.4784100316464900970458984375" lon="-73.574619032442569732666015625">
        <ele>55</ele>
        <time>2024-05-23T15:47:01.000Z</time>
        <extensions>
          <ns3:TrackPointExtension>
            <ns3:hr>182</ns3:hr>
          </ns3:TrackPointExtension>
        </extensions>
      </trkpt>
      <trkpt lat="45.4783996380865573883056640625" lon="-73.57460587285459041595458984375">
        <ele>54.799999237060546875</ele>
        <time>2024-05-23T15:47:02.000Z</time>
        <extensions>
          <ns3:TrackPointExtension>
            <ns3:hr>182</ns3:hr>
          </ns3:TrackPointExtension>
        </extensions>
      </trkpt>
      <trkpt lat="45.47832814045250415802001953125" lon="-73.574521802365779876708984375">
        <ele>54.40000152587890625</ele>
        <time>2024-05-23T15:47:09.000Z</time>
        <extensions>
          <ns3:TrackPointExtension>
            <ns3:hr>182</ns3:hr>
          </ns3:TrackPointExtension>
        </extensions>
      </trkpt>
      <trkpt lat="45.47831489704549312591552734375" lon="-73.5745095647871494293212890625">
        <ele>53.799999237060546875</ele>
        <time>2024-05-23T15:47:13.000Z</time>
        <extensions>
          <ns3:TrackPointExtension>
            <ns3:hr>181</ns3:hr>
          </ns3:TrackPointExtension>
        </extensions>
      </trkpt>
      <trkpt lat="45.47831489704549312591552734375" lon="-73.5745095647871494293212890625">
        <ele>53.40000152587890625</ele>
        <time>2024-05-23T15:47:15.000Z</time>
        <extensions>
          <ns3:TrackPointExtension>
            <ns3:hr>180</ns3:hr>
          </ns3:TrackPointExtension>
        </extensions>
      </trkpt>
      <trkpt lat="45.4783094488084316253662109375" lon="-73.57451702468097209930419921875">
        <ele>53.40000152587890625</ele>
        <time>2024-05-23T15:47:23.000Z</time>
        <extensions>
          <ns3:TrackPointExtension>
            <ns3:hr>178</ns3:hr>
          </ns3:TrackPointExtension>
        </extensions>
      </trkpt>
      <trkpt lat="45.4783094488084316253662109375" lon="-73.57451702468097209930419921875">
        <ele>53.40000152587890625</ele>
        <time>2024-05-23T15:47:30.000Z</time>
        <extensions>
          <ns3:TrackPointExtension>
            <ns3:hr>175</ns3:hr>
          </ns3:TrackPointExtension>
        </extensions>
      </trkpt>
      <trkpt lat="45.4783094488084316253662109375" lon="-73.57451702468097209930419921875">
        <ele>53.40000152587890625</ele>
        <time>2024-05-23T15:47:32.000Z</time>
        <extensions>
          <ns3:TrackPointExtension>
            <ns3:hr>176</ns3:hr>
          </ns3:TrackPointExtension>
        </extensions>
      </trkpt>
      <trkpt lat="45.47831439413130283355712890625" lon="-73.574515096843242645263671875">
        <ele>53.40000152587890625</ele>
        <time>2024-05-23T15:47:44.000Z</time>
        <extensions>
          <ns3:TrackPointExtension>
            <ns3:hr>175</ns3:hr>
          </ns3:TrackPointExtension>
        </extensions>
      </trkpt>
      <trkpt lat="45.4783121310174465179443359375" lon="-73.574521802365779876708984375">
        <ele>53.40000152587890625</ele>
        <time>2024-05-23T15:47:51.000Z</time>
        <extensions>
          <ns3:TrackPointExtension>
            <ns3:hr>174</ns3:hr>
          </ns3:TrackPointExtension>
        </extensions>
      </trkpt>
      <trkpt lat="45.4783121310174465179443359375" lon="-73.574521802365779876708984375">
        <ele>53.40000152587890625</ele>
        <time>2024-05-23T15:47:58.000Z</time>
        <extensions>
          <ns3:TrackPointExtension>
            <ns3:hr>171</ns3:hr>
          </ns3:TrackPointExtension>
        </extensions>
      </trkpt>
      <trkpt lat="45.4783121310174465179443359375" lon="-73.574521802365779876708984375">
        <ele>53.40000152587890625</ele>
        <time>2024-05-23T15:48:01.000Z</time>
        <extensions>
          <ns3:TrackPointExtension>
            <ns3:hr>172</ns3:hr>
          </ns3:TrackPointExtension>
        </extensions>
      </trkpt>
      <trkpt lat="45.4783121310174465179443359375" lon="-73.574521802365779876708984375">
        <ele>53.40000152587890625</ele>
        <time>2024-05-23T15:48:10.000Z</time>
        <extensions>
          <ns3:TrackPointExtension>
            <ns3:hr>169</ns3:hr>
          </ns3:TrackPointExtension>
        </extensions>
      </trkpt>
      <trkpt lat="45.4783121310174465179443359375" lon="-73.574521802365779876708984375">
        <ele>53.40000152587890625</ele>
        <time>2024-05-23T15:48:14.000Z</time>
        <extensions>
          <ns3:TrackPointExtension>
            <ns3:hr>166</ns3:hr>
          </ns3:TrackPointExtension>
        </extensions>
      </trkpt>
      <trkpt lat="45.4783121310174465179443359375" lon="-73.574521802365779876708984375">
        <ele>53.40000152587890625</ele>
        <time>2024-05-23T15:48:16.000Z</time>
        <extensions>
          <ns3:TrackPointExtension>
            <ns3:hr>165</ns3:hr>
          </ns3:TrackPointExtension>
        </extensions>
      </trkpt>
      <trkpt lat="45.4783121310174465179443359375" lon="-73.574521802365779876708984375">
        <ele>53.40000152587890625</ele>
        <time>2024-05-23T15:48:29.000Z</time>
        <extensions>
          <ns3:TrackPointExtension>
            <ns3:hr>164</ns3:hr>
          </ns3:TrackPointExtension>
        </extensions>
      </trkpt>
      <trkpt lat="45.4783121310174465179443359375" lon="-73.574521802365779876708984375">
        <ele>53.40000152587890625</ele>
        <time>2024-05-23T15:48:40.000Z</time>
        <extensions>
          <ns3:TrackPointExtension>
            <ns3:hr>162</ns3:hr>
          </ns3:TrackPointExtension>
        </extensions>
      </trkpt>
      <trkpt lat="45.4782848060131072998046875" lon="-73.574509732425212860107421875">
        <ele>53.40000152587890625</ele>
        <time>2024-05-23T15:48:51.000Z</time>
        <extensions>
          <ns3:TrackPointExtension>
            <ns3:hr>161</ns3:hr>
          </ns3:TrackPointExtension>
        </extensions>
      </trkpt>
      <trkpt lat="45.4781625978648662567138671875" lon="-73.5745581798255443572998046875">
        <ele>53.40000152587890625</ele>
        <time>2024-05-23T15:48:57.000Z</time>
        <extensions>
          <ns3:TrackPointExtension>
            <ns3:hr>162</ns3:hr>
          </ns3:TrackPointExtension>
        </extensions>
      </trkpt>
      <trkpt lat="45.4781139828264713287353515625" lon="-73.57462741434574127197265625">
        <ele>52.799999237060546875</ele>
        <time>2024-05-23T15:48:59.000Z</time>
        <extensions>
          <ns3:TrackPointExtension>
            <ns3:hr>161</ns3:hr>
          </ns3:TrackPointExtension>
        </extensions>
      </trkpt>
      <trkpt lat="45.47798548825085163116455078125" lon="-73.5747885145246982574462890625">
        <ele>52.40000152587890625</ele>
        <time>2024-05-23T15:49:04.000Z</time>
        <extensions>
          <ns3:TrackPointExtension>
            <ns3:hr>161</ns3:hr>
          </ns3:TrackPointExtension>
        </extensions>
      </trkpt>
      <trkpt lat="45.4777579195797443389892578125" lon="-73.575041480362415313720703125">
        <ele>52.40000152587890625</ele>
        <time>2024-05-23T15:49:13.000Z</time>
        <extensions>
          <ns3:TrackPointExtension>
            <ns3:hr>161</ns3:hr>
          </ns3:TrackPointExtension>
        </extensions>
      </trkpt>
      <trkpt lat="45.47755683772265911102294921875" lon="-73.5751806199550628662109375">
        <ele>53</ele>
        <time>2024-05-23T15:49:19.000Z</time>
        <extensions>
          <ns3:TrackPointExtension>
            <ns3:hr>161</ns3:hr>
          </ns3:TrackPointExtension>
        </extensions>
      </trkpt>
      <trkpt lat="45.47729247249662876129150390625" lon="-73.57532604597508907318115234375">
        <ele>52</ele>
        <time>2024-05-23T15:49:27.000Z</time>
        <extensions>
          <ns3:TrackPointExtension>
            <ns3:hr>161</ns3:hr>
          </ns3:TrackPointExtension>
        </extensions>
      </trkpt>
      <trkpt lat="45.47726087272167205810546875" lon="-73.57536627911031246185302734375">
        <ele>51.799999237060546875</ele>
        <time>2024-05-23T15:49:28.000Z</time>
        <extensions>
          <ns3:TrackPointExtension>
            <ns3:hr>163</ns3:hr>
          </ns3:TrackPointExtension>
        </extensions>
      </trkpt>
      <trkpt lat="45.47711678780615329742431640625" lon="-73.57556752860546112060546875">
        <ele>51.59999847412109375</ele>
        <time>2024-05-23T15:49:32.000Z</time>
        <extensions>
          <ns3:TrackPointExtension>
            <ns3:hr>166</ns3:hr>
          </ns3:TrackPointExtension>
        </extensions>
      </trkpt>
      <trkpt lat="45.47695367597043514251708984375" lon="-73.57582242228090763092041015625">
        <ele>52</ele>
        <time>2024-05-23T15:49:38.000Z</time>
        <extensions>
          <ns3:TrackPointExtension>
            <ns3:hr>165</ns3:hr>
          </ns3:TrackPointExtension>
        </extensions>
      </trkpt>
      <trkpt lat="45.476690232753753662109375" lon="-73.576052673161029815673828125">
        <ele>52.40000152587890625</ele>
        <time>2024-05-23T15:49:45.000Z</time>
        <extensions>
          <ns3:TrackPointExtension>
            <ns3:hr>164</ns3:hr>
          </ns3:TrackPointExtension>
        </extensions>
      </trkpt>
      <trkpt lat="45.47644187696278095245361328125" lon="-73.57640110887587070465087890625">
        <ele>50.40000152587890625</ele>
        <time>2024-05-23T15:49:51.000Z</time>
        <extensions>
          <ns3:TrackPointExtension>
            <ns3:hr>165</ns3:hr>
          </ns3:TrackPointExtension>
        </extensions>
      </trkpt>
      <trkpt lat="45.476275496184825897216796875" lon="-73.57661090791225433349609375">
        <ele>49.799999237060546875</ele>
        <time>2024-05-23T15:49:55.000Z</time>
        <extensions>
          <ns3:TrackPointExtension>
            <ns3:hr>168</ns3:hr>
          </ns3:TrackPointExtension>
        </extensions>
      </trkpt>
      <trkpt lat="45.47619963996112346649169921875" lon="-73.576702438294887542724609375">
        <ele>49.40000152587890625</ele>
        <time>2024-05-23T15:49:57.000Z</time>
        <extensions>
          <ns3:TrackPointExtension>
            <ns3:hr>169</ns3:hr>
          </ns3:TrackPointExtension>
        </extensions>
      </trkpt>
      <trkpt lat="45.47612361609935760498046875" lon="-73.576784245669841766357421875">
        <ele>49.200000762939453125</ele>
        <time>2024-05-23T15:49:59.000Z</time>
        <extensions>
          <ns3:TrackPointExtension>
            <ns3:hr>169</ns3:hr>
          </ns3:TrackPointExtension>
        </extensions>
      </trkpt>
      <trkpt lat="45.4760493524372577667236328125" lon="-73.57685289345681667327880859375">
        <ele>49.200000762939453125</ele>
        <time>2024-05-23T15:50:01.000Z</time>
        <extensions>
          <ns3:TrackPointExtension>
            <ns3:hr>169</ns3:hr>
          </ns3:TrackPointExtension>
        </extensions>
      </trkpt>
      <trkpt lat="45.47592789866030216217041015625" lon="-73.5769440047442913055419921875">
        <ele>49.200000762939453125</ele>
        <time>2024-05-23T15:50:04.000Z</time>
        <extensions>
          <ns3:TrackPointExtension>
            <ns3:hr>169</ns3:hr>
          </ns3:TrackPointExtension>
        </extensions>
      </trkpt>
      <trkpt lat="45.4758783616125583648681640625" lon="-73.57697862200438976287841796875">
        <ele>49.200000762939453125</ele>
        <time>2024-05-23T15:50:05.000Z</time>
        <extensions>
          <ns3:TrackPointExtension>
            <ns3:hr>169</ns3:hr>
          </ns3:TrackPointExtension>
        </extensions>
      </trkpt>
      <trkpt lat="45.47583653591573238372802734375" lon="-73.57702086679637432098388671875">
        <ele>49.40000152587890625</ele>
        <time>2024-05-23T15:50:06.000Z</time>
        <extensions>
          <ns3:TrackPointExtension>
            <ns3:hr>169</ns3:hr>
          </ns3:TrackPointExtension>
        </extensions>
      </trkpt>
      <trkpt lat="45.47556730918586254119873046875" lon="-73.577339462935924530029296875">
        <ele>50</ele>
        <time>2024-05-23T15:50:13.000Z</time>
        <extensions>
          <ns3:TrackPointExtension>
            <ns3:hr>168</ns3:hr>
          </ns3:TrackPointExtension>
        </extensions>
      </trkpt>
      <trkpt lat="45.475496314465999603271484375" lon="-73.57744616456329822540283203125">
        <ele>50.59999847412109375</ele>
        <time>2024-05-23T15:50:16.000Z</time>
        <extensions>
          <ns3:TrackPointExtension>
            <ns3:hr>167</ns3:hr>
          </ns3:TrackPointExtension>
        </extensions>
      </trkpt>
      <trkpt lat="45.47547963447868824005126953125" lon="-73.57747592031955718994140625">
        <ele>50.799999237060546875</ele>
        <time>2024-05-23T15:50:17.000Z</time>
        <extensions>
          <ns3:TrackPointExtension>
            <ns3:hr>167</ns3:hr>
          </ns3:TrackPointExtension>
        </extensions>
      </trkpt>
      <trkpt lat="45.4754425026476383209228515625" lon="-73.577600978314876556396484375">
        <ele>51.200000762939453125</ele>
        <time>2024-05-23T15:50:21.000Z</time>
        <extensions>
          <ns3:TrackPointExtension>
            <ns3:hr>171</ns3:hr>
          </ns3:TrackPointExtension>
        </extensions>
      </trkpt>
      <trkpt lat="45.47542414627969264984130859375" lon="-73.577633164823055267333984375">
        <ele>51.40000152587890625</ele>
        <time>2024-05-23T15:50:22.000Z</time>
        <extensions>
          <ns3:TrackPointExtension>
            <ns3:hr>173</ns3:hr>
          </ns3:TrackPointExtension>
        </extensions>
      </trkpt>
      <trkpt lat="45.47537452541291713714599609375" lon="-73.5776916705071926116943359375">
        <ele>51.200000762939453125</ele>
        <time>2024-05-23T15:50:24.000Z</time>
        <extensions>
          <ns3:TrackPointExtension>
            <ns3:hr>176</ns3:hr>
          </ns3:TrackPointExtension>
        </extensions>
      </trkpt>
      <trkpt lat="45.47532238997519016265869140625" lon="-73.57774539850652217864990234375">
        <ele>51.40000152587890625</ele>
        <time>2024-05-23T15:50:26.000Z</time>
        <extensions>
          <ns3:TrackPointExtension>
            <ns3:hr>179</ns3:hr>
          </ns3:TrackPointExtension>
        </extensions>
      </trkpt>
      <trkpt lat="45.47527058981359004974365234375" lon="-73.57779736630618572235107421875">
        <ele>52</ele>
        <time>2024-05-23T15:50:28.000Z</time>
        <extensions>
          <ns3:TrackPointExtension>
            <ns3:hr>179</ns3:hr>
          </ns3:TrackPointExtension>
        </extensions>
      </trkpt>
      <trkpt lat="45.47524661757051944732666015625" lon="-73.57782469131052494049072265625">
        <ele>52.200000762939453125</ele>
        <time>2024-05-23T15:50:29.000Z</time>
        <extensions>
          <ns3:TrackPointExtension>
            <ns3:hr>180</ns3:hr>
          </ns3:TrackPointExtension>
        </extensions>
      </trkpt>
      <trkpt lat="45.47516740858554840087890625" lon="-73.57789828442037105560302734375">
        <ele>52.59999847412109375</ele>
        <time>2024-05-23T15:50:32.000Z</time>
        <extensions>
          <ns3:TrackPointExtension>
            <ns3:hr>183</ns3:hr>
          </ns3:TrackPointExtension>
        </extensions>
      </trkpt>
      <trkpt lat="45.4750281013548374176025390625" lon="-73.578027449548244476318359375">
        <ele>51.799999237060546875</ele>
        <time>2024-05-23T15:50:37.000Z</time>
        <extensions>
          <ns3:TrackPointExtension>
            <ns3:hr>184</ns3:hr>
          </ns3:TrackPointExtension>
        </extensions>
      </trkpt>
      <trkpt lat="45.47479097731411457061767578125" lon="-73.578257448971271514892578125">
        <ele>52.59999847412109375</ele>
        <time>2024-05-23T15:50:46.000Z</time>
        <extensions>
          <ns3:TrackPointExtension>
            <ns3:hr>182</ns3:hr>
          </ns3:TrackPointExtension>
        </extensions>
      </trkpt>
      <trkpt lat="45.47460959292948246002197265625" lon="-73.57843455858528614044189453125">
        <ele>52</ele>
        <time>2024-05-23T15:50:53.000Z</time>
        <extensions>
          <ns3:TrackPointExtension>
            <ns3:hr>182</ns3:hr>
          </ns3:TrackPointExtension>
        </extensions>
      </trkpt>
      <trkpt lat="45.47433902509510517120361328125" lon="-73.57869364321231842041015625">
        <ele>52.40000152587890625</ele>
        <time>2024-05-23T15:51:03.000Z</time>
        <extensions>
          <ns3:TrackPointExtension>
            <ns3:hr>182</ns3:hr>
          </ns3:TrackPointExtension>
        </extensions>
      </trkpt>
      <trkpt lat="45.4740785993635654449462890625" lon="-73.5789234749972820281982421875">
        <ele>52.59999847412109375</ele>
        <time>2024-05-23T15:51:12.000Z</time>
        <extensions>
          <ns3:TrackPointExtension>
            <ns3:hr>182</ns3:hr>
          </ns3:TrackPointExtension>
        </extensions>
      </trkpt>
      <trkpt lat="45.47381649725139141082763671875" lon="-73.57917644083499908447265625">
        <ele>53</ele>
        <time>2024-05-23T15:51:21.000Z</time>
        <extensions>
          <ns3:TrackPointExtension>
            <ns3:hr>185</ns3:hr>
          </ns3:TrackPointExtension>
        </extensions>
      </trkpt>
      <trkpt lat="45.4737557284533977508544921875" lon="-73.57923603616654872894287109375">
        <ele>53</ele>
        <time>2024-05-23T15:51:23.000Z</time>
        <extensions>
          <ns3:TrackPointExtension>
            <ns3:hr>185</ns3:hr>
          </ns3:TrackPointExtension>
        </extensions>
      </trkpt>
      <trkpt lat="45.47351156361401081085205078125" lon="-73.57946201227605342864990234375">
        <ele>53</ele>
        <time>2024-05-23T15:51:31.000Z</time>
        <extensions>
          <ns3:TrackPointExtension>
            <ns3:hr>184</ns3:hr>
          </ns3:TrackPointExtension>
        </extensions>
      </trkpt>
      <trkpt lat="45.47327586449682712554931640625" lon="-73.579674996435642242431640625">
        <ele>53</ele>
        <time>2024-05-23T15:51:39.000Z</time>
        <extensions>
          <ns3:TrackPointExtension>
            <ns3:hr>185</ns3:hr>
          </ns3:TrackPointExtension>
        </extensions>
      </trkpt>
      <trkpt lat="45.47299339435994625091552734375" lon="-73.5799309797585010528564453125">
        <ele>53</ele>
        <time>2024-05-23T15:51:48.000Z</time>
        <extensions>
          <ns3:TrackPointExtension>
            <ns3:hr>185</ns3:hr>
          </ns3:TrackPointExtension>
        </extensions>
      </trkpt>
      <trkpt lat="45.47272634692490100860595703125" lon="-73.58019375242292881011962890625">
        <ele>53.200000762939453125</ele>
        <time>2024-05-23T15:51:56.000Z</time>
        <extensions>
          <ns3:TrackPointExtension>
            <ns3:hr>184</ns3:hr>
          </ns3:TrackPointExtension>
        </extensions>
      </trkpt>
      <trkpt lat="45.4725038073956966400146484375" lon="-73.580410592257976531982421875">
        <ele>52.799999237060546875</ele>
        <time>2024-05-23T15:52:03.000Z</time>
        <extensions>
          <ns3:TrackPointExtension>
            <ns3:hr>183</ns3:hr>
          </ns3:TrackPointExtension>
        </extensions>
      </trkpt>
      <trkpt lat="45.472228042781352996826171875" lon="-73.58062684535980224609375">
        <ele>53.59999847412109375</ele>
        <time>2024-05-23T15:52:12.000Z</time>
        <extensions>
          <ns3:TrackPointExtension>
            <ns3:hr>184</ns3:hr>
          </ns3:TrackPointExtension>
        </extensions>
      </trkpt>
      <trkpt lat="45.47200399450957775115966796875" lon="-73.580787442624568939208984375">
        <ele>53.59999847412109375</ele>
        <time>2024-05-23T15:52:20.000Z</time>
        <extensions>
          <ns3:TrackPointExtension>
            <ns3:hr>186</ns3:hr>
          </ns3:TrackPointExtension>
        </extensions>
      </trkpt>
      <trkpt lat="45.47197759151458740234375" lon="-73.58079993166029453277587890625">
        <ele>53.40000152587890625</ele>
        <time>2024-05-23T15:52:21.000Z</time>
        <extensions>
          <ns3:TrackPointExtension>
            <ns3:hr>187</ns3:hr>
          </ns3:TrackPointExtension>
        </extensions>
      </trkpt>
      <trkpt lat="45.47191196121275424957275390625" lon="-73.58079657889902591705322265625">
        <ele>53.40000152587890625</ele>
        <time>2024-05-23T15:52:23.000Z</time>
        <extensions>
          <ns3:TrackPointExtension>
            <ns3:hr>187</ns3:hr>
          </ns3:TrackPointExtension>
        </extensions>
      </trkpt>
      <trkpt lat="45.4717980511486530303955078125" lon="-73.58083513565361499786376953125">
        <ele>54.200000762939453125</ele>
        <time>2024-05-23T15:52:26.000Z</time>
        <extensions>
          <ns3:TrackPointExtension>
            <ns3:hr>187</ns3:hr>
          </ns3:TrackPointExtension>
        </extensions>
      </trkpt>
      <trkpt lat="45.4717648588120937347412109375" lon="-73.58086883090436458587646484375">
        <ele>54.40000152587890625</ele>
        <time>2024-05-23T15:52:27.000Z</time>
        <extensions>
          <ns3:TrackPointExtension>
            <ns3:hr>187</ns3:hr>
          </ns3:TrackPointExtension>
        </extensions>
      </trkpt>
      <trkpt lat="45.47152387909591197967529296875" lon="-73.58111844398081302642822265625">
        <ele>53.200000762939453125</ele>
        <time>2024-05-23T15:52:35.000Z</time>
        <extensions>
          <ns3:TrackPointExtension>
            <ns3:hr>187</ns3:hr>
          </ns3:TrackPointExtension>
        </extensions>
      </trkpt>
      <trkpt lat="45.47149479389190673828125" lon="-73.58114576898515224456787109375">
        <ele>53.200000762939453125</ele>
        <time>2024-05-23T15:52:36.000Z</time>
        <extensions>
          <ns3:TrackPointExtension>
            <ns3:hr>187</ns3:hr>
          </ns3:TrackPointExtension>
        </extensions>
      </trkpt>
      <trkpt lat="45.47126538120210170745849609375" lon="-73.58135062269866466522216796875">
        <ele>53.59999847412109375</ele>
        <time>2024-05-23T15:52:44.000Z</time>
        <extensions>
          <ns3:TrackPointExtension>
            <ns3:hr>185</ns3:hr>
          </ns3:TrackPointExtension>
        </extensions>
      </trkpt>
      <trkpt lat="45.47092524357140064239501953125" lon="-73.581675924360752105712890625">
        <ele>53</ele>
        <time>2024-05-23T15:52:55.000Z</time>
        <extensions>
          <ns3:TrackPointExtension>
            <ns3:hr>187</ns3:hr>
          </ns3:TrackPointExtension>
        </extensions>
      </trkpt>
      <trkpt lat="45.47066557221114635467529296875" lon="-73.58192511834204196929931640625">
        <ele>53.40000152587890625</ele>
        <time>2024-05-23T15:53:03.000Z</time>
        <extensions>
          <ns3:TrackPointExtension>
            <ns3:hr>188</ns3:hr>
          </ns3:TrackPointExtension>
        </extensions>
      </trkpt>
      <trkpt lat="45.4703929089009761810302734375" lon="-73.5821930877864360809326171875">
        <ele>53.40000152587890625</ele>
        <time>2024-05-23T15:53:12.000Z</time>
        <extensions>
          <ns3:TrackPointExtension>
            <ns3:hr>187</ns3:hr>
          </ns3:TrackPointExtension>
        </extensions>
      </trkpt>
      <trkpt lat="45.47013047151267528533935546875" lon="-73.58246575109660625457763671875">
        <ele>53.200000762939453125</ele>
        <time>2024-05-23T15:53:21.000Z</time>
        <extensions>
          <ns3:TrackPointExtension>
            <ns3:hr>186</ns3:hr>
          </ns3:TrackPointExtension>
        </extensions>
      </trkpt>
      <trkpt lat="45.4699221812188625335693359375" lon="-73.58268016017973423004150390625">
        <ele>53.40000152587890625</ele>
        <time>2024-05-23T15:53:28.000Z</time>
        <extensions>
          <ns3:TrackPointExtension>
            <ns3:hr>187</ns3:hr>
          </ns3:TrackPointExtension>
        </extensions>
      </trkpt>
      <trkpt lat="45.46975462697446346282958984375" lon="-73.58295743353664875030517578125">
        <ele>53.59999847412109375</ele>
        <time>2024-05-23T15:53:35.000Z</time>
        <extensions>
          <ns3:TrackPointExtension>
            <ns3:hr>185</ns3:hr>
          </ns3:TrackPointExtension>
        </extensions>
      </trkpt>
      <trkpt lat="45.4695751704275608062744140625" lon="-73.5832927934825420379638671875">
        <ele>53.40000152587890625</ele>
        <time>2024-05-23T15:53:43.000Z</time>
        <extensions>
          <ns3:TrackPointExtension>
            <ns3:hr>185</ns3:hr>
          </ns3:TrackPointExtension>
        </extensions>
      </trkpt>
      <trkpt lat="45.469359420239925384521484375" lon="-73.58363603241741657257080078125">
        <ele>53.40000152587890625</ele>
        <time>2024-05-23T15:53:51.000Z</time>
        <extensions>
          <ns3:TrackPointExtension>
            <ns3:hr>182</ns3:hr>
          </ns3:TrackPointExtension>
        </extensions>
      </trkpt>
      <trkpt lat="45.4693076200783252716064453125" lon="-73.5837222822010517120361328125">
        <ele>53.40000152587890625</ele>
        <time>2024-05-23T15:53:53.000Z</time>
        <extensions>
          <ns3:TrackPointExtension>
            <ns3:hr>182</ns3:hr>
          </ns3:TrackPointExtension>
        </extensions>
      </trkpt>
      <trkpt lat="45.46906814910471439361572265625" lon="-73.58410022221505641937255859375">
        <ele>53.40000152587890625</ele>
        <time>2024-05-23T15:54:02.000Z</time>
        <extensions>
          <ns3:TrackPointExtension>
            <ns3:hr>181</ns3:hr>
          </ns3:TrackPointExtension>
        </extensions>
      </trkpt>
      <trkpt lat="45.46890688128769397735595703125" lon="-73.58439861796796321868896484375">
        <ele>53.40000152587890625</ele>
        <time>2024-05-23T15:54:09.000Z</time>
        <extensions>
          <ns3:TrackPointExtension>
            <ns3:hr>181</ns3:hr>
          </ns3:TrackPointExtension>
        </extensions>
      </trkpt>
      <trkpt lat="45.4686890356242656707763671875" lon="-73.584805391728878021240234375">
        <ele>53.40000152587890625</ele>
        <time>2024-05-23T15:54:18.000Z</time>
        <extensions>
          <ns3:TrackPointExtension>
            <ns3:hr>184</ns3:hr>
          </ns3:TrackPointExtension>
        </extensions>
      </trkpt>
      <trkpt lat="45.46866849996149539947509765625" lon="-73.58484956435859203338623046875">
        <ele>53.40000152587890625</ele>
        <time>2024-05-23T15:54:19.000Z</time>
        <extensions>
          <ns3:TrackPointExtension>
            <ns3:hr>184</ns3:hr>
          </ns3:TrackPointExtension>
        </extensions>
      </trkpt>
      <trkpt lat="45.46849197708070278167724609375" lon="-73.58525834977626800537109375">
        <ele>52.59999847412109375</ele>
        <time>2024-05-23T15:54:28.000Z</time>
        <extensions>
          <ns3:TrackPointExtension>
            <ns3:hr>184</ns3:hr>
          </ns3:TrackPointExtension>
        </extensions>
      </trkpt>
      <trkpt lat="45.468357615172863006591796875" lon="-73.58551450073719024658203125">
        <ele>53</ele>
        <time>2024-05-23T15:54:35.000Z</time>
        <extensions>
          <ns3:TrackPointExtension>
            <ns3:hr>184</ns3:hr>
          </ns3:TrackPointExtension>
        </extensions>
      </trkpt>
      <trkpt lat="45.46817279420793056488037109375" lon="-73.5859441570937633514404296875">
        <ele>52.59999847412109375</ele>
        <time>2024-05-23T15:54:45.000Z</time>
        <extensions>
          <ns3:TrackPointExtension>
            <ns3:hr>182</ns3:hr>
          </ns3:TrackPointExtension>
        </extensions>
      </trkpt>
      <trkpt lat="45.4680027253925800323486328125" lon="-73.58631874434649944305419921875">
        <ele>53.59999847412109375</ele>
        <time>2024-05-23T15:54:55.000Z</time>
        <extensions>
          <ns3:TrackPointExtension>
            <ns3:hr>184</ns3:hr>
          </ns3:TrackPointExtension>
        </extensions>
      </trkpt>
      <trkpt lat="45.467893593013286590576171875" lon="-73.586660139262676239013671875">
        <ele>53.40000152587890625</ele>
        <time>2024-05-23T15:55:03.000Z</time>
        <extensions>
          <ns3:TrackPointExtension>
            <ns3:hr>183</ns3:hr>
          </ns3:TrackPointExtension>
        </extensions>
      </trkpt>
      <trkpt lat="45.467923767864704132080078125" lon="-73.58698711730539798736572265625">
        <ele>52.59999847412109375</ele>
        <time>2024-05-23T15:55:09.000Z</time>
        <extensions>
          <ns3:TrackPointExtension>
            <ns3:hr>184</ns3:hr>
          </ns3:TrackPointExtension>
        </extensions>
      </trkpt>
      <trkpt lat="45.46790088526904582977294921875" lon="-73.5871454514563083648681640625">
        <ele>52.59999847412109375</ele>
        <time>2024-05-23T15:55:12.000Z</time>
        <extensions>
          <ns3:TrackPointExtension>
            <ns3:hr>184</ns3:hr>
          </ns3:TrackPointExtension>
        </extensions>
      </trkpt>
      <trkpt lat="45.46772939153015613555908203125" lon="-73.58745181001722812652587890625">
        <ele>53.40000152587890625</ele>
        <time>2024-05-23T15:55:19.000Z</time>
        <extensions>
          <ns3:TrackPointExtension>
            <ns3:hr>183</ns3:hr>
          </ns3:TrackPointExtension>
        </extensions>
      </trkpt>
      <trkpt lat="45.467547588050365447998046875" lon="-73.58772992156445980072021484375">
        <ele>53.59999847412109375</ele>
        <time>2024-05-23T15:55:26.000Z</time>
        <extensions>
          <ns3:TrackPointExtension>
            <ns3:hr>181</ns3:hr>
          </ns3:TrackPointExtension>
        </extensions>
      </trkpt>
      <trkpt lat="45.4673881642520427703857421875" lon="-73.5880074463784694671630859375">
        <ele>53.40000152587890625</ele>
        <time>2024-05-23T15:55:33.000Z</time>
        <extensions>
          <ns3:TrackPointExtension>
            <ns3:hr>181</ns3:hr>
          </ns3:TrackPointExtension>
        </extensions>
      </trkpt>
      <trkpt lat="45.4671893455088138580322265625" lon="-73.58836158178746700286865234375">
        <ele>53.59999847412109375</ele>
        <time>2024-05-23T15:55:42.000Z</time>
        <extensions>
          <ns3:TrackPointExtension>
            <ns3:hr>182</ns3:hr>
          </ns3:TrackPointExtension>
        </extensions>
      </trkpt>
      <trkpt lat="45.4670321010053157806396484375" lon="-73.58874580822885036468505859375">
        <ele>53</ele>
        <time>2024-05-23T15:55:50.000Z</time>
        <extensions>
          <ns3:TrackPointExtension>
            <ns3:hr>182</ns3:hr>
          </ns3:TrackPointExtension>
        </extensions>
      </trkpt>
      <trkpt lat="45.4668979905545711517333984375" lon="-73.589163981378078460693359375">
        <ele>53.200000762939453125</ele>
        <time>2024-05-23T15:55:59.000Z</time>
        <extensions>
          <ns3:TrackPointExtension>
            <ns3:hr>180</ns3:hr>
          </ns3:TrackPointExtension>
        </extensions>
      </trkpt>
      <trkpt lat="45.46678961254656314849853515625" lon="-73.5895921289920806884765625">
        <ele>53.40000152587890625</ele>
        <time>2024-05-23T15:56:08.000Z</time>
        <extensions>
          <ns3:TrackPointExtension>
            <ns3:hr>178</ns3:hr>
          </ns3:TrackPointExtension>
        </extensions>
      </trkpt>
      <trkpt lat="45.4667149297893047332763671875" lon="-73.58992564491927623748779296875">
        <ele>54.200000762939453125</ele>
        <time>2024-05-23T15:56:15.000Z</time>
        <extensions>
          <ns3:TrackPointExtension>
            <ns3:hr>178</ns3:hr>
          </ns3:TrackPointExtension>
        </extensions>
      </trkpt>
      <trkpt lat="45.46670638024806976318359375" lon="-73.58997325412929058074951171875">
        <ele>54.200000762939453125</ele>
        <time>2024-05-23T15:56:16.000Z</time>
        <extensions>
          <ns3:TrackPointExtension>
            <ns3:hr>178</ns3:hr>
          </ns3:TrackPointExtension>
        </extensions>
      </trkpt>
      <trkpt lat="45.46665281988680362701416015625" lon="-73.59021733514964580535888671875">
        <ele>54.40000152587890625</ele>
        <time>2024-05-23T15:56:21.000Z</time>
        <extensions>
          <ns3:TrackPointExtension>
            <ns3:hr>178</ns3:hr>
          </ns3:TrackPointExtension>
        </extensions>
      </trkpt>
      <trkpt lat="45.4665865190327167510986328125" lon="-73.59057256020605564117431640625">
        <ele>54.59999847412109375</ele>
        <time>2024-05-23T15:56:29.000Z</time>
        <extensions>
          <ns3:TrackPointExtension>
            <ns3:hr>178</ns3:hr>
          </ns3:TrackPointExtension>
        </extensions>
      </trkpt>
      <trkpt lat="45.46652642078697681427001953125" lon="-73.59088352881371974945068359375">
        <ele>55</ele>
        <time>2024-05-23T15:56:36.000Z</time>
        <extensions>
          <ns3:TrackPointExtension>
            <ns3:hr>179</ns3:hr>
          </ns3:TrackPointExtension>
        </extensions>
      </trkpt>
      <trkpt lat="45.4664949886500835418701171875" lon="-73.5910722054541110992431640625">
        <ele>55.200000762939453125</ele>
        <time>2024-05-23T15:56:40.000Z</time>
        <extensions>
          <ns3:TrackPointExtension>
            <ns3:hr>180</ns3:hr>
          </ns3:TrackPointExtension>
        </extensions>
      </trkpt>
      <trkpt lat="45.46645550988614559173583984375" lon="-73.59130270779132843017578125">
        <ele>55.200000762939453125</ele>
        <time>2024-05-23T15:56:45.000Z</time>
        <extensions>
          <ns3:TrackPointExtension>
            <ns3:hr>180</ns3:hr>
          </ns3:TrackPointExtension>
        </extensions>
      </trkpt>
      <trkpt lat="45.46638241969048976898193359375" lon="-73.59163186512887477874755859375">
        <ele>55.799999237060546875</ele>
        <time>2024-05-23T15:56:52.000Z</time>
        <extensions>
          <ns3:TrackPointExtension>
            <ns3:hr>180</ns3:hr>
          </ns3:TrackPointExtension>
        </extensions>
      </trkpt>
      <trkpt lat="45.46630849130451679229736328125" lon="-73.59196093864738941192626953125">
        <ele>55.799999237060546875</ele>
        <time>2024-05-23T15:56:59.000Z</time>
        <extensions>
          <ns3:TrackPointExtension>
            <ns3:hr>180</ns3:hr>
          </ns3:TrackPointExtension>
        </extensions>
      </trkpt>
      <trkpt lat="45.46619885601103305816650390625" lon="-73.59241892583668231964111328125">
        <ele>56</ele>
        <time>2024-05-23T15:57:08.000Z</time>
        <extensions>
          <ns3:TrackPointExtension>
            <ns3:hr>181</ns3:hr>
          </ns3:TrackPointExtension>
        </extensions>
      </trkpt>
      <trkpt lat="45.46607245691120624542236328125" lon="-73.5928548686206340789794921875">
        <ele>55.59999847412109375</ele>
        <time>2024-05-23T15:57:17.000Z</time>
        <extensions>
          <ns3:TrackPointExtension>
            <ns3:hr>182</ns3:hr>
          </ns3:TrackPointExtension>
        </extensions>
      </trkpt>
      <trkpt lat="45.4658931680023670196533203125" lon="-73.59324169345200061798095703125">
        <ele>55.59999847412109375</ele>
        <time>2024-05-23T15:57:26.000Z</time>
        <extensions>
          <ns3:TrackPointExtension>
            <ns3:hr>182</ns3:hr>
          </ns3:TrackPointExtension>
        </extensions>
      </trkpt>
      <trkpt lat="45.465725027024745941162109375" lon="-73.59357856214046478271484375">
        <ele>55.59999847412109375</ele>
        <time>2024-05-23T15:57:34.000Z</time>
        <extensions>
          <ns3:TrackPointExtension>
            <ns3:hr>182</ns3:hr>
          </ns3:TrackPointExtension>
        </extensions>
      </trkpt>
      <trkpt lat="45.4656651802361011505126953125" lon="-73.59371493570506572723388671875">
        <ele>55.40000152587890625</ele>
        <time>2024-05-23T15:57:37.000Z</time>
        <extensions>
          <ns3:TrackPointExtension>
            <ns3:hr>179</ns3:hr>
          </ns3:TrackPointExtension>
        </extensions>
      </trkpt>
      <trkpt lat="45.46551003120839595794677734375" lon="-73.59407267533242702484130859375">
        <ele>55.59999847412109375</ele>
        <time>2024-05-23T15:57:45.000Z</time>
        <extensions>
          <ns3:TrackPointExtension>
            <ns3:hr>178</ns3:hr>
          </ns3:TrackPointExtension>
        </extensions>
      </trkpt>
      <trkpt lat="45.465379022061824798583984375" lon="-73.59447601251304149627685546875">
        <ele>55.799999237060546875</ele>
        <time>2024-05-23T15:57:53.000Z</time>
        <extensions>
          <ns3:TrackPointExtension>
            <ns3:hr>176</ns3:hr>
          </ns3:TrackPointExtension>
        </extensions>
      </trkpt>
      <trkpt lat="45.4652377031743526458740234375" lon="-73.59476133249700069427490234375">
        <ele>56.200000762939453125</ele>
        <time>2024-05-23T15:58:00.000Z</time>
        <extensions>
          <ns3:TrackPointExtension>
            <ns3:hr>178</ns3:hr>
          </ns3:TrackPointExtension>
        </extensions>
      </trkpt>
      <trkpt lat="45.465092025697231292724609375" lon="-73.59495931304991245269775390625">
        <ele>56.40000152587890625</ele>
        <time>2024-05-23T15:58:05.000Z</time>
        <extensions>
          <ns3:TrackPointExtension>
            <ns3:hr>178</ns3:hr>
          </ns3:TrackPointExtension>
        </extensions>
      </trkpt>
      <trkpt lat="45.4650053568184375762939453125" lon="-73.59505235217511653900146484375">
        <ele>56.200000762939453125</ele>
        <time>2024-05-23T15:58:07.000Z</time>
        <extensions>
          <ns3:TrackPointExtension>
            <ns3:hr>178</ns3:hr>
          </ns3:TrackPointExtension>
        </extensions>
      </trkpt>
      <trkpt lat="45.46491776593029499053955078125" lon="-73.59518009237945079803466796875">
        <ele>55.799999237060546875</ele>
        <time>2024-05-23T15:58:10.000Z</time>
        <extensions>
          <ns3:TrackPointExtension>
            <ns3:hr>178</ns3:hr>
          </ns3:TrackPointExtension>
        </extensions>
      </trkpt>
      <trkpt lat="45.4648001678287982940673828125" lon="-73.595378659665584564208984375">
        <ele>56.200000762939453125</ele>
        <time>2024-05-23T15:58:16.000Z</time>
        <extensions>
          <ns3:TrackPointExtension>
            <ns3:hr>179</ns3:hr>
          </ns3:TrackPointExtension>
        </extensions>
      </trkpt>
      <trkpt lat="45.4647971503436565399169921875" lon="-73.595416881144046783447265625">
        <ele>56.59999847412109375</ele>
        <time>2024-05-23T15:58:17.000Z</time>
        <extensions>
          <ns3:TrackPointExtension>
            <ns3:hr>179</ns3:hr>
          </ns3:TrackPointExtension>
        </extensions>
      </trkpt>
      <trkpt lat="45.464822463691234588623046875" lon="-73.59548234380781650543212890625">
        <ele>56.799999237060546875</ele>
        <time>2024-05-23T15:58:19.000Z</time>
        <extensions>
          <ns3:TrackPointExtension>
            <ns3:hr>179</ns3:hr>
          </ns3:TrackPointExtension>
        </extensions>
      </trkpt>
      <trkpt lat="45.46485942788422107696533203125" lon="-73.59553531743586063385009765625">
        <ele>56.799999237060546875</ele>
        <time>2024-05-23T15:58:21.000Z</time>
        <extensions>
          <ns3:TrackPointExtension>
            <ns3:hr>180</ns3:hr>
          </ns3:TrackPointExtension>
        </extensions>
      </trkpt>
      <trkpt lat="45.465035699307918548583984375" lon="-73.5957439430058002471923828125">
        <ele>57.200000762939453125</ele>
        <time>2024-05-23T15:58:30.000Z</time>
        <extensions>
          <ns3:TrackPointExtension>
            <ns3:hr>181</ns3:hr>
          </ns3:TrackPointExtension>
        </extensions>
      </trkpt>
      <trkpt lat="45.46505858190357685089111328125" lon="-73.59577260911464691162109375">
        <ele>57.40000152587890625</ele>
        <time>2024-05-23T15:58:31.000Z</time>
        <extensions>
          <ns3:TrackPointExtension>
            <ns3:hr>181</ns3:hr>
          </ns3:TrackPointExtension>
        </extensions>
      </trkpt>
      <trkpt lat="45.465165115892887115478515625" lon="-73.59591434709727764129638671875">
        <ele>57.59999847412109375</ele>
        <time>2024-05-23T15:58:36.000Z</time>
        <extensions>
          <ns3:TrackPointExtension>
            <ns3:hr>184</ns3:hr>
          </ns3:TrackPointExtension>
        </extensions>
      </trkpt>
      <trkpt lat="45.46520258300006389617919921875" lon="-73.5959863476455211639404296875">
        <ele>57.59999847412109375</ele>
        <time>2024-05-23T15:58:38.000Z</time>
        <extensions>
          <ns3:TrackPointExtension>
            <ns3:hr>185</ns3:hr>
          </ns3:TrackPointExtension>
        </extensions>
      </trkpt>
      <trkpt lat="45.4652122221887111663818359375" lon="-73.59602917917072772979736328125">
        <ele>57.40000152587890625</ele>
        <time>2024-05-23T15:58:39.000Z</time>
        <extensions>
          <ns3:TrackPointExtension>
            <ns3:hr>186</ns3:hr>
          </ns3:TrackPointExtension>
        </extensions>
      </trkpt>
      <trkpt lat="45.46518129296600818634033203125" lon="-73.5961727611720561981201171875">
        <ele>57.200000762939453125</ele>
        <time>2024-05-23T15:58:42.000Z</time>
        <extensions>
          <ns3:TrackPointExtension>
            <ns3:hr>187</ns3:hr>
          </ns3:TrackPointExtension>
        </extensions>
      </trkpt>
      <trkpt lat="45.46511004678905010223388671875" lon="-73.5963263176381587982177734375">
        <ele>56.59999847412109375</ele>
        <time>2024-05-23T15:58:45.000Z</time>
        <extensions>
          <ns3:TrackPointExtension>
            <ns3:hr>187</ns3:hr>
          </ns3:TrackPointExtension>
        </extensions>
      </trkpt>
      <trkpt lat="45.4650764353573322296142578125" lon="-73.59637878835201263427734375">
        <ele>56.40000152587890625</ele>
        <time>2024-05-23T15:58:46.000Z</time>
        <extensions>
          <ns3:TrackPointExtension>
            <ns3:hr>186</ns3:hr>
          </ns3:TrackPointExtension>
        </extensions>
      </trkpt>
      <trkpt lat="45.46504165045917034149169921875" lon="-73.59643737785518169403076171875">
        <ele>56.40000152587890625</ele>
        <time>2024-05-23T15:58:47.000Z</time>
        <extensions>
          <ns3:TrackPointExtension>
            <ns3:hr>186</ns3:hr>
          </ns3:TrackPointExtension>
        </extensions>
      </trkpt>
      <trkpt lat="45.46478248201310634613037109375" lon="-73.59680886380374431610107421875">
        <ele>56.799999237060546875</ele>
        <time>2024-05-23T15:58:55.000Z</time>
        <extensions>
          <ns3:TrackPointExtension>
            <ns3:hr>185</ns3:hr>
          </ns3:TrackPointExtension>
        </extensions>
      </trkpt>
      <trkpt lat="45.464692376554012298583984375" lon="-73.59694297425448894500732421875">
        <ele>56.799999237060546875</ele>
        <time>2024-05-23T15:58:58.000Z</time>
        <extensions>
          <ns3:TrackPointExtension>
            <ns3:hr>183</ns3:hr>
          </ns3:TrackPointExtension>
        </extensions>
      </trkpt>
      <trkpt lat="45.46460897661745548248291015625" lon="-73.59706920571625232696533203125">
        <ele>57</ele>
        <time>2024-05-23T15:59:01.000Z</time>
        <extensions>
          <ns3:TrackPointExtension>
            <ns3:hr>181</ns3:hr>
          </ns3:TrackPointExtension>
        </extensions>
      </trkpt>
      <trkpt lat="45.464366488158702850341796875" lon="-73.59742845408618450164794921875">
        <ele>56.40000152587890625</ele>
        <time>2024-05-23T15:59:10.000Z</time>
        <extensions>
          <ns3:TrackPointExtension>
            <ns3:hr>180</ns3:hr>
          </ns3:TrackPointExtension>
        </extensions>
      </trkpt>
      <trkpt lat="45.46410757116973400115966796875" lon="-73.5978372395038604736328125">
        <ele>55.799999237060546875</ele>
        <time>2024-05-23T15:59:20.000Z</time>
        <extensions>
          <ns3:TrackPointExtension>
            <ns3:hr>178</ns3:hr>
          </ns3:TrackPointExtension>
        </extensions>
      </trkpt>
      <trkpt lat="45.46389785595238208770751953125" lon="-73.5981552489101886749267578125">
        <ele>55.40000152587890625</ele>
        <time>2024-05-23T15:59:27.000Z</time>
        <extensions>
          <ns3:TrackPointExtension>
            <ns3:hr>176</ns3:hr>
          </ns3:TrackPointExtension>
        </extensions>
      </trkpt>
      <trkpt lat="45.46379886567592620849609375" lon="-73.598317019641399383544921875">
        <ele>54.799999237060546875</ele>
        <time>2024-05-23T15:59:30.000Z</time>
        <extensions>
          <ns3:TrackPointExtension>
            <ns3:hr>176</ns3:hr>
          </ns3:TrackPointExtension>
        </extensions>
      </trkpt>
      <trkpt lat="45.46377204358577728271484375" lon="-73.598375022411346435546875">
        <ele>54.59999847412109375</ele>
        <time>2024-05-23T15:59:31.000Z</time>
        <extensions>
          <ns3:TrackPointExtension>
            <ns3:hr>176</ns3:hr>
          </ns3:TrackPointExtension>
        </extensions>
      </trkpt>
      <trkpt lat="45.46372242271900177001953125" lon="-73.59854869544506072998046875">
        <ele>54.40000152587890625</ele>
        <time>2024-05-23T15:59:34.000Z</time>
        <extensions>
          <ns3:TrackPointExtension>
            <ns3:hr>175</ns3:hr>
          </ns3:TrackPointExtension>
        </extensions>
      </trkpt>
      <trkpt lat="45.46364220790565013885498046875" lon="-73.598648607730865478515625">
        <ele>54.200000762939453125</ele>
        <time>2024-05-23T15:59:36.000Z</time>
        <extensions>
          <ns3:TrackPointExtension>
            <ns3:hr>175</ns3:hr>
          </ns3:TrackPointExtension>
        </extensions>
      </trkpt>
      <trkpt lat="45.46349552460014820098876953125" lon="-73.5988794453442096710205078125">
        <ele>54.40000152587890625</ele>
        <time>2024-05-23T15:59:41.000Z</time>
        <extensions>
          <ns3:TrackPointExtension>
            <ns3:hr>175</ns3:hr>
          </ns3:TrackPointExtension>
        </extensions>
      </trkpt>
      <trkpt lat="45.4633799381554126739501953125" lon="-73.5991074331104755401611328125">
        <ele>55.40000152587890625</ele>
        <time>2024-05-23T15:59:46.000Z</time>
        <extensions>
          <ns3:TrackPointExtension>
            <ns3:hr>173</ns3:hr>
          </ns3:TrackPointExtension>
        </extensions>
      </trkpt>
      <trkpt lat="45.46329796314239501953125" lon="-73.59927046112716197967529296875">
        <ele>55.799999237060546875</ele>
        <time>2024-05-23T15:59:50.000Z</time>
        <extensions>
          <ns3:TrackPointExtension>
            <ns3:hr>173</ns3:hr>
          </ns3:TrackPointExtension>
        </extensions>
      </trkpt>
      <trkpt lat="45.46310283243656158447265625" lon="-73.599717132747173309326171875">
        <ele>56</ele>
        <time>2024-05-23T16:00:01.000Z</time>
        <extensions>
          <ns3:TrackPointExtension>
            <ns3:hr>173</ns3:hr>
          </ns3:TrackPointExtension>
        </extensions>
      </trkpt>
      <trkpt lat="45.4629430733621120452880859375" lon="-73.60001712106168270111083984375">
        <ele>56</ele>
        <time>2024-05-23T16:00:08.000Z</time>
        <extensions>
          <ns3:TrackPointExtension>
            <ns3:hr>173</ns3:hr>
          </ns3:TrackPointExtension>
        </extensions>
      </trkpt>
      <trkpt lat="45.4627707414329051971435546875" lon="-73.6004686541855335235595703125">
        <ele>56.40000152587890625</ele>
        <time>2024-05-23T16:00:16.000Z</time>
        <extensions>
          <ns3:TrackPointExtension>
            <ns3:hr>175</ns3:hr>
          </ns3:TrackPointExtension>
        </extensions>
      </trkpt>
      <trkpt lat="45.46262615360319614410400390625" lon="-73.60083687119185924530029296875">
        <ele>56.40000152587890625</ele>
        <time>2024-05-23T16:00:23.000Z</time>
        <extensions>
          <ns3:TrackPointExtension>
            <ns3:hr>178</ns3:hr>
          </ns3:TrackPointExtension>
        </extensions>
      </trkpt>
      <trkpt lat="45.46260871924459934234619140625" lon="-73.60088230110704898834228515625">
        <ele>56.40000152587890625</ele>
        <time>2024-05-23T16:00:24.000Z</time>
        <extensions>
          <ns3:TrackPointExtension>
            <ns3:hr>179</ns3:hr>
          </ns3:TrackPointExtension>
        </extensions>
      </trkpt>
      <trkpt lat="45.46257033012807369232177734375" lon="-73.60097969882190227508544921875">
        <ele>56.59999847412109375</ele>
        <time>2024-05-23T16:00:26.000Z</time>
        <extensions>
          <ns3:TrackPointExtension>
            <ns3:hr>180</ns3:hr>
          </ns3:TrackPointExtension>
        </extensions>
      </trkpt>
      <trkpt lat="45.46246052719652652740478515625" lon="-73.60128178261220455169677734375">
        <ele>56.59999847412109375</ele>
        <time>2024-05-23T16:00:32.000Z</time>
        <extensions>
          <ns3:TrackPointExtension>
            <ns3:hr>181</ns3:hr>
          </ns3:TrackPointExtension>
        </extensions>
      </trkpt>
      <trkpt lat="45.46229808591306209564208984375" lon="-73.60170163214206695556640625">
        <ele>56.40000152587890625</ele>
        <time>2024-05-23T16:00:41.000Z</time>
        <extensions>
          <ns3:TrackPointExtension>
            <ns3:hr>179</ns3:hr>
          </ns3:TrackPointExtension>
        </extensions>
      </trkpt>
      <trkpt lat="45.4621132649481296539306640625" lon="-73.60206775367259979248046875">
        <ele>56.59999847412109375</ele>
        <time>2024-05-23T16:00:49.000Z</time>
        <extensions>
          <ns3:TrackPointExtension>
            <ns3:hr>179</ns3:hr>
          </ns3:TrackPointExtension>
        </extensions>
      </trkpt>
      <trkpt lat="45.46193598769605159759521484375" lon="-73.6024628765881061553955078125">
        <ele>56.40000152587890625</ele>
        <time>2024-05-23T16:00:57.000Z</time>
        <extensions>
          <ns3:TrackPointExtension>
            <ns3:hr>178</ns3:hr>
          </ns3:TrackPointExtension>
        </extensions>
      </trkpt>
      <trkpt lat="45.46186926774680614471435546875" lon="-73.60262406058609485626220703125">
        <ele>56.40000152587890625</ele>
        <time>2024-05-23T16:01:00.000Z</time>
        <extensions>
          <ns3:TrackPointExtension>
            <ns3:hr>177</ns3:hr>
          </ns3:TrackPointExtension>
        </extensions>
      </trkpt>
      <trkpt lat="45.461782179772853851318359375" lon="-73.6028273217380046844482421875">
        <ele>56.200000762939453125</ele>
        <time>2024-05-23T16:01:04.000Z</time>
        <extensions>
          <ns3:TrackPointExtension>
            <ns3:hr>177</ns3:hr>
          </ns3:TrackPointExtension>
        </extensions>
      </trkpt>
      <trkpt lat="45.4617635719478130340576171875" lon="-73.602876774966716766357421875">
        <ele>56.200000762939453125</ele>
        <time>2024-05-23T16:01:05.000Z</time>
        <extensions>
          <ns3:TrackPointExtension>
            <ns3:hr>177</ns3:hr>
          </ns3:TrackPointExtension>
        </extensions>
      </trkpt>
      <trkpt lat="45.46168134547770023345947265625" lon="-73.60307785682380199432373046875">
        <ele>56</ele>
        <time>2024-05-23T16:01:09.000Z</time>
        <extensions>
          <ns3:TrackPointExtension>
            <ns3:hr>178</ns3:hr>
          </ns3:TrackPointExtension>
        </extensions>
      </trkpt>
      <trkpt lat="45.4616422019898891448974609375" lon="-73.6031713150441646575927734375">
        <ele>56.200000762939453125</ele>
        <time>2024-05-23T16:01:11.000Z</time>
        <extensions>
          <ns3:TrackPointExtension>
            <ns3:hr>178</ns3:hr>
          </ns3:TrackPointExtension>
        </extensions>
      </trkpt>
      <trkpt lat="45.46154421754181385040283203125" lon="-73.60339888371527194976806640625">
        <ele>56.200000762939453125</ele>
        <time>2024-05-23T16:01:16.000Z</time>
        <extensions>
          <ns3:TrackPointExtension>
            <ns3:hr>177</ns3:hr>
          </ns3:TrackPointExtension>
        </extensions>
      </trkpt>
      <trkpt lat="45.46138286590576171875" lon="-73.60376366414129734039306640625">
        <ele>56.59999847412109375</ele>
        <time>2024-05-23T16:01:24.000Z</time>
        <extensions>
          <ns3:TrackPointExtension>
            <ns3:hr>179</ns3:hr>
          </ns3:TrackPointExtension>
        </extensions>
      </trkpt>
      <trkpt lat="45.461293347179889678955078125" lon="-73.60404177568852901458740234375">
        <ele>56.799999237060546875</ele>
        <time>2024-05-23T16:01:30.000Z</time>
        <extensions>
          <ns3:TrackPointExtension>
            <ns3:hr>182</ns3:hr>
          </ns3:TrackPointExtension>
        </extensions>
      </trkpt>
      <trkpt lat="45.461256802082061767578125" lon="-73.6041322164237499237060546875">
        <ele>56.799999237060546875</ele>
        <time>2024-05-23T16:01:32.000Z</time>
        <extensions>
          <ns3:TrackPointExtension>
            <ns3:hr>182</ns3:hr>
          </ns3:TrackPointExtension>
        </extensions>
      </trkpt>
      <trkpt lat="45.461139120161533355712890625" lon="-73.60449942760169506072998046875">
        <ele>56.59999847412109375</ele>
        <time>2024-05-23T16:01:40.000Z</time>
        <extensions>
          <ns3:TrackPointExtension>
            <ns3:hr>183</ns3:hr>
          </ns3:TrackPointExtension>
        </extensions>
      </trkpt>
      <trkpt lat="45.461078770458698272705078125" lon="-73.60485322773456573486328125">
        <ele>56</ele>
        <time>2024-05-23T16:01:47.000Z</time>
        <extensions>
          <ns3:TrackPointExtension>
            <ns3:hr>185</ns3:hr>
          </ns3:TrackPointExtension>
        </extensions>
      </trkpt>
      <trkpt lat="45.46097609214484691619873046875" lon="-73.60515153966844081878662109375">
        <ele>56</ele>
        <time>2024-05-23T16:01:53.000Z</time>
        <extensions>
          <ns3:TrackPointExtension>
            <ns3:hr>185</ns3:hr>
          </ns3:TrackPointExtension>
        </extensions>
      </trkpt>
      <trkpt lat="45.460898391902446746826171875" lon="-73.6054344289004802703857421875">
        <ele>56.40000152587890625</ele>
        <time>2024-05-23T16:01:59.000Z</time>
        <extensions>
          <ns3:TrackPointExtension>
            <ns3:hr>184</ns3:hr>
          </ns3:TrackPointExtension>
        </extensions>
      </trkpt>
      <trkpt lat="45.46078649349510669708251953125" lon="-73.6056456528604030609130859375">
        <ele>56.799999237060546875</ele>
        <time>2024-05-23T16:02:04.000Z</time>
        <extensions>
          <ns3:TrackPointExtension>
            <ns3:hr>184</ns3:hr>
          </ns3:TrackPointExtension>
        </extensions>
      </trkpt>
      <trkpt lat="45.46067233197391033172607421875" lon="-73.6059638299047946929931640625">
        <ele>56.59999847412109375</ele>
        <time>2024-05-23T16:02:11.000Z</time>
        <extensions>
          <ns3:TrackPointExtension>
            <ns3:hr>184</ns3:hr>
          </ns3:TrackPointExtension>
        </extensions>
      </trkpt>
      <trkpt lat="45.460560433566570281982421875" lon="-73.6063457094132900238037109375">
        <ele>56.40000152587890625</ele>
        <time>2024-05-23T16:02:19.000Z</time>
        <extensions>
          <ns3:TrackPointExtension>
            <ns3:hr>182</ns3:hr>
          </ns3:TrackPointExtension>
        </extensions>
      </trkpt>
      <trkpt lat="45.46047401614487171173095703125" lon="-73.60662859864532947540283203125">
        <ele>56</ele>
        <time>2024-05-23T16:02:25.000Z</time>
        <extensions>
          <ns3:TrackPointExtension>
            <ns3:hr>181</ns3:hr>
          </ns3:TrackPointExtension>
        </extensions>
      </trkpt>
      <trkpt lat="45.460308305919170379638671875" lon="-73.60701550729572772979736328125">
        <ele>55.799999237060546875</ele>
        <time>2024-05-23T16:02:33.000Z</time>
        <extensions>
          <ns3:TrackPointExtension>
            <ns3:hr>179</ns3:hr>
          </ns3:TrackPointExtension>
        </extensions>
      </trkpt>
      <trkpt lat="45.460162125527858734130859375" lon="-73.6074866540729999542236328125">
        <ele>56.40000152587890625</ele>
        <time>2024-05-23T16:02:43.000Z</time>
        <extensions>
          <ns3:TrackPointExtension>
            <ns3:hr>180</ns3:hr>
          </ns3:TrackPointExtension>
        </extensions>
      </trkpt>
      <trkpt lat="45.46007470227777957916259765625" lon="-73.6078987084329128265380859375">
        <ele>56.40000152587890625</ele>
        <time>2024-05-23T16:02:51.000Z</time>
        <extensions>
          <ns3:TrackPointExtension>
            <ns3:hr>179</ns3:hr>
          </ns3:TrackPointExtension>
        </extensions>
      </trkpt>
      <trkpt lat="45.45996456407010555267333984375" lon="-73.60829056240618228912353515625">
        <ele>56.40000152587890625</ele>
        <time>2024-05-23T16:02:59.000Z</time>
        <extensions>
          <ns3:TrackPointExtension>
            <ns3:hr>177</ns3:hr>
          </ns3:TrackPointExtension>
        </extensions>
      </trkpt>
      <trkpt lat="45.459863059222698211669921875" lon="-73.608603291213512420654296875">
        <ele>55.799999237060546875</ele>
        <time>2024-05-23T16:03:06.000Z</time>
        <extensions>
          <ns3:TrackPointExtension>
            <ns3:hr>176</ns3:hr>
          </ns3:TrackPointExtension>
        </extensions>
      </trkpt>
      <trkpt lat="45.459837578237056732177734375" lon="-73.60869012773036956787109375">
        <ele>55.40000152587890625</ele>
        <time>2024-05-23T16:03:08.000Z</time>
        <extensions>
          <ns3:TrackPointExtension>
            <ns3:hr>176</ns3:hr>
          </ns3:TrackPointExtension>
        </extensions>
      </trkpt>
      <trkpt lat="45.459717214107513427734375" lon="-73.60908064059913158416748046875">
        <ele>55</ele>
        <time>2024-05-23T16:03:16.000Z</time>
        <extensions>
          <ns3:TrackPointExtension>
            <ns3:hr>178</ns3:hr>
          </ns3:TrackPointExtension>
        </extensions>
      </trkpt>
      <trkpt lat="45.45961797237396240234375" lon="-73.6093755997717380523681640625">
        <ele>55.799999237060546875</ele>
        <time>2024-05-23T16:03:22.000Z</time>
        <extensions>
          <ns3:TrackPointExtension>
            <ns3:hr>178</ns3:hr>
          </ns3:TrackPointExtension>
        </extensions>
      </trkpt>
      <trkpt lat="45.45954328961670398712158203125" lon="-73.609566874802112579345703125">
        <ele>56</ele>
        <time>2024-05-23T16:03:26.000Z</time>
        <extensions>
          <ns3:TrackPointExtension>
            <ns3:hr>178</ns3:hr>
          </ns3:TrackPointExtension>
        </extensions>
      </trkpt>
      <trkpt lat="45.45941538177430629730224609375" lon="-73.609940707683563232421875">
        <ele>55.59999847412109375</ele>
        <time>2024-05-23T16:03:34.000Z</time>
        <extensions>
          <ns3:TrackPointExtension>
            <ns3:hr>178</ns3:hr>
          </ns3:TrackPointExtension>
        </extensions>
      </trkpt>
      <trkpt lat="45.459283702075481414794921875" lon="-73.610394336283206939697265625">
        <ele>55.799999237060546875</ele>
        <time>2024-05-23T16:03:43.000Z</time>
        <extensions>
          <ns3:TrackPointExtension>
            <ns3:hr>179</ns3:hr>
          </ns3:TrackPointExtension>
        </extensions>
      </trkpt>
      <trkpt lat="45.4591889865696430206298828125" lon="-73.61075341701507568359375">
        <ele>56</ele>
        <time>2024-05-23T16:03:50.000Z</time>
        <extensions>
          <ns3:TrackPointExtension>
            <ns3:hr>176</ns3:hr>
          </ns3:TrackPointExtension>
        </extensions>
      </trkpt>
      <trkpt lat="45.45915839262306690216064453125" lon="-73.61089867539703845977783203125">
        <ele>55.799999237060546875</ele>
        <time>2024-05-23T16:03:53.000Z</time>
        <extensions>
          <ns3:TrackPointExtension>
            <ns3:hr>176</ns3:hr>
          </ns3:TrackPointExtension>
        </extensions>
      </trkpt>
      <trkpt lat="45.4590753279626369476318359375" lon="-73.61120738089084625244140625">
        <ele>55.40000152587890625</ele>
        <time>2024-05-23T16:04:00.000Z</time>
        <extensions>
          <ns3:TrackPointExtension>
            <ns3:hr>175</ns3:hr>
          </ns3:TrackPointExtension>
        </extensions>
      </trkpt>
      <trkpt lat="45.45894163660705089569091796875" lon="-73.61161935143172740936279296875">
        <ele>56</ele>
        <time>2024-05-23T16:04:09.000Z</time>
        <extensions>
          <ns3:TrackPointExtension>
            <ns3:hr>175</ns3:hr>
          </ns3:TrackPointExtension>
        </extensions>
      </trkpt>
      <trkpt lat="45.45883803628385066986083984375" lon="-73.61188656650483608245849609375">
        <ele>56.40000152587890625</ele>
        <time>2024-05-23T16:04:15.000Z</time>
        <extensions>
          <ns3:TrackPointExtension>
            <ns3:hr>175</ns3:hr>
          </ns3:TrackPointExtension>
        </extensions>
      </trkpt>
      <trkpt lat="45.4588200151920318603515625" lon="-73.6119347624480724334716796875">
        <ele>56.40000152587890625</ele>
        <time>2024-05-23T16:04:16.000Z</time>
        <extensions>
          <ns3:TrackPointExtension>
            <ns3:hr>176</ns3:hr>
          </ns3:TrackPointExtension>
        </extensions>
      </trkpt>
      <trkpt lat="45.458676852285861968994140625" lon="-73.6122304759919643402099609375">
        <ele>56.40000152587890625</ele>
        <time>2024-05-23T16:04:23.000Z</time>
        <extensions>
          <ns3:TrackPointExtension>
            <ns3:hr>176</ns3:hr>
          </ns3:TrackPointExtension>
        </extensions>
      </trkpt>
      <trkpt lat="45.45854165218770503997802734375" lon="-73.6125771515071392059326171875">
        <ele>56</ele>
        <time>2024-05-23T16:04:30.000Z</time>
        <extensions>
          <ns3:TrackPointExtension>
            <ns3:hr>177</ns3:hr>
          </ns3:TrackPointExtension>
        </extensions>
      </trkpt>
      <trkpt lat="45.45841156505048274993896484375" lon="-73.61286632716655731201171875">
        <ele>56.40000152587890625</ele>
        <time>2024-05-23T16:04:36.000Z</time>
        <extensions>
          <ns3:TrackPointExtension>
            <ns3:hr>179</ns3:hr>
          </ns3:TrackPointExtension>
        </extensions>
      </trkpt>
      <trkpt lat="45.45830327086150646209716796875" lon="-73.6132017709314823150634765625">
        <ele>56.40000152587890625</ele>
        <time>2024-05-23T16:04:43.000Z</time>
        <extensions>
          <ns3:TrackPointExtension>
            <ns3:hr>179</ns3:hr>
          </ns3:TrackPointExtension>
        </extensions>
      </trkpt>
      <trkpt lat="45.4581791348755359649658203125" lon="-73.61362765543162822723388671875">
        <ele>56</ele>
        <time>2024-05-23T16:04:51.000Z</time>
        <extensions>
          <ns3:TrackPointExtension>
            <ns3:hr>179</ns3:hr>
          </ns3:TrackPointExtension>
        </extensions>
      </trkpt>
      <trkpt lat="45.45800588093698024749755859375" lon="-73.61405697651207447052001953125">
        <ele>55.799999237060546875</ele>
        <time>2024-05-23T16:05:00.000Z</time>
        <extensions>
          <ns3:TrackPointExtension>
            <ns3:hr>177</ns3:hr>
          </ns3:TrackPointExtension>
        </extensions>
      </trkpt>
      <trkpt lat="45.45786875300109386444091796875" lon="-73.61438487656414508819580078125">
        <ele>55.799999237060546875</ele>
        <time>2024-05-23T16:05:07.000Z</time>
        <extensions>
          <ns3:TrackPointExtension>
            <ns3:hr>177</ns3:hr>
          </ns3:TrackPointExtension>
        </extensions>
      </trkpt>
      <trkpt lat="45.45768384821712970733642578125" lon="-73.6148576997220516204833984375">
        <ele>56</ele>
        <time>2024-05-23T16:05:17.000Z</time>
        <extensions>
          <ns3:TrackPointExtension>
            <ns3:hr>175</ns3:hr>
          </ns3:TrackPointExtension>
        </extensions>
      </trkpt>
      <trkpt lat="45.457532890141010284423828125" lon="-73.61535600386559963226318359375">
        <ele>55.59999847412109375</ele>
        <time>2024-05-23T16:05:27.000Z</time>
        <extensions>
          <ns3:TrackPointExtension>
            <ns3:hr>175</ns3:hr>
          </ns3:TrackPointExtension>
        </extensions>
      </trkpt>
      <trkpt lat="45.45742367394268512725830078125" lon="-73.61561718396842479705810546875">
        <ele>55.59999847412109375</ele>
        <time>2024-05-23T16:05:33.000Z</time>
        <extensions>
          <ns3:TrackPointExtension>
            <ns3:hr>173</ns3:hr>
          </ns3:TrackPointExtension>
        </extensions>
      </trkpt>
      <trkpt lat="45.45726559124886989593505859375" lon="-73.6159832216799259185791015625">
        <ele>56</ele>
        <time>2024-05-23T16:05:41.000Z</time>
        <extensions>
          <ns3:TrackPointExtension>
            <ns3:hr>171</ns3:hr>
          </ns3:TrackPointExtension>
        </extensions>
      </trkpt>
      <trkpt lat="45.4571508429944515228271484375" lon="-73.61627281643450260162353515625">
        <ele>55.40000152587890625</ele>
        <time>2024-05-23T16:05:48.000Z</time>
        <extensions>
          <ns3:TrackPointExtension>
            <ns3:hr>169</ns3:hr>
          </ns3:TrackPointExtension>
        </extensions>
      </trkpt>
      <trkpt lat="45.45709543861448764801025390625" lon="-73.6163604073226451873779296875">
        <ele>55.200000762939453125</ele>
        <time>2024-05-23T16:05:50.000Z</time>
        <extensions>
          <ns3:TrackPointExtension>
            <ns3:hr>169</ns3:hr>
          </ns3:TrackPointExtension>
        </extensions>
      </trkpt>
      <trkpt lat="45.45703290961682796478271484375" lon="-73.61644615419209003448486328125">
        <ele>55</ele>
        <time>2024-05-23T16:05:52.000Z</time>
        <extensions>
          <ns3:TrackPointExtension>
            <ns3:hr>169</ns3:hr>
          </ns3:TrackPointExtension>
        </extensions>
      </trkpt>
      <trkpt lat="45.4569473303854465484619140625" lon="-73.6165826953947544097900390625">
        <ele>54.799999237060546875</ele>
        <time>2024-05-23T16:05:55.000Z</time>
        <extensions>
          <ns3:TrackPointExtension>
            <ns3:hr>169</ns3:hr>
          </ns3:TrackPointExtension>
        </extensions>
      </trkpt>
      <trkpt lat="45.4569030739367008209228515625" lon="-73.61667447723448276519775390625">
        <ele>54.59999847412109375</ele>
        <time>2024-05-23T16:05:57.000Z</time>
        <extensions>
          <ns3:TrackPointExtension>
            <ns3:hr>169</ns3:hr>
          </ns3:TrackPointExtension>
        </extensions>
      </trkpt>
      <trkpt lat="45.4568008147180080413818359375" lon="-73.61691000871360301971435546875">
        <ele>54.40000152587890625</ele>
        <time>2024-05-23T16:06:02.000Z</time>
        <extensions>
          <ns3:TrackPointExtension>
            <ns3:hr>169</ns3:hr>
          </ns3:TrackPointExtension>
        </extensions>
      </trkpt>
      <trkpt lat="45.4567180015146732330322265625" lon="-73.6172304488718509674072265625">
        <ele>54.799999237060546875</ele>
        <time>2024-05-23T16:06:09.000Z</time>
        <extensions>
          <ns3:TrackPointExtension>
            <ns3:hr>167</ns3:hr>
          </ns3:TrackPointExtension>
        </extensions>
      </trkpt>
      <trkpt lat="45.4565677978098392486572265625" lon="-73.61766211688518524169921875">
        <ele>55</ele>
        <time>2024-05-23T16:06:18.000Z</time>
        <extensions>
          <ns3:TrackPointExtension>
            <ns3:hr>167</ns3:hr>
          </ns3:TrackPointExtension>
        </extensions>
      </trkpt>
      <trkpt lat="45.456435196101665496826171875" lon="-73.61782950349152088165283203125">
        <ele>55.40000152587890625</ele>
        <time>2024-05-23T16:06:22.000Z</time>
        <extensions>
          <ns3:TrackPointExtension>
            <ns3:hr>170</ns3:hr>
          </ns3:TrackPointExtension>
        </extensions>
      </trkpt>
      <trkpt lat="45.4564082063734531402587890625" lon="-73.61786873079836368560791015625">
        <ele>55.59999847412109375</ele>
        <time>2024-05-23T16:06:23.000Z</time>
        <extensions>
          <ns3:TrackPointExtension>
            <ns3:hr>170</ns3:hr>
          </ns3:TrackPointExtension>
        </extensions>
      </trkpt>
      <trkpt lat="45.45630209147930145263671875" lon="-73.618109710514545440673828125">
        <ele>55.799999237060546875</ele>
        <time>2024-05-23T16:06:28.000Z</time>
        <extensions>
          <ns3:TrackPointExtension>
            <ns3:hr>171</ns3:hr>
          </ns3:TrackPointExtension>
        </extensions>
      </trkpt>
      <trkpt lat="45.4561590962111949920654296875" lon="-73.61827860586345195770263671875">
        <ele>56</ele>
        <time>2024-05-23T16:06:33.000Z</time>
        <extensions>
          <ns3:TrackPointExtension>
            <ns3:hr>173</ns3:hr>
          </ns3:TrackPointExtension>
        </extensions>
      </trkpt>
      <trkpt lat="45.456022806465625762939453125" lon="-73.6184397898614406585693359375">
        <ele>56.200000762939453125</ele>
        <time>2024-05-23T16:06:38.000Z</time>
        <extensions>
          <ns3:TrackPointExtension>
            <ns3:hr>176</ns3:hr>
          </ns3:TrackPointExtension>
        </extensions>
      </trkpt>
      <trkpt lat="45.4559696651995182037353515625" lon="-73.618529476225376129150390625">
        <ele>56.200000762939453125</ele>
        <time>2024-05-23T16:06:40.000Z</time>
        <extensions>
          <ns3:TrackPointExtension>
            <ns3:hr>176</ns3:hr>
          </ns3:TrackPointExtension>
        </extensions>
      </trkpt>
      <trkpt lat="45.4558073915541172027587890625" lon="-73.61886533908545970916748046875">
        <ele>56.200000762939453125</ele>
        <time>2024-05-23T16:06:47.000Z</time>
        <extensions>
          <ns3:TrackPointExtension>
            <ns3:hr>175</ns3:hr>
          </ns3:TrackPointExtension>
        </extensions>
      </trkpt>
      <trkpt lat="45.45561552979052066802978515625" lon="-73.61933656968176364898681640625">
        <ele>56</ele>
        <time>2024-05-23T16:06:57.000Z</time>
        <extensions>
          <ns3:TrackPointExtension>
            <ns3:hr>175</ns3:hr>
          </ns3:TrackPointExtension>
        </extensions>
      </trkpt>
      <trkpt lat="45.4554121010005474090576171875" lon="-73.61985021270811557769775390625">
        <ele>56</ele>
        <time>2024-05-23T16:07:08.000Z</time>
        <extensions>
          <ns3:TrackPointExtension>
            <ns3:hr>175</ns3:hr>
          </ns3:TrackPointExtension>
        </extensions>
      </trkpt>
      <trkpt lat="45.45525812543928623199462890625" lon="-73.6201988160610198974609375">
        <ele>56.200000762939453125</ele>
        <time>2024-05-23T16:07:16.000Z</time>
        <extensions>
          <ns3:TrackPointExtension>
            <ns3:hr>173</ns3:hr>
          </ns3:TrackPointExtension>
        </extensions>
      </trkpt>
      <trkpt lat="45.45509509742259979248046875" lon="-73.62052512355148792266845703125">
        <ele>55.799999237060546875</ele>
        <time>2024-05-23T16:07:24.000Z</time>
        <extensions>
          <ns3:TrackPointExtension>
            <ns3:hr>173</ns3:hr>
          </ns3:TrackPointExtension>
        </extensions>
      </trkpt>
      <trkpt lat="45.454864092171192169189453125" lon="-73.62098537385463714599609375">
        <ele>56.40000152587890625</ele>
        <time>2024-05-23T16:07:35.000Z</time>
        <extensions>
          <ns3:TrackPointExtension>
            <ns3:hr>172</ns3:hr>
          </ns3:TrackPointExtension>
        </extensions>
      </trkpt>
      <trkpt lat="45.45484171248972415924072265625" lon="-73.621025271713733673095703125">
        <ele>56.40000152587890625</ele>
        <time>2024-05-23T16:07:36.000Z</time>
        <extensions>
          <ns3:TrackPointExtension>
            <ns3:hr>173</ns3:hr>
          </ns3:TrackPointExtension>
        </extensions>
      </trkpt>
      <trkpt lat="45.45473274774849414825439453125" lon="-73.62122409045696258544921875">
        <ele>56.799999237060546875</ele>
        <time>2024-05-23T16:07:41.000Z</time>
        <extensions>
          <ns3:TrackPointExtension>
            <ns3:hr>176</ns3:hr>
          </ns3:TrackPointExtension>
        </extensions>
      </trkpt>
      <trkpt lat="45.45471078716218471527099609375" lon="-73.6212638206779956817626953125">
        <ele>56.799999237060546875</ele>
        <time>2024-05-23T16:07:42.000Z</time>
        <extensions>
          <ns3:TrackPointExtension>
            <ns3:hr>176</ns3:hr>
          </ns3:TrackPointExtension>
        </extensions>
      </trkpt>
      <trkpt lat="45.4545273073017597198486328125" lon="-73.6215887032449245452880859375">
        <ele>56.40000152587890625</ele>
        <time>2024-05-23T16:07:50.000Z</time>
        <extensions>
          <ns3:TrackPointExtension>
            <ns3:hr>176</ns3:hr>
          </ns3:TrackPointExtension>
        </extensions>
      </trkpt>
      <trkpt lat="45.454380623996257781982421875" lon="-73.621870838105678558349609375">
        <ele>56.200000762939453125</ele>
        <time>2024-05-23T16:07:57.000Z</time>
        <extensions>
          <ns3:TrackPointExtension>
            <ns3:hr>176</ns3:hr>
          </ns3:TrackPointExtension>
        </extensions>
      </trkpt>
      <trkpt lat="45.45423838309943675994873046875" lon="-73.62209874205291271209716796875">
        <ele>55.799999237060546875</ele>
        <time>2024-05-23T16:08:03.000Z</time>
        <extensions>
          <ns3:TrackPointExtension>
            <ns3:hr>176</ns3:hr>
          </ns3:TrackPointExtension>
        </extensions>
      </trkpt>
      <trkpt lat="45.45398332178592681884765625" lon="-73.62248330377042293548583984375">
        <ele>55.59999847412109375</ele>
        <time>2024-05-23T16:08:13.000Z</time>
        <extensions>
          <ns3:TrackPointExtension>
            <ns3:hr>177</ns3:hr>
          </ns3:TrackPointExtension>
        </extensions>
      </trkpt>
      <trkpt lat="45.4537367261946201324462890625" lon="-73.62284573726356029510498046875">
        <ele>56</ele>
        <time>2024-05-23T16:08:22.000Z</time>
        <extensions>
          <ns3:TrackPointExtension>
            <ns3:hr>176</ns3:hr>
          </ns3:TrackPointExtension>
        </extensions>
      </trkpt>
      <trkpt lat="45.45356749556958675384521484375" lon="-73.62306140363216400146484375">
        <ele>56</ele>
        <time>2024-05-23T16:08:28.000Z</time>
        <extensions>
          <ns3:TrackPointExtension>
            <ns3:hr>173</ns3:hr>
          </ns3:TrackPointExtension>
        </extensions>
      </trkpt>
      <trkpt lat="45.4535387456417083740234375" lon="-73.62309065647423267364501953125">
        <ele>56.200000762939453125</ele>
        <time>2024-05-23T16:08:29.000Z</time>
        <extensions>
          <ns3:TrackPointExtension>
            <ns3:hr>173</ns3:hr>
          </ns3:TrackPointExtension>
        </extensions>
      </trkpt>
      <trkpt lat="45.45337554998695850372314453125" lon="-73.6233314685523509979248046875">
        <ele>56.40000152587890625</ele>
        <time>2024-05-23T16:08:35.000Z</time>
        <extensions>
          <ns3:TrackPointExtension>
            <ns3:hr>173</ns3:hr>
          </ns3:TrackPointExtension>
        </extensions>
      </trkpt>
      <trkpt lat="45.453164912760257720947265625" lon="-73.62367370165884494781494140625">
        <ele>56.200000762939453125</ele>
        <time>2024-05-23T16:08:43.000Z</time>
        <extensions>
          <ns3:TrackPointExtension>
            <ns3:hr>176</ns3:hr>
          </ns3:TrackPointExtension>
        </extensions>
      </trkpt>
      <trkpt lat="45.45313565991818904876708984375" lon="-73.6237153597176074981689453125">
        <ele>56.40000152587890625</ele>
        <time>2024-05-23T16:08:44.000Z</time>
        <extensions>
          <ns3:TrackPointExtension>
            <ns3:hr>176</ns3:hr>
          </ns3:TrackPointExtension>
        </extensions>
      </trkpt>
      <trkpt lat="45.45307665131986141204833984375" lon="-73.62380211241543292999267578125">
        <ele>56.40000152587890625</ele>
        <time>2024-05-23T16:08:46.000Z</time>
        <extensions>
          <ns3:TrackPointExtension>
            <ns3:hr>177</ns3:hr>
          </ns3:TrackPointExtension>
        </extensions>
      </trkpt>
      <trkpt lat="45.45294438488781452178955078125" lon="-73.6240181140601634979248046875">
        <ele>56.200000762939453125</ele>
        <time>2024-05-23T16:08:51.000Z</time>
        <extensions>
          <ns3:TrackPointExtension>
            <ns3:hr>177</ns3:hr>
          </ns3:TrackPointExtension>
        </extensions>
      </trkpt>
      <trkpt lat="45.45269678346812725067138671875" lon="-73.62436856143176555633544921875">
        <ele>56</ele>
        <time>2024-05-23T16:09:00.000Z</time>
        <extensions>
          <ns3:TrackPointExtension>
            <ns3:hr>176</ns3:hr>
          </ns3:TrackPointExtension>
        </extensions>
      </trkpt>
      <trkpt lat="45.45252311043441295623779296875" lon="-73.624562434852123260498046875">
        <ele>56</ele>
        <time>2024-05-23T16:09:06.000Z</time>
        <extensions>
          <ns3:TrackPointExtension>
            <ns3:hr>174</ns3:hr>
          </ns3:TrackPointExtension>
        </extensions>
      </trkpt>
      <trkpt lat="45.45232831500470638275146484375" lon="-73.6248335056006908416748046875">
        <ele>55.799999237060546875</ele>
        <time>2024-05-23T16:09:13.000Z</time>
        <extensions>
          <ns3:TrackPointExtension>
            <ns3:hr>173</ns3:hr>
          </ns3:TrackPointExtension>
        </extensions>
      </trkpt>
      <trkpt lat="45.4521171748638153076171875" lon="-73.62512729130685329437255859375">
        <ele>56</ele>
        <time>2024-05-23T16:09:21.000Z</time>
        <extensions>
          <ns3:TrackPointExtension>
            <ns3:hr>172</ns3:hr>
          </ns3:TrackPointExtension>
        </extensions>
      </trkpt>
      <trkpt lat="45.45186865143477916717529296875" lon="-73.62542870454490184783935546875">
        <ele>56</ele>
        <time>2024-05-23T16:09:29.000Z</time>
        <extensions>
          <ns3:TrackPointExtension>
            <ns3:hr>172</ns3:hr>
          </ns3:TrackPointExtension>
        </extensions>
      </trkpt>
      <trkpt lat="45.45175868086516857147216796875" lon="-73.6256334744393825531005859375">
        <ele>55.59999847412109375</ele>
        <time>2024-05-23T16:09:34.000Z</time>
        <extensions>
          <ns3:TrackPointExtension>
            <ns3:hr>171</ns3:hr>
          </ns3:TrackPointExtension>
        </extensions>
      </trkpt>
      <trkpt lat="45.45162691734731197357177734375" lon="-73.6259067244827747344970703125">
        <ele>55.40000152587890625</ele>
        <time>2024-05-23T16:09:40.000Z</time>
        <extensions>
          <ns3:TrackPointExtension>
            <ns3:hr>172</ns3:hr>
          </ns3:TrackPointExtension>
        </extensions>
      </trkpt>
      <trkpt lat="45.45160193927586078643798828125" lon="-73.62594368867576122283935546875">
        <ele>55.40000152587890625</ele>
        <time>2024-05-23T16:09:41.000Z</time>
        <extensions>
          <ns3:TrackPointExtension>
            <ns3:hr>172</ns3:hr>
          </ns3:TrackPointExtension>
        </extensions>
      </trkpt>
      <trkpt lat="45.45140303671360015869140625" lon="-73.6262704990804195404052734375">
        <ele>55.59999847412109375</ele>
        <time>2024-05-23T16:09:49.000Z</time>
        <extensions>
          <ns3:TrackPointExtension>
            <ns3:hr>172</ns3:hr>
          </ns3:TrackPointExtension>
        </extensions>
      </trkpt>
      <trkpt lat="45.45114261098206043243408203125" lon="-73.62666570581495761871337890625">
        <ele>55.799999237060546875</ele>
        <time>2024-05-23T16:09:59.000Z</time>
        <extensions>
          <ns3:TrackPointExtension>
            <ns3:hr>172</ns3:hr>
          </ns3:TrackPointExtension>
        </extensions>
      </trkpt>
      <trkpt lat="45.4509535990655422210693359375" lon="-73.6268837191164493560791015625">
        <ele>55.799999237060546875</ele>
        <time>2024-05-23T16:10:05.000Z</time>
        <extensions>
          <ns3:TrackPointExtension>
            <ns3:hr>171</ns3:hr>
          </ns3:TrackPointExtension>
        </extensions>
      </trkpt>
      <trkpt lat="45.45075620524585247039794921875" lon="-73.62712520174682140350341796875">
        <ele>55.59999847412109375</ele>
        <time>2024-05-23T16:10:12.000Z</time>
        <extensions>
          <ns3:TrackPointExtension>
            <ns3:hr>172</ns3:hr>
          </ns3:TrackPointExtension>
        </extensions>
      </trkpt>
      <trkpt lat="45.45052461326122283935546875" lon="-73.62738604657351970672607421875">
        <ele>55.799999237060546875</ele>
        <time>2024-05-23T16:10:20.000Z</time>
        <extensions>
          <ns3:TrackPointExtension>
            <ns3:hr>172</ns3:hr>
          </ns3:TrackPointExtension>
        </extensions>
      </trkpt>
      <trkpt lat="45.45040466822683811187744140625" lon="-73.62751965411007404327392578125">
        <ele>55.59999847412109375</ele>
        <time>2024-05-23T16:10:24.000Z</time>
        <extensions>
          <ns3:TrackPointExtension>
            <ns3:hr>172</ns3:hr>
          </ns3:TrackPointExtension>
        </extensions>
      </trkpt>
      <trkpt lat="45.450167544186115264892578125" lon="-73.6277517490088939666748046875">
        <ele>55.200000762939453125</ele>
        <time>2024-05-23T16:10:31.000Z</time>
        <extensions>
          <ns3:TrackPointExtension>
            <ns3:hr>173</ns3:hr>
          </ns3:TrackPointExtension>
        </extensions>
      </trkpt>
      <trkpt lat="45.44981340877711772918701171875" lon="-73.6280598677694797515869140625">
        <ele>55.200000762939453125</ele>
        <time>2024-05-23T16:10:41.000Z</time>
        <extensions>
          <ns3:TrackPointExtension>
            <ns3:hr>172</ns3:hr>
          </ns3:TrackPointExtension>
        </extensions>
      </trkpt>
      <trkpt lat="45.4494698345661163330078125" lon="-73.6283482052385807037353515625">
        <ele>55.59999847412109375</ele>
        <time>2024-05-23T16:10:51.000Z</time>
        <extensions>
          <ns3:TrackPointExtension>
            <ns3:hr>172</ns3:hr>
          </ns3:TrackPointExtension>
        </extensions>
      </trkpt>
      <trkpt lat="45.44923891313374042510986328125" lon="-73.62860393710434436798095703125">
        <ele>55.59999847412109375</ele>
        <time>2024-05-23T16:10:59.000Z</time>
        <extensions>
          <ns3:TrackPointExtension>
            <ns3:hr>172</ns3:hr>
          </ns3:TrackPointExtension>
        </extensions>
      </trkpt>
      <trkpt lat="45.4490760527551174163818359375" lon="-73.62882136367261409759521484375">
        <ele>56</ele>
        <time>2024-05-23T16:11:05.000Z</time>
        <extensions>
          <ns3:TrackPointExtension>
            <ns3:hr>174</ns3:hr>
          </ns3:TrackPointExtension>
        </extensions>
      </trkpt>
      <trkpt lat="45.44885284267365932464599609375" lon="-73.62906008027493953704833984375">
        <ele>56</ele>
        <time>2024-05-23T16:11:12.000Z</time>
        <extensions>
          <ns3:TrackPointExtension>
            <ns3:hr>175</ns3:hr>
          </ns3:TrackPointExtension>
        </extensions>
      </trkpt>
      <trkpt lat="45.44866609387099742889404296875" lon="-73.6292011477053165435791015625">
        <ele>55.799999237060546875</ele>
        <time>2024-05-23T16:11:17.000Z</time>
        <extensions>
          <ns3:TrackPointExtension>
            <ns3:hr>176</ns3:hr>
          </ns3:TrackPointExtension>
        </extensions>
      </trkpt>
      <trkpt lat="45.44855310581624507904052734375" lon="-73.62928538583219051361083984375">
        <ele>55.799999237060546875</ele>
        <time>2024-05-23T16:11:20.000Z</time>
        <extensions>
          <ns3:TrackPointExtension>
            <ns3:hr>176</ns3:hr>
          </ns3:TrackPointExtension>
        </extensions>
      </trkpt>
      <trkpt lat="45.4484075121581554412841796875" lon="-73.62939166836440563201904296875">
        <ele>55.799999237060546875</ele>
        <time>2024-05-23T16:11:24.000Z</time>
        <extensions>
          <ns3:TrackPointExtension>
            <ns3:hr>176</ns3:hr>
          </ns3:TrackPointExtension>
        </extensions>
      </trkpt>
      <trkpt lat="45.4483169876039028167724609375" lon="-73.62951287068426609039306640625">
        <ele>55.59999847412109375</ele>
        <time>2024-05-23T16:11:27.000Z</time>
        <extensions>
          <ns3:TrackPointExtension>
            <ns3:hr>176</ns3:hr>
          </ns3:TrackPointExtension>
        </extensions>
      </trkpt>
      <trkpt lat="45.448111630976200103759765625" lon="-73.62978377379477024078369140625">
        <ele>55.799999237060546875</ele>
        <time>2024-05-23T16:11:34.000Z</time>
        <extensions>
          <ns3:TrackPointExtension>
            <ns3:hr>173</ns3:hr>
          </ns3:TrackPointExtension>
        </extensions>
      </trkpt>
      <trkpt lat="45.4478459246456623077392578125" lon="-73.63015442155301570892333984375">
        <ele>55.59999847412109375</ele>
        <time>2024-05-23T16:11:43.000Z</time>
        <extensions>
          <ns3:TrackPointExtension>
            <ns3:hr>176</ns3:hr>
          </ns3:TrackPointExtension>
        </extensions>
      </trkpt>
      <trkpt lat="45.44773042201995849609375" lon="-73.63031677901744842529296875">
        <ele>55.59999847412109375</ele>
        <time>2024-05-23T16:11:47.000Z</time>
        <extensions>
          <ns3:TrackPointExtension>
            <ns3:hr>177</ns3:hr>
          </ns3:TrackPointExtension>
        </extensions>
      </trkpt>
      <trkpt lat="45.44761483557522296905517578125" lon="-73.63049221225082874298095703125">
        <ele>55.799999237060546875</ele>
        <time>2024-05-23T16:11:51.000Z</time>
        <extensions>
          <ns3:TrackPointExtension>
            <ns3:hr>177</ns3:hr>
          </ns3:TrackPointExtension>
        </extensions>
      </trkpt>
      <trkpt lat="45.4473648034036159515380859375" lon="-73.63085716031491756439208984375">
        <ele>55.799999237060546875</ele>
        <time>2024-05-23T16:12:00.000Z</time>
        <extensions>
          <ns3:TrackPointExtension>
            <ns3:hr>175</ns3:hr>
          </ns3:TrackPointExtension>
        </extensions>
      </trkpt>
      <trkpt lat="45.4471840895712375640869140625" lon="-73.6311755888164043426513671875">
        <ele>56</ele>
        <time>2024-05-23T16:12:07.000Z</time>
        <extensions>
          <ns3:TrackPointExtension>
            <ns3:hr>173</ns3:hr>
          </ns3:TrackPointExtension>
        </extensions>
      </trkpt>
      <trkpt lat="45.4470680840313434600830078125" lon="-73.6313975416123867034912109375">
        <ele>55.799999237060546875</ele>
        <time>2024-05-23T16:12:12.000Z</time>
        <extensions>
          <ns3:TrackPointExtension>
            <ns3:hr>173</ns3:hr>
          </ns3:TrackPointExtension>
        </extensions>
      </trkpt>
      <trkpt lat="45.44688007794320583343505859375" lon="-73.63182845525443553924560546875">
        <ele>55.799999237060546875</ele>
        <time>2024-05-23T16:12:21.000Z</time>
        <extensions>
          <ns3:TrackPointExtension>
            <ns3:hr>175</ns3:hr>
          </ns3:TrackPointExtension>
        </extensions>
      </trkpt>
      <trkpt lat="45.44674848206341266632080078125" lon="-73.63215853460133075714111328125">
        <ele>55.200000762939453125</ele>
        <time>2024-05-23T16:12:28.000Z</time>
        <extensions>
          <ns3:TrackPointExtension>
            <ns3:hr>175</ns3:hr>
          </ns3:TrackPointExtension>
        </extensions>
      </trkpt>
      <trkpt lat="45.446612276136875152587890625" lon="-73.6324855126440525054931640625">
        <ele>54.59999847412109375</ele>
        <time>2024-05-23T16:12:35.000Z</time>
        <extensions>
          <ns3:TrackPointExtension>
            <ns3:hr>175</ns3:hr>
          </ns3:TrackPointExtension>
        </extensions>
      </trkpt>
      <trkpt lat="45.4464568756520748138427734375" lon="-73.63282254897058010101318359375">
        <ele>55.59999847412109375</ele>
        <time>2024-05-23T16:12:42.000Z</time>
        <extensions>
          <ns3:TrackPointExtension>
            <ns3:hr>176</ns3:hr>
          </ns3:TrackPointExtension>
        </extensions>
      </trkpt>
      <trkpt lat="45.446281693875789642333984375" lon="-73.6332432366907596588134765625">
        <ele>56</ele>
        <time>2024-05-23T16:12:51.000Z</time>
        <extensions>
          <ns3:TrackPointExtension>
            <ns3:hr>176</ns3:hr>
          </ns3:TrackPointExtension>
        </extensions>
      </trkpt>
      <trkpt lat="45.4461306519806385040283203125" lon="-73.633650429546833038330078125">
        <ele>55.59999847412109375</ele>
        <time>2024-05-23T16:13:00.000Z</time>
        <extensions>
          <ns3:TrackPointExtension>
            <ns3:hr>179</ns3:hr>
          </ns3:TrackPointExtension>
        </extensions>
      </trkpt>
      <trkpt lat="45.44592286460101604461669921875" lon="-73.63417237065732479095458984375">
        <ele>56</ele>
        <time>2024-05-23T16:13:11.000Z</time>
        <extensions>
          <ns3:TrackPointExtension>
            <ns3:hr>181</ns3:hr>
          </ns3:TrackPointExtension>
        </extensions>
      </trkpt>
      <trkpt lat="45.44576025567948818206787109375" lon="-73.6346478760242462158203125">
        <ele>55.799999237060546875</ele>
        <time>2024-05-23T16:13:21.000Z</time>
        <extensions>
          <ns3:TrackPointExtension>
            <ns3:hr>181</ns3:hr>
          </ns3:TrackPointExtension>
        </extensions>
      </trkpt>
      <trkpt lat="45.4456438310444355010986328125" lon="-73.63493847660720348358154296875">
        <ele>56</ele>
        <time>2024-05-23T16:13:27.000Z</time>
        <extensions>
          <ns3:TrackPointExtension>
            <ns3:hr>178</ns3:hr>
          </ns3:TrackPointExtension>
        </extensions>
      </trkpt>
      <trkpt lat="45.4456237144768238067626953125" lon="-73.6349863372743129730224609375">
        <ele>56</ele>
        <time>2024-05-23T16:13:28.000Z</time>
        <extensions>
          <ns3:TrackPointExtension>
            <ns3:hr>178</ns3:hr>
          </ns3:TrackPointExtension>
        </extensions>
      </trkpt>
      <trkpt lat="45.44546990655362606048583984375" lon="-73.63531918264925479888916015625">
        <ele>56</ele>
        <time>2024-05-23T16:13:35.000Z</time>
        <extensions>
          <ns3:TrackPointExtension>
            <ns3:hr>176</ns3:hr>
          </ns3:TrackPointExtension>
        </extensions>
      </trkpt>
      <trkpt lat="45.44531702063977718353271484375" lon="-73.63562596030533313751220703125">
        <ele>55.799999237060546875</ele>
        <time>2024-05-23T16:13:42.000Z</time>
        <extensions>
          <ns3:TrackPointExtension>
            <ns3:hr>176</ns3:hr>
          </ns3:TrackPointExtension>
        </extensions>
      </trkpt>
      <trkpt lat="45.44523856602609157562255859375" lon="-73.63585445098578929901123046875">
        <ele>56</ele>
        <time>2024-05-23T16:13:46.000Z</time>
        <extensions>
          <ns3:TrackPointExtension>
            <ns3:hr>174</ns3:hr>
          </ns3:TrackPointExtension>
        </extensions>
      </trkpt>
      <trkpt lat="45.445209480822086334228515625" lon="-73.63596375100314617156982421875">
        <ele>56</ele>
        <time>2024-05-23T16:13:48.000Z</time>
        <extensions>
          <ns3:TrackPointExtension>
            <ns3:hr>173</ns3:hr>
          </ns3:TrackPointExtension>
        </extensions>
      </trkpt>
      <trkpt lat="45.44503522105515003204345703125" lon="-73.6364625580608844757080078125">
        <ele>56</ele>
        <time>2024-05-23T16:13:58.000Z</time>
        <extensions>
          <ns3:TrackPointExtension>
            <ns3:hr>172</ns3:hr>
          </ns3:TrackPointExtension>
        </extensions>
      </trkpt>
      <trkpt lat="45.44490328989923000335693359375" lon="-73.6368518136441707611083984375">
        <ele>56</ele>
        <time>2024-05-23T16:14:06.000Z</time>
        <extensions>
          <ns3:TrackPointExtension>
            <ns3:hr>172</ns3:hr>
          </ns3:TrackPointExtension>
        </extensions>
      </trkpt>
      <trkpt lat="45.44480170123279094696044921875" lon="-73.63709681667387485504150390625">
        <ele>55.799999237060546875</ele>
        <time>2024-05-23T16:14:11.000Z</time>
        <extensions>
          <ns3:TrackPointExtension>
            <ns3:hr>172</ns3:hr>
          </ns3:TrackPointExtension>
        </extensions>
      </trkpt>
      <trkpt lat="45.44464848004281520843505859375" lon="-73.6375280655920505523681640625">
        <ele>55.799999237060546875</ele>
        <time>2024-05-23T16:14:19.000Z</time>
        <extensions>
          <ns3:TrackPointExtension>
            <ns3:hr>172</ns3:hr>
          </ns3:TrackPointExtension>
        </extensions>
      </trkpt>
      <trkpt lat="45.444486625492572784423828125" lon="-73.63800658844411373138427734375">
        <ele>56</ele>
        <time>2024-05-23T16:14:28.000Z</time>
        <extensions>
          <ns3:TrackPointExtension>
            <ns3:hr>172</ns3:hr>
          </ns3:TrackPointExtension>
        </extensions>
      </trkpt>
      <trkpt lat="45.44446893967688083648681640625" lon="-73.63806174136698246002197265625">
        <ele>56</ele>
        <time>2024-05-23T16:14:29.000Z</time>
        <extensions>
          <ns3:TrackPointExtension>
            <ns3:hr>172</ns3:hr>
          </ns3:TrackPointExtension>
        </extensions>
      </trkpt>
      <trkpt lat="45.444386042654514312744140625" lon="-73.6382633261382579803466796875">
        <ele>56.200000762939453125</ele>
        <time>2024-05-23T16:14:33.000Z</time>
        <extensions>
          <ns3:TrackPointExtension>
            <ns3:hr>172</ns3:hr>
          </ns3:TrackPointExtension>
        </extensions>
      </trkpt>
      <trkpt lat="45.44425922445952892303466796875" lon="-73.63861075602471828460693359375">
        <ele>55.799999237060546875</ele>
        <time>2024-05-23T16:14:40.000Z</time>
        <extensions>
          <ns3:TrackPointExtension>
            <ns3:hr>175</ns3:hr>
          </ns3:TrackPointExtension>
        </extensions>
      </trkpt>
      <trkpt lat="45.44421513564884662628173828125" lon="-73.63870178349316120147705078125">
        <ele>55.799999237060546875</ele>
        <time>2024-05-23T16:14:42.000Z</time>
        <extensions>
          <ns3:TrackPointExtension>
            <ns3:hr>175</ns3:hr>
          </ns3:TrackPointExtension>
        </extensions>
      </trkpt>
      <trkpt lat="45.4441169835627079010009765625" lon="-73.6389422602951526641845703125">
        <ele>56.200000762939453125</ele>
        <time>2024-05-23T16:14:47.000Z</time>
        <extensions>
          <ns3:TrackPointExtension>
            <ns3:hr>176</ns3:hr>
          </ns3:TrackPointExtension>
        </extensions>
      </trkpt>
      <trkpt lat="45.4439409635961055755615234375" lon="-73.6394066177308559417724609375">
        <ele>55.59999847412109375</ele>
        <time>2024-05-23T16:14:56.000Z</time>
        <extensions>
          <ns3:TrackPointExtension>
            <ns3:hr>175</ns3:hr>
          </ns3:TrackPointExtension>
        </extensions>
      </trkpt>
      <trkpt lat="45.443775169551372528076171875" lon="-73.63979243673384189605712890625">
        <ele>56</ele>
        <time>2024-05-23T16:15:04.000Z</time>
        <extensions>
          <ns3:TrackPointExtension>
            <ns3:hr>175</ns3:hr>
          </ns3:TrackPointExtension>
        </extensions>
      </trkpt>
      <trkpt lat="45.4436284862458705902099609375" lon="-73.64012821577489376068115234375">
        <ele>56.200000762939453125</ele>
        <time>2024-05-23T16:15:11.000Z</time>
        <extensions>
          <ns3:TrackPointExtension>
            <ns3:hr>175</ns3:hr>
          </ns3:TrackPointExtension>
        </extensions>
      </trkpt>
      <trkpt lat="45.44346948154270648956298828125" lon="-73.640565164387226104736328125">
        <ele>56.200000762939453125</ele>
        <time>2024-05-23T16:15:20.000Z</time>
        <extensions>
          <ns3:TrackPointExtension>
            <ns3:hr>176</ns3:hr>
          </ns3:TrackPointExtension>
        </extensions>
      </trkpt>
      <trkpt lat="45.44340577907860279083251953125" lon="-73.640696592628955841064453125">
        <ele>56.40000152587890625</ele>
        <time>2024-05-23T16:15:23.000Z</time>
        <extensions>
          <ns3:TrackPointExtension>
            <ns3:hr>176</ns3:hr>
          </ns3:TrackPointExtension>
        </extensions>
      </trkpt>
      <trkpt lat="45.443336963653564453125" lon="-73.64087185822427272796630859375">
        <ele>56.40000152587890625</ele>
        <time>2024-05-23T16:15:27.000Z</time>
        <extensions>
          <ns3:TrackPointExtension>
            <ns3:hr>177</ns3:hr>
          </ns3:TrackPointExtension>
        </extensions>
      </trkpt>
      <trkpt lat="45.44321400113403797149658203125" lon="-73.641164638102054595947265625">
        <ele>56.200000762939453125</ele>
        <time>2024-05-23T16:15:34.000Z</time>
        <extensions>
          <ns3:TrackPointExtension>
            <ns3:hr>176</ns3:hr>
          </ns3:TrackPointExtension>
        </extensions>
      </trkpt>
      <trkpt lat="45.44307938776910305023193359375" lon="-73.6415205337107181549072265625">
        <ele>56</ele>
        <time>2024-05-23T16:15:42.000Z</time>
        <extensions>
          <ns3:TrackPointExtension>
            <ns3:hr>177</ns3:hr>
          </ns3:TrackPointExtension>
        </extensions>
      </trkpt>
      <trkpt lat="45.44292717240750789642333984375" lon="-73.64186461083590984344482421875">
        <ele>56</ele>
        <time>2024-05-23T16:15:50.000Z</time>
        <extensions>
          <ns3:TrackPointExtension>
            <ns3:hr>179</ns3:hr>
          </ns3:TrackPointExtension>
        </extensions>
      </trkpt>
      <trkpt lat="45.4427701793611049652099609375" lon="-73.64221346564590930938720703125">
        <ele>56.200000762939453125</ele>
        <time>2024-05-23T16:15:58.000Z</time>
        <extensions>
          <ns3:TrackPointExtension>
            <ns3:hr>179</ns3:hr>
          </ns3:TrackPointExtension>
        </extensions>
      </trkpt>
      <trkpt lat="45.44258854351937770843505859375" lon="-73.642676733434200286865234375">
        <ele>56.200000762939453125</ele>
        <time>2024-05-23T16:16:08.000Z</time>
        <extensions>
          <ns3:TrackPointExtension>
            <ns3:hr>179</ns3:hr>
          </ns3:TrackPointExtension>
        </extensions>
      </trkpt>
      <trkpt lat="45.44238637201488018035888671875" lon="-73.64317403174936771392822265625">
        <ele>56</ele>
        <time>2024-05-23T16:16:18.000Z</time>
        <extensions>
          <ns3:TrackPointExtension>
            <ns3:hr>178</ns3:hr>
          </ns3:TrackPointExtension>
        </extensions>
      </trkpt>
      <trkpt lat="45.44230942614376544952392578125" lon="-73.6433595232665538787841796875">
        <ele>56</ele>
        <time>2024-05-23T16:16:22.000Z</time>
        <extensions>
          <ns3:TrackPointExtension>
            <ns3:hr>180</ns3:hr>
          </ns3:TrackPointExtension>
        </extensions>
      </trkpt>
      <trkpt lat="45.4422260262072086334228515625" lon="-73.64356555044651031494140625">
        <ele>56.200000762939453125</ele>
        <time>2024-05-23T16:16:26.000Z</time>
        <extensions>
          <ns3:TrackPointExtension>
            <ns3:hr>182</ns3:hr>
          </ns3:TrackPointExtension>
        </extensions>
      </trkpt>
      <trkpt lat="45.44208311475813388824462890625" lon="-73.643910549581050872802734375">
        <ele>56.200000762939453125</ele>
        <time>2024-05-23T16:16:33.000Z</time>
        <extensions>
          <ns3:TrackPointExtension>
            <ns3:hr>182</ns3:hr>
          </ns3:TrackPointExtension>
        </extensions>
      </trkpt>
      <trkpt lat="45.441943891346454620361328125" lon="-73.644364178180694580078125">
        <ele>56.200000762939453125</ele>
        <time>2024-05-23T16:16:42.000Z</time>
        <extensions>
          <ns3:TrackPointExtension>
            <ns3:hr>182</ns3:hr>
          </ns3:TrackPointExtension>
        </extensions>
      </trkpt>
      <trkpt lat="45.44187004677951335906982421875" lon="-73.6446727998554706573486328125">
        <ele>56</ele>
        <time>2024-05-23T16:16:48.000Z</time>
        <extensions>
          <ns3:TrackPointExtension>
            <ns3:hr>181</ns3:hr>
          </ns3:TrackPointExtension>
        </extensions>
      </trkpt>
      <trkpt lat="45.44174683280289173126220703125" lon="-73.645063899457454681396484375">
        <ele>56.200000762939453125</ele>
        <time>2024-05-23T16:16:56.000Z</time>
        <extensions>
          <ns3:TrackPointExtension>
            <ns3:hr>181</ns3:hr>
          </ns3:TrackPointExtension>
        </extensions>
      </trkpt>
      <trkpt lat="45.44159813784062862396240234375" lon="-73.64527386613190174102783203125">
        <ele>56.40000152587890625</ele>
        <time>2024-05-23T16:17:01.000Z</time>
        <extensions>
          <ns3:TrackPointExtension>
            <ns3:hr>180</ns3:hr>
          </ns3:TrackPointExtension>
        </extensions>
      </trkpt>
      <trkpt lat="45.44146369211375713348388671875" lon="-73.64560578949749469757080078125">
        <ele>57</ele>
        <time>2024-05-23T16:17:08.000Z</time>
        <extensions>
          <ns3:TrackPointExtension>
            <ns3:hr>179</ns3:hr>
          </ns3:TrackPointExtension>
        </extensions>
      </trkpt>
      <trkpt lat="45.4413539730012416839599609375" lon="-73.64597308449447154998779296875">
        <ele>56.40000152587890625</ele>
        <time>2024-05-23T16:17:15.000Z</time>
        <extensions>
          <ns3:TrackPointExtension>
            <ns3:hr>178</ns3:hr>
          </ns3:TrackPointExtension>
        </extensions>
      </trkpt>
      <trkpt lat="45.4412651248276233673095703125" lon="-73.64605187438428401947021484375">
        <ele>56.200000762939453125</ele>
        <time>2024-05-23T16:17:18.000Z</time>
        <extensions>
          <ns3:TrackPointExtension>
            <ns3:hr>178</ns3:hr>
          </ns3:TrackPointExtension>
        </extensions>
      </trkpt>
      <trkpt lat="45.4411719180643558502197265625" lon="-73.646020777523517608642578125">
        <ele>57</ele>
        <time>2024-05-23T16:17:22.000Z</time>
        <extensions>
          <ns3:TrackPointExtension>
            <ns3:hr>178</ns3:hr>
          </ns3:TrackPointExtension>
        </extensions>
      </trkpt>
      <trkpt lat="45.441071502864360809326171875" lon="-73.645963780581951141357421875">
        <ele>57.40000152587890625</ele>
        <time>2024-05-23T16:17:25.000Z</time>
        <extensions>
          <ns3:TrackPointExtension>
            <ns3:hr>178</ns3:hr>
          </ns3:TrackPointExtension>
        </extensions>
      </trkpt>
      <trkpt lat="45.44096865691244602203369140625" lon="-73.645893372595310211181640625">
        <ele>57.799999237060546875</ele>
        <time>2024-05-23T16:17:28.000Z</time>
        <extensions>
          <ns3:TrackPointExtension>
            <ns3:hr>179</ns3:hr>
          </ns3:TrackPointExtension>
        </extensions>
      </trkpt>
      <trkpt lat="45.44086941517889499664306640625" lon="-73.64578985609114170074462890625">
        <ele>58.200000762939453125</ele>
        <time>2024-05-23T16:17:33.000Z</time>
        <extensions>
          <ns3:TrackPointExtension>
            <ns3:hr>182</ns3:hr>
          </ns3:TrackPointExtension>
        </extensions>
      </trkpt>
      <trkpt lat="45.4408637993037700653076171875" lon="-73.64575113169848918914794921875">
        <ele>58.200000762939453125</ele>
        <time>2024-05-23T16:17:34.000Z</time>
        <extensions>
          <ns3:TrackPointExtension>
            <ns3:hr>183</ns3:hr>
          </ns3:TrackPointExtension>
        </extensions>
      </trkpt>
      <trkpt lat="45.44086941517889499664306640625" lon="-73.64557050168514251708984375">
        <ele>58</ele>
        <time>2024-05-23T16:17:39.000Z</time>
        <extensions>
          <ns3:TrackPointExtension>
            <ns3:hr>184</ns3:hr>
          </ns3:TrackPointExtension>
        </extensions>
      </trkpt>
      <trkpt lat="45.44083018787205219268798828125" lon="-73.64553563296794891357421875">
        <ele>57.59999847412109375</ele>
        <time>2024-05-23T16:17:41.000Z</time>
        <extensions>
          <ns3:TrackPointExtension>
            <ns3:hr>184</ns3:hr>
          </ns3:TrackPointExtension>
        </extensions>
      </trkpt>
      <trkpt lat="45.44080252759158611297607421875" lon="-73.64554426632821559906005859375">
        <ele>57.200000762939453125</ele>
        <time>2024-05-23T16:17:42.000Z</time>
        <extensions>
          <ns3:TrackPointExtension>
            <ns3:hr>184</ns3:hr>
          </ns3:TrackPointExtension>
        </extensions>
      </trkpt>
      <trkpt lat="45.44078014791011810302734375" lon="-73.64557410590350627899169921875">
        <ele>57</ele>
        <time>2024-05-23T16:17:43.000Z</time>
        <extensions>
          <ns3:TrackPointExtension>
            <ns3:hr>183</ns3:hr>
          </ns3:TrackPointExtension>
        </extensions>
      </trkpt>
      <trkpt lat="45.4407615400850772857666015625" lon="-73.64568374119699001312255859375">
        <ele>56.799999237060546875</ele>
        <time>2024-05-23T16:17:45.000Z</time>
        <extensions>
          <ns3:TrackPointExtension>
            <ns3:hr>182</ns3:hr>
          </ns3:TrackPointExtension>
        </extensions>
      </trkpt>
      <trkpt lat="45.44075827114284038543701171875" lon="-73.64575423300266265869140625">
        <ele>56.40000152587890625</ele>
        <time>2024-05-23T16:17:46.000Z</time>
        <extensions>
          <ns3:TrackPointExtension>
            <ns3:hr>182</ns3:hr>
          </ns3:TrackPointExtension>
        </extensions>
      </trkpt>
      <trkpt lat="45.44061091728508472442626953125" lon="-73.64609713666141033172607421875">
        <ele>54.59999847412109375</ele>
        <time>2024-05-23T16:17:58.000Z</time>
        <extensions>
          <ns3:TrackPointExtension>
            <ns3:hr>180</ns3:hr>
          </ns3:TrackPointExtension>
        </extensions>
      </trkpt>
      <trkpt lat="45.440533719956874847412109375" lon="-73.64633082412183284759521484375">
        <ele>56</ele>
        <time>2024-05-23T16:18:04.000Z</time>
        <extensions>
          <ns3:TrackPointExtension>
            <ns3:hr>178</ns3:hr>
          </ns3:TrackPointExtension>
        </extensions>
      </trkpt>
      <trkpt lat="45.44050748459994792938232421875" lon="-73.64640810526907444000244140625">
        <ele>56.40000152587890625</ele>
        <time>2024-05-23T16:18:06.000Z</time>
        <extensions>
          <ns3:TrackPointExtension>
            <ns3:hr>177</ns3:hr>
          </ns3:TrackPointExtension>
        </extensions>
      </trkpt>
      <trkpt lat="45.4403528384864330291748046875" lon="-73.6467551998794078826904296875">
        <ele>56.40000152587890625</ele>
        <time>2024-05-23T16:18:14.000Z</time>
        <extensions>
          <ns3:TrackPointExtension>
            <ns3:hr>179</ns3:hr>
          </ns3:TrackPointExtension>
        </extensions>
      </trkpt>
      <trkpt lat="45.44016164727509021759033203125" lon="-73.64715577103197574615478515625">
        <ele>56.59999847412109375</ele>
        <time>2024-05-23T16:18:23.000Z</time>
        <extensions>
          <ns3:TrackPointExtension>
            <ns3:hr>179</ns3:hr>
          </ns3:TrackPointExtension>
        </extensions>
      </trkpt>
      <trkpt lat="45.43996601365506649017333984375" lon="-73.64751602523028850555419921875">
        <ele>56.799999237060546875</ele>
        <time>2024-05-23T16:18:32.000Z</time>
        <extensions>
          <ns3:TrackPointExtension>
            <ns3:hr>176</ns3:hr>
          </ns3:TrackPointExtension>
        </extensions>
      </trkpt>
      <trkpt lat="45.4399012215435504913330078125" lon="-73.64763890393078327178955078125">
        <ele>56.799999237060546875</ele>
        <time>2024-05-23T16:18:35.000Z</time>
        <extensions>
          <ns3:TrackPointExtension>
            <ns3:hr>175</ns3:hr>
          </ns3:TrackPointExtension>
        </extensions>
      </trkpt>
      <trkpt lat="45.439635179936885833740234375" lon="-73.64806629717350006103515625">
        <ele>56.799999237060546875</ele>
        <time>2024-05-23T16:18:46.000Z</time>
        <extensions>
          <ns3:TrackPointExtension>
            <ns3:hr>175</ns3:hr>
          </ns3:TrackPointExtension>
        </extensions>
      </trkpt>
      <trkpt lat="45.439545325934886932373046875" lon="-73.6482170037925243377685546875">
        <ele>57.40000152587890625</ele>
        <time>2024-05-23T16:18:50.000Z</time>
        <extensions>
          <ns3:TrackPointExtension>
            <ns3:hr>175</ns3:hr>
          </ns3:TrackPointExtension>
        </extensions>
      </trkpt>
      <trkpt lat="45.43949176557362079620361328125" lon="-73.64834751002490520477294921875">
        <ele>57.799999237060546875</ele>
        <time>2024-05-23T16:18:53.000Z</time>
        <extensions>
          <ns3:TrackPointExtension>
            <ns3:hr>176</ns3:hr>
          </ns3:TrackPointExtension>
        </extensions>
      </trkpt>
      <trkpt lat="45.4394123889505863189697265625" lon="-73.6485304869711399078369140625">
        <ele>57.59999847412109375</ele>
        <time>2024-05-23T16:18:57.000Z</time>
        <extensions>
          <ns3:TrackPointExtension>
            <ns3:hr>179</ns3:hr>
          </ns3:TrackPointExtension>
        </extensions>
      </trkpt>
      <trkpt lat="45.43930384330451488494873046875" lon="-73.648741543292999267578125">
        <ele>57.40000152587890625</ele>
        <time>2024-05-23T16:19:02.000Z</time>
        <extensions>
          <ns3:TrackPointExtension>
            <ns3:hr>180</ns3:hr>
          </ns3:TrackPointExtension>
        </extensions>
      </trkpt>
      <trkpt lat="45.43908960185945034027099609375" lon="-73.64916692487895488739013671875">
        <ele>57.40000152587890625</ele>
        <time>2024-05-23T16:19:12.000Z</time>
        <extensions>
          <ns3:TrackPointExtension>
            <ns3:hr>179</ns3:hr>
          </ns3:TrackPointExtension>
        </extensions>
      </trkpt>
      <trkpt lat="45.4389134980738162994384765625" lon="-73.64946096204221248626708984375">
        <ele>56.799999237060546875</ele>
        <time>2024-05-23T16:19:19.000Z</time>
        <extensions>
          <ns3:TrackPointExtension>
            <ns3:hr>178</ns3:hr>
          </ns3:TrackPointExtension>
        </extensions>
      </trkpt>
      <trkpt lat="45.43887670151889324188232421875" lon="-73.6495099961757659912109375">
        <ele>56.799999237060546875</ele>
        <time>2024-05-23T16:19:20.000Z</time>
        <extensions>
          <ns3:TrackPointExtension>
            <ns3:hr>178</ns3:hr>
          </ns3:TrackPointExtension>
        </extensions>
      </trkpt>
      <trkpt lat="45.4386955685913562774658203125" lon="-73.6498182825744152069091796875">
        <ele>57.40000152587890625</ele>
        <time>2024-05-23T16:19:27.000Z</time>
        <extensions>
          <ns3:TrackPointExtension>
            <ns3:hr>178</ns3:hr>
          </ns3:TrackPointExtension>
        </extensions>
      </trkpt>
      <trkpt lat="45.4385255835950374603271484375" lon="-73.6501565761864185333251953125">
        <ele>58</ele>
        <time>2024-05-23T16:19:35.000Z</time>
        <extensions>
          <ns3:TrackPointExtension>
            <ns3:hr>178</ns3:hr>
          </ns3:TrackPointExtension>
        </extensions>
      </trkpt>
      <trkpt lat="45.4384553432464599609375" lon="-73.65032605826854705810546875">
        <ele>58.40000152587890625</ele>
        <time>2024-05-23T16:19:39.000Z</time>
        <extensions>
          <ns3:TrackPointExtension>
            <ns3:hr>178</ns3:hr>
          </ns3:TrackPointExtension>
        </extensions>
      </trkpt>
      <trkpt lat="45.4383817501366138458251953125" lon="-73.65045220591127872467041015625">
        <ele>57.799999237060546875</ele>
        <time>2024-05-23T16:19:42.000Z</time>
        <extensions>
          <ns3:TrackPointExtension>
            <ns3:hr>178</ns3:hr>
          </ns3:TrackPointExtension>
        </extensions>
      </trkpt>
      <trkpt lat="45.43831528164446353912353515625" lon="-73.650571145117282867431640625">
        <ele>57.40000152587890625</ele>
        <time>2024-05-23T16:19:45.000Z</time>
        <extensions>
          <ns3:TrackPointExtension>
            <ns3:hr>178</ns3:hr>
          </ns3:TrackPointExtension>
        </extensions>
      </trkpt>
      <trkpt lat="45.43819810263812541961669921875" lon="-73.6507533676922321319580078125">
        <ele>57.200000762939453125</ele>
        <time>2024-05-23T16:19:50.000Z</time>
        <extensions>
          <ns3:TrackPointExtension>
            <ns3:hr>179</ns3:hr>
          </ns3:TrackPointExtension>
        </extensions>
      </trkpt>
      <trkpt lat="45.4380186460912227630615234375" lon="-73.65109593607485294342041015625">
        <ele>57</ele>
        <time>2024-05-23T16:19:58.000Z</time>
        <extensions>
          <ns3:TrackPointExtension>
            <ns3:hr>179</ns3:hr>
          </ns3:TrackPointExtension>
        </extensions>
      </trkpt>
      <trkpt lat="45.43782837688922882080078125" lon="-73.651447556912899017333984375">
        <ele>57.200000762939453125</ele>
        <time>2024-05-23T16:20:06.000Z</time>
        <extensions>
          <ns3:TrackPointExtension>
            <ns3:hr>179</ns3:hr>
          </ns3:TrackPointExtension>
        </extensions>
      </trkpt>
      <trkpt lat="45.43771111406385898590087890625" lon="-73.6516378261148929595947265625">
        <ele>57.200000762939453125</ele>
        <time>2024-05-23T16:20:11.000Z</time>
        <extensions>
          <ns3:TrackPointExtension>
            <ns3:hr>178</ns3:hr>
          </ns3:TrackPointExtension>
        </extensions>
      </trkpt>
      <trkpt lat="45.4375777579843997955322265625" lon="-73.6518477089703083038330078125">
        <ele>57.59999847412109375</ele>
        <time>2024-05-23T16:20:17.000Z</time>
        <extensions>
          <ns3:TrackPointExtension>
            <ns3:hr>177</ns3:hr>
          </ns3:TrackPointExtension>
        </extensions>
      </trkpt>
      <trkpt lat="45.4373638518154621124267578125" lon="-73.6522376351058483123779296875">
        <ele>57.59999847412109375</ele>
        <time>2024-05-23T16:20:26.000Z</time>
        <extensions>
          <ns3:TrackPointExtension>
            <ns3:hr>178</ns3:hr>
          </ns3:TrackPointExtension>
        </extensions>
      </trkpt>
      <trkpt lat="45.43714441359043121337890625" lon="-73.65265279076993465423583984375">
        <ele>57.200000762939453125</ele>
        <time>2024-05-23T16:20:35.000Z</time>
        <extensions>
          <ns3:TrackPointExtension>
            <ns3:hr>180</ns3:hr>
          </ns3:TrackPointExtension>
        </extensions>
      </trkpt>
      <trkpt lat="45.43701726011931896209716796875" lon="-73.65289050154387950897216796875">
        <ele>57.200000762939453125</ele>
        <time>2024-05-23T16:20:40.000Z</time>
        <extensions>
          <ns3:TrackPointExtension>
            <ns3:hr>180</ns3:hr>
          </ns3:TrackPointExtension>
        </extensions>
      </trkpt>
      <trkpt lat="45.43696730397641658782958984375" lon="-73.6529930122196674346923828125">
        <ele>57.200000762939453125</ele>
        <time>2024-05-23T16:20:42.000Z</time>
        <extensions>
          <ns3:TrackPointExtension>
            <ns3:hr>181</ns3:hr>
          </ns3:TrackPointExtension>
        </extensions>
      </trkpt>
      <trkpt lat="45.4367724247276782989501953125" lon="-73.65335385315120220184326171875">
        <ele>57.40000152587890625</ele>
        <time>2024-05-23T16:20:50.000Z</time>
        <extensions>
          <ns3:TrackPointExtension>
            <ns3:hr>181</ns3:hr>
          </ns3:TrackPointExtension>
        </extensions>
      </trkpt>
      <trkpt lat="45.4365645535290241241455078125" lon="-73.653717376291751861572265625">
        <ele>58</ele>
        <time>2024-05-23T16:20:59.000Z</time>
        <extensions>
          <ns3:TrackPointExtension>
            <ns3:hr>181</ns3:hr>
          </ns3:TrackPointExtension>
        </extensions>
      </trkpt>
      <trkpt lat="45.43642700649797916412353515625" lon="-73.65401987917721271514892578125">
        <ele>58.200000762939453125</ele>
        <time>2024-05-23T16:21:06.000Z</time>
        <extensions>
          <ns3:TrackPointExtension>
            <ns3:hr>181</ns3:hr>
          </ns3:TrackPointExtension>
        </extensions>
      </trkpt>
      <trkpt lat="45.4363412596285343170166015625" lon="-73.654209561645984649658203125">
        <ele>58.40000152587890625</ele>
        <time>2024-05-23T16:21:10.000Z</time>
        <extensions>
          <ns3:TrackPointExtension>
            <ns3:hr>181</ns3:hr>
          </ns3:TrackPointExtension>
        </extensions>
      </trkpt>
      <trkpt lat="45.43623975478112697601318359375" lon="-73.654438555240631103515625">
        <ele>58.200000762939453125</ele>
        <time>2024-05-23T16:21:15.000Z</time>
        <extensions>
          <ns3:TrackPointExtension>
            <ns3:hr>181</ns3:hr>
          </ns3:TrackPointExtension>
        </extensions>
      </trkpt>
      <trkpt lat="45.43607421219348907470703125" lon="-73.65481230430305004119873046875">
        <ele>58</ele>
        <time>2024-05-23T16:21:23.000Z</time>
        <extensions>
          <ns3:TrackPointExtension>
            <ns3:hr>181</ns3:hr>
          </ns3:TrackPointExtension>
        </extensions>
      </trkpt>
      <trkpt lat="45.43594622053205966949462890625" lon="-73.65517591126263141632080078125">
        <ele>58.200000762939453125</ele>
        <time>2024-05-23T16:21:31.000Z</time>
        <extensions>
          <ns3:TrackPointExtension>
            <ns3:hr>181</ns3:hr>
          </ns3:TrackPointExtension>
        </extensions>
      </trkpt>
      <trkpt lat="45.43582954443991184234619140625" lon="-73.65556181408464908599853515625">
        <ele>58.200000762939453125</ele>
        <time>2024-05-23T16:21:40.000Z</time>
        <extensions>
          <ns3:TrackPointExtension>
            <ns3:hr>179</ns3:hr>
          </ns3:TrackPointExtension>
        </extensions>
      </trkpt>
      <trkpt lat="45.43574086390435695648193359375" lon="-73.6558049730956554412841796875">
        <ele>59</ele>
        <time>2024-05-23T16:21:46.000Z</time>
        <extensions>
          <ns3:TrackPointExtension>
            <ns3:hr>176</ns3:hr>
          </ns3:TrackPointExtension>
        </extensions>
      </trkpt>
      <trkpt lat="45.4357089288532733917236328125" lon="-73.65592273883521556854248046875">
        <ele>59.40000152587890625</ele>
        <time>2024-05-23T16:21:49.000Z</time>
        <extensions>
          <ns3:TrackPointExtension>
            <ns3:hr>175</ns3:hr>
          </ns3:TrackPointExtension>
        </extensions>
      </trkpt>
      <trkpt lat="45.43570364825427532196044921875" lon="-73.65596347488462924957275390625">
        <ele>59.40000152587890625</ele>
        <time>2024-05-23T16:21:50.000Z</time>
        <extensions>
          <ns3:TrackPointExtension>
            <ns3:hr>175</ns3:hr>
          </ns3:TrackPointExtension>
        </extensions>
      </trkpt>
      <trkpt lat="45.435639359056949615478515625" lon="-73.65610362030565738677978515625">
        <ele>59.200000762939453125</ele>
        <time>2024-05-23T16:21:54.000Z</time>
        <extensions>
          <ns3:TrackPointExtension>
            <ns3:hr>175</ns3:hr>
          </ns3:TrackPointExtension>
        </extensions>
      </trkpt>
      <trkpt lat="45.43551488779485225677490234375" lon="-73.6563025228679180145263671875">
        <ele>58.59999847412109375</ele>
        <time>2024-05-23T16:21:59.000Z</time>
        <extensions>
          <ns3:TrackPointExtension>
            <ns3:hr>175</ns3:hr>
          </ns3:TrackPointExtension>
        </extensions>
      </trkpt>
      <trkpt lat="45.4354150593280792236328125" lon="-73.65659412927925586700439453125">
        <ele>58.799999237060546875</ele>
        <time>2024-05-23T16:22:05.000Z</time>
        <extensions>
          <ns3:TrackPointExtension>
            <ns3:hr>175</ns3:hr>
          </ns3:TrackPointExtension>
        </extensions>
      </trkpt>
      <trkpt lat="45.4352995567023754119873046875" lon="-73.6569506116211414337158203125">
        <ele>58.799999237060546875</ele>
        <time>2024-05-23T16:22:12.000Z</time>
        <extensions>
          <ns3:TrackPointExtension>
            <ns3:hr>175</ns3:hr>
          </ns3:TrackPointExtension>
        </extensions>
      </trkpt>
      <trkpt lat="45.43515698052942752838134765625" lon="-73.65737012587487697601318359375">
        <ele>58.59999847412109375</ele>
        <time>2024-05-23T16:22:21.000Z</time>
        <extensions>
          <ns3:TrackPointExtension>
            <ns3:hr>172</ns3:hr>
          </ns3:TrackPointExtension>
        </extensions>
      </trkpt>
      <trkpt lat="45.4351396299898624420166015625" lon="-73.65741320885717868804931640625">
        <ele>58.59999847412109375</ele>
        <time>2024-05-23T16:22:22.000Z</time>
        <extensions>
          <ns3:TrackPointExtension>
            <ns3:hr>172</ns3:hr>
          </ns3:TrackPointExtension>
        </extensions>
      </trkpt>
      <trkpt lat="45.4349562339484691619873046875" lon="-73.6578675918281078338623046875">
        <ele>58.40000152587890625</ele>
        <time>2024-05-23T16:22:32.000Z</time>
        <extensions>
          <ns3:TrackPointExtension>
            <ns3:hr>172</ns3:hr>
          </ns3:TrackPointExtension>
        </extensions>
      </trkpt>
      <trkpt lat="45.4349354468286037445068359375" lon="-73.65791193209588527679443359375">
        <ele>58.40000152587890625</ele>
        <time>2024-05-23T16:22:33.000Z</time>
        <extensions>
          <ns3:TrackPointExtension>
            <ns3:hr>173</ns3:hr>
          </ns3:TrackPointExtension>
        </extensions>
      </trkpt>
      <trkpt lat="45.43473117984831333160400390625" lon="-73.6583363078534603118896484375">
        <ele>58.59999847412109375</ele>
        <time>2024-05-23T16:22:42.000Z</time>
        <extensions>
          <ns3:TrackPointExtension>
            <ns3:hr>174</ns3:hr>
          </ns3:TrackPointExtension>
        </extensions>
      </trkpt>
      <trkpt lat="45.43456949293613433837890625" lon="-73.6587138287723064422607421875">
        <ele>59</ele>
        <time>2024-05-23T16:22:50.000Z</time>
        <extensions>
          <ns3:TrackPointExtension>
            <ns3:hr>176</ns3:hr>
          </ns3:TrackPointExtension>
        </extensions>
      </trkpt>
      <trkpt lat="45.4343502223491668701171875" lon="-73.6591765098273754119873046875">
        <ele>58.799999237060546875</ele>
        <time>2024-05-23T16:23:01.000Z</time>
        <extensions>
          <ns3:TrackPointExtension>
            <ns3:hr>176</ns3:hr>
          </ns3:TrackPointExtension>
        </extensions>
      </trkpt>
      <trkpt lat="45.43414897285401821136474609375" lon="-73.65955646149814128875732421875">
        <ele>59.200000762939453125</ele>
        <time>2024-05-23T16:23:10.000Z</time>
        <extensions>
          <ns3:TrackPointExtension>
            <ns3:hr>176</ns3:hr>
          </ns3:TrackPointExtension>
        </extensions>
      </trkpt>
      <trkpt lat="45.434093736112117767333984375" lon="-73.65963474847376346588134765625">
        <ele>59.40000152587890625</ele>
        <time>2024-05-23T16:23:12.000Z</time>
        <extensions>
          <ns3:TrackPointExtension>
            <ns3:hr>177</ns3:hr>
          </ns3:TrackPointExtension>
        </extensions>
      </trkpt>
      <trkpt lat="45.43401938863098621368408203125" lon="-73.65980423055589199066162109375">
        <ele>59.59999847412109375</ele>
        <time>2024-05-23T16:23:16.000Z</time>
        <extensions>
          <ns3:TrackPointExtension>
            <ns3:hr>178</ns3:hr>
          </ns3:TrackPointExtension>
        </extensions>
      </trkpt>
      <trkpt lat="45.43392182327806949615478515625" lon="-73.66006809286773204803466796875">
        <ele>59.40000152587890625</ele>
        <time>2024-05-23T16:23:22.000Z</time>
        <extensions>
          <ns3:TrackPointExtension>
            <ns3:hr>178</ns3:hr>
          </ns3:TrackPointExtension>
        </extensions>
      </trkpt>
      <trkpt lat="45.43380648829042911529541015625" lon="-73.6601531691849231719970703125">
        <ele>59.59999847412109375</ele>
        <time>2024-05-23T16:23:26.000Z</time>
        <extensions>
          <ns3:TrackPointExtension>
            <ns3:hr>178</ns3:hr>
          </ns3:TrackPointExtension>
        </extensions>
      </trkpt>
      <trkpt lat="45.43361672200262546539306640625" lon="-73.66032726131379604339599609375">
        <ele>60</ele>
        <time>2024-05-23T16:23:33.000Z</time>
        <extensions>
          <ns3:TrackPointExtension>
            <ns3:hr>178</ns3:hr>
          </ns3:TrackPointExtension>
        </extensions>
      </trkpt>
      <trkpt lat="45.4334863834083080291748046875" lon="-73.6605964042246341705322265625">
        <ele>60</ele>
        <time>2024-05-23T16:23:39.000Z</time>
        <extensions>
          <ns3:TrackPointExtension>
            <ns3:hr>179</ns3:hr>
          </ns3:TrackPointExtension>
        </extensions>
      </trkpt>
      <trkpt lat="45.43330273590981960296630859375" lon="-73.660809807479381561279296875">
        <ele>60.40000152587890625</ele>
        <time>2024-05-23T16:23:45.000Z</time>
        <extensions>
          <ns3:TrackPointExtension>
            <ns3:hr>182</ns3:hr>
          </ns3:TrackPointExtension>
        </extensions>
      </trkpt>
      <trkpt lat="45.43326786719262599945068359375" lon="-73.6608398146927356719970703125">
        <ele>60.40000152587890625</ele>
        <time>2024-05-23T16:23:46.000Z</time>
        <extensions>
          <ns3:TrackPointExtension>
            <ns3:hr>182</ns3:hr>
          </ns3:TrackPointExtension>
        </extensions>
      </trkpt>
      <trkpt lat="45.43323333375155925750732421875" lon="-73.66086839698255062103271484375">
        <ele>60.40000152587890625</ele>
        <time>2024-05-23T16:23:47.000Z</time>
        <extensions>
          <ns3:TrackPointExtension>
            <ns3:hr>182</ns3:hr>
          </ns3:TrackPointExtension>
        </extensions>
      </trkpt>
      <trkpt lat="45.43306116946041584014892578125" lon="-73.6610889248549938201904296875">
        <ele>61</ele>
        <time>2024-05-23T16:23:53.000Z</time>
        <extensions>
          <ns3:TrackPointExtension>
            <ns3:hr>183</ns3:hr>
          </ns3:TrackPointExtension>
        </extensions>
      </trkpt>
      <trkpt lat="45.43290375731885433197021484375" lon="-73.66149569861590862274169921875">
        <ele>61.40000152587890625</ele>
        <time>2024-05-23T16:24:01.000Z</time>
        <extensions>
          <ns3:TrackPointExtension>
            <ns3:hr>182</ns3:hr>
          </ns3:TrackPointExtension>
        </extensions>
      </trkpt>
      <trkpt lat="45.4327812977135181427001953125" lon="-73.66178713738918304443359375">
        <ele>61.40000152587890625</ele>
        <time>2024-05-23T16:24:07.000Z</time>
        <extensions>
          <ns3:TrackPointExtension>
            <ns3:hr>182</ns3:hr>
          </ns3:TrackPointExtension>
        </extensions>
      </trkpt>
      <trkpt lat="45.4327692277729511260986328125" lon="-73.66183667443692684173583984375">
        <ele>61.40000152587890625</ele>
        <time>2024-05-23T16:24:08.000Z</time>
        <extensions>
          <ns3:TrackPointExtension>
            <ns3:hr>182</ns3:hr>
          </ns3:TrackPointExtension>
        </extensions>
      </trkpt>
      <trkpt lat="45.4327568225562572479248046875" lon="-73.66188704967498779296875">
        <ele>61.200000762939453125</ele>
        <time>2024-05-23T16:24:09.000Z</time>
        <extensions>
          <ns3:TrackPointExtension>
            <ns3:hr>182</ns3:hr>
          </ns3:TrackPointExtension>
        </extensions>
      </trkpt>
      <trkpt lat="45.43268314562737941741943359375" lon="-73.6622633971273899078369140625">
        <ele>61.59999847412109375</ele>
        <time>2024-05-23T16:24:16.000Z</time>
        <extensions>
          <ns3:TrackPointExtension>
            <ns3:hr>181</ns3:hr>
          </ns3:TrackPointExtension>
        </extensions>
      </trkpt>
      <trkpt lat="45.432507209479808807373046875" lon="-73.66262122057378292083740234375">
        <ele>61.59999847412109375</ele>
        <time>2024-05-23T16:24:23.000Z</time>
        <extensions>
          <ns3:TrackPointExtension>
            <ns3:hr>181</ns3:hr>
          </ns3:TrackPointExtension>
        </extensions>
      </trkpt>
      <trkpt lat="45.43240419588983058929443359375" lon="-73.6628085561096668243408203125">
        <ele>61.59999847412109375</ele>
        <time>2024-05-23T16:24:27.000Z</time>
        <extensions>
          <ns3:TrackPointExtension>
            <ns3:hr>180</ns3:hr>
          </ns3:TrackPointExtension>
        </extensions>
      </trkpt>
      <trkpt lat="45.43229573406279087066650390625" lon="-73.66298717446625232696533203125">
        <ele>61.40000152587890625</ele>
        <time>2024-05-23T16:24:31.000Z</time>
        <extensions>
          <ns3:TrackPointExtension>
            <ns3:hr>179</ns3:hr>
          </ns3:TrackPointExtension>
        </extensions>
      </trkpt>
      <trkpt lat="45.43215642683207988739013671875" lon="-73.66335363127291202545166015625">
        <ele>61.40000152587890625</ele>
        <time>2024-05-23T16:24:38.000Z</time>
        <extensions>
          <ns3:TrackPointExtension>
            <ns3:hr>178</ns3:hr>
          </ns3:TrackPointExtension>
        </extensions>
      </trkpt>
      <trkpt lat="45.4321234859526157379150390625" lon="-73.66345907561480998992919921875">
        <ele>61.40000152587890625</ele>
        <time>2024-05-23T16:24:40.000Z</time>
        <extensions>
          <ns3:TrackPointExtension>
            <ns3:hr>177</ns3:hr>
          </ns3:TrackPointExtension>
        </extensions>
      </trkpt>
      <trkpt lat="45.4320265911519527435302734375" lon="-73.663788400590419769287109375">
        <ele>61.200000762939453125</ele>
        <time>2024-05-23T16:24:46.000Z</time>
        <extensions>
          <ns3:TrackPointExtension>
            <ns3:hr>176</ns3:hr>
          </ns3:TrackPointExtension>
        </extensions>
      </trkpt>
      <trkpt lat="45.43190069496631622314453125" lon="-73.664080761373043060302734375">
        <ele>60</ele>
        <time>2024-05-23T16:24:51.000Z</time>
        <extensions>
          <ns3:TrackPointExtension>
            <ns3:hr>173</ns3:hr>
          </ns3:TrackPointExtension>
        </extensions>
      </trkpt>
      <trkpt lat="45.431842692196369171142578125" lon="-73.66419584490358829498291015625">
        <ele>59.799999237060546875</ele>
        <time>2024-05-23T16:24:53.000Z</time>
        <extensions>
          <ns3:TrackPointExtension>
            <ns3:hr>173</ns3:hr>
          </ns3:TrackPointExtension>
        </extensions>
      </trkpt>
      <trkpt lat="45.43170346878468990325927734375" lon="-73.66445819847285747528076171875">
        <ele>59.59999847412109375</ele>
        <time>2024-05-23T16:24:58.000Z</time>
        <extensions>
          <ns3:TrackPointExtension>
            <ns3:hr>170</ns3:hr>
          </ns3:TrackPointExtension>
        </extensions>
      </trkpt>
      <trkpt lat="45.43165619485080242156982421875" lon="-73.6645613797008991241455078125">
        <ele>60</ele>
        <time>2024-05-23T16:25:00.000Z</time>
        <extensions>
          <ns3:TrackPointExtension>
            <ns3:hr>170</ns3:hr>
          </ns3:TrackPointExtension>
        </extensions>
      </trkpt>
      <trkpt lat="45.43156935833394527435302734375" lon="-73.664760701358318328857421875">
        <ele>59.799999237060546875</ele>
        <time>2024-05-23T16:25:04.000Z</time>
        <extensions>
          <ns3:TrackPointExtension>
            <ns3:hr>170</ns3:hr>
          </ns3:TrackPointExtension>
        </extensions>
      </trkpt>
      <trkpt lat="45.43149258010089397430419921875" lon="-73.66489984095096588134765625">
        <ele>59.59999847412109375</ele>
        <time>2024-05-23T16:25:07.000Z</time>
        <extensions>
          <ns3:TrackPointExtension>
            <ns3:hr>169</ns3:hr>
          </ns3:TrackPointExtension>
        </extensions>
      </trkpt>
      <trkpt lat="45.4314619861543178558349609375" lon="-73.66494032554328441619873046875">
        <ele>59.59999847412109375</ele>
        <time>2024-05-23T16:25:08.000Z</time>
        <extensions>
          <ns3:TrackPointExtension>
            <ns3:hr>169</ns3:hr>
          </ns3:TrackPointExtension>
        </extensions>
      </trkpt>
      <trkpt lat="45.4314400255680084228515625" lon="-73.664988689124584197998046875">
        <ele>59.799999237060546875</ele>
        <time>2024-05-23T16:25:09.000Z</time>
        <extensions>
          <ns3:TrackPointExtension>
            <ns3:hr>169</ns3:hr>
          </ns3:TrackPointExtension>
        </extensions>
      </trkpt>
      <trkpt lat="45.43136718682944774627685546875" lon="-73.66520100273191928863525390625">
        <ele>60</ele>
        <time>2024-05-23T16:25:13.000Z</time>
        <extensions>
          <ns3:TrackPointExtension>
            <ns3:hr>169</ns3:hr>
          </ns3:TrackPointExtension>
        </extensions>
      </trkpt>
      <trkpt lat="45.43127012439072132110595703125" lon="-73.665564022958278656005859375">
        <ele>60.40000152587890625</ele>
        <time>2024-05-23T16:25:20.000Z</time>
        <extensions>
          <ns3:TrackPointExtension>
            <ns3:hr>167</ns3:hr>
          </ns3:TrackPointExtension>
        </extensions>
      </trkpt>
      <trkpt lat="45.431253947317600250244140625" lon="-73.66574264131486415863037109375">
        <ele>60.799999237060546875</ele>
        <time>2024-05-23T16:25:25.000Z</time>
        <extensions>
          <ns3:TrackPointExtension>
            <ns3:hr>169</ns3:hr>
          </ns3:TrackPointExtension>
        </extensions>
      </trkpt>
      <trkpt lat="45.4312309809029102325439453125" lon="-73.6657703854143619537353515625">
        <ele>61.200000762939453125</ele>
        <time>2024-05-23T16:25:28.000Z</time>
        <extensions>
          <ns3:TrackPointExtension>
            <ns3:hr>169</ns3:hr>
          </ns3:TrackPointExtension>
        </extensions>
      </trkpt>
      <trkpt lat="45.431231148540973663330078125" lon="-73.6657784320414066314697265625">
        <ele>61.200000762939453125</ele>
        <time>2024-05-23T16:25:31.000Z</time>
        <extensions>
          <ns3:TrackPointExtension>
            <ns3:hr>171</ns3:hr>
          </ns3:TrackPointExtension>
        </extensions>
      </trkpt>
      <trkpt lat="45.43123357929289340972900390625" lon="-73.6657807789742946624755859375">
        <ele>60.59999847412109375</ele>
        <time>2024-05-23T16:25:41.000Z</time>
        <extensions>
          <ns3:TrackPointExtension>
            <ns3:hr>171</ns3:hr>
          </ns3:TrackPointExtension>
        </extensions>
      </trkpt>
      <trkpt lat="45.4312289692461490631103515625" lon="-73.66578153334558010101318359375">
        <ele>61.200000762939453125</ele>
        <time>2024-05-23T16:25:55.000Z</time>
        <extensions>
          <ns3:TrackPointExtension>
            <ns3:hr>168</ns3:hr>
          </ns3:TrackPointExtension>
        </extensions>
      </trkpt>
      <trkpt lat="45.431215725839138031005859375" lon="-73.6657883226871490478515625">
        <ele>61.200000762939453125</ele>
        <time>2024-05-23T16:25:56.000Z</time>
        <extensions>
          <ns3:TrackPointExtension>
            <ns3:hr>168</ns3:hr>
          </ns3:TrackPointExtension>
        </extensions>
      </trkpt>
      <trkpt lat="45.4311605729162693023681640625" lon="-73.66581003181636333465576171875">
        <ele>61.40000152587890625</ele>
        <time>2024-05-23T16:25:59.000Z</time>
        <extensions>
          <ns3:TrackPointExtension>
            <ns3:hr>167</ns3:hr>
          </ns3:TrackPointExtension>
        </extensions>
      </trkpt>
      <trkpt lat="45.43111606501042842864990234375" lon="-73.66581858135759830474853515625">
        <ele>61.40000152587890625</ele>
        <time>2024-05-23T16:26:04.000Z</time>
        <extensions>
          <ns3:TrackPointExtension>
            <ns3:hr>165</ns3:hr>
          </ns3:TrackPointExtension>
        </extensions>
      </trkpt>
      <trkpt lat="45.4311193339526653289794921875" lon="-73.66582076065242290496826171875">
        <ele>61.40000152587890625</ele>
        <time>2024-05-23T16:26:12.000Z</time>
        <extensions>
          <ns3:TrackPointExtension>
            <ns3:hr>162</ns3:hr>
          </ns3:TrackPointExtension>
        </extensions>
      </trkpt>
      <trkpt lat="45.43110868893563747406005859375" lon="-73.66583718918263912200927734375">
        <ele>61.59999847412109375</ele>
        <time>2024-05-23T16:26:14.000Z</time>
        <extensions>
          <ns3:TrackPointExtension>
            <ns3:hr>162</ns3:hr>
          </ns3:TrackPointExtension>
        </extensions>
      </trkpt>
      <trkpt lat="45.4311025701463222503662109375" lon="-73.6658508516848087310791015625">
        <ele>61.59999847412109375</ele>
        <time>2024-05-23T16:26:15.000Z</time>
        <extensions>
          <ns3:TrackPointExtension>
            <ns3:hr>162</ns3:hr>
          </ns3:TrackPointExtension>
        </extensions>
      </trkpt>
      <trkpt lat="45.4310693778097629547119140625" lon="-73.6659430526196956634521484375">
        <ele>61.799999237060546875</ele>
        <time>2024-05-23T16:26:18.000Z</time>
        <extensions>
          <ns3:TrackPointExtension>
            <ns3:hr>160</ns3:hr>
          </ns3:TrackPointExtension>
        </extensions>
      </trkpt>
      <trkpt lat="45.4309785179793834686279296875" lon="-73.66624371148645877838134765625">
        <ele>61.799999237060546875</ele>
        <time>2024-05-23T16:26:25.000Z</time>
        <extensions>
          <ns3:TrackPointExtension>
            <ns3:hr>162</ns3:hr>
          </ns3:TrackPointExtension>
        </extensions>
      </trkpt>
      <trkpt lat="45.4309384524822235107421875" lon="-73.6663359962403774261474609375">
        <ele>61.59999847412109375</ele>
        <time>2024-05-23T16:26:27.000Z</time>
        <extensions>
          <ns3:TrackPointExtension>
            <ns3:hr>165</ns3:hr>
          </ns3:TrackPointExtension>
        </extensions>
      </trkpt>
      <trkpt lat="45.4308497719466686248779296875" lon="-73.66660681553184986114501953125">
        <ele>61.59999847412109375</ele>
        <time>2024-05-23T16:26:32.000Z</time>
        <extensions>
          <ns3:TrackPointExtension>
            <ns3:hr>166</ns3:hr>
          </ns3:TrackPointExtension>
        </extensions>
      </trkpt>
      <trkpt lat="45.43080727569758892059326171875" lon="-73.6669056303799152374267578125">
        <ele>60.799999237060546875</ele>
        <time>2024-05-23T16:26:37.000Z</time>
        <extensions>
          <ns3:TrackPointExtension>
            <ns3:hr>167</ns3:hr>
          </ns3:TrackPointExtension>
        </extensions>
      </trkpt>
      <trkpt lat="45.43070434592664241790771484375" lon="-73.6672858335077762603759765625">
        <ele>60.40000152587890625</ele>
        <time>2024-05-23T16:26:44.000Z</time>
        <extensions>
          <ns3:TrackPointExtension>
            <ns3:hr>166</ns3:hr>
          </ns3:TrackPointExtension>
        </extensions>
      </trkpt>
      <trkpt lat="45.43057174421846866607666015625" lon="-73.6677656136453151702880859375">
        <ele>60</ele>
        <time>2024-05-23T16:26:53.000Z</time>
        <extensions>
          <ns3:TrackPointExtension>
            <ns3:hr>167</ns3:hr>
          </ns3:TrackPointExtension>
        </extensions>
      </trkpt>
      <trkpt lat="45.43055665679275989532470703125" lon="-73.66782076656818389892578125">
        <ele>60</ele>
        <time>2024-05-23T16:26:54.000Z</time>
        <extensions>
          <ns3:TrackPointExtension>
            <ns3:hr>167</ns3:hr>
          </ns3:TrackPointExtension>
        </extensions>
      </trkpt>
      <trkpt lat="45.43042003177106380462646484375" lon="-73.66818596608936786651611328125">
        <ele>60.200000762939453125</ele>
        <time>2024-05-23T16:27:01.000Z</time>
        <extensions>
          <ns3:TrackPointExtension>
            <ns3:hr>169</ns3:hr>
          </ns3:TrackPointExtension>
        </extensions>
      </trkpt>
      <trkpt lat="45.43034845031797885894775390625" lon="-73.6683201603591442108154296875">
        <ele>60.59999847412109375</ele>
        <time>2024-05-23T16:27:04.000Z</time>
        <extensions>
          <ns3:TrackPointExtension>
            <ns3:hr>170</ns3:hr>
          </ns3:TrackPointExtension>
        </extensions>
      </trkpt>
      <trkpt lat="45.43027837760746479034423828125" lon="-73.668430633842945098876953125">
        <ele>60.799999237060546875</ele>
        <time>2024-05-23T16:27:07.000Z</time>
        <extensions>
          <ns3:TrackPointExtension>
            <ns3:hr>170</ns3:hr>
          </ns3:TrackPointExtension>
        </extensions>
      </trkpt>
      <trkpt lat="45.430218614637851715087890625" lon="-73.668651580810546875">
        <ele>60.59999847412109375</ele>
        <time>2024-05-23T16:27:12.000Z</time>
        <extensions>
          <ns3:TrackPointExtension>
            <ns3:hr>172</ns3:hr>
          </ns3:TrackPointExtension>
        </extensions>
      </trkpt>
      <trkpt lat="45.43010554276406764984130859375" lon="-73.6688502319157123565673828125">
        <ele>60.40000152587890625</ele>
        <time>2024-05-23T16:27:17.000Z</time>
        <extensions>
          <ns3:TrackPointExtension>
            <ns3:hr>172</ns3:hr>
          </ns3:TrackPointExtension>
        </extensions>
      </trkpt>
      <trkpt lat="45.4299472086131572723388671875" lon="-73.66899699904024600982666015625">
        <ele>60.200000762939453125</ele>
        <time>2024-05-23T16:27:22.000Z</time>
        <extensions>
          <ns3:TrackPointExtension>
            <ns3:hr>173</ns3:hr>
          </ns3:TrackPointExtension>
        </extensions>
      </trkpt>
      <trkpt lat="45.429808236658573150634765625" lon="-73.66916128434240818023681640625">
        <ele>60.40000152587890625</ele>
        <time>2024-05-23T16:27:27.000Z</time>
        <extensions>
          <ns3:TrackPointExtension>
            <ns3:hr>174</ns3:hr>
          </ns3:TrackPointExtension>
        </extensions>
      </trkpt>
      <trkpt lat="45.4297222383320331573486328125" lon="-73.6693400703370571136474609375">
        <ele>61</ele>
        <time>2024-05-23T16:27:31.000Z</time>
        <extensions>
          <ns3:TrackPointExtension>
            <ns3:hr>171</ns3:hr>
          </ns3:TrackPointExtension>
        </extensions>
      </trkpt>
      <trkpt lat="45.42963867075741291046142578125" lon="-73.66952271200716495513916015625">
        <ele>60.799999237060546875</ele>
        <time>2024-05-23T16:27:35.000Z</time>
        <extensions>
          <ns3:TrackPointExtension>
            <ns3:hr>170</ns3:hr>
          </ns3:TrackPointExtension>
        </extensions>
      </trkpt>
      <trkpt lat="45.4295113496482372283935546875" lon="-73.6698483489453792572021484375">
        <ele>60.59999847412109375</ele>
        <time>2024-05-23T16:27:43.000Z</time>
        <extensions>
          <ns3:TrackPointExtension>
            <ns3:hr>171</ns3:hr>
          </ns3:TrackPointExtension>
        </extensions>
      </trkpt>
      <trkpt lat="45.429448150098323822021484375" lon="-73.670119754970073699951171875">
        <ele>60</ele>
        <time>2024-05-23T16:27:49.000Z</time>
        <extensions>
          <ns3:TrackPointExtension>
            <ns3:hr>172</ns3:hr>
          </ns3:TrackPointExtension>
        </extensions>
      </trkpt>
      <trkpt lat="45.4293564520776271820068359375" lon="-73.6704122833907604217529296875">
        <ele>60</ele>
        <time>2024-05-23T16:27:55.000Z</time>
        <extensions>
          <ns3:TrackPointExtension>
            <ns3:hr>173</ns3:hr>
          </ns3:TrackPointExtension>
        </extensions>
      </trkpt>
      <trkpt lat="45.42922276072204113006591796875" lon="-73.67081972770392894744873046875">
        <ele>59</ele>
        <time>2024-05-23T16:28:03.000Z</time>
        <extensions>
          <ns3:TrackPointExtension>
            <ns3:hr>175</ns3:hr>
          </ns3:TrackPointExtension>
        </extensions>
      </trkpt>
      <trkpt lat="45.42917397804558277130126953125" lon="-73.6709634773433208465576171875">
        <ele>59</ele>
        <time>2024-05-23T16:28:06.000Z</time>
        <extensions>
          <ns3:TrackPointExtension>
            <ns3:hr>175</ns3:hr>
          </ns3:TrackPointExtension>
        </extensions>
      </trkpt>
      <trkpt lat="45.429038107395172119140625" lon="-73.67137209512293338775634765625">
        <ele>59.40000152587890625</ele>
        <time>2024-05-23T16:28:14.000Z</time>
        <extensions>
          <ns3:TrackPointExtension>
            <ns3:hr>173</ns3:hr>
          </ns3:TrackPointExtension>
        </extensions>
      </trkpt>
      <trkpt lat="45.42889050208032131195068359375" lon="-73.67182798683643341064453125">
        <ele>59.59999847412109375</ele>
        <time>2024-05-23T16:28:23.000Z</time>
        <extensions>
          <ns3:TrackPointExtension>
            <ns3:hr>173</ns3:hr>
          </ns3:TrackPointExtension>
        </extensions>
      </trkpt>
      <trkpt lat="45.42876527644693851470947265625" lon="-73.672226965427398681640625">
        <ele>59.59999847412109375</ele>
        <time>2024-05-23T16:28:31.000Z</time>
        <extensions>
          <ns3:TrackPointExtension>
            <ns3:hr>173</ns3:hr>
          </ns3:TrackPointExtension>
        </extensions>
      </trkpt>
      <trkpt lat="45.4287154041230678558349609375" lon="-73.67237322963774204254150390625">
        <ele>59.799999237060546875</ele>
        <time>2024-05-23T16:28:34.000Z</time>
        <extensions>
          <ns3:TrackPointExtension>
            <ns3:hr>169</ns3:hr>
          </ns3:TrackPointExtension>
        </extensions>
      </trkpt>
      <trkpt lat="45.42861389927566051483154296875" lon="-73.67272392846643924713134765625">
        <ele>60</ele>
        <time>2024-05-23T16:28:41.000Z</time>
        <extensions>
          <ns3:TrackPointExtension>
            <ns3:hr>168</ns3:hr>
          </ns3:TrackPointExtension>
        </extensions>
      </trkpt>
      <trkpt lat="45.42855061590671539306640625" lon="-73.6729768104851245880126953125">
        <ele>60</ele>
        <time>2024-05-23T16:28:46.000Z</time>
        <extensions>
          <ns3:TrackPointExtension>
            <ns3:hr>167</ns3:hr>
          </ns3:TrackPointExtension>
        </extensions>
      </trkpt>
      <trkpt lat="45.42851180769503116607666015625" lon="-73.6731670796871185302734375">
        <ele>60.200000762939453125</ele>
        <time>2024-05-23T16:28:50.000Z</time>
        <extensions>
          <ns3:TrackPointExtension>
            <ns3:hr>167</ns3:hr>
          </ns3:TrackPointExtension>
        </extensions>
      </trkpt>
      <trkpt lat="45.42841248214244842529296875" lon="-73.67366588674485683441162109375">
        <ele>59.40000152587890625</ele>
        <time>2024-05-23T16:28:59.000Z</time>
        <extensions>
          <ns3:TrackPointExtension>
            <ns3:hr>169</ns3:hr>
          </ns3:TrackPointExtension>
        </extensions>
      </trkpt>
      <trkpt lat="45.42835590429604053497314453125" lon="-73.67407433688640594482421875">
        <ele>59.40000152587890625</ele>
        <time>2024-05-23T16:29:07.000Z</time>
        <extensions>
          <ns3:TrackPointExtension>
            <ns3:hr>170</ns3:hr>
          </ns3:TrackPointExtension>
        </extensions>
      </trkpt>
      <trkpt lat="45.42831349186599254608154296875" lon="-73.67435638792812824249267578125">
        <ele>59</ele>
        <time>2024-05-23T16:29:13.000Z</time>
        <extensions>
          <ns3:TrackPointExtension>
            <ns3:hr>169</ns3:hr>
          </ns3:TrackPointExtension>
        </extensions>
      </trkpt>
      <trkpt lat="45.4283144138753414154052734375" lon="-73.6744027398526668548583984375">
        <ele>59</ele>
        <time>2024-05-23T16:29:14.000Z</time>
        <extensions>
          <ns3:TrackPointExtension>
            <ns3:hr>169</ns3:hr>
          </ns3:TrackPointExtension>
        </extensions>
      </trkpt>
      <trkpt lat="45.4283184371888637542724609375" lon="-73.67451111786067485809326171875">
        <ele>58.799999237060546875</ele>
        <time>2024-05-23T16:29:16.000Z</time>
        <extensions>
          <ns3:TrackPointExtension>
            <ns3:hr>169</ns3:hr>
          </ns3:TrackPointExtension>
        </extensions>
      </trkpt>
      <trkpt lat="45.42830795980989933013916015625" lon="-73.67482074536383152008056640625">
        <ele>59</ele>
        <time>2024-05-23T16:29:22.000Z</time>
        <extensions>
          <ns3:TrackPointExtension>
            <ns3:hr>169</ns3:hr>
          </ns3:TrackPointExtension>
        </extensions>
      </trkpt>
      <trkpt lat="45.42829639278352260589599609375" lon="-73.67531376890838146209716796875">
        <ele>59.799999237060546875</ele>
        <time>2024-05-23T16:29:31.000Z</time>
        <extensions>
          <ns3:TrackPointExtension>
            <ns3:hr>170</ns3:hr>
          </ns3:TrackPointExtension>
        </extensions>
      </trkpt>
      <trkpt lat="45.42829806916415691375732421875" lon="-73.67546933703124523162841796875">
        <ele>60</ele>
        <time>2024-05-23T16:29:34.000Z</time>
        <extensions>
          <ns3:TrackPointExtension>
            <ns3:hr>169</ns3:hr>
          </ns3:TrackPointExtension>
        </extensions>
      </trkpt>
      <trkpt lat="45.42831818573176860809326171875" lon="-73.675791956484317779541015625">
        <ele>60.40000152587890625</ele>
        <time>2024-05-23T16:29:40.000Z</time>
        <extensions>
          <ns3:TrackPointExtension>
            <ns3:hr>171</ns3:hr>
          </ns3:TrackPointExtension>
        </extensions>
      </trkpt>
      <trkpt lat="45.42836512438952922821044921875" lon="-73.6762782745063304901123046875">
        <ele>60.200000762939453125</ele>
        <time>2024-05-23T16:29:50.000Z</time>
        <extensions>
          <ns3:TrackPointExtension>
            <ns3:hr>172</ns3:hr>
          </ns3:TrackPointExtension>
        </extensions>
      </trkpt>
      <trkpt lat="45.4283975623548030853271484375" lon="-73.6765746586024761199951171875">
        <ele>59.799999237060546875</ele>
        <time>2024-05-23T16:29:56.000Z</time>
        <extensions>
          <ns3:TrackPointExtension>
            <ns3:hr>169</ns3:hr>
          </ns3:TrackPointExtension>
        </extensions>
      </trkpt>
      <trkpt lat="45.428405441343784332275390625" lon="-73.67662570439279079437255859375">
        <ele>59.799999237060546875</ele>
        <time>2024-05-23T16:29:57.000Z</time>
        <extensions>
          <ns3:TrackPointExtension>
            <ns3:hr>169</ns3:hr>
          </ns3:TrackPointExtension>
        </extensions>
      </trkpt>
      <trkpt lat="45.42843687348067760467529296875" lon="-73.67685117758810520172119140625">
        <ele>59.59999847412109375</ele>
        <time>2024-05-23T16:30:02.000Z</time>
        <extensions>
          <ns3:TrackPointExtension>
            <ns3:hr>166</ns3:hr>
          </ns3:TrackPointExtension>
        </extensions>
      </trkpt>
      <trkpt lat="45.42850007303059101104736328125" lon="-73.6771969310939311981201171875">
        <ele>60.200000762939453125</ele>
        <time>2024-05-23T16:30:09.000Z</time>
        <extensions>
          <ns3:TrackPointExtension>
            <ns3:hr>166</ns3:hr>
          </ns3:TrackPointExtension>
        </extensions>
      </trkpt>
      <trkpt lat="45.42858540080487728118896484375" lon="-73.6775885336101055145263671875">
        <ele>60.40000152587890625</ele>
        <time>2024-05-23T16:30:17.000Z</time>
        <extensions>
          <ns3:TrackPointExtension>
            <ns3:hr>163</ns3:hr>
          </ns3:TrackPointExtension>
        </extensions>
      </trkpt>
      <trkpt lat="45.42859478853642940521240234375" lon="-73.67763899266719818115234375">
        <ele>60.40000152587890625</ele>
        <time>2024-05-23T16:30:18.000Z</time>
        <extensions>
          <ns3:TrackPointExtension>
            <ns3:hr>163</ns3:hr>
          </ns3:TrackPointExtension>
        </extensions>
      </trkpt>
      <trkpt lat="45.428660251200199127197265625" lon="-73.67808700539171695709228515625">
        <ele>60</ele>
        <time>2024-05-23T16:30:27.000Z</time>
        <extensions>
          <ns3:TrackPointExtension>
            <ns3:hr>161</ns3:hr>
          </ns3:TrackPointExtension>
        </extensions>
      </trkpt>
      <trkpt lat="45.4287314973771572113037109375" lon="-73.67848497815430164337158203125">
        <ele>60.40000152587890625</ele>
        <time>2024-05-23T16:30:35.000Z</time>
        <extensions>
          <ns3:TrackPointExtension>
            <ns3:hr>162</ns3:hr>
          </ns3:TrackPointExtension>
        </extensions>
      </trkpt>
      <trkpt lat="45.42881104163825511932373046875" lon="-73.67895000614225864410400390625">
        <ele>60.40000152587890625</ele>
        <time>2024-05-23T16:30:44.000Z</time>
        <extensions>
          <ns3:TrackPointExtension>
            <ns3:hr>164</ns3:hr>
          </ns3:TrackPointExtension>
        </extensions>
      </trkpt>
      <trkpt lat="45.42892235331237316131591796875" lon="-73.6794610507786273956298828125">
        <ele>60</ele>
        <time>2024-05-23T16:30:54.000Z</time>
        <extensions>
          <ns3:TrackPointExtension>
            <ns3:hr>163</ns3:hr>
          </ns3:TrackPointExtension>
        </extensions>
      </trkpt>
      <trkpt lat="45.4289752431213855743408203125" lon="-73.67973203770816326141357421875">
        <ele>59.799999237060546875</ele>
        <time>2024-05-23T16:31:00.000Z</time>
        <extensions>
          <ns3:TrackPointExtension>
            <ns3:hr>163</ns3:hr>
          </ns3:TrackPointExtension>
        </extensions>
      </trkpt>
      <trkpt lat="45.42907188646495342254638671875" lon="-73.6801986582577228546142578125">
        <ele>60</ele>
        <time>2024-05-23T16:31:10.000Z</time>
        <extensions>
          <ns3:TrackPointExtension>
            <ns3:hr>164</ns3:hr>
          </ns3:TrackPointExtension>
        </extensions>
      </trkpt>
      <trkpt lat="45.42913131415843963623046875" lon="-73.680581040680408477783203125">
        <ele>60</ele>
        <time>2024-05-23T16:31:18.000Z</time>
        <extensions>
          <ns3:TrackPointExtension>
            <ns3:hr>163</ns3:hr>
          </ns3:TrackPointExtension>
        </extensions>
      </trkpt>
      <trkpt lat="45.4291834495961666107177734375" lon="-73.6811008863151073455810546875">
        <ele>59.799999237060546875</ele>
        <time>2024-05-23T16:31:29.000Z</time>
        <extensions>
          <ns3:TrackPointExtension>
            <ns3:hr>162</ns3:hr>
          </ns3:TrackPointExtension>
        </extensions>
      </trkpt>
      <trkpt lat="45.4292015545070171356201171875" lon="-73.68145250715315341949462890625">
        <ele>60.200000762939453125</ele>
        <time>2024-05-23T16:31:37.000Z</time>
        <extensions>
          <ns3:TrackPointExtension>
            <ns3:hr>163</ns3:hr>
          </ns3:TrackPointExtension>
        </extensions>
      </trkpt>
      <trkpt lat="45.4292059130966663360595703125" lon="-73.68174553848803043365478515625">
        <ele>60.40000152587890625</ele>
        <time>2024-05-23T16:31:43.000Z</time>
        <extensions>
          <ns3:TrackPointExtension>
            <ns3:hr>160</ns3:hr>
          </ns3:TrackPointExtension>
        </extensions>
      </trkpt>
      <trkpt lat="45.4292164742946624755859375" lon="-73.68184511549770832061767578125">
        <ele>60.40000152587890625</ele>
        <time>2024-05-23T16:31:45.000Z</time>
        <extensions>
          <ns3:TrackPointExtension>
            <ns3:hr>158</ns3:hr>
          </ns3:TrackPointExtension>
        </extensions>
      </trkpt>
      <trkpt lat="45.429212786257266998291015625" lon="-73.68226177990436553955078125">
        <ele>60.40000152587890625</ele>
        <time>2024-05-23T16:31:53.000Z</time>
        <extensions>
          <ns3:TrackPointExtension>
            <ns3:hr>159</ns3:hr>
          </ns3:TrackPointExtension>
        </extensions>
      </trkpt>
      <trkpt lat="45.429178588092327117919921875" lon="-73.68279646150767803192138671875">
        <ele>60.40000152587890625</ele>
        <time>2024-05-23T16:32:03.000Z</time>
        <extensions>
          <ns3:TrackPointExtension>
            <ns3:hr>158</ns3:hr>
          </ns3:TrackPointExtension>
        </extensions>
      </trkpt>
      <trkpt lat="45.42914430610835552215576171875" lon="-73.68324874900281429290771484375">
        <ele>60.40000152587890625</ele>
        <time>2024-05-23T16:32:11.000Z</time>
        <extensions>
          <ns3:TrackPointExtension>
            <ns3:hr>160</ns3:hr>
          </ns3:TrackPointExtension>
        </extensions>
      </trkpt>
      <trkpt lat="45.4291110299527645111083984375" lon="-73.683721907436847686767578125">
        <ele>60.40000152587890625</ele>
        <time>2024-05-23T16:32:20.000Z</time>
        <extensions>
          <ns3:TrackPointExtension>
            <ns3:hr>161</ns3:hr>
          </ns3:TrackPointExtension>
        </extensions>
      </trkpt>
      <trkpt lat="45.4290714673697948455810546875" lon="-73.6841009370982646942138671875">
        <ele>60.59999847412109375</ele>
        <time>2024-05-23T16:32:27.000Z</time>
        <extensions>
          <ns3:TrackPointExtension>
            <ns3:hr>158</ns3:hr>
          </ns3:TrackPointExtension>
        </extensions>
      </trkpt>
      <trkpt lat="45.42905746959149837493896484375" lon="-73.6842553317546844482421875">
        <ele>60.59999847412109375</ele>
        <time>2024-05-23T16:32:30.000Z</time>
        <extensions>
          <ns3:TrackPointExtension>
            <ns3:hr>157</ns3:hr>
          </ns3:TrackPointExtension>
        </extensions>
      </trkpt>
      <trkpt lat="45.42902142740786075592041015625" lon="-73.68457518517971038818359375">
        <ele>60.59999847412109375</ele>
        <time>2024-05-23T16:32:36.000Z</time>
        <extensions>
          <ns3:TrackPointExtension>
            <ns3:hr>160</ns3:hr>
          </ns3:TrackPointExtension>
        </extensions>
      </trkpt>
      <trkpt lat="45.42900030501186847686767578125" lon="-73.6847805418074131011962890625">
        <ele>60.799999237060546875</ele>
        <time>2024-05-23T16:32:40.000Z</time>
        <extensions>
          <ns3:TrackPointExtension>
            <ns3:hr>162</ns3:hr>
          </ns3:TrackPointExtension>
        </extensions>
      </trkpt>
      <trkpt lat="45.4289484210312366485595703125" lon="-73.6853676103055477142333984375">
        <ele>60.40000152587890625</ele>
        <time>2024-05-23T16:32:51.000Z</time>
        <extensions>
          <ns3:TrackPointExtension>
            <ns3:hr>163</ns3:hr>
          </ns3:TrackPointExtension>
        </extensions>
      </trkpt>
      <trkpt lat="45.42891799472272396087646484375" lon="-73.68585803546011447906494140625">
        <ele>60.799999237060546875</ele>
        <time>2024-05-23T16:33:00.000Z</time>
        <extensions>
          <ns3:TrackPointExtension>
            <ns3:hr>163</ns3:hr>
          </ns3:TrackPointExtension>
        </extensions>
      </trkpt>
      <trkpt lat="45.42891263030469417572021484375" lon="-73.6863808147609233856201171875">
        <ele>60.799999237060546875</ele>
        <time>2024-05-23T16:33:09.000Z</time>
        <extensions>
          <ns3:TrackPointExtension>
            <ns3:hr>164</ns3:hr>
          </ns3:TrackPointExtension>
        </extensions>
      </trkpt>
      <trkpt lat="45.42892235331237316131591796875" lon="-73.6866681464016437530517578125">
        <ele>61</ele>
        <time>2024-05-23T16:33:14.000Z</time>
        <extensions>
          <ns3:TrackPointExtension>
            <ns3:hr>167</ns3:hr>
          </ns3:TrackPointExtension>
        </extensions>
      </trkpt>
      <trkpt lat="45.4289303161203861236572265625" lon="-73.686834610998630523681640625">
        <ele>61</ele>
        <time>2024-05-23T16:33:17.000Z</time>
        <extensions>
          <ns3:TrackPointExtension>
            <ns3:hr>166</ns3:hr>
          </ns3:TrackPointExtension>
        </extensions>
      </trkpt>
      <trkpt lat="45.4289353452622890472412109375" lon="-73.6868864111602306365966796875">
        <ele>61</ele>
        <time>2024-05-23T16:33:18.000Z</time>
        <extensions>
          <ns3:TrackPointExtension>
            <ns3:hr>166</ns3:hr>
          </ns3:TrackPointExtension>
        </extensions>
      </trkpt>
      <trkpt lat="45.428984127938747406005859375" lon="-73.687299974262714385986328125">
        <ele>61</ele>
        <time>2024-05-23T16:33:26.000Z</time>
        <extensions>
          <ns3:TrackPointExtension>
            <ns3:hr>164</ns3:hr>
          </ns3:TrackPointExtension>
        </extensions>
      </trkpt>
      <trkpt lat="45.42903073132038116455078125" lon="-73.687645308673381805419921875">
        <ele>61.200000762939453125</ele>
        <time>2024-05-23T16:33:33.000Z</time>
        <extensions>
          <ns3:TrackPointExtension>
            <ns3:hr>161</ns3:hr>
          </ns3:TrackPointExtension>
        </extensions>
      </trkpt>
      <trkpt lat="45.42905042879283428192138671875" lon="-73.6877370066940784454345703125">
        <ele>61.200000762939453125</ele>
        <time>2024-05-23T16:33:35.000Z</time>
        <extensions>
          <ns3:TrackPointExtension>
            <ns3:hr>161</ns3:hr>
          </ns3:TrackPointExtension>
        </extensions>
      </trkpt>
      <trkpt lat="45.4290600679814815521240234375" lon="-73.68796960450708866119384765625">
        <ele>61.200000762939453125</ele>
        <time>2024-05-23T16:33:41.000Z</time>
        <extensions>
          <ns3:TrackPointExtension>
            <ns3:hr>160</ns3:hr>
          </ns3:TrackPointExtension>
        </extensions>
      </trkpt>
      <trkpt lat="45.42902176268398761749267578125" lon="-73.68810555897653102874755859375">
        <ele>62</ele>
        <time>2024-05-23T16:33:47.000Z</time>
        <extensions>
          <ns3:TrackPointExtension>
            <ns3:hr>160</ns3:hr>
          </ns3:TrackPointExtension>
        </extensions>
      </trkpt>
      <trkpt lat="45.42902176268398761749267578125" lon="-73.68810555897653102874755859375">
        <ele>62</ele>
        <time>2024-05-23T16:33:48.000Z</time>
        <extensions>
          <ns3:TrackPointExtension>
            <ns3:hr>160</ns3:hr>
          </ns3:TrackPointExtension>
        </extensions>
      </trkpt>
      <trkpt lat="45.42901388369500637054443359375" lon="-73.6881150305271148681640625">
        <ele>61.799999237060546875</ele>
        <time>2024-05-23T16:33:50.000Z</time>
        <extensions>
          <ns3:TrackPointExtension>
            <ns3:hr>160</ns3:hr>
          </ns3:TrackPointExtension>
        </extensions>
      </trkpt>
      <trkpt lat="45.4289950244128704071044921875" lon="-73.68812978267669677734375">
        <ele>61.799999237060546875</ele>
        <time>2024-05-23T16:33:52.000Z</time>
        <extensions>
          <ns3:TrackPointExtension>
            <ns3:hr>160</ns3:hr>
          </ns3:TrackPointExtension>
        </extensions>
      </trkpt>
      <trkpt lat="45.4289765842258930206298828125" lon="-73.68814210407435894012451171875">
        <ele>61.799999237060546875</ele>
        <time>2024-05-23T16:33:54.000Z</time>
        <extensions>
          <ns3:TrackPointExtension>
            <ns3:hr>160</ns3:hr>
          </ns3:TrackPointExtension>
        </extensions>
      </trkpt>
      <trkpt lat="45.4289718903601169586181640625" lon="-73.68814998306334018707275390625">
        <ele>62.59999847412109375</ele>
        <time>2024-05-23T16:33:58.000Z</time>
        <extensions>
          <ns3:TrackPointExtension>
            <ns3:hr>161</ns3:hr>
          </ns3:TrackPointExtension>
        </extensions>
      </trkpt>
      <trkpt lat="45.4289718903601169586181640625" lon="-73.68814998306334018707275390625">
        <ele>62.799999237060546875</ele>
        <time>2024-05-23T16:34:00.000Z</time>
        <extensions>
          <ns3:TrackPointExtension>
            <ns3:hr>158</ns3:hr>
          </ns3:TrackPointExtension>
        </extensions>
      </trkpt>
      <trkpt lat="45.4289718903601169586181640625" lon="-73.68814998306334018707275390625">
        <ele>62.799999237060546875</ele>
        <time>2024-05-23T16:34:03.000Z</time>
        <extensions>
          <ns3:TrackPointExtension>
            <ns3:hr>155</ns3:hr>
          </ns3:TrackPointExtension>
        </extensions>
      </trkpt>
      <trkpt lat="45.4289718903601169586181640625" lon="-73.68814998306334018707275390625">
        <ele>62.200000762939453125</ele>
        <time>2024-05-23T16:34:08.000Z</time>
        <extensions>
          <ns3:TrackPointExtension>
            <ns3:hr>155</ns3:hr>
          </ns3:TrackPointExtension>
        </extensions>
      </trkpt>
      <trkpt lat="45.42896761558949947357177734375" lon="-73.68815459311008453369140625">
        <ele>61.40000152587890625</ele>
        <time>2024-05-23T16:34:24.000Z</time>
        <extensions>
          <ns3:TrackPointExtension>
            <ns3:hr>154</ns3:hr>
          </ns3:TrackPointExtension>
        </extensions>
      </trkpt>
      <trkpt lat="45.42896761558949947357177734375" lon="-73.68815459311008453369140625">
        <ele>61.40000152587890625</ele>
        <time>2024-05-23T16:34:31.000Z</time>
        <extensions>
          <ns3:TrackPointExtension>
            <ns3:hr>152</ns3:hr>
          </ns3:TrackPointExtension>
        </extensions>
      </trkpt>
    </trkseg>
  </trk>
</gpx>
