<?xml version="1.0" encoding="UTF-8"?>
<gpx creator="Garmin Connect" version="1.1"
  xsi:schemaLocation="http://www.topografix.com/GPX/1/1 http://www.topografix.com/GPX/11.xsd"
  xmlns:ns3="http://www.garmin.com/xmlschemas/TrackPointExtension/v1"
  xmlns="http://www.topografix.com/GPX/1/1"
  xmlns:xsi="http://www.w3.org/2001/XMLSchema-instance" xmlns:ns2="http://www.garmin.com/xmlschemas/GpxExtensions/v3">
  <metadata>
    <link href="connect.garmin.com">
      <text>Garmin Connect</text>
    </link>
    <time>2025-08-24T09:35:22.000Z</time>
  </metadata>
  <trk>
    <name>Lauterbrunnen Walking</name>
    <type>hiking</type>
    <trkseg>
      <trkpt lat="46.56384050846099853515625" lon="7.896844781935214996337890625">
        <ele>1568.4000244140625</ele>
        <time>2025-08-24T09:35:44.000Z</time>
        <extensions>
          <ns3:TrackPointExtension>
            <ns3:hr>96</ns3:hr>
          </ns3:TrackPointExtension>
        </extensions>
      </trkpt>
      <trkpt lat="46.5637662447988986968994140625" lon="7.89684318937361240386962890625">
        <ele>1568.5999755859375</ele>
        <time>2025-08-24T09:35:49.000Z</time>
        <extensions>
          <ns3:TrackPointExtension>
            <ns3:hr>93</ns3:hr>
          </ns3:TrackPointExtension>
        </extensions>
      </trkpt>
      <trkpt lat="46.56373749487102031707763671875" lon="7.89685140363872051239013671875">
        <ele>1568.5999755859375</ele>
        <time>2025-08-24T09:35:51.000Z</time>
        <extensions>
          <ns3:TrackPointExtension>
            <ns3:hr>90</ns3:hr>
          </ns3:TrackPointExtension>
        </extensions>
      </trkpt>
      <trkpt lat="46.56371754594147205352783203125" lon="7.896865904331207275390625">
        <ele>1568.5999755859375</ele>
        <time>2025-08-24T09:35:52.000Z</time>
        <extensions>
          <ns3:TrackPointExtension>
            <ns3:hr>88</ns3:hr>
          </ns3:TrackPointExtension>
        </extensions>
      </trkpt>
      <trkpt lat="46.5637023746967315673828125" lon="7.896888367831707000732421875">
        <ele>1568.5999755859375</ele>
        <time>2025-08-24T09:35:54.000Z</time>
        <extensions>
          <ns3:TrackPointExtension>
            <ns3:hr>86</ns3:hr>
          </ns3:TrackPointExtension>
        </extensions>
      </trkpt>
      <trkpt lat="46.5636991895735263824462890625" lon="7.89689532481133937835693359375">
        <ele>1568.5999755859375</ele>
        <time>2025-08-24T09:35:55.000Z</time>
        <extensions>
          <ns3:TrackPointExtension>
            <ns3:hr>83</ns3:hr>
          </ns3:TrackPointExtension>
        </extensions>
      </trkpt>
      <trkpt lat="46.5636720322072505950927734375" lon="7.8969646431505680084228515625">
        <ele>1568.5999755859375</ele>
        <time>2025-08-24T09:35:57.000Z</time>
        <extensions>
          <ns3:TrackPointExtension>
            <ns3:hr>79</ns3:hr>
          </ns3:TrackPointExtension>
        </extensions>
      </trkpt>
      <trkpt lat="46.56365811824798583984375" lon="7.896983921527862548828125">
        <ele>1568.4000244140625</ele>
        <time>2025-08-24T09:35:59.000Z</time>
        <extensions>
          <ns3:TrackPointExtension>
            <ns3:hr>76</ns3:hr>
          </ns3:TrackPointExtension>
        </extensions>
      </trkpt>
      <trkpt lat="46.5636670030653476715087890625" lon="7.89698383770883083343505859375">
        <ele>1568.4000244140625</ele>
        <time>2025-08-24T09:36:01.000Z</time>
        <extensions>
          <ns3:TrackPointExtension>
            <ns3:hr>77</ns3:hr>
          </ns3:TrackPointExtension>
        </extensions>
      </trkpt>
      <trkpt lat="46.56367345713078975677490234375" lon="7.89701703004539012908935546875">
        <ele>1568.5999755859375</ele>
        <time>2025-08-24T09:36:06.000Z</time>
        <extensions>
          <ns3:TrackPointExtension>
            <ns3:hr>77</ns3:hr>
          </ns3:TrackPointExtension>
        </extensions>
      </trkpt>
      <trkpt lat="46.56368602998554706573486328125" lon="7.89702625013887882232666015625">
        <ele>1568.5999755859375</ele>
        <time>2025-08-24T09:36:07.000Z</time>
        <extensions>
          <ns3:TrackPointExtension>
            <ns3:hr>78</ns3:hr>
          </ns3:TrackPointExtension>
        </extensions>
      </trkpt>
      <trkpt lat="46.56369860284030437469482421875" lon="7.89703463204205036163330078125">
        <ele>1568.800048828125</ele>
        <time>2025-08-24T09:36:09.000Z</time>
        <extensions>
          <ns3:TrackPointExtension>
            <ns3:hr>79</ns3:hr>
          </ns3:TrackPointExtension>
        </extensions>
      </trkpt>
      <trkpt lat="46.5636970102787017822265625" lon="7.89704401977360248565673828125">
        <ele>1568.800048828125</ele>
        <time>2025-08-24T09:36:12.000Z</time>
        <extensions>
          <ns3:TrackPointExtension>
            <ns3:hr>81</ns3:hr>
          </ns3:TrackPointExtension>
        </extensions>
      </trkpt>
      <trkpt lat="46.563685946166515350341796875" lon="7.8970397450029850006103515625">
        <ele>1568.5999755859375</ele>
        <time>2025-08-24T09:36:15.000Z</time>
        <extensions>
          <ns3:TrackPointExtension>
            <ns3:hr>84</ns3:hr>
          </ns3:TrackPointExtension>
        </extensions>
      </trkpt>
      <trkpt lat="46.56366792507469654083251953125" lon="7.8970253281295299530029296875">
        <ele>1568.5999755859375</ele>
        <time>2025-08-24T09:36:18.000Z</time>
        <extensions>
          <ns3:TrackPointExtension>
            <ns3:hr>87</ns3:hr>
          </ns3:TrackPointExtension>
        </extensions>
      </trkpt>
      <trkpt lat="46.5636529214680194854736328125" lon="7.8970145992934703826904296875">
        <ele>1568.5999755859375</ele>
        <time>2025-08-24T09:36:21.000Z</time>
        <extensions>
          <ns3:TrackPointExtension>
            <ns3:hr>90</ns3:hr>
          </ns3:TrackPointExtension>
        </extensions>
      </trkpt>
      <trkpt lat="46.56365350820124149322509765625" lon="7.89699305780231952667236328125">
        <ele>1568.5999755859375</ele>
        <time>2025-08-24T09:36:24.000Z</time>
        <extensions>
          <ns3:TrackPointExtension>
            <ns3:hr>89</ns3:hr>
          </ns3:TrackPointExtension>
        </extensions>
      </trkpt>
      <trkpt lat="46.56359441578388214111328125" lon="7.89709649048745632171630859375">
        <ele>1568.4000244140625</ele>
        <time>2025-08-24T09:36:31.000Z</time>
        <extensions>
          <ns3:TrackPointExtension>
            <ns3:hr>87</ns3:hr>
          </ns3:TrackPointExtension>
        </extensions>
      </trkpt>
      <trkpt lat="46.56358729116618633270263671875" lon="7.89712951518595218658447265625">
        <ele>1568.5999755859375</ele>
        <time>2025-08-24T09:36:33.000Z</time>
        <extensions>
          <ns3:TrackPointExtension>
            <ns3:hr>84</ns3:hr>
          </ns3:TrackPointExtension>
        </extensions>
      </trkpt>
      <trkpt lat="46.5635851956903934478759765625" lon="7.89714024402201175689697265625">
        <ele>1568.5999755859375</ele>
        <time>2025-08-24T09:36:34.000Z</time>
        <extensions>
          <ns3:TrackPointExtension>
            <ns3:hr>80</ns3:hr>
          </ns3:TrackPointExtension>
        </extensions>
      </trkpt>
      <trkpt lat="46.5635781548917293548583984375" lon="7.89716807194054126739501953125">
        <ele>1568.5999755859375</ele>
        <time>2025-08-24T09:36:36.000Z</time>
        <extensions>
          <ns3:TrackPointExtension>
            <ns3:hr>77</ns3:hr>
          </ns3:TrackPointExtension>
        </extensions>
      </trkpt>
      <trkpt lat="46.56356985680758953094482421875" lon="7.89720646105706691741943359375">
        <ele>1568.5999755859375</ele>
        <time>2025-08-24T09:36:40.000Z</time>
        <extensions>
          <ns3:TrackPointExtension>
            <ns3:hr>76</ns3:hr>
          </ns3:TrackPointExtension>
        </extensions>
      </trkpt>
      <trkpt lat="46.56357555650174617767333984375" lon="7.8972187824547290802001953125">
        <ele>1568.5999755859375</ele>
        <time>2025-08-24T09:36:42.000Z</time>
        <extensions>
          <ns3:TrackPointExtension>
            <ns3:hr>76</ns3:hr>
          </ns3:TrackPointExtension>
        </extensions>
      </trkpt>
      <trkpt lat="46.56358041800558567047119140625" lon="7.89721651934087276458740234375">
        <ele>1568.800048828125</ele>
        <time>2025-08-24T09:36:45.000Z</time>
        <extensions>
          <ns3:TrackPointExtension>
            <ns3:hr>77</ns3:hr>
          </ns3:TrackPointExtension>
        </extensions>
      </trkpt>
      <trkpt lat="46.563576646149158477783203125" lon="7.89720964618027210235595703125">
        <ele>1569</ele>
        <time>2025-08-24T09:36:47.000Z</time>
        <extensions>
          <ns3:TrackPointExtension>
            <ns3:hr>78</ns3:hr>
          </ns3:TrackPointExtension>
        </extensions>
      </trkpt>
      <trkpt lat="46.56358108855783939361572265625" lon="7.8971772082149982452392578125">
        <ele>1568.5999755859375</ele>
        <time>2025-08-24T09:36:56.000Z</time>
        <extensions>
          <ns3:TrackPointExtension>
            <ns3:hr>79</ns3:hr>
          </ns3:TrackPointExtension>
        </extensions>
      </trkpt>
      <trkpt lat="46.563597433269023895263671875" lon="7.897139489650726318359375">
        <ele>1568.4000244140625</ele>
        <time>2025-08-24T09:37:02.000Z</time>
        <extensions>
          <ns3:TrackPointExtension>
            <ns3:hr>82</ns3:hr>
          </ns3:TrackPointExtension>
        </extensions>
      </trkpt>
      <trkpt lat="46.5636036358773708343505859375" lon="7.89712297730147838592529296875">
        <ele>1568.4000244140625</ele>
        <time>2025-08-24T09:37:03.000Z</time>
        <extensions>
          <ns3:TrackPointExtension>
            <ns3:hr>83</ns3:hr>
          </ns3:TrackPointExtension>
        </extensions>
      </trkpt>
      <trkpt lat="46.56361478380858898162841796875" lon="7.89702423848211765289306640625">
        <ele>1568.5999755859375</ele>
        <time>2025-08-24T09:37:10.000Z</time>
        <extensions>
          <ns3:TrackPointExtension>
            <ns3:hr>83</ns3:hr>
          </ns3:TrackPointExtension>
        </extensions>
      </trkpt>
      <trkpt lat="46.5636110119521617889404296875" lon="7.8970145992934703826904296875">
        <ele>1568.4000244140625</ele>
        <time>2025-08-24T09:37:12.000Z</time>
        <extensions>
          <ns3:TrackPointExtension>
            <ns3:hr>83</ns3:hr>
          </ns3:TrackPointExtension>
        </extensions>
      </trkpt>
      <trkpt lat="46.563589386641979217529296875" lon="7.89700898341834545135498046875">
        <ele>1568.199951171875</ele>
        <time>2025-08-24T09:37:17.000Z</time>
        <extensions>
          <ns3:TrackPointExtension>
            <ns3:hr>86</ns3:hr>
          </ns3:TrackPointExtension>
        </extensions>
      </trkpt>
      <trkpt lat="46.563591063022613525390625" lon="7.89697252213954925537109375">
        <ele>1568.199951171875</ele>
        <time>2025-08-24T09:37:19.000Z</time>
        <extensions>
          <ns3:TrackPointExtension>
            <ns3:hr>89</ns3:hr>
          </ns3:TrackPointExtension>
        </extensions>
      </trkpt>
      <trkpt lat="46.563589386641979217529296875" lon="7.89695047773420810699462890625">
        <ele>1568.199951171875</ele>
        <time>2025-08-24T09:37:41.000Z</time>
        <extensions>
          <ns3:TrackPointExtension>
            <ns3:hr>93</ns3:hr>
          </ns3:TrackPointExtension>
        </extensions>
      </trkpt>
      <trkpt lat="46.56358963809907436370849609375" lon="7.89695131592452526092529296875">
        <ele>1568.199951171875</ele>
        <time>2025-08-24T09:37:42.000Z</time>
        <extensions>
          <ns3:TrackPointExtension>
            <ns3:hr>90</ns3:hr>
          </ns3:TrackPointExtension>
        </extensions>
      </trkpt>
      <trkpt lat="46.5635908953845500946044921875" lon="7.89695064537227153778076171875">
        <ele>1568.199951171875</ele>
        <time>2025-08-24T09:37:47.000Z</time>
        <extensions>
          <ns3:TrackPointExtension>
            <ns3:hr>87</ns3:hr>
          </ns3:TrackPointExtension>
        </extensions>
      </trkpt>
      <trkpt lat="46.563553847372531890869140625" lon="7.896916866302490234375">
        <ele>1568.199951171875</ele>
        <time>2025-08-24T09:37:59.000Z</time>
        <extensions>
          <ns3:TrackPointExtension>
            <ns3:hr>84</ns3:hr>
          </ns3:TrackPointExtension>
        </extensions>
      </trkpt>
      <trkpt lat="46.5635360777378082275390625" lon="7.896911837160587310791015625">
        <ele>1568.199951171875</ele>
        <time>2025-08-24T09:38:00.000Z</time>
        <extensions>
          <ns3:TrackPointExtension>
            <ns3:hr>87</ns3:hr>
          </ns3:TrackPointExtension>
        </extensions>
      </trkpt>
      <trkpt lat="46.56348419375717639923095703125" lon="7.89689004421234130859375">
        <ele>1568.199951171875</ele>
        <time>2025-08-24T09:38:04.000Z</time>
        <extensions>
          <ns3:TrackPointExtension>
            <ns3:hr>86</ns3:hr>
          </ns3:TrackPointExtension>
        </extensions>
      </trkpt>
      <trkpt lat="46.56346441246569156646728515625" lon="7.8968825004994869232177734375">
        <ele>1568.199951171875</ele>
        <time>2025-08-24T09:38:06.000Z</time>
        <extensions>
          <ns3:TrackPointExtension>
            <ns3:hr>86</ns3:hr>
          </ns3:TrackPointExtension>
        </extensions>
      </trkpt>
      <trkpt lat="46.56344865448772907257080078125" lon="7.8968768008053302764892578125">
        <ele>1568.199951171875</ele>
        <time>2025-08-24T09:38:08.000Z</time>
        <extensions>
          <ns3:TrackPointExtension>
            <ns3:hr>86</ns3:hr>
          </ns3:TrackPointExtension>
        </extensions>
      </trkpt>
      <trkpt lat="46.56335863284766674041748046875" lon="7.89686850272119045257568359375">
        <ele>1567.800048828125</ele>
        <time>2025-08-24T09:38:15.000Z</time>
        <extensions>
          <ns3:TrackPointExtension>
            <ns3:hr>83</ns3:hr>
          </ns3:TrackPointExtension>
        </extensions>
      </trkpt>
      <trkpt lat="46.5633357502520084381103515625" lon="7.89685274474322795867919921875">
        <ele>1567.800048828125</ele>
        <time>2025-08-24T09:38:17.000Z</time>
        <extensions>
          <ns3:TrackPointExtension>
            <ns3:hr>83</ns3:hr>
          </ns3:TrackPointExtension>
        </extensions>
      </trkpt>
      <trkpt lat="46.56320138834416866302490234375" lon="7.89685157127678394317626953125">
        <ele>1567.800048828125</ele>
        <time>2025-08-24T09:38:25.000Z</time>
        <extensions>
          <ns3:TrackPointExtension>
            <ns3:hr>84</ns3:hr>
          </ns3:TrackPointExtension>
        </extensions>
      </trkpt>
      <trkpt lat="46.56314439140260219573974609375" lon="7.89683581329882144927978515625">
        <ele>1567.5999755859375</ele>
        <time>2025-08-24T09:38:29.000Z</time>
        <extensions>
          <ns3:TrackPointExtension>
            <ns3:hr>87</ns3:hr>
          </ns3:TrackPointExtension>
        </extensions>
      </trkpt>
      <trkpt lat="46.56309259124100208282470703125" lon="7.89685048162937164306640625">
        <ele>1567.4000244140625</ele>
        <time>2025-08-24T09:38:32.000Z</time>
        <extensions>
          <ns3:TrackPointExtension>
            <ns3:hr>86</ns3:hr>
          </ns3:TrackPointExtension>
        </extensions>
      </trkpt>
      <trkpt lat="46.56296753324568271636962890625" lon="7.8968938998878002166748046875">
        <ele>1567.199951171875</ele>
        <time>2025-08-24T09:38:42.000Z</time>
        <extensions>
          <ns3:TrackPointExtension>
            <ns3:hr>84</ns3:hr>
          </ns3:TrackPointExtension>
        </extensions>
      </trkpt>
      <trkpt lat="46.562955714762210845947265625" lon="7.89689817465841770172119140625">
        <ele>1567.199951171875</ele>
        <time>2025-08-24T09:38:43.000Z</time>
        <extensions>
          <ns3:TrackPointExtension>
            <ns3:hr>84</ns3:hr>
          </ns3:TrackPointExtension>
        </extensions>
      </trkpt>
      <trkpt lat="46.56289712525904178619384765625" lon="7.89694678969681262969970703125">
        <ele>1567.4000244140625</ele>
        <time>2025-08-24T09:38:47.000Z</time>
        <extensions>
          <ns3:TrackPointExtension>
            <ns3:hr>84</ns3:hr>
          </ns3:TrackPointExtension>
        </extensions>
      </trkpt>
      <trkpt lat="46.56278262846171855926513671875" lon="7.89711895398795604705810546875">
        <ele>1567</ele>
        <time>2025-08-24T09:38:56.000Z</time>
        <extensions>
          <ns3:TrackPointExtension>
            <ns3:hr>83</ns3:hr>
          </ns3:TrackPointExtension>
        </extensions>
      </trkpt>
      <trkpt lat="46.56275295652449131011962890625" lon="7.89723261259496212005615234375">
        <ele>1567</ele>
        <time>2025-08-24T09:39:02.000Z</time>
        <extensions>
          <ns3:TrackPointExtension>
            <ns3:hr>86</ns3:hr>
          </ns3:TrackPointExtension>
        </extensions>
      </trkpt>
      <trkpt lat="46.56275211833417415618896484375" lon="7.89724652655422687530517578125">
        <ele>1567</ele>
        <time>2025-08-24T09:39:03.000Z</time>
        <extensions>
          <ns3:TrackPointExtension>
            <ns3:hr>85</ns3:hr>
          </ns3:TrackPointExtension>
        </extensions>
      </trkpt>
      <trkpt lat="46.56269545666873455047607421875" lon="7.89732699282467365264892578125">
        <ele>1567</ele>
        <time>2025-08-24T09:39:09.000Z</time>
        <extensions>
          <ns3:TrackPointExtension>
            <ns3:hr>87</ns3:hr>
          </ns3:TrackPointExtension>
        </extensions>
      </trkpt>
      <trkpt lat="46.56268204562366008758544921875" lon="7.89733638055622577667236328125">
        <ele>1567</ele>
        <time>2025-08-24T09:39:10.000Z</time>
        <extensions>
          <ns3:TrackPointExtension>
            <ns3:hr>93</ns3:hr>
          </ns3:TrackPointExtension>
        </extensions>
      </trkpt>
      <trkpt lat="46.56267014332115650177001953125" lon="7.89734174497425556182861328125">
        <ele>1567</ele>
        <time>2025-08-24T09:39:11.000Z</time>
        <extensions>
          <ns3:TrackPointExtension>
            <ns3:hr>96</ns3:hr>
          </ns3:TrackPointExtension>
        </extensions>
      </trkpt>
      <trkpt lat="46.5626541338860988616943359375" lon="7.89734459482133388519287109375">
        <ele>1567</ele>
        <time>2025-08-24T09:39:12.000Z</time>
        <extensions>
          <ns3:TrackPointExtension>
            <ns3:hr>100</ns3:hr>
          </ns3:TrackPointExtension>
        </extensions>
      </trkpt>
      <trkpt lat="46.5626440756022930145263671875" lon="7.8973448462784290313720703125">
        <ele>1567</ele>
        <time>2025-08-24T09:39:13.000Z</time>
        <extensions>
          <ns3:TrackPointExtension>
            <ns3:hr>100</ns3:hr>
          </ns3:TrackPointExtension>
        </extensions>
      </trkpt>
      <trkpt lat="46.5626185946166515350341796875" lon="7.897343672811985015869140625">
        <ele>1566.800048828125</ele>
        <time>2025-08-24T09:39:15.000Z</time>
        <extensions>
          <ns3:TrackPointExtension>
            <ns3:hr>104</ns3:hr>
          </ns3:TrackPointExtension>
        </extensions>
      </trkpt>
      <trkpt lat="46.56260560266673564910888671875" lon="7.8973435051739215850830078125">
        <ele>1566.800048828125</ele>
        <time>2025-08-24T09:39:16.000Z</time>
        <extensions>
          <ns3:TrackPointExtension>
            <ns3:hr>108</ns3:hr>
          </ns3:TrackPointExtension>
        </extensions>
      </trkpt>
      <trkpt lat="46.5625361166894435882568359375" lon="7.8973394818603992462158203125">
        <ele>1567</ele>
        <time>2025-08-24T09:39:22.000Z</time>
        <extensions>
          <ns3:TrackPointExtension>
            <ns3:hr>112</ns3:hr>
          </ns3:TrackPointExtension>
        </extensions>
      </trkpt>
      <trkpt lat="46.56252379529178142547607421875" lon="7.8973312675952911376953125">
        <ele>1566.800048828125</ele>
        <time>2025-08-24T09:39:23.000Z</time>
        <extensions>
          <ns3:TrackPointExtension>
            <ns3:hr>113</ns3:hr>
          </ns3:TrackPointExtension>
        </extensions>
      </trkpt>
      <trkpt lat="46.56246311031281948089599609375" lon="7.89730017073452472686767578125">
        <ele>1566.800048828125</ele>
        <time>2025-08-24T09:39:28.000Z</time>
        <extensions>
          <ns3:TrackPointExtension>
            <ns3:hr>116</ns3:hr>
          </ns3:TrackPointExtension>
        </extensions>
      </trkpt>
      <trkpt lat="46.5624202787876129150390625" lon="7.8972534835338592529296875">
        <ele>1567</ele>
        <time>2025-08-24T09:39:32.000Z</time>
        <extensions>
          <ns3:TrackPointExtension>
            <ns3:hr>117</ns3:hr>
          </ns3:TrackPointExtension>
        </extensions>
      </trkpt>
      <trkpt lat="46.56230703927576541900634765625" lon="7.897192128002643585205078125">
        <ele>1567.199951171875</ele>
        <time>2025-08-24T09:39:41.000Z</time>
        <extensions>
          <ns3:TrackPointExtension>
            <ns3:hr>117</ns3:hr>
          </ns3:TrackPointExtension>
        </extensions>
      </trkpt>
      <trkpt lat="46.5622271597385406494140625" lon="7.89714074693620204925537109375">
        <ele>1567.4000244140625</ele>
        <time>2025-08-24T09:39:48.000Z</time>
        <extensions>
          <ns3:TrackPointExtension>
            <ns3:hr>117</ns3:hr>
          </ns3:TrackPointExtension>
        </extensions>
      </trkpt>
      <trkpt lat="46.56221584416925907135009765625" lon="7.89713387377560138702392578125">
        <ele>1567.4000244140625</ele>
        <time>2025-08-24T09:39:49.000Z</time>
        <extensions>
          <ns3:TrackPointExtension>
            <ns3:hr>117</ns3:hr>
          </ns3:TrackPointExtension>
        </extensions>
      </trkpt>
      <trkpt lat="46.56210578978061676025390625" lon="7.8970648907124996185302734375">
        <ele>1567.800048828125</ele>
        <time>2025-08-24T09:39:59.000Z</time>
        <extensions>
          <ns3:TrackPointExtension>
            <ns3:hr>117</ns3:hr>
          </ns3:TrackPointExtension>
        </extensions>
      </trkpt>
      <trkpt lat="46.56197796575725078582763671875" lon="7.89699171669781208038330078125">
        <ele>1568.199951171875</ele>
        <time>2025-08-24T09:40:09.000Z</time>
        <extensions>
          <ns3:TrackPointExtension>
            <ns3:hr>115</ns3:hr>
          </ns3:TrackPointExtension>
        </extensions>
      </trkpt>
      <trkpt lat="46.56193538568913936614990234375" lon="7.896978557109832763671875">
        <ele>1568.4000244140625</ele>
        <time>2025-08-24T09:40:12.000Z</time>
        <extensions>
          <ns3:TrackPointExtension>
            <ns3:hr>114</ns3:hr>
          </ns3:TrackPointExtension>
        </extensions>
      </trkpt>
      <trkpt lat="46.5618853457272052764892578125" lon="7.89694192819297313690185546875">
        <ele>1568.5999755859375</ele>
        <time>2025-08-24T09:40:16.000Z</time>
        <extensions>
          <ns3:TrackPointExtension>
            <ns3:hr>114</ns3:hr>
          </ns3:TrackPointExtension>
        </extensions>
      </trkpt>
      <trkpt lat="46.5618119202554225921630859375" lon="7.89684888906776905059814453125">
        <ele>1569</ele>
        <time>2025-08-24T09:40:24.000Z</time>
        <extensions>
          <ns3:TrackPointExtension>
            <ns3:hr>116</ns3:hr>
          </ns3:TrackPointExtension>
        </extensions>
      </trkpt>
      <trkpt lat="46.5617874450981616973876953125" lon="7.89683966897428035736083984375">
        <ele>1569.199951171875</ele>
        <time>2025-08-24T09:40:26.000Z</time>
        <extensions>
          <ns3:TrackPointExtension>
            <ns3:hr>116</ns3:hr>
          </ns3:TrackPointExtension>
        </extensions>
      </trkpt>
      <trkpt lat="46.561756767332553863525390625" lon="7.89682609029114246368408203125">
        <ele>1569.199951171875</ele>
        <time>2025-08-24T09:40:29.000Z</time>
        <extensions>
          <ns3:TrackPointExtension>
            <ns3:hr>116</ns3:hr>
          </ns3:TrackPointExtension>
        </extensions>
      </trkpt>
      <trkpt lat="46.5617170371115207672119140625" lon="7.8967963345348834991455078125">
        <ele>1569.4000244140625</ele>
        <time>2025-08-24T09:40:31.000Z</time>
        <extensions>
          <ns3:TrackPointExtension>
            <ns3:hr>116</ns3:hr>
          </ns3:TrackPointExtension>
        </extensions>
      </trkpt>
      <trkpt lat="46.56171427108347415924072265625" lon="7.89677227847278118133544921875">
        <ele>1569.4000244140625</ele>
        <time>2025-08-24T09:40:32.000Z</time>
        <extensions>
          <ns3:TrackPointExtension>
            <ns3:hr>113</ns3:hr>
          </ns3:TrackPointExtension>
        </extensions>
      </trkpt>
      <trkpt lat="46.5616674162447452545166015625" lon="7.89671846665441989898681640625">
        <ele>1569.4000244140625</ele>
        <time>2025-08-24T09:40:35.000Z</time>
        <extensions>
          <ns3:TrackPointExtension>
            <ns3:hr>116</ns3:hr>
          </ns3:TrackPointExtension>
        </extensions>
      </trkpt>
      <trkpt lat="46.561638750135898590087890625" lon="7.896719388663768768310546875">
        <ele>1569.4000244140625</ele>
        <time>2025-08-24T09:40:36.000Z</time>
        <extensions>
          <ns3:TrackPointExtension>
            <ns3:hr>116</ns3:hr>
          </ns3:TrackPointExtension>
        </extensions>
      </trkpt>
      <trkpt lat="46.56158141791820526123046875" lon="7.89669759571552276611328125">
        <ele>1569.5999755859375</ele>
        <time>2025-08-24T09:40:39.000Z</time>
        <extensions>
          <ns3:TrackPointExtension>
            <ns3:hr>117</ns3:hr>
          </ns3:TrackPointExtension>
        </extensions>
      </trkpt>
      <trkpt lat="46.5615366585552692413330078125" lon="7.89664671756327152252197265625">
        <ele>1569.4000244140625</ele>
        <time>2025-08-24T09:40:43.000Z</time>
        <extensions>
          <ns3:TrackPointExtension>
            <ns3:hr>116</ns3:hr>
          </ns3:TrackPointExtension>
        </extensions>
      </trkpt>
      <trkpt lat="46.561489887535572052001953125" lon="7.89660816080868244171142578125">
        <ele>1569.4000244140625</ele>
        <time>2025-08-24T09:40:46.000Z</time>
        <extensions>
          <ns3:TrackPointExtension>
            <ns3:hr>120</ns3:hr>
          </ns3:TrackPointExtension>
        </extensions>
      </trkpt>
      <trkpt lat="46.56135150231420993804931640625" lon="7.896541021764278411865234375">
        <ele>1569.800048828125</ele>
        <time>2025-08-24T09:40:53.000Z</time>
        <extensions>
          <ns3:TrackPointExtension>
            <ns3:hr>121</ns3:hr>
          </ns3:TrackPointExtension>
        </extensions>
      </trkpt>
      <trkpt lat="46.56134211458265781402587890625" lon="7.8965244255959987640380859375">
        <ele>1569.800048828125</ele>
        <time>2025-08-24T09:40:55.000Z</time>
        <extensions>
          <ns3:TrackPointExtension>
            <ns3:hr>121</ns3:hr>
          </ns3:TrackPointExtension>
        </extensions>
      </trkpt>
      <trkpt lat="46.56131747178733348846435546875" lon="7.89650355465710163116455078125">
        <ele>1569.800048828125</ele>
        <time>2025-08-24T09:40:58.000Z</time>
        <extensions>
          <ns3:TrackPointExtension>
            <ns3:hr>120</ns3:hr>
          </ns3:TrackPointExtension>
        </extensions>
      </trkpt>
      <trkpt lat="46.561309508979320526123046875" lon="7.89649819023907184600830078125">
        <ele>1569.800048828125</ele>
        <time>2025-08-24T09:40:59.000Z</time>
        <extensions>
          <ns3:TrackPointExtension>
            <ns3:hr>120</ns3:hr>
          </ns3:TrackPointExtension>
        </extensions>
      </trkpt>
      <trkpt lat="46.561294086277484893798828125" lon="7.8964898921549320220947265625">
        <ele>1569.800048828125</ele>
        <time>2025-08-24T09:41:01.000Z</time>
        <extensions>
          <ns3:TrackPointExtension>
            <ns3:hr>119</ns3:hr>
          </ns3:TrackPointExtension>
        </extensions>
      </trkpt>
      <trkpt lat="46.56127857975661754608154296875" lon="7.89647589437663555145263671875">
        <ele>1569.800048828125</ele>
        <time>2025-08-24T09:41:03.000Z</time>
        <extensions>
          <ns3:TrackPointExtension>
            <ns3:hr>119</ns3:hr>
          </ns3:TrackPointExtension>
        </extensions>
      </trkpt>
      <trkpt lat="46.5612057410180568695068359375" lon="7.89645192213356494903564453125">
        <ele>1569.5999755859375</ele>
        <time>2025-08-24T09:41:08.000Z</time>
        <extensions>
          <ns3:TrackPointExtension>
            <ns3:hr>116</ns3:hr>
          </ns3:TrackPointExtension>
        </extensions>
      </trkpt>
      <trkpt lat="46.561186127364635467529296875" lon="7.8964308835566043853759765625">
        <ele>1569.5999755859375</ele>
        <time>2025-08-24T09:41:09.000Z</time>
        <extensions>
          <ns3:TrackPointExtension>
            <ns3:hr>115</ns3:hr>
          </ns3:TrackPointExtension>
        </extensions>
      </trkpt>
      <trkpt lat="46.5611515939235687255859375" lon="7.8963661752641201019287109375">
        <ele>1569.4000244140625</ele>
        <time>2025-08-24T09:41:12.000Z</time>
        <extensions>
          <ns3:TrackPointExtension>
            <ns3:hr>112</ns3:hr>
          </ns3:TrackPointExtension>
        </extensions>
      </trkpt>
      <trkpt lat="46.5611289627850055694580078125" lon="7.89631429128348827362060546875">
        <ele>1569.4000244140625</ele>
        <time>2025-08-24T09:41:15.000Z</time>
        <extensions>
          <ns3:TrackPointExtension>
            <ns3:hr>111</ns3:hr>
          </ns3:TrackPointExtension>
        </extensions>
      </trkpt>
      <trkpt lat="46.56111664138734340667724609375" lon="7.8962342441082000732421875">
        <ele>1569.4000244140625</ele>
        <time>2025-08-24T09:41:19.000Z</time>
        <extensions>
          <ns3:TrackPointExtension>
            <ns3:hr>108</ns3:hr>
          </ns3:TrackPointExtension>
        </extensions>
      </trkpt>
      <trkpt lat="46.5610877238214015960693359375" lon="7.89620214141905307769775390625">
        <ele>1569.4000244140625</ele>
        <time>2025-08-24T09:41:21.000Z</time>
        <extensions>
          <ns3:TrackPointExtension>
            <ns3:hr>108</ns3:hr>
          </ns3:TrackPointExtension>
        </extensions>
      </trkpt>
      <trkpt lat="46.5609504282474517822265625" lon="7.8961274586617946624755859375">
        <ele>1569.199951171875</ele>
        <time>2025-08-24T09:41:29.000Z</time>
        <extensions>
          <ns3:TrackPointExtension>
            <ns3:hr>106</ns3:hr>
          </ns3:TrackPointExtension>
        </extensions>
      </trkpt>
      <trkpt lat="46.5609304793179035186767578125" lon="7.89611161686480045318603515625">
        <ele>1569.199951171875</ele>
        <time>2025-08-24T09:41:31.000Z</time>
        <extensions>
          <ns3:TrackPointExtension>
            <ns3:hr>105</ns3:hr>
          </ns3:TrackPointExtension>
        </extensions>
      </trkpt>
      <trkpt lat="46.56089787371456623077392578125" lon="7.8960590623319149017333984375">
        <ele>1569</ele>
        <time>2025-08-24T09:41:35.000Z</time>
        <extensions>
          <ns3:TrackPointExtension>
            <ns3:hr>105</ns3:hr>
          </ns3:TrackPointExtension>
        </extensions>
      </trkpt>
      <trkpt lat="46.56082310713827610015869140625" lon="7.89598572067916393280029296875">
        <ele>1568.5999755859375</ele>
        <time>2025-08-24T09:41:42.000Z</time>
        <extensions>
          <ns3:TrackPointExtension>
            <ns3:hr>105</ns3:hr>
          </ns3:TrackPointExtension>
        </extensions>
      </trkpt>
      <trkpt lat="46.5608091093599796295166015625" lon="7.8959423862397670745849609375">
        <ele>1568.5999755859375</ele>
        <time>2025-08-24T09:41:45.000Z</time>
        <extensions>
          <ns3:TrackPointExtension>
            <ns3:hr>105</ns3:hr>
          </ns3:TrackPointExtension>
        </extensions>
      </trkpt>
      <trkpt lat="46.56079309992492198944091796875" lon="7.8959142230451107025146484375">
        <ele>1568.4000244140625</ele>
        <time>2025-08-24T09:41:48.000Z</time>
        <extensions>
          <ns3:TrackPointExtension>
            <ns3:hr>105</ns3:hr>
          </ns3:TrackPointExtension>
        </extensions>
      </trkpt>
      <trkpt lat="46.56079284846782684326171875" lon="7.8959071822464466094970703125">
        <ele>1568.4000244140625</ele>
        <time>2025-08-24T09:41:50.000Z</time>
        <extensions>
          <ns3:TrackPointExtension>
            <ns3:hr>103</ns3:hr>
          </ns3:TrackPointExtension>
        </extensions>
      </trkpt>
      <trkpt lat="46.56078840605914592742919921875" lon="7.89590391330420970916748046875">
        <ele>1568.4000244140625</ele>
        <time>2025-08-24T09:41:52.000Z</time>
        <extensions>
          <ns3:TrackPointExtension>
            <ns3:hr>104</ns3:hr>
          </ns3:TrackPointExtension>
        </extensions>
      </trkpt>
      <trkpt lat="46.5607819519937038421630859375" lon="7.8959075175225734710693359375">
        <ele>1568.4000244140625</ele>
        <time>2025-08-24T09:41:54.000Z</time>
        <extensions>
          <ns3:TrackPointExtension>
            <ns3:hr>103</ns3:hr>
          </ns3:TrackPointExtension>
        </extensions>
      </trkpt>
      <trkpt lat="46.5607559680938720703125" lon="7.895966358482837677001953125">
        <ele>1567.800048828125</ele>
        <time>2025-08-24T09:42:00.000Z</time>
        <extensions>
          <ns3:TrackPointExtension>
            <ns3:hr>101</ns3:hr>
          </ns3:TrackPointExtension>
        </extensions>
      </trkpt>
      <trkpt lat="46.560746915638446807861328125" lon="7.89598203264176845550537109375">
        <ele>1567.5999755859375</ele>
        <time>2025-08-24T09:42:02.000Z</time>
        <extensions>
          <ns3:TrackPointExtension>
            <ns3:hr>101</ns3:hr>
          </ns3:TrackPointExtension>
        </extensions>
      </trkpt>
      <trkpt lat="46.56072872690856456756591796875" lon="7.89599929936230182647705078125">
        <ele>1567.4000244140625</ele>
        <time>2025-08-24T09:42:05.000Z</time>
        <extensions>
          <ns3:TrackPointExtension>
            <ns3:hr>98</ns3:hr>
          </ns3:TrackPointExtension>
        </extensions>
      </trkpt>
      <trkpt lat="46.56071774661540985107421875" lon="7.89600349031388759613037109375">
        <ele>1567.4000244140625</ele>
        <time>2025-08-24T09:42:06.000Z</time>
        <extensions>
          <ns3:TrackPointExtension>
            <ns3:hr>98</ns3:hr>
          </ns3:TrackPointExtension>
        </extensions>
      </trkpt>
      <trkpt lat="46.56068011187016963958740234375" lon="7.8960825316607952117919921875">
        <ele>1566.5999755859375</ele>
        <time>2025-08-24T09:42:14.000Z</time>
        <extensions>
          <ns3:TrackPointExtension>
            <ns3:hr>95</ns3:hr>
          </ns3:TrackPointExtension>
        </extensions>
      </trkpt>
      <trkpt lat="46.56067558564245700836181640625" lon="7.896091081202030181884765625">
        <ele>1566.4000244140625</ele>
        <time>2025-08-24T09:42:15.000Z</time>
        <extensions>
          <ns3:TrackPointExtension>
            <ns3:hr>95</ns3:hr>
          </ns3:TrackPointExtension>
        </extensions>
      </trkpt>
      <trkpt lat="46.5606701374053955078125" lon="7.8961003012955188751220703125">
        <ele>1566.199951171875</ele>
        <time>2025-08-24T09:42:16.000Z</time>
        <extensions>
          <ns3:TrackPointExtension>
            <ns3:hr>95</ns3:hr>
          </ns3:TrackPointExtension>
        </extensions>
      </trkpt>
      <trkpt lat="46.560660414397716522216796875" lon="7.89611128158867359161376953125">
        <ele>1566.199951171875</ele>
        <time>2025-08-24T09:42:17.000Z</time>
        <extensions>
          <ns3:TrackPointExtension>
            <ns3:hr>95</ns3:hr>
          </ns3:TrackPointExtension>
        </extensions>
      </trkpt>
      <trkpt lat="46.5606421418488025665283203125" lon="7.8961368463933467864990234375">
        <ele>1565.199951171875</ele>
        <time>2025-08-24T09:42:22.000Z</time>
        <extensions>
          <ns3:TrackPointExtension>
            <ns3:hr>94</ns3:hr>
          </ns3:TrackPointExtension>
        </extensions>
      </trkpt>
      <trkpt lat="46.56064222566783428192138671875" lon="7.89613793604075908660888671875">
        <ele>1565.199951171875</ele>
        <time>2025-08-24T09:42:23.000Z</time>
        <extensions>
          <ns3:TrackPointExtension>
            <ns3:hr>94</ns3:hr>
          </ns3:TrackPointExtension>
        </extensions>
      </trkpt>
      <trkpt lat="46.5606366097927093505859375" lon="7.896148078143596649169921875">
        <ele>1565</ele>
        <time>2025-08-24T09:42:32.000Z</time>
        <extensions>
          <ns3:TrackPointExtension>
            <ns3:hr>97</ns3:hr>
          </ns3:TrackPointExtension>
        </extensions>
      </trkpt>
      <trkpt lat="46.56063568778336048126220703125" lon="7.89615000598132610321044921875">
        <ele>1565.4000244140625</ele>
        <time>2025-08-24T09:42:34.000Z</time>
        <extensions>
          <ns3:TrackPointExtension>
            <ns3:hr>97</ns3:hr>
          </ns3:TrackPointExtension>
        </extensions>
      </trkpt>
      <trkpt lat="46.5606471709907054901123046875" lon="7.8961336612701416015625">
        <ele>1565.800048828125</ele>
        <time>2025-08-24T09:43:05.000Z</time>
        <extensions>
          <ns3:TrackPointExtension>
            <ns3:hr>100</ns3:hr>
          </ns3:TrackPointExtension>
        </extensions>
      </trkpt>
      <trkpt lat="46.56065764836966991424560546875" lon="7.8961184062063694000244140625">
        <ele>1566</ele>
        <time>2025-08-24T09:43:13.000Z</time>
        <extensions>
          <ns3:TrackPointExtension>
            <ns3:hr>103</ns3:hr>
          </ns3:TrackPointExtension>
        </extensions>
      </trkpt>
      <trkpt lat="46.56065848655998706817626953125" lon="7.8961162269115447998046875">
        <ele>1566.4000244140625</ele>
        <time>2025-08-24T09:43:18.000Z</time>
        <extensions>
          <ns3:TrackPointExtension>
            <ns3:hr>101</ns3:hr>
          </ns3:TrackPointExtension>
        </extensions>
      </trkpt>
      <trkpt lat="46.56065966002643108367919921875" lon="7.896086387336254119873046875">
        <ele>1567.4000244140625</ele>
        <time>2025-08-24T09:43:28.000Z</time>
        <extensions>
          <ns3:TrackPointExtension>
            <ns3:hr>101</ns3:hr>
          </ns3:TrackPointExtension>
        </extensions>
      </trkpt>
      <trkpt lat="46.560693942010402679443359375" lon="7.8960329107940196990966796875">
        <ele>1567.199951171875</ele>
        <time>2025-08-24T09:43:33.000Z</time>
        <extensions>
          <ns3:TrackPointExtension>
            <ns3:hr>101</ns3:hr>
          </ns3:TrackPointExtension>
        </extensions>
      </trkpt>
      <trkpt lat="46.5607031621038913726806640625" lon="7.89601740427315235137939453125">
        <ele>1567.4000244140625</ele>
        <time>2025-08-24T09:43:34.000Z</time>
        <extensions>
          <ns3:TrackPointExtension>
            <ns3:hr>100</ns3:hr>
          </ns3:TrackPointExtension>
        </extensions>
      </trkpt>
      <trkpt lat="46.56070877797901630401611328125" lon="7.89597180671989917755126953125">
        <ele>1568.800048828125</ele>
        <time>2025-08-24T09:43:38.000Z</time>
        <extensions>
          <ns3:TrackPointExtension>
            <ns3:hr>99</ns3:hr>
          </ns3:TrackPointExtension>
        </extensions>
      </trkpt>
      <trkpt lat="46.56070508994162082672119140625" lon="7.89595437236130237579345703125">
        <ele>1569</ele>
        <time>2025-08-24T09:43:40.000Z</time>
        <extensions>
          <ns3:TrackPointExtension>
            <ns3:hr>99</ns3:hr>
          </ns3:TrackPointExtension>
        </extensions>
      </trkpt>
      <trkpt lat="46.56067625619471073150634765625" lon="7.89592268876731395721435546875">
        <ele>1569</ele>
        <time>2025-08-24T09:43:44.000Z</time>
        <extensions>
          <ns3:TrackPointExtension>
            <ns3:hr>97</ns3:hr>
          </ns3:TrackPointExtension>
        </extensions>
      </trkpt>
      <trkpt lat="46.56064792536199092864990234375" lon="7.89588488638401031494140625">
        <ele>1569</ele>
        <time>2025-08-24T09:43:47.000Z</time>
        <extensions>
          <ns3:TrackPointExtension>
            <ns3:hr>95</ns3:hr>
          </ns3:TrackPointExtension>
        </extensions>
      </trkpt>
      <trkpt lat="46.56059897504746913909912109375" lon="7.89579528383910655975341796875">
        <ele>1568.800048828125</ele>
        <time>2025-08-24T09:43:53.000Z</time>
        <extensions>
          <ns3:TrackPointExtension>
            <ns3:hr>95</ns3:hr>
          </ns3:TrackPointExtension>
        </extensions>
      </trkpt>
      <trkpt lat="46.56057366169989109039306640625" lon="7.895770557224750518798828125">
        <ele>1568.800048828125</ele>
        <time>2025-08-24T09:43:55.000Z</time>
        <extensions>
          <ns3:TrackPointExtension>
            <ns3:hr>97</ns3:hr>
          </ns3:TrackPointExtension>
        </extensions>
      </trkpt>
      <trkpt lat="46.56054331921041011810302734375" lon="7.895696461200714111328125">
        <ele>1568.5999755859375</ele>
        <time>2025-08-24T09:43:59.000Z</time>
        <extensions>
          <ns3:TrackPointExtension>
            <ns3:hr>100</ns3:hr>
          </ns3:TrackPointExtension>
        </extensions>
      </trkpt>
      <trkpt lat="46.5605231188237667083740234375" lon="7.89563351310789585113525390625">
        <ele>1568.5999755859375</ele>
        <time>2025-08-24T09:44:02.000Z</time>
        <extensions>
          <ns3:TrackPointExtension>
            <ns3:hr>103</ns3:hr>
          </ns3:TrackPointExtension>
        </extensions>
      </trkpt>
      <trkpt lat="46.56051767058670520782470703125" lon="7.89561658166348934173583984375">
        <ele>1568.5999755859375</ele>
        <time>2025-08-24T09:44:03.000Z</time>
        <extensions>
          <ns3:TrackPointExtension>
            <ns3:hr>106</ns3:hr>
          </ns3:TrackPointExtension>
        </extensions>
      </trkpt>
      <trkpt lat="46.56050442717969417572021484375" lon="7.89560652337968349456787109375">
        <ele>1568.5999755859375</ele>
        <time>2025-08-24T09:44:04.000Z</time>
        <extensions>
          <ns3:TrackPointExtension>
            <ns3:hr>106</ns3:hr>
          </ns3:TrackPointExtension>
        </extensions>
      </trkpt>
      <trkpt lat="46.56047232449054718017578125" lon="7.89555958472192287445068359375">
        <ele>1568.5999755859375</ele>
        <time>2025-08-24T09:44:07.000Z</time>
        <extensions>
          <ns3:TrackPointExtension>
            <ns3:hr>110</ns3:hr>
          </ns3:TrackPointExtension>
        </extensions>
      </trkpt>
      <trkpt lat="46.56046159565448760986328125" lon="7.895544581115245819091796875">
        <ele>1568.4000244140625</ele>
        <time>2025-08-24T09:44:08.000Z</time>
        <extensions>
          <ns3:TrackPointExtension>
            <ns3:hr>107</ns3:hr>
          </ns3:TrackPointExtension>
        </extensions>
      </trkpt>
      <trkpt lat="46.56042161397635936737060546875" lon="7.8954371251165866851806640625">
        <ele>1568.199951171875</ele>
        <time>2025-08-24T09:44:14.000Z</time>
        <extensions>
          <ns3:TrackPointExtension>
            <ns3:hr>109</ns3:hr>
          </ns3:TrackPointExtension>
        </extensions>
      </trkpt>
      <trkpt lat="46.56038406305015087127685546875" lon="7.895369566977024078369140625">
        <ele>1568.4000244140625</ele>
        <time>2025-08-24T09:44:18.000Z</time>
        <extensions>
          <ns3:TrackPointExtension>
            <ns3:hr>112</ns3:hr>
          </ns3:TrackPointExtension>
        </extensions>
      </trkpt>
      <trkpt lat="46.56032145023345947265625" lon="7.8953590057790279388427734375">
        <ele>1568.4000244140625</ele>
        <time>2025-08-24T09:44:24.000Z</time>
        <extensions>
          <ns3:TrackPointExtension>
            <ns3:hr>114</ns3:hr>
          </ns3:TrackPointExtension>
        </extensions>
      </trkpt>
      <trkpt lat="46.5603122301399707794189453125" lon="7.89536512456834316253662109375">
        <ele>1568.199951171875</ele>
        <time>2025-08-24T09:44:25.000Z</time>
        <extensions>
          <ns3:TrackPointExtension>
            <ns3:hr>115</ns3:hr>
          </ns3:TrackPointExtension>
        </extensions>
      </trkpt>
      <trkpt lat="46.560313738882541656494140625" lon="7.8953667171299457550048828125">
        <ele>1568.4000244140625</ele>
        <time>2025-08-24T09:44:27.000Z</time>
        <extensions>
          <ns3:TrackPointExtension>
            <ns3:hr>115</ns3:hr>
          </ns3:TrackPointExtension>
        </extensions>
      </trkpt>
      <trkpt lat="46.560297310352325439453125" lon="7.895354144275188446044921875">
        <ele>1568.199951171875</ele>
        <time>2025-08-24T09:44:29.000Z</time>
        <extensions>
          <ns3:TrackPointExtension>
            <ns3:hr>115</ns3:hr>
          </ns3:TrackPointExtension>
        </extensions>
      </trkpt>
      <trkpt lat="46.56029085628688335418701171875" lon="7.89533930830657482147216796875">
        <ele>1568.199951171875</ele>
        <time>2025-08-24T09:44:33.000Z</time>
        <extensions>
          <ns3:TrackPointExtension>
            <ns3:hr>114</ns3:hr>
          </ns3:TrackPointExtension>
        </extensions>
      </trkpt>
      <trkpt lat="46.56029622070491313934326171875" lon="7.8953435830771923065185546875">
        <ele>1568.199951171875</ele>
        <time>2025-08-24T09:44:34.000Z</time>
        <extensions>
          <ns3:TrackPointExtension>
            <ns3:hr>113</ns3:hr>
          </ns3:TrackPointExtension>
        </extensions>
      </trkpt>
      <trkpt lat="46.56030275858938694000244140625" lon="7.895352132618427276611328125">
        <ele>1568.199951171875</ele>
        <time>2025-08-24T09:44:35.000Z</time>
        <extensions>
          <ns3:TrackPointExtension>
            <ns3:hr>113</ns3:hr>
          </ns3:TrackPointExtension>
        </extensions>
      </trkpt>
      <trkpt lat="46.56032907776534557342529296875" lon="7.89539429359138011932373046875">
        <ele>1568.4000244140625</ele>
        <time>2025-08-24T09:44:39.000Z</time>
        <extensions>
          <ns3:TrackPointExtension>
            <ns3:hr>111</ns3:hr>
          </ns3:TrackPointExtension>
        </extensions>
      </trkpt>
      <trkpt lat="46.5603400580585002899169921875" lon="7.89538289420306682586669921875">
        <ele>1568.5999755859375</ele>
        <time>2025-08-24T09:44:40.000Z</time>
        <extensions>
          <ns3:TrackPointExtension>
            <ns3:hr>111</ns3:hr>
          </ns3:TrackPointExtension>
        </extensions>
      </trkpt>
      <trkpt lat="46.56035338528454303741455078125" lon="7.89535456337034702301025390625">
        <ele>1568.5999755859375</ele>
        <time>2025-08-24T09:44:42.000Z</time>
        <extensions>
          <ns3:TrackPointExtension>
            <ns3:hr>110</ns3:hr>
          </ns3:TrackPointExtension>
        </extensions>
      </trkpt>
      <trkpt lat="46.5603625215590000152587890625" lon="7.8953412361443042755126953125">
        <ele>1568.800048828125</ele>
        <time>2025-08-24T09:44:44.000Z</time>
        <extensions>
          <ns3:TrackPointExtension>
            <ns3:hr>110</ns3:hr>
          </ns3:TrackPointExtension>
        </extensions>
      </trkpt>
      <trkpt lat="46.5603732503950595855712890625" lon="7.89534299634397029876708984375">
        <ele>1568.800048828125</ele>
        <time>2025-08-24T09:44:46.000Z</time>
        <extensions>
          <ns3:TrackPointExtension>
            <ns3:hr>111</ns3:hr>
          </ns3:TrackPointExtension>
        </extensions>
      </trkpt>
      <trkpt lat="46.56037987209856510162353515625" lon="7.8953553177416324615478515625">
        <ele>1569</ele>
        <time>2025-08-24T09:44:49.000Z</time>
        <extensions>
          <ns3:TrackPointExtension>
            <ns3:hr>111</ns3:hr>
          </ns3:TrackPointExtension>
        </extensions>
      </trkpt>
      <trkpt lat="46.56037836335599422454833984375" lon="7.8953600116074085235595703125">
        <ele>1569</ele>
        <time>2025-08-24T09:44:50.000Z</time>
        <extensions>
          <ns3:TrackPointExtension>
            <ns3:hr>111</ns3:hr>
          </ns3:TrackPointExtension>
        </extensions>
      </trkpt>
      <trkpt lat="46.560372747480869293212890625" lon="7.895372249186038970947265625">
        <ele>1569</ele>
        <time>2025-08-24T09:44:51.000Z</time>
        <extensions>
          <ns3:TrackPointExtension>
            <ns3:hr>111</ns3:hr>
          </ns3:TrackPointExtension>
        </extensions>
      </trkpt>
      <trkpt lat="46.5603678859770298004150390625" lon="7.89538121782243251800537109375">
        <ele>1568.5999755859375</ele>
        <time>2025-08-24T09:44:54.000Z</time>
        <extensions>
          <ns3:TrackPointExtension>
            <ns3:hr>110</ns3:hr>
          </ns3:TrackPointExtension>
        </extensions>
      </trkpt>
      <trkpt lat="46.56036880798637866973876953125" lon="7.895380966365337371826171875">
        <ele>1568.5999755859375</ele>
        <time>2025-08-24T09:44:55.000Z</time>
        <extensions>
          <ns3:TrackPointExtension>
            <ns3:hr>110</ns3:hr>
          </ns3:TrackPointExtension>
        </extensions>
      </trkpt>
      <trkpt lat="46.56037199310958385467529296875" lon="7.895388342440128326416015625">
        <ele>1568.5999755859375</ele>
        <time>2025-08-24T09:44:57.000Z</time>
        <extensions>
          <ns3:TrackPointExtension>
            <ns3:hr>110</ns3:hr>
          </ns3:TrackPointExtension>
        </extensions>
      </trkpt>
      <trkpt lat="46.56038020737469196319580078125" lon="7.89539664052426815032958984375">
        <ele>1568.800048828125</ele>
        <time>2025-08-24T09:45:02.000Z</time>
        <extensions>
          <ns3:TrackPointExtension>
            <ns3:hr>109</ns3:hr>
          </ns3:TrackPointExtension>
        </extensions>
      </trkpt>
      <trkpt lat="46.5603898465633392333984375" lon="7.8953985683619976043701171875">
        <ele>1569</ele>
        <time>2025-08-24T09:45:05.000Z</time>
        <extensions>
          <ns3:TrackPointExtension>
            <ns3:hr>108</ns3:hr>
          </ns3:TrackPointExtension>
        </extensions>
      </trkpt>
      <trkpt lat="46.5604084543883800506591796875" lon="7.895470149815082550048828125">
        <ele>1568.5999755859375</ele>
        <time>2025-08-24T09:45:10.000Z</time>
        <extensions>
          <ns3:TrackPointExtension>
            <ns3:hr>106</ns3:hr>
          </ns3:TrackPointExtension>
        </extensions>
      </trkpt>
      <trkpt lat="46.5603719092905521392822265625" lon="7.895509712398052215576171875">
        <ele>1568</ele>
        <time>2025-08-24T09:45:14.000Z</time>
        <extensions>
          <ns3:TrackPointExtension>
            <ns3:hr>103</ns3:hr>
          </ns3:TrackPointExtension>
        </extensions>
      </trkpt>
      <trkpt lat="46.56035422347486019134521484375" lon="7.895492613315582275390625">
        <ele>1568</ele>
        <time>2025-08-24T09:45:16.000Z</time>
        <extensions>
          <ns3:TrackPointExtension>
            <ns3:hr>102</ns3:hr>
          </ns3:TrackPointExtension>
        </extensions>
      </trkpt>
      <trkpt lat="46.5603189356625080108642578125" lon="7.89544005878269672393798828125">
        <ele>1568</ele>
        <time>2025-08-24T09:45:20.000Z</time>
        <extensions>
          <ns3:TrackPointExtension>
            <ns3:hr>101</ns3:hr>
          </ns3:TrackPointExtension>
        </extensions>
      </trkpt>
      <trkpt lat="46.560286246240139007568359375" lon="7.89538222365081310272216796875">
        <ele>1567.800048828125</ele>
        <time>2025-08-24T09:45:23.000Z</time>
        <extensions>
          <ns3:TrackPointExtension>
            <ns3:hr>101</ns3:hr>
          </ns3:TrackPointExtension>
        </extensions>
      </trkpt>
      <trkpt lat="46.56026822514832019805908203125" lon="7.89532774128019809722900390625">
        <ele>1568.199951171875</ele>
        <time>2025-08-24T09:45:25.000Z</time>
        <extensions>
          <ns3:TrackPointExtension>
            <ns3:hr>100</ns3:hr>
          </ns3:TrackPointExtension>
        </extensions>
      </trkpt>
      <trkpt lat="46.56021977774798870086669921875" lon="7.8952084667980670928955078125">
        <ele>1568.4000244140625</ele>
        <time>2025-08-24T09:45:29.000Z</time>
        <extensions>
          <ns3:TrackPointExtension>
            <ns3:hr>103</ns3:hr>
          </ns3:TrackPointExtension>
        </extensions>
      </trkpt>
      <trkpt lat="46.56017736531794071197509765625" lon="7.89509271271526813507080078125">
        <ele>1568.4000244140625</ele>
        <time>2025-08-24T09:45:33.000Z</time>
        <extensions>
          <ns3:TrackPointExtension>
            <ns3:hr>106</ns3:hr>
          </ns3:TrackPointExtension>
        </extensions>
      </trkpt>
      <trkpt lat="46.56012497842311859130859375" lon="7.89503672160208225250244140625">
        <ele>1568.199951171875</ele>
        <time>2025-08-24T09:45:39.000Z</time>
        <extensions>
          <ns3:TrackPointExtension>
            <ns3:hr>106</ns3:hr>
          </ns3:TrackPointExtension>
        </extensions>
      </trkpt>
      <trkpt lat="46.560058929026126861572265625" lon="7.895000763237476348876953125">
        <ele>1568</ele>
        <time>2025-08-24T09:45:43.000Z</time>
        <extensions>
          <ns3:TrackPointExtension>
            <ns3:hr>103</ns3:hr>
          </ns3:TrackPointExtension>
        </extensions>
      </trkpt>
      <trkpt lat="46.5600523911416530609130859375" lon="7.8949496336281299591064453125">
        <ele>1568.199951171875</ele>
        <time>2025-08-24T09:45:46.000Z</time>
        <extensions>
          <ns3:TrackPointExtension>
            <ns3:hr>104</ns3:hr>
          </ns3:TrackPointExtension>
        </extensions>
      </trkpt>
      <trkpt lat="46.559991203248500823974609375" lon="7.8947789780795574188232421875">
        <ele>1567.800048828125</ele>
        <time>2025-08-24T09:45:53.000Z</time>
        <extensions>
          <ns3:TrackPointExtension>
            <ns3:hr>104</ns3:hr>
          </ns3:TrackPointExtension>
        </extensions>
      </trkpt>
      <trkpt lat="46.5599397383630275726318359375" lon="7.89465148933231830596923828125">
        <ele>1567.800048828125</ele>
        <time>2025-08-24T09:45:57.000Z</time>
        <extensions>
          <ns3:TrackPointExtension>
            <ns3:hr>107</ns3:hr>
          </ns3:TrackPointExtension>
        </extensions>
      </trkpt>
      <trkpt lat="46.559931524097919464111328125" lon="7.8946356475353240966796875">
        <ele>1567.5999755859375</ele>
        <time>2025-08-24T09:45:58.000Z</time>
        <extensions>
          <ns3:TrackPointExtension>
            <ns3:hr>108</ns3:hr>
          </ns3:TrackPointExtension>
        </extensions>
      </trkpt>
      <trkpt lat="46.55992976389825344085693359375" lon="7.89455627091228961944580078125">
        <ele>1567.5999755859375</ele>
        <time>2025-08-24T09:46:04.000Z</time>
        <extensions>
          <ns3:TrackPointExtension>
            <ns3:hr>106</ns3:hr>
          </ns3:TrackPointExtension>
        </extensions>
      </trkpt>
      <trkpt lat="46.5599363856017589569091796875" lon="7.89454755373299121856689453125">
        <ele>1567.5999755859375</ele>
        <time>2025-08-24T09:46:05.000Z</time>
        <extensions>
          <ns3:TrackPointExtension>
            <ns3:hr>106</ns3:hr>
          </ns3:TrackPointExtension>
        </extensions>
      </trkpt>
      <trkpt lat="46.559904031455516815185546875" lon="7.894457280635833740234375">
        <ele>1567.4000244140625</ele>
        <time>2025-08-24T09:46:13.000Z</time>
        <extensions>
          <ns3:TrackPointExtension>
            <ns3:hr>105</ns3:hr>
          </ns3:TrackPointExtension>
        </extensions>
      </trkpt>
      <trkpt lat="46.55988751910626888275146484375" lon="7.89437203668057918548583984375">
        <ele>1567.4000244140625</ele>
        <time>2025-08-24T09:46:20.000Z</time>
        <extensions>
          <ns3:TrackPointExtension>
            <ns3:hr>105</ns3:hr>
          </ns3:TrackPointExtension>
        </extensions>
      </trkpt>
      <trkpt lat="46.55986304394900798797607421875" lon="7.89429626427590847015380859375">
        <ele>1567.4000244140625</ele>
        <time>2025-08-24T09:46:26.000Z</time>
        <extensions>
          <ns3:TrackPointExtension>
            <ns3:hr>106</ns3:hr>
          </ns3:TrackPointExtension>
        </extensions>
      </trkpt>
      <trkpt lat="46.55982012860476970672607421875" lon="7.894143126904964447021484375">
        <ele>1567.4000244140625</ele>
        <time>2025-08-24T09:46:36.000Z</time>
        <extensions>
          <ns3:TrackPointExtension>
            <ns3:hr>107</ns3:hr>
          </ns3:TrackPointExtension>
        </extensions>
      </trkpt>
      <trkpt lat="46.55980302952229976654052734375" lon="7.89408378303050994873046875">
        <ele>1567.4000244140625</ele>
        <time>2025-08-24T09:46:39.000Z</time>
        <extensions>
          <ns3:TrackPointExtension>
            <ns3:hr>107</ns3:hr>
          </ns3:TrackPointExtension>
        </extensions>
      </trkpt>
      <trkpt lat="46.559799425303936004638671875" lon="7.89400708861649036407470703125">
        <ele>1567.199951171875</ele>
        <time>2025-08-24T09:46:44.000Z</time>
        <extensions>
          <ns3:TrackPointExtension>
            <ns3:hr>105</ns3:hr>
          </ns3:TrackPointExtension>
        </extensions>
      </trkpt>
      <trkpt lat="46.55978743918240070343017578125" lon="7.893907763063907623291015625">
        <ele>1567.5999755859375</ele>
        <time>2025-08-24T09:46:49.000Z</time>
        <extensions>
          <ns3:TrackPointExtension>
            <ns3:hr>105</ns3:hr>
          </ns3:TrackPointExtension>
        </extensions>
      </trkpt>
      <trkpt lat="46.5597727708518505096435546875" lon="7.89386786520481109619140625">
        <ele>1567.5999755859375</ele>
        <time>2025-08-24T09:46:51.000Z</time>
        <extensions>
          <ns3:TrackPointExtension>
            <ns3:hr>105</ns3:hr>
          </ns3:TrackPointExtension>
        </extensions>
      </trkpt>
      <trkpt lat="46.559753157198429107666015625" lon="7.893857471644878387451171875">
        <ele>1567.5999755859375</ele>
        <time>2025-08-24T09:46:52.000Z</time>
        <extensions>
          <ns3:TrackPointExtension>
            <ns3:hr>105</ns3:hr>
          </ns3:TrackPointExtension>
        </extensions>
      </trkpt>
      <trkpt lat="46.5597345493733882904052734375" lon="7.89383056573569774627685546875">
        <ele>1567.800048828125</ele>
        <time>2025-08-24T09:46:54.000Z</time>
        <extensions>
          <ns3:TrackPointExtension>
            <ns3:hr>105</ns3:hr>
          </ns3:TrackPointExtension>
        </extensions>
      </trkpt>
      <trkpt lat="46.5597332082688808441162109375" lon="7.893816567957401275634765625">
        <ele>1567.800048828125</ele>
        <time>2025-08-24T09:46:55.000Z</time>
        <extensions>
          <ns3:TrackPointExtension>
            <ns3:hr>105</ns3:hr>
          </ns3:TrackPointExtension>
        </extensions>
      </trkpt>
      <trkpt lat="46.5597251616418361663818359375" lon="7.89378471672534942626953125">
        <ele>1567.800048828125</ele>
        <time>2025-08-24T09:46:57.000Z</time>
        <extensions>
          <ns3:TrackPointExtension>
            <ns3:hr>105</ns3:hr>
          </ns3:TrackPointExtension>
        </extensions>
      </trkpt>
      <trkpt lat="46.5597010217607021331787109375" lon="7.8937362693250179290771484375">
        <ele>1568</ele>
        <time>2025-08-24T09:47:00.000Z</time>
        <extensions>
          <ns3:TrackPointExtension>
            <ns3:hr>104</ns3:hr>
          </ns3:TrackPointExtension>
        </extensions>
      </trkpt>
      <trkpt lat="46.5596963278949260711669921875" lon="7.89371606893837451934814453125">
        <ele>1568</ele>
        <time>2025-08-24T09:47:01.000Z</time>
        <extensions>
          <ns3:TrackPointExtension>
            <ns3:hr>104</ns3:hr>
          </ns3:TrackPointExtension>
        </extensions>
      </trkpt>
      <trkpt lat="46.55968350358307361602783203125" lon="7.89361649192869663238525390625">
        <ele>1568.4000244140625</ele>
        <time>2025-08-24T09:47:06.000Z</time>
        <extensions>
          <ns3:TrackPointExtension>
            <ns3:hr>106</ns3:hr>
          </ns3:TrackPointExtension>
        </extensions>
      </trkpt>
      <trkpt lat="46.55968735925853252410888671875" lon="7.89354574866592884063720703125">
        <ele>1568.5999755859375</ele>
        <time>2025-08-24T09:47:09.000Z</time>
        <extensions>
          <ns3:TrackPointExtension>
            <ns3:hr>109</ns3:hr>
          </ns3:TrackPointExtension>
        </extensions>
      </trkpt>
      <trkpt lat="46.5596862696111202239990234375" lon="7.8934821300208568572998046875">
        <ele>1568.5999755859375</ele>
        <time>2025-08-24T09:47:12.000Z</time>
        <extensions>
          <ns3:TrackPointExtension>
            <ns3:hr>112</ns3:hr>
          </ns3:TrackPointExtension>
        </extensions>
      </trkpt>
      <trkpt lat="46.55968769453465938568115234375" lon="7.89346075616776943206787109375">
        <ele>1568.5999755859375</ele>
        <time>2025-08-24T09:47:13.000Z</time>
        <extensions>
          <ns3:TrackPointExtension>
            <ns3:hr>112</ns3:hr>
          </ns3:TrackPointExtension>
        </extensions>
      </trkpt>
      <trkpt lat="46.55968870036303997039794921875" lon="7.8933369554579257965087890625">
        <ele>1568.800048828125</ele>
        <time>2025-08-24T09:47:18.000Z</time>
        <extensions>
          <ns3:TrackPointExtension>
            <ns3:hr>115</ns3:hr>
          </ns3:TrackPointExtension>
        </extensions>
      </trkpt>
      <trkpt lat="46.55969104729592800140380859375" lon="7.8932615183293819427490234375">
        <ele>1568.800048828125</ele>
        <time>2025-08-24T09:47:22.000Z</time>
        <extensions>
          <ns3:TrackPointExtension>
            <ns3:hr>116</ns3:hr>
          </ns3:TrackPointExtension>
        </extensions>
      </trkpt>
      <trkpt lat="46.5596705116331577301025390625" lon="7.89307535625994205474853515625">
        <ele>1569.4000244140625</ele>
        <time>2025-08-24T09:47:32.000Z</time>
        <extensions>
          <ns3:TrackPointExtension>
            <ns3:hr>117</ns3:hr>
          </ns3:TrackPointExtension>
        </extensions>
      </trkpt>
      <trkpt lat="46.55966632068157196044921875" lon="7.89302690885961055755615234375">
        <ele>1569.800048828125</ele>
        <time>2025-08-24T09:47:35.000Z</time>
        <extensions>
          <ns3:TrackPointExtension>
            <ns3:hr>118</ns3:hr>
          </ns3:TrackPointExtension>
        </extensions>
      </trkpt>
      <trkpt lat="46.55964427627623081207275390625" lon="7.8930010087788105010986328125">
        <ele>1570</ele>
        <time>2025-08-24T09:47:37.000Z</time>
        <extensions>
          <ns3:TrackPointExtension>
            <ns3:hr>118</ns3:hr>
          </ns3:TrackPointExtension>
        </extensions>
      </trkpt>
      <trkpt lat="46.559618376195430755615234375" lon="7.89297812618315219879150390625">
        <ele>1570.199951171875</ele>
        <time>2025-08-24T09:47:39.000Z</time>
        <extensions>
          <ns3:TrackPointExtension>
            <ns3:hr>119</ns3:hr>
          </ns3:TrackPointExtension>
        </extensions>
      </trkpt>
      <trkpt lat="46.55959985218942165374755859375" lon="7.8929150104522705078125">
        <ele>1570.800048828125</ele>
        <time>2025-08-24T09:47:42.000Z</time>
        <extensions>
          <ns3:TrackPointExtension>
            <ns3:hr>121</ns3:hr>
          </ns3:TrackPointExtension>
        </extensions>
      </trkpt>
      <trkpt lat="46.55958677642047405242919921875" lon="7.8929021023213863372802734375">
        <ele>1570.800048828125</ele>
        <time>2025-08-24T09:47:43.000Z</time>
        <extensions>
          <ns3:TrackPointExtension>
            <ns3:hr>121</ns3:hr>
          </ns3:TrackPointExtension>
        </extensions>
      </trkpt>
      <trkpt lat="46.55957571230828762054443359375" lon="7.89288458414375782012939453125">
        <ele>1571</ele>
        <time>2025-08-24T09:47:44.000Z</time>
        <extensions>
          <ns3:TrackPointExtension>
            <ns3:hr>122</ns3:hr>
          </ns3:TrackPointExtension>
        </extensions>
      </trkpt>
      <trkpt lat="46.55950404703617095947265625" lon="7.89275332354009151458740234375">
        <ele>1571.800048828125</ele>
        <time>2025-08-24T09:47:52.000Z</time>
        <extensions>
          <ns3:TrackPointExtension>
            <ns3:hr>124</ns3:hr>
          </ns3:TrackPointExtension>
        </extensions>
      </trkpt>
      <trkpt lat="46.55948937870562076568603515625" lon="7.8927193768322467803955078125">
        <ele>1572</ele>
        <time>2025-08-24T09:47:54.000Z</time>
        <extensions>
          <ns3:TrackPointExtension>
            <ns3:hr>123</ns3:hr>
          </ns3:TrackPointExtension>
        </extensions>
      </trkpt>
      <trkpt lat="46.55945166014134883880615234375" lon="7.8926617093384265899658203125">
        <ele>1572.4000244140625</ele>
        <time>2025-08-24T09:47:58.000Z</time>
        <extensions>
          <ns3:TrackPointExtension>
            <ns3:hr>126</ns3:hr>
          </ns3:TrackPointExtension>
        </extensions>
      </trkpt>
      <trkpt lat="46.55944646336138248443603515625" lon="7.89265408180654048919677734375">
        <ele>1572.199951171875</ele>
        <time>2025-08-24T09:47:59.000Z</time>
        <extensions>
          <ns3:TrackPointExtension>
            <ns3:hr>126</ns3:hr>
          </ns3:TrackPointExtension>
        </extensions>
      </trkpt>
      <trkpt lat="46.559392400085926055908203125" lon="7.8925701789557933807373046875">
        <ele>1572.199951171875</ele>
        <time>2025-08-24T09:48:06.000Z</time>
        <extensions>
          <ns3:TrackPointExtension>
            <ns3:hr>126</ns3:hr>
          </ns3:TrackPointExtension>
        </extensions>
      </trkpt>
      <trkpt lat="46.55931319110095500946044921875" lon="7.89249801076948642730712890625">
        <ele>1572.5999755859375</ele>
        <time>2025-08-24T09:48:15.000Z</time>
        <extensions>
          <ns3:TrackPointExtension>
            <ns3:hr>125</ns3:hr>
          </ns3:TrackPointExtension>
        </extensions>
      </trkpt>
      <trkpt lat="46.55926239676773548126220703125" lon="7.89247320033609867095947265625">
        <ele>1572.800048828125</ele>
        <time>2025-08-24T09:48:21.000Z</time>
        <extensions>
          <ns3:TrackPointExtension>
            <ns3:hr>123</ns3:hr>
          </ns3:TrackPointExtension>
        </extensions>
      </trkpt>
      <trkpt lat="46.55921998433768749237060546875" lon="7.89238049648702144622802734375">
        <ele>1572.5999755859375</ele>
        <time>2025-08-24T09:48:27.000Z</time>
        <extensions>
          <ns3:TrackPointExtension>
            <ns3:hr>120</ns3:hr>
          </ns3:TrackPointExtension>
        </extensions>
      </trkpt>
      <trkpt lat="46.55922249890863895416259765625" lon="7.892333306372165679931640625">
        <ele>1572.5999755859375</ele>
        <time>2025-08-24T09:48:29.000Z</time>
        <extensions>
          <ns3:TrackPointExtension>
            <ns3:hr>119</ns3:hr>
          </ns3:TrackPointExtension>
        </extensions>
      </trkpt>
      <trkpt lat="46.55919366516172885894775390625" lon="7.8921329788863658905029296875">
        <ele>1572.5999755859375</ele>
        <time>2025-08-24T09:48:38.000Z</time>
        <extensions>
          <ns3:TrackPointExtension>
            <ns3:hr>117</ns3:hr>
          </ns3:TrackPointExtension>
        </extensions>
      </trkpt>
      <trkpt lat="46.55917203985154628753662109375" lon="7.8919857926666736602783203125">
        <ele>1572.4000244140625</ele>
        <time>2025-08-24T09:48:46.000Z</time>
        <extensions>
          <ns3:TrackPointExtension>
            <ns3:hr>118</ns3:hr>
          </ns3:TrackPointExtension>
        </extensions>
      </trkpt>
      <trkpt lat="46.559128873050212860107421875" lon="7.89186819456517696380615234375">
        <ele>1572.5999755859375</ele>
        <time>2025-08-24T09:48:54.000Z</time>
        <extensions>
          <ns3:TrackPointExtension>
            <ns3:hr>118</ns3:hr>
          </ns3:TrackPointExtension>
        </extensions>
      </trkpt>
      <trkpt lat="46.55909324996173381805419921875" lon="7.891764678061008453369140625">
        <ele>1572.4000244140625</ele>
        <time>2025-08-24T09:49:00.000Z</time>
        <extensions>
          <ns3:TrackPointExtension>
            <ns3:hr>121</ns3:hr>
          </ns3:TrackPointExtension>
        </extensions>
      </trkpt>
      <trkpt lat="46.55907480977475643157958984375" lon="7.89174263365566730499267578125">
        <ele>1572.4000244140625</ele>
        <time>2025-08-24T09:49:02.000Z</time>
        <extensions>
          <ns3:TrackPointExtension>
            <ns3:hr>121</ns3:hr>
          </ns3:TrackPointExtension>
        </extensions>
      </trkpt>
      <trkpt lat="46.55905921943485736846923828125" lon="7.89173374883830547332763671875">
        <ele>1572.4000244140625</ele>
        <time>2025-08-24T09:49:03.000Z</time>
        <extensions>
          <ns3:TrackPointExtension>
            <ns3:hr>122</ns3:hr>
          </ns3:TrackPointExtension>
        </extensions>
      </trkpt>
      <trkpt lat="46.55895561911165714263916015625" lon="7.89167457260191440582275390625">
        <ele>1572.5999755859375</ele>
        <time>2025-08-24T09:49:11.000Z</time>
        <extensions>
          <ns3:TrackPointExtension>
            <ns3:hr>121</ns3:hr>
          </ns3:TrackPointExtension>
        </extensions>
      </trkpt>
      <trkpt lat="46.5588611550629138946533203125" lon="7.89165772497653961181640625">
        <ele>1573</ele>
        <time>2025-08-24T09:49:17.000Z</time>
        <extensions>
          <ns3:TrackPointExtension>
            <ns3:hr>124</ns3:hr>
          </ns3:TrackPointExtension>
        </extensions>
      </trkpt>
      <trkpt lat="46.55884598381817340850830078125" lon="7.89165730588138103485107421875">
        <ele>1573</ele>
        <time>2025-08-24T09:49:18.000Z</time>
        <extensions>
          <ns3:TrackPointExtension>
            <ns3:hr>124</ns3:hr>
          </ns3:TrackPointExtension>
        </extensions>
      </trkpt>
      <trkpt lat="46.55881337821483612060546875" lon="7.89165596477687358856201171875">
        <ele>1573</ele>
        <time>2025-08-24T09:49:21.000Z</time>
        <extensions>
          <ns3:TrackPointExtension>
            <ns3:hr>124</ns3:hr>
          </ns3:TrackPointExtension>
        </extensions>
      </trkpt>
      <trkpt lat="46.558711789548397064208984375" lon="7.89158103056252002716064453125">
        <ele>1573.199951171875</ele>
        <time>2025-08-24T09:49:29.000Z</time>
        <extensions>
          <ns3:TrackPointExtension>
            <ns3:hr>121</ns3:hr>
          </ns3:TrackPointExtension>
        </extensions>
      </trkpt>
      <trkpt lat="46.55868521891534328460693359375" lon="7.89156787097454071044921875">
        <ele>1573.199951171875</ele>
        <time>2025-08-24T09:49:31.000Z</time>
        <extensions>
          <ns3:TrackPointExtension>
            <ns3:hr>121</ns3:hr>
          </ns3:TrackPointExtension>
        </extensions>
      </trkpt>
      <trkpt lat="46.55866091139614582061767578125" lon="7.89156191982328891754150390625">
        <ele>1573.199951171875</ele>
        <time>2025-08-24T09:49:33.000Z</time>
        <extensions>
          <ns3:TrackPointExtension>
            <ns3:hr>121</ns3:hr>
          </ns3:TrackPointExtension>
        </extensions>
      </trkpt>
      <trkpt lat="46.558631993830204010009765625" lon="7.89155638776719570159912109375">
        <ele>1573.199951171875</ele>
        <time>2025-08-24T09:49:35.000Z</time>
        <extensions>
          <ns3:TrackPointExtension>
            <ns3:hr>120</ns3:hr>
          </ns3:TrackPointExtension>
        </extensions>
      </trkpt>
      <trkpt lat="46.55856468714773654937744140625" lon="7.891554124653339385986328125">
        <ele>1573.4000244140625</ele>
        <time>2025-08-24T09:49:40.000Z</time>
        <extensions>
          <ns3:TrackPointExtension>
            <ns3:hr>119</ns3:hr>
          </ns3:TrackPointExtension>
        </extensions>
      </trkpt>
      <trkpt lat="46.5585480071604251861572265625" lon="7.89155974052846431732177734375">
        <ele>1573.4000244140625</ele>
        <time>2025-08-24T09:49:41.000Z</time>
        <extensions>
          <ns3:TrackPointExtension>
            <ns3:hr>119</ns3:hr>
          </ns3:TrackPointExtension>
        </extensions>
      </trkpt>
      <trkpt lat="46.5585057623684406280517578125" lon="7.891568876802921295166015625">
        <ele>1573.4000244140625</ele>
        <time>2025-08-24T09:49:44.000Z</time>
        <extensions>
          <ns3:TrackPointExtension>
            <ns3:hr>121</ns3:hr>
          </ns3:TrackPointExtension>
        </extensions>
      </trkpt>
      <trkpt lat="46.55847835354506969451904296875" lon="7.89156091399490833282470703125">
        <ele>1573.4000244140625</ele>
        <time>2025-08-24T09:49:46.000Z</time>
        <extensions>
          <ns3:TrackPointExtension>
            <ns3:hr>123</ns3:hr>
          </ns3:TrackPointExtension>
        </extensions>
      </trkpt>
      <trkpt lat="46.55840660445392131805419921875" lon="7.89155269972980022430419921875">
        <ele>1573.5999755859375</ele>
        <time>2025-08-24T09:49:50.000Z</time>
        <extensions>
          <ns3:TrackPointExtension>
            <ns3:hr>124</ns3:hr>
          </ns3:TrackPointExtension>
        </extensions>
      </trkpt>
      <trkpt lat="46.5583843924105167388916015625" lon="7.89154280908405780792236328125">
        <ele>1573.5999755859375</ele>
        <time>2025-08-24T09:49:51.000Z</time>
        <extensions>
          <ns3:TrackPointExtension>
            <ns3:hr>124</ns3:hr>
          </ns3:TrackPointExtension>
        </extensions>
      </trkpt>
      <trkpt lat="46.55833569355309009552001953125" lon="7.8914545476436614990234375">
        <ele>1574</ele>
        <time>2025-08-24T09:49:57.000Z</time>
        <extensions>
          <ns3:TrackPointExtension>
            <ns3:hr>124</ns3:hr>
          </ns3:TrackPointExtension>
        </extensions>
      </trkpt>
      <trkpt lat="46.55829981900751590728759765625" lon="7.8913900069892406463623046875">
        <ele>1574.199951171875</ele>
        <time>2025-08-24T09:50:01.000Z</time>
        <extensions>
          <ns3:TrackPointExtension>
            <ns3:hr>127</ns3:hr>
          </ns3:TrackPointExtension>
        </extensions>
      </trkpt>
      <trkpt lat="46.55827718786895275115966796875" lon="7.8913256339728832244873046875">
        <ele>1574.5999755859375</ele>
        <time>2025-08-24T09:50:05.000Z</time>
        <extensions>
          <ns3:TrackPointExtension>
            <ns3:hr>125</ns3:hr>
          </ns3:TrackPointExtension>
        </extensions>
      </trkpt>
      <trkpt lat="46.5582509525120258331298828125" lon="7.89123737253248691558837890625">
        <ele>1575</ele>
        <time>2025-08-24T09:50:10.000Z</time>
        <extensions>
          <ns3:TrackPointExtension>
            <ns3:hr>126</ns3:hr>
          </ns3:TrackPointExtension>
        </extensions>
      </trkpt>
      <trkpt lat="46.5582395531237125396728515625" lon="7.89119697175920009613037109375">
        <ele>1575.199951171875</ele>
        <time>2025-08-24T09:50:12.000Z</time>
        <extensions>
          <ns3:TrackPointExtension>
            <ns3:hr>127</ns3:hr>
          </ns3:TrackPointExtension>
        </extensions>
      </trkpt>
      <trkpt lat="46.5581788681447505950927734375" lon="7.89105582050979137420654296875">
        <ele>1575.4000244140625</ele>
        <time>2025-08-24T09:50:20.000Z</time>
        <extensions>
          <ns3:TrackPointExtension>
            <ns3:hr>126</ns3:hr>
          </ns3:TrackPointExtension>
        </extensions>
      </trkpt>
      <trkpt lat="46.5581507049500942230224609375" lon="7.890894971787929534912109375">
        <ele>1575</ele>
        <time>2025-08-24T09:50:29.000Z</time>
        <extensions>
          <ns3:TrackPointExtension>
            <ns3:hr>125</ns3:hr>
          </ns3:TrackPointExtension>
        </extensions>
      </trkpt>
      <trkpt lat="46.5580940432846546173095703125" lon="7.8907720930874347686767578125">
        <ele>1574.4000244140625</ele>
        <time>2025-08-24T09:50:36.000Z</time>
        <extensions>
          <ns3:TrackPointExtension>
            <ns3:hr>125</ns3:hr>
          </ns3:TrackPointExtension>
        </extensions>
      </trkpt>
      <trkpt lat="46.55806696973741054534912109375" lon="7.8906540758907794952392578125">
        <ele>1574.199951171875</ele>
        <time>2025-08-24T09:50:43.000Z</time>
        <extensions>
          <ns3:TrackPointExtension>
            <ns3:hr>124</ns3:hr>
          </ns3:TrackPointExtension>
        </extensions>
      </trkpt>
      <trkpt lat="46.55806562863290309906005859375" lon="7.89062951691448688507080078125">
        <ele>1574.199951171875</ele>
        <time>2025-08-24T09:50:44.000Z</time>
        <extensions>
          <ns3:TrackPointExtension>
            <ns3:hr>125</ns3:hr>
          </ns3:TrackPointExtension>
        </extensions>
      </trkpt>
      <trkpt lat="46.5580625273287296295166015625" lon="7.8905357234179973602294921875">
        <ele>1574</ele>
        <time>2025-08-24T09:50:48.000Z</time>
        <extensions>
          <ns3:TrackPointExtension>
            <ns3:hr>125</ns3:hr>
          </ns3:TrackPointExtension>
        </extensions>
      </trkpt>
      <trkpt lat="46.558053977787494659423828125" lon="7.89046422578394412994384765625">
        <ele>1574.199951171875</ele>
        <time>2025-08-24T09:50:53.000Z</time>
        <extensions>
          <ns3:TrackPointExtension>
            <ns3:hr>125</ns3:hr>
          </ns3:TrackPointExtension>
        </extensions>
      </trkpt>
      <trkpt lat="46.55804894864559173583984375" lon="7.8904535807669162750244140625">
        <ele>1574.199951171875</ele>
        <time>2025-08-24T09:50:54.000Z</time>
        <extensions>
          <ns3:TrackPointExtension>
            <ns3:hr>125</ns3:hr>
          </ns3:TrackPointExtension>
        </extensions>
      </trkpt>
      <trkpt lat="46.5580370463430881500244140625" lon="7.8904388286173343658447265625">
        <ele>1574.199951171875</ele>
        <time>2025-08-24T09:50:57.000Z</time>
        <extensions>
          <ns3:TrackPointExtension>
            <ns3:hr>124</ns3:hr>
          </ns3:TrackPointExtension>
        </extensions>
      </trkpt>
      <trkpt lat="46.5580367110669612884521484375" lon="7.890426926314830780029296875">
        <ele>1574</ele>
        <time>2025-08-24T09:51:00.000Z</time>
        <extensions>
          <ns3:TrackPointExtension>
            <ns3:hr>125</ns3:hr>
          </ns3:TrackPointExtension>
        </extensions>
      </trkpt>
      <trkpt lat="46.5580377168953418731689453125" lon="7.89042483083903789520263671875">
        <ele>1574.199951171875</ele>
        <time>2025-08-24T09:51:04.000Z</time>
        <extensions>
          <ns3:TrackPointExtension>
            <ns3:hr>123</ns3:hr>
          </ns3:TrackPointExtension>
        </extensions>
      </trkpt>
      <trkpt lat="46.5580303408205509185791015625" lon="7.89035576395690441131591796875">
        <ele>1574.4000244140625</ele>
        <time>2025-08-24T09:51:11.000Z</time>
        <extensions>
          <ns3:TrackPointExtension>
            <ns3:hr>120</ns3:hr>
          </ns3:TrackPointExtension>
        </extensions>
      </trkpt>
      <trkpt lat="46.55802858062088489532470703125" lon="7.89034210145473480224609375">
        <ele>1574.4000244140625</ele>
        <time>2025-08-24T09:51:12.000Z</time>
        <extensions>
          <ns3:TrackPointExtension>
            <ns3:hr>119</ns3:hr>
          </ns3:TrackPointExtension>
        </extensions>
      </trkpt>
      <trkpt lat="46.55801584012806415557861328125" lon="7.8902502357959747314453125">
        <ele>1574.5999755859375</ele>
        <time>2025-08-24T09:51:17.000Z</time>
        <extensions>
          <ns3:TrackPointExtension>
            <ns3:hr>117</ns3:hr>
          </ns3:TrackPointExtension>
        </extensions>
      </trkpt>
      <trkpt lat="46.5579941309988498687744140625" lon="7.8902038000524044036865234375">
        <ele>1574.5999755859375</ele>
        <time>2025-08-24T09:51:20.000Z</time>
        <extensions>
          <ns3:TrackPointExtension>
            <ns3:hr>116</ns3:hr>
          </ns3:TrackPointExtension>
        </extensions>
      </trkpt>
      <trkpt lat="46.55795280821621417999267578125" lon="7.89019064046442508697509765625">
        <ele>1574.4000244140625</ele>
        <time>2025-08-24T09:51:24.000Z</time>
        <extensions>
          <ns3:TrackPointExtension>
            <ns3:hr>117</ns3:hr>
          </ns3:TrackPointExtension>
        </extensions>
      </trkpt>
      <trkpt lat="46.55784468166530132293701171875" lon="7.89024344645440578460693359375">
        <ele>1574.4000244140625</ele>
        <time>2025-08-24T09:51:32.000Z</time>
        <extensions>
          <ns3:TrackPointExtension>
            <ns3:hr>117</ns3:hr>
          </ns3:TrackPointExtension>
        </extensions>
      </trkpt>
      <trkpt lat="46.55776572413742542266845703125" lon="7.89020623080432415008544921875">
        <ele>1575</ele>
        <time>2025-08-24T09:51:39.000Z</time>
        <extensions>
          <ns3:TrackPointExtension>
            <ns3:hr>117</ns3:hr>
          </ns3:TrackPointExtension>
        </extensions>
      </trkpt>
      <trkpt lat="46.5577466972172260284423828125" lon="7.8901779837906360626220703125">
        <ele>1575</ele>
        <time>2025-08-24T09:51:41.000Z</time>
        <extensions>
          <ns3:TrackPointExtension>
            <ns3:hr>118</ns3:hr>
          </ns3:TrackPointExtension>
        </extensions>
      </trkpt>
      <trkpt lat="46.5576316975057125091552734375" lon="7.89009374566376209259033203125">
        <ele>1574.5999755859375</ele>
        <time>2025-08-24T09:51:51.000Z</time>
        <extensions>
          <ns3:TrackPointExtension>
            <ns3:hr>119</ns3:hr>
          </ns3:TrackPointExtension>
        </extensions>
      </trkpt>
      <trkpt lat="46.55754980631172657012939453125" lon="7.89005267433822154998779296875">
        <ele>1574</ele>
        <time>2025-08-24T09:51:57.000Z</time>
        <extensions>
          <ns3:TrackPointExtension>
            <ns3:hr>119</ns3:hr>
          </ns3:TrackPointExtension>
        </extensions>
      </trkpt>
      <trkpt lat="46.55753270722925662994384765625" lon="7.89003037847578525543212890625">
        <ele>1573.5999755859375</ele>
        <time>2025-08-24T09:51:59.000Z</time>
        <extensions>
          <ns3:TrackPointExtension>
            <ns3:hr>118</ns3:hr>
          </ns3:TrackPointExtension>
        </extensions>
      </trkpt>
      <trkpt lat="46.55748006887733936309814453125" lon="7.88991923443973064422607421875">
        <ele>1573.199951171875</ele>
        <time>2025-08-24T09:52:06.000Z</time>
        <extensions>
          <ns3:TrackPointExtension>
            <ns3:hr>118</ns3:hr>
          </ns3:TrackPointExtension>
        </extensions>
      </trkpt>
      <trkpt lat="46.55741485767066478729248046875" lon="7.88984262384474277496337890625">
        <ele>1573.199951171875</ele>
        <time>2025-08-24T09:52:12.000Z</time>
        <extensions>
          <ns3:TrackPointExtension>
            <ns3:hr>117</ns3:hr>
          </ns3:TrackPointExtension>
        </extensions>
      </trkpt>
      <trkpt lat="46.55733011662960052490234375" lon="7.88980440236628055572509765625">
        <ele>1572.800048828125</ele>
        <time>2025-08-24T09:52:21.000Z</time>
        <extensions>
          <ns3:TrackPointExtension>
            <ns3:hr>118</ns3:hr>
          </ns3:TrackPointExtension>
        </extensions>
      </trkpt>
      <trkpt lat="46.557207405567169189453125" lon="7.88977556861937046051025390625">
        <ele>1572.800048828125</ele>
        <time>2025-08-24T09:52:30.000Z</time>
        <extensions>
          <ns3:TrackPointExtension>
            <ns3:hr>118</ns3:hr>
          </ns3:TrackPointExtension>
        </extensions>
      </trkpt>
      <trkpt lat="46.5571926534175872802734375" lon="7.88977121002972126007080078125">
        <ele>1572.800048828125</ele>
        <time>2025-08-24T09:52:31.000Z</time>
        <extensions>
          <ns3:TrackPointExtension>
            <ns3:hr>121</ns3:hr>
          </ns3:TrackPointExtension>
        </extensions>
      </trkpt>
      <trkpt lat="46.55717597343027591705322265625" lon="7.889772467315196990966796875">
        <ele>1572.800048828125</ele>
        <time>2025-08-24T09:52:32.000Z</time>
        <extensions>
          <ns3:TrackPointExtension>
            <ns3:hr>117</ns3:hr>
          </ns3:TrackPointExtension>
        </extensions>
      </trkpt>
      <trkpt lat="46.55714546330273151397705078125" lon="7.88977053947746753692626953125">
        <ele>1572.800048828125</ele>
        <time>2025-08-24T09:52:34.000Z</time>
        <extensions>
          <ns3:TrackPointExtension>
            <ns3:hr>117</ns3:hr>
          </ns3:TrackPointExtension>
        </extensions>
      </trkpt>
      <trkpt lat="46.55708394013345241546630859375" lon="7.8897578828036785125732421875">
        <ele>1573</ele>
        <time>2025-08-24T09:52:38.000Z</time>
        <extensions>
          <ns3:TrackPointExtension>
            <ns3:hr>116</ns3:hr>
          </ns3:TrackPointExtension>
        </extensions>
      </trkpt>
      <trkpt lat="46.5570057369768619537353515625" lon="7.88974170573055744171142578125">
        <ele>1573</ele>
        <time>2025-08-24T09:52:43.000Z</time>
        <extensions>
          <ns3:TrackPointExtension>
            <ns3:hr>113</ns3:hr>
          </ns3:TrackPointExtension>
        </extensions>
      </trkpt>
      <trkpt lat="46.556960642337799072265625" lon="7.8896896541118621826171875">
        <ele>1573.5999755859375</ele>
        <time>2025-08-24T09:52:48.000Z</time>
        <extensions>
          <ns3:TrackPointExtension>
            <ns3:hr>113</ns3:hr>
          </ns3:TrackPointExtension>
        </extensions>
      </trkpt>
      <trkpt lat="46.55692719854414463043212890625" lon="7.889670543372631072998046875">
        <ele>1573.800048828125</ele>
        <time>2025-08-24T09:52:51.000Z</time>
        <extensions>
          <ns3:TrackPointExtension>
            <ns3:hr>117</ns3:hr>
          </ns3:TrackPointExtension>
        </extensions>
      </trkpt>
      <trkpt lat="46.55690238811075687408447265625" lon="7.8896536119282245635986328125">
        <ele>1573.800048828125</ele>
        <time>2025-08-24T09:52:52.000Z</time>
        <extensions>
          <ns3:TrackPointExtension>
            <ns3:hr>116</ns3:hr>
          </ns3:TrackPointExtension>
        </extensions>
      </trkpt>
      <trkpt lat="46.55687020160257816314697265625" lon="7.88960373960435390472412109375">
        <ele>1574</ele>
        <time>2025-08-24T09:52:55.000Z</time>
        <extensions>
          <ns3:TrackPointExtension>
            <ns3:hr>119</ns3:hr>
          </ns3:TrackPointExtension>
        </extensions>
      </trkpt>
      <trkpt lat="46.5568444691598415374755859375" lon="7.88959183730185031890869140625">
        <ele>1574.199951171875</ele>
        <time>2025-08-24T09:52:57.000Z</time>
        <extensions>
          <ns3:TrackPointExtension>
            <ns3:hr>120</ns3:hr>
          </ns3:TrackPointExtension>
        </extensions>
      </trkpt>
      <trkpt lat="46.556784622371196746826171875" lon="7.88953609764575958251953125">
        <ele>1574.5999755859375</ele>
        <time>2025-08-24T09:53:02.000Z</time>
        <extensions>
          <ns3:TrackPointExtension>
            <ns3:hr>123</ns3:hr>
          </ns3:TrackPointExtension>
        </extensions>
      </trkpt>
      <trkpt lat="46.556776575744152069091796875" lon="7.889528386294841766357421875">
        <ele>1575</ele>
        <time>2025-08-24T09:53:03.000Z</time>
        <extensions>
          <ns3:TrackPointExtension>
            <ns3:hr>123</ns3:hr>
          </ns3:TrackPointExtension>
        </extensions>
      </trkpt>
      <trkpt lat="46.556751094758510589599609375" lon="7.88950860500335693359375">
        <ele>1575.4000244140625</ele>
        <time>2025-08-24T09:53:06.000Z</time>
        <extensions>
          <ns3:TrackPointExtension>
            <ns3:hr>123</ns3:hr>
          </ns3:TrackPointExtension>
        </extensions>
      </trkpt>
      <trkpt lat="46.55668864957988262176513671875" lon="7.889422439038753509521484375">
        <ele>1576.199951171875</ele>
        <time>2025-08-24T09:53:13.000Z</time>
        <extensions>
          <ns3:TrackPointExtension>
            <ns3:hr>125</ns3:hr>
          </ns3:TrackPointExtension>
        </extensions>
      </trkpt>
      <trkpt lat="46.55664883553981781005859375" lon="7.88937726058065891265869140625">
        <ele>1576.800048828125</ele>
        <time>2025-08-24T09:53:18.000Z</time>
        <extensions>
          <ns3:TrackPointExtension>
            <ns3:hr>127</ns3:hr>
          </ns3:TrackPointExtension>
        </extensions>
      </trkpt>
      <trkpt lat="46.556639112532138824462890625" lon="7.8893676213920116424560546875">
        <ele>1576.800048828125</ele>
        <time>2025-08-24T09:53:19.000Z</time>
        <extensions>
          <ns3:TrackPointExtension>
            <ns3:hr>126</ns3:hr>
          </ns3:TrackPointExtension>
        </extensions>
      </trkpt>
      <trkpt lat="46.55660633929073810577392578125" lon="7.88933669216930866241455078125">
        <ele>1577.199951171875</ele>
        <time>2025-08-24T09:53:22.000Z</time>
        <extensions>
          <ns3:TrackPointExtension>
            <ns3:hr>127</ns3:hr>
          </ns3:TrackPointExtension>
        </extensions>
      </trkpt>
      <trkpt lat="46.5565864741802215576171875" lon="7.889327220618724822998046875">
        <ele>1577.4000244140625</ele>
        <time>2025-08-24T09:53:24.000Z</time>
        <extensions>
          <ns3:TrackPointExtension>
            <ns3:hr>129</ns3:hr>
          </ns3:TrackPointExtension>
        </extensions>
      </trkpt>
      <trkpt lat="46.5565393678843975067138671875" lon="7.88930064998567104339599609375">
        <ele>1578</ele>
        <time>2025-08-24T09:53:29.000Z</time>
        <extensions>
          <ns3:TrackPointExtension>
            <ns3:hr>132</ns3:hr>
          </ns3:TrackPointExtension>
        </extensions>
      </trkpt>
      <trkpt lat="46.55651916749775409698486328125" lon="7.88929478265345096588134765625">
        <ele>1578.4000244140625</ele>
        <time>2025-08-24T09:53:31.000Z</time>
        <extensions>
          <ns3:TrackPointExtension>
            <ns3:hr>133</ns3:hr>
          </ns3:TrackPointExtension>
        </extensions>
      </trkpt>
      <trkpt lat="46.556506343185901641845703125" lon="7.8892915137112140655517578125">
        <ele>1578.5999755859375</ele>
        <time>2025-08-24T09:53:32.000Z</time>
        <extensions>
          <ns3:TrackPointExtension>
            <ns3:hr>134</ns3:hr>
          </ns3:TrackPointExtension>
        </extensions>
      </trkpt>
      <trkpt lat="46.5564481727778911590576171875" lon="7.889295034110546112060546875">
        <ele>1579.4000244140625</ele>
        <time>2025-08-24T09:53:36.000Z</time>
        <extensions>
          <ns3:TrackPointExtension>
            <ns3:hr>137</ns3:hr>
          </ns3:TrackPointExtension>
        </extensions>
      </trkpt>
      <trkpt lat="46.5564200095832347869873046875" lon="7.88929629139602184295654296875">
        <ele>1580</ele>
        <time>2025-08-24T09:53:39.000Z</time>
        <extensions>
          <ns3:TrackPointExtension>
            <ns3:hr>140</ns3:hr>
          </ns3:TrackPointExtension>
        </extensions>
      </trkpt>
      <trkpt lat="46.55640953220427036285400390625" lon="7.88929176516830921173095703125">
        <ele>1580.4000244140625</ele>
        <time>2025-08-24T09:53:40.000Z</time>
        <extensions>
          <ns3:TrackPointExtension>
            <ns3:hr>141</ns3:hr>
          </ns3:TrackPointExtension>
        </extensions>
      </trkpt>
      <trkpt lat="46.55639947392046451568603515625" lon="7.8892844729125499725341796875">
        <ele>1580.5999755859375</ele>
        <time>2025-08-24T09:53:41.000Z</time>
        <extensions>
          <ns3:TrackPointExtension>
            <ns3:hr>142</ns3:hr>
          </ns3:TrackPointExtension>
        </extensions>
      </trkpt>
      <trkpt lat="46.55635957606136798858642578125" lon="7.88928338326513767242431640625">
        <ele>1581.199951171875</ele>
        <time>2025-08-24T09:53:45.000Z</time>
        <extensions>
          <ns3:TrackPointExtension>
            <ns3:hr>145</ns3:hr>
          </ns3:TrackPointExtension>
        </extensions>
      </trkpt>
      <trkpt lat="46.5563412196934223175048828125" lon="7.8892792761325836181640625">
        <ele>1581.800048828125</ele>
        <time>2025-08-24T09:53:47.000Z</time>
        <extensions>
          <ns3:TrackPointExtension>
            <ns3:hr>145</ns3:hr>
          </ns3:TrackPointExtension>
        </extensions>
      </trkpt>
      <trkpt lat="46.556291766464710235595703125" lon="7.8892744146287441253662109375">
        <ele>1583</ele>
        <time>2025-08-24T09:53:52.000Z</time>
        <extensions>
          <ns3:TrackPointExtension>
            <ns3:hr>146</ns3:hr>
          </ns3:TrackPointExtension>
        </extensions>
      </trkpt>
      <trkpt lat="46.55627734959125518798828125" lon="7.88927885703742504119873046875">
        <ele>1583.199951171875</ele>
        <time>2025-08-24T09:53:53.000Z</time>
        <extensions>
          <ns3:TrackPointExtension>
            <ns3:hr>147</ns3:hr>
          </ns3:TrackPointExtension>
        </extensions>
      </trkpt>
      <trkpt lat="46.556260585784912109375" lon="7.8892871551215648651123046875">
        <ele>1583.4000244140625</ele>
        <time>2025-08-24T09:53:54.000Z</time>
        <extensions>
          <ns3:TrackPointExtension>
            <ns3:hr>147</ns3:hr>
          </ns3:TrackPointExtension>
        </extensions>
      </trkpt>
      <trkpt lat="46.55623443424701690673828125" lon="7.8892978839576244354248046875">
        <ele>1584</ele>
        <time>2025-08-24T09:53:57.000Z</time>
        <extensions>
          <ns3:TrackPointExtension>
            <ns3:hr>148</ns3:hr>
          </ns3:TrackPointExtension>
        </extensions>
      </trkpt>
      <trkpt lat="46.5561906807124614715576171875" lon="7.8893059305846691131591796875">
        <ele>1584.800048828125</ele>
        <time>2025-08-24T09:54:02.000Z</time>
        <extensions>
          <ns3:TrackPointExtension>
            <ns3:hr>147</ns3:hr>
          </ns3:TrackPointExtension>
        </extensions>
      </trkpt>
      <trkpt lat="46.5561816282570362091064453125" lon="7.889307774603366851806640625">
        <ele>1585.199951171875</ele>
        <time>2025-08-24T09:54:03.000Z</time>
        <extensions>
          <ns3:TrackPointExtension>
            <ns3:hr>147</ns3:hr>
          </ns3:TrackPointExtension>
        </extensions>
      </trkpt>
      <trkpt lat="46.55614516697824001312255859375" lon="7.889313809573650360107421875">
        <ele>1586.199951171875</ele>
        <time>2025-08-24T09:54:07.000Z</time>
        <extensions>
          <ns3:TrackPointExtension>
            <ns3:hr>146</ns3:hr>
          </ns3:TrackPointExtension>
        </extensions>
      </trkpt>
      <trkpt lat="46.5560921095311641693115234375" lon="7.8893275558948516845703125">
        <ele>1587</ele>
        <time>2025-08-24T09:54:11.000Z</time>
        <extensions>
          <ns3:TrackPointExtension>
            <ns3:hr>147</ns3:hr>
          </ns3:TrackPointExtension>
        </extensions>
      </trkpt>
      <trkpt lat="46.55607350170612335205078125" lon="7.889339961111545562744140625">
        <ele>1587.4000244140625</ele>
        <time>2025-08-24T09:54:13.000Z</time>
        <extensions>
          <ns3:TrackPointExtension>
            <ns3:hr>146</ns3:hr>
          </ns3:TrackPointExtension>
        </extensions>
      </trkpt>
      <trkpt lat="46.55605849809944629669189453125" lon="7.889344990253448486328125">
        <ele>1587.800048828125</ele>
        <time>2025-08-24T09:54:18.000Z</time>
        <extensions>
          <ns3:TrackPointExtension>
            <ns3:hr>148</ns3:hr>
          </ns3:TrackPointExtension>
        </extensions>
      </trkpt>
      <trkpt lat="46.556010805070400238037109375" lon="7.8893592394888401031494140625">
        <ele>1588.4000244140625</ele>
        <time>2025-08-24T09:54:22.000Z</time>
        <extensions>
          <ns3:TrackPointExtension>
            <ns3:hr>148</ns3:hr>
          </ns3:TrackPointExtension>
        </extensions>
      </trkpt>
      <trkpt lat="46.55598674900829792022705078125" lon="7.8893679566681385040283203125">
        <ele>1589.199951171875</ele>
        <time>2025-08-24T09:54:25.000Z</time>
        <extensions>
          <ns3:TrackPointExtension>
            <ns3:hr>148</ns3:hr>
          </ns3:TrackPointExtension>
        </extensions>
      </trkpt>
      <trkpt lat="46.5559643693268299102783203125" lon="7.88939503021538257598876953125">
        <ele>1589.5999755859375</ele>
        <time>2025-08-24T09:54:29.000Z</time>
        <extensions>
          <ns3:TrackPointExtension>
            <ns3:hr>152</ns3:hr>
          </ns3:TrackPointExtension>
        </extensions>
      </trkpt>
      <trkpt lat="46.55593779869377613067626953125" lon="7.8894061781466007232666015625">
        <ele>1590.199951171875</ele>
        <time>2025-08-24T09:54:32.000Z</time>
        <extensions>
          <ns3:TrackPointExtension>
            <ns3:hr>155</ns3:hr>
          </ns3:TrackPointExtension>
        </extensions>
      </trkpt>
      <trkpt lat="46.55591047368943691253662109375" lon="7.889419086277484893798828125">
        <ele>1590.800048828125</ele>
        <time>2025-08-24T09:54:35.000Z</time>
        <extensions>
          <ns3:TrackPointExtension>
            <ns3:hr>156</ns3:hr>
          </ns3:TrackPointExtension>
        </extensions>
      </trkpt>
      <trkpt lat="46.55588784255087375640869140625" lon="7.8894102014601230621337890625">
        <ele>1591.4000244140625</ele>
        <time>2025-08-24T09:54:38.000Z</time>
        <extensions>
          <ns3:TrackPointExtension>
            <ns3:hr>157</ns3:hr>
          </ns3:TrackPointExtension>
        </extensions>
      </trkpt>
      <trkpt lat="46.5558783710002899169921875" lon="7.889402322471141815185546875">
        <ele>1591.5999755859375</ele>
        <time>2025-08-24T09:54:39.000Z</time>
        <extensions>
          <ns3:TrackPointExtension>
            <ns3:hr>157</ns3:hr>
          </ns3:TrackPointExtension>
        </extensions>
      </trkpt>
      <trkpt lat="46.555871330201625823974609375" lon="7.88939285092055797576904296875">
        <ele>1592</ele>
        <time>2025-08-24T09:54:40.000Z</time>
        <extensions>
          <ns3:TrackPointExtension>
            <ns3:hr>157</ns3:hr>
          </ns3:TrackPointExtension>
        </extensions>
      </trkpt>
      <trkpt lat="46.55585800297558307647705078125" lon="7.8893394581973552703857421875">
        <ele>1593.199951171875</ele>
        <time>2025-08-24T09:54:45.000Z</time>
        <extensions>
          <ns3:TrackPointExtension>
            <ns3:hr>157</ns3:hr>
          </ns3:TrackPointExtension>
        </extensions>
      </trkpt>
      <trkpt lat="46.5558636188507080078125" lon="7.88932411931455135345458984375">
        <ele>1593.4000244140625</ele>
        <time>2025-08-24T09:54:46.000Z</time>
        <extensions>
          <ns3:TrackPointExtension>
            <ns3:hr>157</ns3:hr>
          </ns3:TrackPointExtension>
        </extensions>
      </trkpt>
      <trkpt lat="46.55588884837925434112548828125" lon="7.889261506497859954833984375">
        <ele>1594.199951171875</ele>
        <time>2025-08-24T09:54:51.000Z</time>
        <extensions>
          <ns3:TrackPointExtension>
            <ns3:hr>158</ns3:hr>
          </ns3:TrackPointExtension>
        </extensions>
      </trkpt>
      <trkpt lat="46.55589890666306018829345703125" lon="7.88923443295061588287353515625">
        <ele>1594.5999755859375</ele>
        <time>2025-08-24T09:54:54.000Z</time>
        <extensions>
          <ns3:TrackPointExtension>
            <ns3:hr>158</ns3:hr>
          </ns3:TrackPointExtension>
        </extensions>
      </trkpt>
      <trkpt lat="46.55591231770813465118408203125" lon="7.889200150966644287109375">
        <ele>1595.199951171875</ele>
        <time>2025-08-24T09:54:57.000Z</time>
        <extensions>
          <ns3:TrackPointExtension>
            <ns3:hr>160</ns3:hr>
          </ns3:TrackPointExtension>
        </extensions>
      </trkpt>
      <trkpt lat="46.55591349117457866668701171875" lon="7.88917223922908306121826171875">
        <ele>1595.800048828125</ele>
        <time>2025-08-24T09:55:01.000Z</time>
        <extensions>
          <ns3:TrackPointExtension>
            <ns3:hr>163</ns3:hr>
          </ns3:TrackPointExtension>
        </extensions>
      </trkpt>
      <trkpt lat="46.5559241361916065216064453125" lon="7.889135777950286865234375">
        <ele>1596.199951171875</ele>
        <time>2025-08-24T09:55:04.000Z</time>
        <extensions>
          <ns3:TrackPointExtension>
            <ns3:hr>165</ns3:hr>
          </ns3:TrackPointExtension>
        </extensions>
      </trkpt>
      <trkpt lat="46.5559603460133075714111328125" lon="7.88903125561773777008056640625">
        <ele>1597.4000244140625</ele>
        <time>2025-08-24T09:55:12.000Z</time>
        <extensions>
          <ns3:TrackPointExtension>
            <ns3:hr>165</ns3:hr>
          </ns3:TrackPointExtension>
        </extensions>
      </trkpt>
      <trkpt lat="46.55596411786973476409912109375" lon="7.88902421481907367706298828125">
        <ele>1597.800048828125</ele>
        <time>2025-08-24T09:55:13.000Z</time>
        <extensions>
          <ns3:TrackPointExtension>
            <ns3:hr>165</ns3:hr>
          </ns3:TrackPointExtension>
        </extensions>
      </trkpt>
      <trkpt lat="46.55596428550779819488525390625" lon="7.88896805606782436370849609375">
        <ele>1598.5999755859375</ele>
        <time>2025-08-24T09:55:17.000Z</time>
        <extensions>
          <ns3:TrackPointExtension>
            <ns3:hr>162</ns3:hr>
          </ns3:TrackPointExtension>
        </extensions>
      </trkpt>
      <trkpt lat="46.55596361495554447174072265625" lon="7.88890711963176727294921875">
        <ele>1599.4000244140625</ele>
        <time>2025-08-24T09:55:22.000Z</time>
        <extensions>
          <ns3:TrackPointExtension>
            <ns3:hr>159</ns3:hr>
          </ns3:TrackPointExtension>
        </extensions>
      </trkpt>
      <trkpt lat="46.5559549815952777862548828125" lon="7.88889370858669281005859375">
        <ele>1599.5999755859375</ele>
        <time>2025-08-24T09:55:23.000Z</time>
        <extensions>
          <ns3:TrackPointExtension>
            <ns3:hr>160</ns3:hr>
          </ns3:TrackPointExtension>
        </extensions>
      </trkpt>
      <trkpt lat="46.55594835989177227020263671875" lon="7.888844422996044158935546875">
        <ele>1600.5999755859375</ele>
        <time>2025-08-24T09:55:27.000Z</time>
        <extensions>
          <ns3:TrackPointExtension>
            <ns3:hr>161</ns3:hr>
          </ns3:TrackPointExtension>
        </extensions>
      </trkpt>
      <trkpt lat="46.55594282783567905426025390625" lon="7.88880494423210620880126953125">
        <ele>1601.199951171875</ele>
        <time>2025-08-24T09:55:30.000Z</time>
        <extensions>
          <ns3:TrackPointExtension>
            <ns3:hr>160</ns3:hr>
          </ns3:TrackPointExtension>
        </extensions>
      </trkpt>
      <trkpt lat="46.555941402912139892578125" lon="7.8887812234461307525634765625">
        <ele>1601.5999755859375</ele>
        <time>2025-08-24T09:55:32.000Z</time>
        <extensions>
          <ns3:TrackPointExtension>
            <ns3:hr>160</ns3:hr>
          </ns3:TrackPointExtension>
        </extensions>
      </trkpt>
      <trkpt lat="46.55593595467507839202880859375" lon="7.88876906968653202056884765625">
        <ele>1601.800048828125</ele>
        <time>2025-08-24T09:55:33.000Z</time>
        <extensions>
          <ns3:TrackPointExtension>
            <ns3:hr>161</ns3:hr>
          </ns3:TrackPointExtension>
        </extensions>
      </trkpt>
      <trkpt lat="46.5559291653335094451904296875" lon="7.8887188620865345001220703125">
        <ele>1602.5999755859375</ele>
        <time>2025-08-24T09:55:37.000Z</time>
        <extensions>
          <ns3:TrackPointExtension>
            <ns3:hr>162</ns3:hr>
          </ns3:TrackPointExtension>
        </extensions>
      </trkpt>
      <trkpt lat="46.55592036433517932891845703125" lon="7.8886945545673370361328125">
        <ele>1603</ele>
        <time>2025-08-24T09:55:39.000Z</time>
        <extensions>
          <ns3:TrackPointExtension>
            <ns3:hr>164</ns3:hr>
          </ns3:TrackPointExtension>
        </extensions>
      </trkpt>
      <trkpt lat="46.5559078752994537353515625" lon="7.888658680021762847900390625">
        <ele>1603.4000244140625</ele>
        <time>2025-08-24T09:55:41.000Z</time>
        <extensions>
          <ns3:TrackPointExtension>
            <ns3:hr>166</ns3:hr>
          </ns3:TrackPointExtension>
        </extensions>
      </trkpt>
      <trkpt lat="46.55589781701564788818359375" lon="7.888611741364002227783203125">
        <ele>1604</ele>
        <time>2025-08-24T09:55:45.000Z</time>
        <extensions>
          <ns3:TrackPointExtension>
            <ns3:hr>169</ns3:hr>
          </ns3:TrackPointExtension>
        </extensions>
      </trkpt>
      <trkpt lat="46.55588348396122455596923828125" lon="7.88854594342410564422607421875">
        <ele>1605.199951171875</ele>
        <time>2025-08-24T09:55:50.000Z</time>
        <extensions>
          <ns3:TrackPointExtension>
            <ns3:hr>169</ns3:hr>
          </ns3:TrackPointExtension>
        </extensions>
      </trkpt>
      <trkpt lat="46.5558783710002899169921875" lon="7.88849967531859874725341796875">
        <ele>1606.4000244140625</ele>
        <time>2025-08-24T09:55:54.000Z</time>
        <extensions>
          <ns3:TrackPointExtension>
            <ns3:hr>169</ns3:hr>
          </ns3:TrackPointExtension>
        </extensions>
      </trkpt>
      <trkpt lat="46.55586269684135913848876953125" lon="7.88848106749355792999267578125">
        <ele>1606.5999755859375</ele>
        <time>2025-08-24T09:55:56.000Z</time>
        <extensions>
          <ns3:TrackPointExtension>
            <ns3:hr>168</ns3:hr>
          </ns3:TrackPointExtension>
        </extensions>
      </trkpt>
      <trkpt lat="46.555839814245700836181640625" lon="7.88845156319439411163330078125">
        <ele>1606.800048828125</ele>
        <time>2025-08-24T09:55:59.000Z</time>
        <extensions>
          <ns3:TrackPointExtension>
            <ns3:hr>168</ns3:hr>
          </ns3:TrackPointExtension>
        </extensions>
      </trkpt>
      <trkpt lat="46.55582833103835582733154296875" lon="7.88837260566651821136474609375">
        <ele>1607.4000244140625</ele>
        <time>2025-08-24T09:56:04.000Z</time>
        <extensions>
          <ns3:TrackPointExtension>
            <ns3:hr>168</ns3:hr>
          </ns3:TrackPointExtension>
        </extensions>
      </trkpt>
      <trkpt lat="46.55580184422433376312255859375" lon="7.888355255126953125">
        <ele>1607.5999755859375</ele>
        <time>2025-08-24T09:56:06.000Z</time>
        <extensions>
          <ns3:TrackPointExtension>
            <ns3:hr>168</ns3:hr>
          </ns3:TrackPointExtension>
        </extensions>
      </trkpt>
      <trkpt lat="46.5557823143899440765380859375" lon="7.88832667283713817596435546875">
        <ele>1608</ele>
        <time>2025-08-24T09:56:11.000Z</time>
        <extensions>
          <ns3:TrackPointExtension>
            <ns3:hr>167</ns3:hr>
          </ns3:TrackPointExtension>
        </extensions>
      </trkpt>
      <trkpt lat="46.555781476199626922607421875" lon="7.88832717575132846832275390625">
        <ele>1608</ele>
        <time>2025-08-24T09:56:13.000Z</time>
        <extensions>
          <ns3:TrackPointExtension>
            <ns3:hr>166</ns3:hr>
          </ns3:TrackPointExtension>
        </extensions>
      </trkpt>
      <trkpt lat="46.55576949007809162139892578125" lon="7.8883252479135990142822265625">
        <ele>1608</ele>
        <time>2025-08-24T09:56:15.000Z</time>
        <extensions>
          <ns3:TrackPointExtension>
            <ns3:hr>165</ns3:hr>
          </ns3:TrackPointExtension>
        </extensions>
      </trkpt>
      <trkpt lat="46.55576638877391815185546875" lon="7.888318039476871490478515625">
        <ele>1608.199951171875</ele>
        <time>2025-08-24T09:56:16.000Z</time>
        <extensions>
          <ns3:TrackPointExtension>
            <ns3:hr>165</ns3:hr>
          </ns3:TrackPointExtension>
        </extensions>
      </trkpt>
      <trkpt lat="46.55575976707041263580322265625" lon="7.88829482160508632659912109375">
        <ele>1608.4000244140625</ele>
        <time>2025-08-24T09:56:18.000Z</time>
        <extensions>
          <ns3:TrackPointExtension>
            <ns3:hr>164</ns3:hr>
          </ns3:TrackPointExtension>
        </extensions>
      </trkpt>
      <trkpt lat="46.555747948586940765380859375" lon="7.88827680051326751708984375">
        <ele>1608.800048828125</ele>
        <time>2025-08-24T09:56:20.000Z</time>
        <extensions>
          <ns3:TrackPointExtension>
            <ns3:hr>161</ns3:hr>
          </ns3:TrackPointExtension>
        </extensions>
      </trkpt>
      <trkpt lat="46.55571836046874523162841796875" lon="7.8882573544979095458984375">
        <ele>1609.199951171875</ele>
        <time>2025-08-24T09:56:24.000Z</time>
        <extensions>
          <ns3:TrackPointExtension>
            <ns3:hr>158</ns3:hr>
          </ns3:TrackPointExtension>
        </extensions>
      </trkpt>
      <trkpt lat="46.555689275264739990234375" lon="7.888245284557342529296875">
        <ele>1609.5999755859375</ele>
        <time>2025-08-24T09:56:26.000Z</time>
        <extensions>
          <ns3:TrackPointExtension>
            <ns3:hr>157</ns3:hr>
          </ns3:TrackPointExtension>
        </extensions>
      </trkpt>
      <trkpt lat="46.55566580593585968017578125" lon="7.8882370702922344207763671875">
        <ele>1609.800048828125</ele>
        <time>2025-08-24T09:56:28.000Z</time>
        <extensions>
          <ns3:TrackPointExtension>
            <ns3:hr>156</ns3:hr>
          </ns3:TrackPointExtension>
        </extensions>
      </trkpt>
      <trkpt lat="46.55564828775823116302490234375" lon="7.88824000395834445953369140625">
        <ele>1610.199951171875</ele>
        <time>2025-08-24T09:56:32.000Z</time>
        <extensions>
          <ns3:TrackPointExtension>
            <ns3:hr>157</ns3:hr>
          </ns3:TrackPointExtension>
        </extensions>
      </trkpt>
      <trkpt lat="46.5556465275585651397705078125" lon="7.88823966868221759796142578125">
        <ele>1610.4000244140625</ele>
        <time>2025-08-24T09:56:34.000Z</time>
        <extensions>
          <ns3:TrackPointExtension>
            <ns3:hr>157</ns3:hr>
          </ns3:TrackPointExtension>
        </extensions>
      </trkpt>
      <trkpt lat="46.5556290931999683380126953125" lon="7.88821536116302013397216796875">
        <ele>1610.4000244140625</ele>
        <time>2025-08-24T09:56:43.000Z</time>
        <extensions>
          <ns3:TrackPointExtension>
            <ns3:hr>154</ns3:hr>
          </ns3:TrackPointExtension>
        </extensions>
      </trkpt>
      <trkpt lat="46.55559883452951908111572265625" lon="7.8881780616939067840576171875">
        <ele>1610.800048828125</ele>
        <time>2025-08-24T09:56:47.000Z</time>
        <extensions>
          <ns3:TrackPointExtension>
            <ns3:hr>153</ns3:hr>
          </ns3:TrackPointExtension>
        </extensions>
      </trkpt>
      <trkpt lat="46.555569581687450408935546875" lon="7.88814998231828212738037109375">
        <ele>1611.4000244140625</ele>
        <time>2025-08-24T09:56:50.000Z</time>
        <extensions>
          <ns3:TrackPointExtension>
            <ns3:hr>152</ns3:hr>
          </ns3:TrackPointExtension>
        </extensions>
      </trkpt>
      <trkpt lat="46.5555425919592380523681640625" lon="7.88809583522379398345947265625">
        <ele>1611.800048828125</ele>
        <time>2025-08-24T09:56:53.000Z</time>
        <extensions>
          <ns3:TrackPointExtension>
            <ns3:hr>151</ns3:hr>
          </ns3:TrackPointExtension>
        </extensions>
      </trkpt>
      <trkpt lat="46.555530019104480743408203125" lon="7.88807831704616546630859375">
        <ele>1611.800048828125</ele>
        <time>2025-08-24T09:56:57.000Z</time>
        <extensions>
          <ns3:TrackPointExtension>
            <ns3:hr>149</ns3:hr>
          </ns3:TrackPointExtension>
        </extensions>
      </trkpt>
      <trkpt lat="46.555533371865749359130859375" lon="7.8880774788558483123779296875">
        <ele>1612</ele>
        <time>2025-08-24T09:57:04.000Z</time>
        <extensions>
          <ns3:TrackPointExtension>
            <ns3:hr>146</ns3:hr>
          </ns3:TrackPointExtension>
        </extensions>
      </trkpt>
      <trkpt lat="46.5555348806083202362060546875" lon="7.88807689212262630462646484375">
        <ele>1612</ele>
        <time>2025-08-24T09:57:08.000Z</time>
        <extensions>
          <ns3:TrackPointExtension>
            <ns3:hr>144</ns3:hr>
          </ns3:TrackPointExtension>
        </extensions>
      </trkpt>
      <trkpt lat="46.5555348806083202362060546875" lon="7.88807689212262630462646484375">
        <ele>1612</ele>
        <time>2025-08-24T09:57:12.000Z</time>
        <extensions>
          <ns3:TrackPointExtension>
            <ns3:hr>141</ns3:hr>
          </ns3:TrackPointExtension>
        </extensions>
      </trkpt>
      <trkpt lat="46.5555348806083202362060546875" lon="7.88807689212262630462646484375">
        <ele>1611.800048828125</ele>
        <time>2025-08-24T09:57:14.000Z</time>
        <extensions>
          <ns3:TrackPointExtension>
            <ns3:hr>138</ns3:hr>
          </ns3:TrackPointExtension>
        </extensions>
      </trkpt>
      <trkpt lat="46.5555348806083202362060546875" lon="7.88807689212262630462646484375">
        <ele>1612</ele>
        <time>2025-08-24T09:57:16.000Z</time>
        <extensions>
          <ns3:TrackPointExtension>
            <ns3:hr>135</ns3:hr>
          </ns3:TrackPointExtension>
        </extensions>
      </trkpt>
      <trkpt lat="46.5555348806083202362060546875" lon="7.88807697594165802001953125">
        <ele>1612</ele>
        <time>2025-08-24T09:57:19.000Z</time>
        <extensions>
          <ns3:TrackPointExtension>
            <ns3:hr>131</ns3:hr>
          </ns3:TrackPointExtension>
        </extensions>
      </trkpt>
      <trkpt lat="46.55553496442735195159912109375" lon="7.88807697594165802001953125">
        <ele>1612.199951171875</ele>
        <time>2025-08-24T09:57:22.000Z</time>
        <extensions>
          <ns3:TrackPointExtension>
            <ns3:hr>128</ns3:hr>
          </ns3:TrackPointExtension>
        </extensions>
      </trkpt>
      <trkpt lat="46.5555486269295215606689453125" lon="7.8880670852959156036376953125">
        <ele>1612.199951171875</ele>
        <time>2025-08-24T09:57:40.000Z</time>
        <extensions>
          <ns3:TrackPointExtension>
            <ns3:hr>131</ns3:hr>
          </ns3:TrackPointExtension>
        </extensions>
      </trkpt>
      <trkpt lat="46.5555446036159992218017578125" lon="7.888051830232143402099609375">
        <ele>1612.5999755859375</ele>
        <time>2025-08-24T09:57:53.000Z</time>
        <extensions>
          <ns3:TrackPointExtension>
            <ns3:hr>128</ns3:hr>
          </ns3:TrackPointExtension>
        </extensions>
      </trkpt>
      <trkpt lat="46.55553898774087429046630859375" lon="7.88803213275969028472900390625">
        <ele>1612.800048828125</ele>
        <time>2025-08-24T09:57:54.000Z</time>
        <extensions>
          <ns3:TrackPointExtension>
            <ns3:hr>127</ns3:hr>
          </ns3:TrackPointExtension>
        </extensions>
      </trkpt>
      <trkpt lat="46.55551652424037456512451171875" lon="7.8879795782268047332763671875">
        <ele>1613</ele>
        <time>2025-08-24T09:57:57.000Z</time>
        <extensions>
          <ns3:TrackPointExtension>
            <ns3:hr>125</ns3:hr>
          </ns3:TrackPointExtension>
        </extensions>
      </trkpt>
      <trkpt lat="46.55546723864972591400146484375" lon="7.88790757767856121063232421875">
        <ele>1613.4000244140625</ele>
        <time>2025-08-24T09:58:02.000Z</time>
        <extensions>
          <ns3:TrackPointExtension>
            <ns3:hr>126</ns3:hr>
          </ns3:TrackPointExtension>
        </extensions>
      </trkpt>
      <trkpt lat="46.55546438880264759063720703125" lon="7.8879038058221340179443359375">
        <ele>1613.5999755859375</ele>
        <time>2025-08-24T09:58:04.000Z</time>
        <extensions>
          <ns3:TrackPointExtension>
            <ns3:hr>126</ns3:hr>
          </ns3:TrackPointExtension>
        </extensions>
      </trkpt>
      <trkpt lat="46.55545248650014400482177734375" lon="7.88786583580076694488525390625">
        <ele>1613.800048828125</ele>
        <time>2025-08-24T09:58:07.000Z</time>
        <extensions>
          <ns3:TrackPointExtension>
            <ns3:hr>125</ns3:hr>
          </ns3:TrackPointExtension>
        </extensions>
      </trkpt>
      <trkpt lat="46.555434130132198333740234375" lon="7.8878478147089481353759765625">
        <ele>1614.199951171875</ele>
        <time>2025-08-24T09:58:09.000Z</time>
        <extensions>
          <ns3:TrackPointExtension>
            <ns3:hr>126</ns3:hr>
          </ns3:TrackPointExtension>
        </extensions>
      </trkpt>
      <trkpt lat="46.55539331026375293731689453125" lon="7.887804396450519561767578125">
        <ele>1614.800048828125</ele>
        <time>2025-08-24T09:58:14.000Z</time>
        <extensions>
          <ns3:TrackPointExtension>
            <ns3:hr>127</ns3:hr>
          </ns3:TrackPointExtension>
        </extensions>
      </trkpt>
      <trkpt lat="46.5553876943886280059814453125" lon="7.8877857886254787445068359375">
        <ele>1615</ele>
        <time>2025-08-24T09:58:16.000Z</time>
        <extensions>
          <ns3:TrackPointExtension>
            <ns3:hr>126</ns3:hr>
          </ns3:TrackPointExtension>
        </extensions>
      </trkpt>
      <trkpt lat="46.555355004966259002685546875" lon="7.887725941836833953857421875">
        <ele>1616</ele>
        <time>2025-08-24T09:58:22.000Z</time>
        <extensions>
          <ns3:TrackPointExtension>
            <ns3:hr>127</ns3:hr>
          </ns3:TrackPointExtension>
        </extensions>
      </trkpt>
      <trkpt lat="46.55534603632986545562744140625" lon="7.887710519134998321533203125">
        <ele>1616.199951171875</ele>
        <time>2025-08-24T09:58:24.000Z</time>
        <extensions>
          <ns3:TrackPointExtension>
            <ns3:hr>128</ns3:hr>
          </ns3:TrackPointExtension>
        </extensions>
      </trkpt>
      <trkpt lat="46.5553169511258602142333984375" lon="7.887664921581745147705078125">
        <ele>1616.800048828125</ele>
        <time>2025-08-24T09:58:28.000Z</time>
        <extensions>
          <ns3:TrackPointExtension>
            <ns3:hr>131</ns3:hr>
          </ns3:TrackPointExtension>
        </extensions>
      </trkpt>
      <trkpt lat="46.555308401584625244140625" lon="7.88765897043049335479736328125">
        <ele>1617</ele>
        <time>2025-08-24T09:58:29.000Z</time>
        <extensions>
          <ns3:TrackPointExtension>
            <ns3:hr>131</ns3:hr>
          </ns3:TrackPointExtension>
        </extensions>
      </trkpt>
      <trkpt lat="46.55529373325407505035400390625" lon="7.88763717748224735260009765625">
        <ele>1617.199951171875</ele>
        <time>2025-08-24T09:58:32.000Z</time>
        <extensions>
          <ns3:TrackPointExtension>
            <ns3:hr>133</ns3:hr>
          </ns3:TrackPointExtension>
        </extensions>
      </trkpt>
      <trkpt lat="46.5552331320941448211669921875" lon="7.887545563280582427978515625">
        <ele>1617.5999755859375</ele>
        <time>2025-08-24T09:58:40.000Z</time>
        <extensions>
          <ns3:TrackPointExtension>
            <ns3:hr>136</ns3:hr>
          </ns3:TrackPointExtension>
        </extensions>
      </trkpt>
      <trkpt lat="46.55520438216626644134521484375" lon="7.887525446712970733642578125">
        <ele>1618.199951171875</ele>
        <time>2025-08-24T09:58:42.000Z</time>
        <extensions>
          <ns3:TrackPointExtension>
            <ns3:hr>135</ns3:hr>
          </ns3:TrackPointExtension>
        </extensions>
      </trkpt>
      <trkpt lat="46.555152833461761474609375" lon="7.88748663850128650665283203125">
        <ele>1618.5999755859375</ele>
        <time>2025-08-24T09:58:47.000Z</time>
        <extensions>
          <ns3:TrackPointExtension>
            <ns3:hr>136</ns3:hr>
          </ns3:TrackPointExtension>
        </extensions>
      </trkpt>
      <trkpt lat="46.55511955730617046356201171875" lon="7.88744120858609676361083984375">
        <ele>1619</ele>
        <time>2025-08-24T09:58:50.000Z</time>
        <extensions>
          <ns3:TrackPointExtension>
            <ns3:hr>139</ns3:hr>
          </ns3:TrackPointExtension>
        </extensions>
      </trkpt>
      <trkpt lat="46.5551126003265380859375" lon="7.88742779754102230072021484375">
        <ele>1619.199951171875</ele>
        <time>2025-08-24T09:58:51.000Z</time>
        <extensions>
          <ns3:TrackPointExtension>
            <ns3:hr>140</ns3:hr>
          </ns3:TrackPointExtension>
        </extensions>
      </trkpt>
      <trkpt lat="46.55509717762470245361328125" lon="7.8874025680124759674072265625">
        <ele>1619.4000244140625</ele>
        <time>2025-08-24T09:58:53.000Z</time>
        <extensions>
          <ns3:TrackPointExtension>
            <ns3:hr>143</ns3:hr>
          </ns3:TrackPointExtension>
        </extensions>
      </trkpt>
      <trkpt lat="46.555082760751247406005859375" lon="7.887382619082927703857421875">
        <ele>1619.5999755859375</ele>
        <time>2025-08-24T09:58:55.000Z</time>
        <extensions>
          <ns3:TrackPointExtension>
            <ns3:hr>145</ns3:hr>
          </ns3:TrackPointExtension>
        </extensions>
      </trkpt>
      <trkpt lat="46.5550540946424007415771484375" lon="7.88735537789762020111083984375">
        <ele>1620</ele>
        <time>2025-08-24T09:58:58.000Z</time>
        <extensions>
          <ns3:TrackPointExtension>
            <ns3:hr>148</ns3:hr>
          </ns3:TrackPointExtension>
        </extensions>
      </trkpt>
      <trkpt lat="46.5550507418811321258544921875" lon="7.88734381087124347686767578125">
        <ele>1620.199951171875</ele>
        <time>2025-08-24T09:58:59.000Z</time>
        <extensions>
          <ns3:TrackPointExtension>
            <ns3:hr>148</ns3:hr>
          </ns3:TrackPointExtension>
        </extensions>
      </trkpt>
      <trkpt lat="46.5550442039966583251953125" lon="7.88733593188226222991943359375">
        <ele>1620.4000244140625</ele>
        <time>2025-08-24T09:59:00.000Z</time>
        <extensions>
          <ns3:TrackPointExtension>
            <ns3:hr>149</ns3:hr>
          </ns3:TrackPointExtension>
        </extensions>
      </trkpt>
      <trkpt lat="46.555031128227710723876953125" lon="7.88733324967324733734130859375">
        <ele>1620.5999755859375</ele>
        <time>2025-08-24T09:59:01.000Z</time>
        <extensions>
          <ns3:TrackPointExtension>
            <ns3:hr>149</ns3:hr>
          </ns3:TrackPointExtension>
        </extensions>
      </trkpt>
      <trkpt lat="46.55498377047479152679443359375" lon="7.88727901875972747802734375">
        <ele>1621.199951171875</ele>
        <time>2025-08-24T09:59:07.000Z</time>
        <extensions>
          <ns3:TrackPointExtension>
            <ns3:hr>150</ns3:hr>
          </ns3:TrackPointExtension>
        </extensions>
      </trkpt>
      <trkpt lat="46.554949991405010223388671875" lon="7.8872372768819332122802734375">
        <ele>1621.800048828125</ele>
        <time>2025-08-24T09:59:11.000Z</time>
        <extensions>
          <ns3:TrackPointExtension>
            <ns3:hr>150</ns3:hr>
          </ns3:TrackPointExtension>
        </extensions>
      </trkpt>
      <trkpt lat="46.55487966723740100860595703125" lon="7.88721020333468914031982421875">
        <ele>1622.4000244140625</ele>
        <time>2025-08-24T09:59:17.000Z</time>
        <extensions>
          <ns3:TrackPointExtension>
            <ns3:hr>148</ns3:hr>
          </ns3:TrackPointExtension>
        </extensions>
      </trkpt>
      <trkpt lat="46.55480322428047657012939453125" lon="7.88717131130397319793701171875">
        <ele>1623.5999755859375</ele>
        <time>2025-08-24T09:59:24.000Z</time>
        <extensions>
          <ns3:TrackPointExtension>
            <ns3:hr>146</ns3:hr>
          </ns3:TrackPointExtension>
        </extensions>
      </trkpt>
      <trkpt lat="46.55478327535092830657958984375" lon="7.88715521804988384246826171875">
        <ele>1624</ele>
        <time>2025-08-24T09:59:26.000Z</time>
        <extensions>
          <ns3:TrackPointExtension>
            <ns3:hr>146</ns3:hr>
          </ns3:TrackPointExtension>
        </extensions>
      </trkpt>
      <trkpt lat="46.55472024343907833099365234375" lon="7.8871316649019718170166015625">
        <ele>1624.4000244140625</ele>
        <time>2025-08-24T09:59:31.000Z</time>
        <extensions>
          <ns3:TrackPointExtension>
            <ns3:hr>148</ns3:hr>
          </ns3:TrackPointExtension>
        </extensions>
      </trkpt>
      <trkpt lat="46.55471052043139934539794921875" lon="7.8871252946555614471435546875">
        <ele>1624.5999755859375</ele>
        <time>2025-08-24T09:59:32.000Z</time>
        <extensions>
          <ns3:TrackPointExtension>
            <ns3:hr>148</ns3:hr>
          </ns3:TrackPointExtension>
        </extensions>
      </trkpt>
      <trkpt lat="46.5546889789402484893798828125" lon="7.8871142305433750152587890625">
        <ele>1624.800048828125</ele>
        <time>2025-08-24T09:59:34.000Z</time>
        <extensions>
          <ns3:TrackPointExtension>
            <ns3:hr>148</ns3:hr>
          </ns3:TrackPointExtension>
        </extensions>
      </trkpt>
      <trkpt lat="46.5546299703419208526611328125" lon="7.8871149010956287384033203125">
        <ele>1625.5999755859375</ele>
        <time>2025-08-24T09:59:38.000Z</time>
        <extensions>
          <ns3:TrackPointExtension>
            <ns3:hr>148</ns3:hr>
          </ns3:TrackPointExtension>
        </extensions>
      </trkpt>
      <trkpt lat="46.55456568114459514617919921875" lon="7.8870830498635768890380859375">
        <ele>1626.4000244140625</ele>
        <time>2025-08-24T09:59:44.000Z</time>
        <extensions>
          <ns3:TrackPointExtension>
            <ns3:hr>149</ns3:hr>
          </ns3:TrackPointExtension>
        </extensions>
      </trkpt>
      <trkpt lat="46.55454187653958797454833984375" lon="7.88707860745489597320556640625">
        <ele>1626.800048828125</ele>
        <time>2025-08-24T09:59:46.000Z</time>
        <extensions>
          <ns3:TrackPointExtension>
            <ns3:hr>150</ns3:hr>
          </ns3:TrackPointExtension>
        </extensions>
      </trkpt>
      <trkpt lat="46.55446224845945835113525390625" lon="7.88704206235706806182861328125">
        <ele>1628</ele>
        <time>2025-08-24T09:59:53.000Z</time>
        <extensions>
          <ns3:TrackPointExtension>
            <ns3:hr>152</ns3:hr>
          </ns3:TrackPointExtension>
        </extensions>
      </trkpt>
      <trkpt lat="46.5544334985315799713134765625" lon="7.88702999241650104522705078125">
        <ele>1628.4000244140625</ele>
        <time>2025-08-24T09:59:56.000Z</time>
        <extensions>
          <ns3:TrackPointExtension>
            <ns3:hr>153</ns3:hr>
          </ns3:TrackPointExtension>
        </extensions>
      </trkpt>
      <trkpt lat="46.55436552129685878753662109375" lon="7.88700543344020843505859375">
        <ele>1629.199951171875</ele>
        <time>2025-08-24T10:00:02.000Z</time>
        <extensions>
          <ns3:TrackPointExtension>
            <ns3:hr>153</ns3:hr>
          </ns3:TrackPointExtension>
        </extensions>
      </trkpt>
      <trkpt lat="46.554328389465808868408203125" lon="7.88699680007994174957275390625">
        <ele>1630</ele>
        <time>2025-08-24T10:00:06.000Z</time>
        <extensions>
          <ns3:TrackPointExtension>
            <ns3:hr>152</ns3:hr>
          </ns3:TrackPointExtension>
        </extensions>
      </trkpt>
      <trkpt lat="46.554316319525241851806640625" lon="7.88699763827025890350341796875">
        <ele>1630.199951171875</ele>
        <time>2025-08-24T10:00:07.000Z</time>
        <extensions>
          <ns3:TrackPointExtension>
            <ns3:hr>152</ns3:hr>
          </ns3:TrackPointExtension>
        </extensions>
      </trkpt>
      <trkpt lat="46.5542477555572986602783203125" lon="7.88698556832969188690185546875">
        <ele>1631.4000244140625</ele>
        <time>2025-08-24T10:00:14.000Z</time>
        <extensions>
          <ns3:TrackPointExtension>
            <ns3:hr>153</ns3:hr>
          </ns3:TrackPointExtension>
        </extensions>
      </trkpt>
      <trkpt lat="46.55423350632190704345703125" lon="7.8869752585887908935546875">
        <ele>1631.800048828125</ele>
        <time>2025-08-24T10:00:16.000Z</time>
        <extensions>
          <ns3:TrackPointExtension>
            <ns3:hr>156</ns3:hr>
          </ns3:TrackPointExtension>
        </extensions>
      </trkpt>
      <trkpt lat="46.55419997870922088623046875" lon="7.88695690222084522247314453125">
        <ele>1632.5999755859375</ele>
        <time>2025-08-24T10:00:21.000Z</time>
        <extensions>
          <ns3:TrackPointExtension>
            <ns3:hr>158</ns3:hr>
          </ns3:TrackPointExtension>
        </extensions>
      </trkpt>
      <trkpt lat="46.55419184826314449310302734375" lon="7.88695304654538631439208984375">
        <ele>1632.800048828125</ele>
        <time>2025-08-24T10:00:22.000Z</time>
        <extensions>
          <ns3:TrackPointExtension>
            <ns3:hr>158</ns3:hr>
          </ns3:TrackPointExtension>
        </extensions>
      </trkpt>
      <trkpt lat="46.5541320852935314178466796875" lon="7.88693930022418498992919921875">
        <ele>1633.800048828125</ele>
        <time>2025-08-24T10:00:29.000Z</time>
        <extensions>
          <ns3:TrackPointExtension>
            <ns3:hr>158</ns3:hr>
          </ns3:TrackPointExtension>
        </extensions>
      </trkpt>
      <trkpt lat="46.55412261374294757843017578125" lon="7.8869284875690937042236328125">
        <ele>1634</ele>
        <time>2025-08-24T10:00:31.000Z</time>
        <extensions>
          <ns3:TrackPointExtension>
            <ns3:hr>158</ns3:hr>
          </ns3:TrackPointExtension>
        </extensions>
      </trkpt>
      <trkpt lat="46.55411758460104465484619140625" lon="7.88692404516041278839111328125">
        <ele>1634.199951171875</ele>
        <time>2025-08-24T10:00:32.000Z</time>
        <extensions>
          <ns3:TrackPointExtension>
            <ns3:hr>158</ns3:hr>
          </ns3:TrackPointExtension>
        </extensions>
      </trkpt>
      <trkpt lat="46.554111130535602569580078125" lon="7.8869100473821163177490234375">
        <ele>1634.5999755859375</ele>
        <time>2025-08-24T10:00:35.000Z</time>
        <extensions>
          <ns3:TrackPointExtension>
            <ns3:hr>158</ns3:hr>
          </ns3:TrackPointExtension>
        </extensions>
      </trkpt>
      <trkpt lat="46.5541149862110614776611328125" lon="7.88689739070832729339599609375">
        <ele>1634.5999755859375</ele>
        <time>2025-08-24T10:00:39.000Z</time>
        <extensions>
          <ns3:TrackPointExtension>
            <ns3:hr>158</ns3:hr>
          </ns3:TrackPointExtension>
        </extensions>
      </trkpt>
      <trkpt lat="46.55410467647016048431396484375" lon="7.88689403794705867767333984375">
        <ele>1634.800048828125</ele>
        <time>2025-08-24T10:00:44.000Z</time>
        <extensions>
          <ns3:TrackPointExtension>
            <ns3:hr>159</ns3:hr>
          </ns3:TrackPointExtension>
        </extensions>
      </trkpt>
      <trkpt lat="46.5540727414190769195556640625" lon="7.88686201907694339752197265625">
        <ele>1635.199951171875</ele>
        <time>2025-08-24T10:00:48.000Z</time>
        <extensions>
          <ns3:TrackPointExtension>
            <ns3:hr>159</ns3:hr>
          </ns3:TrackPointExtension>
        </extensions>
      </trkpt>
      <trkpt lat="46.5540137328207492828369140625" lon="7.886817343533039093017578125">
        <ele>1636</ele>
        <time>2025-08-24T10:00:54.000Z</time>
        <extensions>
          <ns3:TrackPointExtension>
            <ns3:hr>156</ns3:hr>
          </ns3:TrackPointExtension>
        </extensions>
      </trkpt>
      <trkpt lat="46.55399403534829616546630859375" lon="7.88680217228829860687255859375">
        <ele>1636.4000244140625</ele>
        <time>2025-08-24T10:00:56.000Z</time>
        <extensions>
          <ns3:TrackPointExtension>
            <ns3:hr>154</ns3:hr>
          </ns3:TrackPointExtension>
        </extensions>
      </trkpt>
      <trkpt lat="46.55394919216632843017578125" lon="7.88673981092870235443115234375">
        <ele>1637.199951171875</ele>
        <time>2025-08-24T10:01:02.000Z</time>
        <extensions>
          <ns3:TrackPointExtension>
            <ns3:hr>153</ns3:hr>
          </ns3:TrackPointExtension>
        </extensions>
      </trkpt>
      <trkpt lat="46.553936786949634552001953125" lon="7.88671483285725116729736328125">
        <ele>1637.5999755859375</ele>
        <time>2025-08-24T10:01:04.000Z</time>
        <extensions>
          <ns3:TrackPointExtension>
            <ns3:hr>153</ns3:hr>
          </ns3:TrackPointExtension>
        </extensions>
      </trkpt>
      <trkpt lat="46.553929410874843597412109375" lon="7.8866533935070037841796875">
        <ele>1638.199951171875</ele>
        <time>2025-08-24T10:01:09.000Z</time>
        <extensions>
          <ns3:TrackPointExtension>
            <ns3:hr>152</ns3:hr>
          </ns3:TrackPointExtension>
        </extensions>
      </trkpt>
      <trkpt lat="46.55391926877200603485107421875" lon="7.88663570769131183624267578125">
        <ele>1638.5999755859375</ele>
        <time>2025-08-24T10:01:11.000Z</time>
        <extensions>
          <ns3:TrackPointExtension>
            <ns3:hr>152</ns3:hr>
          </ns3:TrackPointExtension>
        </extensions>
      </trkpt>
      <trkpt lat="46.55391591601073741912841796875" lon="7.88662187755107879638671875">
        <ele>1639</ele>
        <time>2025-08-24T10:01:14.000Z</time>
        <extensions>
          <ns3:TrackPointExtension>
            <ns3:hr>152</ns3:hr>
          </ns3:TrackPointExtension>
        </extensions>
      </trkpt>
      <trkpt lat="46.55391633510589599609375" lon="7.8866186924278736114501953125">
        <ele>1639.4000244140625</ele>
        <time>2025-08-24T10:01:16.000Z</time>
        <extensions>
          <ns3:TrackPointExtension>
            <ns3:hr>152</ns3:hr>
          </ns3:TrackPointExtension>
        </extensions>
      </trkpt>
      <trkpt lat="46.5539168380200862884521484375" lon="7.8866143338382244110107421875">
        <ele>1639.4000244140625</ele>
        <time>2025-08-24T10:01:17.000Z</time>
        <extensions>
          <ns3:TrackPointExtension>
            <ns3:hr>152</ns3:hr>
          </ns3:TrackPointExtension>
        </extensions>
      </trkpt>
      <trkpt lat="46.55390937812626361846923828125" lon="7.886618860065937042236328125">
        <ele>1639.4000244140625</ele>
        <time>2025-08-24T10:01:24.000Z</time>
        <extensions>
          <ns3:TrackPointExtension>
            <ns3:hr>151</ns3:hr>
          </ns3:TrackPointExtension>
        </extensions>
      </trkpt>
      <trkpt lat="46.55389018356800079345703125" lon="7.88665683008730411529541015625">
        <ele>1639.199951171875</ele>
        <time>2025-08-24T10:01:28.000Z</time>
        <extensions>
          <ns3:TrackPointExtension>
            <ns3:hr>148</ns3:hr>
          </ns3:TrackPointExtension>
        </extensions>
      </trkpt>
      <trkpt lat="46.5538786165416240692138671875" lon="7.8866602666676044464111328125">
        <ele>1638.800048828125</ele>
        <time>2025-08-24T10:01:31.000Z</time>
        <extensions>
          <ns3:TrackPointExtension>
            <ns3:hr>146</ns3:hr>
          </ns3:TrackPointExtension>
        </extensions>
      </trkpt>
      <trkpt lat="46.55384986661374568939208984375" lon="7.88663403131067752838134765625">
        <ele>1638.5999755859375</ele>
        <time>2025-08-24T10:01:36.000Z</time>
        <extensions>
          <ns3:TrackPointExtension>
            <ns3:hr>146</ns3:hr>
          </ns3:TrackPointExtension>
        </extensions>
      </trkpt>
      <trkpt lat="46.55378851108253002166748046875" lon="7.88656823337078094482421875">
        <ele>1638.4000244140625</ele>
        <time>2025-08-24T10:01:42.000Z</time>
        <extensions>
          <ns3:TrackPointExtension>
            <ns3:hr>144</ns3:hr>
          </ns3:TrackPointExtension>
        </extensions>
      </trkpt>
      <trkpt lat="46.55377677641808986663818359375" lon="7.88655214011669158935546875">
        <ele>1638.199951171875</ele>
        <time>2025-08-24T10:01:43.000Z</time>
        <extensions>
          <ns3:TrackPointExtension>
            <ns3:hr>142</ns3:hr>
          </ns3:TrackPointExtension>
        </extensions>
      </trkpt>
      <trkpt lat="46.553752720355987548828125" lon="7.88652406074106693267822265625">
        <ele>1638</ele>
        <time>2025-08-24T10:01:45.000Z</time>
        <extensions>
          <ns3:TrackPointExtension>
            <ns3:hr>137</ns3:hr>
          </ns3:TrackPointExtension>
        </extensions>
      </trkpt>
      <trkpt lat="46.553720198571681976318359375" lon="7.88650059141218662261962890625">
        <ele>1638</ele>
        <time>2025-08-24T10:01:47.000Z</time>
        <extensions>
          <ns3:TrackPointExtension>
            <ns3:hr>134</ns3:hr>
          </ns3:TrackPointExtension>
        </extensions>
      </trkpt>
      <trkpt lat="46.55370200984179973602294921875" lon="7.88647796027362346649169921875">
        <ele>1637.800048828125</ele>
        <time>2025-08-24T10:01:49.000Z</time>
        <extensions>
          <ns3:TrackPointExtension>
            <ns3:hr>135</ns3:hr>
          </ns3:TrackPointExtension>
        </extensions>
      </trkpt>
      <trkpt lat="46.5536100603640079498291015625" lon="7.88638525642454624176025390625">
        <ele>1637.199951171875</ele>
        <time>2025-08-24T10:01:56.000Z</time>
        <extensions>
          <ns3:TrackPointExtension>
            <ns3:hr>135</ns3:hr>
          </ns3:TrackPointExtension>
        </extensions>
      </trkpt>
      <trkpt lat="46.55356806702911853790283203125" lon="7.8863229788839817047119140625">
        <ele>1637.199951171875</ele>
        <time>2025-08-24T10:02:02.000Z</time>
        <extensions>
          <ns3:TrackPointExtension>
            <ns3:hr>134</ns3:hr>
          </ns3:TrackPointExtension>
        </extensions>
      </trkpt>
      <trkpt lat="46.553566642105579376220703125" lon="7.88631836883723735809326171875">
        <ele>1637.199951171875</ele>
        <time>2025-08-24T10:02:04.000Z</time>
        <extensions>
          <ns3:TrackPointExtension>
            <ns3:hr>134</ns3:hr>
          </ns3:TrackPointExtension>
        </extensions>
      </trkpt>
      <trkpt lat="46.55355281196534633636474609375" lon="7.88629020564258098602294921875">
        <ele>1637.199951171875</ele>
        <time>2025-08-24T10:02:08.000Z</time>
        <extensions>
          <ns3:TrackPointExtension>
            <ns3:hr>134</ns3:hr>
          </ns3:TrackPointExtension>
        </extensions>
      </trkpt>
      <trkpt lat="46.55354459770023822784423828125" lon="7.8862810693681240081787109375">
        <ele>1637.199951171875</ele>
        <time>2025-08-24T10:02:12.000Z</time>
        <extensions>
          <ns3:TrackPointExtension>
            <ns3:hr>132</ns3:hr>
          </ns3:TrackPointExtension>
        </extensions>
      </trkpt>
      <trkpt lat="46.55354577116668224334716796875" lon="7.886283583939075469970703125">
        <ele>1637.199951171875</ele>
        <time>2025-08-24T10:02:14.000Z</time>
        <extensions>
          <ns3:TrackPointExtension>
            <ns3:hr>131</ns3:hr>
          </ns3:TrackPointExtension>
        </extensions>
      </trkpt>
      <trkpt lat="46.55354610644280910491943359375" lon="7.886282913386821746826171875">
        <ele>1637</ele>
        <time>2025-08-24T10:02:15.000Z</time>
        <extensions>
          <ns3:TrackPointExtension>
            <ns3:hr>130</ns3:hr>
          </ns3:TrackPointExtension>
        </extensions>
      </trkpt>
      <trkpt lat="46.5535433404147624969482421875" lon="7.88628065027296543121337890625">
        <ele>1637</ele>
        <time>2025-08-24T10:02:16.000Z</time>
        <extensions>
          <ns3:TrackPointExtension>
            <ns3:hr>130</ns3:hr>
          </ns3:TrackPointExtension>
        </extensions>
      </trkpt>
      <trkpt lat="46.5535399876534938812255859375" lon="7.88627830334007740020751953125">
        <ele>1636.800048828125</ele>
        <time>2025-08-24T10:02:23.000Z</time>
        <extensions>
          <ns3:TrackPointExtension>
            <ns3:hr>127</ns3:hr>
          </ns3:TrackPointExtension>
        </extensions>
      </trkpt>
      <trkpt lat="46.5535399876534938812255859375" lon="7.88627830334007740020751953125">
        <ele>1636.800048828125</ele>
        <time>2025-08-24T10:02:34.000Z</time>
        <extensions>
          <ns3:TrackPointExtension>
            <ns3:hr>127</ns3:hr>
          </ns3:TrackPointExtension>
        </extensions>
      </trkpt>
      <trkpt lat="46.553493551909923553466796875" lon="7.886215187609195709228515625">
        <ele>1637.199951171875</ele>
        <time>2025-08-24T10:02:45.000Z</time>
        <extensions>
          <ns3:TrackPointExtension>
            <ns3:hr>127</ns3:hr>
          </ns3:TrackPointExtension>
        </extensions>
      </trkpt>
      <trkpt lat="46.55341115780174732208251953125" lon="7.8860983438789844512939453125">
        <ele>1637.800048828125</ele>
        <time>2025-08-24T10:02:52.000Z</time>
        <extensions>
          <ns3:TrackPointExtension>
            <ns3:hr>124</ns3:hr>
          </ns3:TrackPointExtension>
        </extensions>
      </trkpt>
      <trkpt lat="46.5534011833369731903076171875" lon="7.88606791757047176361083984375">
        <ele>1637.800048828125</ele>
        <time>2025-08-24T10:02:54.000Z</time>
        <extensions>
          <ns3:TrackPointExtension>
            <ns3:hr>124</ns3:hr>
          </ns3:TrackPointExtension>
        </extensions>
      </trkpt>
      <trkpt lat="46.55339774675667285919189453125" lon="7.88599566556513309478759765625">
        <ele>1638.199951171875</ele>
        <time>2025-08-24T10:02:58.000Z</time>
        <extensions>
          <ns3:TrackPointExtension>
            <ns3:hr>123</ns3:hr>
          </ns3:TrackPointExtension>
        </extensions>
      </trkpt>
      <trkpt lat="46.553364135324954986572265625" lon="7.88588695228099822998046875">
        <ele>1638.4000244140625</ele>
        <time>2025-08-24T10:03:03.000Z</time>
        <extensions>
          <ns3:TrackPointExtension>
            <ns3:hr>121</ns3:hr>
          </ns3:TrackPointExtension>
        </extensions>
      </trkpt>
      <trkpt lat="46.55332163907587528228759765625" lon="7.88576222956180572509765625">
        <ele>1638.5999755859375</ele>
        <time>2025-08-24T10:03:10.000Z</time>
        <extensions>
          <ns3:TrackPointExtension>
            <ns3:hr>123</ns3:hr>
          </ns3:TrackPointExtension>
        </extensions>
      </trkpt>
      <trkpt lat="46.5533163584768772125244140625" lon="7.88574839942157268524169921875">
        <ele>1638.5999755859375</ele>
        <time>2025-08-24T10:03:11.000Z</time>
        <extensions>
          <ns3:TrackPointExtension>
            <ns3:hr>123</ns3:hr>
          </ns3:TrackPointExtension>
        </extensions>
      </trkpt>
      <trkpt lat="46.5532938949763774871826171875" lon="7.88567312993109226226806640625">
        <ele>1638.4000244140625</ele>
        <time>2025-08-24T10:03:16.000Z</time>
        <extensions>
          <ns3:TrackPointExtension>
            <ns3:hr>123</ns3:hr>
          </ns3:TrackPointExtension>
        </extensions>
      </trkpt>
      <trkpt lat="46.5532379038631916046142578125" lon="7.8855927474796772003173828125">
        <ele>1637.800048828125</ele>
        <time>2025-08-24T10:03:24.000Z</time>
        <extensions>
          <ns3:TrackPointExtension>
            <ns3:hr>124</ns3:hr>
          </ns3:TrackPointExtension>
        </extensions>
      </trkpt>
      <trkpt lat="46.55323974788188934326171875" lon="7.88558679632842540740966796875">
        <ele>1637.800048828125</ele>
        <time>2025-08-24T10:03:26.000Z</time>
        <extensions>
          <ns3:TrackPointExtension>
            <ns3:hr>124</ns3:hr>
          </ns3:TrackPointExtension>
        </extensions>
      </trkpt>
      <trkpt lat="46.5532332099974155426025390625" lon="7.8855810128152370452880859375">
        <ele>1638</ele>
        <time>2025-08-24T10:03:29.000Z</time>
        <extensions>
          <ns3:TrackPointExtension>
            <ns3:hr>124</ns3:hr>
          </ns3:TrackPointExtension>
        </extensions>
      </trkpt>
      <trkpt lat="46.553232371807098388671875" lon="7.885579168796539306640625">
        <ele>1638.199951171875</ele>
        <time>2025-08-24T10:03:30.000Z</time>
        <extensions>
          <ns3:TrackPointExtension>
            <ns3:hr>124</ns3:hr>
          </ns3:TrackPointExtension>
        </extensions>
      </trkpt>
      <trkpt lat="46.55322474427521228790283203125" lon="7.88557774387300014495849609375">
        <ele>1638.4000244140625</ele>
        <time>2025-08-24T10:03:32.000Z</time>
        <extensions>
          <ns3:TrackPointExtension>
            <ns3:hr>123</ns3:hr>
          </ns3:TrackPointExtension>
        </extensions>
      </trkpt>
      <trkpt lat="46.5531879477202892303466796875" lon="7.88555075414478778839111328125">
        <ele>1638.4000244140625</ele>
        <time>2025-08-24T10:03:36.000Z</time>
        <extensions>
          <ns3:TrackPointExtension>
            <ns3:hr>123</ns3:hr>
          </ns3:TrackPointExtension>
        </extensions>
      </trkpt>
      <trkpt lat="46.55310538597404956817626953125" lon="7.8854485787451267242431640625">
        <ele>1637.800048828125</ele>
        <time>2025-08-24T10:03:44.000Z</time>
        <extensions>
          <ns3:TrackPointExtension>
            <ns3:hr>121</ns3:hr>
          </ns3:TrackPointExtension>
        </extensions>
      </trkpt>
      <trkpt lat="46.55303564853966236114501953125" lon="7.88530030287802219390869140625">
        <ele>1637</ele>
        <time>2025-08-24T10:03:51.000Z</time>
        <extensions>
          <ns3:TrackPointExtension>
            <ns3:hr>120</ns3:hr>
          </ns3:TrackPointExtension>
        </extensions>
      </trkpt>
      <trkpt lat="46.55302609317004680633544921875" lon="7.88528454490005970001220703125">
        <ele>1637</ele>
        <time>2025-08-24T10:03:52.000Z</time>
        <extensions>
          <ns3:TrackPointExtension>
            <ns3:hr>119</ns3:hr>
          </ns3:TrackPointExtension>
        </extensions>
      </trkpt>
      <trkpt lat="46.5530085749924182891845703125" lon="7.88522268645465373992919921875">
        <ele>1637</ele>
        <time>2025-08-24T10:03:56.000Z</time>
        <extensions>
          <ns3:TrackPointExtension>
            <ns3:hr>119</ns3:hr>
          </ns3:TrackPointExtension>
        </extensions>
      </trkpt>
      <trkpt lat="46.55300505459308624267578125" lon="7.8851702995598316192626953125">
        <ele>1637</ele>
        <time>2025-08-24T10:03:59.000Z</time>
        <extensions>
          <ns3:TrackPointExtension>
            <ns3:hr>121</ns3:hr>
          </ns3:TrackPointExtension>
        </extensions>
      </trkpt>
      <trkpt lat="46.5529869496822357177734375" lon="7.88511849939823150634765625">
        <ele>1636.800048828125</ele>
        <time>2025-08-24T10:04:02.000Z</time>
        <extensions>
          <ns3:TrackPointExtension>
            <ns3:hr>124</ns3:hr>
          </ns3:TrackPointExtension>
        </extensions>
      </trkpt>
      <trkpt lat="46.55297311954200267791748046875" lon="7.88510416634380817413330078125">
        <ele>1636.800048828125</ele>
        <time>2025-08-24T10:04:03.000Z</time>
        <extensions>
          <ns3:TrackPointExtension>
            <ns3:hr>126</ns3:hr>
          </ns3:TrackPointExtension>
        </extensions>
      </trkpt>
      <trkpt lat="46.552942357957363128662109375" lon="7.8850801102817058563232421875">
        <ele>1636.800048828125</ele>
        <time>2025-08-24T10:04:06.000Z</time>
        <extensions>
          <ns3:TrackPointExtension>
            <ns3:hr>128</ns3:hr>
          </ns3:TrackPointExtension>
        </extensions>
      </trkpt>
      <trkpt lat="46.55292651616036891937255859375" lon="7.885080277919769287109375">
        <ele>1637</ele>
        <time>2025-08-24T10:04:08.000Z</time>
        <extensions>
          <ns3:TrackPointExtension>
            <ns3:hr>129</ns3:hr>
          </ns3:TrackPointExtension>
        </extensions>
      </trkpt>
      <trkpt lat="46.55290422029793262481689453125" lon="7.88503861986100673675537109375">
        <ele>1637</ele>
        <time>2025-08-24T10:04:11.000Z</time>
        <extensions>
          <ns3:TrackPointExtension>
            <ns3:hr>130</ns3:hr>
          </ns3:TrackPointExtension>
        </extensions>
      </trkpt>
      <trkpt lat="46.55289500020444393157958984375" lon="7.885021269321441650390625">
        <ele>1637</ele>
        <time>2025-08-24T10:04:12.000Z</time>
        <extensions>
          <ns3:TrackPointExtension>
            <ns3:hr>130</ns3:hr>
          </ns3:TrackPointExtension>
        </extensions>
      </trkpt>
      <trkpt lat="46.5528452955186367034912109375" lon="7.8850056789815425872802734375">
        <ele>1637.800048828125</ele>
        <time>2025-08-24T10:04:17.000Z</time>
        <extensions>
          <ns3:TrackPointExtension>
            <ns3:hr>131</ns3:hr>
          </ns3:TrackPointExtension>
        </extensions>
      </trkpt>
      <trkpt lat="46.5528152883052825927734375" lon="7.88501833565533161163330078125">
        <ele>1638</ele>
        <time>2025-08-24T10:04:20.000Z</time>
        <extensions>
          <ns3:TrackPointExtension>
            <ns3:hr>132</ns3:hr>
          </ns3:TrackPointExtension>
        </extensions>
      </trkpt>
      <trkpt lat="46.55280531384050846099853515625" lon="7.8850130550563335418701171875">
        <ele>1637.800048828125</ele>
        <time>2025-08-24T10:04:21.000Z</time>
        <extensions>
          <ns3:TrackPointExtension>
            <ns3:hr>132</ns3:hr>
          </ns3:TrackPointExtension>
        </extensions>
      </trkpt>
      <trkpt lat="46.552766673266887664794921875" lon="7.88496351800858974456787109375">
        <ele>1638</ele>
        <time>2025-08-24T10:04:26.000Z</time>
        <extensions>
          <ns3:TrackPointExtension>
            <ns3:hr>133</ns3:hr>
          </ns3:TrackPointExtension>
        </extensions>
      </trkpt>
      <trkpt lat="46.552748568356037139892578125" lon="7.88494172506034374237060546875">
        <ele>1638.199951171875</ele>
        <time>2025-08-24T10:04:28.000Z</time>
        <extensions>
          <ns3:TrackPointExtension>
            <ns3:hr>133</ns3:hr>
          </ns3:TrackPointExtension>
        </extensions>
      </trkpt>
      <trkpt lat="46.55274278484284877777099609375" lon="7.884910292923450469970703125">
        <ele>1638.199951171875</ele>
        <time>2025-08-24T10:04:30.000Z</time>
        <extensions>
          <ns3:TrackPointExtension>
            <ns3:hr>133</ns3:hr>
          </ns3:TrackPointExtension>
        </extensions>
      </trkpt>
      <trkpt lat="46.552734486758708953857421875" lon="7.88490987382829189300537109375">
        <ele>1638.199951171875</ele>
        <time>2025-08-24T10:04:31.000Z</time>
        <extensions>
          <ns3:TrackPointExtension>
            <ns3:hr>133</ns3:hr>
          </ns3:TrackPointExtension>
        </extensions>
      </trkpt>
      <trkpt lat="46.552722752094268798828125" lon="7.88489989936351776123046875">
        <ele>1638.199951171875</ele>
        <time>2025-08-24T10:04:33.000Z</time>
        <extensions>
          <ns3:TrackPointExtension>
            <ns3:hr>132</ns3:hr>
          </ns3:TrackPointExtension>
        </extensions>
      </trkpt>
      <trkpt lat="46.55265326611697673797607421875" lon="7.88484818302094936370849609375">
        <ele>1638.5999755859375</ele>
        <time>2025-08-24T10:04:38.000Z</time>
        <extensions>
          <ns3:TrackPointExtension>
            <ns3:hr>131</ns3:hr>
          </ns3:TrackPointExtension>
        </extensions>
      </trkpt>
      <trkpt lat="46.5525837801396846771240234375" lon="7.88482211530208587646484375">
        <ele>1639.199951171875</ele>
        <time>2025-08-24T10:04:44.000Z</time>
        <extensions>
          <ns3:TrackPointExtension>
            <ns3:hr>132</ns3:hr>
          </ns3:TrackPointExtension>
        </extensions>
      </trkpt>
      <trkpt lat="46.55257430858910083770751953125" lon="7.884803004562854766845703125">
        <ele>1639.4000244140625</ele>
        <time>2025-08-24T10:04:46.000Z</time>
        <extensions>
          <ns3:TrackPointExtension>
            <ns3:hr>132</ns3:hr>
          </ns3:TrackPointExtension>
        </extensions>
      </trkpt>
      <trkpt lat="46.5525190718472003936767578125" lon="7.884809710085391998291015625">
        <ele>1639.5999755859375</ele>
        <time>2025-08-24T10:04:50.000Z</time>
        <extensions>
          <ns3:TrackPointExtension>
            <ns3:hr>134</ns3:hr>
          </ns3:TrackPointExtension>
        </extensions>
      </trkpt>
      <trkpt lat="46.55247741378843784332275390625" lon="7.88481834344565868377685546875">
        <ele>1639.800048828125</ele>
        <time>2025-08-24T10:04:52.000Z</time>
        <extensions>
          <ns3:TrackPointExtension>
            <ns3:hr>134</ns3:hr>
          </ns3:TrackPointExtension>
        </extensions>
      </trkpt>
      <trkpt lat="46.5524721331894397735595703125" lon="7.884851284325122833251953125">
        <ele>1640</ele>
        <time>2025-08-24T10:04:54.000Z</time>
        <extensions>
          <ns3:TrackPointExtension>
            <ns3:hr>134</ns3:hr>
          </ns3:TrackPointExtension>
        </extensions>
      </trkpt>
      <trkpt lat="46.552464924752712249755859375" lon="7.88489126600325107574462890625">
        <ele>1640.199951171875</ele>
        <time>2025-08-24T10:04:57.000Z</time>
        <extensions>
          <ns3:TrackPointExtension>
            <ns3:hr>133</ns3:hr>
          </ns3:TrackPointExtension>
        </extensions>
      </trkpt>
      <trkpt lat="46.5523819439113140106201171875" lon="7.88488590158522129058837890625">
        <ele>1640.5999755859375</ele>
        <time>2025-08-24T10:05:04.000Z</time>
        <extensions>
          <ns3:TrackPointExtension>
            <ns3:hr>132</ns3:hr>
          </ns3:TrackPointExtension>
        </extensions>
      </trkpt>
      <trkpt lat="46.55237071216106414794921875" lon="7.88486259989440441131591796875">
        <ele>1641</ele>
        <time>2025-08-24T10:05:05.000Z</time>
        <extensions>
          <ns3:TrackPointExtension>
            <ns3:hr>131</ns3:hr>
          </ns3:TrackPointExtension>
        </extensions>
      </trkpt>
      <trkpt lat="46.55233156867325305938720703125" lon="7.8848387114703655242919921875">
        <ele>1641.199951171875</ele>
        <time>2025-08-24T10:05:09.000Z</time>
        <extensions>
          <ns3:TrackPointExtension>
            <ns3:hr>131</ns3:hr>
          </ns3:TrackPointExtension>
        </extensions>
      </trkpt>
      <trkpt lat="46.55228178016841411590576171875" lon="7.88482203148305416107177734375">
        <ele>1641.199951171875</ele>
        <time>2025-08-24T10:05:12.000Z</time>
        <extensions>
          <ns3:TrackPointExtension>
            <ns3:hr>131</ns3:hr>
          </ns3:TrackPointExtension>
        </extensions>
      </trkpt>
      <trkpt lat="46.55227323062717914581298828125" lon="7.884814739227294921875">
        <ele>1641.4000244140625</ele>
        <time>2025-08-24T10:05:13.000Z</time>
        <extensions>
          <ns3:TrackPointExtension>
            <ns3:hr>131</ns3:hr>
          </ns3:TrackPointExtension>
        </extensions>
      </trkpt>
      <trkpt lat="46.552261412143707275390625" lon="7.884809710085391998291015625">
        <ele>1641.4000244140625</ele>
        <time>2025-08-24T10:05:14.000Z</time>
        <extensions>
          <ns3:TrackPointExtension>
            <ns3:hr>130</ns3:hr>
          </ns3:TrackPointExtension>
        </extensions>
      </trkpt>
      <trkpt lat="46.5522575564682483673095703125" lon="7.8848001547157764434814453125">
        <ele>1641.5999755859375</ele>
        <time>2025-08-24T10:05:15.000Z</time>
        <extensions>
          <ns3:TrackPointExtension>
            <ns3:hr>130</ns3:hr>
          </ns3:TrackPointExtension>
        </extensions>
      </trkpt>
      <trkpt lat="46.55220986343920230865478515625" lon="7.88478967733681201934814453125">
        <ele>1642</ele>
        <time>2025-08-24T10:05:19.000Z</time>
        <extensions>
          <ns3:TrackPointExtension>
            <ns3:hr>133</ns3:hr>
          </ns3:TrackPointExtension>
        </extensions>
      </trkpt>
      <trkpt lat="46.5522002242505550384521484375" lon="7.8847746737301349639892578125">
        <ele>1642</ele>
        <time>2025-08-24T10:05:20.000Z</time>
        <extensions>
          <ns3:TrackPointExtension>
            <ns3:hr>134</ns3:hr>
          </ns3:TrackPointExtension>
        </extensions>
      </trkpt>
      <trkpt lat="46.5521663613617420196533203125" lon="7.8847535513341426849365234375">
        <ele>1642.199951171875</ele>
        <time>2025-08-24T10:05:23.000Z</time>
        <extensions>
          <ns3:TrackPointExtension>
            <ns3:hr>136</ns3:hr>
          </ns3:TrackPointExtension>
        </extensions>
      </trkpt>
      <trkpt lat="46.55216745100915431976318359375" lon="7.8847552277147769927978515625">
        <ele>1642.4000244140625</ele>
        <time>2025-08-24T10:05:24.000Z</time>
        <extensions>
          <ns3:TrackPointExtension>
            <ns3:hr>137</ns3:hr>
          </ns3:TrackPointExtension>
        </extensions>
      </trkpt>
      <trkpt lat="46.55215906910598278045654296875" lon="7.88476503454148769378662109375">
        <ele>1642.5999755859375</ele>
        <time>2025-08-24T10:05:25.000Z</time>
        <extensions>
          <ns3:TrackPointExtension>
            <ns3:hr>137</ns3:hr>
          </ns3:TrackPointExtension>
        </extensions>
      </trkpt>
      <trkpt lat="46.55214213766157627105712890625" lon="7.88478749804198741912841796875">
        <ele>1642.5999755859375</ele>
        <time>2025-08-24T10:05:27.000Z</time>
        <extensions>
          <ns3:TrackPointExtension>
            <ns3:hr>138</ns3:hr>
          </ns3:TrackPointExtension>
        </extensions>
      </trkpt>
      <trkpt lat="46.5521267987787723541259765625" lon="7.8847874142229557037353515625">
        <ele>1642.800048828125</ele>
        <time>2025-08-24T10:05:29.000Z</time>
        <extensions>
          <ns3:TrackPointExtension>
            <ns3:hr>138</ns3:hr>
          </ns3:TrackPointExtension>
        </extensions>
      </trkpt>
      <trkpt lat="46.55212101526558399200439453125" lon="7.8847904317080974578857421875">
        <ele>1643</ele>
        <time>2025-08-24T10:05:31.000Z</time>
        <extensions>
          <ns3:TrackPointExtension>
            <ns3:hr>139</ns3:hr>
          </ns3:TrackPointExtension>
        </extensions>
      </trkpt>
      <trkpt lat="46.55210592783987522125244140625" lon="7.88480778224766254425048828125">
        <ele>1643.5999755859375</ele>
        <time>2025-08-24T10:05:33.000Z</time>
        <extensions>
          <ns3:TrackPointExtension>
            <ns3:hr>139</ns3:hr>
          </ns3:TrackPointExtension>
        </extensions>
      </trkpt>
      <trkpt lat="46.55208866111934185028076171875" lon="7.8848031722009181976318359375">
        <ele>1644</ele>
        <time>2025-08-24T10:05:36.000Z</time>
        <extensions>
          <ns3:TrackPointExtension>
            <ns3:hr>139</ns3:hr>
          </ns3:TrackPointExtension>
        </extensions>
      </trkpt>
      <trkpt lat="46.5520691312849521636962890625" lon="7.8847937844693660736083984375">
        <ele>1644</ele>
        <time>2025-08-24T10:05:38.000Z</time>
        <extensions>
          <ns3:TrackPointExtension>
            <ns3:hr>140</ns3:hr>
          </ns3:TrackPointExtension>
        </extensions>
      </trkpt>
      <trkpt lat="46.552053205668926239013671875" lon="7.88479990325868129730224609375">
        <ele>1644</ele>
        <time>2025-08-24T10:05:39.000Z</time>
        <extensions>
          <ns3:TrackPointExtension>
            <ns3:hr>140</ns3:hr>
          </ns3:TrackPointExtension>
        </extensions>
      </trkpt>
      <trkpt lat="46.55203820206224918365478515625" lon="7.88480962626636028289794921875">
        <ele>1644.199951171875</ele>
        <time>2025-08-24T10:05:40.000Z</time>
        <extensions>
          <ns3:TrackPointExtension>
            <ns3:hr>140</ns3:hr>
          </ns3:TrackPointExtension>
        </extensions>
      </trkpt>
      <trkpt lat="46.55201422981917858123779296875" lon="7.88481180556118488311767578125">
        <ele>1644.5999755859375</ele>
        <time>2025-08-24T10:05:43.000Z</time>
        <extensions>
          <ns3:TrackPointExtension>
            <ns3:hr>140</ns3:hr>
          </ns3:TrackPointExtension>
        </extensions>
      </trkpt>
      <trkpt lat="46.55199478380382061004638671875" lon="7.88481540977954864501953125">
        <ele>1644.5999755859375</ele>
        <time>2025-08-24T10:05:44.000Z</time>
        <extensions>
          <ns3:TrackPointExtension>
            <ns3:hr>140</ns3:hr>
          </ns3:TrackPointExtension>
        </extensions>
      </trkpt>
      <trkpt lat="46.55197617597877979278564453125" lon="7.884821780025959014892578125">
        <ele>1644.5999755859375</ele>
        <time>2025-08-24T10:05:45.000Z</time>
        <extensions>
          <ns3:TrackPointExtension>
            <ns3:hr>141</ns3:hr>
          </ns3:TrackPointExtension>
        </extensions>
      </trkpt>
      <trkpt lat="46.5519209392368793487548828125" lon="7.88484868593513965606689453125">
        <ele>1644.800048828125</ele>
        <time>2025-08-24T10:05:48.000Z</time>
        <extensions>
          <ns3:TrackPointExtension>
            <ns3:hr>142</ns3:hr>
          </ns3:TrackPointExtension>
        </extensions>
      </trkpt>
      <trkpt lat="46.5517710708081722259521484375" lon="7.88493812084197998046875">
        <ele>1645.5999755859375</ele>
        <time>2025-08-24T10:05:54.000Z</time>
        <extensions>
          <ns3:TrackPointExtension>
            <ns3:hr>142</ns3:hr>
          </ns3:TrackPointExtension>
        </extensions>
      </trkpt>
      <trkpt lat="46.55176495201885700225830078125" lon="7.884949855506420135498046875">
        <ele>1645.5999755859375</ele>
        <time>2025-08-24T10:05:55.000Z</time>
        <extensions>
          <ns3:TrackPointExtension>
            <ns3:hr>142</ns3:hr>
          </ns3:TrackPointExtension>
        </extensions>
      </trkpt>
      <trkpt lat="46.55173393897712230682373046875" lon="7.884961925446987152099609375">
        <ele>1645.5999755859375</ele>
        <time>2025-08-24T10:05:59.000Z</time>
        <extensions>
          <ns3:TrackPointExtension>
            <ns3:hr>142</ns3:hr>
          </ns3:TrackPointExtension>
        </extensions>
      </trkpt>
      <trkpt lat="46.55167928896844387054443359375" lon="7.88485891185700893402099609375">
        <ele>1645.5999755859375</ele>
        <time>2025-08-24T10:06:06.000Z</time>
        <extensions>
          <ns3:TrackPointExtension>
            <ns3:hr>142</ns3:hr>
          </ns3:TrackPointExtension>
        </extensions>
      </trkpt>
      <trkpt lat="46.55166956596076488494873046875" lon="7.884861342608928680419921875">
        <ele>1645.800048828125</ele>
        <time>2025-08-24T10:06:07.000Z</time>
        <extensions>
          <ns3:TrackPointExtension>
            <ns3:hr>142</ns3:hr>
          </ns3:TrackPointExtension>
        </extensions>
      </trkpt>
      <trkpt lat="46.55164727009832859039306640625" lon="7.88487768732011318206787109375">
        <ele>1646</ele>
        <time>2025-08-24T10:06:09.000Z</time>
        <extensions>
          <ns3:TrackPointExtension>
            <ns3:hr>142</ns3:hr>
          </ns3:TrackPointExtension>
        </extensions>
      </trkpt>
      <trkpt lat="46.55160770751535892486572265625" lon="7.88490719161927700042724609375">
        <ele>1646.199951171875</ele>
        <time>2025-08-24T10:06:12.000Z</time>
        <extensions>
          <ns3:TrackPointExtension>
            <ns3:hr>142</ns3:hr>
          </ns3:TrackPointExtension>
        </extensions>
      </trkpt>
      <trkpt lat="46.5514679811894893646240234375" lon="7.88495731540024280548095703125">
        <ele>1646.800048828125</ele>
        <time>2025-08-24T10:06:19.000Z</time>
        <extensions>
          <ns3:TrackPointExtension>
            <ns3:hr>142</ns3:hr>
          </ns3:TrackPointExtension>
        </extensions>
      </trkpt>
      <trkpt lat="46.5514129959046840667724609375" lon="7.88498380221426486968994140625">
        <ele>1647</ele>
        <time>2025-08-24T10:06:23.000Z</time>
        <extensions>
          <ns3:TrackPointExtension>
            <ns3:hr>140</ns3:hr>
          </ns3:TrackPointExtension>
        </extensions>
      </trkpt>
      <trkpt lat="46.5513898618519306182861328125" lon="7.884980030357837677001953125">
        <ele>1647.199951171875</ele>
        <time>2025-08-24T10:06:25.000Z</time>
        <extensions>
          <ns3:TrackPointExtension>
            <ns3:hr>139</ns3:hr>
          </ns3:TrackPointExtension>
        </extensions>
      </trkpt>
      <trkpt lat="46.55136815272271633148193359375" lon="7.88497927598655223846435546875">
        <ele>1647.4000244140625</ele>
        <time>2025-08-24T10:06:28.000Z</time>
        <extensions>
          <ns3:TrackPointExtension>
            <ns3:hr>141</ns3:hr>
          </ns3:TrackPointExtension>
        </extensions>
      </trkpt>
      <trkpt lat="46.55135608278214931488037109375" lon="7.8850053437054157257080078125">
        <ele>1647.4000244140625</ele>
        <time>2025-08-24T10:06:29.000Z</time>
        <extensions>
          <ns3:TrackPointExtension>
            <ns3:hr>140</ns3:hr>
          </ns3:TrackPointExtension>
        </extensions>
      </trkpt>
      <trkpt lat="46.55132926069200038909912109375" lon="7.8850254602730274200439453125">
        <ele>1647.5999755859375</ele>
        <time>2025-08-24T10:06:31.000Z</time>
        <extensions>
          <ns3:TrackPointExtension>
            <ns3:hr>141</ns3:hr>
          </ns3:TrackPointExtension>
        </extensions>
      </trkpt>
      <trkpt lat="46.55129472725093364715576171875" lon="7.8850298188626766204833984375">
        <ele>1648</ele>
        <time>2025-08-24T10:06:33.000Z</time>
        <extensions>
          <ns3:TrackPointExtension>
            <ns3:hr>142</ns3:hr>
          </ns3:TrackPointExtension>
        </extensions>
      </trkpt>
      <trkpt lat="46.55127176083624362945556640625" lon="7.885043062269687652587890625">
        <ele>1648.199951171875</ele>
        <time>2025-08-24T10:06:34.000Z</time>
        <extensions>
          <ns3:TrackPointExtension>
            <ns3:hr>143</ns3:hr>
          </ns3:TrackPointExtension>
        </extensions>
      </trkpt>
      <trkpt lat="46.55124426819384098052978515625" lon="7.88504264317452907562255859375">
        <ele>1648.4000244140625</ele>
        <time>2025-08-24T10:06:36.000Z</time>
        <extensions>
          <ns3:TrackPointExtension>
            <ns3:hr>144</ns3:hr>
          </ns3:TrackPointExtension>
        </extensions>
      </trkpt>
      <trkpt lat="46.55122549273073673248291015625" lon="7.88506083190441131591796875">
        <ele>1648.5999755859375</ele>
        <time>2025-08-24T10:06:38.000Z</time>
        <extensions>
          <ns3:TrackPointExtension>
            <ns3:hr>144</ns3:hr>
          </ns3:TrackPointExtension>
        </extensions>
      </trkpt>
      <trkpt lat="46.551189534366130828857421875" lon="7.88507013581693172454833984375">
        <ele>1648.800048828125</ele>
        <time>2025-08-24T10:06:40.000Z</time>
        <extensions>
          <ns3:TrackPointExtension>
            <ns3:hr>143</ns3:hr>
          </ns3:TrackPointExtension>
        </extensions>
      </trkpt>
      <trkpt lat="46.55117151327431201934814453125" lon="7.88507332094013690948486328125">
        <ele>1649</ele>
        <time>2025-08-24T10:06:42.000Z</time>
        <extensions>
          <ns3:TrackPointExtension>
            <ns3:hr>144</ns3:hr>
          </ns3:TrackPointExtension>
        </extensions>
      </trkpt>
      <trkpt lat="46.55111275613307952880859375" lon="7.88511975668370723724365234375">
        <ele>1649.4000244140625</ele>
        <time>2025-08-24T10:06:45.000Z</time>
        <extensions>
          <ns3:TrackPointExtension>
            <ns3:hr>145</ns3:hr>
          </ns3:TrackPointExtension>
        </extensions>
      </trkpt>
      <trkpt lat="46.551099009811878204345703125" lon="7.885149680078029632568359375">
        <ele>1649.4000244140625</ele>
        <time>2025-08-24T10:06:47.000Z</time>
        <extensions>
          <ns3:TrackPointExtension>
            <ns3:hr>145</ns3:hr>
          </ns3:TrackPointExtension>
        </extensions>
      </trkpt>
      <trkpt lat="46.55103891156613826751708984375" lon="7.88519334979355335235595703125">
        <ele>1650</ele>
        <time>2025-08-24T10:06:54.000Z</time>
        <extensions>
          <ns3:TrackPointExtension>
            <ns3:hr>145</ns3:hr>
          </ns3:TrackPointExtension>
        </extensions>
      </trkpt>
      <trkpt lat="46.551036648452281951904296875" lon="7.8851902484893798828125">
        <ele>1650</ele>
        <time>2025-08-24T10:06:55.000Z</time>
        <extensions>
          <ns3:TrackPointExtension>
            <ns3:hr>146</ns3:hr>
          </ns3:TrackPointExtension>
        </extensions>
      </trkpt>
      <trkpt lat="46.5510354749858379364013671875" lon="7.8852272965013980865478515625">
        <ele>1650.4000244140625</ele>
        <time>2025-08-24T10:06:58.000Z</time>
        <extensions>
          <ns3:TrackPointExtension>
            <ns3:hr>145</ns3:hr>
          </ns3:TrackPointExtension>
        </extensions>
      </trkpt>
      <trkpt lat="46.551031284034252166748046875" lon="7.885242216289043426513671875">
        <ele>1650.4000244140625</ele>
        <time>2025-08-24T10:06:59.000Z</time>
        <extensions>
          <ns3:TrackPointExtension>
            <ns3:hr>145</ns3:hr>
          </ns3:TrackPointExtension>
        </extensions>
      </trkpt>
      <trkpt lat="46.55100546777248382568359375" lon="7.88526761345565319061279296875">
        <ele>1651.199951171875</ele>
        <time>2025-08-24T10:07:03.000Z</time>
        <extensions>
          <ns3:TrackPointExtension>
            <ns3:hr>143</ns3:hr>
          </ns3:TrackPointExtension>
        </extensions>
      </trkpt>
      <trkpt lat="46.55100387521088123321533203125" lon="7.885267026722431182861328125">
        <ele>1651.4000244140625</ele>
        <time>2025-08-24T10:07:04.000Z</time>
        <extensions>
          <ns3:TrackPointExtension>
            <ns3:hr>142</ns3:hr>
          </ns3:TrackPointExtension>
        </extensions>
      </trkpt>
      <trkpt lat="46.55100169591605663299560546875" lon="7.8852688707411289215087890625">
        <ele>1651.4000244140625</ele>
        <time>2025-08-24T10:07:05.000Z</time>
        <extensions>
          <ns3:TrackPointExtension>
            <ns3:hr>142</ns3:hr>
          </ns3:TrackPointExtension>
        </extensions>
      </trkpt>
      <trkpt lat="46.55097990296781063079833984375" lon="7.8852785937488079071044921875">
        <ele>1651.5999755859375</ele>
        <time>2025-08-24T10:07:06.000Z</time>
        <extensions>
          <ns3:TrackPointExtension>
            <ns3:hr>142</ns3:hr>
          </ns3:TrackPointExtension>
        </extensions>
      </trkpt>
      <trkpt lat="46.5509741194546222686767578125" lon="7.88528337143361568450927734375">
        <ele>1651.800048828125</ele>
        <time>2025-08-24T10:07:08.000Z</time>
        <extensions>
          <ns3:TrackPointExtension>
            <ns3:hr>142</ns3:hr>
          </ns3:TrackPointExtension>
        </extensions>
      </trkpt>
      <trkpt lat="46.550973951816558837890625" lon="7.88526610471308231353759765625">
        <ele>1651.800048828125</ele>
        <time>2025-08-24T10:07:12.000Z</time>
        <extensions>
          <ns3:TrackPointExtension>
            <ns3:hr>142</ns3:hr>
          </ns3:TrackPointExtension>
        </extensions>
      </trkpt>
      <trkpt lat="46.5509645640850067138671875" lon="7.88526124320924282073974609375">
        <ele>1651.800048828125</ele>
        <time>2025-08-24T10:07:16.000Z</time>
        <extensions>
          <ns3:TrackPointExtension>
            <ns3:hr>143</ns3:hr>
          </ns3:TrackPointExtension>
        </extensions>
      </trkpt>
      <trkpt lat="46.55095961876213550567626953125" lon="7.8852645121514797210693359375">
        <ele>1651.800048828125</ele>
        <time>2025-08-24T10:07:18.000Z</time>
        <extensions>
          <ns3:TrackPointExtension>
            <ns3:hr>143</ns3:hr>
          </ns3:TrackPointExtension>
        </extensions>
      </trkpt>
      <trkpt lat="46.5509472973644733428955078125" lon="7.88527213968336582183837890625">
        <ele>1652</ele>
        <time>2025-08-24T10:07:19.000Z</time>
        <extensions>
          <ns3:TrackPointExtension>
            <ns3:hr>143</ns3:hr>
          </ns3:TrackPointExtension>
        </extensions>
      </trkpt>
      <trkpt lat="46.55091301538050174713134765625" lon="7.8852417133748531341552734375">
        <ele>1652.199951171875</ele>
        <time>2025-08-24T10:07:23.000Z</time>
        <extensions>
          <ns3:TrackPointExtension>
            <ns3:hr>142</ns3:hr>
          </ns3:TrackPointExtension>
        </extensions>
      </trkpt>
      <trkpt lat="46.55090798623859882354736328125" lon="7.88519267924129962921142578125">
        <ele>1652.4000244140625</ele>
        <time>2025-08-24T10:07:25.000Z</time>
        <extensions>
          <ns3:TrackPointExtension>
            <ns3:hr>141</ns3:hr>
          </ns3:TrackPointExtension>
        </extensions>
      </trkpt>
      <trkpt lat="46.55084227211773395538330078125" lon="7.88513266481459140777587890625">
        <ele>1653.199951171875</ele>
        <time>2025-08-24T10:07:31.000Z</time>
        <extensions>
          <ns3:TrackPointExtension>
            <ns3:hr>142</ns3:hr>
          </ns3:TrackPointExtension>
        </extensions>
      </trkpt>
      <trkpt lat="46.55083246529102325439453125" lon="7.885110117495059967041015625">
        <ele>1653.199951171875</ele>
        <time>2025-08-24T10:07:33.000Z</time>
        <extensions>
          <ns3:TrackPointExtension>
            <ns3:hr>142</ns3:hr>
          </ns3:TrackPointExtension>
        </extensions>
      </trkpt>
      <trkpt lat="46.5507947467267513275146484375" lon="7.88501984439790248870849609375">
        <ele>1654</ele>
        <time>2025-08-24T10:07:39.000Z</time>
        <extensions>
          <ns3:TrackPointExtension>
            <ns3:hr>139</ns3:hr>
          </ns3:TrackPointExtension>
        </extensions>
      </trkpt>
      <trkpt lat="46.55078276060521602630615234375" lon="7.88500408641993999481201171875">
        <ele>1654.199951171875</ele>
        <time>2025-08-24T10:07:41.000Z</time>
        <extensions>
          <ns3:TrackPointExtension>
            <ns3:hr>139</ns3:hr>
          </ns3:TrackPointExtension>
        </extensions>
      </trkpt>
      <trkpt lat="46.5507649071514606475830078125" lon="7.88500073365867137908935546875">
        <ele>1654.199951171875</ele>
        <time>2025-08-24T10:07:42.000Z</time>
        <extensions>
          <ns3:TrackPointExtension>
            <ns3:hr>139</ns3:hr>
          </ns3:TrackPointExtension>
        </extensions>
      </trkpt>
      <trkpt lat="46.55074671842157840728759765625" lon="7.88499302230775356292724609375">
        <ele>1654.4000244140625</ele>
        <time>2025-08-24T10:07:43.000Z</time>
        <extensions>
          <ns3:TrackPointExtension>
            <ns3:hr>139</ns3:hr>
          </ns3:TrackPointExtension>
        </extensions>
      </trkpt>
      <trkpt lat="46.55071654357016086578369140625" lon="7.8849470056593418121337890625">
        <ele>1655.4000244140625</ele>
        <time>2025-08-24T10:07:47.000Z</time>
        <extensions>
          <ns3:TrackPointExtension>
            <ns3:hr>140</ns3:hr>
          </ns3:TrackPointExtension>
        </extensions>
      </trkpt>
      <trkpt lat="46.55069273896515369415283203125" lon="7.884914316236972808837890625">
        <ele>1655.5999755859375</ele>
        <time>2025-08-24T10:07:50.000Z</time>
        <extensions>
          <ns3:TrackPointExtension>
            <ns3:hr>141</ns3:hr>
          </ns3:TrackPointExtension>
        </extensions>
      </trkpt>
      <trkpt lat="46.55067983083426952362060546875" lon="7.884879447519779205322265625">
        <ele>1655.800048828125</ele>
        <time>2025-08-24T10:07:53.000Z</time>
        <extensions>
          <ns3:TrackPointExtension>
            <ns3:hr>142</ns3:hr>
          </ns3:TrackPointExtension>
        </extensions>
      </trkpt>
      <trkpt lat="46.55066885054111480712890625" lon="7.88485639728605747222900390625">
        <ele>1656</ele>
        <time>2025-08-24T10:07:55.000Z</time>
        <extensions>
          <ns3:TrackPointExtension>
            <ns3:hr>142</ns3:hr>
          </ns3:TrackPointExtension>
        </extensions>
      </trkpt>
      <trkpt lat="46.550661809742450714111328125" lon="7.8848440758883953094482421875">
        <ele>1656.199951171875</ele>
        <time>2025-08-24T10:07:56.000Z</time>
        <extensions>
          <ns3:TrackPointExtension>
            <ns3:hr>142</ns3:hr>
          </ns3:TrackPointExtension>
        </extensions>
      </trkpt>
      <trkpt lat="46.5506519190967082977294921875" lon="7.88481566123664379119873046875">
        <ele>1656.5999755859375</ele>
        <time>2025-08-24T10:07:58.000Z</time>
        <extensions>
          <ns3:TrackPointExtension>
            <ns3:hr>143</ns3:hr>
          </ns3:TrackPointExtension>
        </extensions>
      </trkpt>
      <trkpt lat="46.55059165321290493011474609375" lon="7.884758748114109039306640625">
        <ele>1657.4000244140625</ele>
        <time>2025-08-24T10:08:04.000Z</time>
        <extensions>
          <ns3:TrackPointExtension>
            <ns3:hr>145</ns3:hr>
          </ns3:TrackPointExtension>
        </extensions>
      </trkpt>
      <trkpt lat="46.5505821816623210906982421875" lon="7.88475313223898410797119140625">
        <ele>1657.5999755859375</ele>
        <time>2025-08-24T10:08:05.000Z</time>
        <extensions>
          <ns3:TrackPointExtension>
            <ns3:hr>145</ns3:hr>
          </ns3:TrackPointExtension>
        </extensions>
      </trkpt>
      <trkpt lat="46.550570614635944366455078125" lon="7.88475464098155498504638671875">
        <ele>1657.800048828125</ele>
        <time>2025-08-24T10:08:06.000Z</time>
        <extensions>
          <ns3:TrackPointExtension>
            <ns3:hr>146</ns3:hr>
          </ns3:TrackPointExtension>
        </extensions>
      </trkpt>
      <trkpt lat="46.55052895657718181610107421875" lon="7.8847237117588520050048828125">
        <ele>1658.4000244140625</ele>
        <time>2025-08-24T10:08:10.000Z</time>
        <extensions>
          <ns3:TrackPointExtension>
            <ns3:hr>148</ns3:hr>
          </ns3:TrackPointExtension>
        </extensions>
      </trkpt>
      <trkpt lat="46.5504970215260982513427734375" lon="7.8846791200339794158935546875">
        <ele>1658.5999755859375</ele>
        <time>2025-08-24T10:08:13.000Z</time>
        <extensions>
          <ns3:TrackPointExtension>
            <ns3:hr>149</ns3:hr>
          </ns3:TrackPointExtension>
        </extensions>
      </trkpt>
      <trkpt lat="46.5504782460629940032958984375" lon="7.88462094962596893310546875">
        <ele>1658.800048828125</ele>
        <time>2025-08-24T10:08:17.000Z</time>
        <extensions>
          <ns3:TrackPointExtension>
            <ns3:hr>150</ns3:hr>
          </ns3:TrackPointExtension>
        </extensions>
      </trkpt>
      <trkpt lat="46.550403647124767303466796875" lon="7.8845386393368244171142578125">
        <ele>1659</ele>
        <time>2025-08-24T10:08:23.000Z</time>
        <extensions>
          <ns3:TrackPointExtension>
            <ns3:hr>153</ns3:hr>
          </ns3:TrackPointExtension>
        </extensions>
      </trkpt>
      <trkpt lat="46.55031672678887844085693359375" lon="7.88445976562798023223876953125">
        <ele>1659.5999755859375</ele>
        <time>2025-08-24T10:08:30.000Z</time>
        <extensions>
          <ns3:TrackPointExtension>
            <ns3:hr>151</ns3:hr>
          </ns3:TrackPointExtension>
        </extensions>
      </trkpt>
      <trkpt lat="46.55029334127902984619140625" lon="7.88443461991846561431884765625">
        <ele>1659.5999755859375</ele>
        <time>2025-08-24T10:08:32.000Z</time>
        <extensions>
          <ns3:TrackPointExtension>
            <ns3:hr>150</ns3:hr>
          </ns3:TrackPointExtension>
        </extensions>
      </trkpt>
      <trkpt lat="46.55023433268070220947265625" lon="7.88436354137957096099853515625">
        <ele>1659.5999755859375</ele>
        <time>2025-08-24T10:08:38.000Z</time>
        <extensions>
          <ns3:TrackPointExtension>
            <ns3:hr>150</ns3:hr>
          </ns3:TrackPointExtension>
        </extensions>
      </trkpt>
      <trkpt lat="46.55012411065399646759033203125" lon="7.88423110730946063995361328125">
        <ele>1659.800048828125</ele>
        <time>2025-08-24T10:08:49.000Z</time>
        <extensions>
          <ns3:TrackPointExtension>
            <ns3:hr>148</ns3:hr>
          </ns3:TrackPointExtension>
        </extensions>
      </trkpt>
      <trkpt lat="46.550067700445652008056640625" lon="7.88413287140429019927978515625">
        <ele>1659.800048828125</ele>
        <time>2025-08-24T10:08:56.000Z</time>
        <extensions>
          <ns3:TrackPointExtension>
            <ns3:hr>145</ns3:hr>
          </ns3:TrackPointExtension>
        </extensions>
      </trkpt>
      <trkpt lat="46.55006040818989276885986328125" lon="7.88411728106439113616943359375">
        <ele>1659.800048828125</ele>
        <time>2025-08-24T10:08:57.000Z</time>
        <extensions>
          <ns3:TrackPointExtension>
            <ns3:hr>145</ns3:hr>
          </ns3:TrackPointExtension>
        </extensions>
      </trkpt>
      <trkpt lat="46.5500246174633502960205078125" lon="7.88405357860028743743896484375">
        <ele>1659.800048828125</ele>
        <time>2025-08-24T10:09:01.000Z</time>
        <extensions>
          <ns3:TrackPointExtension>
            <ns3:hr>143</ns3:hr>
          </ns3:TrackPointExtension>
        </extensions>
      </trkpt>
      <trkpt lat="46.549990586936473846435546875" lon="7.884001024067401885986328125">
        <ele>1660.199951171875</ele>
        <time>2025-08-24T10:09:04.000Z</time>
        <extensions>
          <ns3:TrackPointExtension>
            <ns3:hr>143</ns3:hr>
          </ns3:TrackPointExtension>
        </extensions>
      </trkpt>
      <trkpt lat="46.549976170063018798828125" lon="7.88397998549044132232666015625">
        <ele>1660.5999755859375</ele>
        <time>2025-08-24T10:09:08.000Z</time>
        <extensions>
          <ns3:TrackPointExtension>
            <ns3:hr>140</ns3:hr>
          </ns3:TrackPointExtension>
        </extensions>
      </trkpt>
      <trkpt lat="46.54997172765433788299560546875" lon="7.88397713564336299896240234375">
        <ele>1660.5999755859375</ele>
        <time>2025-08-24T10:09:10.000Z</time>
        <extensions>
          <ns3:TrackPointExtension>
            <ns3:hr>139</ns3:hr>
          </ns3:TrackPointExtension>
        </extensions>
      </trkpt>
      <trkpt lat="46.54997424222528934478759765625" lon="7.883962802588939666748046875">
        <ele>1660.800048828125</ele>
        <time>2025-08-24T10:09:16.000Z</time>
        <extensions>
          <ns3:TrackPointExtension>
            <ns3:hr>139</ns3:hr>
          </ns3:TrackPointExtension>
        </extensions>
      </trkpt>
      <trkpt lat="46.549947001039981842041015625" lon="7.8839213959872722625732421875">
        <ele>1661</ele>
        <time>2025-08-24T10:09:23.000Z</time>
        <extensions>
          <ns3:TrackPointExtension>
            <ns3:hr>140</ns3:hr>
          </ns3:TrackPointExtension>
        </extensions>
      </trkpt>
      <trkpt lat="46.5498935244977474212646484375" lon="7.88387236185371875762939453125">
        <ele>1662</ele>
        <time>2025-08-24T10:09:29.000Z</time>
        <extensions>
          <ns3:TrackPointExtension>
            <ns3:hr>141</ns3:hr>
          </ns3:TrackPointExtension>
        </extensions>
      </trkpt>
      <trkpt lat="46.54988740570843219757080078125" lon="7.88382190279662609100341796875">
        <ele>1663</ele>
        <time>2025-08-24T10:09:32.000Z</time>
        <extensions>
          <ns3:TrackPointExtension>
            <ns3:hr>140</ns3:hr>
          </ns3:TrackPointExtension>
        </extensions>
      </trkpt>
      <trkpt lat="46.54989059083163738250732421875" lon="7.88380832411348819732666015625">
        <ele>1663.199951171875</ele>
        <time>2025-08-24T10:09:33.000Z</time>
        <extensions>
          <ns3:TrackPointExtension>
            <ns3:hr>139</ns3:hr>
          </ns3:TrackPointExtension>
        </extensions>
      </trkpt>
      <trkpt lat="46.549898721277713775634765625" lon="7.8837282769381999969482421875">
        <ele>1664.199951171875</ele>
        <time>2025-08-24T10:09:38.000Z</time>
        <extensions>
          <ns3:TrackPointExtension>
            <ns3:hr>140</ns3:hr>
          </ns3:TrackPointExtension>
        </extensions>
      </trkpt>
      <trkpt lat="46.54989293776452541351318359375" lon="7.88371159695088863372802734375">
        <ele>1664.4000244140625</ele>
        <time>2025-08-24T10:09:39.000Z</time>
        <extensions>
          <ns3:TrackPointExtension>
            <ns3:hr>140</ns3:hr>
          </ns3:TrackPointExtension>
        </extensions>
      </trkpt>
      <trkpt lat="46.54988841153681278228759765625" lon="7.8836793266236782073974609375">
        <ele>1664.800048828125</ele>
        <time>2025-08-24T10:09:41.000Z</time>
        <extensions>
          <ns3:TrackPointExtension>
            <ns3:hr>143</ns3:hr>
          </ns3:TrackPointExtension>
        </extensions>
      </trkpt>
      <trkpt lat="46.54988137073814868927001953125" lon="7.8836471401154994964599609375">
        <ele>1665</ele>
        <time>2025-08-24T10:09:43.000Z</time>
        <extensions>
          <ns3:TrackPointExtension>
            <ns3:hr>147</ns3:hr>
          </ns3:TrackPointExtension>
        </extensions>
      </trkpt>
      <trkpt lat="46.549868881702423095703125" lon="7.88359575904905796051025390625">
        <ele>1665.4000244140625</ele>
        <time>2025-08-24T10:09:46.000Z</time>
        <extensions>
          <ns3:TrackPointExtension>
            <ns3:hr>151</ns3:hr>
          </ns3:TrackPointExtension>
        </extensions>
      </trkpt>
      <trkpt lat="46.5498576499521732330322265625" lon="7.88352400995790958404541015625">
        <ele>1666.4000244140625</ele>
        <time>2025-08-24T10:09:51.000Z</time>
        <extensions>
          <ns3:TrackPointExtension>
            <ns3:hr>154</ns3:hr>
          </ns3:TrackPointExtension>
        </extensions>
      </trkpt>
      <trkpt lat="46.5498539619147777557373046875" lon="7.88351361639797687530517578125">
        <ele>1666.5999755859375</ele>
        <time>2025-08-24T10:09:52.000Z</time>
        <extensions>
          <ns3:TrackPointExtension>
            <ns3:hr>154</ns3:hr>
          </ns3:TrackPointExtension>
        </extensions>
      </trkpt>
      <trkpt lat="46.5498479269444942474365234375" lon="7.88350087590515613555908203125">
        <ele>1666.800048828125</ele>
        <time>2025-08-24T10:09:53.000Z</time>
        <extensions>
          <ns3:TrackPointExtension>
            <ns3:hr>155</ns3:hr>
          </ns3:TrackPointExtension>
        </extensions>
      </trkpt>
      <trkpt lat="46.5498127229511737823486328125" lon="7.883405573666095733642578125">
        <ele>1667.5999755859375</ele>
        <time>2025-08-24T10:09:59.000Z</time>
        <extensions>
          <ns3:TrackPointExtension>
            <ns3:hr>155</ns3:hr>
          </ns3:TrackPointExtension>
        </extensions>
      </trkpt>
      <trkpt lat="46.54980786144733428955078125" lon="7.88333625532686710357666015625">
        <ele>1668.4000244140625</ele>
        <time>2025-08-24T10:10:03.000Z</time>
        <extensions>
          <ns3:TrackPointExtension>
            <ns3:hr>156</ns3:hr>
          </ns3:TrackPointExtension>
        </extensions>
      </trkpt>
      <trkpt lat="46.54980626888573169708251953125" lon="7.883295603096485137939453125">
        <ele>1668.800048828125</ele>
        <time>2025-08-24T10:10:06.000Z</time>
        <extensions>
          <ns3:TrackPointExtension>
            <ns3:hr>156</ns3:hr>
          </ns3:TrackPointExtension>
        </extensions>
      </trkpt>
      <trkpt lat="46.54980308376252651214599609375" lon="7.88324363529682159423828125">
        <ele>1669.800048828125</ele>
        <time>2025-08-24T10:10:10.000Z</time>
        <extensions>
          <ns3:TrackPointExtension>
            <ns3:hr>156</ns3:hr>
          </ns3:TrackPointExtension>
        </extensions>
      </trkpt>
      <trkpt lat="46.549799144268035888671875" lon="7.88321203552186489105224609375">
        <ele>1670.4000244140625</ele>
        <time>2025-08-24T10:10:12.000Z</time>
        <extensions>
          <ns3:TrackPointExtension>
            <ns3:hr>156</ns3:hr>
          </ns3:TrackPointExtension>
        </extensions>
      </trkpt>
      <trkpt lat="46.5497962944209575653076171875" lon="7.88316727615892887115478515625">
        <ele>1671</ele>
        <time>2025-08-24T10:10:15.000Z</time>
        <extensions>
          <ns3:TrackPointExtension>
            <ns3:hr>158</ns3:hr>
          </ns3:TrackPointExtension>
        </extensions>
      </trkpt>
      <trkpt lat="46.5497845597565174102783203125" lon="7.88310457952320575714111328125">
        <ele>1671.5999755859375</ele>
        <time>2025-08-24T10:10:19.000Z</time>
        <extensions>
          <ns3:TrackPointExtension>
            <ns3:hr>161</ns3:hr>
          </ns3:TrackPointExtension>
        </extensions>
      </trkpt>
      <trkpt lat="46.549779362976551055908203125" lon="7.88306920789182186126708984375">
        <ele>1671.800048828125</ele>
        <time>2025-08-24T10:10:21.000Z</time>
        <extensions>
          <ns3:TrackPointExtension>
            <ns3:hr>163</ns3:hr>
          </ns3:TrackPointExtension>
        </extensions>
      </trkpt>
      <trkpt lat="46.54977777041494846343994140625" lon="7.88305713795125484466552734375">
        <ele>1672.199951171875</ele>
        <time>2025-08-24T10:10:22.000Z</time>
        <extensions>
          <ns3:TrackPointExtension>
            <ns3:hr>164</ns3:hr>
          </ns3:TrackPointExtension>
        </extensions>
      </trkpt>
      <trkpt lat="46.5497704781591892242431640625" lon="7.883000560104846954345703125">
        <ele>1673</ele>
        <time>2025-08-24T10:10:26.000Z</time>
        <extensions>
          <ns3:TrackPointExtension>
            <ns3:hr>167</ns3:hr>
          </ns3:TrackPointExtension>
        </extensions>
      </trkpt>
      <trkpt lat="46.54976754449307918548583984375" lon="7.8829869814217090606689453125">
        <ele>1673.199951171875</ele>
        <time>2025-08-24T10:10:27.000Z</time>
        <extensions>
          <ns3:TrackPointExtension>
            <ns3:hr>167</ns3:hr>
          </ns3:TrackPointExtension>
        </extensions>
      </trkpt>
      <trkpt lat="46.54974876902997493743896484375" lon="7.88294750265777111053466796875">
        <ele>1673.800048828125</ele>
        <time>2025-08-24T10:10:31.000Z</time>
        <extensions>
          <ns3:TrackPointExtension>
            <ns3:hr>168</ns3:hr>
          </ns3:TrackPointExtension>
        </extensions>
      </trkpt>
      <trkpt lat="46.549739800393581390380859375" lon="7.88294012658298015594482421875">
        <ele>1674.4000244140625</ele>
        <time>2025-08-24T10:10:32.000Z</time>
        <extensions>
          <ns3:TrackPointExtension>
            <ns3:hr>169</ns3:hr>
          </ns3:TrackPointExtension>
        </extensions>
      </trkpt>
      <trkpt lat="46.549731083214282989501953125" lon="7.88293258287012577056884765625">
        <ele>1674.5999755859375</ele>
        <time>2025-08-24T10:10:33.000Z</time>
        <extensions>
          <ns3:TrackPointExtension>
            <ns3:hr>169</ns3:hr>
          </ns3:TrackPointExtension>
        </extensions>
      </trkpt>
      <trkpt lat="46.54965958558022975921630859375" lon="7.8829152323305606842041015625">
        <ele>1675.4000244140625</ele>
        <time>2025-08-24T10:10:39.000Z</time>
        <extensions>
          <ns3:TrackPointExtension>
            <ns3:hr>170</ns3:hr>
          </ns3:TrackPointExtension>
        </extensions>
      </trkpt>
      <trkpt lat="46.54964961111545562744140625" lon="7.8829071857035160064697265625">
        <ele>1675.5999755859375</ele>
        <time>2025-08-24T10:10:40.000Z</time>
        <extensions>
          <ns3:TrackPointExtension>
            <ns3:hr>170</ns3:hr>
          </ns3:TrackPointExtension>
        </extensions>
      </trkpt>
      <trkpt lat="46.54963527806103229522705078125" lon="7.88286938332021236419677734375">
        <ele>1675.5999755859375</ele>
        <time>2025-08-24T10:10:43.000Z</time>
        <extensions>
          <ns3:TrackPointExtension>
            <ns3:hr>170</ns3:hr>
          </ns3:TrackPointExtension>
        </extensions>
      </trkpt>
      <trkpt lat="46.54959454201161861419677734375" lon="7.8828366100788116455078125">
        <ele>1675.199951171875</ele>
        <time>2025-08-24T10:10:46.000Z</time>
        <extensions>
          <ns3:TrackPointExtension>
            <ns3:hr>170</ns3:hr>
          </ns3:TrackPointExtension>
        </extensions>
      </trkpt>
      <trkpt lat="46.54957341961562633514404296875" lon="7.88270912133157253265380859375">
        <ele>1675.800048828125</ele>
        <time>2025-08-24T10:10:53.000Z</time>
        <extensions>
          <ns3:TrackPointExtension>
            <ns3:hr>169</ns3:hr>
          </ns3:TrackPointExtension>
        </extensions>
      </trkpt>
      <trkpt lat="46.54956554062664508819580078125" lon="7.8826024197041988372802734375">
        <ele>1676.800048828125</ele>
        <time>2025-08-24T10:11:00.000Z</time>
        <extensions>
          <ns3:TrackPointExtension>
            <ns3:hr>166</ns3:hr>
          </ns3:TrackPointExtension>
        </extensions>
      </trkpt>
      <trkpt lat="46.54955548234283924102783203125" lon="7.88257920183241367340087890625">
        <ele>1677</ele>
        <time>2025-08-24T10:11:02.000Z</time>
        <extensions>
          <ns3:TrackPointExtension>
            <ns3:hr>165</ns3:hr>
          </ns3:TrackPointExtension>
        </extensions>
      </trkpt>
      <trkpt lat="46.54954508878290653228759765625" lon="7.88255137391388416290283203125">
        <ele>1677.199951171875</ele>
        <time>2025-08-24T10:11:04.000Z</time>
        <extensions>
          <ns3:TrackPointExtension>
            <ns3:hr>164</ns3:hr>
          </ns3:TrackPointExtension>
        </extensions>
      </trkpt>
      <trkpt lat="46.54945942573249340057373046875" lon="7.88251818157732486724853515625">
        <ele>1677.4000244140625</ele>
        <time>2025-08-24T10:11:10.000Z</time>
        <extensions>
          <ns3:TrackPointExtension>
            <ns3:hr>163</ns3:hr>
          </ns3:TrackPointExtension>
        </extensions>
      </trkpt>
      <trkpt lat="46.5494533069431781768798828125" lon="7.8825132362544536590576171875">
        <ele>1677.800048828125</ele>
        <time>2025-08-24T10:11:12.000Z</time>
        <extensions>
          <ns3:TrackPointExtension>
            <ns3:hr>164</ns3:hr>
          </ns3:TrackPointExtension>
        </extensions>
      </trkpt>
      <trkpt lat="46.54945255257189273834228515625" lon="7.88251231424510478973388671875">
        <ele>1677.800048828125</ele>
        <time>2025-08-24T10:11:13.000Z</time>
        <extensions>
          <ns3:TrackPointExtension>
            <ns3:hr>163</ns3:hr>
          </ns3:TrackPointExtension>
        </extensions>
      </trkpt>
      <trkpt lat="46.54945246875286102294921875" lon="7.8825095482170581817626953125">
        <ele>1677.800048828125</ele>
        <time>2025-08-24T10:11:16.000Z</time>
        <extensions>
          <ns3:TrackPointExtension>
            <ns3:hr>162</ns3:hr>
          </ns3:TrackPointExtension>
        </extensions>
      </trkpt>
      <trkpt lat="46.5494544804096221923828125" lon="7.882511056959629058837890625">
        <ele>1677.800048828125</ele>
        <time>2025-08-24T10:11:20.000Z</time>
        <extensions>
          <ns3:TrackPointExtension>
            <ns3:hr>165</ns3:hr>
          </ns3:TrackPointExtension>
        </extensions>
      </trkpt>
      <trkpt lat="46.5494571626186370849609375" lon="7.88250996731221675872802734375">
        <ele>1677.800048828125</ele>
        <time>2025-08-24T10:11:22.000Z</time>
        <extensions>
          <ns3:TrackPointExtension>
            <ns3:hr>162</ns3:hr>
          </ns3:TrackPointExtension>
        </extensions>
      </trkpt>
      <trkpt lat="46.5494573302567005157470703125" lon="7.8825098834931850433349609375">
        <ele>1677.800048828125</ele>
        <time>2025-08-24T10:11:25.000Z</time>
        <extensions>
          <ns3:TrackPointExtension>
            <ns3:hr>159</ns3:hr>
          </ns3:TrackPointExtension>
        </extensions>
      </trkpt>
      <trkpt lat="46.5494573302567005157470703125" lon="7.8825098834931850433349609375">
        <ele>1678</ele>
        <time>2025-08-24T10:11:28.000Z</time>
        <extensions>
          <ns3:TrackPointExtension>
            <ns3:hr>155</ns3:hr>
          </ns3:TrackPointExtension>
        </extensions>
      </trkpt>
      <trkpt lat="46.5494573302567005157470703125" lon="7.8825098834931850433349609375">
        <ele>1677.800048828125</ele>
        <time>2025-08-24T10:11:30.000Z</time>
        <extensions>
          <ns3:TrackPointExtension>
            <ns3:hr>152</ns3:hr>
          </ns3:TrackPointExtension>
        </extensions>
      </trkpt>
      <trkpt lat="46.5494573302567005157470703125" lon="7.8825098834931850433349609375">
        <ele>1677.800048828125</ele>
        <time>2025-08-24T10:11:31.000Z</time>
        <extensions>
          <ns3:TrackPointExtension>
            <ns3:hr>150</ns3:hr>
          </ns3:TrackPointExtension>
        </extensions>
      </trkpt>
      <trkpt lat="46.5494573302567005157470703125" lon="7.88250996731221675872802734375">
        <ele>1678</ele>
        <time>2025-08-24T10:11:34.000Z</time>
        <extensions>
          <ns3:TrackPointExtension>
            <ns3:hr>146</ns3:hr>
          </ns3:TrackPointExtension>
        </extensions>
      </trkpt>
      <trkpt lat="46.54945724643766880035400390625" lon="7.882510721683502197265625">
        <ele>1678</ele>
        <time>2025-08-24T10:11:38.000Z</time>
        <extensions>
          <ns3:TrackPointExtension>
            <ns3:hr>143</ns3:hr>
          </ns3:TrackPointExtension>
        </extensions>
      </trkpt>
      <trkpt lat="46.54945724643766880035400390625" lon="7.88251197896897792816162109375">
        <ele>1678</ele>
        <time>2025-08-24T10:11:48.000Z</time>
        <extensions>
          <ns3:TrackPointExtension>
            <ns3:hr>139</ns3:hr>
          </ns3:TrackPointExtension>
        </extensions>
      </trkpt>
      <trkpt lat="46.549457497894763946533203125" lon="7.88251281715929508209228515625">
        <ele>1678</ele>
        <time>2025-08-24T10:11:51.000Z</time>
        <extensions>
          <ns3:TrackPointExtension>
            <ns3:hr>136</ns3:hr>
          </ns3:TrackPointExtension>
        </extensions>
      </trkpt>
      <trkpt lat="46.54945783317089080810546875" lon="7.88251365534961223602294921875">
        <ele>1677.800048828125</ele>
        <time>2025-08-24T10:11:55.000Z</time>
        <extensions>
          <ns3:TrackPointExtension>
            <ns3:hr>133</ns3:hr>
          </ns3:TrackPointExtension>
        </extensions>
      </trkpt>
      <trkpt lat="46.5494580008089542388916015625" lon="7.88251365534961223602294921875">
        <ele>1677.800048828125</ele>
        <time>2025-08-24T10:11:57.000Z</time>
        <extensions>
          <ns3:TrackPointExtension>
            <ns3:hr>130</ns3:hr>
          </ns3:TrackPointExtension>
        </extensions>
      </trkpt>
      <trkpt lat="46.549460180103778839111328125" lon="7.88251365534961223602294921875">
        <ele>1677.800048828125</ele>
        <time>2025-08-24T10:12:01.000Z</time>
        <extensions>
          <ns3:TrackPointExtension>
            <ns3:hr>127</ns3:hr>
          </ns3:TrackPointExtension>
        </extensions>
      </trkpt>
      <trkpt lat="46.54946160502731800079345703125" lon="7.882513068616390228271484375">
        <ele>1677.5999755859375</ele>
        <time>2025-08-24T10:12:13.000Z</time>
        <extensions>
          <ns3:TrackPointExtension>
            <ns3:hr>124</ns3:hr>
          </ns3:TrackPointExtension>
        </extensions>
      </trkpt>
      <trkpt lat="46.5494630299508571624755859375" lon="7.88251063786447048187255859375">
        <ele>1677.5999755859375</ele>
        <time>2025-08-24T10:12:33.000Z</time>
        <extensions>
          <ns3:TrackPointExtension>
            <ns3:hr>127</ns3:hr>
          </ns3:TrackPointExtension>
        </extensions>
      </trkpt>
      <trkpt lat="46.54945246875286102294921875" lon="7.8824207000434398651123046875">
        <ele>1677.5999755859375</ele>
        <time>2025-08-24T10:12:47.000Z</time>
        <extensions>
          <ns3:TrackPointExtension>
            <ns3:hr>129</ns3:hr>
          </ns3:TrackPointExtension>
        </extensions>
      </trkpt>
      <trkpt lat="46.549403853714466094970703125" lon="7.882270999252796173095703125">
        <ele>1677.5999755859375</ele>
        <time>2025-08-24T10:12:56.000Z</time>
        <extensions>
          <ns3:TrackPointExtension>
            <ns3:hr>131</ns3:hr>
          </ns3:TrackPointExtension>
        </extensions>
      </trkpt>
      <trkpt lat="46.549383737146854400634765625" lon="7.88224375806748867034912109375">
        <ele>1677.5999755859375</ele>
        <time>2025-08-24T10:12:59.000Z</time>
        <extensions>
          <ns3:TrackPointExtension>
            <ns3:hr>134</ns3:hr>
          </ns3:TrackPointExtension>
        </extensions>
      </trkpt>
      <trkpt lat="46.54935817234218120574951171875" lon="7.882213331758975982666015625">
        <ele>1677.5999755859375</ele>
        <time>2025-08-24T10:13:03.000Z</time>
        <extensions>
          <ns3:TrackPointExtension>
            <ns3:hr>135</ns3:hr>
          </ns3:TrackPointExtension>
        </extensions>
      </trkpt>
      <trkpt lat="46.5493423305451869964599609375" lon="7.88218525238335132598876953125">
        <ele>1677.5999755859375</ele>
        <time>2025-08-24T10:13:06.000Z</time>
        <extensions>
          <ns3:TrackPointExtension>
            <ns3:hr>138</ns3:hr>
          </ns3:TrackPointExtension>
        </extensions>
      </trkpt>
      <trkpt lat="46.54933989979326725006103515625" lon="7.8821377269923686981201171875">
        <ele>1677.5999755859375</ele>
        <time>2025-08-24T10:13:11.000Z</time>
        <extensions>
          <ns3:TrackPointExtension>
            <ns3:hr>138</ns3:hr>
          </ns3:TrackPointExtension>
        </extensions>
      </trkpt>
      <trkpt lat="46.54933101497590541839599609375" lon="7.88210394792258739471435546875">
        <ele>1677.5999755859375</ele>
        <time>2025-08-24T10:13:14.000Z</time>
        <extensions>
          <ns3:TrackPointExtension>
            <ns3:hr>141</ns3:hr>
          </ns3:TrackPointExtension>
        </extensions>
      </trkpt>
      <trkpt lat="46.54930519871413707733154296875" lon="7.8820716775953769683837890625">
        <ele>1677.5999755859375</ele>
        <time>2025-08-24T10:13:17.000Z</time>
        <extensions>
          <ns3:TrackPointExtension>
            <ns3:hr>141</ns3:hr>
          </ns3:TrackPointExtension>
        </extensions>
      </trkpt>
      <trkpt lat="46.54929815791547298431396484375" lon="7.8820438496768474578857421875">
        <ele>1687.199951171875</ele>
        <time>2025-08-24T10:13:19.000Z</time>
        <extensions>
          <ns3:TrackPointExtension>
            <ns3:hr>144</ns3:hr>
          </ns3:TrackPointExtension>
        </extensions>
      </trkpt>
      <trkpt lat="46.549295224249362945556640625" lon="7.88202901370823383331298828125">
        <ele>1687.199951171875</ele>
        <time>2025-08-24T10:13:20.000Z</time>
        <extensions>
          <ns3:TrackPointExtension>
            <ns3:hr>148</ns3:hr>
          </ns3:TrackPointExtension>
        </extensions>
      </trkpt>
      <trkpt lat="46.54928684234619140625" lon="7.881997413933277130126953125">
        <ele>1687.199951171875</ele>
        <time>2025-08-24T10:13:22.000Z</time>
        <extensions>
          <ns3:TrackPointExtension>
            <ns3:hr>151</ns3:hr>
          </ns3:TrackPointExtension>
        </extensions>
      </trkpt>
      <trkpt lat="46.549279130995273590087890625" lon="7.88196832872927188873291015625">
        <ele>1687.199951171875</ele>
        <time>2025-08-24T10:13:24.000Z</time>
        <extensions>
          <ns3:TrackPointExtension>
            <ns3:hr>147</ns3:hr>
          </ns3:TrackPointExtension>
        </extensions>
      </trkpt>
      <trkpt lat="46.54927636496722698211669921875" lon="7.88195407949388027191162109375">
        <ele>1687.4000244140625</ele>
        <time>2025-08-24T10:13:25.000Z</time>
        <extensions>
          <ns3:TrackPointExtension>
            <ns3:hr>148</ns3:hr>
          </ns3:TrackPointExtension>
        </extensions>
      </trkpt>
      <trkpt lat="46.549261696636676788330078125" lon="7.88190186023712158203125">
        <ele>1688</ele>
        <time>2025-08-24T10:13:32.000Z</time>
        <extensions>
          <ns3:TrackPointExtension>
            <ns3:hr>151</ns3:hr>
          </ns3:TrackPointExtension>
        </extensions>
      </trkpt>
      <trkpt lat="46.54926077462732791900634765625" lon="7.8818983398377895355224609375">
        <ele>1688</ele>
        <time>2025-08-24T10:13:33.000Z</time>
        <extensions>
          <ns3:TrackPointExtension>
            <ns3:hr>154</ns3:hr>
          </ns3:TrackPointExtension>
        </extensions>
      </trkpt>
      <trkpt lat="46.549260355532169342041015625" lon="7.8818978369235992431640625">
        <ele>1688</ele>
        <time>2025-08-24T10:13:35.000Z</time>
        <extensions>
          <ns3:TrackPointExtension>
            <ns3:hr>157</ns3:hr>
          </ns3:TrackPointExtension>
        </extensions>
      </trkpt>
      <trkpt lat="46.549258343875408172607421875" lon="7.88190010003745555877685546875">
        <ele>1688</ele>
        <time>2025-08-24T10:13:40.000Z</time>
        <extensions>
          <ns3:TrackPointExtension>
            <ns3:hr>160</ns3:hr>
          </ns3:TrackPointExtension>
        </extensions>
      </trkpt>
      <trkpt lat="46.549258343875408172607421875" lon="7.881899178028106689453125">
        <ele>1688</ele>
        <time>2025-08-24T10:13:50.000Z</time>
        <extensions>
          <ns3:TrackPointExtension>
            <ns3:hr>157</ns3:hr>
          </ns3:TrackPointExtension>
        </extensions>
      </trkpt>
      <trkpt lat="46.549258343875408172607421875" lon="7.88189859129488468170166015625">
        <ele>1688</ele>
        <time>2025-08-24T10:13:51.000Z</time>
        <extensions>
          <ns3:TrackPointExtension>
            <ns3:hr>157</ns3:hr>
          </ns3:TrackPointExtension>
        </extensions>
      </trkpt>
      <trkpt lat="46.5492571704089641571044921875" lon="7.88189674727618694305419921875">
        <ele>1688</ele>
        <time>2025-08-24T10:13:57.000Z</time>
        <extensions>
          <ns3:TrackPointExtension>
            <ns3:hr>154</ns3:hr>
          </ns3:TrackPointExtension>
        </extensions>
      </trkpt>
      <trkpt lat="46.549257002770900726318359375" lon="7.88189490325748920440673828125">
        <ele>1688</ele>
        <time>2025-08-24T10:13:59.000Z</time>
        <extensions>
          <ns3:TrackPointExtension>
            <ns3:hr>151</ns3:hr>
          </ns3:TrackPointExtension>
        </extensions>
      </trkpt>
      <trkpt lat="46.549257002770900726318359375" lon="7.881893813610076904296875">
        <ele>1688</ele>
        <time>2025-08-24T10:14:00.000Z</time>
        <extensions>
          <ns3:TrackPointExtension>
            <ns3:hr>148</ns3:hr>
          </ns3:TrackPointExtension>
        </extensions>
      </trkpt>
      <trkpt lat="46.54925809241831302642822265625" lon="7.88188903592526912689208984375">
        <ele>1688.199951171875</ele>
        <time>2025-08-24T10:14:01.000Z</time>
        <extensions>
          <ns3:TrackPointExtension>
            <ns3:hr>145</ns3:hr>
          </ns3:TrackPointExtension>
        </extensions>
      </trkpt>
      <trkpt lat="46.54926664195954799652099609375" lon="7.88186489604413509368896484375">
        <ele>1688.4000244140625</ele>
        <time>2025-08-24T10:14:02.000Z</time>
        <extensions>
          <ns3:TrackPointExtension>
            <ns3:hr>143</ns3:hr>
          </ns3:TrackPointExtension>
        </extensions>
      </trkpt>
      <trkpt lat="46.5492747724056243896484375" lon="7.88182315416634082794189453125">
        <ele>1688.800048828125</ele>
        <time>2025-08-24T10:14:04.000Z</time>
        <extensions>
          <ns3:TrackPointExtension>
            <ns3:hr>142</ns3:hr>
          </ns3:TrackPointExtension>
        </extensions>
      </trkpt>
      <trkpt lat="46.54929094947874546051025390625" lon="7.88175978697836399078369140625">
        <ele>1689.4000244140625</ele>
        <time>2025-08-24T10:14:08.000Z</time>
        <extensions>
          <ns3:TrackPointExtension>
            <ns3:hr>142</ns3:hr>
          </ns3:TrackPointExtension>
        </extensions>
      </trkpt>
      <trkpt lat="46.549298577010631561279296875" lon="7.8817422688007354736328125">
        <ele>1689.5999755859375</ele>
        <time>2025-08-24T10:14:10.000Z</time>
        <extensions>
          <ns3:TrackPointExtension>
            <ns3:hr>142</ns3:hr>
          </ns3:TrackPointExtension>
        </extensions>
      </trkpt>
      <trkpt lat="46.5493010915815830230712890625" lon="7.8817394189536571502685546875">
        <ele>1689.800048828125</ele>
        <time>2025-08-24T10:14:13.000Z</time>
        <extensions>
          <ns3:TrackPointExtension>
            <ns3:hr>139</ns3:hr>
          </ns3:TrackPointExtension>
        </extensions>
      </trkpt>
      <trkpt lat="46.54929664917290210723876953125" lon="7.88174067623913288116455078125">
        <ele>1689.800048828125</ele>
        <time>2025-08-24T10:14:20.000Z</time>
        <extensions>
          <ns3:TrackPointExtension>
            <ns3:hr>138</ns3:hr>
          </ns3:TrackPointExtension>
        </extensions>
      </trkpt>
      <trkpt lat="46.5492974035441875457763671875" lon="7.88174067623913288116455078125">
        <ele>1689.800048828125</ele>
        <time>2025-08-24T10:14:31.000Z</time>
        <extensions>
          <ns3:TrackPointExtension>
            <ns3:hr>134</ns3:hr>
          </ns3:TrackPointExtension>
        </extensions>
      </trkpt>
      <trkpt lat="46.54929765500128269195556640625" lon="7.88174067623913288116455078125">
        <ele>1689.800048828125</ele>
        <time>2025-08-24T10:14:33.000Z</time>
        <extensions>
          <ns3:TrackPointExtension>
            <ns3:hr>131</ns3:hr>
          </ns3:TrackPointExtension>
        </extensions>
      </trkpt>
      <trkpt lat="46.5492977388203144073486328125" lon="7.88174067623913288116455078125">
        <ele>1689.800048828125</ele>
        <time>2025-08-24T10:14:34.000Z</time>
        <extensions>
          <ns3:TrackPointExtension>
            <ns3:hr>128</ns3:hr>
          </ns3:TrackPointExtension>
        </extensions>
      </trkpt>
      <trkpt lat="46.54929824173450469970703125" lon="7.88174092769622802734375">
        <ele>1689.800048828125</ele>
        <time>2025-08-24T10:14:37.000Z</time>
        <extensions>
          <ns3:TrackPointExtension>
            <ns3:hr>125</ns3:hr>
          </ns3:TrackPointExtension>
        </extensions>
      </trkpt>
      <trkpt lat="46.549300253391265869140625" lon="7.88174092769622802734375">
        <ele>1689.800048828125</ele>
        <time>2025-08-24T10:14:43.000Z</time>
        <extensions>
          <ns3:TrackPointExtension>
            <ns3:hr>122</ns3:hr>
          </ns3:TrackPointExtension>
        </extensions>
      </trkpt>
      <trkpt lat="46.549302600324153900146484375" lon="7.88174092769622802734375">
        <ele>1689.800048828125</ele>
        <time>2025-08-24T10:14:48.000Z</time>
        <extensions>
          <ns3:TrackPointExtension>
            <ns3:hr>119</ns3:hr>
          </ns3:TrackPointExtension>
        </extensions>
      </trkpt>
      <trkpt lat="46.54930628836154937744140625" lon="7.8817353956401348114013671875">
        <ele>1689.800048828125</ele>
        <time>2025-08-24T10:14:54.000Z</time>
        <extensions>
          <ns3:TrackPointExtension>
            <ns3:hr>116</ns3:hr>
          </ns3:TrackPointExtension>
        </extensions>
      </trkpt>
      <trkpt lat="46.54930670745670795440673828125" lon="7.88173489272594451904296875">
        <ele>1689.800048828125</ele>
        <time>2025-08-24T10:14:56.000Z</time>
        <extensions>
          <ns3:TrackPointExtension>
            <ns3:hr>113</ns3:hr>
          </ns3:TrackPointExtension>
        </extensions>
      </trkpt>
      <trkpt lat="46.5493077971041202545166015625" lon="7.881731875240802764892578125">
        <ele>1689.5999755859375</ele>
        <time>2025-08-24T10:15:04.000Z</time>
        <extensions>
          <ns3:TrackPointExtension>
            <ns3:hr>110</ns3:hr>
          </ns3:TrackPointExtension>
        </extensions>
      </trkpt>
      <trkpt lat="46.54930788092315196990966796875" lon="7.881731875240802764892578125">
        <ele>1689.5999755859375</ele>
        <time>2025-08-24T10:15:08.000Z</time>
        <extensions>
          <ns3:TrackPointExtension>
            <ns3:hr>107</ns3:hr>
          </ns3:TrackPointExtension>
        </extensions>
      </trkpt>
      <trkpt lat="46.54927016235888004302978515625" lon="7.88169306702911853790283203125">
        <ele>1689.5999755859375</ele>
        <time>2025-08-24T10:15:13.000Z</time>
        <extensions>
          <ns3:TrackPointExtension>
            <ns3:hr>107</ns3:hr>
          </ns3:TrackPointExtension>
        </extensions>
      </trkpt>
      <trkpt lat="46.54921785928308963775634765625" lon="7.88157261908054351806640625">
        <ele>1689.800048828125</ele>
        <time>2025-08-24T10:15:20.000Z</time>
        <extensions>
          <ns3:TrackPointExtension>
            <ns3:hr>105</ns3:hr>
          </ns3:TrackPointExtension>
        </extensions>
      </trkpt>
      <trkpt lat="46.54919908381998538970947265625" lon="7.88145066238939762115478515625">
        <ele>1690.199951171875</ele>
        <time>2025-08-24T10:15:27.000Z</time>
        <extensions>
          <ns3:TrackPointExtension>
            <ns3:hr>103</ns3:hr>
          </ns3:TrackPointExtension>
        </extensions>
      </trkpt>
      <trkpt lat="46.54913437552750110626220703125" lon="7.88128570653498172760009765625">
        <ele>1690</ele>
        <time>2025-08-24T10:15:37.000Z</time>
        <extensions>
          <ns3:TrackPointExtension>
            <ns3:hr>104</ns3:hr>
          </ns3:TrackPointExtension>
        </extensions>
      </trkpt>
      <trkpt lat="46.54906581155955791473388671875" lon="7.8812170587480068206787109375">
        <ele>1690</ele>
        <time>2025-08-24T10:15:44.000Z</time>
        <extensions>
          <ns3:TrackPointExtension>
            <ns3:hr>102</ns3:hr>
          </ns3:TrackPointExtension>
        </extensions>
      </trkpt>
      <trkpt lat="46.54906447045505046844482421875" lon="7.88121328689157962799072265625">
        <ele>1690</ele>
        <time>2025-08-24T10:15:45.000Z</time>
        <extensions>
          <ns3:TrackPointExtension>
            <ns3:hr>102</ns3:hr>
          </ns3:TrackPointExtension>
        </extensions>
      </trkpt>
      <trkpt lat="46.54906220734119415283203125" lon="7.88121781311929225921630859375">
        <ele>1690.199951171875</ele>
        <time>2025-08-24T10:15:47.000Z</time>
        <extensions>
          <ns3:TrackPointExtension>
            <ns3:hr>100</ns3:hr>
          </ns3:TrackPointExtension>
        </extensions>
      </trkpt>
      <trkpt lat="46.549061201512813568115234375" lon="7.88121898658573627471923828125">
        <ele>1690.4000244140625</ele>
        <time>2025-08-24T10:15:48.000Z</time>
        <extensions>
          <ns3:TrackPointExtension>
            <ns3:hr>103</ns3:hr>
          </ns3:TrackPointExtension>
        </extensions>
      </trkpt>
      <trkpt lat="46.5490601956844329833984375" lon="7.88121798075735569000244140625">
        <ele>1690.5999755859375</ele>
        <time>2025-08-24T10:15:50.000Z</time>
        <extensions>
          <ns3:TrackPointExtension>
            <ns3:hr>102</ns3:hr>
          </ns3:TrackPointExtension>
        </extensions>
      </trkpt>
      <trkpt lat="46.549060530960559844970703125" lon="7.88121663965284824371337890625">
        <ele>1690.5999755859375</ele>
        <time>2025-08-24T10:15:52.000Z</time>
        <extensions>
          <ns3:TrackPointExtension>
            <ns3:hr>99</ns3:hr>
          </ns3:TrackPointExtension>
        </extensions>
      </trkpt>
      <trkpt lat="46.5490613691508769989013671875" lon="7.88121546618640422821044921875">
        <ele>1690.5999755859375</ele>
        <time>2025-08-24T10:15:54.000Z</time>
        <extensions>
          <ns3:TrackPointExtension>
            <ns3:hr>102</ns3:hr>
          </ns3:TrackPointExtension>
        </extensions>
      </trkpt>
      <trkpt lat="46.5490613691508769989013671875" lon="7.88121521472930908203125">
        <ele>1690.199951171875</ele>
        <time>2025-08-24T10:16:03.000Z</time>
        <extensions>
          <ns3:TrackPointExtension>
            <ns3:hr>105</ns3:hr>
          </ns3:TrackPointExtension>
        </extensions>
      </trkpt>
      <trkpt lat="46.549061201512813568115234375" lon="7.88121588528156280517578125">
        <ele>1690.199951171875</ele>
        <time>2025-08-24T10:16:06.000Z</time>
        <extensions>
          <ns3:TrackPointExtension>
            <ns3:hr>114</ns3:hr>
          </ns3:TrackPointExtension>
        </extensions>
      </trkpt>
      <trkpt lat="46.5490610338747501373291015625" lon="7.88121663965284824371337890625">
        <ele>1690.199951171875</ele>
        <time>2025-08-24T10:16:08.000Z</time>
        <extensions>
          <ns3:TrackPointExtension>
            <ns3:hr>117</ns3:hr>
          </ns3:TrackPointExtension>
        </extensions>
      </trkpt>
      <trkpt lat="46.5490610338747501373291015625" lon="7.881215550005435943603515625">
        <ele>1690</ele>
        <time>2025-08-24T10:16:20.000Z</time>
        <extensions>
          <ns3:TrackPointExtension>
            <ns3:hr>120</ns3:hr>
          </ns3:TrackPointExtension>
        </extensions>
      </trkpt>
      <trkpt lat="46.54906195588409900665283203125" lon="7.88120976649224758148193359375">
        <ele>1690</ele>
        <time>2025-08-24T10:16:31.000Z</time>
        <extensions>
          <ns3:TrackPointExtension>
            <ns3:hr>117</ns3:hr>
          </ns3:TrackPointExtension>
        </extensions>
      </trkpt>
      <trkpt lat="46.5490667335689067840576171875" lon="7.88120926357805728912353515625">
        <ele>1690</ele>
        <time>2025-08-24T10:16:38.000Z</time>
        <extensions>
          <ns3:TrackPointExtension>
            <ns3:hr>114</ns3:hr>
          </ns3:TrackPointExtension>
        </extensions>
      </trkpt>
      <trkpt lat="46.54907151125371456146240234375" lon="7.8811976127326488494873046875">
        <ele>1690</ele>
        <time>2025-08-24T10:16:52.000Z</time>
        <extensions>
          <ns3:TrackPointExtension>
            <ns3:hr>110</ns3:hr>
          </ns3:TrackPointExtension>
        </extensions>
      </trkpt>
      <trkpt lat="46.54907159507274627685546875" lon="7.88119602017104625701904296875">
        <ele>1690</ele>
        <time>2025-08-24T10:16:54.000Z</time>
        <extensions>
          <ns3:TrackPointExtension>
            <ns3:hr>106</ns3:hr>
          </ns3:TrackPointExtension>
        </extensions>
      </trkpt>
      <trkpt lat="46.54903496615588665008544921875" lon="7.88113416172564029693603515625">
        <ele>1690</ele>
        <time>2025-08-24T10:17:09.000Z</time>
        <extensions>
          <ns3:TrackPointExtension>
            <ns3:hr>106</ns3:hr>
          </ns3:TrackPointExtension>
        </extensions>
      </trkpt>
      <trkpt lat="46.54897578991949558258056640625" lon="7.8810195811092853546142578125">
        <ele>1690</ele>
        <time>2025-08-24T10:17:15.000Z</time>
        <extensions>
          <ns3:TrackPointExtension>
            <ns3:hr>105</ns3:hr>
          </ns3:TrackPointExtension>
        </extensions>
      </trkpt>
      <trkpt lat="46.548973359167575836181640625" lon="7.88101471960544586181640625">
        <ele>1690</ele>
        <time>2025-08-24T10:17:17.000Z</time>
        <extensions>
          <ns3:TrackPointExtension>
            <ns3:hr>104</ns3:hr>
          </ns3:TrackPointExtension>
        </extensions>
      </trkpt>
      <trkpt lat="46.5489529073238372802734375" lon="7.88099586032330989837646484375">
        <ele>1690</ele>
        <time>2025-08-24T10:17:20.000Z</time>
        <extensions>
          <ns3:TrackPointExtension>
            <ns3:hr>104</ns3:hr>
          </ns3:TrackPointExtension>
        </extensions>
      </trkpt>
      <trkpt lat="46.54893019236624240875244140625" lon="7.88089594803750514984130859375">
        <ele>1690</ele>
        <time>2025-08-24T10:17:27.000Z</time>
        <extensions>
          <ns3:TrackPointExtension>
            <ns3:hr>103</ns3:hr>
          </ns3:TrackPointExtension>
        </extensions>
      </trkpt>
      <trkpt lat="46.54891326092183589935302734375" lon="7.8807607479393482208251953125">
        <ele>1690.4000244140625</ele>
        <time>2025-08-24T10:17:34.000Z</time>
        <extensions>
          <ns3:TrackPointExtension>
            <ns3:hr>102</ns3:hr>
          </ns3:TrackPointExtension>
        </extensions>
      </trkpt>
      <trkpt lat="46.5489001013338565826416015625" lon="7.8806618414819240570068359375">
        <ele>1691</ele>
        <time>2025-08-24T10:17:40.000Z</time>
        <extensions>
          <ns3:TrackPointExtension>
            <ns3:hr>106</ns3:hr>
          </ns3:TrackPointExtension>
        </extensions>
      </trkpt>
      <trkpt lat="46.54889591038227081298828125" lon="7.880644239485263824462890625">
        <ele>1691</ele>
        <time>2025-08-24T10:17:41.000Z</time>
        <extensions>
          <ns3:TrackPointExtension>
            <ns3:hr>109</ns3:hr>
          </ns3:TrackPointExtension>
        </extensions>
      </trkpt>
      <trkpt lat="46.5488960780203342437744140625" lon="7.88060367107391357421875">
        <ele>1691.199951171875</ele>
        <time>2025-08-24T10:17:43.000Z</time>
        <extensions>
          <ns3:TrackPointExtension>
            <ns3:hr>112</ns3:hr>
          </ns3:TrackPointExtension>
        </extensions>
      </trkpt>
      <trkpt lat="46.5489073097705841064453125" lon="7.88053317926824092864990234375">
        <ele>1691.800048828125</ele>
        <time>2025-08-24T10:17:47.000Z</time>
        <extensions>
          <ns3:TrackPointExtension>
            <ns3:hr>115</ns3:hr>
          </ns3:TrackPointExtension>
        </extensions>
      </trkpt>
      <trkpt lat="46.548908315598964691162109375" lon="7.88051188923418521881103515625">
        <ele>1691.800048828125</ele>
        <time>2025-08-24T10:17:48.000Z</time>
        <extensions>
          <ns3:TrackPointExtension>
            <ns3:hr>115</ns3:hr>
          </ns3:TrackPointExtension>
        </extensions>
      </trkpt>
      <trkpt lat="46.54890504665672779083251953125" lon="7.8804422356188297271728515625">
        <ele>1692.4000244140625</ele>
        <time>2025-08-24T10:17:52.000Z</time>
        <extensions>
          <ns3:TrackPointExtension>
            <ns3:hr>116</ns3:hr>
          </ns3:TrackPointExtension>
        </extensions>
      </trkpt>
      <trkpt lat="46.5488990955054759979248046875" lon="7.8803517110645771026611328125">
        <ele>1692.800048828125</ele>
        <time>2025-08-24T10:17:57.000Z</time>
        <extensions>
          <ns3:TrackPointExtension>
            <ns3:hr>120</ns3:hr>
          </ns3:TrackPointExtension>
        </extensions>
      </trkpt>
      <trkpt lat="46.54889096505939960479736328125" lon="7.88031156174838542938232421875">
        <ele>1692.800048828125</ele>
        <time>2025-08-24T10:17:59.000Z</time>
        <extensions>
          <ns3:TrackPointExtension>
            <ns3:hr>122</ns3:hr>
          </ns3:TrackPointExtension>
        </extensions>
      </trkpt>
      <trkpt lat="46.54888451099395751953125" lon="7.8802088834345340728759765625">
        <ele>1693.5999755859375</ele>
        <time>2025-08-24T10:18:05.000Z</time>
        <extensions>
          <ns3:TrackPointExtension>
            <ns3:hr>122</ns3:hr>
          </ns3:TrackPointExtension>
        </extensions>
      </trkpt>
      <trkpt lat="46.54887981712818145751953125" lon="7.8801981545984745025634765625">
        <ele>1693.800048828125</ele>
        <time>2025-08-24T10:18:06.000Z</time>
        <extensions>
          <ns3:TrackPointExtension>
            <ns3:hr>122</ns3:hr>
          </ns3:TrackPointExtension>
        </extensions>
      </trkpt>
      <trkpt lat="46.548871099948883056640625" lon="7.8801847435534000396728515625">
        <ele>1693.800048828125</ele>
        <time>2025-08-24T10:18:07.000Z</time>
        <extensions>
          <ns3:TrackPointExtension>
            <ns3:hr>121</ns3:hr>
          </ns3:TrackPointExtension>
        </extensions>
      </trkpt>
      <trkpt lat="46.54886162839829921722412109375" lon="7.88015104830265045166015625">
        <ele>1693.800048828125</ele>
        <time>2025-08-24T10:18:09.000Z</time>
        <extensions>
          <ns3:TrackPointExtension>
            <ns3:hr>124</ns3:hr>
          </ns3:TrackPointExtension>
        </extensions>
      </trkpt>
      <trkpt lat="46.54886062256991863250732421875" lon="7.880131937563419342041015625">
        <ele>1693.800048828125</ele>
        <time>2025-08-24T10:18:10.000Z</time>
        <extensions>
          <ns3:TrackPointExtension>
            <ns3:hr>121</ns3:hr>
          </ns3:TrackPointExtension>
        </extensions>
      </trkpt>
      <trkpt lat="46.548862718045711517333984375" lon="7.88007351569831371307373046875">
        <ele>1694.199951171875</ele>
        <time>2025-08-24T10:18:13.000Z</time>
        <extensions>
          <ns3:TrackPointExtension>
            <ns3:hr>121</ns3:hr>
          </ns3:TrackPointExtension>
        </extensions>
      </trkpt>
      <trkpt lat="46.548865400254726409912109375" lon="7.87999874912202358245849609375">
        <ele>1694.4000244140625</ele>
        <time>2025-08-24T10:18:17.000Z</time>
        <extensions>
          <ns3:TrackPointExtension>
            <ns3:hr>124</ns3:hr>
          </ns3:TrackPointExtension>
        </extensions>
      </trkpt>
      <trkpt lat="46.54887168668210506439208984375" lon="7.87994795478880405426025390625">
        <ele>1695</ele>
        <time>2025-08-24T10:18:20.000Z</time>
        <extensions>
          <ns3:TrackPointExtension>
            <ns3:hr>127</ns3:hr>
          </ns3:TrackPointExtension>
        </extensions>
      </trkpt>
      <trkpt lat="46.54887353070080280303955078125" lon="7.87992867641150951385498046875">
        <ele>1695</ele>
        <time>2025-08-24T10:18:21.000Z</time>
        <extensions>
          <ns3:TrackPointExtension>
            <ns3:hr>127</ns3:hr>
          </ns3:TrackPointExtension>
        </extensions>
      </trkpt>
      <trkpt lat="46.54886799864470958709716796875" lon="7.879863046109676361083984375">
        <ele>1695.4000244140625</ele>
        <time>2025-08-24T10:18:24.000Z</time>
        <extensions>
          <ns3:TrackPointExtension>
            <ns3:hr>130</ns3:hr>
          </ns3:TrackPointExtension>
        </extensions>
      </trkpt>
      <trkpt lat="46.5488655678927898406982421875" lon="7.87984033115208148956298828125">
        <ele>1695.800048828125</ele>
        <time>2025-08-24T10:18:26.000Z</time>
        <extensions>
          <ns3:TrackPointExtension>
            <ns3:hr>136</ns3:hr>
          </ns3:TrackPointExtension>
        </extensions>
      </trkpt>
      <trkpt lat="46.5488652326166629791259765625" lon="7.87983027286827564239501953125">
        <ele>1696</ele>
        <time>2025-08-24T10:18:27.000Z</time>
        <extensions>
          <ns3:TrackPointExtension>
            <ns3:hr>137</ns3:hr>
          </ns3:TrackPointExtension>
        </extensions>
      </trkpt>
      <trkpt lat="46.5488655678927898406982421875" lon="7.87982222624123096466064453125">
        <ele>1696.199951171875</ele>
        <time>2025-08-24T10:18:28.000Z</time>
        <extensions>
          <ns3:TrackPointExtension>
            <ns3:hr>141</ns3:hr>
          </ns3:TrackPointExtension>
        </extensions>
      </trkpt>
      <trkpt lat="46.548865400254726409912109375" lon="7.87981384433805942535400390625">
        <ele>1696.4000244140625</ele>
        <time>2025-08-24T10:18:29.000Z</time>
        <extensions>
          <ns3:TrackPointExtension>
            <ns3:hr>144</ns3:hr>
          </ns3:TrackPointExtension>
        </extensions>
      </trkpt>
      <trkpt lat="46.548868082463741302490234375" lon="7.879806719720363616943359375">
        <ele>1696.4000244140625</ele>
        <time>2025-08-24T10:18:30.000Z</time>
        <extensions>
          <ns3:TrackPointExtension>
            <ns3:hr>141</ns3:hr>
          </ns3:TrackPointExtension>
        </extensions>
      </trkpt>
      <trkpt lat="46.548876464366912841796875" lon="7.87979523651301860809326171875">
        <ele>1696.4000244140625</ele>
        <time>2025-08-24T10:18:32.000Z</time>
        <extensions>
          <ns3:TrackPointExtension>
            <ns3:hr>144</ns3:hr>
          </ns3:TrackPointExtension>
        </extensions>
      </trkpt>
      <trkpt lat="46.5488804876804351806640625" lon="7.87978903390467166900634765625">
        <ele>1696.199951171875</ele>
        <time>2025-08-24T10:18:33.000Z</time>
        <extensions>
          <ns3:TrackPointExtension>
            <ns3:hr>143</ns3:hr>
          </ns3:TrackPointExtension>
        </extensions>
      </trkpt>
      <trkpt lat="46.5488890372216701507568359375" lon="7.87976958788931369781494140625">
        <ele>1695.800048828125</ele>
        <time>2025-08-24T10:18:36.000Z</time>
        <extensions>
          <ns3:TrackPointExtension>
            <ns3:hr>149</ns3:hr>
          </ns3:TrackPointExtension>
        </extensions>
      </trkpt>
      <trkpt lat="46.54890119098126888275146484375" lon="7.87974662147462368011474609375">
        <ele>1695.199951171875</ele>
        <time>2025-08-24T10:18:38.000Z</time>
        <extensions>
          <ns3:TrackPointExtension>
            <ns3:hr>151</ns3:hr>
          </ns3:TrackPointExtension>
        </extensions>
      </trkpt>
      <trkpt lat="46.54891074635088443756103515625" lon="7.879728935658931732177734375">
        <ele>1695</ele>
        <time>2025-08-24T10:18:39.000Z</time>
        <extensions>
          <ns3:TrackPointExtension>
            <ns3:hr>151</ns3:hr>
          </ns3:TrackPointExtension>
        </extensions>
      </trkpt>
      <trkpt lat="46.54892030172049999237060546875" lon="7.87971041165292263031005859375">
        <ele>1694.800048828125</ele>
        <time>2025-08-24T10:18:40.000Z</time>
        <extensions>
          <ns3:TrackPointExtension>
            <ns3:hr>151</ns3:hr>
          </ns3:TrackPointExtension>
        </extensions>
      </trkpt>
      <trkpt lat="46.5489302761852741241455078125" lon="7.87969666533172130584716796875">
        <ele>1694.5999755859375</ele>
        <time>2025-08-24T10:18:41.000Z</time>
        <extensions>
          <ns3:TrackPointExtension>
            <ns3:hr>151</ns3:hr>
          </ns3:TrackPointExtension>
        </extensions>
      </trkpt>
      <trkpt lat="46.54893455095589160919189453125" lon="7.879686690866947174072265625">
        <ele>1694.199951171875</ele>
        <time>2025-08-24T10:18:42.000Z</time>
        <extensions>
          <ns3:TrackPointExtension>
            <ns3:hr>150</ns3:hr>
          </ns3:TrackPointExtension>
        </extensions>
      </trkpt>
      <trkpt lat="46.54894293285906314849853515625" lon="7.87965978495776653289794921875">
        <ele>1693.800048828125</ele>
        <time>2025-08-24T10:18:45.000Z</time>
        <extensions>
          <ns3:TrackPointExtension>
            <ns3:hr>149</ns3:hr>
          </ns3:TrackPointExtension>
        </extensions>
      </trkpt>
      <trkpt lat="46.54894544743001461029052734375" lon="7.87964989431202411651611328125">
        <ele>1693.800048828125</ele>
        <time>2025-08-24T10:18:46.000Z</time>
        <extensions>
          <ns3:TrackPointExtension>
            <ns3:hr>148</ns3:hr>
          </ns3:TrackPointExtension>
        </extensions>
      </trkpt>
      <trkpt lat="46.54894821345806121826171875" lon="7.87964520044624805450439453125">
        <ele>1693.4000244140625</ele>
        <time>2025-08-24T10:18:48.000Z</time>
        <extensions>
          <ns3:TrackPointExtension>
            <ns3:hr>147</ns3:hr>
          </ns3:TrackPointExtension>
        </extensions>
      </trkpt>
      <trkpt lat="46.54896757565438747406005859375" lon="7.8796084038913249969482421875">
        <ele>1692.5999755859375</ele>
        <time>2025-08-24T10:18:52.000Z</time>
        <extensions>
          <ns3:TrackPointExtension>
            <ns3:hr>146</ns3:hr>
          </ns3:TrackPointExtension>
        </extensions>
      </trkpt>
      <trkpt lat="46.54899758286774158477783203125" lon="7.8795450367033481597900390625">
        <ele>1691.800048828125</ele>
        <time>2025-08-24T10:18:56.000Z</time>
        <extensions>
          <ns3:TrackPointExtension>
            <ns3:hr>144</ns3:hr>
          </ns3:TrackPointExtension>
        </extensions>
      </trkpt>
      <trkpt lat="46.5489939786493778228759765625" lon="7.87952835671603679656982421875">
        <ele>1691.5999755859375</ele>
        <time>2025-08-24T10:18:57.000Z</time>
        <extensions>
          <ns3:TrackPointExtension>
            <ns3:hr>143</ns3:hr>
          </ns3:TrackPointExtension>
        </extensions>
      </trkpt>
      <trkpt lat="46.5489933080971240997314453125" lon="7.879465408623218536376953125">
        <ele>1691</ele>
        <time>2025-08-24T10:19:00.000Z</time>
        <extensions>
          <ns3:TrackPointExtension>
            <ns3:hr>142</ns3:hr>
          </ns3:TrackPointExtension>
        </extensions>
      </trkpt>
      <trkpt lat="46.5489902906119823455810546875" lon="7.87945174612104892730712890625">
        <ele>1691</ele>
        <time>2025-08-24T10:19:01.000Z</time>
        <extensions>
          <ns3:TrackPointExtension>
            <ns3:hr>142</ns3:hr>
          </ns3:TrackPointExtension>
        </extensions>
      </trkpt>
      <trkpt lat="46.54899179935455322265625" lon="7.879380248486995697021484375">
        <ele>1690.4000244140625</ele>
        <time>2025-08-24T10:19:05.000Z</time>
        <extensions>
          <ns3:TrackPointExtension>
            <ns3:hr>140</ns3:hr>
          </ns3:TrackPointExtension>
        </extensions>
      </trkpt>
      <trkpt lat="46.5489931404590606689453125" lon="7.8793639875948429107666015625">
        <ele>1690.4000244140625</ele>
        <time>2025-08-24T10:19:06.000Z</time>
        <extensions>
          <ns3:TrackPointExtension>
            <ns3:hr>139</ns3:hr>
          </ns3:TrackPointExtension>
        </extensions>
      </trkpt>
      <trkpt lat="46.54902490787208080291748046875" lon="7.87928561680018901824951171875">
        <ele>1690.5999755859375</ele>
        <time>2025-08-24T10:19:12.000Z</time>
        <extensions>
          <ns3:TrackPointExtension>
            <ns3:hr>137</ns3:hr>
          </ns3:TrackPointExtension>
        </extensions>
      </trkpt>
      <trkpt lat="46.54902708716690540313720703125" lon="7.8792724572122097015380859375">
        <ele>1690.800048828125</ele>
        <time>2025-08-24T10:19:13.000Z</time>
        <extensions>
          <ns3:TrackPointExtension>
            <ns3:hr>137</ns3:hr>
          </ns3:TrackPointExtension>
        </extensions>
      </trkpt>
      <trkpt lat="46.549057178199291229248046875" lon="7.87924110889434814453125">
        <ele>1691.4000244140625</ele>
        <time>2025-08-24T10:19:16.000Z</time>
        <extensions>
          <ns3:TrackPointExtension>
            <ns3:hr>134</ns3:hr>
          </ns3:TrackPointExtension>
        </extensions>
      </trkpt>
      <trkpt lat="46.5490603633224964141845703125" lon="7.87920582108199596405029296875">
        <ele>1692</ele>
        <time>2025-08-24T10:19:19.000Z</time>
        <extensions>
          <ns3:TrackPointExtension>
            <ns3:hr>133</ns3:hr>
          </ns3:TrackPointExtension>
        </extensions>
      </trkpt>
      <trkpt lat="46.54907017014920711517333984375" lon="7.879169024527072906494140625">
        <ele>1692.199951171875</ele>
        <time>2025-08-24T10:19:22.000Z</time>
        <extensions>
          <ns3:TrackPointExtension>
            <ns3:hr>134</ns3:hr>
          </ns3:TrackPointExtension>
        </extensions>
      </trkpt>
      <trkpt lat="46.549059189856052398681640625" lon="7.87912099622189998626708984375">
        <ele>1692.4000244140625</ele>
        <time>2025-08-24T10:19:24.000Z</time>
        <extensions>
          <ns3:TrackPointExtension>
            <ns3:hr>134</ns3:hr>
          </ns3:TrackPointExtension>
        </extensions>
      </trkpt>
      <trkpt lat="46.549040414392948150634765625" lon="7.8790682740509510040283203125">
        <ele>1690.5999755859375</ele>
        <time>2025-08-24T10:19:30.000Z</time>
        <extensions>
          <ns3:TrackPointExtension>
            <ns3:hr>135</ns3:hr>
          </ns3:TrackPointExtension>
        </extensions>
      </trkpt>
      <trkpt lat="46.54902457259595394134521484375" lon="7.8790122829377651214599609375">
        <ele>1690.5999755859375</ele>
        <time>2025-08-24T10:19:37.000Z</time>
        <extensions>
          <ns3:TrackPointExtension>
            <ns3:hr>136</ns3:hr>
          </ns3:TrackPointExtension>
        </extensions>
      </trkpt>
      <trkpt lat="46.54898903332650661468505859375" lon="7.87888236343860626220703125">
        <ele>1690.5999755859375</ele>
        <time>2025-08-24T10:19:45.000Z</time>
        <extensions>
          <ns3:TrackPointExtension>
            <ns3:hr>136</ns3:hr>
          </ns3:TrackPointExtension>
        </extensions>
      </trkpt>
      <trkpt lat="46.54894460923969745635986328125" lon="7.87880801595747470855712890625">
        <ele>1690.5999755859375</ele>
        <time>2025-08-24T10:19:52.000Z</time>
        <extensions>
          <ns3:TrackPointExtension>
            <ns3:hr>136</ns3:hr>
          </ns3:TrackPointExtension>
        </extensions>
      </trkpt>
      <trkpt lat="46.54892633669078350067138671875" lon="7.87874649278819561004638671875">
        <ele>1690.5999755859375</ele>
        <time>2025-08-24T10:19:57.000Z</time>
        <extensions>
          <ns3:TrackPointExtension>
            <ns3:hr>134</ns3:hr>
          </ns3:TrackPointExtension>
        </extensions>
      </trkpt>
      <trkpt lat="46.548949219286441802978515625" lon="7.87867323495447635650634765625">
        <ele>1690.5999755859375</ele>
        <time>2025-08-24T10:20:01.000Z</time>
        <extensions>
          <ns3:TrackPointExtension>
            <ns3:hr>137</ns3:hr>
          </ns3:TrackPointExtension>
        </extensions>
      </trkpt>
      <trkpt lat="46.5489480458199977874755859375" lon="7.8786416351795196533203125">
        <ele>1690.5999755859375</ele>
        <time>2025-08-24T10:20:03.000Z</time>
        <extensions>
          <ns3:TrackPointExtension>
            <ns3:hr>141</ns3:hr>
          </ns3:TrackPointExtension>
        </extensions>
      </trkpt>
      <trkpt lat="46.54894326813519001007080078125" lon="7.87861070595681667327880859375">
        <ele>1692</ele>
        <time>2025-08-24T10:20:05.000Z</time>
        <extensions>
          <ns3:TrackPointExtension>
            <ns3:hr>144</ns3:hr>
          </ns3:TrackPointExtension>
        </extensions>
      </trkpt>
      <trkpt lat="46.54894662089645862579345703125" lon="7.8785938583314418792724609375">
        <ele>1692.5999755859375</ele>
        <time>2025-08-24T10:20:06.000Z</time>
        <extensions>
          <ns3:TrackPointExtension>
            <ns3:hr>145</ns3:hr>
          </ns3:TrackPointExtension>
        </extensions>
      </trkpt>
      <trkpt lat="46.54895131476223468780517578125" lon="7.87853895686566829681396484375">
        <ele>1693.4000244140625</ele>
        <time>2025-08-24T10:20:09.000Z</time>
        <extensions>
          <ns3:TrackPointExtension>
            <ns3:hr>148</ns3:hr>
          </ns3:TrackPointExtension>
        </extensions>
      </trkpt>
      <trkpt lat="46.54896388761699199676513671875" lon="7.87851934321224689483642578125">
        <ele>1693.199951171875</ele>
        <time>2025-08-24T10:20:11.000Z</time>
        <extensions>
          <ns3:TrackPointExtension>
            <ns3:hr>147</ns3:hr>
          </ns3:TrackPointExtension>
        </extensions>
      </trkpt>
      <trkpt lat="46.54897931031882762908935546875" lon="7.87841700017452239990234375">
        <ele>1693</ele>
        <time>2025-08-24T10:20:16.000Z</time>
        <extensions>
          <ns3:TrackPointExtension>
            <ns3:hr>144</ns3:hr>
          </ns3:TrackPointExtension>
        </extensions>
      </trkpt>
      <trkpt lat="46.54899305664002895355224609375" lon="7.8783631883561611175537109375">
        <ele>1693.5999755859375</ele>
        <time>2025-08-24T10:20:20.000Z</time>
        <extensions>
          <ns3:TrackPointExtension>
            <ns3:hr>143</ns3:hr>
          </ns3:TrackPointExtension>
        </extensions>
      </trkpt>
      <trkpt lat="46.54899355955421924591064453125" lon="7.8783548064529895782470703125">
        <ele>1693.800048828125</ele>
        <time>2025-08-24T10:20:21.000Z</time>
        <extensions>
          <ns3:TrackPointExtension>
            <ns3:hr>143</ns3:hr>
          </ns3:TrackPointExtension>
        </extensions>
      </trkpt>
      <trkpt lat="46.54899121262133121490478515625" lon="7.87834114395081996917724609375">
        <ele>1693.800048828125</ele>
        <time>2025-08-24T10:20:22.000Z</time>
        <extensions>
          <ns3:TrackPointExtension>
            <ns3:hr>142</ns3:hr>
          </ns3:TrackPointExtension>
        </extensions>
      </trkpt>
      <trkpt lat="46.54895357787609100341796875" lon="7.87828397937119007110595703125">
        <ele>1694.5999755859375</ele>
        <time>2025-08-24T10:20:27.000Z</time>
        <extensions>
          <ns3:TrackPointExtension>
            <ns3:hr>144</ns3:hr>
          </ns3:TrackPointExtension>
        </extensions>
      </trkpt>
      <trkpt lat="46.548941843211650848388671875" lon="7.878279201686382293701171875">
        <ele>1695</ele>
        <time>2025-08-24T10:20:28.000Z</time>
        <extensions>
          <ns3:TrackPointExtension>
            <ns3:hr>145</ns3:hr>
          </ns3:TrackPointExtension>
        </extensions>
      </trkpt>
      <trkpt lat="46.548922397196292877197265625" lon="7.87827693857252597808837890625">
        <ele>1695.5999755859375</ele>
        <time>2025-08-24T10:20:31.000Z</time>
        <extensions>
          <ns3:TrackPointExtension>
            <ns3:hr>147</ns3:hr>
          </ns3:TrackPointExtension>
        </extensions>
      </trkpt>
      <trkpt lat="46.5489316172897815704345703125" lon="7.87824274040758609771728515625">
        <ele>1696</ele>
        <time>2025-08-24T10:20:33.000Z</time>
        <extensions>
          <ns3:TrackPointExtension>
            <ns3:hr>148</ns3:hr>
          </ns3:TrackPointExtension>
        </extensions>
      </trkpt>
      <trkpt lat="46.548938490450382232666015625" lon="7.8782324306666851043701171875">
        <ele>1696</ele>
        <time>2025-08-24T10:20:34.000Z</time>
        <extensions>
          <ns3:TrackPointExtension>
            <ns3:hr>148</ns3:hr>
          </ns3:TrackPointExtension>
        </extensions>
      </trkpt>
      <trkpt lat="46.5489467047154903411865234375" lon="7.87821474485099315643310546875">
        <ele>1696.800048828125</ele>
        <time>2025-08-24T10:20:36.000Z</time>
        <extensions>
          <ns3:TrackPointExtension>
            <ns3:hr>149</ns3:hr>
          </ns3:TrackPointExtension>
        </extensions>
      </trkpt>
      <trkpt lat="46.54895181767642498016357421875" lon="7.87820351310074329376220703125">
        <ele>1697</ele>
        <time>2025-08-24T10:20:37.000Z</time>
        <extensions>
          <ns3:TrackPointExtension>
            <ns3:hr>150</ns3:hr>
          </ns3:TrackPointExtension>
        </extensions>
      </trkpt>
      <trkpt lat="46.5489529073238372802734375" lon="7.87819412536919116973876953125">
        <ele>1697</ele>
        <time>2025-08-24T10:20:38.000Z</time>
        <extensions>
          <ns3:TrackPointExtension>
            <ns3:hr>150</ns3:hr>
          </ns3:TrackPointExtension>
        </extensions>
      </trkpt>
      <trkpt lat="46.548951230943202972412109375" lon="7.87818909622728824615478515625">
        <ele>1697.4000244140625</ele>
        <time>2025-08-24T10:20:39.000Z</time>
        <extensions>
          <ns3:TrackPointExtension>
            <ns3:hr>150</ns3:hr>
          </ns3:TrackPointExtension>
        </extensions>
      </trkpt>
      <trkpt lat="46.54894779436290264129638671875" lon="7.8781868331134319305419921875">
        <ele>1697.4000244140625</ele>
        <time>2025-08-24T10:20:40.000Z</time>
        <extensions>
          <ns3:TrackPointExtension>
            <ns3:hr>151</ns3:hr>
          </ns3:TrackPointExtension>
        </extensions>
      </trkpt>
      <trkpt lat="46.548937149345874786376953125" lon="7.8781683929264545440673828125">
        <ele>1697.800048828125</ele>
        <time>2025-08-24T10:20:42.000Z</time>
        <extensions>
          <ns3:TrackPointExtension>
            <ns3:hr>151</ns3:hr>
          </ns3:TrackPointExtension>
        </extensions>
      </trkpt>
      <trkpt lat="46.54891870915889739990234375" lon="7.8781346976757049560546875">
        <ele>1698.199951171875</ele>
        <time>2025-08-24T10:20:45.000Z</time>
        <extensions>
          <ns3:TrackPointExtension>
            <ns3:hr>152</ns3:hr>
          </ns3:TrackPointExtension>
        </extensions>
      </trkpt>
      <trkpt lat="46.54890756122767925262451171875" lon="7.87811793386936187744140625">
        <ele>1698.199951171875</ele>
        <time>2025-08-24T10:20:47.000Z</time>
        <extensions>
          <ns3:TrackPointExtension>
            <ns3:hr>152</ns3:hr>
          </ns3:TrackPointExtension>
        </extensions>
      </trkpt>
      <trkpt lat="46.5489044599235057830810546875" lon="7.87811064161360263824462890625">
        <ele>1698.5999755859375</ele>
        <time>2025-08-24T10:20:48.000Z</time>
        <extensions>
          <ns3:TrackPointExtension>
            <ns3:hr>153</ns3:hr>
          </ns3:TrackPointExtension>
        </extensions>
      </trkpt>
      <trkpt lat="46.5489111654460430145263671875" lon="7.87807895801961421966552734375">
        <ele>1699</ele>
        <time>2025-08-24T10:20:54.000Z</time>
        <extensions>
          <ns3:TrackPointExtension>
            <ns3:hr>154</ns3:hr>
          </ns3:TrackPointExtension>
        </extensions>
      </trkpt>
      <trkpt lat="46.54886933974921703338623046875" lon="7.878083400428295135498046875">
        <ele>1699.800048828125</ele>
        <time>2025-08-24T10:20:58.000Z</time>
        <extensions>
          <ns3:TrackPointExtension>
            <ns3:hr>155</ns3:hr>
          </ns3:TrackPointExtension>
        </extensions>
      </trkpt>
      <trkpt lat="46.5488494746387004852294921875" lon="7.87807325832545757293701171875">
        <ele>1700</ele>
        <time>2025-08-24T10:20:59.000Z</time>
        <extensions>
          <ns3:TrackPointExtension>
            <ns3:hr>155</ns3:hr>
          </ns3:TrackPointExtension>
        </extensions>
      </trkpt>
      <trkpt lat="46.54880178160965442657470703125" lon="7.87802179343998432159423828125">
        <ele>1701</ele>
        <time>2025-08-24T10:21:03.000Z</time>
        <extensions>
          <ns3:TrackPointExtension>
            <ns3:hr>157</ns3:hr>
          </ns3:TrackPointExtension>
        </extensions>
      </trkpt>
      <trkpt lat="46.54877311550080776214599609375" lon="7.87799631245434284210205078125">
        <ele>1701.4000244140625</ele>
        <time>2025-08-24T10:21:06.000Z</time>
        <extensions>
          <ns3:TrackPointExtension>
            <ns3:hr>159</ns3:hr>
          </ns3:TrackPointExtension>
        </extensions>
      </trkpt>
      <trkpt lat="46.548772864043712615966796875" lon="7.8779511339962482452392578125">
        <ele>1702.199951171875</ele>
        <time>2025-08-24T10:21:10.000Z</time>
        <extensions>
          <ns3:TrackPointExtension>
            <ns3:hr>161</ns3:hr>
          </ns3:TrackPointExtension>
        </extensions>
      </trkpt>
      <trkpt lat="46.548764817416667938232421875" lon="7.8779236413538455963134765625">
        <ele>1703</ele>
        <time>2025-08-24T10:21:13.000Z</time>
        <extensions>
          <ns3:TrackPointExtension>
            <ns3:hr>161</ns3:hr>
          </ns3:TrackPointExtension>
        </extensions>
      </trkpt>
      <trkpt lat="46.5487629733979701995849609375" lon="7.87791534326970577239990234375">
        <ele>1703.199951171875</ele>
        <time>2025-08-24T10:21:15.000Z</time>
        <extensions>
          <ns3:TrackPointExtension>
            <ns3:hr>162</ns3:hr>
          </ns3:TrackPointExtension>
        </extensions>
      </trkpt>
      <trkpt lat="46.5487609617412090301513671875" lon="7.87791634909808635711669921875">
        <ele>1703.4000244140625</ele>
        <time>2025-08-24T10:21:17.000Z</time>
        <extensions>
          <ns3:TrackPointExtension>
            <ns3:hr>163</ns3:hr>
          </ns3:TrackPointExtension>
        </extensions>
      </trkpt>
      <trkpt lat="46.5487579442560672760009765625" lon="7.8779048658907413482666015625">
        <ele>1703.5999755859375</ele>
        <time>2025-08-24T10:21:20.000Z</time>
        <extensions>
          <ns3:TrackPointExtension>
            <ns3:hr>165</ns3:hr>
          </ns3:TrackPointExtension>
        </extensions>
      </trkpt>
      <trkpt lat="46.54877009801566600799560546875" lon="7.87787846289575099945068359375">
        <ele>1704.4000244140625</ele>
        <time>2025-08-24T10:21:23.000Z</time>
        <extensions>
          <ns3:TrackPointExtension>
            <ns3:hr>166</ns3:hr>
          </ns3:TrackPointExtension>
        </extensions>
      </trkpt>
      <trkpt lat="46.548819802701473236083984375" lon="7.87780922837555408477783203125">
        <ele>1705.4000244140625</ele>
        <time>2025-08-24T10:21:28.000Z</time>
        <extensions>
          <ns3:TrackPointExtension>
            <ns3:hr>167</ns3:hr>
          </ns3:TrackPointExtension>
        </extensions>
      </trkpt>
      <trkpt lat="46.5488253347575664520263671875" lon="7.87780805490911006927490234375">
        <ele>1706.4000244140625</ele>
        <time>2025-08-24T10:21:33.000Z</time>
        <extensions>
          <ns3:TrackPointExtension>
            <ns3:hr>165</ns3:hr>
          </ns3:TrackPointExtension>
        </extensions>
      </trkpt>
      <trkpt lat="46.54882910661399364471435546875" lon="7.8778106532990932464599609375">
        <ele>1706.5999755859375</ele>
        <time>2025-08-24T10:21:34.000Z</time>
        <extensions>
          <ns3:TrackPointExtension>
            <ns3:hr>164</ns3:hr>
          </ns3:TrackPointExtension>
        </extensions>
      </trkpt>
      <trkpt lat="46.54886095784604549407958984375" lon="7.877782322466373443603515625">
        <ele>1707.800048828125</ele>
        <time>2025-08-24T10:21:40.000Z</time>
        <extensions>
          <ns3:TrackPointExtension>
            <ns3:hr>165</ns3:hr>
          </ns3:TrackPointExtension>
        </extensions>
      </trkpt>
      <trkpt lat="46.54886028729379177093505859375" lon="7.87776681594550609588623046875">
        <ele>1708</ele>
        <time>2025-08-24T10:21:41.000Z</time>
        <extensions>
          <ns3:TrackPointExtension>
            <ns3:hr>165</ns3:hr>
          </ns3:TrackPointExtension>
        </extensions>
      </trkpt>
      <trkpt lat="46.54886079020798206329345703125" lon="7.87770847789943218231201171875">
        <ele>1708.5999755859375</ele>
        <time>2025-08-24T10:21:44.000Z</time>
        <extensions>
          <ns3:TrackPointExtension>
            <ns3:hr>168</ns3:hr>
          </ns3:TrackPointExtension>
        </extensions>
      </trkpt>
      <trkpt lat="46.54888786375522613525390625" lon="7.87764511071145534515380859375">
        <ele>1708.800048828125</ele>
        <time>2025-08-24T10:21:48.000Z</time>
        <extensions>
          <ns3:TrackPointExtension>
            <ns3:hr>171</ns3:hr>
          </ns3:TrackPointExtension>
        </extensions>
      </trkpt>
      <trkpt lat="46.5489051304757595062255859375" lon="7.87760420702397823333740234375">
        <ele>1709</ele>
        <time>2025-08-24T10:21:51.000Z</time>
        <extensions>
          <ns3:TrackPointExtension>
            <ns3:hr>170</ns3:hr>
          </ns3:TrackPointExtension>
        </extensions>
      </trkpt>
      <trkpt lat="46.548905633389949798583984375" lon="7.877537906169891357421875">
        <ele>1709.4000244140625</ele>
        <time>2025-08-24T10:21:55.000Z</time>
        <extensions>
          <ns3:TrackPointExtension>
            <ns3:hr>170</ns3:hr>
          </ns3:TrackPointExtension>
        </extensions>
      </trkpt>
      <trkpt lat="46.54888912104070186614990234375" lon="7.87746322341263294219970703125">
        <ele>1710</ele>
        <time>2025-08-24T10:22:01.000Z</time>
        <extensions>
          <ns3:TrackPointExtension>
            <ns3:hr>172</ns3:hr>
          </ns3:TrackPointExtension>
        </extensions>
      </trkpt>
      <trkpt lat="46.5488819964230060577392578125" lon="7.8774317912757396697998046875">
        <ele>1710.5999755859375</ele>
        <time>2025-08-24T10:22:04.000Z</time>
        <extensions>
          <ns3:TrackPointExtension>
            <ns3:hr>169</ns3:hr>
          </ns3:TrackPointExtension>
        </extensions>
      </trkpt>
      <trkpt lat="46.54888476245105266571044921875" lon="7.87740983068943023681640625">
        <ele>1711</ele>
        <time>2025-08-24T10:22:06.000Z</time>
        <extensions>
          <ns3:TrackPointExtension>
            <ns3:hr>169</ns3:hr>
          </ns3:TrackPointExtension>
        </extensions>
      </trkpt>
      <trkpt lat="46.54888576827943325042724609375" lon="7.87738032639026641845703125">
        <ele>1711.199951171875</ele>
        <time>2025-08-24T10:22:08.000Z</time>
        <extensions>
          <ns3:TrackPointExtension>
            <ns3:hr>168</ns3:hr>
          </ns3:TrackPointExtension>
        </extensions>
      </trkpt>
      <trkpt lat="46.54890395700931549072265625" lon="7.87729809992015361785888671875">
        <ele>1711.5999755859375</ele>
        <time>2025-08-24T10:22:13.000Z</time>
        <extensions>
          <ns3:TrackPointExtension>
            <ns3:hr>167</ns3:hr>
          </ns3:TrackPointExtension>
        </extensions>
      </trkpt>
      <trkpt lat="46.54891627840697765350341796875" lon="7.87726373411715030670166015625">
        <ele>1712.199951171875</ele>
        <time>2025-08-24T10:22:16.000Z</time>
        <extensions>
          <ns3:TrackPointExtension>
            <ns3:hr>168</ns3:hr>
          </ns3:TrackPointExtension>
        </extensions>
      </trkpt>
      <trkpt lat="46.54895148240029811859130859375" lon="7.87721059285104274749755859375">
        <ele>1713</ele>
        <time>2025-08-24T10:22:22.000Z</time>
        <extensions>
          <ns3:TrackPointExtension>
            <ns3:hr>167</ns3:hr>
          </ns3:TrackPointExtension>
        </extensions>
      </trkpt>
      <trkpt lat="46.54899523593485355377197265625" lon="7.87714102305471897125244140625">
        <ele>1713</ele>
        <time>2025-08-24T10:22:29.000Z</time>
        <extensions>
          <ns3:TrackPointExtension>
            <ns3:hr>165</ns3:hr>
          </ns3:TrackPointExtension>
        </extensions>
      </trkpt>
      <trkpt lat="46.5490171127021312713623046875" lon="7.877099029719829559326171875">
        <ele>1713.4000244140625</ele>
        <time>2025-08-24T10:22:33.000Z</time>
        <extensions>
          <ns3:TrackPointExtension>
            <ns3:hr>165</ns3:hr>
          </ns3:TrackPointExtension>
        </extensions>
      </trkpt>
      <trkpt lat="46.54903697781264781951904296875" lon="7.87704077549278736114501953125">
        <ele>1713.800048828125</ele>
        <time>2025-08-24T10:22:38.000Z</time>
        <extensions>
          <ns3:TrackPointExtension>
            <ns3:hr>164</ns3:hr>
          </ns3:TrackPointExtension>
        </extensions>
      </trkpt>
      <trkpt lat="46.5490516461431980133056640625" lon="7.87700347602367401123046875">
        <ele>1714.4000244140625</ele>
        <time>2025-08-24T10:22:41.000Z</time>
        <extensions>
          <ns3:TrackPointExtension>
            <ns3:hr>165</ns3:hr>
          </ns3:TrackPointExtension>
        </extensions>
      </trkpt>
      <trkpt lat="46.549050807952880859375" lon="7.8769652545452117919921875">
        <ele>1715.800048828125</ele>
        <time>2025-08-24T10:22:45.000Z</time>
        <extensions>
          <ns3:TrackPointExtension>
            <ns3:hr>166</ns3:hr>
          </ns3:TrackPointExtension>
        </extensions>
      </trkpt>
      <trkpt lat="46.54904854483902454376220703125" lon="7.87694446742534637451171875">
        <ele>1716.199951171875</ele>
        <time>2025-08-24T10:22:47.000Z</time>
        <extensions>
          <ns3:TrackPointExtension>
            <ns3:hr>163</ns3:hr>
          </ns3:TrackPointExtension>
        </extensions>
      </trkpt>
      <trkpt lat="46.549050807952880859375" lon="7.87692703306674957275390625">
        <ele>1716.5999755859375</ele>
        <time>2025-08-24T10:22:51.000Z</time>
        <extensions>
          <ns3:TrackPointExtension>
            <ns3:hr>162</ns3:hr>
          </ns3:TrackPointExtension>
        </extensions>
      </trkpt>
      <trkpt lat="46.54905055649578571319580078125" lon="7.876930050551891326904296875">
        <ele>1716.4000244140625</ele>
        <time>2025-08-24T10:22:54.000Z</time>
        <extensions>
          <ns3:TrackPointExtension>
            <ns3:hr>165</ns3:hr>
          </ns3:TrackPointExtension>
        </extensions>
      </trkpt>
      <trkpt lat="46.54905038885772228240966796875" lon="7.87692996673285961151123046875">
        <ele>1716.4000244140625</ele>
        <time>2025-08-24T10:23:00.000Z</time>
        <extensions>
          <ns3:TrackPointExtension>
            <ns3:hr>168</ns3:hr>
          </ns3:TrackPointExtension>
        </extensions>
      </trkpt>
      <trkpt lat="46.54905139468610286712646484375" lon="7.87692845799028873443603515625">
        <ele>1716.4000244140625</ele>
        <time>2025-08-24T10:23:06.000Z</time>
        <extensions>
          <ns3:TrackPointExtension>
            <ns3:hr>165</ns3:hr>
          </ns3:TrackPointExtension>
        </extensions>
      </trkpt>
      <trkpt lat="46.54905055649578571319580078125" lon="7.87692845799028873443603515625">
        <ele>1716.199951171875</ele>
        <time>2025-08-24T10:23:11.000Z</time>
        <extensions>
          <ns3:TrackPointExtension>
            <ns3:hr>162</ns3:hr>
          </ns3:TrackPointExtension>
        </extensions>
      </trkpt>
      <trkpt lat="46.54905038885772228240966796875" lon="7.87692829035222530364990234375">
        <ele>1716.4000244140625</ele>
        <time>2025-08-24T10:23:16.000Z</time>
        <extensions>
          <ns3:TrackPointExtension>
            <ns3:hr>159</ns3:hr>
          </ns3:TrackPointExtension>
        </extensions>
      </trkpt>
      <trkpt lat="46.54907134361565113067626953125" lon="7.8768430463969707489013671875">
        <ele>1716.800048828125</ele>
        <time>2025-08-24T10:23:23.000Z</time>
        <extensions>
          <ns3:TrackPointExtension>
            <ns3:hr>157</ns3:hr>
          </ns3:TrackPointExtension>
        </extensions>
      </trkpt>
      <trkpt lat="46.5490747801959514617919921875" lon="7.876817397773265838623046875">
        <ele>1717</ele>
        <time>2025-08-24T10:23:24.000Z</time>
        <extensions>
          <ns3:TrackPointExtension>
            <ns3:hr>157</ns3:hr>
          </ns3:TrackPointExtension>
        </extensions>
      </trkpt>
      <trkpt lat="46.54907964169979095458984375" lon="7.8767934255301952362060546875">
        <ele>1717</ele>
        <time>2025-08-24T10:23:25.000Z</time>
        <extensions>
          <ns3:TrackPointExtension>
            <ns3:hr>157</ns3:hr>
          </ns3:TrackPointExtension>
        </extensions>
      </trkpt>
      <trkpt lat="46.54911375604569911956787109375" lon="7.8766878135502338409423828125">
        <ele>1717.4000244140625</ele>
        <time>2025-08-24T10:23:29.000Z</time>
        <extensions>
          <ns3:TrackPointExtension>
            <ns3:hr>162</ns3:hr>
          </ns3:TrackPointExtension>
        </extensions>
      </trkpt>
      <trkpt lat="46.549128927290439605712890625" lon="7.876663841307163238525390625">
        <ele>1717.5999755859375</ele>
        <time>2025-08-24T10:23:31.000Z</time>
        <extensions>
          <ns3:TrackPointExtension>
            <ns3:hr>157</ns3:hr>
          </ns3:TrackPointExtension>
        </extensions>
      </trkpt>
      <trkpt lat="46.5491653047502040863037109375" lon="7.876615561544895172119140625">
        <ele>1718</ele>
        <time>2025-08-24T10:23:35.000Z</time>
        <extensions>
          <ns3:TrackPointExtension>
            <ns3:hr>154</ns3:hr>
          </ns3:TrackPointExtension>
        </extensions>
      </trkpt>
      <trkpt lat="46.54918064363300800323486328125" lon="7.87658731453120708465576171875">
        <ele>1718.199951171875</ele>
        <time>2025-08-24T10:23:37.000Z</time>
        <extensions>
          <ns3:TrackPointExtension>
            <ns3:hr>153</ns3:hr>
          </ns3:TrackPointExtension>
        </extensions>
      </trkpt>
      <trkpt lat="46.54918986372649669647216796875" lon="7.87653149105608463287353515625">
        <ele>1718.5999755859375</ele>
        <time>2025-08-24T10:23:40.000Z</time>
        <extensions>
          <ns3:TrackPointExtension>
            <ns3:hr>151</ns3:hr>
          </ns3:TrackPointExtension>
        </extensions>
      </trkpt>
      <trkpt lat="46.54916773550212383270263671875" lon="7.87644733674824237823486328125">
        <ele>1719</ele>
        <time>2025-08-24T10:23:45.000Z</time>
        <extensions>
          <ns3:TrackPointExtension>
            <ns3:hr>149</ns3:hr>
          </ns3:TrackPointExtension>
        </extensions>
      </trkpt>
      <trkpt lat="46.54916605912148952484130859375" lon="7.87643015384674072265625">
        <ele>1719.199951171875</ele>
        <time>2025-08-24T10:23:46.000Z</time>
        <extensions>
          <ns3:TrackPointExtension>
            <ns3:hr>149</ns3:hr>
          </ns3:TrackPointExtension>
        </extensions>
      </trkpt>
      <trkpt lat="46.5491760335862636566162109375" lon="7.87635572254657745361328125">
        <ele>1720.199951171875</ele>
        <time>2025-08-24T10:23:51.000Z</time>
        <extensions>
          <ns3:TrackPointExtension>
            <ns3:hr>148</ns3:hr>
          </ns3:TrackPointExtension>
        </extensions>
      </trkpt>
      <trkpt lat="46.5491907857358455657958984375" lon="7.87629109807312488555908203125">
        <ele>1720.800048828125</ele>
        <time>2025-08-24T10:23:55.000Z</time>
        <extensions>
          <ns3:TrackPointExtension>
            <ns3:hr>147</ns3:hr>
          </ns3:TrackPointExtension>
        </extensions>
      </trkpt>
      <trkpt lat="46.5491931326687335968017578125" lon="7.87627383135259151458740234375">
        <ele>1720.800048828125</ele>
        <time>2025-08-24T10:23:56.000Z</time>
        <extensions>
          <ns3:TrackPointExtension>
            <ns3:hr>147</ns3:hr>
          </ns3:TrackPointExtension>
        </extensions>
      </trkpt>
      <trkpt lat="46.5492129139602184295654296875" lon="7.87620023824274539947509765625">
        <ele>1721.199951171875</ele>
        <time>2025-08-24T10:24:01.000Z</time>
        <extensions>
          <ns3:TrackPointExtension>
            <ns3:hr>147</ns3:hr>
          </ns3:TrackPointExtension>
        </extensions>
      </trkpt>
      <trkpt lat="46.5492125786840915679931640625" lon="7.87619470618665218353271484375">
        <ele>1721.5999755859375</ele>
        <time>2025-08-24T10:24:03.000Z</time>
        <extensions>
          <ns3:TrackPointExtension>
            <ns3:hr>146</ns3:hr>
          </ns3:TrackPointExtension>
        </extensions>
      </trkpt>
      <trkpt lat="46.5492132492363452911376953125" lon="7.87618984468281269073486328125">
        <ele>1721.5999755859375</ele>
        <time>2025-08-24T10:24:04.000Z</time>
        <extensions>
          <ns3:TrackPointExtension>
            <ns3:hr>146</ns3:hr>
          </ns3:TrackPointExtension>
        </extensions>
      </trkpt>
      <trkpt lat="46.54921433888375759124755859375" lon="7.876191101968288421630859375">
        <ele>1721.4000244140625</ele>
        <time>2025-08-24T10:24:12.000Z</time>
        <extensions>
          <ns3:TrackPointExtension>
            <ns3:hr>149</ns3:hr>
          </ns3:TrackPointExtension>
        </extensions>
      </trkpt>
      <trkpt lat="46.54921241104602813720703125" lon="7.876188419759273529052734375">
        <ele>1721.199951171875</ele>
        <time>2025-08-24T10:24:24.000Z</time>
        <extensions>
          <ns3:TrackPointExtension>
            <ns3:hr>150</ns3:hr>
          </ns3:TrackPointExtension>
        </extensions>
      </trkpt>
      <trkpt lat="46.5492209605872631072998046875" lon="7.87616084329783916473388671875">
        <ele>1721.5999755859375</ele>
        <time>2025-08-24T10:24:31.000Z</time>
        <extensions>
          <ns3:TrackPointExtension>
            <ns3:hr>147</ns3:hr>
          </ns3:TrackPointExtension>
        </extensions>
      </trkpt>
      <trkpt lat="46.5492414124310016632080078125" lon="7.8761015832424163818359375">
        <ele>1721.800048828125</ele>
        <time>2025-08-24T10:24:34.000Z</time>
        <extensions>
          <ns3:TrackPointExtension>
            <ns3:hr>144</ns3:hr>
          </ns3:TrackPointExtension>
        </extensions>
      </trkpt>
      <trkpt lat="46.54926613904535770416259765625" lon="7.87596068345010280609130859375">
        <ele>1721.4000244140625</ele>
        <time>2025-08-24T10:24:41.000Z</time>
        <extensions>
          <ns3:TrackPointExtension>
            <ns3:hr>142</ns3:hr>
          </ns3:TrackPointExtension>
        </extensions>
      </trkpt>
      <trkpt lat="46.549274437129497528076171875" lon="7.875879295170307159423828125">
        <ele>1721.4000244140625</ele>
        <time>2025-08-24T10:24:45.000Z</time>
        <extensions>
          <ns3:TrackPointExtension>
            <ns3:hr>142</ns3:hr>
          </ns3:TrackPointExtension>
        </extensions>
      </trkpt>
      <trkpt lat="46.549279130995273590087890625" lon="7.8758476115763187408447265625">
        <ele>1721.800048828125</ele>
        <time>2025-08-24T10:24:47.000Z</time>
        <extensions>
          <ns3:TrackPointExtension>
            <ns3:hr>139</ns3:hr>
          </ns3:TrackPointExtension>
        </extensions>
      </trkpt>
      <trkpt lat="46.54928080737590789794921875" lon="7.87582120858132839202880859375">
        <ele>1722.199951171875</ele>
        <time>2025-08-24T10:24:49.000Z</time>
        <extensions>
          <ns3:TrackPointExtension>
            <ns3:hr>137</ns3:hr>
          </ns3:TrackPointExtension>
        </extensions>
      </trkpt>
      <trkpt lat="46.54930318705737590789794921875" lon="7.87568206898868083953857421875">
        <ele>1723.199951171875</ele>
        <time>2025-08-24T10:24:57.000Z</time>
        <extensions>
          <ns3:TrackPointExtension>
            <ns3:hr>139</ns3:hr>
          </ns3:TrackPointExtension>
        </extensions>
      </trkpt>
      <trkpt lat="46.5493181906640529632568359375" lon="7.875626496970653533935546875">
        <ele>1723.4000244140625</ele>
        <time>2025-08-24T10:25:00.000Z</time>
        <extensions>
          <ns3:TrackPointExtension>
            <ns3:hr>140</ns3:hr>
          </ns3:TrackPointExtension>
        </extensions>
      </trkpt>
      <trkpt lat="46.5493498742580413818359375" lon="7.87550420500338077545166015625">
        <ele>1723.800048828125</ele>
        <time>2025-08-24T10:25:07.000Z</time>
        <extensions>
          <ns3:TrackPointExtension>
            <ns3:hr>142</ns3:hr>
          </ns3:TrackPointExtension>
        </extensions>
      </trkpt>
      <trkpt lat="46.54935398139059543609619140625" lon="7.875467240810394287109375">
        <ele>1724</ele>
        <time>2025-08-24T10:25:09.000Z</time>
        <extensions>
          <ns3:TrackPointExtension>
            <ns3:hr>142</ns3:hr>
          </ns3:TrackPointExtension>
        </extensions>
      </trkpt>
      <trkpt lat="46.54935481958091259002685546875" lon="7.87542122416198253631591796875">
        <ele>1724.199951171875</ele>
        <time>2025-08-24T10:25:11.000Z</time>
        <extensions>
          <ns3:TrackPointExtension>
            <ns3:hr>142</ns3:hr>
          </ns3:TrackPointExtension>
        </extensions>
      </trkpt>
      <trkpt lat="46.54936403967440128326416015625" lon="7.8754047118127346038818359375">
        <ele>1724.4000244140625</ele>
        <time>2025-08-24T10:25:12.000Z</time>
        <extensions>
          <ns3:TrackPointExtension>
            <ns3:hr>142</ns3:hr>
          </ns3:TrackPointExtension>
        </extensions>
      </trkpt>
      <trkpt lat="46.5493741817772388458251953125" lon="7.87539490498602390289306640625">
        <ele>1724.5999755859375</ele>
        <time>2025-08-24T10:25:13.000Z</time>
        <extensions>
          <ns3:TrackPointExtension>
            <ns3:hr>142</ns3:hr>
          </ns3:TrackPointExtension>
        </extensions>
      </trkpt>
      <trkpt lat="46.5493842400610446929931640625" lon="7.87538945674896240234375">
        <ele>1724.800048828125</ele>
        <time>2025-08-24T10:25:14.000Z</time>
        <extensions>
          <ns3:TrackPointExtension>
            <ns3:hr>143</ns3:hr>
          </ns3:TrackPointExtension>
        </extensions>
      </trkpt>
      <trkpt lat="46.5494150854647159576416015625" lon="7.87535014562308788299560546875">
        <ele>1725.4000244140625</ele>
        <time>2025-08-24T10:25:18.000Z</time>
        <extensions>
          <ns3:TrackPointExtension>
            <ns3:hr>142</ns3:hr>
          </ns3:TrackPointExtension>
        </extensions>
      </trkpt>
      <trkpt lat="46.54943612404167652130126953125" lon="7.87526599131524562835693359375">
        <ele>1726.199951171875</ele>
        <time>2025-08-24T10:25:25.000Z</time>
        <extensions>
          <ns3:TrackPointExtension>
            <ns3:hr>143</ns3:hr>
          </ns3:TrackPointExtension>
        </extensions>
      </trkpt>
      <trkpt lat="46.5494341962039470672607421875" lon="7.87522994913160800933837890625">
        <ele>1726.4000244140625</ele>
        <time>2025-08-24T10:25:27.000Z</time>
        <extensions>
          <ns3:TrackPointExtension>
            <ns3:hr>144</ns3:hr>
          </ns3:TrackPointExtension>
        </extensions>
      </trkpt>
      <trkpt lat="46.54944844543933868408203125" lon="7.87514193914830684661865234375">
        <ele>1726.5999755859375</ele>
        <time>2025-08-24T10:25:32.000Z</time>
        <extensions>
          <ns3:TrackPointExtension>
            <ns3:hr>147</ns3:hr>
          </ns3:TrackPointExtension>
        </extensions>
      </trkpt>
      <trkpt lat="46.54946093447506427764892578125" lon="7.87510271184146404266357421875">
        <ele>1726.5999755859375</ele>
        <time>2025-08-24T10:25:34.000Z</time>
        <extensions>
          <ns3:TrackPointExtension>
            <ns3:hr>148</ns3:hr>
          </ns3:TrackPointExtension>
        </extensions>
      </trkpt>
      <trkpt lat="46.5494906902313232421875" lon="7.87504144012928009033203125">
        <ele>1726.5999755859375</ele>
        <time>2025-08-24T10:25:38.000Z</time>
        <extensions>
          <ns3:TrackPointExtension>
            <ns3:hr>151</ns3:hr>
          </ns3:TrackPointExtension>
        </extensions>
      </trkpt>
      <trkpt lat="46.54952279292047023773193359375" lon="7.874969355762004852294921875">
        <ele>1726.800048828125</ele>
        <time>2025-08-24T10:25:43.000Z</time>
        <extensions>
          <ns3:TrackPointExtension>
            <ns3:hr>151</ns3:hr>
          </ns3:TrackPointExtension>
        </extensions>
      </trkpt>
      <trkpt lat="46.54957375489175319671630859375" lon="7.874829210340976715087890625">
        <ele>1726</ele>
        <time>2025-08-24T10:25:51.000Z</time>
        <extensions>
          <ns3:TrackPointExtension>
            <ns3:hr>149</ns3:hr>
          </ns3:TrackPointExtension>
        </extensions>
      </trkpt>
      <trkpt lat="46.54957878403365612030029296875" lon="7.87468462251126766204833984375">
        <ele>1725.5999755859375</ele>
        <time>2025-08-24T10:25:59.000Z</time>
        <extensions>
          <ns3:TrackPointExtension>
            <ns3:hr>149</ns3:hr>
          </ns3:TrackPointExtension>
        </extensions>
      </trkpt>
      <trkpt lat="46.5495763532817363739013671875" lon="7.8746397793292999267578125">
        <ele>1725.4000244140625</ele>
        <time>2025-08-24T10:26:01.000Z</time>
        <extensions>
          <ns3:TrackPointExtension>
            <ns3:hr>148</ns3:hr>
          </ns3:TrackPointExtension>
        </extensions>
      </trkpt>
      <trkpt lat="46.549578867852687835693359375" lon="7.8745960257947444915771484375">
        <ele>1725</ele>
        <time>2025-08-24T10:26:03.000Z</time>
        <extensions>
          <ns3:TrackPointExtension>
            <ns3:hr>145</ns3:hr>
          </ns3:TrackPointExtension>
        </extensions>
      </trkpt>
      <trkpt lat="46.54957543127238750457763671875" lon="7.87453056313097476959228515625">
        <ele>1724.4000244140625</ele>
        <time>2025-08-24T10:26:07.000Z</time>
        <extensions>
          <ns3:TrackPointExtension>
            <ns3:hr>142</ns3:hr>
          </ns3:TrackPointExtension>
        </extensions>
      </trkpt>
      <trkpt lat="46.5495649538934230804443359375" lon="7.87447960115969181060791015625">
        <ele>1724.199951171875</ele>
        <time>2025-08-24T10:26:10.000Z</time>
        <extensions>
          <ns3:TrackPointExtension>
            <ns3:hr>140</ns3:hr>
          </ns3:TrackPointExtension>
        </extensions>
      </trkpt>
      <trkpt lat="46.54955715872347354888916015625" lon="7.87446199916303157806396484375">
        <ele>1724.199951171875</ele>
        <time>2025-08-24T10:26:11.000Z</time>
        <extensions>
          <ns3:TrackPointExtension>
            <ns3:hr>139</ns3:hr>
          </ns3:TrackPointExtension>
        </extensions>
      </trkpt>
      <trkpt lat="46.5495341084897518157958984375" lon="7.87435303442180156707763671875">
        <ele>1723.5999755859375</ele>
        <time>2025-08-24T10:26:19.000Z</time>
        <extensions>
          <ns3:TrackPointExtension>
            <ns3:hr>137</ns3:hr>
          </ns3:TrackPointExtension>
        </extensions>
      </trkpt>
      <trkpt lat="46.5495377965271472930908203125" lon="7.87431095726788043975830078125">
        <ele>1723.4000244140625</ele>
        <time>2025-08-24T10:26:22.000Z</time>
        <extensions>
          <ns3:TrackPointExtension>
            <ns3:hr>137</ns3:hr>
          </ns3:TrackPointExtension>
        </extensions>
      </trkpt>
      <trkpt lat="46.54953586868941783905029296875" lon="7.8742128051817417144775390625">
        <ele>1722.199951171875</ele>
        <time>2025-08-24T10:26:28.000Z</time>
        <extensions>
          <ns3:TrackPointExtension>
            <ns3:hr>137</ns3:hr>
          </ns3:TrackPointExtension>
        </extensions>
      </trkpt>
      <trkpt lat="46.549550704658031463623046875" lon="7.87414424121379852294921875">
        <ele>1721.199951171875</ele>
        <time>2025-08-24T10:26:32.000Z</time>
        <extensions>
          <ns3:TrackPointExtension>
            <ns3:hr>137</ns3:hr>
          </ns3:TrackPointExtension>
        </extensions>
      </trkpt>
      <trkpt lat="46.54956788755953311920166015625" lon="7.87410912103950977325439453125">
        <ele>1720</ele>
        <time>2025-08-24T10:26:34.000Z</time>
        <extensions>
          <ns3:TrackPointExtension>
            <ns3:hr>136</ns3:hr>
          </ns3:TrackPointExtension>
        </extensions>
      </trkpt>
      <trkpt lat="46.5495778620243072509765625" lon="7.87409822456538677215576171875">
        <ele>1719.5999755859375</ele>
        <time>2025-08-24T10:26:35.000Z</time>
        <extensions>
          <ns3:TrackPointExtension>
            <ns3:hr>136</ns3:hr>
          </ns3:TrackPointExtension>
        </extensions>
      </trkpt>
      <trkpt lat="46.54959261417388916015625" lon="7.8740872442722320556640625">
        <ele>1719.4000244140625</ele>
        <time>2025-08-24T10:26:36.000Z</time>
        <extensions>
          <ns3:TrackPointExtension>
            <ns3:hr>135</ns3:hr>
          </ns3:TrackPointExtension>
        </extensions>
      </trkpt>
      <trkpt lat="46.5496105514466762542724609375" lon="7.8740716539323329925537109375">
        <ele>1719</ele>
        <time>2025-08-24T10:26:37.000Z</time>
        <extensions>
          <ns3:TrackPointExtension>
            <ns3:hr>135</ns3:hr>
          </ns3:TrackPointExtension>
        </extensions>
      </trkpt>
      <trkpt lat="46.5496635250747203826904296875" lon="7.87399470806121826171875">
        <ele>1718</ele>
        <time>2025-08-24T10:26:41.000Z</time>
        <extensions>
          <ns3:TrackPointExtension>
            <ns3:hr>134</ns3:hr>
          </ns3:TrackPointExtension>
        </extensions>
      </trkpt>
      <trkpt lat="46.5496652014553546905517578125" lon="7.8739761002361774444580078125">
        <ele>1717.800048828125</ele>
        <time>2025-08-24T10:26:42.000Z</time>
        <extensions>
          <ns3:TrackPointExtension>
            <ns3:hr>133</ns3:hr>
          </ns3:TrackPointExtension>
        </extensions>
      </trkpt>
      <trkpt lat="46.54966176487505435943603515625" lon="7.8739616833627223968505859375">
        <ele>1717.800048828125</ele>
        <time>2025-08-24T10:26:43.000Z</time>
        <extensions>
          <ns3:TrackPointExtension>
            <ns3:hr>133</ns3:hr>
          </ns3:TrackPointExtension>
        </extensions>
      </trkpt>
      <trkpt lat="46.549652628600597381591796875" lon="7.87394500337541103363037109375">
        <ele>1717.800048828125</ele>
        <time>2025-08-24T10:26:44.000Z</time>
        <extensions>
          <ns3:TrackPointExtension>
            <ns3:hr>133</ns3:hr>
          </ns3:TrackPointExtension>
        </extensions>
      </trkpt>
      <trkpt lat="46.549611724913120269775390625" lon="7.8738885931670665740966796875">
        <ele>1717.5999755859375</ele>
        <time>2025-08-24T10:26:48.000Z</time>
        <extensions>
          <ns3:TrackPointExtension>
            <ns3:hr>134</ns3:hr>
          </ns3:TrackPointExtension>
        </extensions>
      </trkpt>
      <trkpt lat="46.54960225336253643035888671875" lon="7.8738607652485370635986328125">
        <ele>1716.800048828125</ele>
        <time>2025-08-24T10:26:50.000Z</time>
        <extensions>
          <ns3:TrackPointExtension>
            <ns3:hr>135</ns3:hr>
          </ns3:TrackPointExtension>
        </extensions>
      </trkpt>
      <trkpt lat="46.54959722422063350677490234375" lon="7.87377434782683849334716796875">
        <ele>1716.199951171875</ele>
        <time>2025-08-24T10:26:54.000Z</time>
        <extensions>
          <ns3:TrackPointExtension>
            <ns3:hr>135</ns3:hr>
          </ns3:TrackPointExtension>
        </extensions>
      </trkpt>
      <trkpt lat="46.54959839768707752227783203125" lon="7.87373386323451995849609375">
        <ele>1715.800048828125</ele>
        <time>2025-08-24T10:26:56.000Z</time>
        <extensions>
          <ns3:TrackPointExtension>
            <ns3:hr>135</ns3:hr>
          </ns3:TrackPointExtension>
        </extensions>
      </trkpt>
      <trkpt lat="46.54957844875752925872802734375" lon="7.87370762787759304046630859375">
        <ele>1715.199951171875</ele>
        <time>2025-08-24T10:27:01.000Z</time>
        <extensions>
          <ns3:TrackPointExtension>
            <ns3:hr>136</ns3:hr>
          </ns3:TrackPointExtension>
        </extensions>
      </trkpt>
      <trkpt lat="46.54956378042697906494140625" lon="7.87372875027358531951904296875">
        <ele>1714.800048828125</ele>
        <time>2025-08-24T10:27:03.000Z</time>
        <extensions>
          <ns3:TrackPointExtension>
            <ns3:hr>136</ns3:hr>
          </ns3:TrackPointExtension>
        </extensions>
      </trkpt>
      <trkpt lat="46.54952933080494403839111328125" lon="7.8737390600144863128662109375">
        <ele>1713.5999755859375</ele>
        <time>2025-08-24T10:27:06.000Z</time>
        <extensions>
          <ns3:TrackPointExtension>
            <ns3:hr>136</ns3:hr>
          </ns3:TrackPointExtension>
        </extensions>
      </trkpt>
      <trkpt lat="46.54950988478958606719970703125" lon="7.8737400658428668975830078125">
        <ele>1713</ele>
        <time>2025-08-24T10:27:08.000Z</time>
        <extensions>
          <ns3:TrackPointExtension>
            <ns3:hr>136</ns3:hr>
          </ns3:TrackPointExtension>
        </extensions>
      </trkpt>
      <trkpt lat="46.54949965886771678924560546875" lon="7.8737417422235012054443359375">
        <ele>1712.4000244140625</ele>
        <time>2025-08-24T10:27:10.000Z</time>
        <extensions>
          <ns3:TrackPointExtension>
            <ns3:hr>135</ns3:hr>
          </ns3:TrackPointExtension>
        </extensions>
      </trkpt>
      <trkpt lat="46.54949605464935302734375" lon="7.87373964674770832061767578125">
        <ele>1712.199951171875</ele>
        <time>2025-08-24T10:27:12.000Z</time>
        <extensions>
          <ns3:TrackPointExtension>
            <ns3:hr>134</ns3:hr>
          </ns3:TrackPointExtension>
        </extensions>
      </trkpt>
      <trkpt lat="46.54949479736387729644775390625" lon="7.8737390600144863128662109375">
        <ele>1712.199951171875</ele>
        <time>2025-08-24T10:27:13.000Z</time>
        <extensions>
          <ns3:TrackPointExtension>
            <ns3:hr>134</ns3:hr>
          </ns3:TrackPointExtension>
        </extensions>
      </trkpt>
      <trkpt lat="46.5494818054139614105224609375" lon="7.87374333478510379791259765625">
        <ele>1712.199951171875</ele>
        <time>2025-08-24T10:27:19.000Z</time>
        <extensions>
          <ns3:TrackPointExtension>
            <ns3:hr>135</ns3:hr>
          </ns3:TrackPointExtension>
        </extensions>
      </trkpt>
      <trkpt lat="46.5494647063314914703369140625" lon="7.873737551271915435791015625">
        <ele>1712.199951171875</ele>
        <time>2025-08-24T10:27:25.000Z</time>
        <extensions>
          <ns3:TrackPointExtension>
            <ns3:hr>133</ns3:hr>
          </ns3:TrackPointExtension>
        </extensions>
      </trkpt>
      <trkpt lat="46.5494647063314914703369140625" lon="7.873737551271915435791015625">
        <ele>1712.4000244140625</ele>
        <time>2025-08-24T10:27:32.000Z</time>
        <extensions>
          <ns3:TrackPointExtension>
            <ns3:hr>130</ns3:hr>
          </ns3:TrackPointExtension>
        </extensions>
      </trkpt>
      <trkpt lat="46.5494647063314914703369140625" lon="7.873737551271915435791015625">
        <ele>1712.4000244140625</ele>
        <time>2025-08-24T10:27:36.000Z</time>
        <extensions>
          <ns3:TrackPointExtension>
            <ns3:hr>127</ns3:hr>
          </ns3:TrackPointExtension>
        </extensions>
      </trkpt>
      <trkpt lat="46.54946009628474712371826171875" lon="7.87373361177742481231689453125">
        <ele>1712</ele>
        <time>2025-08-24T10:27:45.000Z</time>
        <extensions>
          <ns3:TrackPointExtension>
            <ns3:hr>124</ns3:hr>
          </ns3:TrackPointExtension>
        </extensions>
      </trkpt>
      <trkpt lat="46.54939974658191204071044921875" lon="7.87373721599578857421875">
        <ele>1712.199951171875</ele>
        <time>2025-08-24T10:27:51.000Z</time>
        <extensions>
          <ns3:TrackPointExtension>
            <ns3:hr>122</ns3:hr>
          </ns3:TrackPointExtension>
        </extensions>
      </trkpt>
      <trkpt lat="46.5493064559996128082275390625" lon="7.87378926761448383331298828125">
        <ele>1713</ele>
        <time>2025-08-24T10:27:58.000Z</time>
        <extensions>
          <ns3:TrackPointExtension>
            <ns3:hr>123</ns3:hr>
          </ns3:TrackPointExtension>
        </extensions>
      </trkpt>
      <trkpt lat="46.54929824173450469970703125" lon="7.8737890161573886871337890625">
        <ele>1713.4000244140625</ele>
        <time>2025-08-24T10:28:00.000Z</time>
        <extensions>
          <ns3:TrackPointExtension>
            <ns3:hr>124</ns3:hr>
          </ns3:TrackPointExtension>
        </extensions>
      </trkpt>
      <trkpt lat="46.549295224249362945556640625" lon="7.87378557957708835601806640625">
        <ele>1713.5999755859375</ele>
        <time>2025-08-24T10:28:01.000Z</time>
        <extensions>
          <ns3:TrackPointExtension>
            <ns3:hr>124</ns3:hr>
          </ns3:TrackPointExtension>
        </extensions>
      </trkpt>
      <trkpt lat="46.54928793199360370635986328125" lon="7.873773761093616485595703125">
        <ele>1713.800048828125</ele>
        <time>2025-08-24T10:28:04.000Z</time>
        <extensions>
          <ns3:TrackPointExtension>
            <ns3:hr>124</ns3:hr>
          </ns3:TrackPointExtension>
        </extensions>
      </trkpt>
      <trkpt lat="46.54928491450846195220947265625" lon="7.873745597898960113525390625">
        <ele>1714.199951171875</ele>
        <time>2025-08-24T10:28:12.000Z</time>
        <extensions>
          <ns3:TrackPointExtension>
            <ns3:hr>124</ns3:hr>
          </ns3:TrackPointExtension>
        </extensions>
      </trkpt>
      <trkpt lat="46.5492893569171428680419921875" lon="7.873736210167407989501953125">
        <ele>1714.4000244140625</ele>
        <time>2025-08-24T10:28:13.000Z</time>
        <extensions>
          <ns3:TrackPointExtension>
            <ns3:hr>125</ns3:hr>
          </ns3:TrackPointExtension>
        </extensions>
      </trkpt>
      <trkpt lat="46.5492890216410160064697265625" lon="7.87369455210864543914794921875">
        <ele>1715</ele>
        <time>2025-08-24T10:28:17.000Z</time>
        <extensions>
          <ns3:TrackPointExtension>
            <ns3:hr>128</ns3:hr>
          </ns3:TrackPointExtension>
        </extensions>
      </trkpt>
      <trkpt lat="46.5492776222527027130126953125" lon="7.87368382327258586883544921875">
        <ele>1715.4000244140625</ele>
        <time>2025-08-24T10:28:19.000Z</time>
        <extensions>
          <ns3:TrackPointExtension>
            <ns3:hr>129</ns3:hr>
          </ns3:TrackPointExtension>
        </extensions>
      </trkpt>
      <trkpt lat="46.5492152608931064605712890625" lon="7.87368080578744411468505859375">
        <ele>1716.4000244140625</ele>
        <time>2025-08-24T10:28:25.000Z</time>
        <extensions>
          <ns3:TrackPointExtension>
            <ns3:hr>131</ns3:hr>
          </ns3:TrackPointExtension>
        </extensions>
      </trkpt>
      <trkpt lat="46.54920562170445919036865234375" lon="7.87368466146290302276611328125">
        <ele>1716.800048828125</ele>
        <time>2025-08-24T10:28:26.000Z</time>
        <extensions>
          <ns3:TrackPointExtension>
            <ns3:hr>132</ns3:hr>
          </ns3:TrackPointExtension>
        </extensions>
      </trkpt>
      <trkpt lat="46.549113504588603973388671875" lon="7.873724140226840972900390625">
        <ele>1717.5999755859375</ele>
        <time>2025-08-24T10:28:32.000Z</time>
        <extensions>
          <ns3:TrackPointExtension>
            <ns3:hr>132</ns3:hr>
          </ns3:TrackPointExtension>
        </extensions>
      </trkpt>
      <trkpt lat="46.54908676631748676300048828125" lon="7.87373210303485393524169921875">
        <ele>1717.800048828125</ele>
        <time>2025-08-24T10:28:34.000Z</time>
        <extensions>
          <ns3:TrackPointExtension>
            <ns3:hr>135</ns3:hr>
          </ns3:TrackPointExtension>
        </extensions>
      </trkpt>
      <trkpt lat="46.5490536577999591827392578125" lon="7.8737266547977924346923828125">
        <ele>1718.199951171875</ele>
        <time>2025-08-24T10:28:37.000Z</time>
        <extensions>
          <ns3:TrackPointExtension>
            <ns3:hr>138</ns3:hr>
          </ns3:TrackPointExtension>
        </extensions>
      </trkpt>
      <trkpt lat="46.5490432642400264739990234375" lon="7.8737305104732513427734375">
        <ele>1718.199951171875</ele>
        <time>2025-08-24T10:28:38.000Z</time>
        <extensions>
          <ns3:TrackPointExtension>
            <ns3:hr>141</ns3:hr>
          </ns3:TrackPointExtension>
        </extensions>
      </trkpt>
      <trkpt lat="46.54901082627475261688232421875" lon="7.87374551407992839813232421875">
        <ele>1718.800048828125</ele>
        <time>2025-08-24T10:28:41.000Z</time>
        <extensions>
          <ns3:TrackPointExtension>
            <ns3:hr>144</ns3:hr>
          </ns3:TrackPointExtension>
        </extensions>
      </trkpt>
      <trkpt lat="46.5489956550300121307373046875" lon="7.87375121377408504486083984375">
        <ele>1719.5999755859375</ele>
        <time>2025-08-24T10:28:43.000Z</time>
        <extensions>
          <ns3:TrackPointExtension>
            <ns3:hr>148</ns3:hr>
          </ns3:TrackPointExtension>
        </extensions>
      </trkpt>
      <trkpt lat="46.54897780157625675201416015625" lon="7.8737645410001277923583984375">
        <ele>1720</ele>
        <time>2025-08-24T10:28:45.000Z</time>
        <extensions>
          <ns3:TrackPointExtension>
            <ns3:hr>152</ns3:hr>
          </ns3:TrackPointExtension>
        </extensions>
      </trkpt>
      <trkpt lat="46.5489648096263408660888671875" lon="7.87377719767391681671142578125">
        <ele>1720.5999755859375</ele>
        <time>2025-08-24T10:28:47.000Z</time>
        <extensions>
          <ns3:TrackPointExtension>
            <ns3:hr>155</ns3:hr>
          </ns3:TrackPointExtension>
        </extensions>
      </trkpt>
      <trkpt lat="46.5489456988871097564697265625" lon="7.87380184046924114227294921875">
        <ele>1721.199951171875</ele>
        <time>2025-08-24T10:28:50.000Z</time>
        <extensions>
          <ns3:TrackPointExtension>
            <ns3:hr>156</ns3:hr>
          </ns3:TrackPointExtension>
        </extensions>
      </trkpt>
      <trkpt lat="46.548927091062068939208984375" lon="7.87381793372333049774169921875">
        <ele>1721.5999755859375</ele>
        <time>2025-08-24T10:28:53.000Z</time>
        <extensions>
          <ns3:TrackPointExtension>
            <ns3:hr>158</ns3:hr>
          </ns3:TrackPointExtension>
        </extensions>
      </trkpt>
      <trkpt lat="46.548919714987277984619140625" lon="7.87382648326456546783447265625">
        <ele>1721.5999755859375</ele>
        <time>2025-08-24T10:28:56.000Z</time>
        <extensions>
          <ns3:TrackPointExtension>
            <ns3:hr>159</ns3:hr>
          </ns3:TrackPointExtension>
        </extensions>
      </trkpt>
      <trkpt lat="46.5489094890654087066650390625" lon="7.873837463557720184326171875">
        <ele>1721.800048828125</ele>
        <time>2025-08-24T10:28:59.000Z</time>
        <extensions>
          <ns3:TrackPointExtension>
            <ns3:hr>160</ns3:hr>
          </ns3:TrackPointExtension>
        </extensions>
      </trkpt>
      <trkpt lat="46.5489031188189983367919921875" lon="7.87383754737675189971923828125">
        <ele>1722</ele>
        <time>2025-08-24T10:29:06.000Z</time>
        <extensions>
          <ns3:TrackPointExtension>
            <ns3:hr>160</ns3:hr>
          </ns3:TrackPointExtension>
        </extensions>
      </trkpt>
      <trkpt lat="46.54890219680964946746826171875" lon="7.87383788265287876129150390625">
        <ele>1721.800048828125</ele>
        <time>2025-08-24T10:29:13.000Z</time>
        <extensions>
          <ns3:TrackPointExtension>
            <ns3:hr>157</ns3:hr>
          </ns3:TrackPointExtension>
        </extensions>
      </trkpt>
      <trkpt lat="46.54890219680964946746826171875" lon="7.87383788265287876129150390625">
        <ele>1721.800048828125</ele>
        <time>2025-08-24T10:29:19.000Z</time>
        <extensions>
          <ns3:TrackPointExtension>
            <ns3:hr>154</ns3:hr>
          </ns3:TrackPointExtension>
        </extensions>
      </trkpt>
      <trkpt lat="46.54886581934988498687744140625" lon="7.873809970915317535400390625">
        <ele>1721.5999755859375</ele>
        <time>2025-08-24T10:29:23.000Z</time>
        <extensions>
          <ns3:TrackPointExtension>
            <ns3:hr>152</ns3:hr>
          </ns3:TrackPointExtension>
        </extensions>
      </trkpt>
      <trkpt lat="46.54877663590013980865478515625" lon="7.8737474419176578521728515625">
        <ele>1721.199951171875</ele>
        <time>2025-08-24T10:29:28.000Z</time>
        <extensions>
          <ns3:TrackPointExtension>
            <ns3:hr>149</ns3:hr>
          </ns3:TrackPointExtension>
        </extensions>
      </trkpt>
      <trkpt lat="46.54875509440898895263671875" lon="7.87371617741882801055908203125">
        <ele>1721.199951171875</ele>
        <time>2025-08-24T10:29:30.000Z</time>
        <extensions>
          <ns3:TrackPointExtension>
            <ns3:hr>148</ns3:hr>
          </ns3:TrackPointExtension>
        </extensions>
      </trkpt>
      <trkpt lat="46.5487747080624103546142578125" lon="7.873543761670589447021484375">
        <ele>1721.199951171875</ele>
        <time>2025-08-24T10:29:39.000Z</time>
        <extensions>
          <ns3:TrackPointExtension>
            <ns3:hr>147</ns3:hr>
          </ns3:TrackPointExtension>
        </extensions>
      </trkpt>
      <trkpt lat="46.54885861091315746307373046875" lon="7.87340001203119754791259765625">
        <ele>1721.4000244140625</ele>
        <time>2025-08-24T10:29:47.000Z</time>
        <extensions>
          <ns3:TrackPointExtension>
            <ns3:hr>145</ns3:hr>
          </ns3:TrackPointExtension>
        </extensions>
      </trkpt>
      <trkpt lat="46.54892968945205211639404296875" lon="7.87329859100282192230224609375">
        <ele>1721.5999755859375</ele>
        <time>2025-08-24T10:29:55.000Z</time>
        <extensions>
          <ns3:TrackPointExtension>
            <ns3:hr>142</ns3:hr>
          </ns3:TrackPointExtension>
        </extensions>
      </trkpt>
      <trkpt lat="46.54896841384470462799072265625" lon="7.873223237693309783935546875">
        <ele>1721.800048828125</ele>
        <time>2025-08-24T10:30:00.000Z</time>
        <extensions>
          <ns3:TrackPointExtension>
            <ns3:hr>139</ns3:hr>
          </ns3:TrackPointExtension>
        </extensions>
      </trkpt>
      <trkpt lat="46.54900194145739078521728515625" lon="7.87316783331334590911865234375">
        <ele>1722.199951171875</ele>
        <time>2025-08-24T10:30:03.000Z</time>
        <extensions>
          <ns3:TrackPointExtension>
            <ns3:hr>136</ns3:hr>
          </ns3:TrackPointExtension>
        </extensions>
      </trkpt>
      <trkpt lat="46.549012921750545501708984375" lon="7.87315341643989086151123046875">
        <ele>1722.4000244140625</ele>
        <time>2025-08-24T10:30:04.000Z</time>
        <extensions>
          <ns3:TrackPointExtension>
            <ns3:hr>136</ns3:hr>
          </ns3:TrackPointExtension>
        </extensions>
      </trkpt>
      <trkpt lat="46.54910914599895477294921875" lon="7.873014695942401885986328125">
        <ele>1723</ele>
        <time>2025-08-24T10:30:15.000Z</time>
        <extensions>
          <ns3:TrackPointExtension>
            <ns3:hr>136</ns3:hr>
          </ns3:TrackPointExtension>
        </extensions>
      </trkpt>
      <trkpt lat="46.54922976158559322357177734375" lon="7.87287077866494655609130859375">
        <ele>1723.199951171875</ele>
        <time>2025-08-24T10:30:25.000Z</time>
        <extensions>
          <ns3:TrackPointExtension>
            <ns3:hr>134</ns3:hr>
          </ns3:TrackPointExtension>
        </extensions>
      </trkpt>
      <trkpt lat="46.5492367185652256011962890625" lon="7.87285803817212581634521484375">
        <ele>1723.4000244140625</ele>
        <time>2025-08-24T10:30:26.000Z</time>
        <extensions>
          <ns3:TrackPointExtension>
            <ns3:hr>134</ns3:hr>
          </ns3:TrackPointExtension>
        </extensions>
      </trkpt>
      <trkpt lat="46.5492883510887622833251953125" lon="7.87278561852872371673583984375">
        <ele>1723.800048828125</ele>
        <time>2025-08-24T10:30:33.000Z</time>
        <extensions>
          <ns3:TrackPointExtension>
            <ns3:hr>133</ns3:hr>
          </ns3:TrackPointExtension>
        </extensions>
      </trkpt>
      <trkpt lat="46.5493312664330005645751953125" lon="7.87270255386829376220703125">
        <ele>1724.4000244140625</ele>
        <time>2025-08-24T10:30:40.000Z</time>
        <extensions>
          <ns3:TrackPointExtension>
            <ns3:hr>131</ns3:hr>
          </ns3:TrackPointExtension>
        </extensions>
      </trkpt>
      <trkpt lat="46.54933621175587177276611328125" lon="7.87269023247063159942626953125">
        <ele>1724.4000244140625</ele>
        <time>2025-08-24T10:30:41.000Z</time>
        <extensions>
          <ns3:TrackPointExtension>
            <ns3:hr>131</ns3:hr>
          </ns3:TrackPointExtension>
        </extensions>
      </trkpt>
      <trkpt lat="46.54939924366772174835205078125" lon="7.87254421971738338470458984375">
        <ele>1725.4000244140625</ele>
        <time>2025-08-24T10:30:52.000Z</time>
        <extensions>
          <ns3:TrackPointExtension>
            <ns3:hr>131</ns3:hr>
          </ns3:TrackPointExtension>
        </extensions>
      </trkpt>
      <trkpt lat="46.54943612404167652130126953125" lon="7.87243005819618701934814453125">
        <ele>1726</ele>
        <time>2025-08-24T10:31:01.000Z</time>
        <extensions>
          <ns3:TrackPointExtension>
            <ns3:hr>134</ns3:hr>
          </ns3:TrackPointExtension>
        </extensions>
      </trkpt>
      <trkpt lat="46.54947384260594844818115234375" lon="7.87236115895211696624755859375">
        <ele>1726.4000244140625</ele>
        <time>2025-08-24T10:31:07.000Z</time>
        <extensions>
          <ns3:TrackPointExtension>
            <ns3:hr>131</ns3:hr>
          </ns3:TrackPointExtension>
        </extensions>
      </trkpt>
      <trkpt lat="46.5494935400784015655517578125" lon="7.8722879849374294281005859375">
        <ele>1727</ele>
        <time>2025-08-24T10:31:12.000Z</time>
        <extensions>
          <ns3:TrackPointExtension>
            <ns3:hr>134</ns3:hr>
          </ns3:TrackPointExtension>
        </extensions>
      </trkpt>
      <trkpt lat="46.54952513985335826873779296875" lon="7.87220005877315998077392578125">
        <ele>1727.5999755859375</ele>
        <time>2025-08-24T10:31:18.000Z</time>
        <extensions>
          <ns3:TrackPointExtension>
            <ns3:hr>135</ns3:hr>
          </ns3:TrackPointExtension>
        </extensions>
      </trkpt>
      <trkpt lat="46.54953637160360813140869140625" lon="7.87217457778751850128173828125">
        <ele>1728</ele>
        <time>2025-08-24T10:31:20.000Z</time>
        <extensions>
          <ns3:TrackPointExtension>
            <ns3:hr>136</ns3:hr>
          </ns3:TrackPointExtension>
        </extensions>
      </trkpt>
      <trkpt lat="46.54954860918223857879638671875" lon="7.87211070768535137176513671875">
        <ele>1728.4000244140625</ele>
        <time>2025-08-24T10:31:25.000Z</time>
        <extensions>
          <ns3:TrackPointExtension>
            <ns3:hr>139</ns3:hr>
          </ns3:TrackPointExtension>
        </extensions>
      </trkpt>
      <trkpt lat="46.5495931170880794525146484375" lon="7.8720581531524658203125">
        <ele>1728.5999755859375</ele>
        <time>2025-08-24T10:31:30.000Z</time>
        <extensions>
          <ns3:TrackPointExtension>
            <ns3:hr>139</ns3:hr>
          </ns3:TrackPointExtension>
        </extensions>
      </trkpt>
      <trkpt lat="46.54961113817989826202392578125" lon="7.87204273045063018798828125">
        <ele>1728.5999755859375</ele>
        <time>2025-08-24T10:31:32.000Z</time>
        <extensions>
          <ns3:TrackPointExtension>
            <ns3:hr>140</ns3:hr>
          </ns3:TrackPointExtension>
        </extensions>
      </trkpt>
      <trkpt lat="46.549686491489410400390625" lon="7.87193410098552703857421875">
        <ele>1729.199951171875</ele>
        <time>2025-08-24T10:31:40.000Z</time>
        <extensions>
          <ns3:TrackPointExtension>
            <ns3:hr>139</ns3:hr>
          </ns3:TrackPointExtension>
        </extensions>
      </trkpt>
      <trkpt lat="46.5497366152703762054443359375" lon="7.87185505963861942291259765625">
        <ele>1729.800048828125</ele>
        <time>2025-08-24T10:31:47.000Z</time>
        <extensions>
          <ns3:TrackPointExtension>
            <ns3:hr>141</ns3:hr>
          </ns3:TrackPointExtension>
        </extensions>
      </trkpt>
      <trkpt lat="46.549742482602596282958984375" lon="7.87184215150773525238037109375">
        <ele>1729.800048828125</ele>
        <time>2025-08-24T10:31:48.000Z</time>
        <extensions>
          <ns3:TrackPointExtension>
            <ns3:hr>139</ns3:hr>
          </ns3:TrackPointExtension>
        </extensions>
      </trkpt>
      <trkpt lat="46.54977592639625072479248046875" lon="7.871751375496387481689453125">
        <ele>1730.800048828125</ele>
        <time>2025-08-24T10:31:57.000Z</time>
        <extensions>
          <ns3:TrackPointExtension>
            <ns3:hr>139</ns3:hr>
          </ns3:TrackPointExtension>
        </extensions>
      </trkpt>
      <trkpt lat="46.54977777041494846343994140625" lon="7.871745340526103973388671875">
        <ele>1730.800048828125</ele>
        <time>2025-08-24T10:31:58.000Z</time>
        <extensions>
          <ns3:TrackPointExtension>
            <ns3:hr>139</ns3:hr>
          </ns3:TrackPointExtension>
        </extensions>
      </trkpt>
      <trkpt lat="46.54978129081428050994873046875" lon="7.87174374796450138092041015625">
        <ele>1730.800048828125</ele>
        <time>2025-08-24T10:31:59.000Z</time>
        <extensions>
          <ns3:TrackPointExtension>
            <ns3:hr>139</ns3:hr>
          </ns3:TrackPointExtension>
        </extensions>
      </trkpt>
      <trkpt lat="46.549791432917118072509765625" lon="7.8717381320893764495849609375">
        <ele>1730.800048828125</ele>
        <time>2025-08-24T10:32:01.000Z</time>
        <extensions>
          <ns3:TrackPointExtension>
            <ns3:hr>139</ns3:hr>
          </ns3:TrackPointExtension>
        </extensions>
      </trkpt>
      <trkpt lat="46.54980308376252651214599609375" lon="7.8717354498803615570068359375">
        <ele>1730.800048828125</ele>
        <time>2025-08-24T10:32:03.000Z</time>
        <extensions>
          <ns3:TrackPointExtension>
            <ns3:hr>140</ns3:hr>
          </ns3:TrackPointExtension>
        </extensions>
      </trkpt>
      <trkpt lat="46.5498214401304721832275390625" lon="7.871727906167507171630859375">
        <ele>1730.4000244140625</ele>
        <time>2025-08-24T10:32:05.000Z</time>
        <extensions>
          <ns3:TrackPointExtension>
            <ns3:hr>140</ns3:hr>
          </ns3:TrackPointExtension>
        </extensions>
      </trkpt>
      <trkpt lat="46.5498422272503376007080078125" lon="7.87172220647335052490234375">
        <ele>1729.800048828125</ele>
        <time>2025-08-24T10:32:08.000Z</time>
        <extensions>
          <ns3:TrackPointExtension>
            <ns3:hr>140</ns3:hr>
          </ns3:TrackPointExtension>
        </extensions>
      </trkpt>
      <trkpt lat="46.54987684451043605804443359375" lon="7.8717649541795253753662109375">
        <ele>1729.4000244140625</ele>
        <time>2025-08-24T10:32:13.000Z</time>
        <extensions>
          <ns3:TrackPointExtension>
            <ns3:hr>140</ns3:hr>
          </ns3:TrackPointExtension>
        </extensions>
      </trkpt>
      <trkpt lat="46.54991188086569309234619140625" lon="7.87180359475314617156982421875">
        <ele>1728.5999755859375</ele>
        <time>2025-08-24T10:32:18.000Z</time>
        <extensions>
          <ns3:TrackPointExtension>
            <ns3:hr>140</ns3:hr>
          </ns3:TrackPointExtension>
        </extensions>
      </trkpt>
      <trkpt lat="46.54992227442562580108642578125" lon="7.8718333505094051361083984375">
        <ele>1728.5999755859375</ele>
        <time>2025-08-24T10:32:20.000Z</time>
        <extensions>
          <ns3:TrackPointExtension>
            <ns3:hr>136</ns3:hr>
          </ns3:TrackPointExtension>
        </extensions>
      </trkpt>
      <trkpt lat="46.54993736185133457183837890625" lon="7.8718735836446285247802734375">
        <ele>1728.800048828125</ele>
        <time>2025-08-24T10:32:23.000Z</time>
        <extensions>
          <ns3:TrackPointExtension>
            <ns3:hr>133</ns3:hr>
          </ns3:TrackPointExtension>
        </extensions>
      </trkpt>
      <trkpt lat="46.5499481745064258575439453125" lon="7.8718797862529754638671875">
        <ele>1729</ele>
        <time>2025-08-24T10:32:24.000Z</time>
        <extensions>
          <ns3:TrackPointExtension>
            <ns3:hr>132</ns3:hr>
          </ns3:TrackPointExtension>
        </extensions>
      </trkpt>
      <trkpt lat="46.54998564161360263824462890625" lon="7.871894873678684234619140625">
        <ele>1729.5999755859375</ele>
        <time>2025-08-24T10:32:28.000Z</time>
        <extensions>
          <ns3:TrackPointExtension>
            <ns3:hr>132</ns3:hr>
          </ns3:TrackPointExtension>
        </extensions>
      </trkpt>
      <trkpt lat="46.54999787919223308563232421875" lon="7.8718905150890350341796875">
        <ele>1729.800048828125</ele>
        <time>2025-08-24T10:32:29.000Z</time>
        <extensions>
          <ns3:TrackPointExtension>
            <ns3:hr>130</ns3:hr>
          </ns3:TrackPointExtension>
        </extensions>
      </trkpt>
      <trkpt lat="46.550008691847324371337890625" lon="7.871882803738117218017578125">
        <ele>1730.199951171875</ele>
        <time>2025-08-24T10:32:32.000Z</time>
        <extensions>
          <ns3:TrackPointExtension>
            <ns3:hr>132</ns3:hr>
          </ns3:TrackPointExtension>
        </extensions>
      </trkpt>
      <trkpt lat="46.55000827275216579437255859375" lon="7.87188288755714893341064453125">
        <ele>1730.199951171875</ele>
        <time>2025-08-24T10:32:34.000Z</time>
        <extensions>
          <ns3:TrackPointExtension>
            <ns3:hr>133</ns3:hr>
          </ns3:TrackPointExtension>
        </extensions>
      </trkpt>
      <trkpt lat="46.550008021295070648193359375" lon="7.87188372574746608734130859375">
        <ele>1730.199951171875</ele>
        <time>2025-08-24T10:32:50.000Z</time>
        <extensions>
          <ns3:TrackPointExtension>
            <ns3:hr>133</ns3:hr>
          </ns3:TrackPointExtension>
        </extensions>
      </trkpt>
      <trkpt lat="46.5500202588737010955810546875" lon="7.8717445023357868194580078125">
        <ele>1731</ele>
        <time>2025-08-24T10:32:57.000Z</time>
        <extensions>
          <ns3:TrackPointExtension>
            <ns3:hr>134</ns3:hr>
          </ns3:TrackPointExtension>
        </extensions>
      </trkpt>
      <trkpt lat="46.5500249527394771575927734375" lon="7.8717284090816974639892578125">
        <ele>1731</ele>
        <time>2025-08-24T10:32:58.000Z</time>
        <extensions>
          <ns3:TrackPointExtension>
            <ns3:hr>134</ns3:hr>
          </ns3:TrackPointExtension>
        </extensions>
      </trkpt>
      <trkpt lat="46.55004850588738918304443359375" lon="7.87169781513512134552001953125">
        <ele>1731.5999755859375</ele>
        <time>2025-08-24T10:33:05.000Z</time>
        <extensions>
          <ns3:TrackPointExtension>
            <ns3:hr>135</ns3:hr>
          </ns3:TrackPointExtension>
        </extensions>
      </trkpt>
      <trkpt lat="46.55005236156284809112548828125" lon="7.871699742972850799560546875">
        <ele>1731.800048828125</ele>
        <time>2025-08-24T10:33:12.000Z</time>
        <extensions>
          <ns3:TrackPointExtension>
            <ns3:hr>132</ns3:hr>
          </ns3:TrackPointExtension>
        </extensions>
      </trkpt>
      <trkpt lat="46.550069041550159454345703125" lon="7.8716878406703472137451171875">
        <ele>1732</ele>
        <time>2025-08-24T10:33:17.000Z</time>
        <extensions>
          <ns3:TrackPointExtension>
            <ns3:hr>132</ns3:hr>
          </ns3:TrackPointExtension>
        </extensions>
      </trkpt>
      <trkpt lat="46.550099886953830718994140625" lon="7.87167317233979701995849609375">
        <ele>1732.199951171875</ele>
        <time>2025-08-24T10:33:20.000Z</time>
        <extensions>
          <ns3:TrackPointExtension>
            <ns3:hr>131</ns3:hr>
          </ns3:TrackPointExtension>
        </extensions>
      </trkpt>
      <trkpt lat="46.550172306597232818603515625" lon="7.87167065776884555816650390625">
        <ele>1733</ele>
        <time>2025-08-24T10:33:27.000Z</time>
        <extensions>
          <ns3:TrackPointExtension>
            <ns3:hr>134</ns3:hr>
          </ns3:TrackPointExtension>
        </extensions>
      </trkpt>
      <trkpt lat="46.5501805208623409271240234375" lon="7.87166847847402095794677734375">
        <ele>1733</ele>
        <time>2025-08-24T10:33:28.000Z</time>
        <extensions>
          <ns3:TrackPointExtension>
            <ns3:hr>133</ns3:hr>
          </ns3:TrackPointExtension>
        </extensions>
      </trkpt>
      <trkpt lat="46.55020072124898433685302734375" lon="7.87166395224630832672119140625">
        <ele>1733.5999755859375</ele>
        <time>2025-08-24T10:33:34.000Z</time>
        <extensions>
          <ns3:TrackPointExtension>
            <ns3:hr>131</ns3:hr>
          </ns3:TrackPointExtension>
        </extensions>
      </trkpt>
      <trkpt lat="46.55023525469005107879638671875" lon="7.8717089630663394927978515625">
        <ele>1733.800048828125</ele>
        <time>2025-08-24T10:33:42.000Z</time>
        <extensions>
          <ns3:TrackPointExtension>
            <ns3:hr>132</ns3:hr>
          </ns3:TrackPointExtension>
        </extensions>
      </trkpt>
      <trkpt lat="46.5502519346773624420166015625" lon="7.8717277385294437408447265625">
        <ele>1734</ele>
        <time>2025-08-24T10:33:44.000Z</time>
        <extensions>
          <ns3:TrackPointExtension>
            <ns3:hr>133</ns3:hr>
          </ns3:TrackPointExtension>
        </extensions>
      </trkpt>
      <trkpt lat="46.5502847917377948760986328125" lon="7.87174232304096221923828125">
        <ele>1735.199951171875</ele>
        <time>2025-08-24T10:33:48.000Z</time>
        <extensions>
          <ns3:TrackPointExtension>
            <ns3:hr>133</ns3:hr>
          </ns3:TrackPointExtension>
        </extensions>
      </trkpt>
      <trkpt lat="46.55029459856450557708740234375" lon="7.87174341268837451934814453125">
        <ele>1735.4000244140625</ele>
        <time>2025-08-24T10:33:49.000Z</time>
        <extensions>
          <ns3:TrackPointExtension>
            <ns3:hr>133</ns3:hr>
          </ns3:TrackPointExtension>
        </extensions>
      </trkpt>
      <trkpt lat="46.5503324009478092193603515625" lon="7.87175330333411693572998046875">
        <ele>1736.4000244140625</ele>
        <time>2025-08-24T10:33:53.000Z</time>
        <extensions>
          <ns3:TrackPointExtension>
            <ns3:hr>133</ns3:hr>
          </ns3:TrackPointExtension>
        </extensions>
      </trkpt>
      <trkpt lat="46.55036450363695621490478515625" lon="7.8717542253434658050537109375">
        <ele>1737</ele>
        <time>2025-08-24T10:33:56.000Z</time>
        <extensions>
          <ns3:TrackPointExtension>
            <ns3:hr>136</ns3:hr>
          </ns3:TrackPointExtension>
        </extensions>
      </trkpt>
      <trkpt lat="46.5503867156803607940673828125" lon="7.8717537224292755126953125">
        <ele>1737.5999755859375</ele>
        <time>2025-08-24T10:33:59.000Z</time>
        <extensions>
          <ns3:TrackPointExtension>
            <ns3:hr>139</ns3:hr>
          </ns3:TrackPointExtension>
        </extensions>
      </trkpt>
      <trkpt lat="46.55039149336516857147216796875" lon="7.87175280041992664337158203125">
        <ele>1737.800048828125</ele>
        <time>2025-08-24T10:34:00.000Z</time>
        <extensions>
          <ns3:TrackPointExtension>
            <ns3:hr>139</ns3:hr>
          </ns3:TrackPointExtension>
        </extensions>
      </trkpt>
      <trkpt lat="46.55040909536182880401611328125" lon="7.87174542434513568878173828125">
        <ele>1738.199951171875</ele>
        <time>2025-08-24T10:34:03.000Z</time>
        <extensions>
          <ns3:TrackPointExtension>
            <ns3:hr>142</ns3:hr>
          </ns3:TrackPointExtension>
        </extensions>
      </trkpt>
      <trkpt lat="46.55042083002626895904541015625" lon="7.8717267327010631561279296875">
        <ele>1738.5999755859375</ele>
        <time>2025-08-24T10:34:05.000Z</time>
        <extensions>
          <ns3:TrackPointExtension>
            <ns3:hr>143</ns3:hr>
          </ns3:TrackPointExtension>
        </extensions>
      </trkpt>
      <trkpt lat="46.55043440870940685272216796875" lon="7.8717069514095783233642578125">
        <ele>1739</ele>
        <time>2025-08-24T10:34:07.000Z</time>
        <extensions>
          <ns3:TrackPointExtension>
            <ns3:hr>145</ns3:hr>
          </ns3:TrackPointExtension>
        </extensions>
      </trkpt>
      <trkpt lat="46.5504430420696735382080078125" lon="7.87169915623962879180908203125">
        <ele>1739.5999755859375</ele>
        <time>2025-08-24T10:34:12.000Z</time>
        <extensions>
          <ns3:TrackPointExtension>
            <ns3:hr>145</ns3:hr>
          </ns3:TrackPointExtension>
        </extensions>
      </trkpt>
      <trkpt lat="46.55045486055314540863037109375" lon="7.8716999106109142303466796875">
        <ele>1739.800048828125</ele>
        <time>2025-08-24T10:34:16.000Z</time>
        <extensions>
          <ns3:TrackPointExtension>
            <ns3:hr>147</ns3:hr>
          </ns3:TrackPointExtension>
        </extensions>
      </trkpt>
      <trkpt lat="46.5504634939134120941162109375" lon="7.87168323062360286712646484375">
        <ele>1740.199951171875</ele>
        <time>2025-08-24T10:34:22.000Z</time>
        <extensions>
          <ns3:TrackPointExtension>
            <ns3:hr>150</ns3:hr>
          </ns3:TrackPointExtension>
        </extensions>
      </trkpt>
      <trkpt lat="46.55047011561691761016845703125" lon="7.8716787882149219512939453125">
        <ele>1740.199951171875</ele>
        <time>2025-08-24T10:34:24.000Z</time>
        <extensions>
          <ns3:TrackPointExtension>
            <ns3:hr>150</ns3:hr>
          </ns3:TrackPointExtension>
        </extensions>
      </trkpt>
      <trkpt lat="46.5504856221377849578857421875" lon="7.87166948430240154266357421875">
        <ele>1740.800048828125</ele>
        <time>2025-08-24T10:34:28.000Z</time>
        <extensions>
          <ns3:TrackPointExtension>
            <ns3:hr>150</ns3:hr>
          </ns3:TrackPointExtension>
        </extensions>
      </trkpt>
      <trkpt lat="46.55050280503928661346435546875" lon="7.87165649235248565673828125">
        <ele>1741.800048828125</ele>
        <time>2025-08-24T10:34:32.000Z</time>
        <extensions>
          <ns3:TrackPointExtension>
            <ns3:hr>149</ns3:hr>
          </ns3:TrackPointExtension>
        </extensions>
      </trkpt>
      <trkpt lat="46.550504900515079498291015625" lon="7.87165489979088306427001953125">
        <ele>1742</ele>
        <time>2025-08-24T10:34:33.000Z</time>
        <extensions>
          <ns3:TrackPointExtension>
            <ns3:hr>150</ns3:hr>
          </ns3:TrackPointExtension>
        </extensions>
      </trkpt>
      <trkpt lat="46.5505285374820232391357421875" lon="7.87164802663028240203857421875">
        <ele>1742.4000244140625</ele>
        <time>2025-08-24T10:34:39.000Z</time>
        <extensions>
          <ns3:TrackPointExtension>
            <ns3:hr>153</ns3:hr>
          </ns3:TrackPointExtension>
        </extensions>
      </trkpt>
      <trkpt lat="46.55053616501390933990478515625" lon="7.8716357052326202392578125">
        <ele>1742.800048828125</ele>
        <time>2025-08-24T10:34:41.000Z</time>
        <extensions>
          <ns3:TrackPointExtension>
            <ns3:hr>156</ns3:hr>
          </ns3:TrackPointExtension>
        </extensions>
      </trkpt>
      <trkpt lat="46.55053717084228992462158203125" lon="7.87163126282393932342529296875">
        <ele>1743</ele>
        <time>2025-08-24T10:34:42.000Z</time>
        <extensions>
          <ns3:TrackPointExtension>
            <ns3:hr>156</ns3:hr>
          </ns3:TrackPointExtension>
        </extensions>
      </trkpt>
      <trkpt lat="46.550572626292705535888671875" lon="7.87158415652811527252197265625">
        <ele>1743.800048828125</ele>
        <time>2025-08-24T10:34:47.000Z</time>
        <extensions>
          <ns3:TrackPointExtension>
            <ns3:hr>156</ns3:hr>
          </ns3:TrackPointExtension>
        </extensions>
      </trkpt>
      <trkpt lat="46.55057690106332302093505859375" lon="7.87158139050006866455078125">
        <ele>1744</ele>
        <time>2025-08-24T10:34:48.000Z</time>
        <extensions>
          <ns3:TrackPointExtension>
            <ns3:hr>156</ns3:hr>
          </ns3:TrackPointExtension>
        </extensions>
      </trkpt>
      <trkpt lat="46.55061981640756130218505859375" lon="7.8715668059885501861572265625">
        <ele>1745.4000244140625</ele>
        <time>2025-08-24T10:34:54.000Z</time>
        <extensions>
          <ns3:TrackPointExtension>
            <ns3:hr>155</ns3:hr>
          </ns3:TrackPointExtension>
        </extensions>
      </trkpt>
      <trkpt lat="46.55062719248235225677490234375" lon="7.8715632855892181396484375">
        <ele>1745.5999755859375</ele>
        <time>2025-08-24T10:34:55.000Z</time>
        <extensions>
          <ns3:TrackPointExtension>
            <ns3:hr>155</ns3:hr>
          </ns3:TrackPointExtension>
        </extensions>
      </trkpt>
      <trkpt lat="46.550639681518077850341796875" lon="7.8715389780700206756591796875">
        <ele>1746.5999755859375</ele>
        <time>2025-08-24T10:34:58.000Z</time>
        <extensions>
          <ns3:TrackPointExtension>
            <ns3:hr>157</ns3:hr>
          </ns3:TrackPointExtension>
        </extensions>
      </trkpt>
      <trkpt lat="46.550641357898712158203125" lon="7.87152615375816822052001953125">
        <ele>1746.800048828125</ele>
        <time>2025-08-24T10:34:59.000Z</time>
        <extensions>
          <ns3:TrackPointExtension>
            <ns3:hr>158</ns3:hr>
          </ns3:TrackPointExtension>
        </extensions>
      </trkpt>
      <trkpt lat="46.55064613558351993560791015625" lon="7.8715081326663494110107421875">
        <ele>1747.4000244140625</ele>
        <time>2025-08-24T10:35:01.000Z</time>
        <extensions>
          <ns3:TrackPointExtension>
            <ns3:hr>159</ns3:hr>
          </ns3:TrackPointExtension>
        </extensions>
      </trkpt>
      <trkpt lat="46.55064873397350311279296875" lon="7.87147946655750274658203125">
        <ele>1747.800048828125</ele>
        <time>2025-08-24T10:35:03.000Z</time>
        <extensions>
          <ns3:TrackPointExtension>
            <ns3:hr>163</ns3:hr>
          </ns3:TrackPointExtension>
        </extensions>
      </trkpt>
      <trkpt lat="46.5506480634212493896484375" lon="7.87145205773413181304931640625">
        <ele>1748</ele>
        <time>2025-08-24T10:35:05.000Z</time>
        <extensions>
          <ns3:TrackPointExtension>
            <ns3:hr>166</ns3:hr>
          </ns3:TrackPointExtension>
        </extensions>
      </trkpt>
      <trkpt lat="46.5506453812122344970703125" lon="7.871444262564182281494140625">
        <ele>1748.4000244140625</ele>
        <time>2025-08-24T10:35:08.000Z</time>
        <extensions>
          <ns3:TrackPointExtension>
            <ns3:hr>169</ns3:hr>
          </ns3:TrackPointExtension>
        </extensions>
      </trkpt>
      <trkpt lat="46.55064546503126621246337890625" lon="7.8714427538216114044189453125">
        <ele>1748.5999755859375</ele>
        <time>2025-08-24T10:35:09.000Z</time>
        <extensions>
          <ns3:TrackPointExtension>
            <ns3:hr>169</ns3:hr>
          </ns3:TrackPointExtension>
        </extensions>
      </trkpt>
      <trkpt lat="46.550643704831600189208984375" lon="7.8714400716125965118408203125">
        <ele>1748.5999755859375</ele>
        <time>2025-08-24T10:35:10.000Z</time>
        <extensions>
          <ns3:TrackPointExtension>
            <ns3:hr>169</ns3:hr>
          </ns3:TrackPointExtension>
        </extensions>
      </trkpt>
      <trkpt lat="46.550645716488361358642578125" lon="7.8714424185454845428466796875">
        <ele>1748.5999755859375</ele>
        <time>2025-08-24T10:35:12.000Z</time>
        <extensions>
          <ns3:TrackPointExtension>
            <ns3:hr>169</ns3:hr>
          </ns3:TrackPointExtension>
        </extensions>
      </trkpt>
      <trkpt lat="46.55064404010772705078125" lon="7.87143780849874019622802734375">
        <ele>1748.4000244140625</ele>
        <time>2025-08-24T10:35:16.000Z</time>
        <extensions>
          <ns3:TrackPointExtension>
            <ns3:hr>169</ns3:hr>
          </ns3:TrackPointExtension>
        </extensions>
      </trkpt>
      <trkpt lat="46.550645716488361358642578125" lon="7.8714103996753692626953125">
        <ele>1748.800048828125</ele>
        <time>2025-08-24T10:35:20.000Z</time>
        <extensions>
          <ns3:TrackPointExtension>
            <ns3:hr>169</ns3:hr>
          </ns3:TrackPointExtension>
        </extensions>
      </trkpt>
      <trkpt lat="46.55064068734645843505859375" lon="7.871395647525787353515625">
        <ele>1749.199951171875</ele>
        <time>2025-08-24T10:35:23.000Z</time>
        <extensions>
          <ns3:TrackPointExtension>
            <ns3:hr>169</ns3:hr>
          </ns3:TrackPointExtension>
        </extensions>
      </trkpt>
      <trkpt lat="46.55067396350204944610595703125" lon="7.87135650403797626495361328125">
        <ele>1750</ele>
        <time>2025-08-24T10:35:29.000Z</time>
        <extensions>
          <ns3:TrackPointExtension>
            <ns3:hr>167</ns3:hr>
          </ns3:TrackPointExtension>
        </extensions>
      </trkpt>
      <trkpt lat="46.5506854467093944549560546875" lon="7.87134326063096523284912109375">
        <ele>1750.199951171875</ele>
        <time>2025-08-24T10:35:34.000Z</time>
        <extensions>
          <ns3:TrackPointExtension>
            <ns3:hr>164</ns3:hr>
          </ns3:TrackPointExtension>
        </extensions>
      </trkpt>
      <trkpt lat="46.55068737454712390899658203125" lon="7.87134074606001377105712890625">
        <ele>1750.199951171875</ele>
        <time>2025-08-24T10:35:36.000Z</time>
        <extensions>
          <ns3:TrackPointExtension>
            <ns3:hr>162</ns3:hr>
          </ns3:TrackPointExtension>
        </extensions>
      </trkpt>
      <trkpt lat="46.550688631832599639892578125" lon="7.8713374771177768707275390625">
        <ele>1750.199951171875</ele>
        <time>2025-08-24T10:35:39.000Z</time>
        <extensions>
          <ns3:TrackPointExtension>
            <ns3:hr>159</ns3:hr>
          </ns3:TrackPointExtension>
        </extensions>
      </trkpt>
      <trkpt lat="46.55069164931774139404296875" lon="7.871338985860347747802734375">
        <ele>1750.800048828125</ele>
        <time>2025-08-24T10:35:47.000Z</time>
        <extensions>
          <ns3:TrackPointExtension>
            <ns3:hr>158</ns3:hr>
          </ns3:TrackPointExtension>
        </extensions>
      </trkpt>
      <trkpt lat="46.55070162378251552581787109375" lon="7.8713433444499969482421875">
        <ele>1751</ele>
        <time>2025-08-24T10:35:48.000Z</time>
        <extensions>
          <ns3:TrackPointExtension>
            <ns3:hr>157</ns3:hr>
          </ns3:TrackPointExtension>
        </extensions>
      </trkpt>
      <trkpt lat="46.5507327206432819366455078125" lon="7.87133588455617427825927734375">
        <ele>1752</ele>
        <time>2025-08-24T10:35:52.000Z</time>
        <extensions>
          <ns3:TrackPointExtension>
            <ns3:hr>154</ns3:hr>
          </ns3:TrackPointExtension>
        </extensions>
      </trkpt>
      <trkpt lat="46.5507535077631473541259765625" lon="7.8713277541100978851318359375">
        <ele>1752.199951171875</ele>
        <time>2025-08-24T10:35:53.000Z</time>
        <extensions>
          <ns3:TrackPointExtension>
            <ns3:hr>153</ns3:hr>
          </ns3:TrackPointExtension>
        </extensions>
      </trkpt>
      <trkpt lat="46.55076381750404834747314453125" lon="7.87132515572011470794677734375">
        <ele>1752.199951171875</ele>
        <time>2025-08-24T10:35:54.000Z</time>
        <extensions>
          <ns3:TrackPointExtension>
            <ns3:hr>152</ns3:hr>
          </ns3:TrackPointExtension>
        </extensions>
      </trkpt>
      <trkpt lat="46.55078259296715259552001953125" lon="7.871305458247661590576171875">
        <ele>1753.199951171875</ele>
        <time>2025-08-24T10:35:58.000Z</time>
        <extensions>
          <ns3:TrackPointExtension>
            <ns3:hr>152</ns3:hr>
          </ns3:TrackPointExtension>
        </extensions>
      </trkpt>
      <trkpt lat="46.5507863648235797882080078125" lon="7.87130017764866352081298828125">
        <ele>1753.5999755859375</ele>
        <time>2025-08-24T10:36:00.000Z</time>
        <extensions>
          <ns3:TrackPointExtension>
            <ns3:hr>151</ns3:hr>
          </ns3:TrackPointExtension>
        </extensions>
      </trkpt>
      <trkpt lat="46.55079432763159275054931640625" lon="7.87129816599190235137939453125">
        <ele>1754</ele>
        <time>2025-08-24T10:36:06.000Z</time>
        <extensions>
          <ns3:TrackPointExtension>
            <ns3:hr>150</ns3:hr>
          </ns3:TrackPointExtension>
        </extensions>
      </trkpt>
      <trkpt lat="46.5507937408983707427978515625" lon="7.87129699252545833587646484375">
        <ele>1754.4000244140625</ele>
        <time>2025-08-24T10:36:08.000Z</time>
        <extensions>
          <ns3:TrackPointExtension>
            <ns3:hr>151</ns3:hr>
          </ns3:TrackPointExtension>
        </extensions>
      </trkpt>
      <trkpt lat="46.5507937408983707427978515625" lon="7.87129699252545833587646484375">
        <ele>1754</ele>
        <time>2025-08-24T10:36:13.000Z</time>
        <extensions>
          <ns3:TrackPointExtension>
            <ns3:hr>154</ns3:hr>
          </ns3:TrackPointExtension>
        </extensions>
      </trkpt>
      <trkpt lat="46.5507937408983707427978515625" lon="7.87129699252545833587646484375">
        <ele>1754</ele>
        <time>2025-08-24T10:36:16.000Z</time>
        <extensions>
          <ns3:TrackPointExtension>
            <ns3:hr>157</ns3:hr>
          </ns3:TrackPointExtension>
        </extensions>
      </trkpt>
      <trkpt lat="46.5507937408983707427978515625" lon="7.87129699252545833587646484375">
        <ele>1753.800048828125</ele>
        <time>2025-08-24T10:36:20.000Z</time>
        <extensions>
          <ns3:TrackPointExtension>
            <ns3:hr>157</ns3:hr>
          </ns3:TrackPointExtension>
        </extensions>
      </trkpt>
      <trkpt lat="46.5507984347641468048095703125" lon="7.87129531614482402801513671875">
        <ele>1753.800048828125</ele>
        <time>2025-08-24T10:36:39.000Z</time>
        <extensions>
          <ns3:TrackPointExtension>
            <ns3:hr>154</ns3:hr>
          </ns3:TrackPointExtension>
        </extensions>
      </trkpt>
      <trkpt lat="46.55080136843025684356689453125" lon="7.8712952323257923126220703125">
        <ele>1753.800048828125</ele>
        <time>2025-08-24T10:36:45.000Z</time>
        <extensions>
          <ns3:TrackPointExtension>
            <ns3:hr>151</ns3:hr>
          </ns3:TrackPointExtension>
        </extensions>
      </trkpt>
      <trkpt lat="46.55080589465796947479248046875" lon="7.87129665724933147430419921875">
        <ele>1754</ele>
        <time>2025-08-24T10:36:48.000Z</time>
        <extensions>
          <ns3:TrackPointExtension>
            <ns3:hr>154</ns3:hr>
          </ns3:TrackPointExtension>
        </extensions>
      </trkpt>
      <trkpt lat="46.55080622993409633636474609375" lon="7.87129749543964862823486328125">
        <ele>1754</ele>
        <time>2025-08-24T10:36:49.000Z</time>
        <extensions>
          <ns3:TrackPointExtension>
            <ns3:hr>151</ns3:hr>
          </ns3:TrackPointExtension>
        </extensions>
      </trkpt>
      <trkpt lat="46.55080690048635005950927734375" lon="7.871298752725124359130859375">
        <ele>1754.4000244140625</ele>
        <time>2025-08-24T10:36:52.000Z</time>
        <extensions>
          <ns3:TrackPointExtension>
            <ns3:hr>148</ns3:hr>
          </ns3:TrackPointExtension>
        </extensions>
      </trkpt>
      <trkpt lat="46.55080690048635005950927734375" lon="7.87130252458155155181884765625">
        <ele>1754.199951171875</ele>
        <time>2025-08-24T10:36:55.000Z</time>
        <extensions>
          <ns3:TrackPointExtension>
            <ns3:hr>144</ns3:hr>
          </ns3:TrackPointExtension>
        </extensions>
      </trkpt>
      <trkpt lat="46.55080698430538177490234375" lon="7.8713029436767101287841796875">
        <ele>1753.800048828125</ele>
        <time>2025-08-24T10:36:57.000Z</time>
        <extensions>
          <ns3:TrackPointExtension>
            <ns3:hr>141</ns3:hr>
          </ns3:TrackPointExtension>
        </extensions>
      </trkpt>
      <trkpt lat="46.550807319581508636474609375" lon="7.871304452419281005859375">
        <ele>1753.800048828125</ele>
        <time>2025-08-24T10:37:00.000Z</time>
        <extensions>
          <ns3:TrackPointExtension>
            <ns3:hr>138</ns3:hr>
          </ns3:TrackPointExtension>
        </extensions>
      </trkpt>
      <trkpt lat="46.55080757103860378265380859375" lon="7.87130587734282016754150390625">
        <ele>1753.5999755859375</ele>
        <time>2025-08-24T10:37:02.000Z</time>
        <extensions>
          <ns3:TrackPointExtension>
            <ns3:hr>132</ns3:hr>
          </ns3:TrackPointExtension>
        </extensions>
      </trkpt>
      <trkpt lat="46.550807654857635498046875" lon="7.8713073022663593292236328125">
        <ele>1753.5999755859375</ele>
        <time>2025-08-24T10:37:03.000Z</time>
        <extensions>
          <ns3:TrackPointExtension>
            <ns3:hr>129</ns3:hr>
          </ns3:TrackPointExtension>
        </extensions>
      </trkpt>
      <trkpt lat="46.550807654857635498046875" lon="7.87130780518054962158203125">
        <ele>1753.4000244140625</ele>
        <time>2025-08-24T10:37:05.000Z</time>
        <extensions>
          <ns3:TrackPointExtension>
            <ns3:hr>126</ns3:hr>
          </ns3:TrackPointExtension>
        </extensions>
      </trkpt>
      <trkpt lat="46.5508081577718257904052734375" lon="7.87130990065634250640869140625">
        <ele>1754</ele>
        <time>2025-08-24T10:37:13.000Z</time>
        <extensions>
          <ns3:TrackPointExtension>
            <ns3:hr>123</ns3:hr>
          </ns3:TrackPointExtension>
        </extensions>
      </trkpt>
      <trkpt lat="46.5508118458092212677001953125" lon="7.8713036142289638519287109375">
        <ele>1753.800048828125</ele>
        <time>2025-08-24T10:37:36.000Z</time>
        <extensions>
          <ns3:TrackPointExtension>
            <ns3:hr>120</ns3:hr>
          </ns3:TrackPointExtension>
        </extensions>
      </trkpt>
      <trkpt lat="46.55080975033342838287353515625" lon="7.87129665724933147430419921875">
        <ele>1754</ele>
        <time>2025-08-24T10:37:58.000Z</time>
        <extensions>
          <ns3:TrackPointExtension>
            <ns3:hr>117</ns3:hr>
          </ns3:TrackPointExtension>
        </extensions>
      </trkpt>
      <trkpt lat="46.55080966651439666748046875" lon="7.87129447795450687408447265625">
        <ele>1754</ele>
        <time>2025-08-24T10:38:01.000Z</time>
        <extensions>
          <ns3:TrackPointExtension>
            <ns3:hr>113</ns3:hr>
          </ns3:TrackPointExtension>
        </extensions>
      </trkpt>
      <trkpt lat="46.55080941505730152130126953125" lon="7.87128794007003307342529296875">
        <ele>1754</ele>
        <time>2025-08-24T10:38:19.000Z</time>
        <extensions>
          <ns3:TrackPointExtension>
            <ns3:hr>110</ns3:hr>
          </ns3:TrackPointExtension>
        </extensions>
      </trkpt>
      <trkpt lat="46.5508101694285869598388671875" lon="7.8712881915271282196044921875">
        <ele>1754</ele>
        <time>2025-08-24T10:38:32.000Z</time>
        <extensions>
          <ns3:TrackPointExtension>
            <ns3:hr>107</ns3:hr>
          </ns3:TrackPointExtension>
        </extensions>
      </trkpt>
      <trkpt lat="46.55081176199018955230712890625" lon="7.8712895326316356658935546875">
        <ele>1754</ele>
        <time>2025-08-24T10:38:39.000Z</time>
        <extensions>
          <ns3:TrackPointExtension>
            <ns3:hr>110</ns3:hr>
          </ns3:TrackPointExtension>
        </extensions>
      </trkpt>
      <trkpt lat="46.55081234872341156005859375" lon="7.8712897002696990966796875">
        <ele>1754</ele>
        <time>2025-08-24T10:38:44.000Z</time>
        <extensions>
          <ns3:TrackPointExtension>
            <ns3:hr>107</ns3:hr>
          </ns3:TrackPointExtension>
        </extensions>
      </trkpt>
      <trkpt lat="46.5508118458092212677001953125" lon="7.87129028700292110443115234375">
        <ele>1754</ele>
        <time>2025-08-24T10:38:56.000Z</time>
        <extensions>
          <ns3:TrackPointExtension>
            <ns3:hr>110</ns3:hr>
          </ns3:TrackPointExtension>
        </extensions>
      </trkpt>
      <trkpt lat="46.55080153606832027435302734375" lon="7.87128928117454051971435546875">
        <ele>1754</ele>
        <time>2025-08-24T10:39:23.000Z</time>
        <extensions>
          <ns3:TrackPointExtension>
            <ns3:hr>107</ns3:hr>
          </ns3:TrackPointExtension>
        </extensions>
      </trkpt>
      <trkpt lat="46.55080103315412998199462890625" lon="7.87128995172679424285888671875">
        <ele>1754</ele>
        <time>2025-08-24T10:39:38.000Z</time>
        <extensions>
          <ns3:TrackPointExtension>
            <ns3:hr>104</ns3:hr>
          </ns3:TrackPointExtension>
        </extensions>
      </trkpt>
      <trkpt lat="46.55080170370638370513916015625" lon="7.87129045464098453521728515625">
        <ele>1754</ele>
        <time>2025-08-24T10:40:02.000Z</time>
        <extensions>
          <ns3:TrackPointExtension>
            <ns3:hr>107</ns3:hr>
          </ns3:TrackPointExtension>
        </extensions>
      </trkpt>
      <trkpt lat="46.5508007816970348358154296875" lon="7.871292047202587127685546875">
        <ele>1754</ele>
        <time>2025-08-24T10:40:17.000Z</time>
        <extensions>
          <ns3:TrackPointExtension>
            <ns3:hr>104</ns3:hr>
          </ns3:TrackPointExtension>
        </extensions>
      </trkpt>
      <trkpt lat="46.5508001111447811126708984375" lon="7.8712925501167774200439453125">
        <ele>1754</ele>
        <time>2025-08-24T10:40:23.000Z</time>
        <extensions>
          <ns3:TrackPointExtension>
            <ns3:hr>107</ns3:hr>
          </ns3:TrackPointExtension>
        </extensions>
      </trkpt>
      <trkpt lat="46.550799943506717681884765625" lon="7.87129363976418972015380859375">
        <ele>1754</ele>
        <time>2025-08-24T10:40:38.000Z</time>
        <extensions>
          <ns3:TrackPointExtension>
            <ns3:hr>103</ns3:hr>
          </ns3:TrackPointExtension>
        </extensions>
      </trkpt>
      <trkpt lat="46.55079985968768596649169921875" lon="7.871293723583221435546875">
        <ele>1754</ele>
        <time>2025-08-24T10:40:41.000Z</time>
        <extensions>
          <ns3:TrackPointExtension>
            <ns3:hr>100</ns3:hr>
          </ns3:TrackPointExtension>
        </extensions>
      </trkpt>
      <trkpt lat="46.5507994405925273895263671875" lon="7.871294729411602020263671875">
        <ele>1754</ele>
        <time>2025-08-24T10:41:02.000Z</time>
        <extensions>
          <ns3:TrackPointExtension>
            <ns3:hr>103</ns3:hr>
          </ns3:TrackPointExtension>
        </extensions>
      </trkpt>
      <trkpt lat="46.5507994405925273895263671875" lon="7.87129514850676059722900390625">
        <ele>1754</ele>
        <time>2025-08-24T10:41:05.000Z</time>
        <extensions>
          <ns3:TrackPointExtension>
            <ns3:hr>106</ns3:hr>
          </ns3:TrackPointExtension>
        </extensions>
      </trkpt>
      <trkpt lat="46.550799943506717681884765625" lon="7.87129766307771205902099609375">
        <ele>1754</ele>
        <time>2025-08-24T10:41:42.000Z</time>
        <extensions>
          <ns3:TrackPointExtension>
            <ns3:hr>103</ns3:hr>
          </ns3:TrackPointExtension>
        </extensions>
      </trkpt>
      <trkpt lat="46.5507996082305908203125" lon="7.87129833362996578216552734375">
        <ele>1754</ele>
        <time>2025-08-24T10:41:49.000Z</time>
        <extensions>
          <ns3:TrackPointExtension>
            <ns3:hr>100</ns3:hr>
          </ns3:TrackPointExtension>
        </extensions>
      </trkpt>
      <trkpt lat="46.55079902149736881256103515625" lon="7.87130034528672695159912109375">
        <ele>1754</ele>
        <time>2025-08-24T10:42:09.000Z</time>
        <extensions>
          <ns3:TrackPointExtension>
            <ns3:hr>103</ns3:hr>
          </ns3:TrackPointExtension>
        </extensions>
      </trkpt>
      <trkpt lat="46.55079935677349567413330078125" lon="7.87130135111510753631591796875">
        <ele>1754</ele>
        <time>2025-08-24T10:42:22.000Z</time>
        <extensions>
          <ns3:TrackPointExtension>
            <ns3:hr>106</ns3:hr>
          </ns3:TrackPointExtension>
        </extensions>
      </trkpt>
      <trkpt lat="46.550799272954463958740234375" lon="7.8713012672960758209228515625">
        <ele>1754</ele>
        <time>2025-08-24T10:42:29.000Z</time>
        <extensions>
          <ns3:TrackPointExtension>
            <ns3:hr>103</ns3:hr>
          </ns3:TrackPointExtension>
        </extensions>
      </trkpt>
      <trkpt lat="46.55079893767833709716796875" lon="7.87130235694348812103271484375">
        <ele>1754</ele>
        <time>2025-08-24T10:42:50.000Z</time>
        <extensions>
          <ns3:TrackPointExtension>
            <ns3:hr>99</ns3:hr>
          </ns3:TrackPointExtension>
        </extensions>
      </trkpt>
      <trkpt lat="46.55079902149736881256103515625" lon="7.87130244076251983642578125">
        <ele>1754</ele>
        <time>2025-08-24T10:42:55.000Z</time>
        <extensions>
          <ns3:TrackPointExtension>
            <ns3:hr>102</ns3:hr>
          </ns3:TrackPointExtension>
        </extensions>
      </trkpt>
      <trkpt lat="46.55079851858317852020263671875" lon="7.871302776038646697998046875">
        <ele>1754</ele>
        <time>2025-08-24T10:43:14.000Z</time>
        <extensions>
          <ns3:TrackPointExtension>
            <ns3:hr>105</ns3:hr>
          </ns3:TrackPointExtension>
        </extensions>
      </trkpt>
      <trkpt lat="46.55079801566898822784423828125" lon="7.8713036142289638519287109375">
        <ele>1754</ele>
        <time>2025-08-24T10:43:30.000Z</time>
        <extensions>
          <ns3:TrackPointExtension>
            <ns3:hr>101</ns3:hr>
          </ns3:TrackPointExtension>
        </extensions>
      </trkpt>
      <trkpt lat="46.550797931849956512451171875" lon="7.8713042847812175750732421875">
        <ele>1754</ele>
        <time>2025-08-24T10:43:34.000Z</time>
        <extensions>
          <ns3:TrackPointExtension>
            <ns3:hr>98</ns3:hr>
          </ns3:TrackPointExtension>
        </extensions>
      </trkpt>
      <trkpt lat="46.55079751275479793548583984375" lon="7.87130453623831272125244140625">
        <ele>1754</ele>
        <time>2025-08-24T10:44:13.000Z</time>
        <extensions>
          <ns3:TrackPointExtension>
            <ns3:hr>102</ns3:hr>
          </ns3:TrackPointExtension>
        </extensions>
      </trkpt>
      <trkpt lat="46.55079768039286136627197265625" lon="7.8713049553334712982177734375">
        <ele>1754</ele>
        <time>2025-08-24T10:44:25.000Z</time>
        <extensions>
          <ns3:TrackPointExtension>
            <ns3:hr>105</ns3:hr>
          </ns3:TrackPointExtension>
        </extensions>
      </trkpt>
      <trkpt lat="46.55079784803092479705810546875" lon="7.871305458247661590576171875">
        <ele>1754</ele>
        <time>2025-08-24T10:44:47.000Z</time>
        <extensions>
          <ns3:TrackPointExtension>
            <ns3:hr>102</ns3:hr>
          </ns3:TrackPointExtension>
        </extensions>
      </trkpt>
      <trkpt lat="46.5507977642118930816650390625" lon="7.87130587734282016754150390625">
        <ele>1754</ele>
        <time>2025-08-24T10:44:55.000Z</time>
        <extensions>
          <ns3:TrackPointExtension>
            <ns3:hr>99</ns3:hr>
          </ns3:TrackPointExtension>
        </extensions>
      </trkpt>
      <trkpt lat="46.550797931849956512451171875" lon="7.87130621261894702911376953125">
        <ele>1754</ele>
        <time>2025-08-24T10:45:03.000Z</time>
        <extensions>
          <ns3:TrackPointExtension>
            <ns3:hr>95</ns3:hr>
          </ns3:TrackPointExtension>
        </extensions>
      </trkpt>
      <trkpt lat="46.55079768039286136627197265625" lon="7.8713062964379787445068359375">
        <ele>1754</ele>
        <time>2025-08-24T10:45:09.000Z</time>
        <extensions>
          <ns3:TrackPointExtension>
            <ns3:hr>91</ns3:hr>
          </ns3:TrackPointExtension>
        </extensions>
      </trkpt>
      <trkpt lat="46.550797931849956512451171875" lon="7.8713056258857250213623046875">
        <ele>1754</ele>
        <time>2025-08-24T10:45:20.000Z</time>
        <extensions>
          <ns3:TrackPointExtension>
            <ns3:hr>88</ns3:hr>
          </ns3:TrackPointExtension>
        </extensions>
      </trkpt>
      <trkpt lat="46.5507964231073856353759765625" lon="7.8713066317141056060791015625">
        <ele>1754</ele>
        <time>2025-08-24T10:46:08.000Z</time>
        <extensions>
          <ns3:TrackPointExtension>
            <ns3:hr>85</ns3:hr>
          </ns3:TrackPointExtension>
        </extensions>
      </trkpt>
      <trkpt lat="46.550796590745449066162109375" lon="7.87130688317120075225830078125">
        <ele>1754</ele>
        <time>2025-08-24T10:46:18.000Z</time>
        <extensions>
          <ns3:TrackPointExtension>
            <ns3:hr>88</ns3:hr>
          </ns3:TrackPointExtension>
        </extensions>
      </trkpt>
      <trkpt lat="46.5507967583835124969482421875" lon="7.8713079728186130523681640625">
        <ele>1754</ele>
        <time>2025-08-24T10:46:33.000Z</time>
        <extensions>
          <ns3:TrackPointExtension>
            <ns3:hr>85</ns3:hr>
          </ns3:TrackPointExtension>
        </extensions>
      </trkpt>
      <trkpt lat="46.550796590745449066162109375" lon="7.871308140456676483154296875">
        <ele>1754</ele>
        <time>2025-08-24T10:46:42.000Z</time>
        <extensions>
          <ns3:TrackPointExtension>
            <ns3:hr>88</ns3:hr>
          </ns3:TrackPointExtension>
        </extensions>
      </trkpt>
      <trkpt lat="46.55079617165029048919677734375" lon="7.87130906246602535247802734375">
        <ele>1754</ele>
        <time>2025-08-24T10:46:58.000Z</time>
        <extensions>
          <ns3:TrackPointExtension>
            <ns3:hr>85</ns3:hr>
          </ns3:TrackPointExtension>
        </extensions>
      </trkpt>
      <trkpt lat="46.55079600401222705841064453125" lon="7.87130923010408878326416015625">
        <ele>1754</ele>
        <time>2025-08-24T10:47:07.000Z</time>
        <extensions>
          <ns3:TrackPointExtension>
            <ns3:hr>82</ns3:hr>
          </ns3:TrackPointExtension>
        </extensions>
      </trkpt>
      <trkpt lat="46.550795920193195343017578125" lon="7.871309481561183929443359375">
        <ele>1754</ele>
        <time>2025-08-24T10:47:12.000Z</time>
        <extensions>
          <ns3:TrackPointExtension>
            <ns3:hr>79</ns3:hr>
          </ns3:TrackPointExtension>
        </extensions>
      </trkpt>
      <trkpt lat="46.55079583637416362762451171875" lon="7.871309481561183929443359375">
        <ele>1754</ele>
        <time>2025-08-24T10:47:15.000Z</time>
        <extensions>
          <ns3:TrackPointExtension>
            <ns3:hr>76</ns3:hr>
          </ns3:TrackPointExtension>
        </extensions>
      </trkpt>
      <trkpt lat="46.55079583637416362762451171875" lon="7.8713096491992473602294921875">
        <ele>1754</ele>
        <time>2025-08-24T10:47:26.000Z</time>
        <extensions>
          <ns3:TrackPointExtension>
            <ns3:hr>73</ns3:hr>
          </ns3:TrackPointExtension>
        </extensions>
      </trkpt>
      <trkpt lat="46.5507957525551319122314453125" lon="7.871309816837310791015625">
        <ele>1754</ele>
        <time>2025-08-24T10:47:45.000Z</time>
        <extensions>
          <ns3:TrackPointExtension>
            <ns3:hr>70</ns3:hr>
          </ns3:TrackPointExtension>
        </extensions>
      </trkpt>
      <trkpt lat="46.550795920193195343017578125" lon="7.8713099844753742218017578125">
        <ele>1754</ele>
        <time>2025-08-24T10:47:54.000Z</time>
        <extensions>
          <ns3:TrackPointExtension>
            <ns3:hr>73</ns3:hr>
          </ns3:TrackPointExtension>
        </extensions>
      </trkpt>
      <trkpt lat="46.55079633928835391998291015625" lon="7.87130990065634250640869140625">
        <ele>1754</ele>
        <time>2025-08-24T10:48:11.000Z</time>
        <extensions>
          <ns3:TrackPointExtension>
            <ns3:hr>76</ns3:hr>
          </ns3:TrackPointExtension>
        </extensions>
      </trkpt>
      <trkpt lat="46.55079650692641735076904296875" lon="7.8713096491992473602294921875">
        <ele>1754</ele>
        <time>2025-08-24T10:48:13.000Z</time>
        <extensions>
          <ns3:TrackPointExtension>
            <ns3:hr>79</ns3:hr>
          </ns3:TrackPointExtension>
        </extensions>
      </trkpt>
      <trkpt lat="46.5507964231073856353759765625" lon="7.8713096491992473602294921875">
        <ele>1754</ele>
        <time>2025-08-24T10:48:14.000Z</time>
        <extensions>
          <ns3:TrackPointExtension>
            <ns3:hr>76</ns3:hr>
          </ns3:TrackPointExtension>
        </extensions>
      </trkpt>
      <trkpt lat="46.55079633928835391998291015625" lon="7.871309816837310791015625">
        <ele>1754</ele>
        <time>2025-08-24T10:48:18.000Z</time>
        <extensions>
          <ns3:TrackPointExtension>
            <ns3:hr>73</ns3:hr>
          </ns3:TrackPointExtension>
        </extensions>
      </trkpt>
      <trkpt lat="46.55079633928835391998291015625" lon="7.871310152113437652587890625">
        <ele>1754</ele>
        <time>2025-08-24T10:48:21.000Z</time>
        <extensions>
          <ns3:TrackPointExtension>
            <ns3:hr>76</ns3:hr>
          </ns3:TrackPointExtension>
        </extensions>
      </trkpt>
      <trkpt lat="46.55079600401222705841064453125" lon="7.8713099844753742218017578125">
        <ele>1754</ele>
        <time>2025-08-24T10:48:46.000Z</time>
        <extensions>
          <ns3:TrackPointExtension>
            <ns3:hr>81</ns3:hr>
          </ns3:TrackPointExtension>
        </extensions>
      </trkpt>
      <trkpt lat="46.55079600401222705841064453125" lon="7.8713099844753742218017578125">
        <ele>1754</ele>
        <time>2025-08-24T10:48:47.000Z</time>
        <extensions>
          <ns3:TrackPointExtension>
            <ns3:hr>78</ns3:hr>
          </ns3:TrackPointExtension>
        </extensions>
      </trkpt>
      <trkpt lat="46.550795920193195343017578125" lon="7.8713103197515010833740234375">
        <ele>1754</ele>
        <time>2025-08-24T10:48:57.000Z</time>
        <extensions>
          <ns3:TrackPointExtension>
            <ns3:hr>81</ns3:hr>
          </ns3:TrackPointExtension>
        </extensions>
      </trkpt>
      <trkpt lat="46.5507960878312587738037109375" lon="7.87131140939891338348388671875">
        <ele>1754</ele>
        <time>2025-08-24T10:49:23.000Z</time>
        <extensions>
          <ns3:TrackPointExtension>
            <ns3:hr>87</ns3:hr>
          </ns3:TrackPointExtension>
        </extensions>
      </trkpt>
      <trkpt lat="46.55079600401222705841064453125" lon="7.87131157703697681427001953125">
        <ele>1754</ele>
        <time>2025-08-24T10:49:24.000Z</time>
        <extensions>
          <ns3:TrackPointExtension>
            <ns3:hr>87</ns3:hr>
          </ns3:TrackPointExtension>
        </extensions>
      </trkpt>
      <trkpt lat="46.55079600401222705841064453125" lon="7.8713116608560085296630859375">
        <ele>1754</ele>
        <time>2025-08-24T10:49:25.000Z</time>
        <extensions>
          <ns3:TrackPointExtension>
            <ns3:hr>91</ns3:hr>
          </ns3:TrackPointExtension>
        </extensions>
      </trkpt>
      <trkpt lat="46.5507955849170684814453125" lon="7.87131241522729396820068359375">
        <ele>1754</ele>
        <time>2025-08-24T10:49:48.000Z</time>
        <extensions>
          <ns3:TrackPointExtension>
            <ns3:hr>88</ns3:hr>
          </ns3:TrackPointExtension>
        </extensions>
      </trkpt>
      <trkpt lat="46.5507955849170684814453125" lon="7.87131258286535739898681640625">
        <ele>1754</ele>
        <time>2025-08-24T10:50:06.000Z</time>
        <extensions>
          <ns3:TrackPointExtension>
            <ns3:hr>85</ns3:hr>
          </ns3:TrackPointExtension>
        </extensions>
      </trkpt>
      <trkpt lat="46.55079550109803676605224609375" lon="7.87131291814148426055908203125">
        <ele>1754</ele>
        <time>2025-08-24T10:50:14.000Z</time>
        <extensions>
          <ns3:TrackPointExtension>
            <ns3:hr>88</ns3:hr>
          </ns3:TrackPointExtension>
        </extensions>
      </trkpt>
      <trkpt lat="46.55082232318818569183349609375" lon="7.87139237858355045318603515625">
        <ele>1754</ele>
        <time>2025-08-24T10:50:19.000Z</time>
        <extensions>
          <ns3:TrackPointExtension>
            <ns3:hr>86</ns3:hr>
          </ns3:TrackPointExtension>
        </extensions>
      </trkpt>
      <trkpt lat="46.55082978308200836181640625" lon="7.87143194116652011871337890625">
        <ele>1754</ele>
        <time>2025-08-24T10:50:21.000Z</time>
        <extensions>
          <ns3:TrackPointExtension>
            <ns3:hr>89</ns3:hr>
          </ns3:TrackPointExtension>
        </extensions>
      </trkpt>
      <trkpt lat="46.5508386678993701934814453125" lon="7.8714792989194393157958984375">
        <ele>1754</ele>
        <time>2025-08-24T10:50:24.000Z</time>
        <extensions>
          <ns3:TrackPointExtension>
            <ns3:hr>92</ns3:hr>
          </ns3:TrackPointExtension>
        </extensions>
      </trkpt>
      <trkpt lat="46.55084453523159027099609375" lon="7.87148474715650081634521484375">
        <ele>1754</ele>
        <time>2025-08-24T10:50:25.000Z</time>
        <extensions>
          <ns3:TrackPointExtension>
            <ns3:hr>93</ns3:hr>
          </ns3:TrackPointExtension>
        </extensions>
      </trkpt>
      <trkpt lat="46.5508500672876834869384765625" lon="7.87149061448872089385986328125">
        <ele>1754</ele>
        <time>2025-08-24T10:50:26.000Z</time>
        <extensions>
          <ns3:TrackPointExtension>
            <ns3:hr>96</ns3:hr>
          </ns3:TrackPointExtension>
        </extensions>
      </trkpt>
      <trkpt lat="46.55087395571172237396240234375" lon="7.87152430973947048187255859375">
        <ele>1755.4000244140625</ele>
        <time>2025-08-24T10:50:30.000Z</time>
        <extensions>
          <ns3:TrackPointExtension>
            <ns3:hr>98</ns3:hr>
          </ns3:TrackPointExtension>
        </extensions>
      </trkpt>
      <trkpt lat="46.55089440755546092987060546875" lon="7.87153939716517925262451171875">
        <ele>1756.199951171875</ele>
        <time>2025-08-24T10:50:33.000Z</time>
        <extensions>
          <ns3:TrackPointExtension>
            <ns3:hr>101</ns3:hr>
          </ns3:TrackPointExtension>
        </extensions>
      </trkpt>
      <trkpt lat="46.550906561315059661865234375" lon="7.87154274992644786834716796875">
        <ele>1756.4000244140625</ele>
        <time>2025-08-24T10:50:34.000Z</time>
        <extensions>
          <ns3:TrackPointExtension>
            <ns3:hr>101</ns3:hr>
          </ns3:TrackPointExtension>
        </extensions>
      </trkpt>
      <trkpt lat="46.55091829597949981689453125" lon="7.87154207937419414520263671875">
        <ele>1756.4000244140625</ele>
        <time>2025-08-24T10:50:35.000Z</time>
        <extensions>
          <ns3:TrackPointExtension>
            <ns3:hr>102</ns3:hr>
          </ns3:TrackPointExtension>
        </extensions>
      </trkpt>
      <trkpt lat="46.5509243309497833251953125" lon="7.87154375575482845306396484375">
        <ele>1756.5999755859375</ele>
        <time>2025-08-24T10:50:36.000Z</time>
        <extensions>
          <ns3:TrackPointExtension>
            <ns3:hr>99</ns3:hr>
          </ns3:TrackPointExtension>
        </extensions>
      </trkpt>
      <trkpt lat="46.5509285219013690948486328125" lon="7.87154249846935272216796875">
        <ele>1757</ele>
        <time>2025-08-24T10:50:37.000Z</time>
        <extensions>
          <ns3:TrackPointExtension>
            <ns3:hr>102</ns3:hr>
          </ns3:TrackPointExtension>
        </extensions>
      </trkpt>
      <trkpt lat="46.5509338863193988800048828125" lon="7.8715181909501552581787109375">
        <ele>1757.5999755859375</ele>
        <time>2025-08-24T10:50:39.000Z</time>
        <extensions>
          <ns3:TrackPointExtension>
            <ns3:hr>102</ns3:hr>
          </ns3:TrackPointExtension>
        </extensions>
      </trkpt>
      <trkpt lat="46.550944112241268157958984375" lon="7.87150000222027301788330078125">
        <ele>1757.800048828125</ele>
        <time>2025-08-24T10:50:40.000Z</time>
        <extensions>
          <ns3:TrackPointExtension>
            <ns3:hr>102</ns3:hr>
          </ns3:TrackPointExtension>
        </extensions>
      </trkpt>
      <trkpt lat="46.55097252689301967620849609375" lon="7.8713981620967388153076171875">
        <ele>1758.5999755859375</ele>
        <time>2025-08-24T10:50:47.000Z</time>
        <extensions>
          <ns3:TrackPointExtension>
            <ns3:hr>105</ns3:hr>
          </ns3:TrackPointExtension>
        </extensions>
      </trkpt>
      <trkpt lat="46.550983004271984100341796875" lon="7.8713773749768733978271484375">
        <ele>1759.199951171875</ele>
        <time>2025-08-24T10:50:49.000Z</time>
        <extensions>
          <ns3:TrackPointExtension>
            <ns3:hr>107</ns3:hr>
          </ns3:TrackPointExtension>
        </extensions>
      </trkpt>
      <trkpt lat="46.55101083219051361083984375" lon="7.87137310020625591278076171875">
        <ele>1759.800048828125</ele>
        <time>2025-08-24T10:50:52.000Z</time>
        <extensions>
          <ns3:TrackPointExtension>
            <ns3:hr>110</ns3:hr>
          </ns3:TrackPointExtension>
        </extensions>
      </trkpt>
      <trkpt lat="46.5510341338813304901123046875" lon="7.87137444131076335906982421875">
        <ele>1760.4000244140625</ele>
        <time>2025-08-24T10:50:55.000Z</time>
        <extensions>
          <ns3:TrackPointExtension>
            <ns3:hr>113</ns3:hr>
          </ns3:TrackPointExtension>
        </extensions>
      </trkpt>
      <trkpt lat="46.5510388277471065521240234375" lon="7.8713736869394779205322265625">
        <ele>1760.800048828125</ele>
        <time>2025-08-24T10:50:56.000Z</time>
        <extensions>
          <ns3:TrackPointExtension>
            <ns3:hr>114</ns3:hr>
          </ns3:TrackPointExtension>
        </extensions>
      </trkpt>
      <trkpt lat="46.551043689250946044921875" lon="7.87137662060558795928955078125">
        <ele>1761</ele>
        <time>2025-08-24T10:50:57.000Z</time>
        <extensions>
          <ns3:TrackPointExtension>
            <ns3:hr>115</ns3:hr>
          </ns3:TrackPointExtension>
        </extensions>
      </trkpt>
      <trkpt lat="46.55108165927231311798095703125" lon="7.87135197781026363372802734375">
        <ele>1762</ele>
        <time>2025-08-24T10:51:03.000Z</time>
        <extensions>
          <ns3:TrackPointExtension>
            <ns3:hr>115</ns3:hr>
          </ns3:TrackPointExtension>
        </extensions>
      </trkpt>
      <trkpt lat="46.5510877780616283416748046875" lon="7.871340326964855194091796875">
        <ele>1762.4000244140625</ele>
        <time>2025-08-24T10:51:04.000Z</time>
        <extensions>
          <ns3:TrackPointExtension>
            <ns3:hr>115</ns3:hr>
          </ns3:TrackPointExtension>
        </extensions>
      </trkpt>
      <trkpt lat="46.5511058829724788665771484375" lon="7.871304452419281005859375">
        <ele>1763.199951171875</ele>
        <time>2025-08-24T10:51:08.000Z</time>
        <extensions>
          <ns3:TrackPointExtension>
            <ns3:hr>113</ns3:hr>
          </ns3:TrackPointExtension>
        </extensions>
      </trkpt>
      <trkpt lat="46.5511196292936801910400390625" lon="7.8712814860045909881591796875">
        <ele>1763.800048828125</ele>
        <time>2025-08-24T10:51:11.000Z</time>
        <extensions>
          <ns3:TrackPointExtension>
            <ns3:hr>113</ns3:hr>
          </ns3:TrackPointExtension>
        </extensions>
      </trkpt>
      <trkpt lat="46.55112080276012420654296875" lon="7.871282994747161865234375">
        <ele>1764.4000244140625</ele>
        <time>2025-08-24T10:51:12.000Z</time>
        <extensions>
          <ns3:TrackPointExtension>
            <ns3:hr>113</ns3:hr>
          </ns3:TrackPointExtension>
        </extensions>
      </trkpt>
      <trkpt lat="46.5511541627347469329833984375" lon="7.87130671553313732147216796875">
        <ele>1765.199951171875</ele>
        <time>2025-08-24T10:51:16.000Z</time>
        <extensions>
          <ns3:TrackPointExtension>
            <ns3:hr>114</ns3:hr>
          </ns3:TrackPointExtension>
        </extensions>
      </trkpt>
      <trkpt lat="46.55116866342723369598388671875" lon="7.871315181255340576171875">
        <ele>1765.4000244140625</ele>
        <time>2025-08-24T10:51:18.000Z</time>
        <extensions>
          <ns3:TrackPointExtension>
            <ns3:hr>113</ns3:hr>
          </ns3:TrackPointExtension>
        </extensions>
      </trkpt>
      <trkpt lat="46.55119934119284152984619140625" lon="7.87132121622562408447265625">
        <ele>1766</ele>
        <time>2025-08-24T10:51:22.000Z</time>
        <extensions>
          <ns3:TrackPointExtension>
            <ns3:hr>110</ns3:hr>
          </ns3:TrackPointExtension>
        </extensions>
      </trkpt>
      <trkpt lat="46.55119883827865123748779296875" lon="7.87131107412278652191162109375">
        <ele>1766.5999755859375</ele>
        <time>2025-08-24T10:51:24.000Z</time>
        <extensions>
          <ns3:TrackPointExtension>
            <ns3:hr>111</ns3:hr>
          </ns3:TrackPointExtension>
        </extensions>
      </trkpt>
      <trkpt lat="46.551215350627899169921875" lon="7.8712737746536731719970703125">
        <ele>1767.5999755859375</ele>
        <time>2025-08-24T10:51:29.000Z</time>
        <extensions>
          <ns3:TrackPointExtension>
            <ns3:hr>114</ns3:hr>
          </ns3:TrackPointExtension>
        </extensions>
      </trkpt>
      <trkpt lat="46.55121660791337490081787109375" lon="7.871266566216945648193359375">
        <ele>1768</ele>
        <time>2025-08-24T10:51:30.000Z</time>
        <extensions>
          <ns3:TrackPointExtension>
            <ns3:hr>111</ns3:hr>
          </ns3:TrackPointExtension>
        </extensions>
      </trkpt>
      <trkpt lat="46.55122096650302410125732421875" lon="7.87126178853213787078857421875">
        <ele>1768.199951171875</ele>
        <time>2025-08-24T10:51:31.000Z</time>
        <extensions>
          <ns3:TrackPointExtension>
            <ns3:hr>111</ns3:hr>
          </ns3:TrackPointExtension>
        </extensions>
      </trkpt>
      <trkpt lat="46.55124443583190441131591796875" lon="7.87125508300960063934326171875">
        <ele>1768.5999755859375</ele>
        <time>2025-08-24T10:51:35.000Z</time>
        <extensions>
          <ns3:TrackPointExtension>
            <ns3:hr>110</ns3:hr>
          </ns3:TrackPointExtension>
        </extensions>
      </trkpt>
      <trkpt lat="46.5512597747147083282470703125" lon="7.87126346491277217864990234375">
        <ele>1769.199951171875</ele>
        <time>2025-08-24T10:51:39.000Z</time>
        <extensions>
          <ns3:TrackPointExtension>
            <ns3:hr>111</ns3:hr>
          </ns3:TrackPointExtension>
        </extensions>
      </trkpt>
      <trkpt lat="46.55126874335110187530517578125" lon="7.87125642411410808563232421875">
        <ele>1769.5999755859375</ele>
        <time>2025-08-24T10:51:44.000Z</time>
        <extensions>
          <ns3:TrackPointExtension>
            <ns3:hr>110</ns3:hr>
          </ns3:TrackPointExtension>
        </extensions>
      </trkpt>
      <trkpt lat="46.55129472725093364715576171875" lon="7.87126623094081878662109375">
        <ele>1769.800048828125</ele>
        <time>2025-08-24T10:51:47.000Z</time>
        <extensions>
          <ns3:TrackPointExtension>
            <ns3:hr>110</ns3:hr>
          </ns3:TrackPointExtension>
        </extensions>
      </trkpt>
      <trkpt lat="46.55131802894175052642822265625" lon="7.87125860340893268585205078125">
        <ele>1770.800048828125</ele>
        <time>2025-08-24T10:51:52.000Z</time>
        <extensions>
          <ns3:TrackPointExtension>
            <ns3:hr>113</ns3:hr>
          </ns3:TrackPointExtension>
        </extensions>
      </trkpt>
      <trkpt lat="46.55131937004625797271728515625" lon="7.87125810049474239349365234375">
        <ele>1771</ele>
        <time>2025-08-24T10:51:53.000Z</time>
        <extensions>
          <ns3:TrackPointExtension>
            <ns3:hr>114</ns3:hr>
          </ns3:TrackPointExtension>
        </extensions>
      </trkpt>
      <trkpt lat="46.5513228066265583038330078125" lon="7.87125818431377410888671875">
        <ele>1771.199951171875</ele>
        <time>2025-08-24T10:51:55.000Z</time>
        <extensions>
          <ns3:TrackPointExtension>
            <ns3:hr>117</ns3:hr>
          </ns3:TrackPointExtension>
        </extensions>
      </trkpt>
      <trkpt lat="46.55132322572171688079833984375" lon="7.87125776521861553192138671875">
        <ele>1771.199951171875</ele>
        <time>2025-08-24T10:51:56.000Z</time>
        <extensions>
          <ns3:TrackPointExtension>
            <ns3:hr>114</ns3:hr>
          </ns3:TrackPointExtension>
        </extensions>
      </trkpt>
      <trkpt lat="46.55131367035210132598876953125" lon="7.8712288476526737213134765625">
        <ele>1771.4000244140625</ele>
        <time>2025-08-24T10:52:02.000Z</time>
        <extensions>
          <ns3:TrackPointExtension>
            <ns3:hr>114</ns3:hr>
          </ns3:TrackPointExtension>
        </extensions>
      </trkpt>
      <trkpt lat="46.5513053722679615020751953125" lon="7.87119942717254161834716796875">
        <ele>1771.800048828125</ele>
        <time>2025-08-24T10:52:05.000Z</time>
        <extensions>
          <ns3:TrackPointExtension>
            <ns3:hr>112</ns3:hr>
          </ns3:TrackPointExtension>
        </extensions>
      </trkpt>
      <trkpt lat="46.551317274570465087890625" lon="7.87116958759725093841552734375">
        <ele>1772.5999755859375</ele>
        <time>2025-08-24T10:52:09.000Z</time>
        <extensions>
          <ns3:TrackPointExtension>
            <ns3:hr>109</ns3:hr>
          </ns3:TrackPointExtension>
        </extensions>
      </trkpt>
      <trkpt lat="46.55132154934108257293701171875" lon="7.8711668215692043304443359375">
        <ele>1773</ele>
        <time>2025-08-24T10:52:10.000Z</time>
        <extensions>
          <ns3:TrackPointExtension>
            <ns3:hr>109</ns3:hr>
          </ns3:TrackPointExtension>
        </extensions>
      </trkpt>
      <trkpt lat="46.5513486228883266448974609375" lon="7.871145866811275482177734375">
        <ele>1774</ele>
        <time>2025-08-24T10:52:15.000Z</time>
        <extensions>
          <ns3:TrackPointExtension>
            <ns3:hr>108</ns3:hr>
          </ns3:TrackPointExtension>
        </extensions>
      </trkpt>
      <trkpt lat="46.5513513050973415374755859375" lon="7.87114779464900493621826171875">
        <ele>1774.4000244140625</ele>
        <time>2025-08-24T10:52:16.000Z</time>
        <extensions>
          <ns3:TrackPointExtension>
            <ns3:hr>109</ns3:hr>
          </ns3:TrackPointExtension>
        </extensions>
      </trkpt>
      <trkpt lat="46.5513640455901622772216796875" lon="7.8711611218750476837158203125">
        <ele>1775.4000244140625</ele>
        <time>2025-08-24T10:52:19.000Z</time>
        <extensions>
          <ns3:TrackPointExtension>
            <ns3:hr>108</ns3:hr>
          </ns3:TrackPointExtension>
        </extensions>
      </trkpt>
      <trkpt lat="46.55137368477880954742431640625" lon="7.8711748681962490081787109375">
        <ele>1775.800048828125</ele>
        <time>2025-08-24T10:52:23.000Z</time>
        <extensions>
          <ns3:TrackPointExtension>
            <ns3:hr>108</ns3:hr>
          </ns3:TrackPointExtension>
        </extensions>
      </trkpt>
      <trkpt lat="46.55138357542455196380615234375" lon="7.8711684979498386383056640625">
        <ele>1776.199951171875</ele>
        <time>2025-08-24T10:52:26.000Z</time>
        <extensions>
          <ns3:TrackPointExtension>
            <ns3:hr>111</ns3:hr>
          </ns3:TrackPointExtension>
        </extensions>
      </trkpt>
      <trkpt lat="46.55138776637613773345947265625" lon="7.87116573192179203033447265625">
        <ele>1776.4000244140625</ele>
        <time>2025-08-24T10:52:27.000Z</time>
        <extensions>
          <ns3:TrackPointExtension>
            <ns3:hr>111</ns3:hr>
          </ns3:TrackPointExtension>
        </extensions>
      </trkpt>
      <trkpt lat="46.5513938851654529571533203125" lon="7.87115835584700107574462890625">
        <ele>1776.5999755859375</ele>
        <time>2025-08-24T10:52:28.000Z</time>
        <extensions>
          <ns3:TrackPointExtension>
            <ns3:hr>108</ns3:hr>
          </ns3:TrackPointExtension>
        </extensions>
      </trkpt>
      <trkpt lat="46.55140419490635395050048828125" lon="7.87114611826837062835693359375">
        <ele>1776.800048828125</ele>
        <time>2025-08-24T10:52:30.000Z</time>
        <extensions>
          <ns3:TrackPointExtension>
            <ns3:hr>112</ns3:hr>
          </ns3:TrackPointExtension>
        </extensions>
      </trkpt>
      <trkpt lat="46.55141408555209636688232421875" lon="7.8711249120533466339111328125">
        <ele>1777.4000244140625</ele>
        <time>2025-08-24T10:52:33.000Z</time>
        <extensions>
          <ns3:TrackPointExtension>
            <ns3:hr>112</ns3:hr>
          </ns3:TrackPointExtension>
        </extensions>
      </trkpt>
      <trkpt lat="46.55141852796077728271484375" lon="7.87107470445334911346435546875">
        <ele>1778.5999755859375</ele>
        <time>2025-08-24T10:52:38.000Z</time>
        <extensions>
          <ns3:TrackPointExtension>
            <ns3:hr>114</ns3:hr>
          </ns3:TrackPointExtension>
        </extensions>
      </trkpt>
      <trkpt lat="46.55143462121486663818359375" lon="7.87103514187037944793701171875">
        <ele>1779.5999755859375</ele>
        <time>2025-08-24T10:52:42.000Z</time>
        <extensions>
          <ns3:TrackPointExtension>
            <ns3:hr>114</ns3:hr>
          </ns3:TrackPointExtension>
        </extensions>
      </trkpt>
      <trkpt lat="46.551460437476634979248046875" lon="7.87102659232914447784423828125">
        <ele>1780.5999755859375</ele>
        <time>2025-08-24T10:52:46.000Z</time>
        <extensions>
          <ns3:TrackPointExtension>
            <ns3:hr>114</ns3:hr>
          </ns3:TrackPointExtension>
        </extensions>
      </trkpt>
      <trkpt lat="46.5514663048088550567626953125" lon="7.871029861271381378173828125">
        <ele>1780.800048828125</ele>
        <time>2025-08-24T10:52:47.000Z</time>
        <extensions>
          <ns3:TrackPointExtension>
            <ns3:hr>113</ns3:hr>
          </ns3:TrackPointExtension>
        </extensions>
      </trkpt>
      <trkpt lat="46.5514693222939968109130859375" lon="7.87103178910911083221435546875">
        <ele>1781</ele>
        <time>2025-08-24T10:52:48.000Z</time>
        <extensions>
          <ns3:TrackPointExtension>
            <ns3:hr>113</ns3:hr>
          </ns3:TrackPointExtension>
        </extensions>
      </trkpt>
      <trkpt lat="46.55148063786327838897705078125" lon="7.87102592177689075469970703125">
        <ele>1781.5999755859375</ele>
        <time>2025-08-24T10:52:51.000Z</time>
        <extensions>
          <ns3:TrackPointExtension>
            <ns3:hr>112</ns3:hr>
          </ns3:TrackPointExtension>
        </extensions>
      </trkpt>
      <trkpt lat="46.55147619545459747314453125" lon="7.871013768017292022705078125">
        <ele>1781.800048828125</ele>
        <time>2025-08-24T10:52:53.000Z</time>
        <extensions>
          <ns3:TrackPointExtension>
            <ns3:hr>111</ns3:hr>
          </ns3:TrackPointExtension>
        </extensions>
      </trkpt>
      <trkpt lat="46.55149161815643310546875" lon="7.870971858501434326171875">
        <ele>1782.800048828125</ele>
        <time>2025-08-24T10:52:59.000Z</time>
        <extensions>
          <ns3:TrackPointExtension>
            <ns3:hr>109</ns3:hr>
          </ns3:TrackPointExtension>
        </extensions>
      </trkpt>
      <trkpt lat="46.5514823980629444122314453125" lon="7.87093908526003360748291015625">
        <ele>1783.4000244140625</ele>
        <time>2025-08-24T10:53:02.000Z</time>
        <extensions>
          <ns3:TrackPointExtension>
            <ns3:hr>109</ns3:hr>
          </ns3:TrackPointExtension>
        </extensions>
      </trkpt>
      <trkpt lat="46.55148181132972240447998046875" lon="7.8709100000560283660888671875">
        <ele>1784</ele>
        <time>2025-08-24T10:53:05.000Z</time>
        <extensions>
          <ns3:TrackPointExtension>
            <ns3:hr>108</ns3:hr>
          </ns3:TrackPointExtension>
        </extensions>
      </trkpt>
      <trkpt lat="46.5514941327273845672607421875" lon="7.87088007666170597076416015625">
        <ele>1785</ele>
        <time>2025-08-24T10:53:09.000Z</time>
        <extensions>
          <ns3:TrackPointExtension>
            <ns3:hr>110</ns3:hr>
          </ns3:TrackPointExtension>
        </extensions>
      </trkpt>
      <trkpt lat="46.551495306193828582763671875" lon="7.8708761371672153472900390625">
        <ele>1785.199951171875</ele>
        <time>2025-08-24T10:53:10.000Z</time>
        <extensions>
          <ns3:TrackPointExtension>
            <ns3:hr>110</ns3:hr>
          </ns3:TrackPointExtension>
        </extensions>
      </trkpt>
      <trkpt lat="46.551491282880306243896484375" lon="7.8708390891551971435546875">
        <ele>1786.199951171875</ele>
        <time>2025-08-24T10:53:15.000Z</time>
        <extensions>
          <ns3:TrackPointExtension>
            <ns3:hr>111</ns3:hr>
          </ns3:TrackPointExtension>
        </extensions>
      </trkpt>
      <trkpt lat="46.5514894388616085052490234375" lon="7.87082995288074016571044921875">
        <ele>1786.4000244140625</ele>
        <time>2025-08-24T10:53:16.000Z</time>
        <extensions>
          <ns3:TrackPointExtension>
            <ns3:hr>111</ns3:hr>
          </ns3:TrackPointExtension>
        </extensions>
      </trkpt>
      <trkpt lat="46.5515122376382350921630859375" lon="7.87079374305903911590576171875">
        <ele>1787.4000244140625</ele>
        <time>2025-08-24T10:53:22.000Z</time>
        <extensions>
          <ns3:TrackPointExtension>
            <ns3:hr>113</ns3:hr>
          </ns3:TrackPointExtension>
        </extensions>
      </trkpt>
      <trkpt lat="46.55151600949466228485107421875" lon="7.8707909770309925079345703125">
        <ele>1787.5999755859375</ele>
        <time>2025-08-24T10:53:23.000Z</time>
        <extensions>
          <ns3:TrackPointExtension>
            <ns3:hr>113</ns3:hr>
          </ns3:TrackPointExtension>
        </extensions>
      </trkpt>
      <trkpt lat="46.55153545551002025604248046875" lon="7.8707648254930973052978515625">
        <ele>1788.4000244140625</ele>
        <time>2025-08-24T10:53:27.000Z</time>
        <extensions>
          <ns3:TrackPointExtension>
            <ns3:hr>116</ns3:hr>
          </ns3:TrackPointExtension>
        </extensions>
      </trkpt>
      <trkpt lat="46.5515407361090183258056640625" lon="7.8707628138363361358642578125">
        <ele>1788.5999755859375</ele>
        <time>2025-08-24T10:53:28.000Z</time>
        <extensions>
          <ns3:TrackPointExtension>
            <ns3:hr>116</ns3:hr>
          </ns3:TrackPointExtension>
        </extensions>
      </trkpt>
      <trkpt lat="46.55155624262988567352294921875" lon="7.87074931897222995758056640625">
        <ele>1789</ele>
        <time>2025-08-24T10:53:31.000Z</time>
        <extensions>
          <ns3:TrackPointExtension>
            <ns3:hr>115</ns3:hr>
          </ns3:TrackPointExtension>
        </extensions>
      </trkpt>
      <trkpt lat="46.5515642054378986358642578125" lon="7.87073188461363315582275390625">
        <ele>1789.5999755859375</ele>
        <time>2025-08-24T10:53:33.000Z</time>
        <extensions>
          <ns3:TrackPointExtension>
            <ns3:hr>117</ns3:hr>
          </ns3:TrackPointExtension>
        </extensions>
      </trkpt>
      <trkpt lat="46.5515984036028385162353515625" lon="7.87071528844535350799560546875">
        <ele>1790.5999755859375</ele>
        <time>2025-08-24T10:53:38.000Z</time>
        <extensions>
          <ns3:TrackPointExtension>
            <ns3:hr>120</ns3:hr>
          </ns3:TrackPointExtension>
        </extensions>
      </trkpt>
      <trkpt lat="46.551604606211185455322265625" lon="7.870721407234668731689453125">
        <ele>1790.800048828125</ele>
        <time>2025-08-24T10:53:39.000Z</time>
        <extensions>
          <ns3:TrackPointExtension>
            <ns3:hr>120</ns3:hr>
          </ns3:TrackPointExtension>
        </extensions>
      </trkpt>
      <trkpt lat="46.551634110510349273681640625" lon="7.8707452118396759033203125">
        <ele>1791.5999755859375</ele>
        <time>2025-08-24T10:53:43.000Z</time>
        <extensions>
          <ns3:TrackPointExtension>
            <ns3:hr>123</ns3:hr>
          </ns3:TrackPointExtension>
        </extensions>
      </trkpt>
      <trkpt lat="46.55164157040417194366455078125" lon="7.87075552158057689666748046875">
        <ele>1791.800048828125</ele>
        <time>2025-08-24T10:53:44.000Z</time>
        <extensions>
          <ns3:TrackPointExtension>
            <ns3:hr>122</ns3:hr>
          </ns3:TrackPointExtension>
        </extensions>
      </trkpt>
      <trkpt lat="46.5516456775367259979248046875" lon="7.870765663683414459228515625">
        <ele>1791.800048828125</ele>
        <time>2025-08-24T10:53:45.000Z</time>
        <extensions>
          <ns3:TrackPointExtension>
            <ns3:hr>123</ns3:hr>
          </ns3:TrackPointExtension>
        </extensions>
      </trkpt>
      <trkpt lat="46.55167065560817718505859375" lon="7.87078611552715301513671875">
        <ele>1792.5999755859375</ele>
        <time>2025-08-24T10:53:49.000Z</time>
        <extensions>
          <ns3:TrackPointExtension>
            <ns3:hr>126</ns3:hr>
          </ns3:TrackPointExtension>
        </extensions>
      </trkpt>
      <trkpt lat="46.55167845077812671661376953125" lon="7.870799191296100616455078125">
        <ele>1793</ele>
        <time>2025-08-24T10:53:51.000Z</time>
        <extensions>
          <ns3:TrackPointExtension>
            <ns3:hr>127</ns3:hr>
          </ns3:TrackPointExtension>
        </extensions>
      </trkpt>
      <trkpt lat="46.5516835637390613555908203125" lon="7.87080011330544948577880859375">
        <ele>1793.199951171875</ele>
        <time>2025-08-24T10:53:52.000Z</time>
        <extensions>
          <ns3:TrackPointExtension>
            <ns3:hr>129</ns3:hr>
          </ns3:TrackPointExtension>
        </extensions>
      </trkpt>
      <trkpt lat="46.55172589235007762908935546875" lon="7.8708127699792385101318359375">
        <ele>1794.199951171875</ele>
        <time>2025-08-24T10:53:57.000Z</time>
        <extensions>
          <ns3:TrackPointExtension>
            <ns3:hr>130</ns3:hr>
          </ns3:TrackPointExtension>
        </extensions>
      </trkpt>
      <trkpt lat="46.55175556428730487823486328125" lon="7.87082710303366184234619140625">
        <ele>1794.800048828125</ele>
        <time>2025-08-24T10:54:02.000Z</time>
        <extensions>
          <ns3:TrackPointExtension>
            <ns3:hr>130</ns3:hr>
          </ns3:TrackPointExtension>
        </extensions>
      </trkpt>
      <trkpt lat="46.5517757646739482879638671875" lon="7.87082634866237640380859375">
        <ele>1795.4000244140625</ele>
        <time>2025-08-24T10:54:04.000Z</time>
        <extensions>
          <ns3:TrackPointExtension>
            <ns3:hr>132</ns3:hr>
          </ns3:TrackPointExtension>
        </extensions>
      </trkpt>
      <trkpt lat="46.551798395812511444091796875" lon="7.870822660624980926513671875">
        <ele>1796.4000244140625</ele>
        <time>2025-08-24T10:54:10.000Z</time>
        <extensions>
          <ns3:TrackPointExtension>
            <ns3:hr>135</ns3:hr>
          </ns3:TrackPointExtension>
        </extensions>
      </trkpt>
      <trkpt lat="46.55180753208696842193603515625" lon="7.8708245046436786651611328125">
        <ele>1796.4000244140625</ele>
        <time>2025-08-24T10:54:11.000Z</time>
        <extensions>
          <ns3:TrackPointExtension>
            <ns3:hr>135</ns3:hr>
          </ns3:TrackPointExtension>
        </extensions>
      </trkpt>
      <trkpt lat="46.55184642411768436431884765625" lon="7.87081788294017314910888671875">
        <ele>1796.5999755859375</ele>
        <time>2025-08-24T10:54:15.000Z</time>
        <extensions>
          <ns3:TrackPointExtension>
            <ns3:hr>132</ns3:hr>
          </ns3:TrackPointExtension>
        </extensions>
      </trkpt>
      <trkpt lat="46.55188062228262424468994140625" lon="7.8708256781101226806640625">
        <ele>1797.199951171875</ele>
        <time>2025-08-24T10:54:19.000Z</time>
        <extensions>
          <ns3:TrackPointExtension>
            <ns3:hr>130</ns3:hr>
          </ns3:TrackPointExtension>
        </extensions>
      </trkpt>
      <trkpt lat="46.55190358869731426239013671875" lon="7.87083665840327739715576171875">
        <ele>1797.4000244140625</ele>
        <time>2025-08-24T10:54:22.000Z</time>
        <extensions>
          <ns3:TrackPointExtension>
            <ns3:hr>130</ns3:hr>
          </ns3:TrackPointExtension>
        </extensions>
      </trkpt>
      <trkpt lat="46.551950611174106597900390625" lon="7.87087756209075450897216796875">
        <ele>1798.4000244140625</ele>
        <time>2025-08-24T10:54:28.000Z</time>
        <extensions>
          <ns3:TrackPointExtension>
            <ns3:hr>132</ns3:hr>
          </ns3:TrackPointExtension>
        </extensions>
      </trkpt>
      <trkpt lat="46.55196293257176876068115234375" lon="7.87090086378157138824462890625">
        <ele>1799</ele>
        <time>2025-08-24T10:54:31.000Z</time>
        <extensions>
          <ns3:TrackPointExtension>
            <ns3:hr>136</ns3:hr>
          </ns3:TrackPointExtension>
        </extensions>
      </trkpt>
      <trkpt lat="46.55196745879948139190673828125" lon="7.870912514626979827880859375">
        <ele>1799</ele>
        <time>2025-08-24T10:54:32.000Z</time>
        <extensions>
          <ns3:TrackPointExtension>
            <ns3:hr>133</ns3:hr>
          </ns3:TrackPointExtension>
        </extensions>
      </trkpt>
      <trkpt lat="46.55198522843420505523681640625" lon="7.87094092927873134613037109375">
        <ele>1799.4000244140625</ele>
        <time>2025-08-24T10:54:35.000Z</time>
        <extensions>
          <ns3:TrackPointExtension>
            <ns3:hr>137</ns3:hr>
          </ns3:TrackPointExtension>
        </extensions>
      </trkpt>
      <trkpt lat="46.5519859828054904937744140625" lon="7.87094629369676113128662109375">
        <ele>1799.5999755859375</ele>
        <time>2025-08-24T10:54:36.000Z</time>
        <extensions>
          <ns3:TrackPointExtension>
            <ns3:hr>136</ns3:hr>
          </ns3:TrackPointExtension>
        </extensions>
      </trkpt>
      <trkpt lat="46.551989503204822540283203125" lon="7.870950065553188323974609375">
        <ele>1799.5999755859375</ele>
        <time>2025-08-24T10:54:37.000Z</time>
        <extensions>
          <ns3:TrackPointExtension>
            <ns3:hr>140</ns3:hr>
          </ns3:TrackPointExtension>
        </extensions>
      </trkpt>
      <trkpt lat="46.55199344269931316375732421875" lon="7.87095081992447376251220703125">
        <ele>1799.800048828125</ele>
        <time>2025-08-24T10:54:38.000Z</time>
        <extensions>
          <ns3:TrackPointExtension>
            <ns3:hr>142</ns3:hr>
          </ns3:TrackPointExtension>
        </extensions>
      </trkpt>
      <trkpt lat="46.552000902593135833740234375" lon="7.8709381632506847381591796875">
        <ele>1800</ele>
        <time>2025-08-24T10:54:41.000Z</time>
        <extensions>
          <ns3:TrackPointExtension>
            <ns3:hr>145</ns3:hr>
          </ns3:TrackPointExtension>
        </extensions>
      </trkpt>
      <trkpt lat="46.5520012378692626953125" lon="7.87093623541295528411865234375">
        <ele>1800.199951171875</ele>
        <time>2025-08-24T10:54:42.000Z</time>
        <extensions>
          <ns3:TrackPointExtension>
            <ns3:hr>146</ns3:hr>
          </ns3:TrackPointExtension>
        </extensions>
      </trkpt>
      <trkpt lat="46.55200098641216754913330078125" lon="7.870935313403606414794921875">
        <ele>1800.199951171875</ele>
        <time>2025-08-24T10:54:43.000Z</time>
        <extensions>
          <ns3:TrackPointExtension>
            <ns3:hr>149</ns3:hr>
          </ns3:TrackPointExtension>
        </extensions>
      </trkpt>
      <trkpt lat="46.55199931003153324127197265625" lon="7.8709311224520206451416015625">
        <ele>1800.5999755859375</ele>
        <time>2025-08-24T10:54:45.000Z</time>
        <extensions>
          <ns3:TrackPointExtension>
            <ns3:hr>148</ns3:hr>
          </ns3:TrackPointExtension>
        </extensions>
      </trkpt>
      <trkpt lat="46.551996208727359771728515625" lon="7.87093657068908214569091796875">
        <ele>1800.5999755859375</ele>
        <time>2025-08-24T10:54:49.000Z</time>
        <extensions>
          <ns3:TrackPointExtension>
            <ns3:hr>151</ns3:hr>
          </ns3:TrackPointExtension>
        </extensions>
      </trkpt>
      <trkpt lat="46.55199662782251834869384765625" lon="7.87093824706971645355224609375">
        <ele>1800.5999755859375</ele>
        <time>2025-08-24T10:54:50.000Z</time>
        <extensions>
          <ns3:TrackPointExtension>
            <ns3:hr>150</ns3:hr>
          </ns3:TrackPointExtension>
        </extensions>
      </trkpt>
      <trkpt lat="46.55199679546058177947998046875" lon="7.87093942053616046905517578125">
        <ele>1800.4000244140625</ele>
        <time>2025-08-24T10:54:53.000Z</time>
        <extensions>
          <ns3:TrackPointExtension>
            <ns3:hr>153</ns3:hr>
          </ns3:TrackPointExtension>
        </extensions>
      </trkpt>
      <trkpt lat="46.5519967116415500640869140625" lon="7.870939336717128753662109375">
        <ele>1800.199951171875</ele>
        <time>2025-08-24T10:55:03.000Z</time>
        <extensions>
          <ns3:TrackPointExtension>
            <ns3:hr>156</ns3:hr>
          </ns3:TrackPointExtension>
        </extensions>
      </trkpt>
      <trkpt lat="46.5519943647086620330810546875" lon="7.87093766033649444580078125">
        <ele>1800.199951171875</ele>
        <time>2025-08-24T10:55:10.000Z</time>
        <extensions>
          <ns3:TrackPointExtension>
            <ns3:hr>153</ns3:hr>
          </ns3:TrackPointExtension>
        </extensions>
      </trkpt>
      <trkpt lat="46.55199377797544002532958984375" lon="7.870937995612621307373046875">
        <ele>1800.199951171875</ele>
        <time>2025-08-24T10:55:13.000Z</time>
        <extensions>
          <ns3:TrackPointExtension>
            <ns3:hr>150</ns3:hr>
          </ns3:TrackPointExtension>
        </extensions>
      </trkpt>
      <trkpt lat="46.551984809339046478271484375" lon="7.8709395043551921844482421875">
        <ele>1800.4000244140625</ele>
        <time>2025-08-24T10:55:19.000Z</time>
        <extensions>
          <ns3:TrackPointExtension>
            <ns3:hr>147</ns3:hr>
          </ns3:TrackPointExtension>
        </extensions>
      </trkpt>
      <trkpt lat="46.55198086984455585479736328125" lon="7.87094344384968280792236328125">
        <ele>1800.199951171875</ele>
        <time>2025-08-24T10:55:28.000Z</time>
        <extensions>
          <ns3:TrackPointExtension>
            <ns3:hr>144</ns3:hr>
          </ns3:TrackPointExtension>
        </extensions>
      </trkpt>
      <trkpt lat="46.5519797801971435546875" lon="7.870944701135158538818359375">
        <ele>1800.199951171875</ele>
        <time>2025-08-24T10:55:32.000Z</time>
        <extensions>
          <ns3:TrackPointExtension>
            <ns3:hr>141</ns3:hr>
          </ns3:TrackPointExtension>
        </extensions>
      </trkpt>
      <trkpt lat="46.55197952874004840850830078125" lon="7.87094495259225368499755859375">
        <ele>1800.4000244140625</ele>
        <time>2025-08-24T10:55:34.000Z</time>
        <extensions>
          <ns3:TrackPointExtension>
            <ns3:hr>138</ns3:hr>
          </ns3:TrackPointExtension>
        </extensions>
      </trkpt>
      <trkpt lat="46.551979444921016693115234375" lon="7.87094512023031711578369140625">
        <ele>1800.5999755859375</ele>
        <time>2025-08-24T10:55:36.000Z</time>
        <extensions>
          <ns3:TrackPointExtension>
            <ns3:hr>134</ns3:hr>
          </ns3:TrackPointExtension>
        </extensions>
      </trkpt>
      <trkpt lat="46.55197902582585811614990234375" lon="7.870945371687412261962890625">
        <ele>1800.800048828125</ele>
        <time>2025-08-24T10:55:38.000Z</time>
        <extensions>
          <ns3:TrackPointExtension>
            <ns3:hr>131</ns3:hr>
          </ns3:TrackPointExtension>
        </extensions>
      </trkpt>
      <trkpt lat="46.5519789420068264007568359375" lon="7.87094579078257083892822265625">
        <ele>1800.800048828125</ele>
        <time>2025-08-24T10:55:41.000Z</time>
        <extensions>
          <ns3:TrackPointExtension>
            <ns3:hr>128</ns3:hr>
          </ns3:TrackPointExtension>
        </extensions>
      </trkpt>
      <trkpt lat="46.55197667889297008514404296875" lon="7.8709465451538562774658203125">
        <ele>1800.4000244140625</ele>
        <time>2025-08-24T10:55:50.000Z</time>
        <extensions>
          <ns3:TrackPointExtension>
            <ns3:hr>125</ns3:hr>
          </ns3:TrackPointExtension>
        </extensions>
      </trkpt>
      <trkpt lat="46.5519784390926361083984375" lon="7.8709465451538562774658203125">
        <ele>1800.4000244140625</ele>
        <time>2025-08-24T10:56:07.000Z</time>
        <extensions>
          <ns3:TrackPointExtension>
            <ns3:hr>122</ns3:hr>
          </ns3:TrackPointExtension>
        </extensions>
      </trkpt>
      <trkpt lat="46.55200685374438762664794921875" lon="7.8709130175411701202392578125">
        <ele>1800.4000244140625</ele>
        <time>2025-08-24T10:56:23.000Z</time>
        <extensions>
          <ns3:TrackPointExtension>
            <ns3:hr>125</ns3:hr>
          </ns3:TrackPointExtension>
        </extensions>
      </trkpt>
      <trkpt lat="46.55202143825590610504150390625" lon="7.87090019322931766510009765625">
        <ele>1800.4000244140625</ele>
        <time>2025-08-24T10:56:25.000Z</time>
        <extensions>
          <ns3:TrackPointExtension>
            <ns3:hr>126</ns3:hr>
          </ns3:TrackPointExtension>
        </extensions>
      </trkpt>
      <trkpt lat="46.55206359922885894775390625" lon="7.870852164924144744873046875">
        <ele>1800.4000244140625</ele>
        <time>2025-08-24T10:56:32.000Z</time>
        <extensions>
          <ns3:TrackPointExtension>
            <ns3:hr>126</ns3:hr>
          </ns3:TrackPointExtension>
        </extensions>
      </trkpt>
      <trkpt lat="46.552094779908657073974609375" lon="7.8707567788660526275634765625">
        <ele>1800.4000244140625</ele>
        <time>2025-08-24T10:56:40.000Z</time>
        <extensions>
          <ns3:TrackPointExtension>
            <ns3:hr>126</ns3:hr>
          </ns3:TrackPointExtension>
        </extensions>
      </trkpt>
      <trkpt lat="46.55208916403353214263916015625" lon="7.8706424497067928314208984375">
        <ele>1800.4000244140625</ele>
        <time>2025-08-24T10:56:50.000Z</time>
        <extensions>
          <ns3:TrackPointExtension>
            <ns3:hr>130</ns3:hr>
          </ns3:TrackPointExtension>
        </extensions>
      </trkpt>
      <trkpt lat="46.55206703580915927886962890625" lon="7.87060548551380634307861328125">
        <ele>1800.4000244140625</ele>
        <time>2025-08-24T10:56:54.000Z</time>
        <extensions>
          <ns3:TrackPointExtension>
            <ns3:hr>134</ns3:hr>
          </ns3:TrackPointExtension>
        </extensions>
      </trkpt>
      <trkpt lat="46.5520503558218479156494140625" lon="7.87057824432849884033203125">
        <ele>1807.4000244140625</ele>
        <time>2025-08-24T10:56:57.000Z</time>
        <extensions>
          <ns3:TrackPointExtension>
            <ns3:hr>137</ns3:hr>
          </ns3:TrackPointExtension>
        </extensions>
      </trkpt>
      <trkpt lat="46.55201741494238376617431640625" lon="7.87054463289678096771240234375">
        <ele>1807.4000244140625</ele>
        <time>2025-08-24T10:57:01.000Z</time>
        <extensions>
          <ns3:TrackPointExtension>
            <ns3:hr>140</ns3:hr>
          </ns3:TrackPointExtension>
        </extensions>
      </trkpt>
      <trkpt lat="46.5519812889397144317626953125" lon="7.870486713945865631103515625">
        <ele>1808.199951171875</ele>
        <time>2025-08-24T10:57:07.000Z</time>
        <extensions>
          <ns3:TrackPointExtension>
            <ns3:hr>142</ns3:hr>
          </ns3:TrackPointExtension>
        </extensions>
      </trkpt>
      <trkpt lat="46.55197349376976490020751953125" lon="7.87046835757791996002197265625">
        <ele>1808.4000244140625</ele>
        <time>2025-08-24T10:57:09.000Z</time>
        <extensions>
          <ns3:TrackPointExtension>
            <ns3:hr>144</ns3:hr>
          </ns3:TrackPointExtension>
        </extensions>
      </trkpt>
      <trkpt lat="46.55196427367627620697021484375" lon="7.8704298846423625946044921875">
        <ele>1808.800048828125</ele>
        <time>2025-08-24T10:57:12.000Z</time>
        <extensions>
          <ns3:TrackPointExtension>
            <ns3:hr>147</ns3:hr>
          </ns3:TrackPointExtension>
        </extensions>
      </trkpt>
      <trkpt lat="46.5519605018198490142822265625" lon="7.87040121853351593017578125">
        <ele>1809.4000244140625</ele>
        <time>2025-08-24T10:57:15.000Z</time>
        <extensions>
          <ns3:TrackPointExtension>
            <ns3:hr>150</ns3:hr>
          </ns3:TrackPointExtension>
        </extensions>
      </trkpt>
      <trkpt lat="46.551955975592136383056640625" lon="7.87038646638393402099609375">
        <ele>1809.4000244140625</ele>
        <time>2025-08-24T10:57:16.000Z</time>
        <extensions>
          <ns3:TrackPointExtension>
            <ns3:hr>151</ns3:hr>
          </ns3:TrackPointExtension>
        </extensions>
      </trkpt>
      <trkpt lat="46.551951281726360321044921875" lon="7.87035335786640644073486328125">
        <ele>1809.5999755859375</ele>
        <time>2025-08-24T10:57:18.000Z</time>
        <extensions>
          <ns3:TrackPointExtension>
            <ns3:hr>152</ns3:hr>
          </ns3:TrackPointExtension>
        </extensions>
      </trkpt>
      <trkpt lat="46.55194499529898166656494140625" lon="7.8702919185161590576171875">
        <ele>1810.4000244140625</ele>
        <time>2025-08-24T10:57:23.000Z</time>
        <extensions>
          <ns3:TrackPointExtension>
            <ns3:hr>154</ns3:hr>
          </ns3:TrackPointExtension>
        </extensions>
      </trkpt>
      <trkpt lat="46.55193694867193698883056640625" lon="7.87026836536824703216552734375">
        <ele>1810.800048828125</ele>
        <time>2025-08-24T10:57:25.000Z</time>
        <extensions>
          <ns3:TrackPointExtension>
            <ns3:hr>154</ns3:hr>
          </ns3:TrackPointExtension>
        </extensions>
      </trkpt>
      <trkpt lat="46.5519108809530735015869140625" lon="7.87018672563135623931884765625">
        <ele>1811.800048828125</ele>
        <time>2025-08-24T10:57:32.000Z</time>
        <extensions>
          <ns3:TrackPointExtension>
            <ns3:hr>156</ns3:hr>
          </ns3:TrackPointExtension>
        </extensions>
      </trkpt>
      <trkpt lat="46.55191004276275634765625" lon="7.87010374478995800018310546875">
        <ele>1813</ele>
        <time>2025-08-24T10:57:39.000Z</time>
        <extensions>
          <ns3:TrackPointExtension>
            <ns3:hr>156</ns3:hr>
          </ns3:TrackPointExtension>
        </extensions>
      </trkpt>
      <trkpt lat="46.55190962366759777069091796875" lon="7.8700925968587398529052734375">
        <ele>1813.199951171875</ele>
        <time>2025-08-24T10:57:40.000Z</time>
        <extensions>
          <ns3:TrackPointExtension>
            <ns3:hr>155</ns3:hr>
          </ns3:TrackPointExtension>
        </extensions>
      </trkpt>
      <trkpt lat="46.55190593563020229339599609375" lon="7.87005093879997730255126953125">
        <ele>1813.800048828125</ele>
        <time>2025-08-24T10:57:43.000Z</time>
        <extensions>
          <ns3:TrackPointExtension>
            <ns3:hr>155</ns3:hr>
          </ns3:TrackPointExtension>
        </extensions>
      </trkpt>
      <trkpt lat="46.55191062949597835540771484375" lon="7.87001305259764194488525390625">
        <ele>1814.199951171875</ele>
        <time>2025-08-24T10:57:46.000Z</time>
        <extensions>
          <ns3:TrackPointExtension>
            <ns3:hr>156</ns3:hr>
          </ns3:TrackPointExtension>
        </extensions>
      </trkpt>
      <trkpt lat="46.55190945602953433990478515625" lon="7.870006263256072998046875">
        <ele>1814.4000244140625</ele>
        <time>2025-08-24T10:57:47.000Z</time>
        <extensions>
          <ns3:TrackPointExtension>
            <ns3:hr>156</ns3:hr>
          </ns3:TrackPointExtension>
        </extensions>
      </trkpt>
      <trkpt lat="46.5519142337143421173095703125" lon="7.86996862851083278656005859375">
        <ele>1814.5999755859375</ele>
        <time>2025-08-24T10:57:50.000Z</time>
        <extensions>
          <ns3:TrackPointExtension>
            <ns3:hr>156</ns3:hr>
          </ns3:TrackPointExtension>
        </extensions>
      </trkpt>
      <trkpt lat="46.55191130004823207855224609375" lon="7.8699635155498981475830078125">
        <ele>1814.800048828125</ele>
        <time>2025-08-24T10:57:52.000Z</time>
        <extensions>
          <ns3:TrackPointExtension>
            <ns3:hr>158</ns3:hr>
          </ns3:TrackPointExtension>
        </extensions>
      </trkpt>
      <trkpt lat="46.55191029421985149383544921875" lon="7.86996309645473957061767578125">
        <ele>1815</ele>
        <time>2025-08-24T10:57:53.000Z</time>
        <extensions>
          <ns3:TrackPointExtension>
            <ns3:hr>158</ns3:hr>
          </ns3:TrackPointExtension>
        </extensions>
      </trkpt>
      <trkpt lat="46.55190979130566120147705078125" lon="7.8699494339525699615478515625">
        <ele>1815</ele>
        <time>2025-08-24T10:57:59.000Z</time>
        <extensions>
          <ns3:TrackPointExtension>
            <ns3:hr>159</ns3:hr>
          </ns3:TrackPointExtension>
        </extensions>
      </trkpt>
      <trkpt lat="46.5519078634679317474365234375" lon="7.86994935013353824615478515625">
        <ele>1815</ele>
        <time>2025-08-24T10:58:00.000Z</time>
        <extensions>
          <ns3:TrackPointExtension>
            <ns3:hr>159</ns3:hr>
          </ns3:TrackPointExtension>
        </extensions>
      </trkpt>
      <trkpt lat="46.5519071929156780242919921875" lon="7.86995404399931430816650390625">
        <ele>1815.199951171875</ele>
        <time>2025-08-24T10:58:03.000Z</time>
        <extensions>
          <ns3:TrackPointExtension>
            <ns3:hr>159</ns3:hr>
          </ns3:TrackPointExtension>
        </extensions>
      </trkpt>
      <trkpt lat="46.55190777964890003204345703125" lon="7.86995538510382175445556640625">
        <ele>1815.199951171875</ele>
        <time>2025-08-24T10:58:10.000Z</time>
        <extensions>
          <ns3:TrackPointExtension>
            <ns3:hr>156</ns3:hr>
          </ns3:TrackPointExtension>
        </extensions>
      </trkpt>
      <trkpt lat="46.55190777964890003204345703125" lon="7.86995421163737773895263671875">
        <ele>1815</ele>
        <time>2025-08-24T10:58:14.000Z</time>
        <extensions>
          <ns3:TrackPointExtension>
            <ns3:hr>153</ns3:hr>
          </ns3:TrackPointExtension>
        </extensions>
      </trkpt>
      <trkpt lat="46.55190861783921718597412109375" lon="7.86995421163737773895263671875">
        <ele>1815</ele>
        <time>2025-08-24T10:58:18.000Z</time>
        <extensions>
          <ns3:TrackPointExtension>
            <ns3:hr>150</ns3:hr>
          </ns3:TrackPointExtension>
        </extensions>
      </trkpt>
      <trkpt lat="46.551913060247898101806640625" lon="7.8699539601802825927734375">
        <ele>1814.800048828125</ele>
        <time>2025-08-24T10:58:28.000Z</time>
        <extensions>
          <ns3:TrackPointExtension>
            <ns3:hr>147</ns3:hr>
          </ns3:TrackPointExtension>
        </extensions>
      </trkpt>
      <trkpt lat="46.5519162453711032867431640625" lon="7.86995328962802886962890625">
        <ele>1815</ele>
        <time>2025-08-24T10:58:36.000Z</time>
        <extensions>
          <ns3:TrackPointExtension>
            <ns3:hr>144</ns3:hr>
          </ns3:TrackPointExtension>
        </extensions>
      </trkpt>
      <trkpt lat="46.5519199334084987640380859375" lon="7.869951613247394561767578125">
        <ele>1814.5999755859375</ele>
        <time>2025-08-24T10:58:43.000Z</time>
        <extensions>
          <ns3:TrackPointExtension>
            <ns3:hr>141</ns3:hr>
          </ns3:TrackPointExtension>
        </extensions>
      </trkpt>
      <trkpt lat="46.5519206039607524871826171875" lon="7.8699487634003162384033203125">
        <ele>1814.800048828125</ele>
        <time>2025-08-24T10:58:46.000Z</time>
        <extensions>
          <ns3:TrackPointExtension>
            <ns3:hr>137</ns3:hr>
          </ns3:TrackPointExtension>
        </extensions>
      </trkpt>
      <trkpt lat="46.55192152597010135650634765625" lon="7.86994633264839649200439453125">
        <ele>1814.800048828125</ele>
        <time>2025-08-24T10:58:50.000Z</time>
        <extensions>
          <ns3:TrackPointExtension>
            <ns3:hr>134</ns3:hr>
          </ns3:TrackPointExtension>
        </extensions>
      </trkpt>
      <trkpt lat="46.5519219450652599334716796875" lon="7.86994549445807933807373046875">
        <ele>1814.800048828125</ele>
        <time>2025-08-24T10:58:53.000Z</time>
        <extensions>
          <ns3:TrackPointExtension>
            <ns3:hr>130</ns3:hr>
          </ns3:TrackPointExtension>
        </extensions>
      </trkpt>
      <trkpt lat="46.551922447979450225830078125" lon="7.8699454106390476226806640625">
        <ele>1814.800048828125</ele>
        <time>2025-08-24T10:58:55.000Z</time>
        <extensions>
          <ns3:TrackPointExtension>
            <ns3:hr>124</ns3:hr>
          </ns3:TrackPointExtension>
        </extensions>
      </trkpt>
      <trkpt lat="46.55192278325557708740234375" lon="7.86994532682001590728759765625">
        <ele>1814.800048828125</ele>
        <time>2025-08-24T10:58:56.000Z</time>
        <extensions>
          <ns3:TrackPointExtension>
            <ns3:hr>121</ns3:hr>
          </ns3:TrackPointExtension>
        </extensions>
      </trkpt>
      <trkpt lat="46.55192722566425800323486328125" lon="7.86994465626776218414306640625">
        <ele>1815</ele>
        <time>2025-08-24T10:59:28.000Z</time>
        <extensions>
          <ns3:TrackPointExtension>
            <ns3:hr>118</ns3:hr>
          </ns3:TrackPointExtension>
        </extensions>
      </trkpt>
      <trkpt lat="46.5519273094832897186279296875" lon="7.86994465626776218414306640625">
        <ele>1815</ele>
        <time>2025-08-24T10:59:30.000Z</time>
        <extensions>
          <ns3:TrackPointExtension>
            <ns3:hr>114</ns3:hr>
          </ns3:TrackPointExtension>
        </extensions>
      </trkpt>
      <trkpt lat="46.55192772857844829559326171875" lon="7.8699423931539058685302734375">
        <ele>1815</ele>
        <time>2025-08-24T10:59:43.000Z</time>
        <extensions>
          <ns3:TrackPointExtension>
            <ns3:hr>111</ns3:hr>
          </ns3:TrackPointExtension>
        </extensions>
      </trkpt>
      <trkpt lat="46.55193778686225414276123046875" lon="7.86995865404605865478515625">
        <ele>1815</ele>
        <time>2025-08-24T11:00:10.000Z</time>
        <extensions>
          <ns3:TrackPointExtension>
            <ns3:hr>114</ns3:hr>
          </ns3:TrackPointExtension>
        </extensions>
      </trkpt>
      <trkpt lat="46.55193812213838100433349609375" lon="7.8699598275125026702880859375">
        <ele>1815.4000244140625</ele>
        <time>2025-08-24T11:00:16.000Z</time>
        <extensions>
          <ns3:TrackPointExtension>
            <ns3:hr>117</ns3:hr>
          </ns3:TrackPointExtension>
        </extensions>
      </trkpt>
      <trkpt lat="46.55193845741450786590576171875" lon="7.8699618391692638397216796875">
        <ele>1815.4000244140625</ele>
        <time>2025-08-24T11:00:26.000Z</time>
        <extensions>
          <ns3:TrackPointExtension>
            <ns3:hr>120</ns3:hr>
          </ns3:TrackPointExtension>
        </extensions>
      </trkpt>
      <trkpt lat="46.551935859024524688720703125" lon="7.8699765913188457489013671875">
        <ele>1815.4000244140625</ele>
        <time>2025-08-24T11:00:47.000Z</time>
        <extensions>
          <ns3:TrackPointExtension>
            <ns3:hr>117</ns3:hr>
          </ns3:TrackPointExtension>
        </extensions>
      </trkpt>
      <trkpt lat="46.5519544668495655059814453125" lon="7.86989319138228893280029296875">
        <ele>1815.4000244140625</ele>
        <time>2025-08-24T11:01:03.000Z</time>
        <extensions>
          <ns3:TrackPointExtension>
            <ns3:hr>117</ns3:hr>
          </ns3:TrackPointExtension>
        </extensions>
      </trkpt>
      <trkpt lat="46.55196175910532474517822265625" lon="7.86984189413487911224365234375">
        <ele>1815.4000244140625</ele>
        <time>2025-08-24T11:01:06.000Z</time>
        <extensions>
          <ns3:TrackPointExtension>
            <ns3:hr>120</ns3:hr>
          </ns3:TrackPointExtension>
        </extensions>
      </trkpt>
      <trkpt lat="46.55197986401617527008056640625" lon="7.86975882947444915771484375">
        <ele>1815.4000244140625</ele>
        <time>2025-08-24T11:01:11.000Z</time>
        <extensions>
          <ns3:TrackPointExtension>
            <ns3:hr>122</ns3:hr>
          </ns3:TrackPointExtension>
        </extensions>
      </trkpt>
      <trkpt lat="46.5519896708428859710693359375" lon="7.869724296033382415771484375">
        <ele>1818</ele>
        <time>2025-08-24T11:01:13.000Z</time>
        <extensions>
          <ns3:TrackPointExtension>
            <ns3:hr>123</ns3:hr>
          </ns3:TrackPointExtension>
        </extensions>
      </trkpt>
      <trkpt lat="46.551992855966091156005859375" lon="7.86967299878597259521484375">
        <ele>1818</ele>
        <time>2025-08-24T11:01:17.000Z</time>
        <extensions>
          <ns3:TrackPointExtension>
            <ns3:hr>128</ns3:hr>
          </ns3:TrackPointExtension>
        </extensions>
      </trkpt>
      <trkpt lat="46.55199964530766010284423828125" lon="7.86962312646210193634033203125">
        <ele>1818.5999755859375</ele>
        <time>2025-08-24T11:01:21.000Z</time>
        <extensions>
          <ns3:TrackPointExtension>
            <ns3:hr>129</ns3:hr>
          </ns3:TrackPointExtension>
        </extensions>
      </trkpt>
      <trkpt lat="46.55200316570699214935302734375" lon="7.869598567485809326171875">
        <ele>1819</ele>
        <time>2025-08-24T11:01:23.000Z</time>
        <extensions>
          <ns3:TrackPointExtension>
            <ns3:hr>131</ns3:hr>
          </ns3:TrackPointExtension>
        </extensions>
      </trkpt>
      <trkpt lat="46.55200920067727565765380859375" lon="7.86953947506844997406005859375">
        <ele>1819.5999755859375</ele>
        <time>2025-08-24T11:01:27.000Z</time>
        <extensions>
          <ns3:TrackPointExtension>
            <ns3:hr>134</ns3:hr>
          </ns3:TrackPointExtension>
        </extensions>
      </trkpt>
      <trkpt lat="46.55200836248695850372314453125" lon="7.86952824331820011138916015625">
        <ele>1819.800048828125</ele>
        <time>2025-08-24T11:01:28.000Z</time>
        <extensions>
          <ns3:TrackPointExtension>
            <ns3:hr>135</ns3:hr>
          </ns3:TrackPointExtension>
        </extensions>
      </trkpt>
      <trkpt lat="46.5520133078098297119140625" lon="7.86951416172087192535400390625">
        <ele>1820</ele>
        <time>2025-08-24T11:01:29.000Z</time>
        <extensions>
          <ns3:TrackPointExtension>
            <ns3:hr>135</ns3:hr>
          </ns3:TrackPointExtension>
        </extensions>
      </trkpt>
      <trkpt lat="46.552023701369762420654296875" lon="7.86948633380234241485595703125">
        <ele>1820.4000244140625</ele>
        <time>2025-08-24T11:01:32.000Z</time>
        <extensions>
          <ns3:TrackPointExtension>
            <ns3:hr>138</ns3:hr>
          </ns3:TrackPointExtension>
        </extensions>
      </trkpt>
      <trkpt lat="46.55204038135707378387451171875" lon="7.8694532252848148345947265625">
        <ele>1820.800048828125</ele>
        <time>2025-08-24T11:01:35.000Z</time>
        <extensions>
          <ns3:TrackPointExtension>
            <ns3:hr>141</ns3:hr>
          </ns3:TrackPointExtension>
        </extensions>
      </trkpt>
      <trkpt lat="46.55205060727894306182861328125" lon="7.8694404847919940948486328125">
        <ele>1821</ele>
        <time>2025-08-24T11:01:36.000Z</time>
        <extensions>
          <ns3:TrackPointExtension>
            <ns3:hr>141</ns3:hr>
          </ns3:TrackPointExtension>
        </extensions>
      </trkpt>
      <trkpt lat="46.552102826535701751708984375" lon="7.86936328746378421783447265625">
        <ele>1822</ele>
        <time>2025-08-24T11:01:43.000Z</time>
        <extensions>
          <ns3:TrackPointExtension>
            <ns3:hr>141</ns3:hr>
          </ns3:TrackPointExtension>
        </extensions>
      </trkpt>
      <trkpt lat="46.55213040299713611602783203125" lon="7.869254909455776214599609375">
        <ele>1823.199951171875</ele>
        <time>2025-08-24T11:01:51.000Z</time>
        <extensions>
          <ns3:TrackPointExtension>
            <ns3:hr>141</ns3:hr>
          </ns3:TrackPointExtension>
        </extensions>
      </trkpt>
      <trkpt lat="46.55216828919947147369384765625" lon="7.86914971657097339630126953125">
        <ele>1824.4000244140625</ele>
        <time>2025-08-24T11:01:58.000Z</time>
        <extensions>
          <ns3:TrackPointExtension>
            <ns3:hr>144</ns3:hr>
          </ns3:TrackPointExtension>
        </extensions>
      </trkpt>
      <trkpt lat="46.552173234522342681884765625" lon="7.8691343776881694793701171875">
        <ele>1824.5999755859375</ele>
        <time>2025-08-24T11:01:59.000Z</time>
        <extensions>
          <ns3:TrackPointExtension>
            <ns3:hr>144</ns3:hr>
          </ns3:TrackPointExtension>
        </extensions>
      </trkpt>
      <trkpt lat="46.55218874104321002960205078125" lon="7.8690435178577899932861328125">
        <ele>1825.4000244140625</ele>
        <time>2025-08-24T11:02:05.000Z</time>
        <extensions>
          <ns3:TrackPointExtension>
            <ns3:hr>146</ns3:hr>
          </ns3:TrackPointExtension>
        </extensions>
      </trkpt>
      <trkpt lat="46.5521962009370326995849609375" lon="7.86901258863508701324462890625">
        <ele>1825.5999755859375</ele>
        <time>2025-08-24T11:02:07.000Z</time>
        <extensions>
          <ns3:TrackPointExtension>
            <ns3:hr>147</ns3:hr>
          </ns3:TrackPointExtension>
        </extensions>
      </trkpt>
      <trkpt lat="46.55222511850297451019287109375" lon="7.86893212236464023590087890625">
        <ele>1826.4000244140625</ele>
        <time>2025-08-24T11:02:13.000Z</time>
        <extensions>
          <ns3:TrackPointExtension>
            <ns3:hr>150</ns3:hr>
          </ns3:TrackPointExtension>
        </extensions>
      </trkpt>
      <trkpt lat="46.5522303991019725799560546875" lon="7.86891996860504150390625">
        <ele>1826.5999755859375</ele>
        <time>2025-08-24T11:02:14.000Z</time>
        <extensions>
          <ns3:TrackPointExtension>
            <ns3:hr>152</ns3:hr>
          </ns3:TrackPointExtension>
        </extensions>
      </trkpt>
      <trkpt lat="46.55225244350731372833251953125" lon="7.8688886202871799468994140625">
        <ele>1826.5999755859375</ele>
        <time>2025-08-24T11:02:17.000Z</time>
        <extensions>
          <ns3:TrackPointExtension>
            <ns3:hr>155</ns3:hr>
          </ns3:TrackPointExtension>
        </extensions>
      </trkpt>
      <trkpt lat="46.552294604480266571044921875" lon="7.86881293170154094696044921875">
        <ele>1827.4000244140625</ele>
        <time>2025-08-24T11:02:24.000Z</time>
        <extensions>
          <ns3:TrackPointExtension>
            <ns3:hr>156</ns3:hr>
          </ns3:TrackPointExtension>
        </extensions>
      </trkpt>
      <trkpt lat="46.55230340547859668731689453125" lon="7.868796922266483306884765625">
        <ele>1827.800048828125</ele>
        <time>2025-08-24T11:02:25.000Z</time>
        <extensions>
          <ns3:TrackPointExtension>
            <ns3:hr>156</ns3:hr>
          </ns3:TrackPointExtension>
        </extensions>
      </trkpt>
      <trkpt lat="46.55234246514737606048583984375" lon="7.8687035478651523590087890625">
        <ele>1828.800048828125</ele>
        <time>2025-08-24T11:02:32.000Z</time>
        <extensions>
          <ns3:TrackPointExtension>
            <ns3:hr>155</ns3:hr>
          </ns3:TrackPointExtension>
        </extensions>
      </trkpt>
      <trkpt lat="46.552352271974086761474609375" lon="7.86868485622107982635498046875">
        <ele>1829</ele>
        <time>2025-08-24T11:02:34.000Z</time>
        <extensions>
          <ns3:TrackPointExtension>
            <ns3:hr>154</ns3:hr>
          </ns3:TrackPointExtension>
        </extensions>
      </trkpt>
      <trkpt lat="46.55241153202950954437255859375" lon="7.86859567277133464813232421875">
        <ele>1829.800048828125</ele>
        <time>2025-08-24T11:02:42.000Z</time>
        <extensions>
          <ns3:TrackPointExtension>
            <ns3:hr>153</ns3:hr>
          </ns3:TrackPointExtension>
        </extensions>
      </trkpt>
      <trkpt lat="46.5524248592555522918701171875" lon="7.868573628365993499755859375">
        <ele>1830.199951171875</ele>
        <time>2025-08-24T11:02:44.000Z</time>
        <extensions>
          <ns3:TrackPointExtension>
            <ns3:hr>154</ns3:hr>
          </ns3:TrackPointExtension>
        </extensions>
      </trkpt>
      <trkpt lat="46.5524536930024623870849609375" lon="7.86852140910923480987548828125">
        <ele>1830.800048828125</ele>
        <time>2025-08-24T11:02:49.000Z</time>
        <extensions>
          <ns3:TrackPointExtension>
            <ns3:hr>154</ns3:hr>
          </ns3:TrackPointExtension>
        </extensions>
      </trkpt>
      <trkpt lat="46.5524704568088054656982421875" lon="7.8684695251286029815673828125">
        <ele>1831.4000244140625</ele>
        <time>2025-08-24T11:02:53.000Z</time>
        <extensions>
          <ns3:TrackPointExtension>
            <ns3:hr>156</ns3:hr>
          </ns3:TrackPointExtension>
        </extensions>
      </trkpt>
      <trkpt lat="46.55248831026256084442138671875" lon="7.86842451430857181549072265625">
        <ele>1831.800048828125</ele>
        <time>2025-08-24T11:02:57.000Z</time>
        <extensions>
          <ns3:TrackPointExtension>
            <ns3:hr>157</ns3:hr>
          </ns3:TrackPointExtension>
        </extensions>
      </trkpt>
      <trkpt lat="46.55252636410295963287353515625" lon="7.86834119819104671478271484375">
        <ele>1832.5999755859375</ele>
        <time>2025-08-24T11:03:03.000Z</time>
        <extensions>
          <ns3:TrackPointExtension>
            <ns3:hr>157</ns3:hr>
          </ns3:TrackPointExtension>
        </extensions>
      </trkpt>
      <trkpt lat="46.552552096545696258544921875" lon="7.86829375661909580230712890625">
        <ele>1833</ele>
        <time>2025-08-24T11:03:06.000Z</time>
        <extensions>
          <ns3:TrackPointExtension>
            <ns3:hr>157</ns3:hr>
          </ns3:TrackPointExtension>
        </extensions>
      </trkpt>
      <trkpt lat="46.55259559862315654754638671875" lon="7.86820926703512668609619140625">
        <ele>1833.5999755859375</ele>
        <time>2025-08-24T11:03:13.000Z</time>
        <extensions>
          <ns3:TrackPointExtension>
            <ns3:hr>156</ns3:hr>
          </ns3:TrackPointExtension>
        </extensions>
      </trkpt>
      <trkpt lat="46.55260800383985042572021484375" lon="7.8681801818311214447021484375">
        <ele>1834</ele>
        <time>2025-08-24T11:03:15.000Z</time>
        <extensions>
          <ns3:TrackPointExtension>
            <ns3:hr>156</ns3:hr>
          </ns3:TrackPointExtension>
        </extensions>
      </trkpt>
      <trkpt lat="46.55263750813901424407958984375" lon="7.8681166470050811767578125">
        <ele>1835</ele>
        <time>2025-08-24T11:03:21.000Z</time>
        <extensions>
          <ns3:TrackPointExtension>
            <ns3:hr>157</ns3:hr>
          </ns3:TrackPointExtension>
        </extensions>
      </trkpt>
      <trkpt lat="46.552647314965724945068359375" lon="7.86809225566685199737548828125">
        <ele>1835.4000244140625</ele>
        <time>2025-08-24T11:03:23.000Z</time>
        <extensions>
          <ns3:TrackPointExtension>
            <ns3:hr>157</ns3:hr>
          </ns3:TrackPointExtension>
        </extensions>
      </trkpt>
      <trkpt lat="46.55267086811363697052001953125" lon="7.8680388629436492919921875">
        <ele>1836.199951171875</ele>
        <time>2025-08-24T11:03:28.000Z</time>
        <extensions>
          <ns3:TrackPointExtension>
            <ns3:hr>157</ns3:hr>
          </ns3:TrackPointExtension>
        </extensions>
      </trkpt>
      <trkpt lat="46.55268629081547260284423828125" lon="7.86801463924348354339599609375">
        <ele>1836.800048828125</ele>
        <time>2025-08-24T11:03:31.000Z</time>
        <extensions>
          <ns3:TrackPointExtension>
            <ns3:hr>158</ns3:hr>
          </ns3:TrackPointExtension>
        </extensions>
      </trkpt>
      <trkpt lat="46.5527115203440189361572265625" lon="7.867982871830463409423828125">
        <ele>1837.199951171875</ele>
        <time>2025-08-24T11:03:34.000Z</time>
        <extensions>
          <ns3:TrackPointExtension>
            <ns3:hr>158</ns3:hr>
          </ns3:TrackPointExtension>
        </extensions>
      </trkpt>
      <trkpt lat="46.55274446122348308563232421875" lon="7.867910452187061309814453125">
        <ele>1838.4000244140625</ele>
        <time>2025-08-24T11:03:40.000Z</time>
        <extensions>
          <ns3:TrackPointExtension>
            <ns3:hr>158</ns3:hr>
          </ns3:TrackPointExtension>
        </extensions>
      </trkpt>
      <trkpt lat="46.55278352089226245880126953125" lon="7.86783828400075435638427734375">
        <ele>1839.199951171875</ele>
        <time>2025-08-24T11:03:46.000Z</time>
        <extensions>
          <ns3:TrackPointExtension>
            <ns3:hr>155</ns3:hr>
          </ns3:TrackPointExtension>
        </extensions>
      </trkpt>
      <trkpt lat="46.55278419144451618194580078125" lon="7.86782898008823394775390625">
        <ele>1839.5999755859375</ele>
        <time>2025-08-24T11:03:47.000Z</time>
        <extensions>
          <ns3:TrackPointExtension>
            <ns3:hr>154</ns3:hr>
          </ns3:TrackPointExtension>
        </extensions>
      </trkpt>
      <trkpt lat="46.55280648730695247650146484375" lon="7.86779084242880344390869140625">
        <ele>1840</ele>
        <time>2025-08-24T11:03:50.000Z</time>
        <extensions>
          <ns3:TrackPointExtension>
            <ns3:hr>151</ns3:hr>
          </ns3:TrackPointExtension>
        </extensions>
      </trkpt>
      <trkpt lat="46.5528248436748981475830078125" lon="7.867770977318286895751953125">
        <ele>1840.4000244140625</ele>
        <time>2025-08-24T11:03:52.000Z</time>
        <extensions>
          <ns3:TrackPointExtension>
            <ns3:hr>151</ns3:hr>
          </ns3:TrackPointExtension>
        </extensions>
      </trkpt>
      <trkpt lat="46.552830040454864501953125" lon="7.8677614219486713409423828125">
        <ele>1840.5999755859375</ele>
        <time>2025-08-24T11:03:53.000Z</time>
        <extensions>
          <ns3:TrackPointExtension>
            <ns3:hr>151</ns3:hr>
          </ns3:TrackPointExtension>
        </extensions>
      </trkpt>
      <trkpt lat="46.5528850257396697998046875" lon="7.8676973842084407806396484375">
        <ele>1841.199951171875</ele>
        <time>2025-08-24T11:04:00.000Z</time>
        <extensions>
          <ns3:TrackPointExtension>
            <ns3:hr>154</ns3:hr>
          </ns3:TrackPointExtension>
        </extensions>
      </trkpt>
      <trkpt lat="46.5529026277363300323486328125" lon="7.867678105831146240234375">
        <ele>1841.5999755859375</ele>
        <time>2025-08-24T11:04:02.000Z</time>
        <extensions>
          <ns3:TrackPointExtension>
            <ns3:hr>156</ns3:hr>
          </ns3:TrackPointExtension>
        </extensions>
      </trkpt>
      <trkpt lat="46.5529063157737255096435546875" lon="7.867670394480228424072265625">
        <ele>1841.5999755859375</ele>
        <time>2025-08-24T11:04:03.000Z</time>
        <extensions>
          <ns3:TrackPointExtension>
            <ns3:hr>156</ns3:hr>
          </ns3:TrackPointExtension>
        </extensions>
      </trkpt>
      <trkpt lat="46.55297295190393924713134765625" lon="7.86761884577572345733642578125">
        <ele>1842.199951171875</ele>
        <time>2025-08-24T11:04:10.000Z</time>
        <extensions>
          <ns3:TrackPointExtension>
            <ns3:hr>158</ns3:hr>
          </ns3:TrackPointExtension>
        </extensions>
      </trkpt>
      <trkpt lat="46.553017795085906982421875" lon="7.867591939866542816162109375">
        <ele>1842.5999755859375</ele>
        <time>2025-08-24T11:04:14.000Z</time>
        <extensions>
          <ns3:TrackPointExtension>
            <ns3:hr>158</ns3:hr>
          </ns3:TrackPointExtension>
        </extensions>
      </trkpt>
      <trkpt lat="46.55307889916002750396728515625" lon="7.86757643334567546844482421875">
        <ele>1843.5999755859375</ele>
        <time>2025-08-24T11:04:20.000Z</time>
        <extensions>
          <ns3:TrackPointExtension>
            <ns3:hr>158</ns3:hr>
          </ns3:TrackPointExtension>
        </extensions>
      </trkpt>
      <trkpt lat="46.5531047992408275604248046875" lon="7.8675753436982631683349609375">
        <ele>1843.800048828125</ele>
        <time>2025-08-24T11:04:22.000Z</time>
        <extensions>
          <ns3:TrackPointExtension>
            <ns3:hr>157</ns3:hr>
          </ns3:TrackPointExtension>
        </extensions>
      </trkpt>
      <trkpt lat="46.553135477006435394287109375" lon="7.8675820492208003997802734375">
        <ele>1843.800048828125</ele>
        <time>2025-08-24T11:04:25.000Z</time>
        <extensions>
          <ns3:TrackPointExtension>
            <ns3:hr>157</ns3:hr>
          </ns3:TrackPointExtension>
        </extensions>
      </trkpt>
      <trkpt lat="46.55316724441945552825927734375" lon="7.867608703672885894775390625">
        <ele>1844</ele>
        <time>2025-08-24T11:04:28.000Z</time>
        <extensions>
          <ns3:TrackPointExtension>
            <ns3:hr>158</ns3:hr>
          </ns3:TrackPointExtension>
        </extensions>
      </trkpt>
      <trkpt lat="46.55322792939841747283935546875" lon="7.8676631860435009002685546875">
        <ele>1844.4000244140625</ele>
        <time>2025-08-24T11:04:35.000Z</time>
        <extensions>
          <ns3:TrackPointExtension>
            <ns3:hr>158</ns3:hr>
          </ns3:TrackPointExtension>
        </extensions>
      </trkpt>
      <trkpt lat="46.5532308630645275115966796875" lon="7.8676732443273067474365234375">
        <ele>1844.5999755859375</ele>
        <time>2025-08-24T11:04:36.000Z</time>
        <extensions>
          <ns3:TrackPointExtension>
            <ns3:hr>158</ns3:hr>
          </ns3:TrackPointExtension>
        </extensions>
      </trkpt>
      <trkpt lat="46.55323798768222332000732421875" lon="7.867688834667205810546875">
        <ele>1844.800048828125</ele>
        <time>2025-08-24T11:04:37.000Z</time>
        <extensions>
          <ns3:TrackPointExtension>
            <ns3:hr>158</ns3:hr>
          </ns3:TrackPointExtension>
        </extensions>
      </trkpt>
      <trkpt lat="46.5532838366925716400146484375" lon="7.86776687018573284149169921875">
        <ele>1845.199951171875</ele>
        <time>2025-08-24T11:04:44.000Z</time>
        <extensions>
          <ns3:TrackPointExtension>
            <ns3:hr>156</ns3:hr>
          </ns3:TrackPointExtension>
        </extensions>
      </trkpt>
      <trkpt lat="46.55329582281410694122314453125" lon="7.86780006252229213714599609375">
        <ele>1845.4000244140625</ele>
        <time>2025-08-24T11:04:46.000Z</time>
        <extensions>
          <ns3:TrackPointExtension>
            <ns3:hr>153</ns3:hr>
          </ns3:TrackPointExtension>
        </extensions>
      </trkpt>
      <trkpt lat="46.5533116646111011505126953125" lon="7.867850773036479949951171875">
        <ele>1845.800048828125</ele>
        <time>2025-08-24T11:04:49.000Z</time>
        <extensions>
          <ns3:TrackPointExtension>
            <ns3:hr>153</ns3:hr>
          </ns3:TrackPointExtension>
        </extensions>
      </trkpt>
      <trkpt lat="46.5533354692161083221435546875" lon="7.8679226897656917572021484375">
        <ele>1846.199951171875</ele>
        <time>2025-08-24T11:04:54.000Z</time>
        <extensions>
          <ns3:TrackPointExtension>
            <ns3:hr>154</ns3:hr>
          </ns3:TrackPointExtension>
        </extensions>
      </trkpt>
      <trkpt lat="46.553334295749664306640625" lon="7.8680013120174407958984375">
        <ele>1846.800048828125</ele>
        <time>2025-08-24T11:04:59.000Z</time>
        <extensions>
          <ns3:TrackPointExtension>
            <ns3:hr>154</ns3:hr>
          </ns3:TrackPointExtension>
        </extensions>
      </trkpt>
      <trkpt lat="46.55333890579640865325927734375" lon="7.86805755458772182464599609375">
        <ele>1847.4000244140625</ele>
        <time>2025-08-24T11:05:03.000Z</time>
        <extensions>
          <ns3:TrackPointExtension>
            <ns3:hr>154</ns3:hr>
          </ns3:TrackPointExtension>
        </extensions>
      </trkpt>
      <trkpt lat="46.55333538539707660675048828125" lon="7.8681057505309581756591796875">
        <ele>1848</ele>
        <time>2025-08-24T11:05:06.000Z</time>
        <extensions>
          <ns3:TrackPointExtension>
            <ns3:hr>152</ns3:hr>
          </ns3:TrackPointExtension>
        </extensions>
      </trkpt>
      <trkpt lat="46.5533418394625186920166015625" lon="7.86818948574364185333251953125">
        <ele>1848.800048828125</ele>
        <time>2025-08-24T11:05:12.000Z</time>
        <extensions>
          <ns3:TrackPointExtension>
            <ns3:hr>151</ns3:hr>
          </ns3:TrackPointExtension>
        </extensions>
      </trkpt>
      <trkpt lat="46.55333991162478923797607421875" lon="7.868204154074192047119140625">
        <ele>1849</ele>
        <time>2025-08-24T11:05:13.000Z</time>
        <extensions>
          <ns3:TrackPointExtension>
            <ns3:hr>151</ns3:hr>
          </ns3:TrackPointExtension>
        </extensions>
      </trkpt>
      <trkpt lat="46.5533203817903995513916015625" lon="7.86831353791058063507080078125">
        <ele>1850.199951171875</ele>
        <time>2025-08-24T11:05:20.000Z</time>
        <extensions>
          <ns3:TrackPointExtension>
            <ns3:hr>152</ns3:hr>
          </ns3:TrackPointExtension>
        </extensions>
      </trkpt>
      <trkpt lat="46.553323566913604736328125" lon="7.868327535688877105712890625">
        <ele>1850.4000244140625</ele>
        <time>2025-08-24T11:05:21.000Z</time>
        <extensions>
          <ns3:TrackPointExtension>
            <ns3:hr>152</ns3:hr>
          </ns3:TrackPointExtension>
        </extensions>
      </trkpt>
      <trkpt lat="46.55332465656101703643798828125" lon="7.86838947795331478118896484375">
        <ele>1851</ele>
        <time>2025-08-24T11:05:26.000Z</time>
        <extensions>
          <ns3:TrackPointExtension>
            <ns3:hr>153</ns3:hr>
          </ns3:TrackPointExtension>
        </extensions>
      </trkpt>
      <trkpt lat="46.55332365073263645172119140625" lon="7.868403978645801544189453125">
        <ele>1851.199951171875</ele>
        <time>2025-08-24T11:05:27.000Z</time>
        <extensions>
          <ns3:TrackPointExtension>
            <ns3:hr>153</ns3:hr>
          </ns3:TrackPointExtension>
        </extensions>
      </trkpt>
      <trkpt lat="46.553329266607761383056640625" lon="7.86849643103778362274169921875">
        <ele>1852</ele>
        <time>2025-08-24T11:05:34.000Z</time>
        <extensions>
          <ns3:TrackPointExtension>
            <ns3:hr>153</ns3:hr>
          </ns3:TrackPointExtension>
        </extensions>
      </trkpt>
      <trkpt lat="46.55333119444549083709716796875" lon="7.86852861754596233367919921875">
        <ele>1852.4000244140625</ele>
        <time>2025-08-24T11:05:36.000Z</time>
        <extensions>
          <ns3:TrackPointExtension>
            <ns3:hr>153</ns3:hr>
          </ns3:TrackPointExtension>
        </extensions>
      </trkpt>
      <trkpt lat="46.55333119444549083709716796875" lon="7.86862081848084926605224609375">
        <ele>1852.800048828125</ele>
        <time>2025-08-24T11:05:41.000Z</time>
        <extensions>
          <ns3:TrackPointExtension>
            <ns3:hr>154</ns3:hr>
          </ns3:TrackPointExtension>
        </extensions>
      </trkpt>
      <trkpt lat="46.5533435158431529998779296875" lon="7.86866608075797557830810546875">
        <ele>1853.199951171875</ele>
        <time>2025-08-24T11:05:44.000Z</time>
        <extensions>
          <ns3:TrackPointExtension>
            <ns3:hr>157</ns3:hr>
          </ns3:TrackPointExtension>
        </extensions>
      </trkpt>
      <trkpt lat="46.5533398278057575225830078125" lon="7.86871938966214656829833984375">
        <ele>1853.4000244140625</ele>
        <time>2025-08-24T11:05:47.000Z</time>
        <extensions>
          <ns3:TrackPointExtension>
            <ns3:hr>159</ns3:hr>
          </ns3:TrackPointExtension>
        </extensions>
      </trkpt>
      <trkpt lat="46.55334376730024814605712890625" lon="7.86887814290821552276611328125">
        <ele>1854.4000244140625</ele>
        <time>2025-08-24T11:05:57.000Z</time>
        <extensions>
          <ns3:TrackPointExtension>
            <ns3:hr>158</ns3:hr>
          </ns3:TrackPointExtension>
        </extensions>
      </trkpt>
      <trkpt lat="46.553344689309597015380859375" lon="7.86889440380036830902099609375">
        <ele>1854.5999755859375</ele>
        <time>2025-08-24T11:05:58.000Z</time>
        <extensions>
          <ns3:TrackPointExtension>
            <ns3:hr>158</ns3:hr>
          </ns3:TrackPointExtension>
        </extensions>
      </trkpt>
      <trkpt lat="46.5533542446792125701904296875" lon="7.8689640574157238006591796875">
        <ele>1854.800048828125</ele>
        <time>2025-08-24T11:06:02.000Z</time>
        <extensions>
          <ns3:TrackPointExtension>
            <ns3:hr>155</ns3:hr>
          </ns3:TrackPointExtension>
        </extensions>
      </trkpt>
      <trkpt lat="46.5533529035747051239013671875" lon="7.86901778541505336761474609375">
        <ele>1855.5999755859375</ele>
        <time>2025-08-24T11:06:06.000Z</time>
        <extensions>
          <ns3:TrackPointExtension>
            <ns3:hr>153</ns3:hr>
          </ns3:TrackPointExtension>
        </extensions>
      </trkpt>
      <trkpt lat="46.55335298739373683929443359375" lon="7.86903538741171360015869140625">
        <ele>1855.5999755859375</ele>
        <time>2025-08-24T11:06:07.000Z</time>
        <extensions>
          <ns3:TrackPointExtension>
            <ns3:hr>152</ns3:hr>
          </ns3:TrackPointExtension>
        </extensions>
      </trkpt>
      <trkpt lat="46.55336908064782619476318359375" lon="7.8691216371953487396240234375">
        <ele>1856.199951171875</ele>
        <time>2025-08-24T11:06:13.000Z</time>
        <extensions>
          <ns3:TrackPointExtension>
            <ns3:hr>149</ns3:hr>
          </ns3:TrackPointExtension>
        </extensions>
      </trkpt>
      <trkpt lat="46.5533713437616825103759765625" lon="7.86914837546646595001220703125">
        <ele>1856.4000244140625</ele>
        <time>2025-08-24T11:06:15.000Z</time>
        <extensions>
          <ns3:TrackPointExtension>
            <ns3:hr>149</ns3:hr>
          </ns3:TrackPointExtension>
        </extensions>
      </trkpt>
      <trkpt lat="46.55336874537169933319091796875" lon="7.86916463635861873626708984375">
        <ele>1856.800048828125</ele>
        <time>2025-08-24T11:06:16.000Z</time>
        <extensions>
          <ns3:TrackPointExtension>
            <ns3:hr>149</ns3:hr>
          </ns3:TrackPointExtension>
        </extensions>
      </trkpt>
      <trkpt lat="46.553395651280879974365234375" lon="7.86926840431988239288330078125">
        <ele>1857.800048828125</ele>
        <time>2025-08-24T11:06:23.000Z</time>
        <extensions>
          <ns3:TrackPointExtension>
            <ns3:hr>150</ns3:hr>
          </ns3:TrackPointExtension>
        </extensions>
      </trkpt>
      <trkpt lat="46.55340244062244892120361328125" lon="7.86927712149918079376220703125">
        <ele>1858</ele>
        <time>2025-08-24T11:06:24.000Z</time>
        <extensions>
          <ns3:TrackPointExtension>
            <ns3:hr>150</ns3:hr>
          </ns3:TrackPointExtension>
        </extensions>
      </trkpt>
      <trkpt lat="46.5534088946878910064697265625" lon="7.869297154247760772705078125">
        <ele>1858.199951171875</ele>
        <time>2025-08-24T11:06:26.000Z</time>
        <extensions>
          <ns3:TrackPointExtension>
            <ns3:hr>150</ns3:hr>
          </ns3:TrackPointExtension>
        </extensions>
      </trkpt>
      <trkpt lat="46.553404368460178375244140625" lon="7.86932238377630710601806640625">
        <ele>1858.199951171875</ele>
        <time>2025-08-24T11:06:28.000Z</time>
        <extensions>
          <ns3:TrackPointExtension>
            <ns3:hr>150</ns3:hr>
          </ns3:TrackPointExtension>
        </extensions>
      </trkpt>
      <trkpt lat="46.55341937206685543060302734375" lon="7.86938440985977649688720703125">
        <ele>1858.800048828125</ele>
        <time>2025-08-24T11:06:32.000Z</time>
        <extensions>
          <ns3:TrackPointExtension>
            <ns3:hr>151</ns3:hr>
          </ns3:TrackPointExtension>
        </extensions>
      </trkpt>
      <trkpt lat="46.55342825688421726226806640625" lon="7.8694255650043487548828125">
        <ele>1859.4000244140625</ele>
        <time>2025-08-24T11:06:35.000Z</time>
        <extensions>
          <ns3:TrackPointExtension>
            <ns3:hr>151</ns3:hr>
          </ns3:TrackPointExtension>
        </extensions>
      </trkpt>
      <trkpt lat="46.55343513004481792449951171875" lon="7.86944911815226078033447265625">
        <ele>1859.5999755859375</ele>
        <time>2025-08-24T11:06:37.000Z</time>
        <extensions>
          <ns3:TrackPointExtension>
            <ns3:hr>152</ns3:hr>
          </ns3:TrackPointExtension>
        </extensions>
      </trkpt>
      <trkpt lat="46.5534363873302936553955078125" lon="7.86947359330952167510986328125">
        <ele>1860</ele>
        <time>2025-08-24T11:06:39.000Z</time>
        <extensions>
          <ns3:TrackPointExtension>
            <ns3:hr>153</ns3:hr>
          </ns3:TrackPointExtension>
        </extensions>
      </trkpt>
      <trkpt lat="46.5534484572708606719970703125" lon="7.86952187307178974151611328125">
        <ele>1860.5999755859375</ele>
        <time>2025-08-24T11:06:43.000Z</time>
        <extensions>
          <ns3:TrackPointExtension>
            <ns3:hr>154</ns3:hr>
          </ns3:TrackPointExtension>
        </extensions>
      </trkpt>
      <trkpt lat="46.5534538216888904571533203125" lon="7.869533859193325042724609375">
        <ele>1861</ele>
        <time>2025-08-24T11:06:44.000Z</time>
        <extensions>
          <ns3:TrackPointExtension>
            <ns3:hr>154</ns3:hr>
          </ns3:TrackPointExtension>
        </extensions>
      </trkpt>
      <trkpt lat="46.55345977284014225006103515625" lon="7.86954819224774837493896484375">
        <ele>1861.199951171875</ele>
        <time>2025-08-24T11:06:45.000Z</time>
        <extensions>
          <ns3:TrackPointExtension>
            <ns3:hr>154</ns3:hr>
          </ns3:TrackPointExtension>
        </extensions>
      </trkpt>
      <trkpt lat="46.5534796379506587982177734375" lon="7.86958985030651092529296875">
        <ele>1861.5999755859375</ele>
        <time>2025-08-24T11:06:48.000Z</time>
        <extensions>
          <ns3:TrackPointExtension>
            <ns3:hr>156</ns3:hr>
          </ns3:TrackPointExtension>
        </extensions>
      </trkpt>
      <trkpt lat="46.55350017361342906951904296875" lon="7.86962203681468963623046875">
        <ele>1862</ele>
        <time>2025-08-24T11:06:51.000Z</time>
        <extensions>
          <ns3:TrackPointExtension>
            <ns3:hr>159</ns3:hr>
          </ns3:TrackPointExtension>
        </extensions>
      </trkpt>
      <trkpt lat="46.553507633507251739501953125" lon="7.8696315921843051910400390625">
        <ele>1862.4000244140625</ele>
        <time>2025-08-24T11:06:52.000Z</time>
        <extensions>
          <ns3:TrackPointExtension>
            <ns3:hr>161</ns3:hr>
          </ns3:TrackPointExtension>
        </extensions>
      </trkpt>
      <trkpt lat="46.553500592708587646484375" lon="7.8696615993976593017578125">
        <ele>1862.800048828125</ele>
        <time>2025-08-24T11:06:54.000Z</time>
        <extensions>
          <ns3:TrackPointExtension>
            <ns3:hr>164</ns3:hr>
          </ns3:TrackPointExtension>
        </extensions>
      </trkpt>
      <trkpt lat="46.5535054542124271392822265625" lon="7.86971465684473514556884765625">
        <ele>1863.4000244140625</ele>
        <time>2025-08-24T11:06:57.000Z</time>
        <extensions>
          <ns3:TrackPointExtension>
            <ns3:hr>165</ns3:hr>
          </ns3:TrackPointExtension>
        </extensions>
      </trkpt>
      <trkpt lat="46.553508974611759185791015625" lon="7.86975053139030933380126953125">
        <ele>1863.800048828125</ele>
        <time>2025-08-24T11:07:00.000Z</time>
        <extensions>
          <ns3:TrackPointExtension>
            <ns3:hr>167</ns3:hr>
          </ns3:TrackPointExtension>
        </extensions>
      </trkpt>
      <trkpt lat="46.55352297239005565643310546875" lon="7.869791351258754730224609375">
        <ele>1864.4000244140625</ele>
        <time>2025-08-24T11:07:03.000Z</time>
        <extensions>
          <ns3:TrackPointExtension>
            <ns3:hr>168</ns3:hr>
          </ns3:TrackPointExtension>
        </extensions>
      </trkpt>
      <trkpt lat="46.55353772453963756561279296875" lon="7.869866453111171722412109375">
        <ele>1865.4000244140625</ele>
        <time>2025-08-24T11:07:08.000Z</time>
        <extensions>
          <ns3:TrackPointExtension>
            <ns3:hr>166</ns3:hr>
          </ns3:TrackPointExtension>
        </extensions>
      </trkpt>
      <trkpt lat="46.55353504233062267303466796875" lon="7.86989939399063587188720703125">
        <ele>1866</ele>
        <time>2025-08-24T11:07:10.000Z</time>
        <extensions>
          <ns3:TrackPointExtension>
            <ns3:hr>167</ns3:hr>
          </ns3:TrackPointExtension>
        </extensions>
      </trkpt>
      <trkpt lat="46.55353554524481296539306640625" lon="7.86996024660766124725341796875">
        <ele>1866.4000244140625</ele>
        <time>2025-08-24T11:07:14.000Z</time>
        <extensions>
          <ns3:TrackPointExtension>
            <ns3:hr>166</ns3:hr>
          </ns3:TrackPointExtension>
        </extensions>
      </trkpt>
      <trkpt lat="46.55353956855833530426025390625" lon="7.8699920140206813812255859375">
        <ele>1866.5999755859375</ele>
        <time>2025-08-24T11:07:16.000Z</time>
        <extensions>
          <ns3:TrackPointExtension>
            <ns3:hr>167</ns3:hr>
          </ns3:TrackPointExtension>
        </extensions>
      </trkpt>
      <trkpt lat="46.55355666764080524444580078125" lon="7.870036773383617401123046875">
        <ele>1867.4000244140625</ele>
        <time>2025-08-24T11:07:20.000Z</time>
        <extensions>
          <ns3:TrackPointExtension>
            <ns3:hr>167</ns3:hr>
          </ns3:TrackPointExtension>
        </extensions>
      </trkpt>
      <trkpt lat="46.55357477255165576934814453125" lon="7.87007130682468414306640625">
        <ele>1868</ele>
        <time>2025-08-24T11:07:23.000Z</time>
        <extensions>
          <ns3:TrackPointExtension>
            <ns3:hr>168</ns3:hr>
          </ns3:TrackPointExtension>
        </extensions>
      </trkpt>
      <trkpt lat="46.5535835735499858856201171875" lon="7.87007105536758899688720703125">
        <ele>1868.199951171875</ele>
        <time>2025-08-24T11:07:24.000Z</time>
        <extensions>
          <ns3:TrackPointExtension>
            <ns3:hr>168</ns3:hr>
          </ns3:TrackPointExtension>
        </extensions>
      </trkpt>
      <trkpt lat="46.5536134131252765655517578125" lon="7.8700775094330310821533203125">
        <ele>1868.4000244140625</ele>
        <time>2025-08-24T11:07:27.000Z</time>
        <extensions>
          <ns3:TrackPointExtension>
            <ns3:hr>169</ns3:hr>
          </ns3:TrackPointExtension>
        </extensions>
      </trkpt>
      <trkpt lat="46.5536288358271121978759765625" lon="7.870071642100811004638671875">
        <ele>1869</ele>
        <time>2025-08-24T11:07:30.000Z</time>
        <extensions>
          <ns3:TrackPointExtension>
            <ns3:hr>169</ns3:hr>
          </ns3:TrackPointExtension>
        </extensions>
      </trkpt>
      <trkpt lat="46.5536494553089141845703125" lon="7.87005512975156307220458984375">
        <ele>1869.199951171875</ele>
        <time>2025-08-24T11:07:32.000Z</time>
        <extensions>
          <ns3:TrackPointExtension>
            <ns3:hr>169</ns3:hr>
          </ns3:TrackPointExtension>
        </extensions>
      </trkpt>
      <trkpt lat="46.55365859158337116241455078125" lon="7.87005496211349964141845703125">
        <ele>1869.4000244140625</ele>
        <time>2025-08-24T11:07:33.000Z</time>
        <extensions>
          <ns3:TrackPointExtension>
            <ns3:hr>169</ns3:hr>
          </ns3:TrackPointExtension>
        </extensions>
      </trkpt>
      <trkpt lat="46.5536811389029026031494140625" lon="7.87005848251283168792724609375">
        <ele>1869.5999755859375</ele>
        <time>2025-08-24T11:07:35.000Z</time>
        <extensions>
          <ns3:TrackPointExtension>
            <ns3:hr>169</ns3:hr>
          </ns3:TrackPointExtension>
        </extensions>
      </trkpt>
      <trkpt lat="46.5536875091493129730224609375" lon="7.87005512975156307220458984375">
        <ele>1870</ele>
        <time>2025-08-24T11:07:38.000Z</time>
        <extensions>
          <ns3:TrackPointExtension>
            <ns3:hr>169</ns3:hr>
          </ns3:TrackPointExtension>
        </extensions>
      </trkpt>
      <trkpt lat="46.55368792824447154998779296875" lon="7.87005747668445110321044921875">
        <ele>1870</ele>
        <time>2025-08-24T11:07:39.000Z</time>
        <extensions>
          <ns3:TrackPointExtension>
            <ns3:hr>169</ns3:hr>
          </ns3:TrackPointExtension>
        </extensions>
      </trkpt>
      <trkpt lat="46.5536977350711822509765625" lon="7.87006837315857410430908203125">
        <ele>1870.4000244140625</ele>
        <time>2025-08-24T11:07:46.000Z</time>
        <extensions>
          <ns3:TrackPointExtension>
            <ns3:hr>167</ns3:hr>
          </ns3:TrackPointExtension>
        </extensions>
      </trkpt>
      <trkpt lat="46.55369932763278484344482421875" lon="7.87007122300565242767333984375">
        <ele>1870.5999755859375</ele>
        <time>2025-08-24T11:07:49.000Z</time>
        <extensions>
          <ns3:TrackPointExtension>
            <ns3:hr>167</ns3:hr>
          </ns3:TrackPointExtension>
        </extensions>
      </trkpt>
      <trkpt lat="46.55372045002877712249755859375" lon="7.87003451026976108551025390625">
        <ele>1870.4000244140625</ele>
        <time>2025-08-24T11:07:57.000Z</time>
        <extensions>
          <ns3:TrackPointExtension>
            <ns3:hr>166</ns3:hr>
          </ns3:TrackPointExtension>
        </extensions>
      </trkpt>
      <trkpt lat="46.55374995432794094085693359375" lon="7.86996376700699329376220703125">
        <ele>1870.199951171875</ele>
        <time>2025-08-24T11:08:02.000Z</time>
        <extensions>
          <ns3:TrackPointExtension>
            <ns3:hr>163</ns3:hr>
          </ns3:TrackPointExtension>
        </extensions>
      </trkpt>
      <trkpt lat="46.55375230126082897186279296875" lon="7.86995655857026576995849609375">
        <ele>1870.4000244140625</ele>
        <time>2025-08-24T11:08:03.000Z</time>
        <extensions>
          <ns3:TrackPointExtension>
            <ns3:hr>162</ns3:hr>
          </ns3:TrackPointExtension>
        </extensions>
      </trkpt>
      <trkpt lat="46.5537572465837001800537109375" lon="7.86994985304772853851318359375">
        <ele>1870.4000244140625</ele>
        <time>2025-08-24T11:08:05.000Z</time>
        <extensions>
          <ns3:TrackPointExtension>
            <ns3:hr>159</ns3:hr>
          </ns3:TrackPointExtension>
        </extensions>
      </trkpt>
      <trkpt lat="46.55375531874597072601318359375" lon="7.86994616501033306121826171875">
        <ele>1870.5999755859375</ele>
        <time>2025-08-24T11:08:10.000Z</time>
        <extensions>
          <ns3:TrackPointExtension>
            <ns3:hr>157</ns3:hr>
          </ns3:TrackPointExtension>
        </extensions>
      </trkpt>
      <trkpt lat="46.55376411974430084228515625" lon="7.869936190545558929443359375">
        <ele>1870.5999755859375</ele>
        <time>2025-08-24T11:08:15.000Z</time>
        <extensions>
          <ns3:TrackPointExtension>
            <ns3:hr>154</ns3:hr>
          </ns3:TrackPointExtension>
        </extensions>
      </trkpt>
      <trkpt lat="46.5537679754197597503662109375" lon="7.86993392743170261383056640625">
        <ele>1870.5999755859375</ele>
        <time>2025-08-24T11:08:19.000Z</time>
        <extensions>
          <ns3:TrackPointExtension>
            <ns3:hr>151</ns3:hr>
          </ns3:TrackPointExtension>
        </extensions>
      </trkpt>
      <trkpt lat="46.5537679754197597503662109375" lon="7.86993392743170261383056640625">
        <ele>1870.5999755859375</ele>
        <time>2025-08-24T11:08:20.000Z</time>
        <extensions>
          <ns3:TrackPointExtension>
            <ns3:hr>150</ns3:hr>
          </ns3:TrackPointExtension>
        </extensions>
      </trkpt>
      <trkpt lat="46.5537393093109130859375" lon="7.8700396232306957244873046875">
        <ele>1870.199951171875</ele>
        <time>2025-08-24T11:08:29.000Z</time>
        <extensions>
          <ns3:TrackPointExtension>
            <ns3:hr>150</ns3:hr>
          </ns3:TrackPointExtension>
        </extensions>
      </trkpt>
      <trkpt lat="46.5537049435079097747802734375" lon="7.87016711197793483734130859375">
        <ele>1871.199951171875</ele>
        <time>2025-08-24T11:08:36.000Z</time>
        <extensions>
          <ns3:TrackPointExtension>
            <ns3:hr>146</ns3:hr>
          </ns3:TrackPointExtension>
        </extensions>
      </trkpt>
      <trkpt lat="46.5536938793957233428955078125" lon="7.87020818330347537994384765625">
        <ele>1871.5999755859375</ele>
        <time>2025-08-24T11:08:39.000Z</time>
        <extensions>
          <ns3:TrackPointExtension>
            <ns3:hr>145</ns3:hr>
          </ns3:TrackPointExtension>
        </extensions>
      </trkpt>
      <trkpt lat="46.5536901913583278656005859375" lon="7.87021572701632976531982421875">
        <ele>1871.800048828125</ele>
        <time>2025-08-24T11:08:41.000Z</time>
        <extensions>
          <ns3:TrackPointExtension>
            <ns3:hr>142</ns3:hr>
          </ns3:TrackPointExtension>
        </extensions>
      </trkpt>
      <trkpt lat="46.5536871738731861114501953125" lon="7.8702159784734249114990234375">
        <ele>1872.4000244140625</ele>
        <time>2025-08-24T11:08:44.000Z</time>
        <extensions>
          <ns3:TrackPointExtension>
            <ns3:hr>143</ns3:hr>
          </ns3:TrackPointExtension>
        </extensions>
      </trkpt>
      <trkpt lat="46.553688682615756988525390625" lon="7.870211787521839141845703125">
        <ele>1872.5999755859375</ele>
        <time>2025-08-24T11:08:49.000Z</time>
        <extensions>
          <ns3:TrackPointExtension>
            <ns3:hr>140</ns3:hr>
          </ns3:TrackPointExtension>
        </extensions>
      </trkpt>
      <trkpt lat="46.5536861680448055267333984375" lon="7.87023802287876605987548828125">
        <ele>1872.5999755859375</ele>
        <time>2025-08-24T11:09:02.000Z</time>
        <extensions>
          <ns3:TrackPointExtension>
            <ns3:hr>138</ns3:hr>
          </ns3:TrackPointExtension>
        </extensions>
      </trkpt>
      <trkpt lat="46.553683318197727203369140625" lon="7.87025880999863147735595703125">
        <ele>1872.800048828125</ele>
        <time>2025-08-24T11:09:03.000Z</time>
        <extensions>
          <ns3:TrackPointExtension>
            <ns3:hr>138</ns3:hr>
          </ns3:TrackPointExtension>
        </extensions>
      </trkpt>
      <trkpt lat="46.55368474312126636505126953125" lon="7.87039711140096187591552734375">
        <ele>1873.800048828125</ele>
        <time>2025-08-24T11:09:09.000Z</time>
        <extensions>
          <ns3:TrackPointExtension>
            <ns3:hr>138</ns3:hr>
          </ns3:TrackPointExtension>
        </extensions>
      </trkpt>
      <trkpt lat="46.5536777861416339874267578125" lon="7.87042879499495029449462890625">
        <ele>1874</ele>
        <time>2025-08-24T11:09:10.000Z</time>
        <extensions>
          <ns3:TrackPointExtension>
            <ns3:hr>138</ns3:hr>
          </ns3:TrackPointExtension>
        </extensions>
      </trkpt>
      <trkpt lat="46.55365071259438991546630859375" lon="7.87049199454486370086669921875">
        <ele>1875</ele>
        <time>2025-08-24T11:09:14.000Z</time>
        <extensions>
          <ns3:TrackPointExtension>
            <ns3:hr>137</ns3:hr>
          </ns3:TrackPointExtension>
        </extensions>
      </trkpt>
      <trkpt lat="46.5536479465663433074951171875" lon="7.87054027430713176727294921875">
        <ele>1875.199951171875</ele>
        <time>2025-08-24T11:09:17.000Z</time>
        <extensions>
          <ns3:TrackPointExtension>
            <ns3:hr>137</ns3:hr>
          </ns3:TrackPointExtension>
        </extensions>
      </trkpt>
      <trkpt lat="46.55364132486283779144287109375" lon="7.8706458024680614471435546875">
        <ele>1874.800048828125</ele>
        <time>2025-08-24T11:09:23.000Z</time>
        <extensions>
          <ns3:TrackPointExtension>
            <ns3:hr>140</ns3:hr>
          </ns3:TrackPointExtension>
        </extensions>
      </trkpt>
      <trkpt lat="46.55364735983312129974365234375" lon="7.87074278108775615692138671875">
        <ele>1874.5999755859375</ele>
        <time>2025-08-24T11:09:28.000Z</time>
        <extensions>
          <ns3:TrackPointExtension>
            <ns3:hr>139</ns3:hr>
          </ns3:TrackPointExtension>
        </extensions>
      </trkpt>
      <trkpt lat="46.553640402853488922119140625" lon="7.8709019534289836883544921875">
        <ele>1875</ele>
        <time>2025-08-24T11:09:36.000Z</time>
        <extensions>
          <ns3:TrackPointExtension>
            <ns3:hr>136</ns3:hr>
          </ns3:TrackPointExtension>
        </extensions>
      </trkpt>
      <trkpt lat="46.5536365471780300140380859375" lon="7.8709348104894161224365234375">
        <ele>1875.199951171875</ele>
        <time>2025-08-24T11:09:38.000Z</time>
        <extensions>
          <ns3:TrackPointExtension>
            <ns3:hr>137</ns3:hr>
          </ns3:TrackPointExtension>
        </extensions>
      </trkpt>
      <trkpt lat="46.55360578559339046478271484375" lon="7.87113538943231105804443359375">
        <ele>1875.5999755859375</ele>
        <time>2025-08-24T11:09:49.000Z</time>
        <extensions>
          <ns3:TrackPointExtension>
            <ns3:hr>138</ns3:hr>
          </ns3:TrackPointExtension>
        </extensions>
      </trkpt>
      <trkpt lat="46.55356253497302532196044921875" lon="7.8713740222156047821044921875">
        <ele>1875</ele>
        <time>2025-08-24T11:10:00.000Z</time>
        <extensions>
          <ns3:TrackPointExtension>
            <ns3:hr>135</ns3:hr>
          </ns3:TrackPointExtension>
        </extensions>
      </trkpt>
      <trkpt lat="46.55353018082678318023681640625" lon="7.87151458673179149627685546875">
        <ele>1876</ele>
        <time>2025-08-24T11:10:08.000Z</time>
        <extensions>
          <ns3:TrackPointExtension>
            <ns3:hr>136</ns3:hr>
          </ns3:TrackPointExtension>
        </extensions>
      </trkpt>
      <trkpt lat="46.553535126149654388427734375" lon="7.87154610268771648406982421875">
        <ele>1876</ele>
        <time>2025-08-24T11:10:10.000Z</time>
        <extensions>
          <ns3:TrackPointExtension>
            <ns3:hr>136</ns3:hr>
          </ns3:TrackPointExtension>
        </extensions>
      </trkpt>
      <trkpt lat="46.55355415306985378265380859375" lon="7.87163562141358852386474609375">
        <ele>1876.4000244140625</ele>
        <time>2025-08-24T11:10:16.000Z</time>
        <extensions>
          <ns3:TrackPointExtension>
            <ns3:hr>137</ns3:hr>
          </ns3:TrackPointExtension>
        </extensions>
      </trkpt>
      <trkpt lat="46.55356102623045444488525390625" lon="7.8717528842389583587646484375">
        <ele>1876.800048828125</ele>
        <time>2025-08-24T11:10:23.000Z</time>
        <extensions>
          <ns3:TrackPointExtension>
            <ns3:hr>138</ns3:hr>
          </ns3:TrackPointExtension>
        </extensions>
      </trkpt>
      <trkpt lat="46.5535691566765308380126953125" lon="7.871786244213581085205078125">
        <ele>1876.800048828125</ele>
        <time>2025-08-24T11:10:25.000Z</time>
        <extensions>
          <ns3:TrackPointExtension>
            <ns3:hr>139</ns3:hr>
          </ns3:TrackPointExtension>
        </extensions>
      </trkpt>
      <trkpt lat="46.55357276089489459991455078125" lon="7.87187433801591396331787109375">
        <ele>1876.800048828125</ele>
        <time>2025-08-24T11:10:30.000Z</time>
        <extensions>
          <ns3:TrackPointExtension>
            <ns3:hr>139</ns3:hr>
          </ns3:TrackPointExtension>
        </extensions>
      </trkpt>
      <trkpt lat="46.5535775385797023773193359375" lon="7.87198179401457309722900390625">
        <ele>1877</ele>
        <time>2025-08-24T11:10:36.000Z</time>
        <extensions>
          <ns3:TrackPointExtension>
            <ns3:hr>142</ns3:hr>
          </ns3:TrackPointExtension>
        </extensions>
      </trkpt>
      <trkpt lat="46.55358172953128814697265625" lon="7.871996127068996429443359375">
        <ele>1877</ele>
        <time>2025-08-24T11:10:37.000Z</time>
        <extensions>
          <ns3:TrackPointExtension>
            <ns3:hr>143</ns3:hr>
          </ns3:TrackPointExtension>
        </extensions>
      </trkpt>
      <trkpt lat="46.55358533374965190887451171875" lon="7.87201498635113239288330078125">
        <ele>1877.199951171875</ele>
        <time>2025-08-24T11:10:38.000Z</time>
        <extensions>
          <ns3:TrackPointExtension>
            <ns3:hr>144</ns3:hr>
          </ns3:TrackPointExtension>
        </extensions>
      </trkpt>
      <trkpt lat="46.553586758673191070556640625" lon="7.8720325045287609100341796875">
        <ele>1877.199951171875</ele>
        <time>2025-08-24T11:10:39.000Z</time>
        <extensions>
          <ns3:TrackPointExtension>
            <ns3:hr>144</ns3:hr>
          </ns3:TrackPointExtension>
        </extensions>
      </trkpt>
      <trkpt lat="46.5536392293870449066162109375" lon="7.8721941076219081878662109375">
        <ele>1878.199951171875</ele>
        <time>2025-08-24T11:10:48.000Z</time>
        <extensions>
          <ns3:TrackPointExtension>
            <ns3:hr>143</ns3:hr>
          </ns3:TrackPointExtension>
        </extensions>
      </trkpt>
      <trkpt lat="46.55364601872861385345458984375" lon="7.8722138889133930206298828125">
        <ele>1878.199951171875</ele>
        <time>2025-08-24T11:10:49.000Z</time>
        <extensions>
          <ns3:TrackPointExtension>
            <ns3:hr>144</ns3:hr>
          </ns3:TrackPointExtension>
        </extensions>
      </trkpt>
      <trkpt lat="46.55365255661308765411376953125" lon="7.87226342596113681793212890625">
        <ele>1878.5999755859375</ele>
        <time>2025-08-24T11:10:52.000Z</time>
        <extensions>
          <ns3:TrackPointExtension>
            <ns3:hr>144</ns3:hr>
          </ns3:TrackPointExtension>
        </extensions>
      </trkpt>
      <trkpt lat="46.553661525249481201171875" lon="7.8722933493554592132568359375">
        <ele>1878.800048828125</ele>
        <time>2025-08-24T11:10:54.000Z</time>
        <extensions>
          <ns3:TrackPointExtension>
            <ns3:hr>143</ns3:hr>
          </ns3:TrackPointExtension>
        </extensions>
      </trkpt>
      <trkpt lat="46.55369530431926250457763671875" lon="7.8723597340285778045654296875">
        <ele>1879.4000244140625</ele>
        <time>2025-08-24T11:10:58.000Z</time>
        <extensions>
          <ns3:TrackPointExtension>
            <ns3:hr>144</ns3:hr>
          </ns3:TrackPointExtension>
        </extensions>
      </trkpt>
      <trkpt lat="46.5537388063967227935791015625" lon="7.872432656586170196533203125">
        <ele>1880.199951171875</ele>
        <time>2025-08-24T11:11:03.000Z</time>
        <extensions>
          <ns3:TrackPointExtension>
            <ns3:hr>146</ns3:hr>
          </ns3:TrackPointExtension>
        </extensions>
      </trkpt>
      <trkpt lat="46.55375263653695583343505859375" lon="7.87246651947498321533203125">
        <ele>1880.4000244140625</ele>
        <time>2025-08-24T11:11:05.000Z</time>
        <extensions>
          <ns3:TrackPointExtension>
            <ns3:hr>147</ns3:hr>
          </ns3:TrackPointExtension>
        </extensions>
      </trkpt>
      <trkpt lat="46.55374777503311634063720703125" lon="7.87253667600452899932861328125">
        <ele>1880.5999755859375</ele>
        <time>2025-08-24T11:11:09.000Z</time>
        <extensions>
          <ns3:TrackPointExtension>
            <ns3:hr>152</ns3:hr>
          </ns3:TrackPointExtension>
        </extensions>
      </trkpt>
      <trkpt lat="46.553741656243801116943359375" lon="7.872555367648601531982421875">
        <ele>1880.800048828125</ele>
        <time>2025-08-24T11:11:10.000Z</time>
        <extensions>
          <ns3:TrackPointExtension>
            <ns3:hr>149</ns3:hr>
          </ns3:TrackPointExtension>
        </extensions>
      </trkpt>
      <trkpt lat="46.5537572465837001800537109375" lon="7.87264547310769557952880859375">
        <ele>1881.199951171875</ele>
        <time>2025-08-24T11:11:14.000Z</time>
        <extensions>
          <ns3:TrackPointExtension>
            <ns3:hr>149</ns3:hr>
          </ns3:TrackPointExtension>
        </extensions>
      </trkpt>
      <trkpt lat="46.5537599287927150726318359375" lon="7.87267480976879596710205078125">
        <ele>1881.4000244140625</ele>
        <time>2025-08-24T11:11:16.000Z</time>
        <extensions>
          <ns3:TrackPointExtension>
            <ns3:hr>149</ns3:hr>
          </ns3:TrackPointExtension>
        </extensions>
      </trkpt>
      <trkpt lat="46.55376152135431766510009765625" lon="7.87269115447998046875">
        <ele>1881.4000244140625</ele>
        <time>2025-08-24T11:11:17.000Z</time>
        <extensions>
          <ns3:TrackPointExtension>
            <ns3:hr>150</ns3:hr>
          </ns3:TrackPointExtension>
        </extensions>
      </trkpt>
      <trkpt lat="46.5537612698972225189208984375" lon="7.87282861769199371337890625">
        <ele>1881.5999755859375</ele>
        <time>2025-08-24T11:11:25.000Z</time>
        <extensions>
          <ns3:TrackPointExtension>
            <ns3:hr>147</ns3:hr>
          </ns3:TrackPointExtension>
        </extensions>
      </trkpt>
      <trkpt lat="46.55376688577234745025634765625" lon="7.872867174446582794189453125">
        <ele>1881.5999755859375</ele>
        <time>2025-08-24T11:11:27.000Z</time>
        <extensions>
          <ns3:TrackPointExtension>
            <ns3:hr>147</ns3:hr>
          </ns3:TrackPointExtension>
        </extensions>
      </trkpt>
      <trkpt lat="46.55376487411558628082275390625" lon="7.8730840981006622314453125">
        <ele>1882</ele>
        <time>2025-08-24T11:11:38.000Z</time>
        <extensions>
          <ns3:TrackPointExtension>
            <ns3:hr>146</ns3:hr>
          </ns3:TrackPointExtension>
        </extensions>
      </trkpt>
      <trkpt lat="46.55373805202543735504150390625" lon="7.8732532449066638946533203125">
        <ele>1881.800048828125</ele>
        <time>2025-08-24T11:11:47.000Z</time>
        <extensions>
          <ns3:TrackPointExtension>
            <ns3:hr>144</ns3:hr>
          </ns3:TrackPointExtension>
        </extensions>
      </trkpt>
      <trkpt lat="46.5537274070084095001220703125" lon="7.87339665926992893218994140625">
        <ele>1881</ele>
        <time>2025-08-24T11:11:54.000Z</time>
        <extensions>
          <ns3:TrackPointExtension>
            <ns3:hr>142</ns3:hr>
          </ns3:TrackPointExtension>
        </extensions>
      </trkpt>
      <trkpt lat="46.55369304120540618896484375" lon="7.87360738031566143035888671875">
        <ele>1880.800048828125</ele>
        <time>2025-08-24T11:12:04.000Z</time>
        <extensions>
          <ns3:TrackPointExtension>
            <ns3:hr>139</ns3:hr>
          </ns3:TrackPointExtension>
        </extensions>
      </trkpt>
      <trkpt lat="46.5536896884441375732421875" lon="7.87362732924520969390869140625">
        <ele>1880.800048828125</ele>
        <time>2025-08-24T11:12:05.000Z</time>
        <extensions>
          <ns3:TrackPointExtension>
            <ns3:hr>139</ns3:hr>
          </ns3:TrackPointExtension>
        </extensions>
      </trkpt>
      <trkpt lat="46.55369102954864501953125" lon="7.87369337864220142364501953125">
        <ele>1880.4000244140625</ele>
        <time>2025-08-24T11:12:08.000Z</time>
        <extensions>
          <ns3:TrackPointExtension>
            <ns3:hr>138</ns3:hr>
          </ns3:TrackPointExtension>
        </extensions>
      </trkpt>
      <trkpt lat="46.5537002496421337127685546875" lon="7.8738391399383544921875">
        <ele>1879.800048828125</ele>
        <time>2025-08-24T11:12:15.000Z</time>
        <extensions>
          <ns3:TrackPointExtension>
            <ns3:hr>138</ns3:hr>
          </ns3:TrackPointExtension>
        </extensions>
      </trkpt>
      <trkpt lat="46.5537138283252716064453125" lon="7.87399596534669399261474609375">
        <ele>1879.4000244140625</ele>
        <time>2025-08-24T11:12:23.000Z</time>
        <extensions>
          <ns3:TrackPointExtension>
            <ns3:hr>137</ns3:hr>
          </ns3:TrackPointExtension>
        </extensions>
      </trkpt>
      <trkpt lat="46.5537321008741855621337890625" lon="7.8741749189794063568115234375">
        <ele>1878.5999755859375</ele>
        <time>2025-08-24T11:12:32.000Z</time>
        <extensions>
          <ns3:TrackPointExtension>
            <ns3:hr>135</ns3:hr>
          </ns3:TrackPointExtension>
        </extensions>
      </trkpt>
      <trkpt lat="46.55374132096767425537109375" lon="7.87423199974000453948974609375">
        <ele>1878.4000244140625</ele>
        <time>2025-08-24T11:12:35.000Z</time>
        <extensions>
          <ns3:TrackPointExtension>
            <ns3:hr>135</ns3:hr>
          </ns3:TrackPointExtension>
        </extensions>
      </trkpt>
      <trkpt lat="46.55376420356333255767822265625" lon="7.87433593533933162689208984375">
        <ele>1878</ele>
        <time>2025-08-24T11:12:40.000Z</time>
        <extensions>
          <ns3:TrackPointExtension>
            <ns3:hr>134</ns3:hr>
          </ns3:TrackPointExtension>
        </extensions>
      </trkpt>
      <trkpt lat="46.553826816380023956298828125" lon="7.87446535192430019378662109375">
        <ele>1877.800048828125</ele>
        <time>2025-08-24T11:12:47.000Z</time>
        <extensions>
          <ns3:TrackPointExtension>
            <ns3:hr>133</ns3:hr>
          </ns3:TrackPointExtension>
        </extensions>
      </trkpt>
      <trkpt lat="46.55382438562810420989990234375" lon="7.87459124810993671417236328125">
        <ele>1878.199951171875</ele>
        <time>2025-08-24T11:12:54.000Z</time>
        <extensions>
          <ns3:TrackPointExtension>
            <ns3:hr>134</ns3:hr>
          </ns3:TrackPointExtension>
        </extensions>
      </trkpt>
      <trkpt lat="46.5537916123867034912109375" lon="7.87479870021343231201171875">
        <ele>1878.4000244140625</ele>
        <time>2025-08-24T11:13:05.000Z</time>
        <extensions>
          <ns3:TrackPointExtension>
            <ns3:hr>132</ns3:hr>
          </ns3:TrackPointExtension>
        </extensions>
      </trkpt>
      <trkpt lat="46.5537944622337818145751953125" lon="7.874836586415767669677734375">
        <ele>1878.199951171875</ele>
        <time>2025-08-24T11:13:07.000Z</time>
        <extensions>
          <ns3:TrackPointExtension>
            <ns3:hr>132</ns3:hr>
          </ns3:TrackPointExtension>
        </extensions>
      </trkpt>
      <trkpt lat="46.553801000118255615234375" lon="7.8749289549887180328369140625">
        <ele>1878</ele>
        <time>2025-08-24T11:13:11.000Z</time>
        <extensions>
          <ns3:TrackPointExtension>
            <ns3:hr>131</ns3:hr>
          </ns3:TrackPointExtension>
        </extensions>
      </trkpt>
      <trkpt lat="46.5538179315626621246337890625" lon="7.87499475292861461639404296875">
        <ele>1877.5999755859375</ele>
        <time>2025-08-24T11:13:14.000Z</time>
        <extensions>
          <ns3:TrackPointExtension>
            <ns3:hr>131</ns3:hr>
          </ns3:TrackPointExtension>
        </extensions>
      </trkpt>
      <trkpt lat="46.55382337979972362518310546875" lon="7.87503540515899658203125">
        <ele>1877.199951171875</ele>
        <time>2025-08-24T11:13:16.000Z</time>
        <extensions>
          <ns3:TrackPointExtension>
            <ns3:hr>131</ns3:hr>
          </ns3:TrackPointExtension>
        </extensions>
      </trkpt>
      <trkpt lat="46.55382488854229450225830078125" lon="7.8750577010214328765869140625">
        <ele>1877.199951171875</ele>
        <time>2025-08-24T11:13:17.000Z</time>
        <extensions>
          <ns3:TrackPointExtension>
            <ns3:hr>131</ns3:hr>
          </ns3:TrackPointExtension>
        </extensions>
      </trkpt>
      <trkpt lat="46.55385489575564861297607421875" lon="7.875192649662494659423828125">
        <ele>1876.800048828125</ele>
        <time>2025-08-24T11:13:24.000Z</time>
        <extensions>
          <ns3:TrackPointExtension>
            <ns3:hr>132</ns3:hr>
          </ns3:TrackPointExtension>
        </extensions>
      </trkpt>
      <trkpt lat="46.55387517996132373809814453125" lon="7.8752863593399524688720703125">
        <ele>1876.5999755859375</ele>
        <time>2025-08-24T11:13:29.000Z</time>
        <extensions>
          <ns3:TrackPointExtension>
            <ns3:hr>135</ns3:hr>
          </ns3:TrackPointExtension>
        </extensions>
      </trkpt>
      <trkpt lat="46.55391340143978595733642578125" lon="7.8753559291362762451171875">
        <ele>1876.4000244140625</ele>
        <time>2025-08-24T11:13:33.000Z</time>
        <extensions>
          <ns3:TrackPointExtension>
            <ns3:hr>138</ns3:hr>
          </ns3:TrackPointExtension>
        </extensions>
      </trkpt>
      <trkpt lat="46.5539257228374481201171875" lon="7.87539959885179996490478515625">
        <ele>1876.199951171875</ele>
        <time>2025-08-24T11:13:35.000Z</time>
        <extensions>
          <ns3:TrackPointExtension>
            <ns3:hr>138</ns3:hr>
          </ns3:TrackPointExtension>
        </extensions>
      </trkpt>
      <trkpt lat="46.5540006570518016815185546875" lon="7.87555600516498088836669921875">
        <ele>1876</ele>
        <time>2025-08-24T11:13:44.000Z</time>
        <extensions>
          <ns3:TrackPointExtension>
            <ns3:hr>140</ns3:hr>
          </ns3:TrackPointExtension>
        </extensions>
      </trkpt>
      <trkpt lat="46.554071903228759765625" lon="7.87574225105345249176025390625">
        <ele>1875.5999755859375</ele>
        <time>2025-08-24T11:13:54.000Z</time>
        <extensions>
          <ns3:TrackPointExtension>
            <ns3:hr>138</ns3:hr>
          </ns3:TrackPointExtension>
        </extensions>
      </trkpt>
      <trkpt lat="46.55410819686949253082275390625" lon="7.87592899985611438751220703125">
        <ele>1875.800048828125</ele>
        <time>2025-08-24T11:14:03.000Z</time>
        <extensions>
          <ns3:TrackPointExtension>
            <ns3:hr>136</ns3:hr>
          </ns3:TrackPointExtension>
        </extensions>
      </trkpt>
      <trkpt lat="46.5541216917335987091064453125" lon="7.87598851136863231658935546875">
        <ele>1875.800048828125</ele>
        <time>2025-08-24T11:14:06.000Z</time>
        <extensions>
          <ns3:TrackPointExtension>
            <ns3:hr>135</ns3:hr>
          </ns3:TrackPointExtension>
        </extensions>
      </trkpt>
      <trkpt lat="46.5541387908160686492919921875" lon="7.8760521300137042999267578125">
        <ele>1876</ele>
        <time>2025-08-24T11:14:10.000Z</time>
        <extensions>
          <ns3:TrackPointExtension>
            <ns3:hr>134</ns3:hr>
          </ns3:TrackPointExtension>
        </extensions>
      </trkpt>
      <trkpt lat="46.55420207418501377105712890625" lon="7.8761805407702922821044921875">
        <ele>1876.199951171875</ele>
        <time>2025-08-24T11:14:19.000Z</time>
        <extensions>
          <ns3:TrackPointExtension>
            <ns3:hr>135</ns3:hr>
          </ns3:TrackPointExtension>
        </extensions>
      </trkpt>
      <trkpt lat="46.55425454489886760711669921875" lon="7.876287661492824554443359375">
        <ele>1875.800048828125</ele>
        <time>2025-08-24T11:14:29.000Z</time>
        <extensions>
          <ns3:TrackPointExtension>
            <ns3:hr>135</ns3:hr>
          </ns3:TrackPointExtension>
        </extensions>
      </trkpt>
      <trkpt lat="46.5542558021843433380126953125" lon="7.87629076279699802398681640625">
        <ele>1876.199951171875</ele>
        <time>2025-08-24T11:14:32.000Z</time>
        <extensions>
          <ns3:TrackPointExtension>
            <ns3:hr>133</ns3:hr>
          </ns3:TrackPointExtension>
        </extensions>
      </trkpt>
      <trkpt lat="46.5542561374604701995849609375" lon="7.87630618549883365631103515625">
        <ele>1875.800048828125</ele>
        <time>2025-08-24T11:14:37.000Z</time>
        <extensions>
          <ns3:TrackPointExtension>
            <ns3:hr>131</ns3:hr>
          </ns3:TrackPointExtension>
        </extensions>
      </trkpt>
      <trkpt lat="46.55425655655562877655029296875" lon="7.8763079456984996795654296875">
        <ele>1876.4000244140625</ele>
        <time>2025-08-24T11:14:51.000Z</time>
        <extensions>
          <ns3:TrackPointExtension>
            <ns3:hr>128</ns3:hr>
          </ns3:TrackPointExtension>
        </extensions>
      </trkpt>
      <trkpt lat="46.55425471253693103790283203125" lon="7.87630970589816570281982421875">
        <ele>1875.800048828125</ele>
        <time>2025-08-24T11:15:01.000Z</time>
        <extensions>
          <ns3:TrackPointExtension>
            <ns3:hr>126</ns3:hr>
          </ns3:TrackPointExtension>
        </extensions>
      </trkpt>
      <trkpt lat="46.55430332757532596588134765625" lon="7.87635714747011661529541015625">
        <ele>1875.800048828125</ele>
        <time>2025-08-24T11:15:10.000Z</time>
        <extensions>
          <ns3:TrackPointExtension>
            <ns3:hr>124</ns3:hr>
          </ns3:TrackPointExtension>
        </extensions>
      </trkpt>
      <trkpt lat="46.55441296286880970001220703125" lon="7.8764180839061737060546875">
        <ele>1875</ele>
        <time>2025-08-24T11:15:18.000Z</time>
        <extensions>
          <ns3:TrackPointExtension>
            <ns3:hr>122</ns3:hr>
          </ns3:TrackPointExtension>
        </extensions>
      </trkpt>
      <trkpt lat="46.5544512681663036346435546875" lon="7.87642923183739185333251953125">
        <ele>1874.5999755859375</ele>
        <time>2025-08-24T11:15:21.000Z</time>
        <extensions>
          <ns3:TrackPointExtension>
            <ns3:hr>122</ns3:hr>
          </ns3:TrackPointExtension>
        </extensions>
      </trkpt>
      <trkpt lat="46.55446417629718780517578125" lon="7.87643794901669025421142578125">
        <ele>1874.4000244140625</ele>
        <time>2025-08-24T11:15:22.000Z</time>
        <extensions>
          <ns3:TrackPointExtension>
            <ns3:hr>122</ns3:hr>
          </ns3:TrackPointExtension>
        </extensions>
      </trkpt>
      <trkpt lat="46.5544916689395904541015625" lon="7.876457981765270233154296875">
        <ele>1874</ele>
        <time>2025-08-24T11:15:24.000Z</time>
        <extensions>
          <ns3:TrackPointExtension>
            <ns3:hr>122</ns3:hr>
          </ns3:TrackPointExtension>
        </extensions>
      </trkpt>
      <trkpt lat="46.55457188375294208526611328125" lon="7.87656518630683422088623046875">
        <ele>1873.4000244140625</ele>
        <time>2025-08-24T11:15:32.000Z</time>
        <extensions>
          <ns3:TrackPointExtension>
            <ns3:hr>124</ns3:hr>
          </ns3:TrackPointExtension>
        </extensions>
      </trkpt>
      <trkpt lat="46.55464631505310535430908203125" lon="7.87673299200832843780517578125">
        <ele>1873.800048828125</ele>
        <time>2025-08-24T11:15:42.000Z</time>
        <extensions>
          <ns3:TrackPointExtension>
            <ns3:hr>123</ns3:hr>
          </ns3:TrackPointExtension>
        </extensions>
      </trkpt>
      <trkpt lat="46.55470230616629123687744140625" lon="7.87687565200030803680419921875">
        <ele>1874</ele>
        <time>2025-08-24T11:15:52.000Z</time>
        <extensions>
          <ns3:TrackPointExtension>
            <ns3:hr>121</ns3:hr>
          </ns3:TrackPointExtension>
        </extensions>
      </trkpt>
      <trkpt lat="46.5547161363065242767333984375" lon="7.87689685821533203125">
        <ele>1874</ele>
        <time>2025-08-24T11:15:54.000Z</time>
        <extensions>
          <ns3:TrackPointExtension>
            <ns3:hr>121</ns3:hr>
          </ns3:TrackPointExtension>
        </extensions>
      </trkpt>
      <trkpt lat="46.55476458370685577392578125" lon="7.87697137333452701568603515625">
        <ele>1874.199951171875</ele>
        <time>2025-08-24T11:16:00.000Z</time>
        <extensions>
          <ns3:TrackPointExtension>
            <ns3:hr>121</ns3:hr>
          </ns3:TrackPointExtension>
        </extensions>
      </trkpt>
      <trkpt lat="46.554844714701175689697265625" lon="7.8770841099321842193603515625">
        <ele>1874.199951171875</ele>
        <time>2025-08-24T11:16:09.000Z</time>
        <extensions>
          <ns3:TrackPointExtension>
            <ns3:hr>122</ns3:hr>
          </ns3:TrackPointExtension>
        </extensions>
      </trkpt>
      <trkpt lat="46.55489198863506317138671875" lon="7.8772061504423618316650390625">
        <ele>1873.5999755859375</ele>
        <time>2025-08-24T11:16:18.000Z</time>
        <extensions>
          <ns3:TrackPointExtension>
            <ns3:hr>123</ns3:hr>
          </ns3:TrackPointExtension>
        </extensions>
      </trkpt>
      <trkpt lat="46.55494957230985164642333984375" lon="7.87728510797023773193359375">
        <ele>1873</ele>
        <time>2025-08-24T11:16:24.000Z</time>
        <extensions>
          <ns3:TrackPointExtension>
            <ns3:hr>122</ns3:hr>
          </ns3:TrackPointExtension>
        </extensions>
      </trkpt>
      <trkpt lat="46.55497320927679538726806640625" lon="7.87732743658125400543212890625">
        <ele>1872.800048828125</ele>
        <time>2025-08-24T11:16:27.000Z</time>
        <extensions>
          <ns3:TrackPointExtension>
            <ns3:hr>122</ns3:hr>
          </ns3:TrackPointExtension>
        </extensions>
      </trkpt>
      <trkpt lat="46.55504663474857807159423828125" lon="7.877441681921482086181640625">
        <ele>1872.4000244140625</ele>
        <time>2025-08-24T11:16:35.000Z</time>
        <extensions>
          <ns3:TrackPointExtension>
            <ns3:hr>122</ns3:hr>
          </ns3:TrackPointExtension>
        </extensions>
      </trkpt>
      <trkpt lat="46.5551442839205265045166015625" lon="7.8776463679969310760498046875">
        <ele>1872.800048828125</ele>
        <time>2025-08-24T11:16:48.000Z</time>
        <extensions>
          <ns3:TrackPointExtension>
            <ns3:hr>118</ns3:hr>
          </ns3:TrackPointExtension>
        </extensions>
      </trkpt>
      <trkpt lat="46.55519164167344570159912109375" lon="7.87772834300994873046875">
        <ele>1872.5999755859375</ele>
        <time>2025-08-24T11:16:54.000Z</time>
        <extensions>
          <ns3:TrackPointExtension>
            <ns3:hr>121</ns3:hr>
          </ns3:TrackPointExtension>
        </extensions>
      </trkpt>
      <trkpt lat="46.5552250854671001434326171875" lon="7.87778190337121486663818359375">
        <ele>1872</ele>
        <time>2025-08-24T11:16:58.000Z</time>
        <extensions>
          <ns3:TrackPointExtension>
            <ns3:hr>118</ns3:hr>
          </ns3:TrackPointExtension>
        </extensions>
      </trkpt>
      <trkpt lat="46.5552317909896373748779296875" lon="7.87778911180794239044189453125">
        <ele>1872</ele>
        <time>2025-08-24T11:16:59.000Z</time>
        <extensions>
          <ns3:TrackPointExtension>
            <ns3:hr>119</ns3:hr>
          </ns3:TrackPointExtension>
        </extensions>
      </trkpt>
      <trkpt lat="46.55530412681400775909423828125" lon="7.8779052011668682098388671875">
        <ele>1871.4000244140625</ele>
        <time>2025-08-24T11:17:07.000Z</time>
        <extensions>
          <ns3:TrackPointExtension>
            <ns3:hr>119</ns3:hr>
          </ns3:TrackPointExtension>
        </extensions>
      </trkpt>
      <trkpt lat="46.5553863532841205596923828125" lon="7.87802548147737979888916015625">
        <ele>1871.199951171875</ele>
        <time>2025-08-24T11:17:16.000Z</time>
        <extensions>
          <ns3:TrackPointExtension>
            <ns3:hr>119</ns3:hr>
          </ns3:TrackPointExtension>
        </extensions>
      </trkpt>
      <trkpt lat="46.5554480440914630889892578125" lon="7.878120280802249908447265625">
        <ele>1870.800048828125</ele>
        <time>2025-08-24T11:17:23.000Z</time>
        <extensions>
          <ns3:TrackPointExtension>
            <ns3:hr>119</ns3:hr>
          </ns3:TrackPointExtension>
        </extensions>
      </trkpt>
      <trkpt lat="46.555464975535869598388671875" lon="7.87814718671143054962158203125">
        <ele>1870.800048828125</ele>
        <time>2025-08-24T11:17:25.000Z</time>
        <extensions>
          <ns3:TrackPointExtension>
            <ns3:hr>118</ns3:hr>
          </ns3:TrackPointExtension>
        </extensions>
      </trkpt>
      <trkpt lat="46.555507890880107879638671875" lon="7.8782049380242824554443359375">
        <ele>1870.199951171875</ele>
        <time>2025-08-24T11:17:29.000Z</time>
        <extensions>
          <ns3:TrackPointExtension>
            <ns3:hr>122</ns3:hr>
          </ns3:TrackPointExtension>
        </extensions>
      </trkpt>
      <trkpt lat="46.55552909709513187408447265625" lon="7.8782364539802074432373046875">
        <ele>1869.800048828125</ele>
        <time>2025-08-24T11:17:31.000Z</time>
        <extensions>
          <ns3:TrackPointExtension>
            <ns3:hr>124</ns3:hr>
          </ns3:TrackPointExtension>
        </extensions>
      </trkpt>
      <trkpt lat="46.55555390752851963043212890625" lon="7.878287918865680694580078125">
        <ele>1869.4000244140625</ele>
        <time>2025-08-24T11:17:34.000Z</time>
        <extensions>
          <ns3:TrackPointExtension>
            <ns3:hr>124</ns3:hr>
          </ns3:TrackPointExtension>
        </extensions>
      </trkpt>
      <trkpt lat="46.55557326972484588623046875" lon="7.87836058996617794036865234375">
        <ele>1869.4000244140625</ele>
        <time>2025-08-24T11:17:38.000Z</time>
        <extensions>
          <ns3:TrackPointExtension>
            <ns3:hr>120</ns3:hr>
          </ns3:TrackPointExtension>
        </extensions>
      </trkpt>
      <trkpt lat="46.555602438747882843017578125" lon="7.87843904457986354827880859375">
        <ele>1868.800048828125</ele>
        <time>2025-08-24T11:17:43.000Z</time>
        <extensions>
          <ns3:TrackPointExtension>
            <ns3:hr>122</ns3:hr>
          </ns3:TrackPointExtension>
        </extensions>
      </trkpt>
      <trkpt lat="46.55562615953385829925537109375" lon="7.87853225134313106536865234375">
        <ele>1868.4000244140625</ele>
        <time>2025-08-24T11:17:48.000Z</time>
        <extensions>
          <ns3:TrackPointExtension>
            <ns3:hr>119</ns3:hr>
          </ns3:TrackPointExtension>
        </extensions>
      </trkpt>
      <trkpt lat="46.55564778484404087066650390625" lon="7.8786102868616580963134765625">
        <ele>1868.5999755859375</ele>
        <time>2025-08-24T11:17:52.000Z</time>
        <extensions>
          <ns3:TrackPointExtension>
            <ns3:hr>118</ns3:hr>
          </ns3:TrackPointExtension>
        </extensions>
      </trkpt>
      <trkpt lat="46.55567360110580921173095703125" lon="7.8787085227668285369873046875">
        <ele>1869.800048828125</ele>
        <time>2025-08-24T11:17:58.000Z</time>
        <extensions>
          <ns3:TrackPointExtension>
            <ns3:hr>120</ns3:hr>
          </ns3:TrackPointExtension>
        </extensions>
      </trkpt>
      <trkpt lat="46.55568231828510761260986328125" lon="7.878723107278347015380859375">
        <ele>1870</ele>
        <time>2025-08-24T11:17:59.000Z</time>
        <extensions>
          <ns3:TrackPointExtension>
            <ns3:hr>119</ns3:hr>
          </ns3:TrackPointExtension>
        </extensions>
      </trkpt>
      <trkpt lat="46.55569531023502349853515625" lon="7.87875520996749401092529296875">
        <ele>1870.199951171875</ele>
        <time>2025-08-24T11:18:01.000Z</time>
        <extensions>
          <ns3:TrackPointExtension>
            <ns3:hr>122</ns3:hr>
          </ns3:TrackPointExtension>
        </extensions>
      </trkpt>
      <trkpt lat="46.55569933354854583740234375" lon="7.87877884693443775177001953125">
        <ele>1870.4000244140625</ele>
        <time>2025-08-24T11:18:02.000Z</time>
        <extensions>
          <ns3:TrackPointExtension>
            <ns3:hr>121</ns3:hr>
          </ns3:TrackPointExtension>
        </extensions>
      </trkpt>
      <trkpt lat="46.555702351033687591552734375" lon="7.87880985997617244720458984375">
        <ele>1870.4000244140625</ele>
        <time>2025-08-24T11:18:04.000Z</time>
        <extensions>
          <ns3:TrackPointExtension>
            <ns3:hr>125</ns3:hr>
          </ns3:TrackPointExtension>
        </extensions>
      </trkpt>
      <trkpt lat="46.55570360831916332244873046875" lon="7.87883148528635501861572265625">
        <ele>1870.5999755859375</ele>
        <time>2025-08-24T11:18:05.000Z</time>
        <extensions>
          <ns3:TrackPointExtension>
            <ns3:hr>128</ns3:hr>
          </ns3:TrackPointExtension>
        </extensions>
      </trkpt>
      <trkpt lat="46.5557132475078105926513671875" lon="7.87885428406298160552978515625">
        <ele>1870.4000244140625</ele>
        <time>2025-08-24T11:18:07.000Z</time>
        <extensions>
          <ns3:TrackPointExtension>
            <ns3:hr>129</ns3:hr>
          </ns3:TrackPointExtension>
        </extensions>
      </trkpt>
      <trkpt lat="46.555731855332851409912109375" lon="7.8789800964295864105224609375">
        <ele>1869</ele>
        <time>2025-08-24T11:18:15.000Z</time>
        <extensions>
          <ns3:TrackPointExtension>
            <ns3:hr>132</ns3:hr>
          </ns3:TrackPointExtension>
        </extensions>
      </trkpt>
      <trkpt lat="46.5557367168366909027099609375" lon="7.87911730818450450897216796875">
        <ele>1868.800048828125</ele>
        <time>2025-08-24T11:18:22.000Z</time>
        <extensions>
          <ns3:TrackPointExtension>
            <ns3:hr>134</ns3:hr>
          </ns3:TrackPointExtension>
        </extensions>
      </trkpt>
      <trkpt lat="46.55574669130146503448486328125" lon="7.87913314998149871826171875">
        <ele>1868.800048828125</ele>
        <time>2025-08-24T11:18:23.000Z</time>
        <extensions>
          <ns3:TrackPointExtension>
            <ns3:hr>135</ns3:hr>
          </ns3:TrackPointExtension>
        </extensions>
      </trkpt>
      <trkpt lat="46.5558047778904438018798828125" lon="7.8792509995400905609130859375">
        <ele>1867.5999755859375</ele>
        <time>2025-08-24T11:18:32.000Z</time>
        <extensions>
          <ns3:TrackPointExtension>
            <ns3:hr>137</ns3:hr>
          </ns3:TrackPointExtension>
        </extensions>
      </trkpt>
      <trkpt lat="46.5558086335659027099609375" lon="7.87926801480352878570556640625">
        <ele>1867.4000244140625</ele>
        <time>2025-08-24T11:18:33.000Z</time>
        <extensions>
          <ns3:TrackPointExtension>
            <ns3:hr>137</ns3:hr>
          </ns3:TrackPointExtension>
        </extensions>
      </trkpt>
      <trkpt lat="46.5558406524360179901123046875" lon="7.87936356849968433380126953125">
        <ele>1866.5999755859375</ele>
        <time>2025-08-24T11:18:38.000Z</time>
        <extensions>
          <ns3:TrackPointExtension>
            <ns3:hr>136</ns3:hr>
          </ns3:TrackPointExtension>
        </extensions>
      </trkpt>
      <trkpt lat="46.5558614395558834075927734375" lon="7.8794159553945064544677734375">
        <ele>1866.4000244140625</ele>
        <time>2025-08-24T11:18:41.000Z</time>
        <extensions>
          <ns3:TrackPointExtension>
            <ns3:hr>136</ns3:hr>
          </ns3:TrackPointExtension>
        </extensions>
      </trkpt>
      <trkpt lat="46.55592254363000392913818359375" lon="7.87951762787997722625732421875">
        <ele>1866.199951171875</ele>
        <time>2025-08-24T11:18:48.000Z</time>
        <extensions>
          <ns3:TrackPointExtension>
            <ns3:hr>135</ns3:hr>
          </ns3:TrackPointExtension>
        </extensions>
      </trkpt>
      <trkpt lat="46.55595825053751468658447265625" lon="7.8795835934579372406005859375">
        <ele>1865.4000244140625</ele>
        <time>2025-08-24T11:18:53.000Z</time>
        <extensions>
          <ns3:TrackPointExtension>
            <ns3:hr>134</ns3:hr>
          </ns3:TrackPointExtension>
        </extensions>
      </trkpt>
      <trkpt lat="46.556002087891101837158203125" lon="7.879633717238903045654296875">
        <ele>1865</ele>
        <time>2025-08-24T11:18:57.000Z</time>
        <extensions>
          <ns3:TrackPointExtension>
            <ns3:hr>134</ns3:hr>
          </ns3:TrackPointExtension>
        </extensions>
      </trkpt>
      <trkpt lat="46.5560364536941051483154296875" lon="7.8796892054378986358642578125">
        <ele>1865</ele>
        <time>2025-08-24T11:19:01.000Z</time>
        <extensions>
          <ns3:TrackPointExtension>
            <ns3:hr>134</ns3:hr>
          </ns3:TrackPointExtension>
        </extensions>
      </trkpt>
      <trkpt lat="46.556046009063720703125" lon="7.87971929647028446197509765625">
        <ele>1864.800048828125</ele>
        <time>2025-08-24T11:19:03.000Z</time>
        <extensions>
          <ns3:TrackPointExtension>
            <ns3:hr>134</ns3:hr>
          </ns3:TrackPointExtension>
        </extensions>
      </trkpt>
      <trkpt lat="46.55609286390244960784912109375" lon="7.8798271715641021728515625">
        <ele>1864.5999755859375</ele>
        <time>2025-08-24T11:19:10.000Z</time>
        <extensions>
          <ns3:TrackPointExtension>
            <ns3:hr>134</ns3:hr>
          </ns3:TrackPointExtension>
        </extensions>
      </trkpt>
      <trkpt lat="46.5561041794717311859130859375" lon="7.87987570278346538543701171875">
        <ele>1864.4000244140625</ele>
        <time>2025-08-24T11:19:13.000Z</time>
        <extensions>
          <ns3:TrackPointExtension>
            <ns3:hr>133</ns3:hr>
          </ns3:TrackPointExtension>
        </extensions>
      </trkpt>
      <trkpt lat="46.556119434535503387451171875" lon="7.8799352981150150299072265625">
        <ele>1864.5999755859375</ele>
        <time>2025-08-24T11:19:17.000Z</time>
        <extensions>
          <ns3:TrackPointExtension>
            <ns3:hr>131</ns3:hr>
          </ns3:TrackPointExtension>
        </extensions>
      </trkpt>
      <trkpt lat="46.556132845580577850341796875" lon="7.87999941967427730560302734375">
        <ele>1864.4000244140625</ele>
        <time>2025-08-24T11:19:21.000Z</time>
        <extensions>
          <ns3:TrackPointExtension>
            <ns3:hr>130</ns3:hr>
          </ns3:TrackPointExtension>
        </extensions>
      </trkpt>
      <trkpt lat="46.5561333484947681427001953125" lon="7.88003546185791492462158203125">
        <ele>1864.4000244140625</ele>
        <time>2025-08-24T11:19:23.000Z</time>
        <extensions>
          <ns3:TrackPointExtension>
            <ns3:hr>130</ns3:hr>
          </ns3:TrackPointExtension>
        </extensions>
      </trkpt>
      <trkpt lat="46.556146256625652313232421875" lon="7.8801612742245197296142578125">
        <ele>1864.199951171875</ele>
        <time>2025-08-24T11:19:30.000Z</time>
        <extensions>
          <ns3:TrackPointExtension>
            <ns3:hr>129</ns3:hr>
          </ns3:TrackPointExtension>
        </extensions>
      </trkpt>
      <trkpt lat="46.55615187250077724456787109375" lon="7.8801753558218479156494140625">
        <ele>1864</ele>
        <time>2025-08-24T11:19:31.000Z</time>
        <extensions>
          <ns3:TrackPointExtension>
            <ns3:hr>128</ns3:hr>
          </ns3:TrackPointExtension>
        </extensions>
      </trkpt>
      <trkpt lat="46.55618221499025821685791015625" lon="7.88027937524020671844482421875">
        <ele>1863.4000244140625</ele>
        <time>2025-08-24T11:19:37.000Z</time>
        <extensions>
          <ns3:TrackPointExtension>
            <ns3:hr>127</ns3:hr>
          </ns3:TrackPointExtension>
        </extensions>
      </trkpt>
      <trkpt lat="46.5561963804066181182861328125" lon="7.8803121484816074371337890625">
        <ele>1863.199951171875</ele>
        <time>2025-08-24T11:19:39.000Z</time>
        <extensions>
          <ns3:TrackPointExtension>
            <ns3:hr>127</ns3:hr>
          </ns3:TrackPointExtension>
        </extensions>
      </trkpt>
      <trkpt lat="46.5562372840940952301025390625" lon="7.88050585426390171051025390625">
        <ele>1862.4000244140625</ele>
        <time>2025-08-24T11:19:50.000Z</time>
        <extensions>
          <ns3:TrackPointExtension>
            <ns3:hr>126</ns3:hr>
          </ns3:TrackPointExtension>
        </extensions>
      </trkpt>
      <trkpt lat="46.55629201792180538177490234375" lon="7.88058648817241191864013671875">
        <ele>1862</ele>
        <time>2025-08-24T11:19:57.000Z</time>
        <extensions>
          <ns3:TrackPointExtension>
            <ns3:hr>127</ns3:hr>
          </ns3:TrackPointExtension>
        </extensions>
      </trkpt>
      <trkpt lat="46.556293107569217681884765625" lon="7.8805887512862682342529296875">
        <ele>1862</ele>
        <time>2025-08-24T11:19:58.000Z</time>
        <extensions>
          <ns3:TrackPointExtension>
            <ns3:hr>124</ns3:hr>
          </ns3:TrackPointExtension>
        </extensions>
      </trkpt>
      <trkpt lat="46.55629386194050312042236328125" lon="7.88059386424720287322998046875">
        <ele>1861.800048828125</ele>
        <time>2025-08-24T11:19:59.000Z</time>
        <extensions>
          <ns3:TrackPointExtension>
            <ns3:hr>127</ns3:hr>
          </ns3:TrackPointExtension>
        </extensions>
      </trkpt>
      <trkpt lat="46.55629436485469341278076171875" lon="7.880598641932010650634765625">
        <ele>1861.800048828125</ele>
        <time>2025-08-24T11:20:00.000Z</time>
        <extensions>
          <ns3:TrackPointExtension>
            <ns3:hr>127</ns3:hr>
          </ns3:TrackPointExtension>
        </extensions>
      </trkpt>
      <trkpt lat="46.556297130882740020751953125" lon="7.8806075267493724822998046875">
        <ele>1861.5999755859375</ele>
        <time>2025-08-24T11:20:02.000Z</time>
        <extensions>
          <ns3:TrackPointExtension>
            <ns3:hr>127</ns3:hr>
          </ns3:TrackPointExtension>
        </extensions>
      </trkpt>
      <trkpt lat="46.5563013218343257904052734375" lon="7.88061331026256084442138671875">
        <ele>1861.4000244140625</ele>
        <time>2025-08-24T11:20:04.000Z</time>
        <extensions>
          <ns3:TrackPointExtension>
            <ns3:hr>126</ns3:hr>
          </ns3:TrackPointExtension>
        </extensions>
      </trkpt>
      <trkpt lat="46.556304506957530975341796875" lon="7.88061909377574920654296875">
        <ele>1861.199951171875</ele>
        <time>2025-08-24T11:20:05.000Z</time>
        <extensions>
          <ns3:TrackPointExtension>
            <ns3:hr>126</ns3:hr>
          </ns3:TrackPointExtension>
        </extensions>
      </trkpt>
      <trkpt lat="46.5563066862523555755615234375" lon="7.88063862361013889312744140625">
        <ele>1860.800048828125</ele>
        <time>2025-08-24T11:20:07.000Z</time>
        <extensions>
          <ns3:TrackPointExtension>
            <ns3:hr>126</ns3:hr>
          </ns3:TrackPointExtension>
        </extensions>
      </trkpt>
      <trkpt lat="46.556308530271053314208984375" lon="7.880653627216815948486328125">
        <ele>1860.4000244140625</ele>
        <time>2025-08-24T11:20:11.000Z</time>
        <extensions>
          <ns3:TrackPointExtension>
            <ns3:hr>125</ns3:hr>
          </ns3:TrackPointExtension>
        </extensions>
      </trkpt>
      <trkpt lat="46.55630911700427532196044921875" lon="7.88065354339778423309326171875">
        <ele>1860.4000244140625</ele>
        <time>2025-08-24T11:20:12.000Z</time>
        <extensions>
          <ns3:TrackPointExtension>
            <ns3:hr>125</ns3:hr>
          </ns3:TrackPointExtension>
        </extensions>
      </trkpt>
      <trkpt lat="46.5563097037374973297119140625" lon="7.88067969493567943572998046875">
        <ele>1860.199951171875</ele>
        <time>2025-08-24T11:20:15.000Z</time>
        <extensions>
          <ns3:TrackPointExtension>
            <ns3:hr>126</ns3:hr>
          </ns3:TrackPointExtension>
        </extensions>
      </trkpt>
      <trkpt lat="46.55629989691078662872314453125" lon="7.88073602132499217987060546875">
        <ele>1859.800048828125</ele>
        <time>2025-08-24T11:20:18.000Z</time>
        <extensions>
          <ns3:TrackPointExtension>
            <ns3:hr>126</ns3:hr>
          </ns3:TrackPointExtension>
        </extensions>
      </trkpt>
      <trkpt lat="46.55630056746304035186767578125" lon="7.88080642931163311004638671875">
        <ele>1859.199951171875</ele>
        <time>2025-08-24T11:20:21.000Z</time>
        <extensions>
          <ns3:TrackPointExtension>
            <ns3:hr>125</ns3:hr>
          </ns3:TrackPointExtension>
        </extensions>
      </trkpt>
      <trkpt lat="46.5562949515879154205322265625" lon="7.88089578039944171905517578125">
        <ele>1858.5999755859375</ele>
        <time>2025-08-24T11:20:25.000Z</time>
        <extensions>
          <ns3:TrackPointExtension>
            <ns3:hr>125</ns3:hr>
          </ns3:TrackPointExtension>
        </extensions>
      </trkpt>
      <trkpt lat="46.55629335902631282806396484375" lon="7.8809572197496891021728515625">
        <ele>1858</ele>
        <time>2025-08-24T11:20:28.000Z</time>
        <extensions>
          <ns3:TrackPointExtension>
            <ns3:hr>122</ns3:hr>
          </ns3:TrackPointExtension>
        </extensions>
      </trkpt>
      <trkpt lat="46.556283719837665557861328125" lon="7.88100709207355976104736328125">
        <ele>1858</ele>
        <time>2025-08-24T11:20:32.000Z</time>
        <extensions>
          <ns3:TrackPointExtension>
            <ns3:hr>121</ns3:hr>
          </ns3:TrackPointExtension>
        </extensions>
      </trkpt>
      <trkpt lat="46.55628128908574581146240234375" lon="7.88101094774901866912841796875">
        <ele>1857.800048828125</ele>
        <time>2025-08-24T11:20:33.000Z</time>
        <extensions>
          <ns3:TrackPointExtension>
            <ns3:hr>121</ns3:hr>
          </ns3:TrackPointExtension>
        </extensions>
      </trkpt>
      <trkpt lat="46.55628095380961894989013671875" lon="7.88100801408290863037109375">
        <ele>1857.800048828125</ele>
        <time>2025-08-24T11:20:38.000Z</time>
        <extensions>
          <ns3:TrackPointExtension>
            <ns3:hr>124</ns3:hr>
          </ns3:TrackPointExtension>
        </extensions>
      </trkpt>
      <trkpt lat="46.55628078617155551910400390625" lon="7.88100776262581348419189453125">
        <ele>1858</ele>
        <time>2025-08-24T11:20:39.000Z</time>
        <extensions>
          <ns3:TrackPointExtension>
            <ns3:hr>123</ns3:hr>
          </ns3:TrackPointExtension>
        </extensions>
      </trkpt>
      <trkpt lat="46.55628137290477752685546875" lon="7.88100692443549633026123046875">
        <ele>1858</ele>
        <time>2025-08-24T11:20:57.000Z</time>
        <extensions>
          <ns3:TrackPointExtension>
            <ns3:hr>120</ns3:hr>
          </ns3:TrackPointExtension>
        </extensions>
      </trkpt>
      <trkpt lat="46.55628137290477752685546875" lon="7.881005667150020599365234375">
        <ele>1858</ele>
        <time>2025-08-24T11:21:02.000Z</time>
        <extensions>
          <ns3:TrackPointExtension>
            <ns3:hr>117</ns3:hr>
          </ns3:TrackPointExtension>
        </extensions>
      </trkpt>
      <trkpt lat="46.55629117973148822784423828125" lon="7.8810195811092853546142578125">
        <ele>1857.800048828125</ele>
        <time>2025-08-24T11:21:10.000Z</time>
        <extensions>
          <ns3:TrackPointExtension>
            <ns3:hr>114</ns3:hr>
          </ns3:TrackPointExtension>
        </extensions>
      </trkpt>
      <trkpt lat="46.5563102066516876220703125" lon="7.8810681961476802825927734375">
        <ele>1857.5999755859375</ele>
        <time>2025-08-24T11:21:13.000Z</time>
        <extensions>
          <ns3:TrackPointExtension>
            <ns3:hr>114</ns3:hr>
          </ns3:TrackPointExtension>
        </extensions>
      </trkpt>
      <trkpt lat="46.5563227795064449310302734375" lon="7.8811402805149555206298828125">
        <ele>1857.199951171875</ele>
        <time>2025-08-24T11:21:17.000Z</time>
        <extensions>
          <ns3:TrackPointExtension>
            <ns3:hr>117</ns3:hr>
          </ns3:TrackPointExtension>
        </extensions>
      </trkpt>
      <trkpt lat="46.5563412196934223175048828125" lon="7.8811763226985931396484375">
        <ele>1857</ele>
        <time>2025-08-24T11:21:19.000Z</time>
        <extensions>
          <ns3:TrackPointExtension>
            <ns3:hr>117</ns3:hr>
          </ns3:TrackPointExtension>
        </extensions>
      </trkpt>
      <trkpt lat="46.5563894994556903839111328125" lon="7.881244383752346038818359375">
        <ele>1856</ele>
        <time>2025-08-24T11:21:24.000Z</time>
        <extensions>
          <ns3:TrackPointExtension>
            <ns3:hr>116</ns3:hr>
          </ns3:TrackPointExtension>
        </extensions>
      </trkpt>
      <trkpt lat="46.5564255416393280029296875" lon="7.8812673501670360565185546875">
        <ele>1855.5999755859375</ele>
        <time>2025-08-24T11:21:28.000Z</time>
        <extensions>
          <ns3:TrackPointExtension>
            <ns3:hr>115</ns3:hr>
          </ns3:TrackPointExtension>
        </extensions>
      </trkpt>
      <trkpt lat="46.55646166764199733734130859375" lon="7.881292663514614105224609375">
        <ele>1855</ele>
        <time>2025-08-24T11:21:31.000Z</time>
        <extensions>
          <ns3:TrackPointExtension>
            <ns3:hr>115</ns3:hr>
          </ns3:TrackPointExtension>
        </extensions>
      </trkpt>
      <trkpt lat="46.55647985637187957763671875" lon="7.8813266940414905548095703125">
        <ele>1854.199951171875</ele>
        <time>2025-08-24T11:21:33.000Z</time>
        <extensions>
          <ns3:TrackPointExtension>
            <ns3:hr>115</ns3:hr>
          </ns3:TrackPointExtension>
        </extensions>
      </trkpt>
      <trkpt lat="46.556482203304767608642578125" lon="7.88134999573230743408203125">
        <ele>1853.800048828125</ele>
        <time>2025-08-24T11:21:34.000Z</time>
        <extensions>
          <ns3:TrackPointExtension>
            <ns3:hr>115</ns3:hr>
          </ns3:TrackPointExtension>
        </extensions>
      </trkpt>
      <trkpt lat="46.5564793534576892852783203125" lon="7.8814004547894001007080078125">
        <ele>1853.199951171875</ele>
        <time>2025-08-24T11:21:36.000Z</time>
        <extensions>
          <ns3:TrackPointExtension>
            <ns3:hr>115</ns3:hr>
          </ns3:TrackPointExtension>
        </extensions>
      </trkpt>
      <trkpt lat="46.55646242201328277587890625" lon="7.8814661689102649688720703125">
        <ele>1852.5999755859375</ele>
        <time>2025-08-24T11:21:39.000Z</time>
        <extensions>
          <ns3:TrackPointExtension>
            <ns3:hr>115</ns3:hr>
          </ns3:TrackPointExtension>
        </extensions>
      </trkpt>
      <trkpt lat="46.55645303428173065185546875" lon="7.88150246255099773406982421875">
        <ele>1852.4000244140625</ele>
        <time>2025-08-24T11:21:41.000Z</time>
        <extensions>
          <ns3:TrackPointExtension>
            <ns3:hr>116</ns3:hr>
          </ns3:TrackPointExtension>
        </extensions>
      </trkpt>
      <trkpt lat="46.55646066181361675262451171875" lon="7.881577648222446441650390625">
        <ele>1851.5999755859375</ele>
        <time>2025-08-24T11:21:45.000Z</time>
        <extensions>
          <ns3:TrackPointExtension>
            <ns3:hr>117</ns3:hr>
          </ns3:TrackPointExtension>
        </extensions>
      </trkpt>
      <trkpt lat="46.55646015889942646026611328125" lon="7.881609834730625152587890625">
        <ele>1851</ele>
        <time>2025-08-24T11:21:47.000Z</time>
        <extensions>
          <ns3:TrackPointExtension>
            <ns3:hr>118</ns3:hr>
          </ns3:TrackPointExtension>
        </extensions>
      </trkpt>
      <trkpt lat="46.55646636150777339935302734375" lon="7.88161511532962322235107421875">
        <ele>1850.800048828125</ele>
        <time>2025-08-24T11:21:48.000Z</time>
        <extensions>
          <ns3:TrackPointExtension>
            <ns3:hr>119</ns3:hr>
          </ns3:TrackPointExtension>
        </extensions>
      </trkpt>
      <trkpt lat="46.5564739890396595001220703125" lon="7.88162165321409702301025390625">
        <ele>1850.4000244140625</ele>
        <time>2025-08-24T11:21:49.000Z</time>
        <extensions>
          <ns3:TrackPointExtension>
            <ns3:hr>120</ns3:hr>
          </ns3:TrackPointExtension>
        </extensions>
      </trkpt>
      <trkpt lat="46.55648614279925823211669921875" lon="7.88162684999406337738037109375">
        <ele>1850.199951171875</ele>
        <time>2025-08-24T11:21:50.000Z</time>
        <extensions>
          <ns3:TrackPointExtension>
            <ns3:hr>120</ns3:hr>
          </ns3:TrackPointExtension>
        </extensions>
      </trkpt>
      <trkpt lat="46.55650240369141101837158203125" lon="7.88162969984114170074462890625">
        <ele>1850</ele>
        <time>2025-08-24T11:21:51.000Z</time>
        <extensions>
          <ns3:TrackPointExtension>
            <ns3:hr>120</ns3:hr>
          </ns3:TrackPointExtension>
        </extensions>
      </trkpt>
      <trkpt lat="46.55651480890810489654541015625" lon="7.8816391713917255401611328125">
        <ele>1850</ele>
        <time>2025-08-24T11:21:52.000Z</time>
        <extensions>
          <ns3:TrackPointExtension>
            <ns3:hr>121</ns3:hr>
          </ns3:TrackPointExtension>
        </extensions>
      </trkpt>
      <trkpt lat="46.556545235216617584228515625" lon="7.88165736012160778045654296875">
        <ele>1849.199951171875</ele>
        <time>2025-08-24T11:21:54.000Z</time>
        <extensions>
          <ns3:TrackPointExtension>
            <ns3:hr>121</ns3:hr>
          </ns3:TrackPointExtension>
        </extensions>
      </trkpt>
      <trkpt lat="46.556563675403594970703125" lon="7.8816921450197696685791015625">
        <ele>1848.800048828125</ele>
        <time>2025-08-24T11:21:56.000Z</time>
        <extensions>
          <ns3:TrackPointExtension>
            <ns3:hr>121</ns3:hr>
          </ns3:TrackPointExtension>
        </extensions>
      </trkpt>
      <trkpt lat="46.55656962655484676361083984375" lon="7.8817357309162616729736328125">
        <ele>1848.4000244140625</ele>
        <time>2025-08-24T11:21:58.000Z</time>
        <extensions>
          <ns3:TrackPointExtension>
            <ns3:hr>121</ns3:hr>
          </ns3:TrackPointExtension>
        </extensions>
      </trkpt>
      <trkpt lat="46.55657105147838592529296875" lon="7.881758026778697967529296875">
        <ele>1847.800048828125</ele>
        <time>2025-08-24T11:21:59.000Z</time>
        <extensions>
          <ns3:TrackPointExtension>
            <ns3:hr>120</ns3:hr>
          </ns3:TrackPointExtension>
        </extensions>
      </trkpt>
      <trkpt lat="46.55657884664833545684814453125" lon="7.8817793168127536773681640625">
        <ele>1847.199951171875</ele>
        <time>2025-08-24T11:22:01.000Z</time>
        <extensions>
          <ns3:TrackPointExtension>
            <ns3:hr>119</ns3:hr>
          </ns3:TrackPointExtension>
        </extensions>
      </trkpt>
      <trkpt lat="46.556590832769870758056640625" lon="7.88178660906851291656494140625">
        <ele>1847</ele>
        <time>2025-08-24T11:22:02.000Z</time>
        <extensions>
          <ns3:TrackPointExtension>
            <ns3:hr>120</ns3:hr>
          </ns3:TrackPointExtension>
        </extensions>
      </trkpt>
      <trkpt lat="46.55660332180559635162353515625" lon="7.88179331459105014801025390625">
        <ele>1846.5999755859375</ele>
        <time>2025-08-24T11:22:03.000Z</time>
        <extensions>
          <ns3:TrackPointExtension>
            <ns3:hr>120</ns3:hr>
          </ns3:TrackPointExtension>
        </extensions>
      </trkpt>
      <trkpt lat="46.556627713143825531005859375" lon="7.8818024508655071258544921875">
        <ele>1846.199951171875</ele>
        <time>2025-08-24T11:22:05.000Z</time>
        <extensions>
          <ns3:TrackPointExtension>
            <ns3:hr>120</ns3:hr>
          </ns3:TrackPointExtension>
        </extensions>
      </trkpt>
      <trkpt lat="46.5566533617675304412841796875" lon="7.8818175382912158966064453125">
        <ele>1845.4000244140625</ele>
        <time>2025-08-24T11:22:07.000Z</time>
        <extensions>
          <ns3:TrackPointExtension>
            <ns3:hr>120</ns3:hr>
          </ns3:TrackPointExtension>
        </extensions>
      </trkpt>
      <trkpt lat="46.5566634200513362884521484375" lon="7.88182751275599002838134765625">
        <ele>1845.199951171875</ele>
        <time>2025-08-24T11:22:08.000Z</time>
        <extensions>
          <ns3:TrackPointExtension>
            <ns3:hr>121</ns3:hr>
          </ns3:TrackPointExtension>
        </extensions>
      </trkpt>
      <trkpt lat="46.55670625157654285430908203125" lon="7.88184779696166515350341796875">
        <ele>1844.4000244140625</ele>
        <time>2025-08-24T11:22:11.000Z</time>
        <extensions>
          <ns3:TrackPointExtension>
            <ns3:hr>121</ns3:hr>
          </ns3:TrackPointExtension>
        </extensions>
      </trkpt>
      <trkpt lat="46.55673005618155002593994140625" lon="7.881847210228443145751953125">
        <ele>1844</ele>
        <time>2025-08-24T11:22:13.000Z</time>
        <extensions>
          <ns3:TrackPointExtension>
            <ns3:hr>122</ns3:hr>
          </ns3:TrackPointExtension>
        </extensions>
      </trkpt>
      <trkpt lat="46.55677733011543750762939453125" lon="7.88184494711458683013916015625">
        <ele>1843.5999755859375</ele>
        <time>2025-08-24T11:22:17.000Z</time>
        <extensions>
          <ns3:TrackPointExtension>
            <ns3:hr>119</ns3:hr>
          </ns3:TrackPointExtension>
        </extensions>
      </trkpt>
      <trkpt lat="46.55678655020892620086669921875" lon="7.881847210228443145751953125">
        <ele>1843.4000244140625</ele>
        <time>2025-08-24T11:22:18.000Z</time>
        <extensions>
          <ns3:TrackPointExtension>
            <ns3:hr>122</ns3:hr>
          </ns3:TrackPointExtension>
        </extensions>
      </trkpt>
      <trkpt lat="46.55685796402394771575927734375" lon="7.8818695060908794403076171875">
        <ele>1842.800048828125</ele>
        <time>2025-08-24T11:22:23.000Z</time>
        <extensions>
          <ns3:TrackPointExtension>
            <ns3:hr>125</ns3:hr>
          </ns3:TrackPointExtension>
        </extensions>
      </trkpt>
      <trkpt lat="46.5568712912499904632568359375" lon="7.88187311030924320220947265625">
        <ele>1842.4000244140625</ele>
        <time>2025-08-24T11:22:24.000Z</time>
        <extensions>
          <ns3:TrackPointExtension>
            <ns3:hr>124</ns3:hr>
          </ns3:TrackPointExtension>
        </extensions>
      </trkpt>
      <trkpt lat="46.55688495375216007232666015625" lon="7.88188685663044452667236328125">
        <ele>1841.4000244140625</ele>
        <time>2025-08-24T11:22:27.000Z</time>
        <extensions>
          <ns3:TrackPointExtension>
            <ns3:hr>125</ns3:hr>
          </ns3:TrackPointExtension>
        </extensions>
      </trkpt>
      <trkpt lat="46.5568947605788707733154296875" lon="7.8818973340094089508056640625">
        <ele>1841.4000244140625</ele>
        <time>2025-08-24T11:22:28.000Z</time>
        <extensions>
          <ns3:TrackPointExtension>
            <ns3:hr>123</ns3:hr>
          </ns3:TrackPointExtension>
        </extensions>
      </trkpt>
      <trkpt lat="46.55691303312778472900390625" lon="7.8819037042558193206787109375">
        <ele>1841</ele>
        <time>2025-08-24T11:22:30.000Z</time>
        <extensions>
          <ns3:TrackPointExtension>
            <ns3:hr>123</ns3:hr>
          </ns3:TrackPointExtension>
        </extensions>
      </trkpt>
      <trkpt lat="46.55692820437252521514892578125" lon="7.88189859129488468170166015625">
        <ele>1841</ele>
        <time>2025-08-24T11:22:31.000Z</time>
        <extensions>
          <ns3:TrackPointExtension>
            <ns3:hr>126</ns3:hr>
          </ns3:TrackPointExtension>
        </extensions>
      </trkpt>
      <trkpt lat="46.55694119632244110107421875" lon="7.881893478333950042724609375">
        <ele>1840.800048828125</ele>
        <time>2025-08-24T11:22:32.000Z</time>
        <extensions>
          <ns3:TrackPointExtension>
            <ns3:hr>123</ns3:hr>
          </ns3:TrackPointExtension>
        </extensions>
      </trkpt>
      <trkpt lat="46.55695502646267414093017578125" lon="7.88189582526683807373046875">
        <ele>1840.5999755859375</ele>
        <time>2025-08-24T11:22:33.000Z</time>
        <extensions>
          <ns3:TrackPointExtension>
            <ns3:hr>124</ns3:hr>
          </ns3:TrackPointExtension>
        </extensions>
      </trkpt>
      <trkpt lat="46.55697966925799846649169921875" lon="7.88189808838069438934326171875">
        <ele>1840.4000244140625</ele>
        <time>2025-08-24T11:22:35.000Z</time>
        <extensions>
          <ns3:TrackPointExtension>
            <ns3:hr>125</ns3:hr>
          </ns3:TrackPointExtension>
        </extensions>
      </trkpt>
      <trkpt lat="46.556985788047313690185546875" lon="7.8819073922932147979736328125">
        <ele>1840.199951171875</ele>
        <time>2025-08-24T11:22:36.000Z</time>
        <extensions>
          <ns3:TrackPointExtension>
            <ns3:hr>125</ns3:hr>
          </ns3:TrackPointExtension>
        </extensions>
      </trkpt>
      <trkpt lat="46.5570094250142574310302734375" lon="7.881936393678188323974609375">
        <ele>1839.5999755859375</ele>
        <time>2025-08-24T11:22:39.000Z</time>
        <extensions>
          <ns3:TrackPointExtension>
            <ns3:hr>125</ns3:hr>
          </ns3:TrackPointExtension>
        </extensions>
      </trkpt>
      <trkpt lat="46.557020656764507293701171875" lon="7.8819670714437961578369140625">
        <ele>1838.800048828125</ele>
        <time>2025-08-24T11:22:41.000Z</time>
        <extensions>
          <ns3:TrackPointExtension>
            <ns3:hr>127</ns3:hr>
          </ns3:TrackPointExtension>
        </extensions>
      </trkpt>
      <trkpt lat="46.5570657514035701751708984375" lon="7.88201359100639820098876953125">
        <ele>1837.5999755859375</ele>
        <time>2025-08-24T11:22:44.000Z</time>
        <extensions>
          <ns3:TrackPointExtension>
            <ns3:hr>125</ns3:hr>
          </ns3:TrackPointExtension>
        </extensions>
      </trkpt>
      <trkpt lat="46.5571012906730175018310546875" lon="7.88203186355531215667724609375">
        <ele>1837</ele>
        <time>2025-08-24T11:22:46.000Z</time>
        <extensions>
          <ns3:TrackPointExtension>
            <ns3:hr>124</ns3:hr>
          </ns3:TrackPointExtension>
        </extensions>
      </trkpt>
      <trkpt lat="46.557122580707073211669921875" lon="7.8820498846471309661865234375">
        <ele>1836.4000244140625</ele>
        <time>2025-08-24T11:22:48.000Z</time>
        <extensions>
          <ns3:TrackPointExtension>
            <ns3:hr>121</ns3:hr>
          </ns3:TrackPointExtension>
        </extensions>
      </trkpt>
      <trkpt lat="46.55712869949638843536376953125" lon="7.88205835036933422088623046875">
        <ele>1836.4000244140625</ele>
        <time>2025-08-24T11:22:49.000Z</time>
        <extensions>
          <ns3:TrackPointExtension>
            <ns3:hr>124</ns3:hr>
          </ns3:TrackPointExtension>
        </extensions>
      </trkpt>
      <trkpt lat="46.5571309626102447509765625" lon="7.88206891156733036041259765625">
        <ele>1836.4000244140625</ele>
        <time>2025-08-24T11:22:50.000Z</time>
        <extensions>
          <ns3:TrackPointExtension>
            <ns3:hr>124</ns3:hr>
          </ns3:TrackPointExtension>
        </extensions>
      </trkpt>
      <trkpt lat="46.557131968438625335693359375" lon="7.88207419216632843017578125">
        <ele>1836.199951171875</ele>
        <time>2025-08-24T11:22:51.000Z</time>
        <extensions>
          <ns3:TrackPointExtension>
            <ns3:hr>124</ns3:hr>
          </ns3:TrackPointExtension>
        </extensions>
      </trkpt>
      <trkpt lat="46.5571321360766887664794921875" lon="7.8820767067372798919677734375">
        <ele>1836.199951171875</ele>
        <time>2025-08-24T11:22:52.000Z</time>
        <extensions>
          <ns3:TrackPointExtension>
            <ns3:hr>125</ns3:hr>
          </ns3:TrackPointExtension>
        </extensions>
      </trkpt>
      <trkpt lat="46.55714378692209720611572265625" lon="7.8820837475359439849853515625">
        <ele>1836.4000244140625</ele>
        <time>2025-08-24T11:22:59.000Z</time>
        <extensions>
          <ns3:TrackPointExtension>
            <ns3:hr>123</ns3:hr>
          </ns3:TrackPointExtension>
        </extensions>
      </trkpt>
      <trkpt lat="46.55717052519321441650390625" lon="7.88211082108318805694580078125">
        <ele>1836.199951171875</ele>
        <time>2025-08-24T11:23:05.000Z</time>
        <extensions>
          <ns3:TrackPointExtension>
            <ns3:hr>124</ns3:hr>
          </ns3:TrackPointExtension>
        </extensions>
      </trkpt>
      <trkpt lat="46.55717714689671993255615234375" lon="7.8821204602718353271484375">
        <ele>1836.199951171875</ele>
        <time>2025-08-24T11:23:13.000Z</time>
        <extensions>
          <ns3:TrackPointExtension>
            <ns3:hr>126</ns3:hr>
          </ns3:TrackPointExtension>
        </extensions>
      </trkpt>
      <trkpt lat="46.55718066729605197906494140625" lon="7.882124148309230804443359375">
        <ele>1836.199951171875</ele>
        <time>2025-08-24T11:23:17.000Z</time>
        <extensions>
          <ns3:TrackPointExtension>
            <ns3:hr>129</ns3:hr>
          </ns3:TrackPointExtension>
        </extensions>
      </trkpt>
      <trkpt lat="46.55718016438186168670654296875" lon="7.882124148309230804443359375">
        <ele>1836.199951171875</ele>
        <time>2025-08-24T11:23:25.000Z</time>
        <extensions>
          <ns3:TrackPointExtension>
            <ns3:hr>127</ns3:hr>
          </ns3:TrackPointExtension>
        </extensions>
      </trkpt>
      <trkpt lat="46.5571790747344493865966796875" lon="7.88212825544178485870361328125">
        <ele>1836.199951171875</ele>
        <time>2025-08-24T11:23:35.000Z</time>
        <extensions>
          <ns3:TrackPointExtension>
            <ns3:hr>124</ns3:hr>
          </ns3:TrackPointExtension>
        </extensions>
      </trkpt>
      <trkpt lat="46.55717899091541767120361328125" lon="7.88212926127016544342041015625">
        <ele>1836.5999755859375</ele>
        <time>2025-08-24T11:23:41.000Z</time>
        <extensions>
          <ns3:TrackPointExtension>
            <ns3:hr>121</ns3:hr>
          </ns3:TrackPointExtension>
        </extensions>
      </trkpt>
      <trkpt lat="46.55717882327735424041748046875" lon="7.88213185966014862060546875">
        <ele>1836.4000244140625</ele>
        <time>2025-08-24T11:23:47.000Z</time>
        <extensions>
          <ns3:TrackPointExtension>
            <ns3:hr>118</ns3:hr>
          </ns3:TrackPointExtension>
        </extensions>
      </trkpt>
      <trkpt lat="46.5571770630776882171630859375" lon="7.8821320272982120513916015625">
        <ele>1836</ele>
        <time>2025-08-24T11:23:53.000Z</time>
        <extensions>
          <ns3:TrackPointExtension>
            <ns3:hr>115</ns3:hr>
          </ns3:TrackPointExtension>
        </extensions>
      </trkpt>
      <trkpt lat="46.55717681162059307098388671875" lon="7.882131524384021759033203125">
        <ele>1836</ele>
        <time>2025-08-24T11:23:54.000Z</time>
        <extensions>
          <ns3:TrackPointExtension>
            <ns3:hr>118</ns3:hr>
          </ns3:TrackPointExtension>
        </extensions>
      </trkpt>
      <trkpt lat="46.5571854449808597564697265625" lon="7.88212976418435573577880859375">
        <ele>1835.199951171875</ele>
        <time>2025-08-24T11:23:56.000Z</time>
        <extensions>
          <ns3:TrackPointExtension>
            <ns3:hr>119</ns3:hr>
          </ns3:TrackPointExtension>
        </extensions>
      </trkpt>
      <trkpt lat="46.55720832757651805877685546875" lon="7.88214820437133312225341796875">
        <ele>1834.199951171875</ele>
        <time>2025-08-24T11:23:59.000Z</time>
        <extensions>
          <ns3:TrackPointExtension>
            <ns3:hr>119</ns3:hr>
          </ns3:TrackPointExtension>
        </extensions>
      </trkpt>
      <trkpt lat="46.5572129376232624053955078125" lon="7.88215239532291889190673828125">
        <ele>1834</ele>
        <time>2025-08-24T11:24:00.000Z</time>
        <extensions>
          <ns3:TrackPointExtension>
            <ns3:hr>120</ns3:hr>
          </ns3:TrackPointExtension>
        </extensions>
      </trkpt>
      <trkpt lat="46.5572464652359485626220703125" lon="7.882179133594036102294921875">
        <ele>1832.5999755859375</ele>
        <time>2025-08-24T11:24:04.000Z</time>
        <extensions>
          <ns3:TrackPointExtension>
            <ns3:hr>120</ns3:hr>
          </ns3:TrackPointExtension>
        </extensions>
      </trkpt>
      <trkpt lat="46.5572543442249298095703125" lon="7.882183156907558441162109375">
        <ele>1832.4000244140625</ele>
        <time>2025-08-24T11:24:05.000Z</time>
        <extensions>
          <ns3:TrackPointExtension>
            <ns3:hr>119</ns3:hr>
          </ns3:TrackPointExtension>
        </extensions>
      </trkpt>
      <trkpt lat="46.55726515688002109527587890625" lon="7.8822071291506290435791015625">
        <ele>1831.5999755859375</ele>
        <time>2025-08-24T11:24:07.000Z</time>
        <extensions>
          <ns3:TrackPointExtension>
            <ns3:hr>118</ns3:hr>
          </ns3:TrackPointExtension>
        </extensions>
      </trkpt>
      <trkpt lat="46.5572997741401195526123046875" lon="7.88223604671657085418701171875">
        <ele>1830.5999755859375</ele>
        <time>2025-08-24T11:24:10.000Z</time>
        <extensions>
          <ns3:TrackPointExtension>
            <ns3:hr>119</ns3:hr>
          </ns3:TrackPointExtension>
        </extensions>
      </trkpt>
      <trkpt lat="46.55732785351574420928955078125" lon="7.88224459625780582427978515625">
        <ele>1830.199951171875</ele>
        <time>2025-08-24T11:24:12.000Z</time>
        <extensions>
          <ns3:TrackPointExtension>
            <ns3:hr>119</ns3:hr>
          </ns3:TrackPointExtension>
        </extensions>
      </trkpt>
      <trkpt lat="46.557399518787860870361328125" lon="7.882236130535602569580078125">
        <ele>1830.199951171875</ele>
        <time>2025-08-24T11:24:19.000Z</time>
        <extensions>
          <ns3:TrackPointExtension>
            <ns3:hr>119</ns3:hr>
          </ns3:TrackPointExtension>
        </extensions>
      </trkpt>
      <trkpt lat="46.55740127898752689361572265625" lon="7.8822248987853527069091796875">
        <ele>1830.4000244140625</ele>
        <time>2025-08-24T11:24:20.000Z</time>
        <extensions>
          <ns3:TrackPointExtension>
            <ns3:hr>119</ns3:hr>
          </ns3:TrackPointExtension>
        </extensions>
      </trkpt>
      <trkpt lat="46.55741200782358646392822265625" lon="7.8822041116654872894287109375">
        <ele>1830.199951171875</ele>
        <time>2025-08-24T11:24:22.000Z</time>
        <extensions>
          <ns3:TrackPointExtension>
            <ns3:hr>120</ns3:hr>
          </ns3:TrackPointExtension>
        </extensions>
      </trkpt>
      <trkpt lat="46.557419300079345703125" lon="7.8822027705609798431396484375">
        <ele>1830.199951171875</ele>
        <time>2025-08-24T11:24:23.000Z</time>
        <extensions>
          <ns3:TrackPointExtension>
            <ns3:hr>120</ns3:hr>
          </ns3:TrackPointExtension>
        </extensions>
      </trkpt>
      <trkpt lat="46.55745056457817554473876953125" lon="7.8822021000087261199951171875">
        <ele>1829.199951171875</ele>
        <time>2025-08-24T11:24:26.000Z</time>
        <extensions>
          <ns3:TrackPointExtension>
            <ns3:hr>121</ns3:hr>
          </ns3:TrackPointExtension>
        </extensions>
      </trkpt>
      <trkpt lat="46.55748057179152965545654296875" lon="7.8822248987853527069091796875">
        <ele>1828.199951171875</ele>
        <time>2025-08-24T11:24:30.000Z</time>
        <extensions>
          <ns3:TrackPointExtension>
            <ns3:hr>121</ns3:hr>
          </ns3:TrackPointExtension>
        </extensions>
      </trkpt>
      <trkpt lat="46.55752683989703655242919921875" lon="7.88223152048885822296142578125">
        <ele>1827</ele>
        <time>2025-08-24T11:24:36.000Z</time>
        <extensions>
          <ns3:TrackPointExtension>
            <ns3:hr>120</ns3:hr>
          </ns3:TrackPointExtension>
        </extensions>
      </trkpt>
      <trkpt lat="46.5575301088392734527587890625" lon="7.88224359042942523956298828125">
        <ele>1826.5999755859375</ele>
        <time>2025-08-24T11:24:38.000Z</time>
        <extensions>
          <ns3:TrackPointExtension>
            <ns3:hr>120</ns3:hr>
          </ns3:TrackPointExtension>
        </extensions>
      </trkpt>
      <trkpt lat="46.55755139887332916259765625" lon="7.8822383098304271697998046875">
        <ele>1825.800048828125</ele>
        <time>2025-08-24T11:24:42.000Z</time>
        <extensions>
          <ns3:TrackPointExtension>
            <ns3:hr>123</ns3:hr>
          </ns3:TrackPointExtension>
        </extensions>
      </trkpt>
      <trkpt lat="46.55755818821489810943603515625" lon="7.8822362981736660003662109375">
        <ele>1825.800048828125</ele>
        <time>2025-08-24T11:24:43.000Z</time>
        <extensions>
          <ns3:TrackPointExtension>
            <ns3:hr>124</ns3:hr>
          </ns3:TrackPointExtension>
        </extensions>
      </trkpt>
      <trkpt lat="46.55756103806197643280029296875" lon="7.88224040530622005462646484375">
        <ele>1825.800048828125</ele>
        <time>2025-08-24T11:24:44.000Z</time>
        <extensions>
          <ns3:TrackPointExtension>
            <ns3:hr>125</ns3:hr>
          </ns3:TrackPointExtension>
        </extensions>
      </trkpt>
      <trkpt lat="46.55757059343159198760986328125" lon="7.88225649856030941009521484375">
        <ele>1824.800048828125</ele>
        <time>2025-08-24T11:24:50.000Z</time>
        <extensions>
          <ns3:TrackPointExtension>
            <ns3:hr>127</ns3:hr>
          </ns3:TrackPointExtension>
        </extensions>
      </trkpt>
      <trkpt lat="46.55757176689803600311279296875" lon="7.88225683383643627166748046875">
        <ele>1824.800048828125</ele>
        <time>2025-08-24T11:24:51.000Z</time>
        <extensions>
          <ns3:TrackPointExtension>
            <ns3:hr>127</ns3:hr>
          </ns3:TrackPointExtension>
        </extensions>
      </trkpt>
      <trkpt lat="46.55757260508835315704345703125" lon="7.8822537325322628021240234375">
        <ele>1824.4000244140625</ele>
        <time>2025-08-24T11:24:59.000Z</time>
        <extensions>
          <ns3:TrackPointExtension>
            <ns3:hr>125</ns3:hr>
          </ns3:TrackPointExtension>
        </extensions>
      </trkpt>
      <trkpt lat="46.5576544962823390960693359375" lon="7.88216832093894481658935546875">
        <ele>1825</ele>
        <time>2025-08-24T11:25:06.000Z</time>
        <extensions>
          <ns3:TrackPointExtension>
            <ns3:hr>127</ns3:hr>
          </ns3:TrackPointExtension>
        </extensions>
      </trkpt>
      <trkpt lat="46.55765776522457599639892578125" lon="7.88214166648685932159423828125">
        <ele>1825.4000244140625</ele>
        <time>2025-08-24T11:25:10.000Z</time>
        <extensions>
          <ns3:TrackPointExtension>
            <ns3:hr>126</ns3:hr>
          </ns3:TrackPointExtension>
        </extensions>
      </trkpt>
      <trkpt lat="46.55767804943025112152099609375" lon="7.88213328458368778228759765625">
        <ele>1825.5999755859375</ele>
        <time>2025-08-24T11:25:16.000Z</time>
        <extensions>
          <ns3:TrackPointExtension>
            <ns3:hr>127</ns3:hr>
          </ns3:TrackPointExtension>
        </extensions>
      </trkpt>
      <trkpt lat="46.557707972824573516845703125" lon="7.882128842175006866455078125">
        <ele>1825.800048828125</ele>
        <time>2025-08-24T11:25:21.000Z</time>
        <extensions>
          <ns3:TrackPointExtension>
            <ns3:hr>127</ns3:hr>
          </ns3:TrackPointExtension>
        </extensions>
      </trkpt>
      <trkpt lat="46.55774108134210109710693359375" lon="7.88214988075196743011474609375">
        <ele>1826.4000244140625</ele>
        <time>2025-08-24T11:25:24.000Z</time>
        <extensions>
          <ns3:TrackPointExtension>
            <ns3:hr>128</ns3:hr>
          </ns3:TrackPointExtension>
        </extensions>
      </trkpt>
      <trkpt lat="46.55777779407799243927001953125" lon="7.88216748274862766265869140625">
        <ele>1827</ele>
        <time>2025-08-24T11:25:27.000Z</time>
        <extensions>
          <ns3:TrackPointExtension>
            <ns3:hr>128</ns3:hr>
          </ns3:TrackPointExtension>
        </extensions>
      </trkpt>
      <trkpt lat="46.55781215988099575042724609375" lon="7.88217888213694095611572265625">
        <ele>1827.199951171875</ele>
        <time>2025-08-24T11:25:30.000Z</time>
        <extensions>
          <ns3:TrackPointExtension>
            <ns3:hr>131</ns3:hr>
          </ns3:TrackPointExtension>
        </extensions>
      </trkpt>
      <trkpt lat="46.55782322399318218231201171875" lon="7.8821813128888607025146484375">
        <ele>1827.199951171875</ele>
        <time>2025-08-24T11:25:31.000Z</time>
        <extensions>
          <ns3:TrackPointExtension>
            <ns3:hr>132</ns3:hr>
          </ns3:TrackPointExtension>
        </extensions>
      </trkpt>
      <trkpt lat="46.5578388981521129608154296875" lon="7.88217133842408657073974609375">
        <ele>1827.4000244140625</ele>
        <time>2025-08-24T11:25:33.000Z</time>
        <extensions>
          <ns3:TrackPointExtension>
            <ns3:hr>135</ns3:hr>
          </ns3:TrackPointExtension>
        </extensions>
      </trkpt>
      <trkpt lat="46.55787619762122631072998046875" lon="7.88211987353861331939697265625">
        <ele>1827.5999755859375</ele>
        <time>2025-08-24T11:25:37.000Z</time>
        <extensions>
          <ns3:TrackPointExtension>
            <ns3:hr>137</ns3:hr>
          </ns3:TrackPointExtension>
        </extensions>
      </trkpt>
      <trkpt lat="46.5579324401915073394775390625" lon="7.882073186337947845458984375">
        <ele>1828.199951171875</ele>
        <time>2025-08-24T11:25:41.000Z</time>
        <extensions>
          <ns3:TrackPointExtension>
            <ns3:hr>139</ns3:hr>
          </ns3:TrackPointExtension>
        </extensions>
      </trkpt>
      <trkpt lat="46.557957418262958526611328125" lon="7.882017195224761962890625">
        <ele>1828.5999755859375</ele>
        <time>2025-08-24T11:25:44.000Z</time>
        <extensions>
          <ns3:TrackPointExtension>
            <ns3:hr>140</ns3:hr>
          </ns3:TrackPointExtension>
        </extensions>
      </trkpt>
      <trkpt lat="46.5579961426556110382080078125" lon="7.8820096515119075775146484375">
        <ele>1829</ele>
        <time>2025-08-24T11:25:47.000Z</time>
        <extensions>
          <ns3:TrackPointExtension>
            <ns3:hr>143</ns3:hr>
          </ns3:TrackPointExtension>
        </extensions>
      </trkpt>
      <trkpt lat="46.55800812877714633941650390625" lon="7.88200713694095611572265625">
        <ele>1829.199951171875</ele>
        <time>2025-08-24T11:25:48.000Z</time>
        <extensions>
          <ns3:TrackPointExtension>
            <ns3:hr>143</ns3:hr>
          </ns3:TrackPointExtension>
        </extensions>
      </trkpt>
      <trkpt lat="46.5580296702682971954345703125" lon="7.88199883885681629180908203125">
        <ele>1830</ele>
        <time>2025-08-24T11:25:51.000Z</time>
        <extensions>
          <ns3:TrackPointExtension>
            <ns3:hr>146</ns3:hr>
          </ns3:TrackPointExtension>
        </extensions>
      </trkpt>
      <trkpt lat="46.55807669274508953094482421875" lon="7.8819412551820278167724609375">
        <ele>1830</ele>
        <time>2025-08-24T11:25:56.000Z</time>
        <extensions>
          <ns3:TrackPointExtension>
            <ns3:hr>149</ns3:hr>
          </ns3:TrackPointExtension>
        </extensions>
      </trkpt>
      <trkpt lat="46.55809278599917888641357421875" lon="7.8819120861589908599853515625">
        <ele>1829.800048828125</ele>
        <time>2025-08-24T11:25:58.000Z</time>
        <extensions>
          <ns3:TrackPointExtension>
            <ns3:hr>150</ns3:hr>
          </ns3:TrackPointExtension>
        </extensions>
      </trkpt>
      <trkpt lat="46.55812564305961132049560546875" lon="7.88184410892426967620849609375">
        <ele>1829.5999755859375</ele>
        <time>2025-08-24T11:26:02.000Z</time>
        <extensions>
          <ns3:TrackPointExtension>
            <ns3:hr>153</ns3:hr>
          </ns3:TrackPointExtension>
        </extensions>
      </trkpt>
      <trkpt lat="46.55812698416411876678466796875" lon="7.88180320523679256439208984375">
        <ele>1829.5999755859375</ele>
        <time>2025-08-24T11:26:04.000Z</time>
        <extensions>
          <ns3:TrackPointExtension>
            <ns3:hr>155</ns3:hr>
          </ns3:TrackPointExtension>
        </extensions>
      </trkpt>
      <trkpt lat="46.55817811377346515655517578125" lon="7.88170463405549526214599609375">
        <ele>1829.800048828125</ele>
        <time>2025-08-24T11:26:12.000Z</time>
        <extensions>
          <ns3:TrackPointExtension>
            <ns3:hr>154</ns3:hr>
          </ns3:TrackPointExtension>
        </extensions>
      </trkpt>
      <trkpt lat="46.55822019092738628387451171875" lon="7.88167680613696575164794921875">
        <ele>1828.199951171875</ele>
        <time>2025-08-24T11:26:18.000Z</time>
        <extensions>
          <ns3:TrackPointExtension>
            <ns3:hr>152</ns3:hr>
          </ns3:TrackPointExtension>
        </extensions>
      </trkpt>
      <trkpt lat="46.5582945384085178375244140625" lon="7.88167730905115604400634765625">
        <ele>1827.199951171875</ele>
        <time>2025-08-24T11:26:23.000Z</time>
        <extensions>
          <ns3:TrackPointExtension>
            <ns3:hr>151</ns3:hr>
          </ns3:TrackPointExtension>
        </extensions>
      </trkpt>
      <trkpt lat="46.55829931609332561492919921875" lon="7.88167730905115604400634765625">
        <ele>1826.800048828125</ele>
        <time>2025-08-24T11:26:24.000Z</time>
        <extensions>
          <ns3:TrackPointExtension>
            <ns3:hr>152</ns3:hr>
          </ns3:TrackPointExtension>
        </extensions>
      </trkpt>
      <trkpt lat="46.55833032913506031036376953125" lon="7.88167110644280910491943359375">
        <ele>1826</ele>
        <time>2025-08-24T11:26:27.000Z</time>
        <extensions>
          <ns3:TrackPointExtension>
            <ns3:hr>151</ns3:hr>
          </ns3:TrackPointExtension>
        </extensions>
      </trkpt>
      <trkpt lat="46.55838732607662677764892578125" lon="7.88165702484548091888427734375">
        <ele>1824.800048828125</ele>
        <time>2025-08-24T11:26:31.000Z</time>
        <extensions>
          <ns3:TrackPointExtension>
            <ns3:hr>150</ns3:hr>
          </ns3:TrackPointExtension>
        </extensions>
      </trkpt>
      <trkpt lat="46.55844415538012981414794921875" lon="7.88164193741977214813232421875">
        <ele>1823.800048828125</ele>
        <time>2025-08-24T11:26:35.000Z</time>
        <extensions>
          <ns3:TrackPointExtension>
            <ns3:hr>148</ns3:hr>
          </ns3:TrackPointExtension>
        </extensions>
      </trkpt>
      <trkpt lat="46.5585000626742839813232421875" lon="7.88162081502377986907958984375">
        <ele>1823.199951171875</ele>
        <time>2025-08-24T11:26:38.000Z</time>
        <extensions>
          <ns3:TrackPointExtension>
            <ns3:hr>147</ns3:hr>
          </ns3:TrackPointExtension>
        </extensions>
      </trkpt>
      <trkpt lat="46.55855647288262844085693359375" lon="7.88159139454364776611328125">
        <ele>1822.5999755859375</ele>
        <time>2025-08-24T11:26:43.000Z</time>
        <extensions>
          <ns3:TrackPointExtension>
            <ns3:hr>146</ns3:hr>
          </ns3:TrackPointExtension>
        </extensions>
      </trkpt>
      <trkpt lat="46.5585600771009922027587890625" lon="7.88159382529556751251220703125">
        <ele>1822.4000244140625</ele>
        <time>2025-08-24T11:26:45.000Z</time>
        <extensions>
          <ns3:TrackPointExtension>
            <ns3:hr>145</ns3:hr>
          </ns3:TrackPointExtension>
        </extensions>
      </trkpt>
      <trkpt lat="46.55855798162519931793212890625" lon="7.88159835152328014373779296875">
        <ele>1822.4000244140625</ele>
        <time>2025-08-24T11:26:50.000Z</time>
        <extensions>
          <ns3:TrackPointExtension>
            <ns3:hr>142</ns3:hr>
          </ns3:TrackPointExtension>
        </extensions>
      </trkpt>
      <trkpt lat="46.55855563469231128692626953125" lon="7.88159516640007495880126953125">
        <ele>1822.199951171875</ele>
        <time>2025-08-24T11:26:54.000Z</time>
        <extensions>
          <ns3:TrackPointExtension>
            <ns3:hr>140</ns3:hr>
          </ns3:TrackPointExtension>
        </extensions>
      </trkpt>
      <trkpt lat="46.55855563469231128692626953125" lon="7.88159516640007495880126953125">
        <ele>1822.199951171875</ele>
        <time>2025-08-24T11:26:57.000Z</time>
        <extensions>
          <ns3:TrackPointExtension>
            <ns3:hr>137</ns3:hr>
          </ns3:TrackPointExtension>
        </extensions>
      </trkpt>
      <trkpt lat="46.5585567243397235870361328125" lon="7.88159516640007495880126953125">
        <ele>1822.4000244140625</ele>
        <time>2025-08-24T11:27:04.000Z</time>
        <extensions>
          <ns3:TrackPointExtension>
            <ns3:hr>134</ns3:hr>
          </ns3:TrackPointExtension>
        </extensions>
      </trkpt>
      <trkpt lat="46.558637358248233795166015625" lon="7.8815652430057525634765625">
        <ele>1822.199951171875</ele>
        <time>2025-08-24T11:27:10.000Z</time>
        <extensions>
          <ns3:TrackPointExtension>
            <ns3:hr>134</ns3:hr>
          </ns3:TrackPointExtension>
        </extensions>
      </trkpt>
      <trkpt lat="46.55872620642185211181640625" lon="7.88151872344315052032470703125">
        <ele>1821.5999755859375</ele>
        <time>2025-08-24T11:27:15.000Z</time>
        <extensions>
          <ns3:TrackPointExtension>
            <ns3:hr>134</ns3:hr>
          </ns3:TrackPointExtension>
        </extensions>
      </trkpt>
      <trkpt lat="46.5587407909333705902099609375" lon="7.88151134736835956573486328125">
        <ele>1821.199951171875</ele>
        <time>2025-08-24T11:27:16.000Z</time>
        <extensions>
          <ns3:TrackPointExtension>
            <ns3:hr>137</ns3:hr>
          </ns3:TrackPointExtension>
        </extensions>
      </trkpt>
      <trkpt lat="46.5587565489113330841064453125" lon="7.881501875817775726318359375">
        <ele>1821</ele>
        <time>2025-08-24T11:27:17.000Z</time>
        <extensions>
          <ns3:TrackPointExtension>
            <ns3:hr>134</ns3:hr>
          </ns3:TrackPointExtension>
        </extensions>
      </trkpt>
      <trkpt lat="46.55879653058946132659912109375" lon="7.8814681805670261383056640625">
        <ele>1820.5999755859375</ele>
        <time>2025-08-24T11:27:20.000Z</time>
        <extensions>
          <ns3:TrackPointExtension>
            <ns3:hr>134</ns3:hr>
          </ns3:TrackPointExtension>
        </extensions>
      </trkpt>
      <trkpt lat="46.5588316507637500762939453125" lon="7.88145217113196849822998046875">
        <ele>1820.4000244140625</ele>
        <time>2025-08-24T11:27:27.000Z</time>
        <extensions>
          <ns3:TrackPointExtension>
            <ns3:hr>134</ns3:hr>
          </ns3:TrackPointExtension>
        </extensions>
      </trkpt>
      <trkpt lat="46.55883005820214748382568359375" lon="7.88145233877003192901611328125">
        <ele>1820.4000244140625</ele>
        <time>2025-08-24T11:27:31.000Z</time>
        <extensions>
          <ns3:TrackPointExtension>
            <ns3:hr>131</ns3:hr>
          </ns3:TrackPointExtension>
        </extensions>
      </trkpt>
      <trkpt lat="46.55883089639246463775634765625" lon="7.88145049475133419036865234375">
        <ele>1820.5999755859375</ele>
        <time>2025-08-24T11:27:34.000Z</time>
        <extensions>
          <ns3:TrackPointExtension>
            <ns3:hr>128</ns3:hr>
          </ns3:TrackPointExtension>
        </extensions>
      </trkpt>
      <trkpt lat="46.55885905958712100982666015625" lon="7.88143792189657688140869140625">
        <ele>1820.199951171875</ele>
        <time>2025-08-24T11:27:37.000Z</time>
        <extensions>
          <ns3:TrackPointExtension>
            <ns3:hr>125</ns3:hr>
          </ns3:TrackPointExtension>
        </extensions>
      </trkpt>
      <trkpt lat="46.55887230299413204193115234375" lon="7.88143624551594257354736328125">
        <ele>1820</ele>
        <time>2025-08-24T11:27:38.000Z</time>
        <extensions>
          <ns3:TrackPointExtension>
            <ns3:hr>125</ns3:hr>
          </ns3:TrackPointExtension>
        </extensions>
      </trkpt>
      <trkpt lat="46.55892309732735157012939453125" lon="7.881403304636478424072265625">
        <ele>1819.5999755859375</ele>
        <time>2025-08-24T11:27:44.000Z</time>
        <extensions>
          <ns3:TrackPointExtension>
            <ns3:hr>124</ns3:hr>
          </ns3:TrackPointExtension>
        </extensions>
      </trkpt>
      <trkpt lat="46.5589245222508907318115234375" lon="7.88140271790325641632080078125">
        <ele>1819.5999755859375</ele>
        <time>2025-08-24T11:27:45.000Z</time>
        <extensions>
          <ns3:TrackPointExtension>
            <ns3:hr>124</ns3:hr>
          </ns3:TrackPointExtension>
        </extensions>
      </trkpt>
      <trkpt lat="46.55894958414137363433837890625" lon="7.8813813440501689910888671875">
        <ele>1819</ele>
        <time>2025-08-24T11:27:58.000Z</time>
        <extensions>
          <ns3:TrackPointExtension>
            <ns3:hr>125</ns3:hr>
          </ns3:TrackPointExtension>
        </extensions>
      </trkpt>
      <trkpt lat="46.558980010449886322021484375" lon="7.8813464753329753875732421875">
        <ele>1818.800048828125</ele>
        <time>2025-08-24T11:28:03.000Z</time>
        <extensions>
          <ns3:TrackPointExtension>
            <ns3:hr>127</ns3:hr>
          </ns3:TrackPointExtension>
        </extensions>
      </trkpt>
      <trkpt lat="46.55903910286724567413330078125" lon="7.881283946335315704345703125">
        <ele>1818.5999755859375</ele>
        <time>2025-08-24T11:28:09.000Z</time>
        <extensions>
          <ns3:TrackPointExtension>
            <ns3:hr>128</ns3:hr>
          </ns3:TrackPointExtension>
        </extensions>
      </trkpt>
      <trkpt lat="46.559122167527675628662109375" lon="7.88116483949124813079833984375">
        <ele>1819.5999755859375</ele>
        <time>2025-08-24T11:28:19.000Z</time>
        <extensions>
          <ns3:TrackPointExtension>
            <ns3:hr>127</ns3:hr>
          </ns3:TrackPointExtension>
        </extensions>
      </trkpt>
      <trkpt lat="46.5591370873153209686279296875" lon="7.8811332397162914276123046875">
        <ele>1819.800048828125</ele>
        <time>2025-08-24T11:28:23.000Z</time>
        <extensions>
          <ns3:TrackPointExtension>
            <ns3:hr>128</ns3:hr>
          </ns3:TrackPointExtension>
        </extensions>
      </trkpt>
      <trkpt lat="46.55913985334336757659912109375" lon="7.88113030605018138885498046875">
        <ele>1819.5999755859375</ele>
        <time>2025-08-24T11:28:25.000Z</time>
        <extensions>
          <ns3:TrackPointExtension>
            <ns3:hr>129</ns3:hr>
          </ns3:TrackPointExtension>
        </extensions>
      </trkpt>
      <trkpt lat="46.559195257723331451416015625" lon="7.88105570711195468902587890625">
        <ele>1819.5999755859375</ele>
        <time>2025-08-24T11:28:32.000Z</time>
        <extensions>
          <ns3:TrackPointExtension>
            <ns3:hr>131</ns3:hr>
          </ns3:TrackPointExtension>
        </extensions>
      </trkpt>
      <trkpt lat="46.5592624805867671966552734375" lon="7.88098546676337718963623046875">
        <ele>1818.4000244140625</ele>
        <time>2025-08-24T11:28:38.000Z</time>
        <extensions>
          <ns3:TrackPointExtension>
            <ns3:hr>129</ns3:hr>
          </ns3:TrackPointExtension>
        </extensions>
      </trkpt>
      <trkpt lat="46.55931050889194011688232421875" lon="7.88092930801212787628173828125">
        <ele>1817.199951171875</ele>
        <time>2025-08-24T11:28:41.000Z</time>
        <extensions>
          <ns3:TrackPointExtension>
            <ns3:hr>128</ns3:hr>
          </ns3:TrackPointExtension>
        </extensions>
      </trkpt>
      <trkpt lat="46.55932433903217315673828125" lon="7.880915142595767974853515625">
        <ele>1816.800048828125</ele>
        <time>2025-08-24T11:28:42.000Z</time>
        <extensions>
          <ns3:TrackPointExtension>
            <ns3:hr>127</ns3:hr>
          </ns3:TrackPointExtension>
        </extensions>
      </trkpt>
      <trkpt lat="46.559375636279582977294921875" lon="7.88087801076471805572509765625">
        <ele>1816.199951171875</ele>
        <time>2025-08-24T11:28:45.000Z</time>
        <extensions>
          <ns3:TrackPointExtension>
            <ns3:hr>127</ns3:hr>
          </ns3:TrackPointExtension>
        </extensions>
      </trkpt>
      <trkpt lat="46.55938862822949886322021484375" lon="7.880862839519977569580078125">
        <ele>1816.199951171875</ele>
        <time>2025-08-24T11:28:46.000Z</time>
        <extensions>
          <ns3:TrackPointExtension>
            <ns3:hr>127</ns3:hr>
          </ns3:TrackPointExtension>
        </extensions>
      </trkpt>
      <trkpt lat="46.55948602594435214996337890625" lon="7.88078396581113338470458984375">
        <ele>1815.4000244140625</ele>
        <time>2025-08-24T11:28:53.000Z</time>
        <extensions>
          <ns3:TrackPointExtension>
            <ns3:hr>128</ns3:hr>
          </ns3:TrackPointExtension>
        </extensions>
      </trkpt>
      <trkpt lat="46.55950714834034442901611328125" lon="7.88076669909060001373291015625">
        <ele>1815.4000244140625</ele>
        <time>2025-08-24T11:28:55.000Z</time>
        <extensions>
          <ns3:TrackPointExtension>
            <ns3:hr>128</ns3:hr>
          </ns3:TrackPointExtension>
        </extensions>
      </trkpt>
      <trkpt lat="46.55952894128859043121337890625" lon="7.8807299025356769561767578125">
        <ele>1815.199951171875</ele>
        <time>2025-08-24T11:28:58.000Z</time>
        <extensions>
          <ns3:TrackPointExtension>
            <ns3:hr>126</ns3:hr>
          </ns3:TrackPointExtension>
        </extensions>
      </trkpt>
      <trkpt lat="46.55953279696404933929443359375" lon="7.88071473129093647003173828125">
        <ele>1815</ele>
        <time>2025-08-24T11:28:59.000Z</time>
        <extensions>
          <ns3:TrackPointExtension>
            <ns3:hr>126</ns3:hr>
          </ns3:TrackPointExtension>
        </extensions>
      </trkpt>
      <trkpt lat="46.559528522193431854248046875" lon="7.8806517831981182098388671875">
        <ele>1814.5999755859375</ele>
        <time>2025-08-24T11:29:02.000Z</time>
        <extensions>
          <ns3:TrackPointExtension>
            <ns3:hr>123</ns3:hr>
          </ns3:TrackPointExtension>
        </extensions>
      </trkpt>
      <trkpt lat="46.55955274589359760284423828125" lon="7.88059989921748638153076171875">
        <ele>1814.199951171875</ele>
        <time>2025-08-24T11:29:05.000Z</time>
        <extensions>
          <ns3:TrackPointExtension>
            <ns3:hr>125</ns3:hr>
          </ns3:TrackPointExtension>
        </extensions>
      </trkpt>
      <trkpt lat="46.559560708701610565185546875" lon="7.880583219230175018310546875">
        <ele>1814</ele>
        <time>2025-08-24T11:29:06.000Z</time>
        <extensions>
          <ns3:TrackPointExtension>
            <ns3:hr>125</ns3:hr>
          </ns3:TrackPointExtension>
        </extensions>
      </trkpt>
      <trkpt lat="46.559604965150356292724609375" lon="7.880470566451549530029296875">
        <ele>1813.199951171875</ele>
        <time>2025-08-24T11:29:13.000Z</time>
        <extensions>
          <ns3:TrackPointExtension>
            <ns3:hr>128</ns3:hr>
          </ns3:TrackPointExtension>
        </extensions>
      </trkpt>
      <trkpt lat="46.55962080694735050201416015625" lon="7.88043075241148471832275390625">
        <ele>1813</ele>
        <time>2025-08-24T11:29:15.000Z</time>
        <extensions>
          <ns3:TrackPointExtension>
            <ns3:hr>129</ns3:hr>
          </ns3:TrackPointExtension>
        </extensions>
      </trkpt>
      <trkpt lat="46.5596441924571990966796875" lon="7.8804030083119869232177734375">
        <ele>1812.5999755859375</ele>
        <time>2025-08-24T11:29:17.000Z</time>
        <extensions>
          <ns3:TrackPointExtension>
            <ns3:hr>130</ns3:hr>
          </ns3:TrackPointExtension>
        </extensions>
      </trkpt>
      <trkpt lat="46.55965332873165607452392578125" lon="7.88038817234337329864501953125">
        <ele>1812</ele>
        <time>2025-08-24T11:29:20.000Z</time>
        <extensions>
          <ns3:TrackPointExtension>
            <ns3:hr>130</ns3:hr>
          </ns3:TrackPointExtension>
        </extensions>
      </trkpt>
      <trkpt lat="46.5596681647002696990966796875" lon="7.88038431666791439056396484375">
        <ele>1812</ele>
        <time>2025-08-24T11:29:26.000Z</time>
        <extensions>
          <ns3:TrackPointExtension>
            <ns3:hr>130</ns3:hr>
          </ns3:TrackPointExtension>
        </extensions>
      </trkpt>
      <trkpt lat="46.559693478047847747802734375" lon="7.8803000785410404205322265625">
        <ele>1811.199951171875</ele>
        <time>2025-08-24T11:29:32.000Z</time>
        <extensions>
          <ns3:TrackPointExtension>
            <ns3:hr>131</ns3:hr>
          </ns3:TrackPointExtension>
        </extensions>
      </trkpt>
      <trkpt lat="46.55970646999776363372802734375" lon="7.88023822009563446044921875">
        <ele>1810.800048828125</ele>
        <time>2025-08-24T11:29:35.000Z</time>
        <extensions>
          <ns3:TrackPointExtension>
            <ns3:hr>130</ns3:hr>
          </ns3:TrackPointExtension>
        </extensions>
      </trkpt>
      <trkpt lat="46.55973463319242000579833984375" lon="7.88015465252101421356201171875">
        <ele>1810</ele>
        <time>2025-08-24T11:29:40.000Z</time>
        <extensions>
          <ns3:TrackPointExtension>
            <ns3:hr>129</ns3:hr>
          </ns3:TrackPointExtension>
        </extensions>
      </trkpt>
      <trkpt lat="46.55973798595368862152099609375" lon="7.8801329433917999267578125">
        <ele>1809.800048828125</ele>
        <time>2025-08-24T11:29:41.000Z</time>
        <extensions>
          <ns3:TrackPointExtension>
            <ns3:hr>129</ns3:hr>
          </ns3:TrackPointExtension>
        </extensions>
      </trkpt>
      <trkpt lat="46.5597756206989288330078125" lon="7.8800378926098346710205078125">
        <ele>1808.800048828125</ele>
        <time>2025-08-24T11:29:47.000Z</time>
        <extensions>
          <ns3:TrackPointExtension>
            <ns3:hr>129</ns3:hr>
          </ns3:TrackPointExtension>
        </extensions>
      </trkpt>
      <trkpt lat="46.55978241004049777984619140625" lon="7.8800201229751110076904296875">
        <ele>1808.5999755859375</ele>
        <time>2025-08-24T11:29:48.000Z</time>
        <extensions>
          <ns3:TrackPointExtension>
            <ns3:hr>128</ns3:hr>
          </ns3:TrackPointExtension>
        </extensions>
      </trkpt>
      <trkpt lat="46.5597922168672084808349609375" lon="7.880006544291973114013671875">
        <ele>1808.4000244140625</ele>
        <time>2025-08-24T11:29:49.000Z</time>
        <extensions>
          <ns3:TrackPointExtension>
            <ns3:hr>129</ns3:hr>
          </ns3:TrackPointExtension>
        </extensions>
      </trkpt>
      <trkpt lat="46.55980252660810947418212890625" lon="7.8799886070191860198974609375">
        <ele>1808</ele>
        <time>2025-08-24T11:29:51.000Z</time>
        <extensions>
          <ns3:TrackPointExtension>
            <ns3:hr>129</ns3:hr>
          </ns3:TrackPointExtension>
        </extensions>
      </trkpt>
      <trkpt lat="46.55980168841779232025146484375" lon="7.879977039992809295654296875">
        <ele>1807.800048828125</ele>
        <time>2025-08-24T11:29:52.000Z</time>
        <extensions>
          <ns3:TrackPointExtension>
            <ns3:hr>132</ns3:hr>
          </ns3:TrackPointExtension>
        </extensions>
      </trkpt>
      <trkpt lat="46.55980302952229976654052734375" lon="7.87996807135641574859619140625">
        <ele>1807.800048828125</ele>
        <time>2025-08-24T11:29:53.000Z</time>
        <extensions>
          <ns3:TrackPointExtension>
            <ns3:hr>129</ns3:hr>
          </ns3:TrackPointExtension>
        </extensions>
      </trkpt>
      <trkpt lat="46.55980856157839298248291015625" lon="7.879943512380123138427734375">
        <ele>1807.4000244140625</ele>
        <time>2025-08-24T11:29:55.000Z</time>
        <extensions>
          <ns3:TrackPointExtension>
            <ns3:hr>129</ns3:hr>
          </ns3:TrackPointExtension>
        </extensions>
      </trkpt>
      <trkpt lat="46.55980520881712436676025390625" lon="7.87992574274539947509765625">
        <ele>1807</ele>
        <time>2025-08-24T11:29:58.000Z</time>
        <extensions>
          <ns3:TrackPointExtension>
            <ns3:hr>128</ns3:hr>
          </ns3:TrackPointExtension>
        </extensions>
      </trkpt>
      <trkpt lat="46.55980445444583892822265625" lon="7.87992465309798717498779296875">
        <ele>1806.800048828125</ele>
        <time>2025-08-24T11:29:59.000Z</time>
        <extensions>
          <ns3:TrackPointExtension>
            <ns3:hr>128</ns3:hr>
          </ns3:TrackPointExtension>
        </extensions>
      </trkpt>
      <trkpt lat="46.5598126687109470367431640625" lon="7.87994158454239368438720703125">
        <ele>1806.4000244140625</ele>
        <time>2025-08-24T11:30:05.000Z</time>
        <extensions>
          <ns3:TrackPointExtension>
            <ns3:hr>128</ns3:hr>
          </ns3:TrackPointExtension>
        </extensions>
      </trkpt>
      <trkpt lat="46.5598158538341522216796875" lon="7.87994544021785259246826171875">
        <ele>1806.5999755859375</ele>
        <time>2025-08-24T11:30:07.000Z</time>
        <extensions>
          <ns3:TrackPointExtension>
            <ns3:hr>128</ns3:hr>
          </ns3:TrackPointExtension>
        </extensions>
      </trkpt>
      <trkpt lat="46.5598292648792266845703125" lon="7.87995935417711734771728515625">
        <ele>1806.5999755859375</ele>
        <time>2025-08-24T11:30:11.000Z</time>
        <extensions>
          <ns3:TrackPointExtension>
            <ns3:hr>125</ns3:hr>
          </ns3:TrackPointExtension>
        </extensions>
      </trkpt>
      <trkpt lat="46.55982993543148040771484375" lon="7.87995868362486362457275390625">
        <ele>1806.5999755859375</ele>
        <time>2025-08-24T11:30:14.000Z</time>
        <extensions>
          <ns3:TrackPointExtension>
            <ns3:hr>122</ns3:hr>
          </ns3:TrackPointExtension>
        </extensions>
      </trkpt>
      <trkpt lat="46.5598319470882415771484375" lon="7.879959605634212493896484375">
        <ele>1806.4000244140625</ele>
        <time>2025-08-24T11:30:15.000Z</time>
        <extensions>
          <ns3:TrackPointExtension>
            <ns3:hr>121</ns3:hr>
          </ns3:TrackPointExtension>
        </extensions>
      </trkpt>
      <trkpt lat="46.559845022857189178466796875" lon="7.8799634613096714019775390625">
        <ele>1806.4000244140625</ele>
        <time>2025-08-24T11:30:20.000Z</time>
        <extensions>
          <ns3:TrackPointExtension>
            <ns3:hr>120</ns3:hr>
          </ns3:TrackPointExtension>
        </extensions>
      </trkpt>
      <trkpt lat="46.55984225682914257049560546875" lon="7.87996002472937107086181640625">
        <ele>1806.4000244140625</ele>
        <time>2025-08-24T11:30:23.000Z</time>
        <extensions>
          <ns3:TrackPointExtension>
            <ns3:hr>120</ns3:hr>
          </ns3:TrackPointExtension>
        </extensions>
      </trkpt>
      <trkpt lat="46.55984460376203060150146484375" lon="7.87996136583387851715087890625">
        <ele>1806.4000244140625</ele>
        <time>2025-08-24T11:30:34.000Z</time>
        <extensions>
          <ns3:TrackPointExtension>
            <ns3:hr>117</ns3:hr>
          </ns3:TrackPointExtension>
        </extensions>
      </trkpt>
      <trkpt lat="46.55984343029558658599853515625" lon="7.87996136583387851715087890625">
        <ele>1806.4000244140625</ele>
        <time>2025-08-24T11:30:38.000Z</time>
        <extensions>
          <ns3:TrackPointExtension>
            <ns3:hr>118</ns3:hr>
          </ns3:TrackPointExtension>
        </extensions>
      </trkpt>
      <trkpt lat="46.55984275974333286285400390625" lon="7.87995935417711734771728515625">
        <ele>1806.4000244140625</ele>
        <time>2025-08-24T11:30:42.000Z</time>
        <extensions>
          <ns3:TrackPointExtension>
            <ns3:hr>121</ns3:hr>
          </ns3:TrackPointExtension>
        </extensions>
      </trkpt>
      <trkpt lat="46.5598565898835659027099609375" lon="7.8798715956509113311767578125">
        <ele>1805.199951171875</ele>
        <time>2025-08-24T11:30:50.000Z</time>
        <extensions>
          <ns3:TrackPointExtension>
            <ns3:hr>122</ns3:hr>
          </ns3:TrackPointExtension>
        </extensions>
      </trkpt>
      <trkpt lat="46.559847034513950347900390625" lon="7.8797482140362262725830078125">
        <ele>1804.199951171875</ele>
        <time>2025-08-24T11:30:55.000Z</time>
        <extensions>
          <ns3:TrackPointExtension>
            <ns3:hr>123</ns3:hr>
          </ns3:TrackPointExtension>
        </extensions>
      </trkpt>
      <trkpt lat="46.55984644778072834014892578125" lon="7.87973404861986637115478515625">
        <ele>1803.800048828125</ele>
        <time>2025-08-24T11:30:56.000Z</time>
        <extensions>
          <ns3:TrackPointExtension>
            <ns3:hr>122</ns3:hr>
          </ns3:TrackPointExtension>
        </extensions>
      </trkpt>
      <trkpt lat="46.55984560959041118621826171875" lon="7.8797187097370624542236328125">
        <ele>1803.800048828125</ele>
        <time>2025-08-24T11:30:57.000Z</time>
        <extensions>
          <ns3:TrackPointExtension>
            <ns3:hr>122</ns3:hr>
          </ns3:TrackPointExtension>
        </extensions>
      </trkpt>
      <trkpt lat="46.55983471311628818511962890625" lon="7.8796137683093547821044921875">
        <ele>1802.800048828125</ele>
        <time>2025-08-24T11:31:01.000Z</time>
        <extensions>
          <ns3:TrackPointExtension>
            <ns3:hr>122</ns3:hr>
          </ns3:TrackPointExtension>
        </extensions>
      </trkpt>
      <trkpt lat="46.55984309501945972442626953125" lon="7.879588119685649871826171875">
        <ele>1802.4000244140625</ele>
        <time>2025-08-24T11:31:02.000Z</time>
        <extensions>
          <ns3:TrackPointExtension>
            <ns3:hr>122</ns3:hr>
          </ns3:TrackPointExtension>
        </extensions>
      </trkpt>
      <trkpt lat="46.55984577722847461700439453125" lon="7.87956255488097667694091796875">
        <ele>1801.800048828125</ele>
        <time>2025-08-24T11:31:03.000Z</time>
        <extensions>
          <ns3:TrackPointExtension>
            <ns3:hr>122</ns3:hr>
          </ns3:TrackPointExtension>
        </extensions>
      </trkpt>
      <trkpt lat="46.559849046170711517333984375" lon="7.8795343078672885894775390625">
        <ele>1801.4000244140625</ele>
        <time>2025-08-24T11:31:04.000Z</time>
        <extensions>
          <ns3:TrackPointExtension>
            <ns3:hr>121</ns3:hr>
          </ns3:TrackPointExtension>
        </extensions>
      </trkpt>
      <trkpt lat="46.55984275974333286285400390625" lon="7.8794489800930023193359375">
        <ele>1799.4000244140625</ele>
        <time>2025-08-24T11:31:07.000Z</time>
        <extensions>
          <ns3:TrackPointExtension>
            <ns3:hr>122</ns3:hr>
          </ns3:TrackPointExtension>
        </extensions>
      </trkpt>
      <trkpt lat="46.55984745360910892486572265625" lon="7.8794223256409168243408203125">
        <ele>1798.800048828125</ele>
        <time>2025-08-24T11:31:08.000Z</time>
        <extensions>
          <ns3:TrackPointExtension>
            <ns3:hr>120</ns3:hr>
          </ns3:TrackPointExtension>
        </extensions>
      </trkpt>
      <trkpt lat="46.559845022857189178466796875" lon="7.87939022295176982879638671875">
        <ele>1798.4000244140625</ele>
        <time>2025-08-24T11:31:09.000Z</time>
        <extensions>
          <ns3:TrackPointExtension>
            <ns3:hr>123</ns3:hr>
          </ns3:TrackPointExtension>
        </extensions>
      </trkpt>
      <trkpt lat="46.5598555840551853179931640625" lon="7.8793126903474330902099609375">
        <ele>1797.4000244140625</ele>
        <time>2025-08-24T11:31:11.000Z</time>
        <extensions>
          <ns3:TrackPointExtension>
            <ns3:hr>124</ns3:hr>
          </ns3:TrackPointExtension>
        </extensions>
      </trkpt>
      <trkpt lat="46.55988567508757114410400390625" lon="7.8792533464729785919189453125">
        <ele>1796.4000244140625</ele>
        <time>2025-08-24T11:31:13.000Z</time>
        <extensions>
          <ns3:TrackPointExtension>
            <ns3:hr>125</ns3:hr>
          </ns3:TrackPointExtension>
        </extensions>
      </trkpt>
      <trkpt lat="46.55989288352429866790771484375" lon="7.87922258488833904266357421875">
        <ele>1795.800048828125</ele>
        <time>2025-08-24T11:31:14.000Z</time>
        <extensions>
          <ns3:TrackPointExtension>
            <ns3:hr>127</ns3:hr>
          </ns3:TrackPointExtension>
        </extensions>
      </trkpt>
      <trkpt lat="46.5599145926535129547119140625" lon="7.8791681863367557525634765625">
        <ele>1794.4000244140625</ele>
        <time>2025-08-24T11:31:16.000Z</time>
        <extensions>
          <ns3:TrackPointExtension>
            <ns3:hr>130</ns3:hr>
          </ns3:TrackPointExtension>
        </extensions>
      </trkpt>
      <trkpt lat="46.55993764288723468780517578125" lon="7.879112698137760162353515625">
        <ele>1793.4000244140625</ele>
        <time>2025-08-24T11:31:18.000Z</time>
        <extensions>
          <ns3:TrackPointExtension>
            <ns3:hr>133</ns3:hr>
          </ns3:TrackPointExtension>
        </extensions>
      </trkpt>
      <trkpt lat="46.559950299561023712158203125" lon="7.87907975725829601287841796875">
        <ele>1793</ele>
        <time>2025-08-24T11:31:19.000Z</time>
        <extensions>
          <ns3:TrackPointExtension>
            <ns3:hr>135</ns3:hr>
          </ns3:TrackPointExtension>
        </extensions>
      </trkpt>
      <trkpt lat="46.5599741041660308837890625" lon="7.8790176473557949066162109375">
        <ele>1791.5999755859375</ele>
        <time>2025-08-24T11:31:21.000Z</time>
        <extensions>
          <ns3:TrackPointExtension>
            <ns3:hr>141</ns3:hr>
          </ns3:TrackPointExtension>
        </extensions>
      </trkpt>
      <trkpt lat="46.55998575501143932342529296875" lon="7.87898872978985309600830078125">
        <ele>1791.199951171875</ele>
        <time>2025-08-24T11:31:22.000Z</time>
        <extensions>
          <ns3:TrackPointExtension>
            <ns3:hr>145</ns3:hr>
          </ns3:TrackPointExtension>
        </extensions>
      </trkpt>
      <trkpt lat="46.559999249875545501708984375" lon="7.8789643384516239166259765625">
        <ele>1790.4000244140625</ele>
        <time>2025-08-24T11:31:23.000Z</time>
        <extensions>
          <ns3:TrackPointExtension>
            <ns3:hr>147</ns3:hr>
          </ns3:TrackPointExtension>
        </extensions>
      </trkpt>
      <trkpt lat="46.5600295923650264739990234375" lon="7.8789080120623111724853515625">
        <ele>1789.5999755859375</ele>
        <time>2025-08-24T11:31:25.000Z</time>
        <extensions>
          <ns3:TrackPointExtension>
            <ns3:hr>145</ns3:hr>
          </ns3:TrackPointExtension>
        </extensions>
      </trkpt>
      <trkpt lat="46.560046859085559844970703125" lon="7.87887389771640300750732421875">
        <ele>1789.199951171875</ele>
        <time>2025-08-24T11:31:26.000Z</time>
        <extensions>
          <ns3:TrackPointExtension>
            <ns3:hr>146</ns3:hr>
          </ns3:TrackPointExtension>
        </extensions>
      </trkpt>
      <trkpt lat="46.56009371392428874969482421875" lon="7.87877616472542285919189453125">
        <ele>1788.4000244140625</ele>
        <time>2025-08-24T11:31:29.000Z</time>
        <extensions>
          <ns3:TrackPointExtension>
            <ns3:hr>150</ns3:hr>
          </ns3:TrackPointExtension>
        </extensions>
      </trkpt>
      <trkpt lat="46.56010695733129978179931640625" lon="7.87874112837016582489013671875">
        <ele>1788</ele>
        <time>2025-08-24T11:31:30.000Z</time>
        <extensions>
          <ns3:TrackPointExtension>
            <ns3:hr>151</ns3:hr>
          </ns3:TrackPointExtension>
        </extensions>
      </trkpt>
      <trkpt lat="46.56011693179607391357421875" lon="7.87870676256716251373291015625">
        <ele>1787.800048828125</ele>
        <time>2025-08-24T11:31:31.000Z</time>
        <extensions>
          <ns3:TrackPointExtension>
            <ns3:hr>150</ns3:hr>
          </ns3:TrackPointExtension>
        </extensions>
      </trkpt>
      <trkpt lat="46.5601536445319652557373046875" lon="7.8786496818065643310546875">
        <ele>1787.4000244140625</ele>
        <time>2025-08-24T11:31:33.000Z</time>
        <extensions>
          <ns3:TrackPointExtension>
            <ns3:hr>153</ns3:hr>
          </ns3:TrackPointExtension>
        </extensions>
      </trkpt>
      <trkpt lat="46.5601699054241180419921875" lon="7.87862478755414485931396484375">
        <ele>1787</ele>
        <time>2025-08-24T11:31:34.000Z</time>
        <extensions>
          <ns3:TrackPointExtension>
            <ns3:hr>153</ns3:hr>
          </ns3:TrackPointExtension>
        </extensions>
      </trkpt>
      <trkpt lat="46.5602250583469867706298828125" lon="7.87855555303394794464111328125">
        <ele>1785.199951171875</ele>
        <time>2025-08-24T11:31:37.000Z</time>
        <extensions>
          <ns3:TrackPointExtension>
            <ns3:hr>156</ns3:hr>
          </ns3:TrackPointExtension>
        </extensions>
      </trkpt>
      <trkpt lat="46.56027610413730144500732421875" lon="7.87850023247301578521728515625">
        <ele>1784</ele>
        <time>2025-08-24T11:31:40.000Z</time>
        <extensions>
          <ns3:TrackPointExtension>
            <ns3:hr>159</ns3:hr>
          </ns3:TrackPointExtension>
        </extensions>
      </trkpt>
      <trkpt lat="46.56034248881042003631591796875" lon="7.878452874720096588134765625">
        <ele>1782.5999755859375</ele>
        <time>2025-08-24T11:31:43.000Z</time>
        <extensions>
          <ns3:TrackPointExtension>
            <ns3:hr>161</ns3:hr>
          </ns3:TrackPointExtension>
        </extensions>
      </trkpt>
      <trkpt lat="46.5603648684918880462646484375" lon="7.8784433193504810333251953125">
        <ele>1782</ele>
        <time>2025-08-24T11:31:44.000Z</time>
        <extensions>
          <ns3:TrackPointExtension>
            <ns3:hr>162</ns3:hr>
          </ns3:TrackPointExtension>
        </extensions>
      </trkpt>
      <trkpt lat="46.560418345034122467041015625" lon="7.87843368016183376312255859375">
        <ele>1781.5999755859375</ele>
        <time>2025-08-24T11:31:46.000Z</time>
        <extensions>
          <ns3:TrackPointExtension>
            <ns3:hr>164</ns3:hr>
          </ns3:TrackPointExtension>
        </extensions>
      </trkpt>
      <trkpt lat="46.5604555606842041015625" lon="7.8783977217972278594970703125">
        <ele>1780.4000244140625</ele>
        <time>2025-08-24T11:31:48.000Z</time>
        <extensions>
          <ns3:TrackPointExtension>
            <ns3:hr>165</ns3:hr>
          </ns3:TrackPointExtension>
        </extensions>
      </trkpt>
      <trkpt lat="46.56047341413795948028564453125" lon="7.878377437591552734375">
        <ele>1780</ele>
        <time>2025-08-24T11:31:49.000Z</time>
        <extensions>
          <ns3:TrackPointExtension>
            <ns3:hr>166</ns3:hr>
          </ns3:TrackPointExtension>
        </extensions>
      </trkpt>
      <trkpt lat="46.5605348534882068634033203125" lon="7.8783266432583332061767578125">
        <ele>1779.4000244140625</ele>
        <time>2025-08-24T11:31:52.000Z</time>
        <extensions>
          <ns3:TrackPointExtension>
            <ns3:hr>168</ns3:hr>
          </ns3:TrackPointExtension>
        </extensions>
      </trkpt>
      <trkpt lat="46.5605935268104076385498046875" lon="7.87828699685633182525634765625">
        <ele>1779</ele>
        <time>2025-08-24T11:31:55.000Z</time>
        <extensions>
          <ns3:TrackPointExtension>
            <ns3:hr>170</ns3:hr>
          </ns3:TrackPointExtension>
        </extensions>
      </trkpt>
      <trkpt lat="46.5606213547289371490478515625" lon="7.87825145758688449859619140625">
        <ele>1778.5999755859375</ele>
        <time>2025-08-24T11:31:58.000Z</time>
        <extensions>
          <ns3:TrackPointExtension>
            <ns3:hr>172</ns3:hr>
          </ns3:TrackPointExtension>
        </extensions>
      </trkpt>
      <trkpt lat="46.56063283793628215789794921875" lon="7.8782388009130954742431640625">
        <ele>1778.5999755859375</ele>
        <time>2025-08-24T11:31:59.000Z</time>
        <extensions>
          <ns3:TrackPointExtension>
            <ns3:hr>172</ns3:hr>
          </ns3:TrackPointExtension>
        </extensions>
      </trkpt>
      <trkpt lat="46.56070877797901630401611328125" lon="7.8782133199274539947509765625">
        <ele>1778.4000244140625</ele>
        <time>2025-08-24T11:32:04.000Z</time>
        <extensions>
          <ns3:TrackPointExtension>
            <ns3:hr>169</ns3:hr>
          </ns3:TrackPointExtension>
        </extensions>
      </trkpt>
      <trkpt lat="46.56072922982275485992431640625" lon="7.87821457721292972564697265625">
        <ele>1778.4000244140625</ele>
        <time>2025-08-24T11:32:05.000Z</time>
        <extensions>
          <ns3:TrackPointExtension>
            <ns3:hr>170</ns3:hr>
          </ns3:TrackPointExtension>
        </extensions>
      </trkpt>
      <trkpt lat="46.56075705774128437042236328125" lon="7.87819429300725460052490234375">
        <ele>1778.4000244140625</ele>
        <time>2025-08-24T11:32:07.000Z</time>
        <extensions>
          <ns3:TrackPointExtension>
            <ns3:hr>169</ns3:hr>
          </ns3:TrackPointExtension>
        </extensions>
      </trkpt>
      <trkpt lat="46.56080449931323528289794921875" lon="7.87816780619323253631591796875">
        <ele>1778.199951171875</ele>
        <time>2025-08-24T11:32:11.000Z</time>
        <extensions>
          <ns3:TrackPointExtension>
            <ns3:hr>167</ns3:hr>
          </ns3:TrackPointExtension>
        </extensions>
      </trkpt>
      <trkpt lat="46.56085512600839138031005859375" lon="7.87816965021193027496337890625">
        <ele>1778.4000244140625</ele>
        <time>2025-08-24T11:32:15.000Z</time>
        <extensions>
          <ns3:TrackPointExtension>
            <ns3:hr>164</ns3:hr>
          </ns3:TrackPointExtension>
        </extensions>
      </trkpt>
      <trkpt lat="46.5609261207282543182373046875" lon="7.8781895153224468231201171875">
        <ele>1778.5999755859375</ele>
        <time>2025-08-24T11:32:20.000Z</time>
        <extensions>
          <ns3:TrackPointExtension>
            <ns3:hr>162</ns3:hr>
          </ns3:TrackPointExtension>
        </extensions>
      </trkpt>
      <trkpt lat="46.561038605868816375732421875" lon="7.87818859331309795379638671875">
        <ele>1778.4000244140625</ele>
        <time>2025-08-24T11:32:28.000Z</time>
        <extensions>
          <ns3:TrackPointExtension>
            <ns3:hr>161</ns3:hr>
          </ns3:TrackPointExtension>
        </extensions>
      </trkpt>
      <trkpt lat="46.5611222572624683380126953125" lon="7.87818993441760540008544921875">
        <ele>1777.4000244140625</ele>
        <time>2025-08-24T11:32:34.000Z</time>
        <extensions>
          <ns3:TrackPointExtension>
            <ns3:hr>160</ns3:hr>
          </ns3:TrackPointExtension>
        </extensions>
      </trkpt>
      <trkpt lat="46.56119677238166332244873046875" lon="7.8782009147107601165771484375">
        <ele>1776.800048828125</ele>
        <time>2025-08-24T11:32:38.000Z</time>
        <extensions>
          <ns3:TrackPointExtension>
            <ns3:hr>159</ns3:hr>
          </ns3:TrackPointExtension>
        </extensions>
      </trkpt>
      <trkpt lat="46.561273299157619476318359375" lon="7.878196053206920623779296875">
        <ele>1776.800048828125</ele>
        <time>2025-08-24T11:32:43.000Z</time>
        <extensions>
          <ns3:TrackPointExtension>
            <ns3:hr>156</ns3:hr>
          </ns3:TrackPointExtension>
        </extensions>
      </trkpt>
      <trkpt lat="46.56134362332522869110107421875" lon="7.8781955502927303314208984375">
        <ele>1776.5999755859375</ele>
        <time>2025-08-24T11:32:48.000Z</time>
        <extensions>
          <ns3:TrackPointExtension>
            <ns3:hr>153</ns3:hr>
          </ns3:TrackPointExtension>
        </extensions>
      </trkpt>
      <trkpt lat="46.56141486950218677520751953125" lon="7.87818138487637042999267578125">
        <ele>1776.800048828125</ele>
        <time>2025-08-24T11:32:54.000Z</time>
        <extensions>
          <ns3:TrackPointExtension>
            <ns3:hr>150</ns3:hr>
          </ns3:TrackPointExtension>
        </extensions>
      </trkpt>
      <trkpt lat="46.56150220893323421478271484375" lon="7.87818088196218013763427734375">
        <ele>1776.800048828125</ele>
        <time>2025-08-24T11:33:00.000Z</time>
        <extensions>
          <ns3:TrackPointExtension>
            <ns3:hr>148</ns3:hr>
          </ns3:TrackPointExtension>
        </extensions>
      </trkpt>
      <trkpt lat="46.5615410171449184417724609375" lon="7.87820150144398212432861328125">
        <ele>1776.4000244140625</ele>
        <time>2025-08-24T11:33:07.000Z</time>
        <extensions>
          <ns3:TrackPointExtension>
            <ns3:hr>147</ns3:hr>
          </ns3:TrackPointExtension>
        </extensions>
      </trkpt>
      <trkpt lat="46.561541855335235595703125" lon="7.87821583449840545654296875">
        <ele>1776.4000244140625</ele>
        <time>2025-08-24T11:33:11.000Z</time>
        <extensions>
          <ns3:TrackPointExtension>
            <ns3:hr>144</ns3:hr>
          </ns3:TrackPointExtension>
        </extensions>
      </trkpt>
      <trkpt lat="46.5615416876971721649169921875" lon="7.87821440957486629486083984375">
        <ele>1776.199951171875</ele>
        <time>2025-08-24T11:33:12.000Z</time>
        <extensions>
          <ns3:TrackPointExtension>
            <ns3:hr>144</ns3:hr>
          </ns3:TrackPointExtension>
        </extensions>
      </trkpt>
      <trkpt lat="46.561542861163616180419921875" lon="7.878215499222278594970703125">
        <ele>1776.4000244140625</ele>
        <time>2025-08-24T11:33:16.000Z</time>
        <extensions>
          <ns3:TrackPointExtension>
            <ns3:hr>144</ns3:hr>
          </ns3:TrackPointExtension>
        </extensions>
      </trkpt>
      <trkpt lat="46.561542861163616180419921875" lon="7.878215499222278594970703125">
        <ele>1776.4000244140625</ele>
        <time>2025-08-24T11:33:20.000Z</time>
        <extensions>
          <ns3:TrackPointExtension>
            <ns3:hr>141</ns3:hr>
          </ns3:TrackPointExtension>
        </extensions>
      </trkpt>
      <trkpt lat="46.561560295522212982177734375" lon="7.87819831632077693939208984375">
        <ele>1776.4000244140625</ele>
        <time>2025-08-24T11:33:23.000Z</time>
        <extensions>
          <ns3:TrackPointExtension>
            <ns3:hr>138</ns3:hr>
          </ns3:TrackPointExtension>
        </extensions>
      </trkpt>
      <trkpt lat="46.56159306876361370086669921875" lon="7.87817870266735553741455078125">
        <ele>1776.4000244140625</ele>
        <time>2025-08-24T11:33:25.000Z</time>
        <extensions>
          <ns3:TrackPointExtension>
            <ns3:hr>138</ns3:hr>
          </ns3:TrackPointExtension>
        </extensions>
      </trkpt>
      <trkpt lat="46.561744697391986846923828125" lon="7.8781802952289581298828125">
        <ele>1776.199951171875</ele>
        <time>2025-08-24T11:33:34.000Z</time>
        <extensions>
          <ns3:TrackPointExtension>
            <ns3:hr>138</ns3:hr>
          </ns3:TrackPointExtension>
        </extensions>
      </trkpt>
      <trkpt lat="46.56190269626677036285400390625" lon="7.87823326885700225830078125">
        <ele>1776</ele>
        <time>2025-08-24T11:33:46.000Z</time>
        <extensions>
          <ns3:TrackPointExtension>
            <ns3:hr>137</ns3:hr>
          </ns3:TrackPointExtension>
        </extensions>
      </trkpt>
      <trkpt lat="46.56192868016660213470458984375" lon="7.87823150865733623504638671875">
        <ele>1776</ele>
        <time>2025-08-24T11:33:48.000Z</time>
        <extensions>
          <ns3:TrackPointExtension>
            <ns3:hr>135</ns3:hr>
          </ns3:TrackPointExtension>
        </extensions>
      </trkpt>
      <trkpt lat="46.5620590187609195709228515625" lon="7.878266461193561553955078125">
        <ele>1776</ele>
        <time>2025-08-24T11:33:58.000Z</time>
        <extensions>
          <ns3:TrackPointExtension>
            <ns3:hr>133</ns3:hr>
          </ns3:TrackPointExtension>
        </extensions>
      </trkpt>
      <trkpt lat="46.56218617223203182220458984375" lon="7.87831884808838367462158203125">
        <ele>1775.800048828125</ele>
        <time>2025-08-24T11:34:07.000Z</time>
        <extensions>
          <ns3:TrackPointExtension>
            <ns3:hr>136</ns3:hr>
          </ns3:TrackPointExtension>
        </extensions>
      </trkpt>
      <trkpt lat="46.5622162632644176483154296875" lon="7.87833259440958499908447265625">
        <ele>1775.800048828125</ele>
        <time>2025-08-24T11:34:09.000Z</time>
        <extensions>
          <ns3:TrackPointExtension>
            <ns3:hr>136</ns3:hr>
          </ns3:TrackPointExtension>
        </extensions>
      </trkpt>
      <trkpt lat="46.5623761899769306182861328125" lon="7.8784208558499813079833984375">
        <ele>1775.800048828125</ele>
        <time>2025-08-24T11:34:21.000Z</time>
        <extensions>
          <ns3:TrackPointExtension>
            <ns3:hr>136</ns3:hr>
          </ns3:TrackPointExtension>
        </extensions>
      </trkpt>
      <trkpt lat="46.56245506368577480316162109375" lon="7.87849344313144683837890625">
        <ele>1776</ele>
        <time>2025-08-24T11:34:28.000Z</time>
        <extensions>
          <ns3:TrackPointExtension>
            <ns3:hr>139</ns3:hr>
          </ns3:TrackPointExtension>
        </extensions>
      </trkpt>
      <trkpt lat="46.56246730126440525054931640625" lon="7.87850040011107921600341796875">
        <ele>1776</ele>
        <time>2025-08-24T11:34:29.000Z</time>
        <extensions>
          <ns3:TrackPointExtension>
            <ns3:hr>139</ns3:hr>
          </ns3:TrackPointExtension>
        </extensions>
      </trkpt>
      <trkpt lat="46.5625676326453685760498046875" lon="7.87859561853110790252685546875">
        <ele>1775.5999755859375</ele>
        <time>2025-08-24T11:34:38.000Z</time>
        <extensions>
          <ns3:TrackPointExtension>
            <ns3:hr>137</ns3:hr>
          </ns3:TrackPointExtension>
        </extensions>
      </trkpt>
      <trkpt lat="46.56263493932783603668212890625" lon="7.87862964905798435211181640625">
        <ele>1775.199951171875</ele>
        <time>2025-08-24T11:34:44.000Z</time>
        <extensions>
          <ns3:TrackPointExtension>
            <ns3:hr>136</ns3:hr>
          </ns3:TrackPointExtension>
        </extensions>
      </trkpt>
      <trkpt lat="46.56269478611648082733154296875" lon="7.87866435013711452484130859375">
        <ele>1775.199951171875</ele>
        <time>2025-08-24T11:34:48.000Z</time>
        <extensions>
          <ns3:TrackPointExtension>
            <ns3:hr>135</ns3:hr>
          </ns3:TrackPointExtension>
        </extensions>
      </trkpt>
      <trkpt lat="46.562796123325824737548828125" lon="7.878795526921749114990234375">
        <ele>1775</ele>
        <time>2025-08-24T11:34:58.000Z</time>
        <extensions>
          <ns3:TrackPointExtension>
            <ns3:hr>135</ns3:hr>
          </ns3:TrackPointExtension>
        </extensions>
      </trkpt>
      <trkpt lat="46.562828980386257171630859375" lon="7.87891563959419727325439453125">
        <ele>1774.4000244140625</ele>
        <time>2025-08-24T11:35:06.000Z</time>
        <extensions>
          <ns3:TrackPointExtension>
            <ns3:hr>134</ns3:hr>
          </ns3:TrackPointExtension>
        </extensions>
      </trkpt>
      <trkpt lat="46.56283644028007984161376953125" lon="7.8789489157497882843017578125">
        <ele>1774.199951171875</ele>
        <time>2025-08-24T11:35:08.000Z</time>
        <extensions>
          <ns3:TrackPointExtension>
            <ns3:hr>134</ns3:hr>
          </ns3:TrackPointExtension>
        </extensions>
      </trkpt>
      <trkpt lat="46.5628670342266559600830078125" lon="7.879083864390850067138671875">
        <ele>1773.5999755859375</ele>
        <time>2025-08-24T11:35:15.000Z</time>
        <extensions>
          <ns3:TrackPointExtension>
            <ns3:hr>133</ns3:hr>
          </ns3:TrackPointExtension>
        </extensions>
      </trkpt>
      <trkpt lat="46.5628955326974391937255859375" lon="7.87915033288300037384033203125">
        <ele>1773.199951171875</ele>
        <time>2025-08-24T11:35:19.000Z</time>
        <extensions>
          <ns3:TrackPointExtension>
            <ns3:hr>132</ns3:hr>
          </ns3:TrackPointExtension>
        </extensions>
      </trkpt>
      <trkpt lat="46.562904417514801025390625" lon="7.879218645393848419189453125">
        <ele>1773</ele>
        <time>2025-08-24T11:35:22.000Z</time>
        <extensions>
          <ns3:TrackPointExtension>
            <ns3:hr>128</ns3:hr>
          </ns3:TrackPointExtension>
        </extensions>
      </trkpt>
      <trkpt lat="46.56291254796087741851806640625" lon="7.87927304394543170928955078125">
        <ele>1772.800048828125</ele>
        <time>2025-08-24T11:35:25.000Z</time>
        <extensions>
          <ns3:TrackPointExtension>
            <ns3:hr>126</ns3:hr>
          </ns3:TrackPointExtension>
        </extensions>
      </trkpt>
      <trkpt lat="46.5629361011087894439697265625" lon="7.8793750517070293426513671875">
        <ele>1772.199951171875</ele>
        <time>2025-08-24T11:35:30.000Z</time>
        <extensions>
          <ns3:TrackPointExtension>
            <ns3:hr>127</ns3:hr>
          </ns3:TrackPointExtension>
        </extensions>
      </trkpt>
      <trkpt lat="46.56295294873416423797607421875" lon="7.87942861206829547882080078125">
        <ele>1771.800048828125</ele>
        <time>2025-08-24T11:35:33.000Z</time>
        <extensions>
          <ns3:TrackPointExtension>
            <ns3:hr>130</ns3:hr>
          </ns3:TrackPointExtension>
        </extensions>
      </trkpt>
      <trkpt lat="46.5629592351615428924560546875" lon="7.87944638170301914215087890625">
        <ele>1771.800048828125</ele>
        <time>2025-08-24T11:35:34.000Z</time>
        <extensions>
          <ns3:TrackPointExtension>
            <ns3:hr>131</ns3:hr>
          </ns3:TrackPointExtension>
        </extensions>
      </trkpt>
      <trkpt lat="46.56301145441830158233642578125" lon="7.87959524430334568023681640625">
        <ele>1771.4000244140625</ele>
        <time>2025-08-24T11:35:41.000Z</time>
        <extensions>
          <ns3:TrackPointExtension>
            <ns3:hr>134</ns3:hr>
          </ns3:TrackPointExtension>
        </extensions>
      </trkpt>
      <trkpt lat="46.56301581300795078277587890625" lon="7.8796288557350635528564453125">
        <ele>1771.199951171875</ele>
        <time>2025-08-24T11:35:43.000Z</time>
        <extensions>
          <ns3:TrackPointExtension>
            <ns3:hr>135</ns3:hr>
          </ns3:TrackPointExtension>
        </extensions>
      </trkpt>
      <trkpt lat="46.56306945718824863433837890625" lon="7.87984217517077922821044921875">
        <ele>1770.199951171875</ele>
        <time>2025-08-24T11:35:53.000Z</time>
        <extensions>
          <ns3:TrackPointExtension>
            <ns3:hr>134</ns3:hr>
          </ns3:TrackPointExtension>
        </extensions>
      </trkpt>
      <trkpt lat="46.56305755488574504852294921875" lon="7.87995868362486362457275390625">
        <ele>1769.800048828125</ele>
        <time>2025-08-24T11:35:59.000Z</time>
        <extensions>
          <ns3:TrackPointExtension>
            <ns3:hr>132</ns3:hr>
          </ns3:TrackPointExtension>
        </extensions>
      </trkpt>
      <trkpt lat="46.56305797398090362548828125" lon="7.87997670471668243408203125">
        <ele>1769.5999755859375</ele>
        <time>2025-08-24T11:36:00.000Z</time>
        <extensions>
          <ns3:TrackPointExtension>
            <ns3:hr>132</ns3:hr>
          </ns3:TrackPointExtension>
        </extensions>
      </trkpt>
      <trkpt lat="46.56304322183132171630859375" lon="7.88010167889297008514404296875">
        <ele>1769</ele>
        <time>2025-08-24T11:36:07.000Z</time>
        <extensions>
          <ns3:TrackPointExtension>
            <ns3:hr>132</ns3:hr>
          </ns3:TrackPointExtension>
        </extensions>
      </trkpt>
      <trkpt lat="46.5630259551107883453369140625" lon="7.88032673299312591552734375">
        <ele>1768.4000244140625</ele>
        <time>2025-08-24T11:36:18.000Z</time>
        <extensions>
          <ns3:TrackPointExtension>
            <ns3:hr>132</ns3:hr>
          </ns3:TrackPointExtension>
        </extensions>
      </trkpt>
      <trkpt lat="46.56302033923566341400146484375" lon="7.88047366775572299957275390625">
        <ele>1768.4000244140625</ele>
        <time>2025-08-24T11:36:25.000Z</time>
        <extensions>
          <ns3:TrackPointExtension>
            <ns3:hr>129</ns3:hr>
          </ns3:TrackPointExtension>
        </extensions>
      </trkpt>
      <trkpt lat="46.56301983632147312164306640625" lon="7.8804948739707469940185546875">
        <ele>1768.4000244140625</ele>
        <time>2025-08-24T11:36:26.000Z</time>
        <extensions>
          <ns3:TrackPointExtension>
            <ns3:hr>129</ns3:hr>
          </ns3:TrackPointExtension>
        </extensions>
      </trkpt>
      <trkpt lat="46.563014052808284759521484375" lon="7.88063309155404567718505859375">
        <ele>1768</ele>
        <time>2025-08-24T11:36:32.000Z</time>
        <extensions>
          <ns3:TrackPointExtension>
            <ns3:hr>126</ns3:hr>
          </ns3:TrackPointExtension>
        </extensions>
      </trkpt>
      <trkpt lat="46.56301782466471195220947265625" lon="7.8806581534445285797119140625">
        <ele>1768</ele>
        <time>2025-08-24T11:36:33.000Z</time>
        <extensions>
          <ns3:TrackPointExtension>
            <ns3:hr>126</ns3:hr>
          </ns3:TrackPointExtension>
        </extensions>
      </trkpt>
      <trkpt lat="46.5630162321031093597412109375" lon="7.88071020506322383880615234375">
        <ele>1768</ele>
        <time>2025-08-24T11:36:35.000Z</time>
        <extensions>
          <ns3:TrackPointExtension>
            <ns3:hr>125</ns3:hr>
          </ns3:TrackPointExtension>
        </extensions>
      </trkpt>
      <trkpt lat="46.56302310526371002197265625" lon="7.88077843375504016876220703125">
        <ele>1767.5999755859375</ele>
        <time>2025-08-24T11:36:38.000Z</time>
        <extensions>
          <ns3:TrackPointExtension>
            <ns3:hr>122</ns3:hr>
          </ns3:TrackPointExtension>
        </extensions>
      </trkpt>
      <trkpt lat="46.5630390308797359466552734375" lon="7.88089628331363201141357421875">
        <ele>1767.199951171875</ele>
        <time>2025-08-24T11:36:43.000Z</time>
        <extensions>
          <ns3:TrackPointExtension>
            <ns3:hr>120</ns3:hr>
          </ns3:TrackPointExtension>
        </extensions>
      </trkpt>
      <trkpt lat="46.56304431147873401641845703125" lon="7.8809454850852489471435546875">
        <ele>1766.800048828125</ele>
        <time>2025-08-24T11:36:45.000Z</time>
        <extensions>
          <ns3:TrackPointExtension>
            <ns3:hr>119</ns3:hr>
          </ns3:TrackPointExtension>
        </extensions>
      </trkpt>
      <trkpt lat="46.56306224875152111053466796875" lon="7.88107599131762981414794921875">
        <ele>1766.199951171875</ele>
        <time>2025-08-24T11:36:51.000Z</time>
        <extensions>
          <ns3:TrackPointExtension>
            <ns3:hr>119</ns3:hr>
          </ns3:TrackPointExtension>
        </extensions>
      </trkpt>
      <trkpt lat="46.56308806501328945159912109375" lon="7.88121856749057769775390625">
        <ele>1766</ele>
        <time>2025-08-24T11:36:57.000Z</time>
        <extensions>
          <ns3:TrackPointExtension>
            <ns3:hr>122</ns3:hr>
          </ns3:TrackPointExtension>
        </extensions>
      </trkpt>
      <trkpt lat="46.56308840028941631317138671875" lon="7.881254442036151885986328125">
        <ele>1765.800048828125</ele>
        <time>2025-08-24T11:36:59.000Z</time>
        <extensions>
          <ns3:TrackPointExtension>
            <ns3:hr>122</ns3:hr>
          </ns3:TrackPointExtension>
        </extensions>
      </trkpt>
      <trkpt lat="46.56308873556554317474365234375" lon="7.881317473948001861572265625">
        <ele>1765.4000244140625</ele>
        <time>2025-08-24T11:37:02.000Z</time>
        <extensions>
          <ns3:TrackPointExtension>
            <ns3:hr>123</ns3:hr>
          </ns3:TrackPointExtension>
        </extensions>
      </trkpt>
      <trkpt lat="46.56308370642364025115966796875" lon="7.88137254305183887481689453125">
        <ele>1764.800048828125</ele>
        <time>2025-08-24T11:37:05.000Z</time>
        <extensions>
          <ns3:TrackPointExtension>
            <ns3:hr>123</ns3:hr>
          </ns3:TrackPointExtension>
        </extensions>
      </trkpt>
      <trkpt lat="46.56307096593081951141357421875" lon="7.88148033432662487030029296875">
        <ele>1764</ele>
        <time>2025-08-24T11:37:11.000Z</time>
        <extensions>
          <ns3:TrackPointExtension>
            <ns3:hr>123</ns3:hr>
          </ns3:TrackPointExtension>
        </extensions>
      </trkpt>
      <trkpt lat="46.5630789287388324737548828125" lon="7.8815476410090923309326171875">
        <ele>1763.5999755859375</ele>
        <time>2025-08-24T11:37:15.000Z</time>
        <extensions>
          <ns3:TrackPointExtension>
            <ns3:hr>124</ns3:hr>
          </ns3:TrackPointExtension>
        </extensions>
      </trkpt>
      <trkpt lat="46.56308337114751338958740234375" lon="7.88159164600074291229248046875">
        <ele>1762.5999755859375</ele>
        <time>2025-08-24T11:37:18.000Z</time>
        <extensions>
          <ns3:TrackPointExtension>
            <ns3:hr>124</ns3:hr>
          </ns3:TrackPointExtension>
        </extensions>
      </trkpt>
      <trkpt lat="46.563105247914791107177734375" lon="7.8817571885883808135986328125">
        <ele>1761.5999755859375</ele>
        <time>2025-08-24T11:37:28.000Z</time>
        <extensions>
          <ns3:TrackPointExtension>
            <ns3:hr>124</ns3:hr>
          </ns3:TrackPointExtension>
        </extensions>
      </trkpt>
      <trkpt lat="46.5631047450006008148193359375" lon="7.881906889379024505615234375">
        <ele>1761.4000244140625</ele>
        <time>2025-08-24T11:37:36.000Z</time>
        <extensions>
          <ns3:TrackPointExtension>
            <ns3:hr>125</ns3:hr>
          </ns3:TrackPointExtension>
        </extensions>
      </trkpt>
      <trkpt lat="46.56309946440160274505615234375" lon="7.881920970976352691650390625">
        <ele>1761.199951171875</ele>
        <time>2025-08-24T11:37:37.000Z</time>
        <extensions>
          <ns3:TrackPointExtension>
            <ns3:hr>125</ns3:hr>
          </ns3:TrackPointExtension>
        </extensions>
      </trkpt>
      <trkpt lat="46.56305185519158840179443359375" lon="7.882030270993709564208984375">
        <ele>1760.199951171875</ele>
        <time>2025-08-24T11:37:42.000Z</time>
        <extensions>
          <ns3:TrackPointExtension>
            <ns3:hr>126</ns3:hr>
          </ns3:TrackPointExtension>
        </extensions>
      </trkpt>
      <trkpt lat="46.56303341500461101531982421875" lon="7.88206488825380802154541015625">
        <ele>1759.800048828125</ele>
        <time>2025-08-24T11:37:44.000Z</time>
        <extensions>
          <ns3:TrackPointExtension>
            <ns3:hr>125</ns3:hr>
          </ns3:TrackPointExtension>
        </extensions>
      </trkpt>
      <trkpt lat="46.56302000395953655242919921875" lon="7.882089279592037200927734375">
        <ele>1759</ele>
        <time>2025-08-24T11:37:46.000Z</time>
        <extensions>
          <ns3:TrackPointExtension>
            <ns3:hr>125</ns3:hr>
          </ns3:TrackPointExtension>
        </extensions>
      </trkpt>
      <trkpt lat="46.56300298869609832763671875" lon="7.88211417384445667266845703125">
        <ele>1757.5999755859375</ele>
        <time>2025-08-24T11:37:48.000Z</time>
        <extensions>
          <ns3:TrackPointExtension>
            <ns3:hr>125</ns3:hr>
          </ns3:TrackPointExtension>
        </extensions>
      </trkpt>
      <trkpt lat="46.56299360096454620361328125" lon="7.88214468397200107574462890625">
        <ele>1756.5999755859375</ele>
        <time>2025-08-24T11:37:50.000Z</time>
        <extensions>
          <ns3:TrackPointExtension>
            <ns3:hr>125</ns3:hr>
          </ns3:TrackPointExtension>
        </extensions>
      </trkpt>
      <trkpt lat="46.56298899091780185699462890625" lon="7.88215935230255126953125">
        <ele>1756.199951171875</ele>
        <time>2025-08-24T11:37:51.000Z</time>
        <extensions>
          <ns3:TrackPointExtension>
            <ns3:hr>126</ns3:hr>
          </ns3:TrackPointExtension>
        </extensions>
      </trkpt>
      <trkpt lat="46.5629713051021099090576171875" lon="7.882234118878841400146484375">
        <ele>1755.5999755859375</ele>
        <time>2025-08-24T11:37:55.000Z</time>
        <extensions>
          <ns3:TrackPointExtension>
            <ns3:hr>122</ns3:hr>
          </ns3:TrackPointExtension>
        </extensions>
      </trkpt>
      <trkpt lat="46.5629669465124607086181640625" lon="7.88225482217967510223388671875">
        <ele>1755.4000244140625</ele>
        <time>2025-08-24T11:37:56.000Z</time>
        <extensions>
          <ns3:TrackPointExtension>
            <ns3:hr>124</ns3:hr>
          </ns3:TrackPointExtension>
        </extensions>
      </trkpt>
      <trkpt lat="46.562942303717136383056640625" lon="7.88233864121139049530029296875">
        <ele>1754.5999755859375</ele>
        <time>2025-08-24T11:38:00.000Z</time>
        <extensions>
          <ns3:TrackPointExtension>
            <ns3:hr>127</ns3:hr>
          </ns3:TrackPointExtension>
        </extensions>
      </trkpt>
      <trkpt lat="46.562933586537837982177734375" lon="7.88236009888350963592529296875">
        <ele>1754</ele>
        <time>2025-08-24T11:38:01.000Z</time>
        <extensions>
          <ns3:TrackPointExtension>
            <ns3:hr>125</ns3:hr>
          </ns3:TrackPointExtension>
        </extensions>
      </trkpt>
      <trkpt lat="46.5629029087722301483154296875" lon="7.8824414871633052825927734375">
        <ele>1752.800048828125</ele>
        <time>2025-08-24T11:38:05.000Z</time>
        <extensions>
          <ns3:TrackPointExtension>
            <ns3:hr>123</ns3:hr>
          </ns3:TrackPointExtension>
        </extensions>
      </trkpt>
      <trkpt lat="46.56288941390812397003173828125" lon="7.88249798119068145751953125">
        <ele>1751.4000244140625</ele>
        <time>2025-08-24T11:38:08.000Z</time>
        <extensions>
          <ns3:TrackPointExtension>
            <ns3:hr>124</ns3:hr>
          </ns3:TrackPointExtension>
        </extensions>
      </trkpt>
      <trkpt lat="46.5628576464951038360595703125" lon="7.88256193511188030242919921875">
        <ele>1750</ele>
        <time>2025-08-24T11:38:12.000Z</time>
        <extensions>
          <ns3:TrackPointExtension>
            <ns3:hr>124</ns3:hr>
          </ns3:TrackPointExtension>
        </extensions>
      </trkpt>
      <trkpt lat="46.56284063123166561126708984375" lon="7.8826040960848331451416015625">
        <ele>1749.800048828125</ele>
        <time>2025-08-24T11:38:14.000Z</time>
        <extensions>
          <ns3:TrackPointExtension>
            <ns3:hr>124</ns3:hr>
          </ns3:TrackPointExtension>
        </extensions>
      </trkpt>
      <trkpt lat="46.5628070197999477386474609375" lon="7.8826815448701381683349609375">
        <ele>1749</ele>
        <time>2025-08-24T11:38:18.000Z</time>
        <extensions>
          <ns3:TrackPointExtension>
            <ns3:hr>121</ns3:hr>
          </ns3:TrackPointExtension>
        </extensions>
      </trkpt>
      <trkpt lat="46.5627993084490299224853515625" lon="7.8826971352100372314453125">
        <ele>1748.5999755859375</ele>
        <time>2025-08-24T11:38:19.000Z</time>
        <extensions>
          <ns3:TrackPointExtension>
            <ns3:hr>122</ns3:hr>
          </ns3:TrackPointExtension>
        </extensions>
      </trkpt>
      <trkpt lat="46.56278028152883052825927734375" lon="7.882723622024059295654296875">
        <ele>1747.4000244140625</ele>
        <time>2025-08-24T11:38:21.000Z</time>
        <extensions>
          <ns3:TrackPointExtension>
            <ns3:hr>123</ns3:hr>
          </ns3:TrackPointExtension>
        </extensions>
      </trkpt>
      <trkpt lat="46.5627158246934413909912109375" lon="7.88281976245343685150146484375">
        <ele>1746.4000244140625</ele>
        <time>2025-08-24T11:38:27.000Z</time>
        <extensions>
          <ns3:TrackPointExtension>
            <ns3:hr>123</ns3:hr>
          </ns3:TrackPointExtension>
        </extensions>
      </trkpt>
      <trkpt lat="46.5626822970807552337646484375" lon="7.882881872355937957763671875">
        <ele>1746</ele>
        <time>2025-08-24T11:38:30.000Z</time>
        <extensions>
          <ns3:TrackPointExtension>
            <ns3:hr>124</ns3:hr>
          </ns3:TrackPointExtension>
        </extensions>
      </trkpt>
      <trkpt lat="46.56266100704669952392578125" lon="7.8829219378530979156494140625">
        <ele>1744.5999755859375</ele>
        <time>2025-08-24T11:38:32.000Z</time>
        <extensions>
          <ns3:TrackPointExtension>
            <ns3:hr>124</ns3:hr>
          </ns3:TrackPointExtension>
        </extensions>
      </trkpt>
      <trkpt lat="46.5626236237585544586181640625" lon="7.88298589177429676055908203125">
        <ele>1743.5999755859375</ele>
        <time>2025-08-24T11:38:36.000Z</time>
        <extensions>
          <ns3:TrackPointExtension>
            <ns3:hr>124</ns3:hr>
          </ns3:TrackPointExtension>
        </extensions>
      </trkpt>
      <trkpt lat="46.56261566095054149627685546875" lon="7.88300550542771816253662109375">
        <ele>1743.4000244140625</ele>
        <time>2025-08-24T11:38:37.000Z</time>
        <extensions>
          <ns3:TrackPointExtension>
            <ns3:hr>124</ns3:hr>
          </ns3:TrackPointExtension>
        </extensions>
      </trkpt>
      <trkpt lat="46.56258984468877315521240234375" lon="7.8830805234611034393310546875">
        <ele>1742.4000244140625</ele>
        <time>2025-08-24T11:38:41.000Z</time>
        <extensions>
          <ns3:TrackPointExtension>
            <ns3:hr>124</ns3:hr>
          </ns3:TrackPointExtension>
        </extensions>
      </trkpt>
      <trkpt lat="46.5625512041151523590087890625" lon="7.88316241465508937835693359375">
        <ele>1741.199951171875</ele>
        <time>2025-08-24T11:38:45.000Z</time>
        <extensions>
          <ns3:TrackPointExtension>
            <ns3:hr>125</ns3:hr>
          </ns3:TrackPointExtension>
        </extensions>
      </trkpt>
      <trkpt lat="46.56253636814653873443603515625" lon="7.8831951878964900970458984375">
        <ele>1740.5999755859375</ele>
        <time>2025-08-24T11:38:48.000Z</time>
        <extensions>
          <ns3:TrackPointExtension>
            <ns3:hr>124</ns3:hr>
          </ns3:TrackPointExtension>
        </extensions>
      </trkpt>
      <trkpt lat="46.562534272670745849609375" lon="7.8832005523145198822021484375">
        <ele>1740.4000244140625</ele>
        <time>2025-08-24T11:38:50.000Z</time>
        <extensions>
          <ns3:TrackPointExtension>
            <ns3:hr>122</ns3:hr>
          </ns3:TrackPointExtension>
        </extensions>
      </trkpt>
      <trkpt lat="46.56253016553819179534912109375" lon="7.883205749094486236572265625">
        <ele>1740.4000244140625</ele>
        <time>2025-08-24T11:38:54.000Z</time>
        <extensions>
          <ns3:TrackPointExtension>
            <ns3:hr>124</ns3:hr>
          </ns3:TrackPointExtension>
        </extensions>
      </trkpt>
      <trkpt lat="46.562531255185604095458984375" lon="7.88320348598062992095947265625">
        <ele>1740.5999755859375</ele>
        <time>2025-08-24T11:38:59.000Z</time>
        <extensions>
          <ns3:TrackPointExtension>
            <ns3:hr>121</ns3:hr>
          </ns3:TrackPointExtension>
        </extensions>
      </trkpt>
      <trkpt lat="46.562531255185604095458984375" lon="7.88320348598062992095947265625">
        <ele>1740.4000244140625</ele>
        <time>2025-08-24T11:39:04.000Z</time>
        <extensions>
          <ns3:TrackPointExtension>
            <ns3:hr>124</ns3:hr>
          </ns3:TrackPointExtension>
        </extensions>
      </trkpt>
      <trkpt lat="46.562531255185604095458984375" lon="7.88320348598062992095947265625">
        <ele>1740.4000244140625</ele>
        <time>2025-08-24T11:39:07.000Z</time>
        <extensions>
          <ns3:TrackPointExtension>
            <ns3:hr>125</ns3:hr>
          </ns3:TrackPointExtension>
        </extensions>
      </trkpt>
      <trkpt lat="46.5625166706740856170654296875" lon="7.88324455730617046356201171875">
        <ele>1740.199951171875</ele>
        <time>2025-08-24T11:39:12.000Z</time>
        <extensions>
          <ns3:TrackPointExtension>
            <ns3:hr>125</ns3:hr>
          </ns3:TrackPointExtension>
        </extensions>
      </trkpt>
      <trkpt lat="46.56251206062734127044677734375" lon="7.88326266221702098846435546875">
        <ele>1740</ele>
        <time>2025-08-24T11:39:13.000Z</time>
        <extensions>
          <ns3:TrackPointExtension>
            <ns3:hr>125</ns3:hr>
          </ns3:TrackPointExtension>
        </extensions>
      </trkpt>
      <trkpt lat="46.56244969926774501800537109375" lon="7.88346399553120136260986328125">
        <ele>1739.199951171875</ele>
        <time>2025-08-24T11:39:22.000Z</time>
        <extensions>
          <ns3:TrackPointExtension>
            <ns3:hr>125</ns3:hr>
          </ns3:TrackPointExtension>
        </extensions>
      </trkpt>
      <trkpt lat="46.56244332902133464813232421875" lon="7.88348025642335414886474609375">
        <ele>1739.199951171875</ele>
        <time>2025-08-24T11:39:23.000Z</time>
        <extensions>
          <ns3:TrackPointExtension>
            <ns3:hr>125</ns3:hr>
          </ns3:TrackPointExtension>
        </extensions>
      </trkpt>
      <trkpt lat="46.56238281168043613433837890625" lon="7.88366583175957202911376953125">
        <ele>1738.4000244140625</ele>
        <time>2025-08-24T11:39:33.000Z</time>
        <extensions>
          <ns3:TrackPointExtension>
            <ns3:hr>125</ns3:hr>
          </ns3:TrackPointExtension>
        </extensions>
      </trkpt>
      <trkpt lat="46.5623483620584011077880859375" lon="7.88378678262233734130859375">
        <ele>1737.800048828125</ele>
        <time>2025-08-24T11:39:39.000Z</time>
        <extensions>
          <ns3:TrackPointExtension>
            <ns3:hr>122</ns3:hr>
          </ns3:TrackPointExtension>
        </extensions>
      </trkpt>
      <trkpt lat="46.56232950277626514434814453125" lon="7.88385777734220027923583984375">
        <ele>1736.5999755859375</ele>
        <time>2025-08-24T11:39:43.000Z</time>
        <extensions>
          <ns3:TrackPointExtension>
            <ns3:hr>119</ns3:hr>
          </ns3:TrackPointExtension>
        </extensions>
      </trkpt>
      <trkpt lat="46.56232313252985477447509765625" lon="7.883872278034687042236328125">
        <ele>1736.199951171875</ele>
        <time>2025-08-24T11:39:44.000Z</time>
        <extensions>
          <ns3:TrackPointExtension>
            <ns3:hr>118</ns3:hr>
          </ns3:TrackPointExtension>
        </extensions>
      </trkpt>
      <trkpt lat="46.56228960491716861724853515625" lon="7.88399088196456432342529296875">
        <ele>1735.4000244140625</ele>
        <time>2025-08-24T11:39:51.000Z</time>
        <extensions>
          <ns3:TrackPointExtension>
            <ns3:hr>117</ns3:hr>
          </ns3:TrackPointExtension>
        </extensions>
      </trkpt>
      <trkpt lat="46.5622782893478870391845703125" lon="7.88403061218559741973876953125">
        <ele>1735.4000244140625</ele>
        <time>2025-08-24T11:39:53.000Z</time>
        <extensions>
          <ns3:TrackPointExtension>
            <ns3:hr>117</ns3:hr>
          </ns3:TrackPointExtension>
        </extensions>
      </trkpt>
      <trkpt lat="46.56219891272485256195068359375" lon="7.88422188721597194671630859375">
        <ele>1734.4000244140625</ele>
        <time>2025-08-24T11:40:04.000Z</time>
        <extensions>
          <ns3:TrackPointExtension>
            <ns3:hr>118</ns3:hr>
          </ns3:TrackPointExtension>
        </extensions>
      </trkpt>
      <trkpt lat="46.562186591327190399169921875" lon="7.884237729012966156005859375">
        <ele>1734.199951171875</ele>
        <time>2025-08-24T11:40:05.000Z</time>
        <extensions>
          <ns3:TrackPointExtension>
            <ns3:hr>118</ns3:hr>
          </ns3:TrackPointExtension>
        </extensions>
      </trkpt>
      <trkpt lat="46.56213772483170032501220703125" lon="7.88438667543232440948486328125">
        <ele>1733.199951171875</ele>
        <time>2025-08-24T11:40:11.000Z</time>
        <extensions>
          <ns3:TrackPointExtension>
            <ns3:hr>118</ns3:hr>
          </ns3:TrackPointExtension>
        </extensions>
      </trkpt>
      <trkpt lat="46.5621223859488964080810546875" lon="7.88445021025836467742919921875">
        <ele>1732.4000244140625</ele>
        <time>2025-08-24T11:40:14.000Z</time>
        <extensions>
          <ns3:TrackPointExtension>
            <ns3:hr>119</ns3:hr>
          </ns3:TrackPointExtension>
        </extensions>
      </trkpt>
      <trkpt lat="46.56211408786475658416748046875" lon="7.88446605205535888671875">
        <ele>1732.199951171875</ele>
        <time>2025-08-24T11:40:15.000Z</time>
        <extensions>
          <ns3:TrackPointExtension>
            <ns3:hr>119</ns3:hr>
          </ns3:TrackPointExtension>
        </extensions>
      </trkpt>
      <trkpt lat="46.5620930492877960205078125" lon="7.88451307453215122222900390625">
        <ele>1732</ele>
        <time>2025-08-24T11:40:18.000Z</time>
        <extensions>
          <ns3:TrackPointExtension>
            <ns3:hr>121</ns3:hr>
          </ns3:TrackPointExtension>
        </extensions>
      </trkpt>
      <trkpt lat="46.5620767883956432342529296875" lon="7.88457342423498630523681640625">
        <ele>1732</ele>
        <time>2025-08-24T11:40:21.000Z</time>
        <extensions>
          <ns3:TrackPointExtension>
            <ns3:hr>123</ns3:hr>
          </ns3:TrackPointExtension>
        </extensions>
      </trkpt>
      <trkpt lat="46.56197997741401195526123046875" lon="7.88477039895951747894287109375">
        <ele>1730.800048828125</ele>
        <time>2025-08-24T11:40:30.000Z</time>
        <extensions>
          <ns3:TrackPointExtension>
            <ns3:hr>124</ns3:hr>
          </ns3:TrackPointExtension>
        </extensions>
      </trkpt>
      <trkpt lat="46.561965979635715484619140625" lon="7.8847838938236236572265625">
        <ele>1730.4000244140625</ele>
        <time>2025-08-24T11:40:31.000Z</time>
        <extensions>
          <ns3:TrackPointExtension>
            <ns3:hr>124</ns3:hr>
          </ns3:TrackPointExtension>
        </extensions>
      </trkpt>
      <trkpt lat="46.56194678507745265960693359375" lon="7.88480392657220363616943359375">
        <ele>1729.800048828125</ele>
        <time>2025-08-24T11:40:33.000Z</time>
        <extensions>
          <ns3:TrackPointExtension>
            <ns3:hr>124</ns3:hr>
          </ns3:TrackPointExtension>
        </extensions>
      </trkpt>
      <trkpt lat="46.56186698935925960540771484375" lon="7.88494977168738842010498046875">
        <ele>1728.4000244140625</ele>
        <time>2025-08-24T11:40:40.000Z</time>
        <extensions>
          <ns3:TrackPointExtension>
            <ns3:hr>124</ns3:hr>
          </ns3:TrackPointExtension>
        </extensions>
      </trkpt>
      <trkpt lat="46.5618489682674407958984375" lon="7.88501095958054065704345703125">
        <ele>1727.199951171875</ele>
        <time>2025-08-24T11:40:44.000Z</time>
        <extensions>
          <ns3:TrackPointExtension>
            <ns3:hr>125</ns3:hr>
          </ns3:TrackPointExtension>
        </extensions>
      </trkpt>
      <trkpt lat="46.56182507984340190887451171875" lon="7.88507818244397640228271484375">
        <ele>1726.199951171875</ele>
        <time>2025-08-24T11:40:47.000Z</time>
        <extensions>
          <ns3:TrackPointExtension>
            <ns3:hr>125</ns3:hr>
          </ns3:TrackPointExtension>
        </extensions>
      </trkpt>
      <trkpt lat="46.561820805072784423828125" lon="7.88509980775415897369384765625">
        <ele>1726</ele>
        <time>2025-08-24T11:40:48.000Z</time>
        <extensions>
          <ns3:TrackPointExtension>
            <ns3:hr>126</ns3:hr>
          </ns3:TrackPointExtension>
        </extensions>
      </trkpt>
      <trkpt lat="46.56177998520433902740478515625" lon="7.88515680469572544097900390625">
        <ele>1724.800048828125</ele>
        <time>2025-08-24T11:40:52.000Z</time>
        <extensions>
          <ns3:TrackPointExtension>
            <ns3:hr>125</ns3:hr>
          </ns3:TrackPointExtension>
        </extensions>
      </trkpt>
      <trkpt lat="46.56175953336060047149658203125" lon="7.8851733170449733734130859375">
        <ele>1723.5999755859375</ele>
        <time>2025-08-24T11:40:54.000Z</time>
        <extensions>
          <ns3:TrackPointExtension>
            <ns3:hr>125</ns3:hr>
          </ns3:TrackPointExtension>
        </extensions>
      </trkpt>
      <trkpt lat="46.561752744019031524658203125" lon="7.8851853869855403900146484375">
        <ele>1723.4000244140625</ele>
        <time>2025-08-24T11:40:55.000Z</time>
        <extensions>
          <ns3:TrackPointExtension>
            <ns3:hr>125</ns3:hr>
          </ns3:TrackPointExtension>
        </extensions>
      </trkpt>
      <trkpt lat="46.56172583810985088348388671875" lon="7.8852264583110809326171875">
        <ele>1722.4000244140625</ele>
        <time>2025-08-24T11:40:58.000Z</time>
        <extensions>
          <ns3:TrackPointExtension>
            <ns3:hr>124</ns3:hr>
          </ns3:TrackPointExtension>
        </extensions>
      </trkpt>
      <trkpt lat="46.56172114424407482147216796875" lon="7.88523224182426929473876953125">
        <ele>1722.199951171875</ele>
        <time>2025-08-24T11:40:59.000Z</time>
        <extensions>
          <ns3:TrackPointExtension>
            <ns3:hr>124</ns3:hr>
          </ns3:TrackPointExtension>
        </extensions>
      </trkpt>
      <trkpt lat="46.56170957721769809722900390625" lon="7.885241210460662841796875">
        <ele>1721.4000244140625</ele>
        <time>2025-08-24T11:41:01.000Z</time>
        <extensions>
          <ns3:TrackPointExtension>
            <ns3:hr>124</ns3:hr>
          </ns3:TrackPointExtension>
        </extensions>
      </trkpt>
      <trkpt lat="46.56169943511486053466796875" lon="7.88525152020156383514404296875">
        <ele>1721</ele>
        <time>2025-08-24T11:41:02.000Z</time>
        <extensions>
          <ns3:TrackPointExtension>
            <ns3:hr>122</ns3:hr>
          </ns3:TrackPointExtension>
        </extensions>
      </trkpt>
      <trkpt lat="46.56167051754891872406005859375" lon="7.8852873109281063079833984375">
        <ele>1720.199951171875</ele>
        <time>2025-08-24T11:41:05.000Z</time>
        <extensions>
          <ns3:TrackPointExtension>
            <ns3:hr>124</ns3:hr>
          </ns3:TrackPointExtension>
        </extensions>
      </trkpt>
      <trkpt lat="46.561618633568286895751953125" lon="7.88532461039721965789794921875">
        <ele>1719</ele>
        <time>2025-08-24T11:41:09.000Z</time>
        <extensions>
          <ns3:TrackPointExtension>
            <ns3:hr>123</ns3:hr>
          </ns3:TrackPointExtension>
        </extensions>
      </trkpt>
      <trkpt lat="46.56160312704741954803466796875" lon="7.8853359259665012359619140625">
        <ele>1718.4000244140625</ele>
        <time>2025-08-24T11:41:10.000Z</time>
        <extensions>
          <ns3:TrackPointExtension>
            <ns3:hr>124</ns3:hr>
          </ns3:TrackPointExtension>
        </extensions>
      </trkpt>
      <trkpt lat="46.561588458716869354248046875" lon="7.8853449784219264984130859375">
        <ele>1717.800048828125</ele>
        <time>2025-08-24T11:41:11.000Z</time>
        <extensions>
          <ns3:TrackPointExtension>
            <ns3:hr>123</ns3:hr>
          </ns3:TrackPointExtension>
        </extensions>
      </trkpt>
      <trkpt lat="46.56153758056461811065673828125" lon="7.88537171669304370880126953125">
        <ele>1716.800048828125</ele>
        <time>2025-08-24T11:41:15.000Z</time>
        <extensions>
          <ns3:TrackPointExtension>
            <ns3:hr>124</ns3:hr>
          </ns3:TrackPointExtension>
        </extensions>
      </trkpt>
      <trkpt lat="46.5615044720470905303955078125" lon="7.8854130394756793975830078125">
        <ele>1715.5999755859375</ele>
        <time>2025-08-24T11:41:18.000Z</time>
        <extensions>
          <ns3:TrackPointExtension>
            <ns3:hr>125</ns3:hr>
          </ns3:TrackPointExtension>
        </extensions>
      </trkpt>
      <trkpt lat="46.561487205326557159423828125" lon="7.8854526020586490631103515625">
        <ele>1714.800048828125</ele>
        <time>2025-08-24T11:41:20.000Z</time>
        <extensions>
          <ns3:TrackPointExtension>
            <ns3:hr>125</ns3:hr>
          </ns3:TrackPointExtension>
        </extensions>
      </trkpt>
      <trkpt lat="46.561481170356273651123046875" lon="7.88547246716916561126708984375">
        <ele>1714.199951171875</ele>
        <time>2025-08-24T11:41:21.000Z</time>
        <extensions>
          <ns3:TrackPointExtension>
            <ns3:hr>125</ns3:hr>
          </ns3:TrackPointExtension>
        </extensions>
      </trkpt>
      <trkpt lat="46.5614823438227176666259765625" lon="7.88551152683794498443603515625">
        <ele>1713</ele>
        <time>2025-08-24T11:41:23.000Z</time>
        <extensions>
          <ns3:TrackPointExtension>
            <ns3:hr>126</ns3:hr>
          </ns3:TrackPointExtension>
        </extensions>
      </trkpt>
      <trkpt lat="46.5614799968898296356201171875" lon="7.8855961002409458160400390625">
        <ele>1712.199951171875</ele>
        <time>2025-08-24T11:41:26.000Z</time>
        <extensions>
          <ns3:TrackPointExtension>
            <ns3:hr>126</ns3:hr>
          </ns3:TrackPointExtension>
        </extensions>
      </trkpt>
      <trkpt lat="46.56148259527981281280517578125" lon="7.88561470806598663330078125">
        <ele>1712</ele>
        <time>2025-08-24T11:41:27.000Z</time>
        <extensions>
          <ns3:TrackPointExtension>
            <ns3:hr>126</ns3:hr>
          </ns3:TrackPointExtension>
        </extensions>
      </trkpt>
      <trkpt lat="46.5614934079349040985107421875" lon="7.88568151183426380157470703125">
        <ele>1711</ele>
        <time>2025-08-24T11:41:30.000Z</time>
        <extensions>
          <ns3:TrackPointExtension>
            <ns3:hr>123</ns3:hr>
          </ns3:TrackPointExtension>
        </extensions>
      </trkpt>
      <trkpt lat="46.56149969436228275299072265625" lon="7.88570347242057323455810546875">
        <ele>1710.800048828125</ele>
        <time>2025-08-24T11:41:31.000Z</time>
        <extensions>
          <ns3:TrackPointExtension>
            <ns3:hr>126</ns3:hr>
          </ns3:TrackPointExtension>
        </extensions>
      </trkpt>
      <trkpt lat="46.56150589697062969207763671875" lon="7.88572861813008785247802734375">
        <ele>1710.4000244140625</ele>
        <time>2025-08-24T11:41:32.000Z</time>
        <extensions>
          <ns3:TrackPointExtension>
            <ns3:hr>126</ns3:hr>
          </ns3:TrackPointExtension>
        </extensions>
      </trkpt>
      <trkpt lat="46.56150958500802516937255859375" lon="7.885766923427581787109375">
        <ele>1709.4000244140625</ele>
        <time>2025-08-24T11:41:34.000Z</time>
        <extensions>
          <ns3:TrackPointExtension>
            <ns3:hr>126</ns3:hr>
          </ns3:TrackPointExtension>
        </extensions>
      </trkpt>
      <trkpt lat="46.561520397663116455078125" lon="7.8858224116265773773193359375">
        <ele>1708.4000244140625</ele>
        <time>2025-08-24T11:41:37.000Z</time>
        <extensions>
          <ns3:TrackPointExtension>
            <ns3:hr>126</ns3:hr>
          </ns3:TrackPointExtension>
        </extensions>
      </trkpt>
      <trkpt lat="46.56153489835560321807861328125" lon="7.885919474065303802490234375">
        <ele>1707</ele>
        <time>2025-08-24T11:41:41.000Z</time>
        <extensions>
          <ns3:TrackPointExtension>
            <ns3:hr>125</ns3:hr>
          </ns3:TrackPointExtension>
        </extensions>
      </trkpt>
      <trkpt lat="46.5615500696003437042236328125" lon="7.886003293097019195556640625">
        <ele>1706</ele>
        <time>2025-08-24T11:41:45.000Z</time>
        <extensions>
          <ns3:TrackPointExtension>
            <ns3:hr>122</ns3:hr>
          </ns3:TrackPointExtension>
        </extensions>
      </trkpt>
      <trkpt lat="46.56155937351286411285400390625" lon="7.88607479073107242584228515625">
        <ele>1705</ele>
        <time>2025-08-24T11:41:48.000Z</time>
        <extensions>
          <ns3:TrackPointExtension>
            <ns3:hr>124</ns3:hr>
          </ns3:TrackPointExtension>
        </extensions>
      </trkpt>
      <trkpt lat="46.56155719421803951263427734375" lon="7.88611586205661296844482421875">
        <ele>1704.5999755859375</ele>
        <time>2025-08-24T11:41:50.000Z</time>
        <extensions>
          <ns3:TrackPointExtension>
            <ns3:hr>125</ns3:hr>
          </ns3:TrackPointExtension>
        </extensions>
      </trkpt>
      <trkpt lat="46.5615297853946685791015625" lon="7.88617738522589206695556640625">
        <ele>1703.5999755859375</ele>
        <time>2025-08-24T11:41:53.000Z</time>
        <extensions>
          <ns3:TrackPointExtension>
            <ns3:hr>126</ns3:hr>
          </ns3:TrackPointExtension>
        </extensions>
      </trkpt>
      <trkpt lat="46.561487875878810882568359375" lon="7.88622968830168247222900390625">
        <ele>1703</ele>
        <time>2025-08-24T11:41:56.000Z</time>
        <extensions>
          <ns3:TrackPointExtension>
            <ns3:hr>124</ns3:hr>
          </ns3:TrackPointExtension>
        </extensions>
      </trkpt>
      <trkpt lat="46.56146801076829433441162109375" lon="7.88624703884124755859375">
        <ele>1702.4000244140625</ele>
        <time>2025-08-24T11:41:58.000Z</time>
        <extensions>
          <ns3:TrackPointExtension>
            <ns3:hr>121</ns3:hr>
          </ns3:TrackPointExtension>
        </extensions>
      </trkpt>
      <trkpt lat="46.561450324952602386474609375" lon="7.88625533692538738250732421875">
        <ele>1702.199951171875</ele>
        <time>2025-08-24T11:42:00.000Z</time>
        <extensions>
          <ns3:TrackPointExtension>
            <ns3:hr>126</ns3:hr>
          </ns3:TrackPointExtension>
        </extensions>
      </trkpt>
      <trkpt lat="46.56143683008849620819091796875" lon="7.88626003079116344451904296875">
        <ele>1702</ele>
        <time>2025-08-24T11:42:01.000Z</time>
        <extensions>
          <ns3:TrackPointExtension>
            <ns3:hr>126</ns3:hr>
          </ns3:TrackPointExtension>
        </extensions>
      </trkpt>
      <trkpt lat="46.561423502862453460693359375" lon="7.88626405410468578338623046875">
        <ele>1702</ele>
        <time>2025-08-24T11:42:02.000Z</time>
        <extensions>
          <ns3:TrackPointExtension>
            <ns3:hr>125</ns3:hr>
          </ns3:TrackPointExtension>
        </extensions>
      </trkpt>
      <trkpt lat="46.561381928622722625732421875" lon="7.88627855479717254638671875">
        <ele>1701.199951171875</ele>
        <time>2025-08-24T11:42:05.000Z</time>
        <extensions>
          <ns3:TrackPointExtension>
            <ns3:hr>123</ns3:hr>
          </ns3:TrackPointExtension>
        </extensions>
      </trkpt>
      <trkpt lat="46.5613458864390850067138671875" lon="7.8862981684505939483642578125">
        <ele>1700</ele>
        <time>2025-08-24T11:42:08.000Z</time>
        <extensions>
          <ns3:TrackPointExtension>
            <ns3:hr>123</ns3:hr>
          </ns3:TrackPointExtension>
        </extensions>
      </trkpt>
      <trkpt lat="46.561324261128902435302734375" lon="7.8863105736672878265380859375">
        <ele>1699.4000244140625</ele>
        <time>2025-08-24T11:42:11.000Z</time>
        <extensions>
          <ns3:TrackPointExtension>
            <ns3:hr>122</ns3:hr>
          </ns3:TrackPointExtension>
        </extensions>
      </trkpt>
      <trkpt lat="46.56131747178733348846435546875" lon="7.8863072209060192108154296875">
        <ele>1699</ele>
        <time>2025-08-24T11:42:13.000Z</time>
        <extensions>
          <ns3:TrackPointExtension>
            <ns3:hr>123</ns3:hr>
          </ns3:TrackPointExtension>
        </extensions>
      </trkpt>
      <trkpt lat="46.56131428666412830352783203125" lon="7.88630713708698749542236328125">
        <ele>1698.800048828125</ele>
        <time>2025-08-24T11:42:14.000Z</time>
        <extensions>
          <ns3:TrackPointExtension>
            <ns3:hr>123</ns3:hr>
          </ns3:TrackPointExtension>
        </extensions>
      </trkpt>
      <trkpt lat="46.56130037270486354827880859375" lon="7.8863149322569370269775390625">
        <ele>1698.5999755859375</ele>
        <time>2025-08-24T11:42:16.000Z</time>
        <extensions>
          <ns3:TrackPointExtension>
            <ns3:hr>122</ns3:hr>
          </ns3:TrackPointExtension>
        </extensions>
      </trkpt>
      <trkpt lat="46.56129919923841953277587890625" lon="7.88632138632237911224365234375">
        <ele>1698.199951171875</ele>
        <time>2025-08-24T11:42:19.000Z</time>
        <extensions>
          <ns3:TrackPointExtension>
            <ns3:hr>122</ns3:hr>
          </ns3:TrackPointExtension>
        </extensions>
      </trkpt>
      <trkpt lat="46.5612892247736454010009765625" lon="7.8863387368619441986083984375">
        <ele>1698</ele>
        <time>2025-08-24T11:42:21.000Z</time>
        <extensions>
          <ns3:TrackPointExtension>
            <ns3:hr>123</ns3:hr>
          </ns3:TrackPointExtension>
        </extensions>
      </trkpt>
      <trkpt lat="46.561250500380992889404296875" lon="7.88641459308564662933349609375">
        <ele>1696.4000244140625</ele>
        <time>2025-08-24T11:42:26.000Z</time>
        <extensions>
          <ns3:TrackPointExtension>
            <ns3:hr>122</ns3:hr>
          </ns3:TrackPointExtension>
        </extensions>
      </trkpt>
      <trkpt lat="46.5612432919442653656005859375" lon="7.88643202744424343109130859375">
        <ele>1696</ele>
        <time>2025-08-24T11:42:27.000Z</time>
        <extensions>
          <ns3:TrackPointExtension>
            <ns3:hr>122</ns3:hr>
          </ns3:TrackPointExtension>
        </extensions>
      </trkpt>
      <trkpt lat="46.56120632775127887725830078125" lon="7.8864832408726215362548828125">
        <ele>1695.5999755859375</ele>
        <time>2025-08-24T11:42:30.000Z</time>
        <extensions>
          <ns3:TrackPointExtension>
            <ns3:hr>119</ns3:hr>
          </ns3:TrackPointExtension>
        </extensions>
      </trkpt>
      <trkpt lat="46.56119677238166332244873046875" lon="7.88650210015475749969482421875">
        <ele>1695.199951171875</ele>
        <time>2025-08-24T11:42:31.000Z</time>
        <extensions>
          <ns3:TrackPointExtension>
            <ns3:hr>118</ns3:hr>
          </ns3:TrackPointExtension>
        </extensions>
      </trkpt>
      <trkpt lat="46.56118302606046199798583984375" lon="7.886531017720699310302734375">
        <ele>1694</ele>
        <time>2025-08-24T11:42:33.000Z</time>
        <extensions>
          <ns3:TrackPointExtension>
            <ns3:hr>117</ns3:hr>
          </ns3:TrackPointExtension>
        </extensions>
      </trkpt>
      <trkpt lat="46.5611708723008632659912109375" lon="7.8865613602101802825927734375">
        <ele>1693.199951171875</ele>
        <time>2025-08-24T11:42:35.000Z</time>
        <extensions>
          <ns3:TrackPointExtension>
            <ns3:hr>116</ns3:hr>
          </ns3:TrackPointExtension>
        </extensions>
      </trkpt>
      <trkpt lat="46.5611638315021991729736328125" lon="7.88657854311168193817138671875">
        <ele>1693</ele>
        <time>2025-08-24T11:42:36.000Z</time>
        <extensions>
          <ns3:TrackPointExtension>
            <ns3:hr>115</ns3:hr>
          </ns3:TrackPointExtension>
        </extensions>
      </trkpt>
      <trkpt lat="46.5611386857926845550537109375" lon="7.88668147288262844085693359375">
        <ele>1691.800048828125</ele>
        <time>2025-08-24T11:42:40.000Z</time>
        <extensions>
          <ns3:TrackPointExtension>
            <ns3:hr>115</ns3:hr>
          </ns3:TrackPointExtension>
        </extensions>
      </trkpt>
      <trkpt lat="46.56112418510019779205322265625" lon="7.88673679344356060028076171875">
        <ele>1690.5999755859375</ele>
        <time>2025-08-24T11:42:42.000Z</time>
        <extensions>
          <ns3:TrackPointExtension>
            <ns3:hr>115</ns3:hr>
          </ns3:TrackPointExtension>
        </extensions>
      </trkpt>
      <trkpt lat="46.56111177988350391387939453125" lon="7.88677149452269077301025390625">
        <ele>1690.199951171875</ele>
        <time>2025-08-24T11:42:43.000Z</time>
        <extensions>
          <ns3:TrackPointExtension>
            <ns3:hr>115</ns3:hr>
          </ns3:TrackPointExtension>
        </extensions>
      </trkpt>
      <trkpt lat="46.5610900707542896270751953125" lon="7.88681474514305591583251953125">
        <ele>1689.199951171875</ele>
        <time>2025-08-24T11:42:45.000Z</time>
        <extensions>
          <ns3:TrackPointExtension>
            <ns3:hr>115</ns3:hr>
          </ns3:TrackPointExtension>
        </extensions>
      </trkpt>
      <trkpt lat="46.5610577166080474853515625" lon="7.886896468698978424072265625">
        <ele>1688</ele>
        <time>2025-08-24T11:42:48.000Z</time>
        <extensions>
          <ns3:TrackPointExtension>
            <ns3:hr>116</ns3:hr>
          </ns3:TrackPointExtension>
        </extensions>
      </trkpt>
      <trkpt lat="46.5610401146113872528076171875" lon="7.88695137016475200653076171875">
        <ele>1687</ele>
        <time>2025-08-24T11:42:50.000Z</time>
        <extensions>
          <ns3:TrackPointExtension>
            <ns3:hr>117</ns3:hr>
          </ns3:TrackPointExtension>
        </extensions>
      </trkpt>
      <trkpt lat="46.56101555563509464263916015625" lon="7.8870128095149993896484375">
        <ele>1685.800048828125</ele>
        <time>2025-08-24T11:42:52.000Z</time>
        <extensions>
          <ns3:TrackPointExtension>
            <ns3:hr>119</ns3:hr>
          </ns3:TrackPointExtension>
        </extensions>
      </trkpt>
      <trkpt lat="46.56099359504878520965576171875" lon="7.8870592452585697174072265625">
        <ele>1685.199951171875</ele>
        <time>2025-08-24T11:42:54.000Z</time>
        <extensions>
          <ns3:TrackPointExtension>
            <ns3:hr>123</ns3:hr>
          </ns3:TrackPointExtension>
        </extensions>
      </trkpt>
      <trkpt lat="46.56096811406314373016357421875" lon="7.8871035017073154449462890625">
        <ele>1684.4000244140625</ele>
        <time>2025-08-24T11:42:56.000Z</time>
        <extensions>
          <ns3:TrackPointExtension>
            <ns3:hr>128</ns3:hr>
          </ns3:TrackPointExtension>
        </extensions>
      </trkpt>
      <trkpt lat="46.5609328262507915496826171875" lon="7.887145578861236572265625">
        <ele>1683.800048828125</ele>
        <time>2025-08-24T11:42:58.000Z</time>
        <extensions>
          <ns3:TrackPointExtension>
            <ns3:hr>130</ns3:hr>
          </ns3:TrackPointExtension>
        </extensions>
      </trkpt>
      <trkpt lat="46.56092226505279541015625" lon="7.8871496021747589111328125">
        <ele>1683.4000244140625</ele>
        <time>2025-08-24T11:42:59.000Z</time>
        <extensions>
          <ns3:TrackPointExtension>
            <ns3:hr>133</ns3:hr>
          </ns3:TrackPointExtension>
        </extensions>
      </trkpt>
      <trkpt lat="46.56091916374862194061279296875" lon="7.887156307697296142578125">
        <ele>1683</ele>
        <time>2025-08-24T11:43:00.000Z</time>
        <extensions>
          <ns3:TrackPointExtension>
            <ns3:hr>131</ns3:hr>
          </ns3:TrackPointExtension>
        </extensions>
      </trkpt>
      <trkpt lat="46.56091757118701934814453125" lon="7.8871702216565608978271484375">
        <ele>1682.5999755859375</ele>
        <time>2025-08-24T11:43:01.000Z</time>
        <extensions>
          <ns3:TrackPointExtension>
            <ns3:hr>135</ns3:hr>
          </ns3:TrackPointExtension>
        </extensions>
      </trkpt>
      <trkpt lat="46.5609128773212432861328125" lon="7.8871853090822696685791015625">
        <ele>1682.4000244140625</ele>
        <time>2025-08-24T11:43:02.000Z</time>
        <extensions>
          <ns3:TrackPointExtension>
            <ns3:hr>134</ns3:hr>
          </ns3:TrackPointExtension>
        </extensions>
      </trkpt>
      <trkpt lat="46.56089066527783870697021484375" lon="7.88720919750630855560302734375">
        <ele>1682.199951171875</ele>
        <time>2025-08-24T11:43:04.000Z</time>
        <extensions>
          <ns3:TrackPointExtension>
            <ns3:hr>136</ns3:hr>
          </ns3:TrackPointExtension>
        </extensions>
      </trkpt>
      <trkpt lat="46.5608726441860198974609375" lon="7.88722361437976360321044921875">
        <ele>1682</ele>
        <time>2025-08-24T11:43:05.000Z</time>
        <extensions>
          <ns3:TrackPointExtension>
            <ns3:hr>139</ns3:hr>
          </ns3:TrackPointExtension>
        </extensions>
      </trkpt>
      <trkpt lat="46.5608154796063899993896484375" lon="7.887252531945705413818359375">
        <ele>1681</ele>
        <time>2025-08-24T11:43:09.000Z</time>
        <extensions>
          <ns3:TrackPointExtension>
            <ns3:hr>138</ns3:hr>
          </ns3:TrackPointExtension>
        </extensions>
      </trkpt>
      <trkpt lat="46.56079678796231746673583984375" lon="7.88725412450730800628662109375">
        <ele>1679.800048828125</ele>
        <time>2025-08-24T11:43:11.000Z</time>
        <extensions>
          <ns3:TrackPointExtension>
            <ns3:hr>136</ns3:hr>
          </ns3:TrackPointExtension>
        </extensions>
      </trkpt>
      <trkpt lat="46.56077365390956401824951171875" lon="7.8872624225914478302001953125">
        <ele>1679</ele>
        <time>2025-08-24T11:43:14.000Z</time>
        <extensions>
          <ns3:TrackPointExtension>
            <ns3:hr>137</ns3:hr>
          </ns3:TrackPointExtension>
        </extensions>
      </trkpt>
      <trkpt lat="46.560769714415073394775390625" lon="7.88725848309695720672607421875">
        <ele>1678.800048828125</ele>
        <time>2025-08-24T11:43:15.000Z</time>
        <extensions>
          <ns3:TrackPointExtension>
            <ns3:hr>136</ns3:hr>
          </ns3:TrackPointExtension>
        </extensions>
      </trkpt>
      <trkpt lat="46.56076342798769474029541015625" lon="7.88726384751498699188232421875">
        <ele>1678.5999755859375</ele>
        <time>2025-08-24T11:43:16.000Z</time>
        <extensions>
          <ns3:TrackPointExtension>
            <ns3:hr>135</ns3:hr>
          </ns3:TrackPointExtension>
        </extensions>
      </trkpt>
      <trkpt lat="46.560734845697879791259765625" lon="7.8872718103229999542236328125">
        <ele>1677.800048828125</ele>
        <time>2025-08-24T11:43:20.000Z</time>
        <extensions>
          <ns3:TrackPointExtension>
            <ns3:hr>135</ns3:hr>
          </ns3:TrackPointExtension>
        </extensions>
      </trkpt>
      <trkpt lat="46.56072453595697879791259765625" lon="7.8872768394649028778076171875">
        <ele>1677.5999755859375</ele>
        <time>2025-08-24T11:43:21.000Z</time>
        <extensions>
          <ns3:TrackPointExtension>
            <ns3:hr>136</ns3:hr>
          </ns3:TrackPointExtension>
        </extensions>
      </trkpt>
      <trkpt lat="46.56069385819137096405029296875" lon="7.8873063437640666961669921875">
        <ele>1676.5999755859375</ele>
        <time>2025-08-24T11:43:26.000Z</time>
        <extensions>
          <ns3:TrackPointExtension>
            <ns3:hr>138</ns3:hr>
          </ns3:TrackPointExtension>
        </extensions>
      </trkpt>
      <trkpt lat="46.5606887452304363250732421875" lon="7.8873361833393573760986328125">
        <ele>1675.800048828125</ele>
        <time>2025-08-24T11:43:28.000Z</time>
        <extensions>
          <ns3:TrackPointExtension>
            <ns3:hr>139</ns3:hr>
          </ns3:TrackPointExtension>
        </extensions>
      </trkpt>
      <trkpt lat="46.5606840513646602630615234375" lon="7.8873613290488719940185546875">
        <ele>1675.199951171875</ele>
        <time>2025-08-24T11:43:30.000Z</time>
        <extensions>
          <ns3:TrackPointExtension>
            <ns3:hr>139</ns3:hr>
          </ns3:TrackPointExtension>
        </extensions>
      </trkpt>
      <trkpt lat="46.560691259801387786865234375" lon="7.88743684999644756317138671875">
        <ele>1674.5999755859375</ele>
        <time>2025-08-24T11:43:35.000Z</time>
        <extensions>
          <ns3:TrackPointExtension>
            <ns3:hr>141</ns3:hr>
          </ns3:TrackPointExtension>
        </extensions>
      </trkpt>
      <trkpt lat="46.560686565935611724853515625" lon="7.8874572180211544036865234375">
        <ele>1674.199951171875</ele>
        <time>2025-08-24T11:43:36.000Z</time>
        <extensions>
          <ns3:TrackPointExtension>
            <ns3:hr>142</ns3:hr>
          </ns3:TrackPointExtension>
        </extensions>
      </trkpt>
      <trkpt lat="46.560687907040119171142578125" lon="7.88747079670429229736328125">
        <ele>1674</ele>
        <time>2025-08-24T11:43:37.000Z</time>
        <extensions>
          <ns3:TrackPointExtension>
            <ns3:hr>142</ns3:hr>
          </ns3:TrackPointExtension>
        </extensions>
      </trkpt>
      <trkpt lat="46.56068262644112110137939453125" lon="7.88754128850996494293212890625">
        <ele>1673</ele>
        <time>2025-08-24T11:43:41.000Z</time>
        <extensions>
          <ns3:TrackPointExtension>
            <ns3:hr>139</ns3:hr>
          </ns3:TrackPointExtension>
        </extensions>
      </trkpt>
      <trkpt lat="46.56068564392626285552978515625" lon="7.887556292116641998291015625">
        <ele>1672.800048828125</ele>
        <time>2025-08-24T11:43:42.000Z</time>
        <extensions>
          <ns3:TrackPointExtension>
            <ns3:hr>139</ns3:hr>
          </ns3:TrackPointExtension>
        </extensions>
      </trkpt>
      <trkpt lat="46.56069855205714702606201171875" lon="7.8876141272485256195068359375">
        <ele>1672.199951171875</ele>
        <time>2025-08-24T11:43:45.000Z</time>
        <extensions>
          <ns3:TrackPointExtension>
            <ns3:hr>136</ns3:hr>
          </ns3:TrackPointExtension>
        </extensions>
      </trkpt>
      <trkpt lat="46.56070031225681304931640625" lon="7.8876332379877567291259765625">
        <ele>1671.800048828125</ele>
        <time>2025-08-24T11:43:46.000Z</time>
        <extensions>
          <ns3:TrackPointExtension>
            <ns3:hr>137</ns3:hr>
          </ns3:TrackPointExtension>
        </extensions>
      </trkpt>
      <trkpt lat="46.560705006122589111328125" lon="7.88769233040511608123779296875">
        <ele>1670.5999755859375</ele>
        <time>2025-08-24T11:43:49.000Z</time>
        <extensions>
          <ns3:TrackPointExtension>
            <ns3:hr>135</ns3:hr>
          </ns3:TrackPointExtension>
        </extensions>
      </trkpt>
      <trkpt lat="46.56069151125848293304443359375" lon="7.88776039145886898040771484375">
        <ele>1669.4000244140625</ele>
        <time>2025-08-24T11:43:52.000Z</time>
        <extensions>
          <ns3:TrackPointExtension>
            <ns3:hr>133</ns3:hr>
          </ns3:TrackPointExtension>
        </extensions>
      </trkpt>
      <trkpt lat="46.5606351010501384735107421875" lon="7.887791655957698822021484375">
        <ele>1668.4000244140625</ele>
        <time>2025-08-24T11:43:55.000Z</time>
        <extensions>
          <ns3:TrackPointExtension>
            <ns3:hr>131</ns3:hr>
          </ns3:TrackPointExtension>
        </extensions>
      </trkpt>
      <trkpt lat="46.56058967113494873046875" lon="7.887799702584743499755859375">
        <ele>1667.199951171875</ele>
        <time>2025-08-24T11:43:57.000Z</time>
        <extensions>
          <ns3:TrackPointExtension>
            <ns3:hr>131</ns3:hr>
          </ns3:TrackPointExtension>
        </extensions>
      </trkpt>
      <trkpt lat="46.56055170111358165740966796875" lon="7.88781973533332347869873046875">
        <ele>1666</ele>
        <time>2025-08-24T11:43:59.000Z</time>
        <extensions>
          <ns3:TrackPointExtension>
            <ns3:hr>132</ns3:hr>
          </ns3:TrackPointExtension>
        </extensions>
      </trkpt>
      <trkpt lat="46.56051683239638805389404296875" lon="7.88786164484918117523193359375">
        <ele>1665</ele>
        <time>2025-08-24T11:44:01.000Z</time>
        <extensions>
          <ns3:TrackPointExtension>
            <ns3:hr>129</ns3:hr>
          </ns3:TrackPointExtension>
        </extensions>
      </trkpt>
      <trkpt lat="46.56050777994096279144287109375" lon="7.88788042031228542327880859375">
        <ele>1664.4000244140625</ele>
        <time>2025-08-24T11:44:02.000Z</time>
        <extensions>
          <ns3:TrackPointExtension>
            <ns3:hr>129</ns3:hr>
          </ns3:TrackPointExtension>
        </extensions>
      </trkpt>
      <trkpt lat="46.5604966320097446441650390625" lon="7.88790640421211719512939453125">
        <ele>1663.800048828125</ele>
        <time>2025-08-24T11:44:03.000Z</time>
        <extensions>
          <ns3:TrackPointExtension>
            <ns3:hr>129</ns3:hr>
          </ns3:TrackPointExtension>
        </extensions>
      </trkpt>
      <trkpt lat="46.56048749573528766632080078125" lon="7.8879328072071075439453125">
        <ele>1663.199951171875</ele>
        <time>2025-08-24T11:44:04.000Z</time>
        <extensions>
          <ns3:TrackPointExtension>
            <ns3:hr>129</ns3:hr>
          </ns3:TrackPointExtension>
        </extensions>
      </trkpt>
      <trkpt lat="46.56047240830957889556884765625" lon="7.887987792491912841796875">
        <ele>1662</ele>
        <time>2025-08-24T11:44:06.000Z</time>
        <extensions>
          <ns3:TrackPointExtension>
            <ns3:hr>130</ns3:hr>
          </ns3:TrackPointExtension>
        </extensions>
      </trkpt>
      <trkpt lat="46.5604597516357898712158203125" lon="7.888074629008769989013671875">
        <ele>1660.5999755859375</ele>
        <time>2025-08-24T11:44:09.000Z</time>
        <extensions>
          <ns3:TrackPointExtension>
            <ns3:hr>130</ns3:hr>
          </ns3:TrackPointExtension>
        </extensions>
      </trkpt>
      <trkpt lat="46.5604610927402973175048828125" lon="7.88812458515167236328125">
        <ele>1659.5999755859375</ele>
        <time>2025-08-24T11:44:11.000Z</time>
        <extensions>
          <ns3:TrackPointExtension>
            <ns3:hr>130</ns3:hr>
          </ns3:TrackPointExtension>
        </extensions>
      </trkpt>
      <trkpt lat="46.56046536751091480255126953125" lon="7.88821502588689327239990234375">
        <ele>1658.199951171875</ele>
        <time>2025-08-24T11:44:14.000Z</time>
        <extensions>
          <ns3:TrackPointExtension>
            <ns3:hr>129</ns3:hr>
          </ns3:TrackPointExtension>
        </extensions>
      </trkpt>
      <trkpt lat="46.5604795329272747039794921875" lon="7.8882692568004131317138671875">
        <ele>1657.4000244140625</ele>
        <time>2025-08-24T11:44:16.000Z</time>
        <extensions>
          <ns3:TrackPointExtension>
            <ns3:hr>132</ns3:hr>
          </ns3:TrackPointExtension>
        </extensions>
      </trkpt>
      <trkpt lat="46.56048665754497051239013671875" lon="7.88829448632895946502685546875">
        <ele>1656.5999755859375</ele>
        <time>2025-08-24T11:44:17.000Z</time>
        <extensions>
          <ns3:TrackPointExtension>
            <ns3:hr>134</ns3:hr>
          </ns3:TrackPointExtension>
        </extensions>
      </trkpt>
      <trkpt lat="46.56050057150423526763916015625" lon="7.8883785568177700042724609375">
        <ele>1655.199951171875</ele>
        <time>2025-08-24T11:44:20.000Z</time>
        <extensions>
          <ns3:TrackPointExtension>
            <ns3:hr>138</ns3:hr>
          </ns3:TrackPointExtension>
        </extensions>
      </trkpt>
      <trkpt lat="46.560482718050479888916015625" lon="7.88844804279506206512451171875">
        <ele>1654</ele>
        <time>2025-08-24T11:44:23.000Z</time>
        <extensions>
          <ns3:TrackPointExtension>
            <ns3:hr>138</ns3:hr>
          </ns3:TrackPointExtension>
        </extensions>
      </trkpt>
      <trkpt lat="46.56047366559505462646484375" lon="7.8884962387382984161376953125">
        <ele>1653</ele>
        <time>2025-08-24T11:44:25.000Z</time>
        <extensions>
          <ns3:TrackPointExtension>
            <ns3:hr>143</ns3:hr>
          </ns3:TrackPointExtension>
        </extensions>
      </trkpt>
      <trkpt lat="46.56046821735799312591552734375" lon="7.88855415768921375274658203125">
        <ele>1652</ele>
        <time>2025-08-24T11:44:27.000Z</time>
        <extensions>
          <ns3:TrackPointExtension>
            <ns3:hr>145</ns3:hr>
          </ns3:TrackPointExtension>
        </extensions>
      </trkpt>
      <trkpt lat="46.56045489013195037841796875" lon="7.8886142559349536895751953125">
        <ele>1650.800048828125</ele>
        <time>2025-08-24T11:44:29.000Z</time>
        <extensions>
          <ns3:TrackPointExtension>
            <ns3:hr>147</ns3:hr>
          </ns3:TrackPointExtension>
        </extensions>
      </trkpt>
      <trkpt lat="46.5604272298514842987060546875" lon="7.8886595182120800018310546875">
        <ele>1649.800048828125</ele>
        <time>2025-08-24T11:44:31.000Z</time>
        <extensions>
          <ns3:TrackPointExtension>
            <ns3:hr>149</ns3:hr>
          </ns3:TrackPointExtension>
        </extensions>
      </trkpt>
      <trkpt lat="46.56041373498737812042236328125" lon="7.88868315517902374267578125">
        <ele>1649.4000244140625</ele>
        <time>2025-08-24T11:44:32.000Z</time>
        <extensions>
          <ns3:TrackPointExtension>
            <ns3:hr>150</ns3:hr>
          </ns3:TrackPointExtension>
        </extensions>
      </trkpt>
      <trkpt lat="46.5603722445666790008544921875" lon="7.88873185403645038604736328125">
        <ele>1648.199951171875</ele>
        <time>2025-08-24T11:44:35.000Z</time>
        <extensions>
          <ns3:TrackPointExtension>
            <ns3:hr>152</ns3:hr>
          </ns3:TrackPointExtension>
        </extensions>
      </trkpt>
      <trkpt lat="46.560334526002407073974609375" lon="7.88875289261341094970703125">
        <ele>1646.5999755859375</ele>
        <time>2025-08-24T11:44:37.000Z</time>
        <extensions>
          <ns3:TrackPointExtension>
            <ns3:hr>153</ns3:hr>
          </ns3:TrackPointExtension>
        </extensions>
      </trkpt>
      <trkpt lat="46.56031399033963680267333984375" lon="7.8887601010501384735107421875">
        <ele>1646.199951171875</ele>
        <time>2025-08-24T11:44:38.000Z</time>
        <extensions>
          <ns3:TrackPointExtension>
            <ns3:hr>153</ns3:hr>
          </ns3:TrackPointExtension>
        </extensions>
      </trkpt>
      <trkpt lat="46.56029370613396167755126953125" lon="7.88876496255397796630859375">
        <ele>1645.5999755859375</ele>
        <time>2025-08-24T11:44:39.000Z</time>
        <extensions>
          <ns3:TrackPointExtension>
            <ns3:hr>155</ns3:hr>
          </ns3:TrackPointExtension>
        </extensions>
      </trkpt>
      <trkpt lat="46.56024165451526641845703125" lon="7.888768650591373443603515625">
        <ele>1644.199951171875</ele>
        <time>2025-08-24T11:44:42.000Z</time>
        <extensions>
          <ns3:TrackPointExtension>
            <ns3:hr>157</ns3:hr>
          </ns3:TrackPointExtension>
        </extensions>
      </trkpt>
      <trkpt lat="46.560209132730960845947265625" lon="7.88877007551491260528564453125">
        <ele>1643.199951171875</ele>
        <time>2025-08-24T11:44:44.000Z</time>
        <extensions>
          <ns3:TrackPointExtension>
            <ns3:hr>158</ns3:hr>
          </ns3:TrackPointExtension>
        </extensions>
      </trkpt>
      <trkpt lat="46.56016923487186431884765625" lon="7.88876504637300968170166015625">
        <ele>1642</ele>
        <time>2025-08-24T11:44:47.000Z</time>
        <extensions>
          <ns3:TrackPointExtension>
            <ns3:hr>161</ns3:hr>
          </ns3:TrackPointExtension>
        </extensions>
      </trkpt>
      <trkpt lat="46.56015993095934391021728515625" lon="7.88876823149621486663818359375">
        <ele>1641.5999755859375</ele>
        <time>2025-08-24T11:44:48.000Z</time>
        <extensions>
          <ns3:TrackPointExtension>
            <ns3:hr>162</ns3:hr>
          </ns3:TrackPointExtension>
        </extensions>
      </trkpt>
      <trkpt lat="46.56012807972729206085205078125" lon="7.88875565864145755767822265625">
        <ele>1640.800048828125</ele>
        <time>2025-08-24T11:44:52.000Z</time>
        <extensions>
          <ns3:TrackPointExtension>
            <ns3:hr>164</ns3:hr>
          </ns3:TrackPointExtension>
        </extensions>
      </trkpt>
      <trkpt lat="46.56011022627353668212890625" lon="7.888762950897216796875">
        <ele>1640.4000244140625</ele>
        <time>2025-08-24T11:44:54.000Z</time>
        <extensions>
          <ns3:TrackPointExtension>
            <ns3:hr>164</ns3:hr>
          </ns3:TrackPointExtension>
        </extensions>
      </trkpt>
      <trkpt lat="46.56009991653263568878173828125" lon="7.88876789622008800506591796875">
        <ele>1640.199951171875</ele>
        <time>2025-08-24T11:44:57.000Z</time>
        <extensions>
          <ns3:TrackPointExtension>
            <ns3:hr>162</ns3:hr>
          </ns3:TrackPointExtension>
        </extensions>
      </trkpt>
      <trkpt lat="46.56009874306619167327880859375" lon="7.88877300918102264404296875">
        <ele>1640.199951171875</ele>
        <time>2025-08-24T11:44:59.000Z</time>
        <extensions>
          <ns3:TrackPointExtension>
            <ns3:hr>161</ns3:hr>
          </ns3:TrackPointExtension>
        </extensions>
      </trkpt>
      <trkpt lat="46.560099832713603973388671875" lon="7.88879421539604663848876953125">
        <ele>1640.199951171875</ele>
        <time>2025-08-24T11:45:01.000Z</time>
        <extensions>
          <ns3:TrackPointExtension>
            <ns3:hr>159</ns3:hr>
          </ns3:TrackPointExtension>
        </extensions>
      </trkpt>
      <trkpt lat="46.5600989945232868194580078125" lon="7.88879974745213985443115234375">
        <ele>1640.199951171875</ele>
        <time>2025-08-24T11:45:02.000Z</time>
        <extensions>
          <ns3:TrackPointExtension>
            <ns3:hr>158</ns3:hr>
          </ns3:TrackPointExtension>
        </extensions>
      </trkpt>
      <trkpt lat="46.5600996650755405426025390625" lon="7.888798154890537261962890625">
        <ele>1640.199951171875</ele>
        <time>2025-08-24T11:45:07.000Z</time>
        <extensions>
          <ns3:TrackPointExtension>
            <ns3:hr>155</ns3:hr>
          </ns3:TrackPointExtension>
        </extensions>
      </trkpt>
      <trkpt lat="46.56009824015200138092041015625" lon="7.88880142383277416229248046875">
        <ele>1640.199951171875</ele>
        <time>2025-08-24T11:45:12.000Z</time>
        <extensions>
          <ns3:TrackPointExtension>
            <ns3:hr>153</ns3:hr>
          </ns3:TrackPointExtension>
        </extensions>
      </trkpt>
      <trkpt lat="46.56008969061076641082763671875" lon="7.88883293978869915008544921875">
        <ele>1639.4000244140625</ele>
        <time>2025-08-24T11:45:17.000Z</time>
        <extensions>
          <ns3:TrackPointExtension>
            <ns3:hr>152</ns3:hr>
          </ns3:TrackPointExtension>
        </extensions>
      </trkpt>
      <trkpt lat="46.56007929705083370208740234375" lon="7.88889178074896335601806640625">
        <ele>1638.5999755859375</ele>
        <time>2025-08-24T11:45:19.000Z</time>
        <extensions>
          <ns3:TrackPointExtension>
            <ns3:hr>153</ns3:hr>
          </ns3:TrackPointExtension>
        </extensions>
      </trkpt>
      <trkpt lat="46.56007577665150165557861328125" lon="7.8889203630387783050537109375">
        <ele>1638.4000244140625</ele>
        <time>2025-08-24T11:45:20.000Z</time>
        <extensions>
          <ns3:TrackPointExtension>
            <ns3:hr>155</ns3:hr>
          </ns3:TrackPointExtension>
        </extensions>
      </trkpt>
      <trkpt lat="46.5600735135376453399658203125" lon="7.88902203552424907684326171875">
        <ele>1637</ele>
        <time>2025-08-24T11:45:23.000Z</time>
        <extensions>
          <ns3:TrackPointExtension>
            <ns3:hr>154</ns3:hr>
          </ns3:TrackPointExtension>
        </extensions>
      </trkpt>
      <trkpt lat="46.5600785426795482635498046875" lon="7.88911021314561367034912109375">
        <ele>1635.4000244140625</ele>
        <time>2025-08-24T11:45:26.000Z</time>
        <extensions>
          <ns3:TrackPointExtension>
            <ns3:hr>153</ns3:hr>
          </ns3:TrackPointExtension>
        </extensions>
      </trkpt>
      <trkpt lat="46.56008231453597545623779296875" lon="7.88916083984076976776123046875">
        <ele>1634</ele>
        <time>2025-08-24T11:45:28.000Z</time>
        <extensions>
          <ns3:TrackPointExtension>
            <ns3:hr>152</ns3:hr>
          </ns3:TrackPointExtension>
        </extensions>
      </trkpt>
      <trkpt lat="46.56009689904749393463134765625" lon="7.88920819759368896484375">
        <ele>1632.800048828125</ele>
        <time>2025-08-24T11:45:30.000Z</time>
        <extensions>
          <ns3:TrackPointExtension>
            <ns3:hr>151</ns3:hr>
          </ns3:TrackPointExtension>
        </extensions>
      </trkpt>
      <trkpt lat="46.56010209582746028900146484375" lon="7.8892846405506134033203125">
        <ele>1631.5999755859375</ele>
        <time>2025-08-24T11:45:33.000Z</time>
        <extensions>
          <ns3:TrackPointExtension>
            <ns3:hr>151</ns3:hr>
          </ns3:TrackPointExtension>
        </extensions>
      </trkpt>
      <trkpt lat="46.56009455211460590362548828125" lon="7.8893101215362548828125">
        <ele>1631.4000244140625</ele>
        <time>2025-08-24T11:45:34.000Z</time>
        <extensions>
          <ns3:TrackPointExtension>
            <ns3:hr>152</ns3:hr>
          </ns3:TrackPointExtension>
        </extensions>
      </trkpt>
      <trkpt lat="46.5600694902241230010986328125" lon="7.889350019395351409912109375">
        <ele>1630.4000244140625</ele>
        <time>2025-08-24T11:45:36.000Z</time>
        <extensions>
          <ns3:TrackPointExtension>
            <ns3:hr>152</ns3:hr>
          </ns3:TrackPointExtension>
        </extensions>
      </trkpt>
      <trkpt lat="46.56001492403447628021240234375" lon="7.88939402438700199127197265625">
        <ele>1629.199951171875</ele>
        <time>2025-08-24T11:45:39.000Z</time>
        <extensions>
          <ns3:TrackPointExtension>
            <ns3:hr>153</ns3:hr>
          </ns3:TrackPointExtension>
        </extensions>
      </trkpt>
      <trkpt lat="46.5599964000284671783447265625" lon="7.88940995000302791595458984375">
        <ele>1628.4000244140625</ele>
        <time>2025-08-24T11:45:40.000Z</time>
        <extensions>
          <ns3:TrackPointExtension>
            <ns3:hr>153</ns3:hr>
          </ns3:TrackPointExtension>
        </extensions>
      </trkpt>
      <trkpt lat="46.5599779598414897918701171875" lon="7.88942738436162471771240234375">
        <ele>1628</ele>
        <time>2025-08-24T11:45:41.000Z</time>
        <extensions>
          <ns3:TrackPointExtension>
            <ns3:hr>153</ns3:hr>
          </ns3:TrackPointExtension>
        </extensions>
      </trkpt>
      <trkpt lat="46.55993060208857059478759765625" lon="7.8894940204918384552001953125">
        <ele>1626.5999755859375</ele>
        <time>2025-08-24T11:45:45.000Z</time>
        <extensions>
          <ns3:TrackPointExtension>
            <ns3:hr>153</ns3:hr>
          </ns3:TrackPointExtension>
        </extensions>
      </trkpt>
      <trkpt lat="46.5599263273179531097412109375" lon="7.88951304741203784942626953125">
        <ele>1626.199951171875</ele>
        <time>2025-08-24T11:45:46.000Z</time>
        <extensions>
          <ns3:TrackPointExtension>
            <ns3:hr>153</ns3:hr>
          </ns3:TrackPointExtension>
        </extensions>
      </trkpt>
      <trkpt lat="46.55990369617938995361328125" lon="7.889594100415706634521484375">
        <ele>1625.199951171875</ele>
        <time>2025-08-24T11:45:50.000Z</time>
        <extensions>
          <ns3:TrackPointExtension>
            <ns3:hr>151</ns3:hr>
          </ns3:TrackPointExtension>
        </extensions>
      </trkpt>
      <trkpt lat="46.5598802268505096435546875" lon="7.8896512649953365325927734375">
        <ele>1623.800048828125</ele>
        <time>2025-08-24T11:45:53.000Z</time>
        <extensions>
          <ns3:TrackPointExtension>
            <ns3:hr>153</ns3:hr>
          </ns3:TrackPointExtension>
        </extensions>
      </trkpt>
      <trkpt lat="46.5598710067570209503173828125" lon="7.8897096030414104461669921875">
        <ele>1622.5999755859375</ele>
        <time>2025-08-24T11:45:56.000Z</time>
        <extensions>
          <ns3:TrackPointExtension>
            <ns3:hr>153</ns3:hr>
          </ns3:TrackPointExtension>
        </extensions>
      </trkpt>
      <trkpt lat="46.55988299287855625152587890625" lon="7.8897810168564319610595703125">
        <ele>1621.4000244140625</ele>
        <time>2025-08-24T11:46:00.000Z</time>
        <extensions>
          <ns3:TrackPointExtension>
            <ns3:hr>152</ns3:hr>
          </ns3:TrackPointExtension>
        </extensions>
      </trkpt>
      <trkpt lat="46.55988936312496662139892578125" lon="7.88980356417596340179443359375">
        <ele>1621.199951171875</ele>
        <time>2025-08-24T11:46:01.000Z</time>
        <extensions>
          <ns3:TrackPointExtension>
            <ns3:hr>152</ns3:hr>
          </ns3:TrackPointExtension>
        </extensions>
      </trkpt>
      <trkpt lat="46.55992448329925537109375" lon="7.88985737599432468414306640625">
        <ele>1620.4000244140625</ele>
        <time>2025-08-24T11:46:05.000Z</time>
        <extensions>
          <ns3:TrackPointExtension>
            <ns3:hr>151</ns3:hr>
          </ns3:TrackPointExtension>
        </extensions>
      </trkpt>
      <trkpt lat="46.55997603200376033782958984375" lon="7.88987673819065093994140625">
        <ele>1619.800048828125</ele>
        <time>2025-08-24T11:46:08.000Z</time>
        <extensions>
          <ns3:TrackPointExtension>
            <ns3:hr>149</ns3:hr>
          </ns3:TrackPointExtension>
        </extensions>
      </trkpt>
      <trkpt lat="46.560020036995410919189453125" lon="7.889879755675792694091796875">
        <ele>1619.4000244140625</ele>
        <time>2025-08-24T11:46:11.000Z</time>
        <extensions>
          <ns3:TrackPointExtension>
            <ns3:hr>146</ns3:hr>
          </ns3:TrackPointExtension>
        </extensions>
      </trkpt>
      <trkpt lat="46.56006236560642719268798828125" lon="7.88988285697996616363525390625">
        <ele>1617.800048828125</ele>
        <time>2025-08-24T11:46:14.000Z</time>
        <extensions>
          <ns3:TrackPointExtension>
            <ns3:hr>145</ns3:hr>
          </ns3:TrackPointExtension>
        </extensions>
      </trkpt>
      <trkpt lat="46.56012439168989658355712890625" lon="7.88987933658063411712646484375">
        <ele>1617</ele>
        <time>2025-08-24T11:46:17.000Z</time>
        <extensions>
          <ns3:TrackPointExtension>
            <ns3:hr>144</ns3:hr>
          </ns3:TrackPointExtension>
        </extensions>
      </trkpt>
      <trkpt lat="46.5601398982107639312744140625" lon="7.889885120093822479248046875">
        <ele>1616.5999755859375</ele>
        <time>2025-08-24T11:46:18.000Z</time>
        <extensions>
          <ns3:TrackPointExtension>
            <ns3:hr>144</ns3:hr>
          </ns3:TrackPointExtension>
        </extensions>
      </trkpt>
      <trkpt lat="46.56016697175800800323486328125" lon="7.8899144567549228668212890625">
        <ele>1616.199951171875</ele>
        <time>2025-08-24T11:46:20.000Z</time>
        <extensions>
          <ns3:TrackPointExtension>
            <ns3:hr>144</ns3:hr>
          </ns3:TrackPointExtension>
        </extensions>
      </trkpt>
      <trkpt lat="46.56017971225082874298095703125" lon="7.8899865411221981048583984375">
        <ele>1615.800048828125</ele>
        <time>2025-08-24T11:46:23.000Z</time>
        <extensions>
          <ns3:TrackPointExtension>
            <ns3:hr>143</ns3:hr>
          </ns3:TrackPointExtension>
        </extensions>
      </trkpt>
      <trkpt lat="46.5601645410060882568359375" lon="7.89002769626677036285400390625">
        <ele>1615.199951171875</ele>
        <time>2025-08-24T11:46:25.000Z</time>
        <extensions>
          <ns3:TrackPointExtension>
            <ns3:hr>143</ns3:hr>
          </ns3:TrackPointExtension>
        </extensions>
      </trkpt>
      <trkpt lat="46.56013143248856067657470703125" lon="7.89005518890917301177978515625">
        <ele>1614.199951171875</ele>
        <time>2025-08-24T11:46:27.000Z</time>
        <extensions>
          <ns3:TrackPointExtension>
            <ns3:hr>143</ns3:hr>
          </ns3:TrackPointExtension>
        </extensions>
      </trkpt>
      <trkpt lat="46.56010930426418781280517578125" lon="7.89006189443171024322509765625">
        <ele>1614</ele>
        <time>2025-08-24T11:46:28.000Z</time>
        <extensions>
          <ns3:TrackPointExtension>
            <ns3:hr>143</ns3:hr>
          </ns3:TrackPointExtension>
        </extensions>
      </trkpt>
      <trkpt lat="46.56004182994365692138671875" lon="7.8900787420570850372314453125">
        <ele>1613</ele>
        <time>2025-08-24T11:46:32.000Z</time>
        <extensions>
          <ns3:TrackPointExtension>
            <ns3:hr>143</ns3:hr>
          </ns3:TrackPointExtension>
        </extensions>
      </trkpt>
      <trkpt lat="46.56003177165985107421875" lon="7.8900874592363834381103515625">
        <ele>1612.5999755859375</ele>
        <time>2025-08-24T11:46:33.000Z</time>
        <extensions>
          <ns3:TrackPointExtension>
            <ns3:hr>142</ns3:hr>
          </ns3:TrackPointExtension>
        </extensions>
      </trkpt>
      <trkpt lat="46.56000805087387561798095703125" lon="7.890106737613677978515625">
        <ele>1612</ele>
        <time>2025-08-24T11:46:35.000Z</time>
        <extensions>
          <ns3:TrackPointExtension>
            <ns3:hr>142</ns3:hr>
          </ns3:TrackPointExtension>
        </extensions>
      </trkpt>
      <trkpt lat="46.55999028123915195465087890625" lon="7.8901692666113376617431640625">
        <ele>1610.5999755859375</ele>
        <time>2025-08-24T11:46:38.000Z</time>
        <extensions>
          <ns3:TrackPointExtension>
            <ns3:hr>141</ns3:hr>
          </ns3:TrackPointExtension>
        </extensions>
      </trkpt>
      <trkpt lat="46.5599893592298030853271484375" lon="7.89021469652652740478515625">
        <ele>1609.5999755859375</ele>
        <time>2025-08-24T11:46:40.000Z</time>
        <extensions>
          <ns3:TrackPointExtension>
            <ns3:hr>140</ns3:hr>
          </ns3:TrackPointExtension>
        </extensions>
      </trkpt>
      <trkpt lat="46.55998793430626392364501953125" lon="7.8902467153966426849365234375">
        <ele>1609</ele>
        <time>2025-08-24T11:46:41.000Z</time>
        <extensions>
          <ns3:TrackPointExtension>
            <ns3:hr>140</ns3:hr>
          </ns3:TrackPointExtension>
        </extensions>
      </trkpt>
      <trkpt lat="46.55998642556369304656982421875" lon="7.8903452865779399871826171875">
        <ele>1607.5999755859375</ele>
        <time>2025-08-24T11:46:44.000Z</time>
        <extensions>
          <ns3:TrackPointExtension>
            <ns3:hr>138</ns3:hr>
          </ns3:TrackPointExtension>
        </extensions>
      </trkpt>
      <trkpt lat="46.55997904948890209197998046875" lon="7.8904220648109912872314453125">
        <ele>1606</ele>
        <time>2025-08-24T11:46:47.000Z</time>
        <extensions>
          <ns3:TrackPointExtension>
            <ns3:hr>136</ns3:hr>
          </ns3:TrackPointExtension>
        </extensions>
      </trkpt>
      <trkpt lat="46.5599759481847286224365234375" lon="7.8904462046921253204345703125">
        <ele>1605.5999755859375</ele>
        <time>2025-08-24T11:46:48.000Z</time>
        <extensions>
          <ns3:TrackPointExtension>
            <ns3:hr>136</ns3:hr>
          </ns3:TrackPointExtension>
        </extensions>
      </trkpt>
      <trkpt lat="46.55996161513030529022216796875" lon="7.89052960462868213653564453125">
        <ele>1604.800048828125</ele>
        <time>2025-08-24T11:46:51.000Z</time>
        <extensions>
          <ns3:TrackPointExtension>
            <ns3:hr>136</ns3:hr>
          </ns3:TrackPointExtension>
        </extensions>
      </trkpt>
      <trkpt lat="46.55995708890259265899658203125" lon="7.890562713146209716796875">
        <ele>1604.5999755859375</ele>
        <time>2025-08-24T11:46:52.000Z</time>
        <extensions>
          <ns3:TrackPointExtension>
            <ns3:hr>133</ns3:hr>
          </ns3:TrackPointExtension>
        </extensions>
      </trkpt>
      <trkpt lat="46.55995474196970462799072265625" lon="7.89059397764503955841064453125">
        <ele>1603.800048828125</ele>
        <time>2025-08-24T11:46:53.000Z</time>
        <extensions>
          <ns3:TrackPointExtension>
            <ns3:hr>134</ns3:hr>
          </ns3:TrackPointExtension>
        </extensions>
      </trkpt>
      <trkpt lat="46.55994066037237644195556640625" lon="7.89065432734787464141845703125">
        <ele>1602.4000244140625</ele>
        <time>2025-08-24T11:46:55.000Z</time>
        <extensions>
          <ns3:TrackPointExtension>
            <ns3:hr>135</ns3:hr>
          </ns3:TrackPointExtension>
        </extensions>
      </trkpt>
      <trkpt lat="46.5599316917359828948974609375" lon="7.890679724514484405517578125">
        <ele>1601.5999755859375</ele>
        <time>2025-08-24T11:46:56.000Z</time>
        <extensions>
          <ns3:TrackPointExtension>
            <ns3:hr>137</ns3:hr>
          </ns3:TrackPointExtension>
        </extensions>
      </trkpt>
      <trkpt lat="46.55992624349892139434814453125" lon="7.8907050378620624542236328125">
        <ele>1601</ele>
        <time>2025-08-24T11:46:57.000Z</time>
        <extensions>
          <ns3:TrackPointExtension>
            <ns3:hr>138</ns3:hr>
          </ns3:TrackPointExtension>
        </extensions>
      </trkpt>
      <trkpt lat="46.55991484411060810089111328125" lon="7.89076429791748523712158203125">
        <ele>1600</ele>
        <time>2025-08-24T11:46:59.000Z</time>
        <extensions>
          <ns3:TrackPointExtension>
            <ns3:hr>143</ns3:hr>
          </ns3:TrackPointExtension>
        </extensions>
      </trkpt>
      <trkpt lat="46.559910736978054046630859375" lon="7.89079497568309307098388671875">
        <ele>1599.199951171875</ele>
        <time>2025-08-24T11:47:00.000Z</time>
        <extensions>
          <ns3:TrackPointExtension>
            <ns3:hr>143</ns3:hr>
          </ns3:TrackPointExtension>
        </extensions>
      </trkpt>
      <trkpt lat="46.5599072165787220001220703125" lon="7.890824563801288604736328125">
        <ele>1598.5999755859375</ele>
        <time>2025-08-24T11:47:01.000Z</time>
        <extensions>
          <ns3:TrackPointExtension>
            <ns3:hr>145</ns3:hr>
          </ns3:TrackPointExtension>
        </extensions>
      </trkpt>
      <trkpt lat="46.5598787181079387664794921875" lon="7.890878878533840179443359375">
        <ele>1597.4000244140625</ele>
        <time>2025-08-24T11:47:03.000Z</time>
        <extensions>
          <ns3:TrackPointExtension>
            <ns3:hr>147</ns3:hr>
          </ns3:TrackPointExtension>
        </extensions>
      </trkpt>
      <trkpt lat="46.55986723490059375762939453125" lon="7.89090679027140140533447265625">
        <ele>1597.199951171875</ele>
        <time>2025-08-24T11:47:04.000Z</time>
        <extensions>
          <ns3:TrackPointExtension>
            <ns3:hr>151</ns3:hr>
          </ns3:TrackPointExtension>
        </extensions>
      </trkpt>
      <trkpt lat="46.559841670095920562744140625" lon="7.89096646942198276519775390625">
        <ele>1596.4000244140625</ele>
        <time>2025-08-24T11:47:06.000Z</time>
        <extensions>
          <ns3:TrackPointExtension>
            <ns3:hr>155</ns3:hr>
          </ns3:TrackPointExtension>
        </extensions>
      </trkpt>
      <trkpt lat="46.55982431955635547637939453125" lon="7.8910481929779052734375">
        <ele>1595.800048828125</ele>
        <time>2025-08-24T11:47:09.000Z</time>
        <extensions>
          <ns3:TrackPointExtension>
            <ns3:hr>158</ns3:hr>
          </ns3:TrackPointExtension>
        </extensions>
      </trkpt>
      <trkpt lat="46.55981325544416904449462890625" lon="7.8911197744309902191162109375">
        <ele>1595</ele>
        <time>2025-08-24T11:47:11.000Z</time>
        <extensions>
          <ns3:TrackPointExtension>
            <ns3:hr>159</ns3:hr>
          </ns3:TrackPointExtension>
        </extensions>
      </trkpt>
      <trkpt lat="46.55977721326053142547607421875" lon="7.89121356792747974395751953125">
        <ele>1593.199951171875</ele>
        <time>2025-08-24T11:47:14.000Z</time>
        <extensions>
          <ns3:TrackPointExtension>
            <ns3:hr>160</ns3:hr>
          </ns3:TrackPointExtension>
        </extensions>
      </trkpt>
      <trkpt lat="46.55976631678640842437744140625" lon="7.8912414796650409698486328125">
        <ele>1592.5999755859375</ele>
        <time>2025-08-24T11:47:15.000Z</time>
        <extensions>
          <ns3:TrackPointExtension>
            <ns3:hr>160</ns3:hr>
          </ns3:TrackPointExtension>
        </extensions>
      </trkpt>
      <trkpt lat="46.55975759960711002349853515625" lon="7.89127207361161708831787109375">
        <ele>1592</ele>
        <time>2025-08-24T11:47:16.000Z</time>
        <extensions>
          <ns3:TrackPointExtension>
            <ns3:hr>160</ns3:hr>
          </ns3:TrackPointExtension>
        </extensions>
      </trkpt>
      <trkpt lat="46.55974335037171840667724609375" lon="7.8913593292236328125">
        <ele>1591</ele>
        <time>2025-08-24T11:47:19.000Z</time>
        <extensions>
          <ns3:TrackPointExtension>
            <ns3:hr>160</ns3:hr>
          </ns3:TrackPointExtension>
        </extensions>
      </trkpt>
      <trkpt lat="46.55972574837505817413330078125" lon="7.89145882241427898406982421875">
        <ele>1589.800048828125</ele>
        <time>2025-08-24T11:47:22.000Z</time>
        <extensions>
          <ns3:TrackPointExtension>
            <ns3:hr>162</ns3:hr>
          </ns3:TrackPointExtension>
        </extensions>
      </trkpt>
      <trkpt lat="46.559718288481235504150390625" lon="7.89148681797087192535400390625">
        <ele>1589.4000244140625</ele>
        <time>2025-08-24T11:47:23.000Z</time>
        <extensions>
          <ns3:TrackPointExtension>
            <ns3:hr>162</ns3:hr>
          </ns3:TrackPointExtension>
        </extensions>
      </trkpt>
      <trkpt lat="46.55971183441579341888427734375" lon="7.8915154002606868743896484375">
        <ele>1588.5999755859375</ele>
        <time>2025-08-24T11:47:24.000Z</time>
        <extensions>
          <ns3:TrackPointExtension>
            <ns3:hr>162</ns3:hr>
          </ns3:TrackPointExtension>
        </extensions>
      </trkpt>
      <trkpt lat="46.55970043502748012542724609375" lon="7.89161338470876216888427734375">
        <ele>1587.199951171875</ele>
        <time>2025-08-24T11:47:27.000Z</time>
        <extensions>
          <ns3:TrackPointExtension>
            <ns3:hr>162</ns3:hr>
          </ns3:TrackPointExtension>
        </extensions>
      </trkpt>
      <trkpt lat="46.55968350358307361602783203125" lon="7.89170843549072742462158203125">
        <ele>1586</ele>
        <time>2025-08-24T11:47:30.000Z</time>
        <extensions>
          <ns3:TrackPointExtension>
            <ns3:hr>162</ns3:hr>
          </ns3:TrackPointExtension>
        </extensions>
      </trkpt>
      <trkpt lat="46.5596307814121246337890625" lon="7.89179929532110691070556640625">
        <ele>1584.4000244140625</ele>
        <time>2025-08-24T11:47:34.000Z</time>
        <extensions>
          <ns3:TrackPointExtension>
            <ns3:hr>162</ns3:hr>
          </ns3:TrackPointExtension>
        </extensions>
      </trkpt>
      <trkpt lat="46.55959800817072391510009765625" lon="7.891846485435962677001953125">
        <ele>1583.4000244140625</ele>
        <time>2025-08-24T11:47:36.000Z</time>
        <extensions>
          <ns3:TrackPointExtension>
            <ns3:hr>162</ns3:hr>
          </ns3:TrackPointExtension>
        </extensions>
      </trkpt>
      <trkpt lat="46.559553332626819610595703125" lon="7.89195067249238491058349609375">
        <ele>1581.800048828125</ele>
        <time>2025-08-24T11:47:40.000Z</time>
        <extensions>
          <ns3:TrackPointExtension>
            <ns3:hr>163</ns3:hr>
          </ns3:TrackPointExtension>
        </extensions>
      </trkpt>
      <trkpt lat="46.55954134650528430938720703125" lon="7.89205527864396572113037109375">
        <ele>1580.4000244140625</ele>
        <time>2025-08-24T11:47:43.000Z</time>
        <extensions>
          <ns3:TrackPointExtension>
            <ns3:hr>163</ns3:hr>
          </ns3:TrackPointExtension>
        </extensions>
      </trkpt>
      <trkpt lat="46.559545956552028656005859375" lon="7.89216332137584686279296875">
        <ele>1579</ele>
        <time>2025-08-24T11:47:46.000Z</time>
        <extensions>
          <ns3:TrackPointExtension>
            <ns3:hr>164</ns3:hr>
          </ns3:TrackPointExtension>
        </extensions>
      </trkpt>
      <trkpt lat="46.55954235233366489410400390625" lon="7.8921903111040592193603515625">
        <ele>1578.5999755859375</ele>
        <time>2025-08-24T11:47:47.000Z</time>
        <extensions>
          <ns3:TrackPointExtension>
            <ns3:hr>164</ns3:hr>
          </ns3:TrackPointExtension>
        </extensions>
      </trkpt>
      <trkpt lat="46.5595266781747341156005859375" lon="7.89224890060722827911376953125">
        <ele>1577.5999755859375</ele>
        <time>2025-08-24T11:47:49.000Z</time>
        <extensions>
          <ns3:TrackPointExtension>
            <ns3:hr>164</ns3:hr>
          </ns3:TrackPointExtension>
        </extensions>
      </trkpt>
      <trkpt lat="46.5595119260251522064208984375" lon="7.8923442028462886810302734375">
        <ele>1576.5999755859375</ele>
        <time>2025-08-24T11:47:52.000Z</time>
        <extensions>
          <ns3:TrackPointExtension>
            <ns3:hr>163</ns3:hr>
          </ns3:TrackPointExtension>
        </extensions>
      </trkpt>
      <trkpt lat="46.5594998560845851898193359375" lon="7.89240279234945774078369140625">
        <ele>1576.4000244140625</ele>
        <time>2025-08-24T11:47:54.000Z</time>
        <extensions>
          <ns3:TrackPointExtension>
            <ns3:hr>163</ns3:hr>
          </ns3:TrackPointExtension>
        </extensions>
      </trkpt>
      <trkpt lat="46.559479236602783203125" lon="7.89252583868801593780517578125">
        <ele>1575.199951171875</ele>
        <time>2025-08-24T11:47:58.000Z</time>
        <extensions>
          <ns3:TrackPointExtension>
            <ns3:hr>164</ns3:hr>
          </ns3:TrackPointExtension>
        </extensions>
      </trkpt>
      <trkpt lat="46.55948300845921039581298828125" lon="7.8926037065684795379638671875">
        <ele>1574.5999755859375</ele>
        <time>2025-08-24T11:48:02.000Z</time>
        <extensions>
          <ns3:TrackPointExtension>
            <ns3:hr>164</ns3:hr>
          </ns3:TrackPointExtension>
        </extensions>
      </trkpt>
      <trkpt lat="46.55949574895203113555908203125" lon="7.8926607035100460052490234375">
        <ele>1574.199951171875</ele>
        <time>2025-08-24T11:48:06.000Z</time>
        <extensions>
          <ns3:TrackPointExtension>
            <ns3:hr>165</ns3:hr>
          </ns3:TrackPointExtension>
        </extensions>
      </trkpt>
      <trkpt lat="46.5594981797039508819580078125" lon="7.8926687501370906829833984375">
        <ele>1574</ele>
        <time>2025-08-24T11:48:08.000Z</time>
        <extensions>
          <ns3:TrackPointExtension>
            <ns3:hr>166</ns3:hr>
          </ns3:TrackPointExtension>
        </extensions>
      </trkpt>
      <trkpt lat="46.55949591659009456634521484375" lon="7.89266967214643955230712890625">
        <ele>1573.800048828125</ele>
        <time>2025-08-24T11:48:10.000Z</time>
        <extensions>
          <ns3:TrackPointExtension>
            <ns3:hr>167</ns3:hr>
          </ns3:TrackPointExtension>
        </extensions>
      </trkpt>
      <trkpt lat="46.55951636843383312225341796875" lon="7.89270252920687198638916015625">
        <ele>1573.5999755859375</ele>
        <time>2025-08-24T11:48:15.000Z</time>
        <extensions>
          <ns3:TrackPointExtension>
            <ns3:hr>168</ns3:hr>
          </ns3:TrackPointExtension>
        </extensions>
      </trkpt>
      <trkpt lat="46.55953195877373218536376953125" lon="7.89278090000152587890625">
        <ele>1573.800048828125</ele>
        <time>2025-08-24T11:48:18.000Z</time>
        <extensions>
          <ns3:TrackPointExtension>
            <ns3:hr>165</ns3:hr>
          </ns3:TrackPointExtension>
        </extensions>
      </trkpt>
      <trkpt lat="46.55953891575336456298828125" lon="7.89285139180719852447509765625">
        <ele>1573.800048828125</ele>
        <time>2025-08-24T11:48:20.000Z</time>
        <extensions>
          <ns3:TrackPointExtension>
            <ns3:hr>162</ns3:hr>
          </ns3:TrackPointExtension>
        </extensions>
      </trkpt>
      <trkpt lat="46.559557020664215087890625" lon="7.89292213506996631622314453125">
        <ele>1573.800048828125</ele>
        <time>2025-08-24T11:48:23.000Z</time>
        <extensions>
          <ns3:TrackPointExtension>
            <ns3:hr>159</ns3:hr>
          </ns3:TrackPointExtension>
        </extensions>
      </trkpt>
      <trkpt lat="46.55957604758441448211669921875" lon="7.8929560817778110504150390625">
        <ele>1573.5999755859375</ele>
        <time>2025-08-24T11:48:25.000Z</time>
        <extensions>
          <ns3:TrackPointExtension>
            <ns3:hr>156</ns3:hr>
          </ns3:TrackPointExtension>
        </extensions>
      </trkpt>
      <trkpt lat="46.55958141200244426727294921875" lon="7.89296320639550685882568359375">
        <ele>1573.5999755859375</ele>
        <time>2025-08-24T11:48:26.000Z</time>
        <extensions>
          <ns3:TrackPointExtension>
            <ns3:hr>155</ns3:hr>
          </ns3:TrackPointExtension>
        </extensions>
      </trkpt>
      <trkpt lat="46.5595819987356662750244140625" lon="7.8929651342332363128662109375">
        <ele>1573.4000244140625</ele>
        <time>2025-08-24T11:48:28.000Z</time>
        <extensions>
          <ns3:TrackPointExtension>
            <ns3:hr>153</ns3:hr>
          </ns3:TrackPointExtension>
        </extensions>
      </trkpt>
      <trkpt lat="46.5595944039523601531982421875" lon="7.89296689443290233612060546875">
        <ele>1573.199951171875</ele>
        <time>2025-08-24T11:48:31.000Z</time>
        <extensions>
          <ns3:TrackPointExtension>
            <ns3:hr>152</ns3:hr>
          </ns3:TrackPointExtension>
        </extensions>
      </trkpt>
      <trkpt lat="46.5596477128565311431884765625" lon="7.89298801682889461517333984375">
        <ele>1573</ele>
        <time>2025-08-24T11:48:35.000Z</time>
        <extensions>
          <ns3:TrackPointExtension>
            <ns3:hr>151</ns3:hr>
          </ns3:TrackPointExtension>
        </extensions>
      </trkpt>
      <trkpt lat="46.5596829168498516082763671875" lon="7.893009893596172332763671875">
        <ele>1572.4000244140625</ele>
        <time>2025-08-24T11:48:39.000Z</time>
        <extensions>
          <ns3:TrackPointExtension>
            <ns3:hr>151</ns3:hr>
          </ns3:TrackPointExtension>
        </extensions>
      </trkpt>
      <trkpt lat="46.55968048609793186187744140625" lon="7.89303545840084552764892578125">
        <ele>1572.199951171875</ele>
        <time>2025-08-24T11:48:41.000Z</time>
        <extensions>
          <ns3:TrackPointExtension>
            <ns3:hr>151</ns3:hr>
          </ns3:TrackPointExtension>
        </extensions>
      </trkpt>
      <trkpt lat="46.55967545695602893829345703125" lon="7.8931227140128612518310546875">
        <ele>1572</ele>
        <time>2025-08-24T11:48:45.000Z</time>
        <extensions>
          <ns3:TrackPointExtension>
            <ns3:hr>150</ns3:hr>
          </ns3:TrackPointExtension>
        </extensions>
      </trkpt>
      <trkpt lat="46.559696495532989501953125" lon="7.89320393465459346771240234375">
        <ele>1571.5999755859375</ele>
        <time>2025-08-24T11:48:49.000Z</time>
        <extensions>
          <ns3:TrackPointExtension>
            <ns3:hr>149</ns3:hr>
          </ns3:TrackPointExtension>
        </extensions>
      </trkpt>
      <trkpt lat="46.5596882812678813934326171875" lon="7.89330434985458850860595703125">
        <ele>1571.199951171875</ele>
        <time>2025-08-24T11:48:54.000Z</time>
        <extensions>
          <ns3:TrackPointExtension>
            <ns3:hr>146</ns3:hr>
          </ns3:TrackPointExtension>
        </extensions>
      </trkpt>
      <trkpt lat="46.559700854122638702392578125" lon="7.8933416493237018585205078125">
        <ele>1571</ele>
        <time>2025-08-24T11:48:56.000Z</time>
        <extensions>
          <ns3:TrackPointExtension>
            <ns3:hr>145</ns3:hr>
          </ns3:TrackPointExtension>
        </extensions>
      </trkpt>
      <trkpt lat="46.5596959926187992095947265625" lon="7.89337878115475177764892578125">
        <ele>1571</ele>
        <time>2025-08-24T11:48:57.000Z</time>
        <extensions>
          <ns3:TrackPointExtension>
            <ns3:hr>145</ns3:hr>
          </ns3:TrackPointExtension>
        </extensions>
      </trkpt>
      <trkpt lat="46.55970630235970020294189453125" lon="7.89348590187728404998779296875">
        <ele>1570.800048828125</ele>
        <time>2025-08-24T11:49:04.000Z</time>
        <extensions>
          <ns3:TrackPointExtension>
            <ns3:hr>143</ns3:hr>
          </ns3:TrackPointExtension>
        </extensions>
      </trkpt>
      <trkpt lat="46.55971133150160312652587890625" lon="7.89350182749330997467041015625">
        <ele>1570.800048828125</ele>
        <time>2025-08-24T11:49:05.000Z</time>
        <extensions>
          <ns3:TrackPointExtension>
            <ns3:hr>143</ns3:hr>
          </ns3:TrackPointExtension>
        </extensions>
      </trkpt>
      <trkpt lat="46.559714265167713165283203125" lon="7.89359084330499172210693359375">
        <ele>1570.5999755859375</ele>
        <time>2025-08-24T11:49:10.000Z</time>
        <extensions>
          <ns3:TrackPointExtension>
            <ns3:hr>140</ns3:hr>
          </ns3:TrackPointExtension>
        </extensions>
      </trkpt>
      <trkpt lat="46.55971569009125232696533203125" lon="7.89363862015306949615478515625">
        <ele>1570.5999755859375</ele>
        <time>2025-08-24T11:49:12.000Z</time>
        <extensions>
          <ns3:TrackPointExtension>
            <ns3:hr>140</ns3:hr>
          </ns3:TrackPointExtension>
        </extensions>
      </trkpt>
      <trkpt lat="46.55974385328590869903564453125" lon="7.89366493932902812957763671875">
        <ele>1570.4000244140625</ele>
        <time>2025-08-24T11:49:14.000Z</time>
        <extensions>
          <ns3:TrackPointExtension>
            <ns3:hr>140</ns3:hr>
          </ns3:TrackPointExtension>
        </extensions>
      </trkpt>
      <trkpt lat="46.55978911556303501129150390625" lon="7.89367667399346828460693359375">
        <ele>1570.199951171875</ele>
        <time>2025-08-24T11:49:17.000Z</time>
        <extensions>
          <ns3:TrackPointExtension>
            <ns3:hr>139</ns3:hr>
          </ns3:TrackPointExtension>
        </extensions>
      </trkpt>
      <trkpt lat="46.5598083101212978363037109375" lon="7.8937657736241817474365234375">
        <ele>1570.199951171875</ele>
        <time>2025-08-24T11:49:21.000Z</time>
        <extensions>
          <ns3:TrackPointExtension>
            <ns3:hr>140</ns3:hr>
          </ns3:TrackPointExtension>
        </extensions>
      </trkpt>
      <trkpt lat="46.55980168841779232025146484375" lon="7.8938425518572330474853515625">
        <ele>1570</ele>
        <time>2025-08-24T11:49:25.000Z</time>
        <extensions>
          <ns3:TrackPointExtension>
            <ns3:hr>140</ns3:hr>
          </ns3:TrackPointExtension>
        </extensions>
      </trkpt>
      <trkpt lat="46.5598220564424991607666015625" lon="7.89391455240547657012939453125">
        <ele>1570</ele>
        <time>2025-08-24T11:49:28.000Z</time>
        <extensions>
          <ns3:TrackPointExtension>
            <ns3:hr>138</ns3:hr>
          </ns3:TrackPointExtension>
        </extensions>
      </trkpt>
      <trkpt lat="46.5598170273005962371826171875" lon="7.89393181912600994110107421875">
        <ele>1570</ele>
        <time>2025-08-24T11:49:29.000Z</time>
        <extensions>
          <ns3:TrackPointExtension>
            <ns3:hr>138</ns3:hr>
          </ns3:TrackPointExtension>
        </extensions>
      </trkpt>
      <trkpt lat="46.55981761403381824493408203125" lon="7.894036509096622467041015625">
        <ele>1570</ele>
        <time>2025-08-24T11:49:35.000Z</time>
        <extensions>
          <ns3:TrackPointExtension>
            <ns3:hr>137</ns3:hr>
          </ns3:TrackPointExtension>
        </extensions>
      </trkpt>
      <trkpt lat="46.5598220564424991607666015625" lon="7.89404748938977718353271484375">
        <ele>1570</ele>
        <time>2025-08-24T11:49:36.000Z</time>
        <extensions>
          <ns3:TrackPointExtension>
            <ns3:hr>136</ns3:hr>
          </ns3:TrackPointExtension>
        </extensions>
      </trkpt>
      <trkpt lat="46.55984602868556976318359375" lon="7.894152514636516571044921875">
        <ele>1569.800048828125</ele>
        <time>2025-08-24T11:49:41.000Z</time>
        <extensions>
          <ns3:TrackPointExtension>
            <ns3:hr>137</ns3:hr>
          </ns3:TrackPointExtension>
        </extensions>
      </trkpt>
      <trkpt lat="46.55983923934400081634521484375" lon="7.89420121349394321441650390625">
        <ele>1569.5999755859375</ele>
        <time>2025-08-24T11:49:44.000Z</time>
        <extensions>
          <ns3:TrackPointExtension>
            <ns3:hr>134</ns3:hr>
          </ns3:TrackPointExtension>
        </extensions>
      </trkpt>
      <trkpt lat="46.559870503842830657958984375" lon="7.8942904807627201080322265625">
        <ele>1569.800048828125</ele>
        <time>2025-08-24T11:49:51.000Z</time>
        <extensions>
          <ns3:TrackPointExtension>
            <ns3:hr>134</ns3:hr>
          </ns3:TrackPointExtension>
        </extensions>
      </trkpt>
      <trkpt lat="46.55990897677838802337646484375" lon="7.894481755793094635009765625">
        <ele>1569.800048828125</ele>
        <time>2025-08-24T11:50:01.000Z</time>
        <extensions>
          <ns3:TrackPointExtension>
            <ns3:hr>133</ns3:hr>
          </ns3:TrackPointExtension>
        </extensions>
      </trkpt>
      <trkpt lat="46.559922136366367340087890625" lon="7.8945456258952617645263671875">
        <ele>1570</ele>
        <time>2025-08-24T11:50:05.000Z</time>
        <extensions>
          <ns3:TrackPointExtension>
            <ns3:hr>131</ns3:hr>
          </ns3:TrackPointExtension>
        </extensions>
      </trkpt>
      <trkpt lat="46.55991953797638416290283203125" lon="7.89455878548324108123779296875">
        <ele>1570</ele>
        <time>2025-08-24T11:50:06.000Z</time>
        <extensions>
          <ns3:TrackPointExtension>
            <ns3:hr>131</ns3:hr>
          </ns3:TrackPointExtension>
        </extensions>
      </trkpt>
      <trkpt lat="46.55992205254733562469482421875" lon="7.89456750266253948211669921875">
        <ele>1570</ele>
        <time>2025-08-24T11:50:07.000Z</time>
        <extensions>
          <ns3:TrackPointExtension>
            <ns3:hr>130</ns3:hr>
          </ns3:TrackPointExtension>
        </extensions>
      </trkpt>
      <trkpt lat="46.55993445776402950286865234375" lon="7.8945942409336566925048828125">
        <ele>1570</ele>
        <time>2025-08-24T11:50:10.000Z</time>
        <extensions>
          <ns3:TrackPointExtension>
            <ns3:hr>130</ns3:hr>
          </ns3:TrackPointExtension>
        </extensions>
      </trkpt>
      <trkpt lat="46.5599370561540126800537109375" lon="7.89460505358874797821044921875">
        <ele>1570.199951171875</ele>
        <time>2025-08-24T11:50:11.000Z</time>
        <extensions>
          <ns3:TrackPointExtension>
            <ns3:hr>129</ns3:hr>
          </ns3:TrackPointExtension>
        </extensions>
      </trkpt>
      <trkpt lat="46.55994258821010589599609375" lon="7.89463154040277004241943359375">
        <ele>1570.199951171875</ele>
        <time>2025-08-24T11:50:13.000Z</time>
        <extensions>
          <ns3:TrackPointExtension>
            <ns3:hr>128</ns3:hr>
          </ns3:TrackPointExtension>
        </extensions>
      </trkpt>
      <trkpt lat="46.5599620342254638671875" lon="7.894697673618793487548828125">
        <ele>1570.4000244140625</ele>
        <time>2025-08-24T11:50:17.000Z</time>
        <extensions>
          <ns3:TrackPointExtension>
            <ns3:hr>128</ns3:hr>
          </ns3:TrackPointExtension>
        </extensions>
      </trkpt>
      <trkpt lat="46.5599850006401538848876953125" lon="7.89482348598539829254150390625">
        <ele>1570.4000244140625</ele>
        <time>2025-08-24T11:50:24.000Z</time>
        <extensions>
          <ns3:TrackPointExtension>
            <ns3:hr>128</ns3:hr>
          </ns3:TrackPointExtension>
        </extensions>
      </trkpt>
      <trkpt lat="46.56000067479908466339111328125" lon="7.8948795609176158905029296875">
        <ele>1570.4000244140625</ele>
        <time>2025-08-24T11:50:27.000Z</time>
        <extensions>
          <ns3:TrackPointExtension>
            <ns3:hr>125</ns3:hr>
          </ns3:TrackPointExtension>
        </extensions>
      </trkpt>
      <trkpt lat="46.5600034408271312713623046875" lon="7.89490764029324054718017578125">
        <ele>1570.4000244140625</ele>
        <time>2025-08-24T11:50:28.000Z</time>
        <extensions>
          <ns3:TrackPointExtension>
            <ns3:hr>128</ns3:hr>
          </ns3:TrackPointExtension>
        </extensions>
      </trkpt>
      <trkpt lat="46.56001073308289051055908203125" lon="7.89493806660175323486328125">
        <ele>1570.4000244140625</ele>
        <time>2025-08-24T11:50:32.000Z</time>
        <extensions>
          <ns3:TrackPointExtension>
            <ns3:hr>131</ns3:hr>
          </ns3:TrackPointExtension>
        </extensions>
      </trkpt>
      <trkpt lat="46.56001140363514423370361328125" lon="7.8949529863893985748291015625">
        <ele>1570.4000244140625</ele>
        <time>2025-08-24T11:50:33.000Z</time>
        <extensions>
          <ns3:TrackPointExtension>
            <ns3:hr>134</ns3:hr>
          </ns3:TrackPointExtension>
        </extensions>
      </trkpt>
      <trkpt lat="46.56003185547888278961181640625" lon="7.89496413432061672210693359375">
        <ele>1570.4000244140625</ele>
        <time>2025-08-24T11:50:35.000Z</time>
        <extensions>
          <ns3:TrackPointExtension>
            <ns3:hr>136</ns3:hr>
          </ns3:TrackPointExtension>
        </extensions>
      </trkpt>
      <trkpt lat="46.56008549965918064117431640625" lon="7.8949764557182788848876953125">
        <ele>1570.5999755859375</ele>
        <time>2025-08-24T11:50:38.000Z</time>
        <extensions>
          <ns3:TrackPointExtension>
            <ns3:hr>138</ns3:hr>
          </ns3:TrackPointExtension>
        </extensions>
      </trkpt>
      <trkpt lat="46.56014082022011280059814453125" lon="7.895046360790729522705078125">
        <ele>1570.800048828125</ele>
        <time>2025-08-24T11:50:45.000Z</time>
        <extensions>
          <ns3:TrackPointExtension>
            <ns3:hr>138</ns3:hr>
          </ns3:TrackPointExtension>
        </extensions>
      </trkpt>
      <trkpt lat="46.560155488550662994384765625" lon="7.89507628418505191802978515625">
        <ele>1571</ele>
        <time>2025-08-24T11:50:47.000Z</time>
        <extensions>
          <ns3:TrackPointExtension>
            <ns3:hr>137</ns3:hr>
          </ns3:TrackPointExtension>
        </extensions>
      </trkpt>
      <trkpt lat="46.5601784549653530120849609375" lon="7.8951238095760345458984375">
        <ele>1571</ele>
        <time>2025-08-24T11:50:50.000Z</time>
        <extensions>
          <ns3:TrackPointExtension>
            <ns3:hr>136</ns3:hr>
          </ns3:TrackPointExtension>
        </extensions>
      </trkpt>
      <trkpt lat="46.56021072529256343841552734375" lon="7.895181812345981597900390625">
        <ele>1571.199951171875</ele>
        <time>2025-08-24T11:50:53.000Z</time>
        <extensions>
          <ns3:TrackPointExtension>
            <ns3:hr>135</ns3:hr>
          </ns3:TrackPointExtension>
        </extensions>
      </trkpt>
      <trkpt lat="46.5602394752204418182373046875" lon="7.8953308425843715667724609375">
        <ele>1571.199951171875</ele>
        <time>2025-08-24T11:51:01.000Z</time>
        <extensions>
          <ns3:TrackPointExtension>
            <ns3:hr>134</ns3:hr>
          </ns3:TrackPointExtension>
        </extensions>
      </trkpt>
      <trkpt lat="46.56030912883579730987548828125" lon="7.8953372128307819366455078125">
        <ele>1571.4000244140625</ele>
        <time>2025-08-24T11:51:07.000Z</time>
        <extensions>
          <ns3:TrackPointExtension>
            <ns3:hr>134</ns3:hr>
          </ns3:TrackPointExtension>
        </extensions>
      </trkpt>
      <trkpt lat="46.5603326819837093353271484375" lon="7.89534039795398712158203125">
        <ele>1571.5999755859375</ele>
        <time>2025-08-24T11:51:09.000Z</time>
        <extensions>
          <ns3:TrackPointExtension>
            <ns3:hr>134</ns3:hr>
          </ns3:TrackPointExtension>
        </extensions>
      </trkpt>
      <trkpt lat="46.5603866614401340484619140625" lon="7.89542966522276401519775390625">
        <ele>1571.5999755859375</ele>
        <time>2025-08-24T11:51:14.000Z</time>
        <extensions>
          <ns3:TrackPointExtension>
            <ns3:hr>133</ns3:hr>
          </ns3:TrackPointExtension>
        </extensions>
      </trkpt>
      <trkpt lat="46.56047073192894458770751953125" lon="7.89556838572025299072265625">
        <ele>1571.5999755859375</ele>
        <time>2025-08-24T11:51:22.000Z</time>
        <extensions>
          <ns3:TrackPointExtension>
            <ns3:hr>133</ns3:hr>
          </ns3:TrackPointExtension>
        </extensions>
      </trkpt>
      <trkpt lat="46.5605060197412967681884765625" lon="7.89562831632792949676513671875">
        <ele>1571.800048828125</ele>
        <time>2025-08-24T11:51:26.000Z</time>
        <extensions>
          <ns3:TrackPointExtension>
            <ns3:hr>133</ns3:hr>
          </ns3:TrackPointExtension>
        </extensions>
      </trkpt>
      <trkpt lat="46.5605234540998935699462890625" lon="7.895664609968662261962890625">
        <ele>1571.800048828125</ele>
        <time>2025-08-24T11:51:29.000Z</time>
        <extensions>
          <ns3:TrackPointExtension>
            <ns3:hr>133</ns3:hr>
          </ns3:TrackPointExtension>
        </extensions>
      </trkpt>
      <trkpt lat="46.56053091399371623992919921875" lon="7.89572395384311676025390625">
        <ele>1572</ele>
        <time>2025-08-24T11:51:32.000Z</time>
        <extensions>
          <ns3:TrackPointExtension>
            <ns3:hr>130</ns3:hr>
          </ns3:TrackPointExtension>
        </extensions>
      </trkpt>
      <trkpt lat="46.56053460203111171722412109375" lon="7.89573577232658863067626953125">
        <ele>1572</ele>
        <time>2025-08-24T11:51:33.000Z</time>
        <extensions>
          <ns3:TrackPointExtension>
            <ns3:hr>129</ns3:hr>
          </ns3:TrackPointExtension>
        </extensions>
      </trkpt>
      <trkpt lat="46.56056896783411502838134765625" lon="7.89578941650688648223876953125">
        <ele>1572.199951171875</ele>
        <time>2025-08-24T11:51:37.000Z</time>
        <extensions>
          <ns3:TrackPointExtension>
            <ns3:hr>129</ns3:hr>
          </ns3:TrackPointExtension>
        </extensions>
      </trkpt>
      <trkpt lat="46.56063619069755077362060546875" lon="7.8959128819406032562255859375">
        <ele>1572.4000244140625</ele>
        <time>2025-08-24T11:51:45.000Z</time>
        <extensions>
          <ns3:TrackPointExtension>
            <ns3:hr>127</ns3:hr>
          </ns3:TrackPointExtension>
        </extensions>
      </trkpt>
      <trkpt lat="46.56064398586750030517578125" lon="7.895924784243106842041015625">
        <ele>1572.5999755859375</ele>
        <time>2025-08-24T11:51:46.000Z</time>
        <extensions>
          <ns3:TrackPointExtension>
            <ns3:hr>127</ns3:hr>
          </ns3:TrackPointExtension>
        </extensions>
      </trkpt>
      <trkpt lat="46.56069268472492694854736328125" lon="7.89598404429852962493896484375">
        <ele>1572.5999755859375</ele>
        <time>2025-08-24T11:51:52.000Z</time>
        <extensions>
          <ns3:TrackPointExtension>
            <ns3:hr>129</ns3:hr>
          </ns3:TrackPointExtension>
        </extensions>
      </trkpt>
      <trkpt lat="46.56069737859070301055908203125" lon="7.8959916718304157257080078125">
        <ele>1572.800048828125</ele>
        <time>2025-08-24T11:51:53.000Z</time>
        <extensions>
          <ns3:TrackPointExtension>
            <ns3:hr>129</ns3:hr>
          </ns3:TrackPointExtension>
        </extensions>
      </trkpt>
      <trkpt lat="46.560759656131267547607421875" lon="7.89607875980436801910400390625">
        <ele>1573</ele>
        <time>2025-08-24T11:52:01.000Z</time>
        <extensions>
          <ns3:TrackPointExtension>
            <ns3:hr>129</ns3:hr>
          </ns3:TrackPointExtension>
        </extensions>
      </trkpt>
      <trkpt lat="46.560785472393035888671875" lon="7.8960902430117130279541015625">
        <ele>1573.199951171875</ele>
        <time>2025-08-24T11:52:05.000Z</time>
        <extensions>
          <ns3:TrackPointExtension>
            <ns3:hr>129</ns3:hr>
          </ns3:TrackPointExtension>
        </extensions>
      </trkpt>
      <trkpt lat="46.56079997308552265167236328125" lon="7.8960882313549518585205078125">
        <ele>1573.199951171875</ele>
        <time>2025-08-24T11:52:07.000Z</time>
        <extensions>
          <ns3:TrackPointExtension>
            <ns3:hr>129</ns3:hr>
          </ns3:TrackPointExtension>
        </extensions>
      </trkpt>
      <trkpt lat="46.56082562170922756195068359375" lon="7.8961163945496082305908203125">
        <ele>1573.4000244140625</ele>
        <time>2025-08-24T11:52:10.000Z</time>
        <extensions>
          <ns3:TrackPointExtension>
            <ns3:hr>129</ns3:hr>
          </ns3:TrackPointExtension>
        </extensions>
      </trkpt>
      <trkpt lat="46.5608503483235836029052734375" lon="7.89614330045878887176513671875">
        <ele>1573.4000244140625</ele>
        <time>2025-08-24T11:52:12.000Z</time>
        <extensions>
          <ns3:TrackPointExtension>
            <ns3:hr>129</ns3:hr>
          </ns3:TrackPointExtension>
        </extensions>
      </trkpt>
      <trkpt lat="46.56086099334061145782470703125" lon="7.89614950306713581085205078125">
        <ele>1573.4000244140625</ele>
        <time>2025-08-24T11:52:13.000Z</time>
        <extensions>
          <ns3:TrackPointExtension>
            <ns3:hr>129</ns3:hr>
          </ns3:TrackPointExtension>
        </extensions>
      </trkpt>
      <trkpt lat="46.5608865581452846527099609375" lon="7.89617531932890415191650390625">
        <ele>1573.5999755859375</ele>
        <time>2025-08-24T11:52:15.000Z</time>
        <extensions>
          <ns3:TrackPointExtension>
            <ns3:hr>129</ns3:hr>
          </ns3:TrackPointExtension>
        </extensions>
      </trkpt>
      <trkpt lat="46.56093307770788669586181640625" lon="7.89620951749384403228759765625">
        <ele>1573.800048828125</ele>
        <time>2025-08-24T11:52:19.000Z</time>
        <extensions>
          <ns3:TrackPointExtension>
            <ns3:hr>129</ns3:hr>
          </ns3:TrackPointExtension>
        </extensions>
      </trkpt>
      <trkpt lat="46.561021842062473297119140625" lon="7.896264083683490753173828125">
        <ele>1574.199951171875</ele>
        <time>2025-08-24T11:52:26.000Z</time>
        <extensions>
          <ns3:TrackPointExtension>
            <ns3:hr>131</ns3:hr>
          </ns3:TrackPointExtension>
        </extensions>
      </trkpt>
      <trkpt lat="46.561100967228412628173828125" lon="7.89640934206545352935791015625">
        <ele>1574.4000244140625</ele>
        <time>2025-08-24T11:52:33.000Z</time>
        <extensions>
          <ns3:TrackPointExtension>
            <ns3:hr>132</ns3:hr>
          </ns3:TrackPointExtension>
        </extensions>
      </trkpt>
      <trkpt lat="46.561136506497859954833984375" lon="7.89645628072321414947509765625">
        <ele>1574.5999755859375</ele>
        <time>2025-08-24T11:52:36.000Z</time>
        <extensions>
          <ns3:TrackPointExtension>
            <ns3:hr>132</ns3:hr>
          </ns3:TrackPointExtension>
        </extensions>
      </trkpt>
      <trkpt lat="46.56119241379201412200927734375" lon="7.89649249054491519927978515625">
        <ele>1574.5999755859375</ele>
        <time>2025-08-24T11:52:39.000Z</time>
        <extensions>
          <ns3:TrackPointExtension>
            <ns3:hr>131</ns3:hr>
          </ns3:TrackPointExtension>
        </extensions>
      </trkpt>
      <trkpt lat="46.56124337576329708099365234375" lon="7.8965170495212078094482421875">
        <ele>1574.5999755859375</ele>
        <time>2025-08-24T11:52:41.000Z</time>
        <extensions>
          <ns3:TrackPointExtension>
            <ns3:hr>132</ns3:hr>
          </ns3:TrackPointExtension>
        </extensions>
      </trkpt>
      <trkpt lat="46.5612754784524440765380859375" lon="7.89654764346778392791748046875">
        <ele>1574.5999755859375</ele>
        <time>2025-08-24T11:52:43.000Z</time>
        <extensions>
          <ns3:TrackPointExtension>
            <ns3:hr>131</ns3:hr>
          </ns3:TrackPointExtension>
        </extensions>
      </trkpt>
      <trkpt lat="46.561334319412708282470703125" lon="7.89666272699832916259765625">
        <ele>1574.4000244140625</ele>
        <time>2025-08-24T11:52:50.000Z</time>
        <extensions>
          <ns3:TrackPointExtension>
            <ns3:hr>129</ns3:hr>
          </ns3:TrackPointExtension>
        </extensions>
      </trkpt>
      <trkpt lat="46.5614384226500988006591796875" lon="7.896753586828708648681640625">
        <ele>1574.4000244140625</ele>
        <time>2025-08-24T11:52:58.000Z</time>
        <extensions>
          <ns3:TrackPointExtension>
            <ns3:hr>128</ns3:hr>
          </ns3:TrackPointExtension>
        </extensions>
      </trkpt>
      <trkpt lat="46.56154093332588672637939453125" lon="7.89680480025708675384521484375">
        <ele>1574.199951171875</ele>
        <time>2025-08-24T11:53:06.000Z</time>
        <extensions>
          <ns3:TrackPointExtension>
            <ns3:hr>127</ns3:hr>
          </ns3:TrackPointExtension>
        </extensions>
      </trkpt>
      <trkpt lat="46.5615359880030155181884765625" lon="7.8968001902103424072265625">
        <ele>1574.199951171875</ele>
        <time>2025-08-24T11:53:07.000Z</time>
        <extensions>
          <ns3:TrackPointExtension>
            <ns3:hr>128</ns3:hr>
          </ns3:TrackPointExtension>
        </extensions>
      </trkpt>
      <trkpt lat="46.56153707765042781829833984375" lon="7.89680262096226215362548828125">
        <ele>1574.199951171875</ele>
        <time>2025-08-24T11:53:09.000Z</time>
        <extensions>
          <ns3:TrackPointExtension>
            <ns3:hr>128</ns3:hr>
          </ns3:TrackPointExtension>
        </extensions>
      </trkpt>
      <trkpt lat="46.56154596246778964996337890625" lon="7.89680957794189453125">
        <ele>1574.199951171875</ele>
        <time>2025-08-24T11:53:10.000Z</time>
        <extensions>
          <ns3:TrackPointExtension>
            <ns3:hr>128</ns3:hr>
          </ns3:TrackPointExtension>
        </extensions>
      </trkpt>
      <trkpt lat="46.561611928045749664306640625" lon="7.89684000425040721893310546875">
        <ele>1574.4000244140625</ele>
        <time>2025-08-24T11:53:14.000Z</time>
        <extensions>
          <ns3:TrackPointExtension>
            <ns3:hr>131</ns3:hr>
          </ns3:TrackPointExtension>
        </extensions>
      </trkpt>
      <trkpt lat="46.5616422705352306365966796875" lon="7.89687504060566425323486328125">
        <ele>1574.199951171875</ele>
        <time>2025-08-24T11:53:17.000Z</time>
        <extensions>
          <ns3:TrackPointExtension>
            <ns3:hr>131</ns3:hr>
          </ns3:TrackPointExtension>
        </extensions>
      </trkpt>
      <trkpt lat="46.56174545176327228546142578125" lon="7.89687193930149078369140625">
        <ele>1574</ele>
        <time>2025-08-24T11:53:22.000Z</time>
        <extensions>
          <ns3:TrackPointExtension>
            <ns3:hr>132</ns3:hr>
          </ns3:TrackPointExtension>
        </extensions>
      </trkpt>
      <trkpt lat="46.56186531297862529754638671875" lon="7.89690538309514522552490234375">
        <ele>1573.800048828125</ele>
        <time>2025-08-24T11:53:29.000Z</time>
        <extensions>
          <ns3:TrackPointExtension>
            <ns3:hr>131</ns3:hr>
          </ns3:TrackPointExtension>
        </extensions>
      </trkpt>
      <trkpt lat="46.56190462410449981689453125" lon="7.8969384916126728057861328125">
        <ele>1573.199951171875</ele>
        <time>2025-08-24T11:53:33.000Z</time>
        <extensions>
          <ns3:TrackPointExtension>
            <ns3:hr>131</ns3:hr>
          </ns3:TrackPointExtension>
        </extensions>
      </trkpt>
      <trkpt lat="46.56191862188279628753662109375" lon="7.89694276638329029083251953125">
        <ele>1573</ele>
        <time>2025-08-24T11:53:34.000Z</time>
        <extensions>
          <ns3:TrackPointExtension>
            <ns3:hr>131</ns3:hr>
          </ns3:TrackPointExtension>
        </extensions>
      </trkpt>
      <trkpt lat="46.56198509037494659423828125" lon="7.8969602845609188079833984375">
        <ele>1572.5999755859375</ele>
        <time>2025-08-24T11:53:39.000Z</time>
        <extensions>
          <ns3:TrackPointExtension>
            <ns3:hr>130</ns3:hr>
          </ns3:TrackPointExtension>
        </extensions>
      </trkpt>
      <trkpt lat="46.56199053861200809478759765625" lon="7.8969720192253589630126953125">
        <ele>1572.5999755859375</ele>
        <time>2025-08-24T11:53:40.000Z</time>
        <extensions>
          <ns3:TrackPointExtension>
            <ns3:hr>130</ns3:hr>
          </ns3:TrackPointExtension>
        </extensions>
      </trkpt>
      <trkpt lat="46.5620030276477336883544921875" lon="7.8970018588006496429443359375">
        <ele>1572.4000244140625</ele>
        <time>2025-08-24T11:53:42.000Z</time>
        <extensions>
          <ns3:TrackPointExtension>
            <ns3:hr>130</ns3:hr>
          </ns3:TrackPointExtension>
        </extensions>
      </trkpt>
      <trkpt lat="46.56202054582536220550537109375" lon="7.897037900984287261962890625">
        <ele>1572</ele>
        <time>2025-08-24T11:53:45.000Z</time>
        <extensions>
          <ns3:TrackPointExtension>
            <ns3:hr>130</ns3:hr>
          </ns3:TrackPointExtension>
        </extensions>
      </trkpt>
      <trkpt lat="46.562029011547565460205078125" lon="7.89705106057226657867431640625">
        <ele>1572</ele>
        <time>2025-08-24T11:53:46.000Z</time>
        <extensions>
          <ns3:TrackPointExtension>
            <ns3:hr>130</ns3:hr>
          </ns3:TrackPointExtension>
        </extensions>
      </trkpt>
      <trkpt lat="46.56210335902869701385498046875" lon="7.8971212171018123626708984375">
        <ele>1571.4000244140625</ele>
        <time>2025-08-24T11:53:53.000Z</time>
        <extensions>
          <ns3:TrackPointExtension>
            <ns3:hr>130</ns3:hr>
          </ns3:TrackPointExtension>
        </extensions>
      </trkpt>
      <trkpt lat="46.56218416057527065277099609375" lon="7.8971560858190059661865234375">
        <ele>1571.199951171875</ele>
        <time>2025-08-24T11:53:59.000Z</time>
        <extensions>
          <ns3:TrackPointExtension>
            <ns3:hr>128</ns3:hr>
          </ns3:TrackPointExtension>
        </extensions>
      </trkpt>
      <trkpt lat="46.56219908036291599273681640625" lon="7.8971839137375354766845703125">
        <ele>1571.199951171875</ele>
        <time>2025-08-24T11:54:01.000Z</time>
        <extensions>
          <ns3:TrackPointExtension>
            <ns3:hr>128</ns3:hr>
          </ns3:TrackPointExtension>
        </extensions>
      </trkpt>
      <trkpt lat="46.56222774647176265716552734375" lon="7.89719506166875362396240234375">
        <ele>1571.199951171875</ele>
        <time>2025-08-24T11:54:03.000Z</time>
        <extensions>
          <ns3:TrackPointExtension>
            <ns3:hr>127</ns3:hr>
          </ns3:TrackPointExtension>
        </extensions>
      </trkpt>
      <trkpt lat="46.56228759326040744781494140625" lon="7.89725775830447673797607421875">
        <ele>1571.199951171875</ele>
        <time>2025-08-24T11:54:07.000Z</time>
        <extensions>
          <ns3:TrackPointExtension>
            <ns3:hr>128</ns3:hr>
          </ns3:TrackPointExtension>
        </extensions>
      </trkpt>
      <trkpt lat="46.5623855777084827423095703125" lon="7.8973750211298465728759765625">
        <ele>1571.199951171875</ele>
        <time>2025-08-24T11:54:14.000Z</time>
        <extensions>
          <ns3:TrackPointExtension>
            <ns3:hr>131</ns3:hr>
          </ns3:TrackPointExtension>
        </extensions>
      </trkpt>
      <trkpt lat="46.56242103315889835357666015625" lon="7.8973766975104808807373046875">
        <ele>1571</ele>
        <time>2025-08-24T11:54:16.000Z</time>
        <extensions>
          <ns3:TrackPointExtension>
            <ns3:hr>130</ns3:hr>
          </ns3:TrackPointExtension>
        </extensions>
      </trkpt>
      <trkpt lat="46.56243109144270420074462890625" lon="7.8973629511892795562744140625">
        <ele>1571</ele>
        <time>2025-08-24T11:54:17.000Z</time>
        <extensions>
          <ns3:TrackPointExtension>
            <ns3:hr>130</ns3:hr>
          </ns3:TrackPointExtension>
        </extensions>
      </trkpt>
      <trkpt lat="46.56246411614120006561279296875" lon="7.8973901085555553436279296875">
        <ele>1571</ele>
        <time>2025-08-24T11:54:20.000Z</time>
        <extensions>
          <ns3:TrackPointExtension>
            <ns3:hr>127</ns3:hr>
          </ns3:TrackPointExtension>
        </extensions>
      </trkpt>
      <trkpt lat="46.5625141561031341552734375" lon="7.897389270365238189697265625">
        <ele>1570.800048828125</ele>
        <time>2025-08-24T11:54:24.000Z</time>
        <extensions>
          <ns3:TrackPointExtension>
            <ns3:hr>125</ns3:hr>
          </ns3:TrackPointExtension>
        </extensions>
      </trkpt>
      <trkpt lat="46.56260929070413112640380859375" lon="7.89737560786306858062744140625">
        <ele>1570.800048828125</ele>
        <time>2025-08-24T11:54:31.000Z</time>
        <extensions>
          <ns3:TrackPointExtension>
            <ns3:hr>124</ns3:hr>
          </ns3:TrackPointExtension>
        </extensions>
      </trkpt>
      <trkpt lat="46.56278430484235286712646484375" lon="7.89730402640998363494873046875">
        <ele>1571</ele>
        <time>2025-08-24T11:54:42.000Z</time>
        <extensions>
          <ns3:TrackPointExtension>
            <ns3:hr>122</ns3:hr>
          </ns3:TrackPointExtension>
        </extensions>
      </trkpt>
      <trkpt lat="46.5628422237932682037353515625" lon="7.897198162972927093505859375">
        <ele>1571</ele>
        <time>2025-08-24T11:54:49.000Z</time>
        <extensions>
          <ns3:TrackPointExtension>
            <ns3:hr>121</ns3:hr>
          </ns3:TrackPointExtension>
        </extensions>
      </trkpt>
      <trkpt lat="46.5629005618393421173095703125" lon="7.8970353864133358001708984375">
        <ele>1571</ele>
        <time>2025-08-24T11:54:58.000Z</time>
        <extensions>
          <ns3:TrackPointExtension>
            <ns3:hr>120</ns3:hr>
          </ns3:TrackPointExtension>
        </extensions>
      </trkpt>
      <trkpt lat="46.56300592236220836639404296875" lon="7.89692969061434268951416015625">
        <ele>1571.4000244140625</ele>
        <time>2025-08-24T11:55:06.000Z</time>
        <extensions>
          <ns3:TrackPointExtension>
            <ns3:hr>119</ns3:hr>
          </ns3:TrackPointExtension>
        </extensions>
      </trkpt>
      <trkpt lat="46.56306870281696319580078125" lon="7.8968908824026584625244140625">
        <ele>1571.4000244140625</ele>
        <time>2025-08-24T11:55:12.000Z</time>
        <extensions>
          <ns3:TrackPointExtension>
            <ns3:hr>119</ns3:hr>
          </ns3:TrackPointExtension>
        </extensions>
      </trkpt>
      <trkpt lat="46.56316249631345272064208984375" lon="7.8969061374664306640625">
        <ele>1571.5999755859375</ele>
        <time>2025-08-24T11:55:19.000Z</time>
        <extensions>
          <ns3:TrackPointExtension>
            <ns3:hr>122</ns3:hr>
          </ns3:TrackPointExtension>
        </extensions>
      </trkpt>
      <trkpt lat="46.5632710419595241546630859375" lon="7.8969046287238597869873046875">
        <ele>1571.4000244140625</ele>
        <time>2025-08-24T11:55:27.000Z</time>
        <extensions>
          <ns3:TrackPointExtension>
            <ns3:hr>125</ns3:hr>
          </ns3:TrackPointExtension>
        </extensions>
      </trkpt>
      <trkpt lat="46.56335678882896900177001953125" lon="7.89692298509180545806884765625">
        <ele>1572</ele>
        <time>2025-08-24T11:55:35.000Z</time>
        <extensions>
          <ns3:TrackPointExtension>
            <ns3:hr>123</ns3:hr>
          </ns3:TrackPointExtension>
        </extensions>
      </trkpt>
      <trkpt lat="46.5633696131408214569091796875" lon="7.89693388156592845916748046875">
        <ele>1572</ele>
        <time>2025-08-24T11:55:36.000Z</time>
        <extensions>
          <ns3:TrackPointExtension>
            <ns3:hr>123</ns3:hr>
          </ns3:TrackPointExtension>
        </extensions>
      </trkpt>
      <trkpt lat="46.5634913183748722076416015625" lon="7.89697377942502498626708984375">
        <ele>1572.199951171875</ele>
        <time>2025-08-24T11:55:44.000Z</time>
        <extensions>
          <ns3:TrackPointExtension>
            <ns3:hr>123</ns3:hr>
          </ns3:TrackPointExtension>
        </extensions>
      </trkpt>
      <trkpt lat="46.5636170469224452972412109375" lon="7.8970229811966419219970703125">
        <ele>1572.4000244140625</ele>
        <time>2025-08-24T11:55:53.000Z</time>
        <extensions>
          <ns3:TrackPointExtension>
            <ns3:hr>125</ns3:hr>
          </ns3:TrackPointExtension>
        </extensions>
      </trkpt>
      <trkpt lat="46.56364060007035732269287109375" lon="7.89702608250081539154052734375">
        <ele>1572.199951171875</ele>
        <time>2025-08-24T11:55:57.000Z</time>
        <extensions>
          <ns3:TrackPointExtension>
            <ns3:hr>128</ns3:hr>
          </ns3:TrackPointExtension>
        </extensions>
      </trkpt>
      <trkpt lat="46.563644371926784515380859375" lon="7.89704033173620700836181640625">
        <ele>1572.199951171875</ele>
        <time>2025-08-24T11:55:58.000Z</time>
        <extensions>
          <ns3:TrackPointExtension>
            <ns3:hr>125</ns3:hr>
          </ns3:TrackPointExtension>
        </extensions>
      </trkpt>
      <trkpt lat="46.563657112419605255126953125" lon="7.89702750742435455322265625">
        <ele>1572.4000244140625</ele>
        <time>2025-08-24T11:56:00.000Z</time>
        <extensions>
          <ns3:TrackPointExtension>
            <ns3:hr>125</ns3:hr>
          </ns3:TrackPointExtension>
        </extensions>
      </trkpt>
      <trkpt lat="46.5636824257671833038330078125" lon="7.8970296867191791534423828125">
        <ele>1572.5999755859375</ele>
        <time>2025-08-24T11:56:03.000Z</time>
        <extensions>
          <ns3:TrackPointExtension>
            <ns3:hr>125</ns3:hr>
          </ns3:TrackPointExtension>
        </extensions>
      </trkpt>
      <trkpt lat="46.56367764808237552642822265625" lon="7.897053323686122894287109375">
        <ele>1572.5999755859375</ele>
        <time>2025-08-24T11:56:05.000Z</time>
        <extensions>
          <ns3:TrackPointExtension>
            <ns3:hr>125</ns3:hr>
          </ns3:TrackPointExtension>
        </extensions>
      </trkpt>
      <trkpt lat="46.56367999501526355743408203125" lon="7.89708324708044528961181640625">
        <ele>1572.800048828125</ele>
        <time>2025-08-24T11:56:08.000Z</time>
        <extensions>
          <ns3:TrackPointExtension>
            <ns3:hr>126</ns3:hr>
          </ns3:TrackPointExtension>
        </extensions>
      </trkpt>
      <trkpt lat="46.56368586234748363494873046875" lon="7.897084839642047882080078125">
        <ele>1572.800048828125</ele>
        <time>2025-08-24T11:56:09.000Z</time>
        <extensions>
          <ns3:TrackPointExtension>
            <ns3:hr>124</ns3:hr>
          </ns3:TrackPointExtension>
        </extensions>
      </trkpt>
      <trkpt lat="46.563708074390888214111328125" lon="7.89709565229713916778564453125">
        <ele>1573</ele>
        <time>2025-08-24T11:56:14.000Z</time>
        <extensions>
          <ns3:TrackPointExtension>
            <ns3:hr>123</ns3:hr>
          </ns3:TrackPointExtension>
        </extensions>
      </trkpt>
      <trkpt lat="46.56367798335850238800048828125" lon="7.89711643941700458526611328125">
        <ele>1572.5999755859375</ele>
        <time>2025-08-24T11:56:17.000Z</time>
        <extensions>
          <ns3:TrackPointExtension>
            <ns3:hr>124</ns3:hr>
          </ns3:TrackPointExtension>
        </extensions>
      </trkpt>
      <trkpt lat="46.56351839192211627960205078125" lon="7.8971515595912933349609375">
        <ele>1571.5999755859375</ele>
        <time>2025-08-24T11:56:20.000Z</time>
        <extensions>
          <ns3:TrackPointExtension>
            <ns3:hr>126</ns3:hr>
          </ns3:TrackPointExtension>
        </extensions>
      </trkpt>
      <trkpt lat="46.5634346567094326019287109375" lon="7.896876633167266845703125">
        <ele>1570.800048828125</ele>
        <time>2025-08-24T11:56:23.000Z</time>
        <extensions>
          <ns3:TrackPointExtension>
            <ns3:hr>126</ns3:hr>
          </ns3:TrackPointExtension>
        </extensions>
      </trkpt>
      <trkpt lat="46.563417054712772369384765625" lon="7.896908819675445556640625">
        <ele>1570.800048828125</ele>
        <time>2025-08-24T11:56:24.000Z</time>
        <extensions>
          <ns3:TrackPointExtension>
            <ns3:hr>126</ns3:hr>
          </ns3:TrackPointExtension>
        </extensions>
      </trkpt>
      <trkpt lat="46.56334538944065570831298828125" lon="7.8970441035926342010498046875">
        <ele>1570.4000244140625</ele>
        <time>2025-08-24T11:56:29.000Z</time>
        <extensions>
          <ns3:TrackPointExtension>
            <ns3:hr>125</ns3:hr>
          </ns3:TrackPointExtension>
        </extensions>
      </trkpt>
      <trkpt lat="46.5633437968790531158447265625" lon="7.89731341414153575897216796875">
        <ele>1570.800048828125</ele>
        <time>2025-08-24T11:56:34.000Z</time>
        <extensions>
          <ns3:TrackPointExtension>
            <ns3:hr>126</ns3:hr>
          </ns3:TrackPointExtension>
        </extensions>
      </trkpt>
      <trkpt lat="46.56344345770776271820068359375" lon="7.89750116877257823944091796875">
        <ele>1570.4000244140625</ele>
        <time>2025-08-24T11:56:41.000Z</time>
        <extensions>
          <ns3:TrackPointExtension>
            <ns3:hr>125</ns3:hr>
          </ns3:TrackPointExtension>
        </extensions>
      </trkpt>
      <trkpt lat="46.5634448826313018798828125" lon="7.89770283736288547515869140625">
        <ele>1570.199951171875</ele>
        <time>2025-08-24T11:56:54.000Z</time>
        <extensions>
          <ns3:TrackPointExtension>
            <ns3:hr>122</ns3:hr>
          </ns3:TrackPointExtension>
        </extensions>
      </trkpt>
      <trkpt lat="46.56345368362963199615478515625" lon="7.89757107384502887725830078125">
        <ele>1570.199951171875</ele>
        <time>2025-08-24T11:56:58.000Z</time>
        <extensions>
          <ns3:TrackPointExtension>
            <ns3:hr>125</ns3:hr>
          </ns3:TrackPointExtension>
        </extensions>
      </trkpt>
      <trkpt lat="46.5636961720883846282958984375" lon="7.8978762589395046234130859375">
        <ele>1570.199951171875</ele>
        <time>2025-08-24T11:57:38.000Z</time>
        <extensions>
          <ns3:TrackPointExtension>
            <ns3:hr>122</ns3:hr>
          </ns3:TrackPointExtension>
        </extensions>
      </trkpt>
      <trkpt lat="46.56378024257719516754150390625" lon="7.897758744657039642333984375">
        <ele>1570.199951171875</ele>
        <time>2025-08-24T11:57:40.000Z</time>
        <extensions>
          <ns3:TrackPointExtension>
            <ns3:hr>120</ns3:hr>
          </ns3:TrackPointExtension>
        </extensions>
      </trkpt>
      <trkpt lat="46.5638188831508159637451171875" lon="7.89768640883266925811767578125">
        <ele>1570.199951171875</ele>
        <time>2025-08-24T11:57:42.000Z</time>
        <extensions>
          <ns3:TrackPointExtension>
            <ns3:hr>118</ns3:hr>
          </ns3:TrackPointExtension>
        </extensions>
      </trkpt>
      <trkpt lat="46.56385651789605617523193359375" lon="7.897552214562892913818359375">
        <ele>1570.199951171875</ele>
        <time>2025-08-24T11:57:44.000Z</time>
        <extensions>
          <ns3:TrackPointExtension>
            <ns3:hr>121</ns3:hr>
          </ns3:TrackPointExtension>
        </extensions>
      </trkpt>
      <trkpt lat="46.563870012760162353515625" lon="7.8973371349275112152099609375">
        <ele>1570.5999755859375</ele>
        <time>2025-08-24T11:57:49.000Z</time>
        <extensions>
          <ns3:TrackPointExtension>
            <ns3:hr>127</ns3:hr>
          </ns3:TrackPointExtension>
        </extensions>
      </trkpt>
      <trkpt lat="46.56385769136250019073486328125" lon="7.89672517217695713043212890625">
        <ele>1570.199951171875</ele>
        <time>2025-08-24T11:58:35.000Z</time>
        <extensions>
          <ns3:TrackPointExtension>
            <ns3:hr>123</ns3:hr>
          </ns3:TrackPointExtension>
        </extensions>
      </trkpt>
      <trkpt lat="46.5637967549264430999755859375" lon="7.8969381563365459442138671875">
        <ele>1570.199951171875</ele>
        <time>2025-08-24T11:58:37.000Z</time>
        <extensions>
          <ns3:TrackPointExtension>
            <ns3:hr>123</ns3:hr>
          </ns3:TrackPointExtension>
        </extensions>
      </trkpt>
      <trkpt lat="46.5638175420463085174560546875" lon="7.89685056544840335845947265625">
        <ele>1568.4000244140625</ele>
        <time>2025-08-24T11:58:40.000Z</time>
        <extensions>
          <ns3:TrackPointExtension>
            <ns3:hr>121</ns3:hr>
          </ns3:TrackPointExtension>
        </extensions>
      </trkpt>
      <trkpt lat="46.5638731978833675384521484375" lon="7.89663615636527538299560546875">
        <ele>1568.4000244140625</ele>
        <time>2025-08-24T11:58:41.000Z</time>
        <extensions>
          <ns3:TrackPointExtension>
            <ns3:hr>120</ns3:hr>
          </ns3:TrackPointExtension>
        </extensions>
      </trkpt>
      <trkpt lat="46.5637994371354579925537109375" lon="7.8970186226069927215576171875">
        <ele>1568.5999755859375</ele>
        <time>2025-08-24T11:58:43.000Z</time>
        <extensions>
          <ns3:TrackPointExtension>
            <ns3:hr>125</ns3:hr>
          </ns3:TrackPointExtension>
        </extensions>
      </trkpt>
      <trkpt lat="46.563821397721767425537109375" lon="7.89690521545708179473876953125">
        <ele>1568.5999755859375</ele>
        <time>2025-08-24T11:58:44.000Z</time>
        <extensions>
          <ns3:TrackPointExtension>
            <ns3:hr>126</ns3:hr>
          </ns3:TrackPointExtension>
        </extensions>
      </trkpt>
      <trkpt lat="46.56384394504129886627197265625" lon="7.89683748967945575714111328125">
        <ele>1568.800048828125</ele>
        <time>2025-08-24T11:58:46.000Z</time>
        <extensions>
          <ns3:TrackPointExtension>
            <ns3:hr>130</ns3:hr>
          </ns3:TrackPointExtension>
        </extensions>
      </trkpt>
      <trkpt lat="46.56390731222927570343017578125" lon="7.896436750888824462890625">
        <ele>1568.800048828125</ele>
        <time>2025-08-24T11:58:47.000Z</time>
        <extensions>
          <ns3:TrackPointExtension>
            <ns3:hr>131</ns3:hr>
          </ns3:TrackPointExtension>
        </extensions>
      </trkpt>
      <trkpt lat="46.56363330781459808349609375" lon="7.896866239607334136962890625">
        <ele>1570.5999755859375</ele>
        <time>2025-08-24T11:59:26.000Z</time>
        <extensions>
          <ns3:TrackPointExtension>
            <ns3:hr>136</ns3:hr>
          </ns3:TrackPointExtension>
        </extensions>
      </trkpt>
      <trkpt lat="46.5636780671775341033935546875" lon="7.89689498953521251678466796875">
        <ele>1570.5999755859375</ele>
        <time>2025-08-24T11:59:27.000Z</time>
        <extensions>
          <ns3:TrackPointExtension>
            <ns3:hr>136</ns3:hr>
          </ns3:TrackPointExtension>
        </extensions>
      </trkpt>
      <trkpt lat="46.56363557092845439910888671875" lon="7.8969289362430572509765625">
        <ele>1570.5999755859375</ele>
        <time>2025-08-24T11:59:28.000Z</time>
        <extensions>
          <ns3:TrackPointExtension>
            <ns3:hr>136</ns3:hr>
          </ns3:TrackPointExtension>
        </extensions>
      </trkpt>
      <trkpt lat="46.56360824592411518096923828125" lon="7.89687537588179111480712890625">
        <ele>1570.5999755859375</ele>
        <time>2025-08-24T11:59:30.000Z</time>
        <extensions>
          <ns3:TrackPointExtension>
            <ns3:hr>136</ns3:hr>
          </ns3:TrackPointExtension>
        </extensions>
      </trkpt>
      <trkpt lat="46.56359441578388214111328125" lon="7.89690337143838405609130859375">
        <ele>1570.5999755859375</ele>
        <time>2025-08-24T11:59:31.000Z</time>
        <extensions>
          <ns3:TrackPointExtension>
            <ns3:hr>138</ns3:hr>
          </ns3:TrackPointExtension>
        </extensions>
      </trkpt>
      <trkpt lat="46.563578657805919647216796875" lon="7.89691393263638019561767578125">
        <ele>1570.800048828125</ele>
        <time>2025-08-24T11:59:33.000Z</time>
        <extensions>
          <ns3:TrackPointExtension>
            <ns3:hr>135</ns3:hr>
          </ns3:TrackPointExtension>
        </extensions>
      </trkpt>
      <trkpt lat="46.56356331892311573028564453125" lon="7.89690622128546237945556640625">
        <ele>1570.800048828125</ele>
        <time>2025-08-24T11:59:34.000Z</time>
        <extensions>
          <ns3:TrackPointExtension>
            <ns3:hr>135</ns3:hr>
          </ns3:TrackPointExtension>
        </extensions>
      </trkpt>
      <trkpt lat="46.56351537443697452545166015625" lon="7.89694578386843204498291015625">
        <ele>1570.4000244140625</ele>
        <time>2025-08-24T11:59:39.000Z</time>
        <extensions>
          <ns3:TrackPointExtension>
            <ns3:hr>133</ns3:hr>
          </ns3:TrackPointExtension>
        </extensions>
      </trkpt>
      <trkpt lat="46.56350028701126575469970703125" lon="7.89694972336292266845703125">
        <ele>1570.4000244140625</ele>
        <time>2025-08-24T11:59:40.000Z</time>
        <extensions>
          <ns3:TrackPointExtension>
            <ns3:hr>133</ns3:hr>
          </ns3:TrackPointExtension>
        </extensions>
      </trkpt>
      <trkpt lat="46.56347413547337055206298828125" lon="7.8969022817909717559814453125">
        <ele>1570.4000244140625</ele>
        <time>2025-08-24T11:59:42.000Z</time>
        <extensions>
          <ns3:TrackPointExtension>
            <ns3:hr>132</ns3:hr>
          </ns3:TrackPointExtension>
        </extensions>
      </trkpt>
      <trkpt lat="46.5634594671428203582763671875" lon="7.89692633785307407379150390625">
        <ele>1570.4000244140625</ele>
        <time>2025-08-24T11:59:43.000Z</time>
        <extensions>
          <ns3:TrackPointExtension>
            <ns3:hr>132</ns3:hr>
          </ns3:TrackPointExtension>
        </extensions>
      </trkpt>
      <trkpt lat="46.563418395817279815673828125" lon="7.8969636373221874237060546875">
        <ele>1570.4000244140625</ele>
        <time>2025-08-24T11:59:47.000Z</time>
        <extensions>
          <ns3:TrackPointExtension>
            <ns3:hr>132</ns3:hr>
          </ns3:TrackPointExtension>
        </extensions>
      </trkpt>
      <trkpt lat="46.56337657012045383453369140625" lon="7.89693807251751422882080078125">
        <ele>1570.199951171875</ele>
        <time>2025-08-24T11:59:51.000Z</time>
        <extensions>
          <ns3:TrackPointExtension>
            <ns3:hr>129</ns3:hr>
          </ns3:TrackPointExtension>
        </extensions>
      </trkpt>
      <trkpt lat="46.56334253959357738494873046875" lon="7.8969378210604190826416015625">
        <ele>1569.800048828125</ele>
        <time>2025-08-24T11:59:54.000Z</time>
        <extensions>
          <ns3:TrackPointExtension>
            <ns3:hr>128</ns3:hr>
          </ns3:TrackPointExtension>
        </extensions>
      </trkpt>
      <trkpt lat="46.5633085928857326507568359375" lon="7.89692264981567859649658203125">
        <ele>1569.800048828125</ele>
        <time>2025-08-24T11:59:56.000Z</time>
        <extensions>
          <ns3:TrackPointExtension>
            <ns3:hr>128</ns3:hr>
          </ns3:TrackPointExtension>
        </extensions>
      </trkpt>
      <trkpt lat="46.56327565200626850128173828125" lon="7.89691024459898471832275390625">
        <ele>1569.800048828125</ele>
        <time>2025-08-24T11:59:58.000Z</time>
        <extensions>
          <ns3:TrackPointExtension>
            <ns3:hr>128</ns3:hr>
          </ns3:TrackPointExtension>
        </extensions>
      </trkpt>
      <trkpt lat="46.56327414326369762420654296875" lon="7.89690144360065460205078125">
        <ele>1569.5999755859375</ele>
        <time>2025-08-24T11:59:59.000Z</time>
        <extensions>
          <ns3:TrackPointExtension>
            <ns3:hr>128</ns3:hr>
          </ns3:TrackPointExtension>
        </extensions>
      </trkpt>
      <trkpt lat="46.56319770030677318572998046875" lon="7.8968912176787853240966796875">
        <ele>1569.5999755859375</ele>
        <time>2025-08-24T12:00:04.000Z</time>
        <extensions>
          <ns3:TrackPointExtension>
            <ns3:hr>125</ns3:hr>
          </ns3:TrackPointExtension>
        </extensions>
      </trkpt>
      <trkpt lat="46.5631525218486785888671875" lon="7.89688124321401119232177734375">
        <ele>1569.4000244140625</ele>
        <time>2025-08-24T12:00:07.000Z</time>
        <extensions>
          <ns3:TrackPointExtension>
            <ns3:hr>122</ns3:hr>
          </ns3:TrackPointExtension>
        </extensions>
      </trkpt>
      <trkpt lat="46.56306325457990169525146484375" lon="7.8968757949769496917724609375">
        <ele>1569.4000244140625</ele>
        <time>2025-08-24T12:00:14.000Z</time>
        <extensions>
          <ns3:TrackPointExtension>
            <ns3:hr>121</ns3:hr>
          </ns3:TrackPointExtension>
        </extensions>
      </trkpt>
      <trkpt lat="46.5629632584750652313232421875" lon="7.89691619575023651123046875">
        <ele>1569.199951171875</ele>
        <time>2025-08-24T12:00:23.000Z</time>
        <extensions>
          <ns3:TrackPointExtension>
            <ns3:hr>121</ns3:hr>
          </ns3:TrackPointExtension>
        </extensions>
      </trkpt>
      <trkpt lat="46.56293702311813831329345703125" lon="7.8969810716807842254638671875">
        <ele>1569</ele>
        <time>2025-08-24T12:00:28.000Z</time>
        <extensions>
          <ns3:TrackPointExtension>
            <ns3:hr>121</ns3:hr>
          </ns3:TrackPointExtension>
        </extensions>
      </trkpt>
      <trkpt lat="46.562944985926151275634765625" lon="7.89703379385173320770263671875">
        <ele>1569</ele>
        <time>2025-08-24T12:00:30.000Z</time>
        <extensions>
          <ns3:TrackPointExtension>
            <ns3:hr>121</ns3:hr>
          </ns3:TrackPointExtension>
        </extensions>
      </trkpt>
      <trkpt lat="46.56290634535253047943115234375" lon="7.8971078060567378997802734375">
        <ele>1569</ele>
        <time>2025-08-24T12:00:35.000Z</time>
        <extensions>
          <ns3:TrackPointExtension>
            <ns3:hr>122</ns3:hr>
          </ns3:TrackPointExtension>
        </extensions>
      </trkpt>
      <trkpt lat="46.562822274863719940185546875" lon="7.89725557900965213775634765625">
        <ele>1569.199951171875</ele>
        <time>2025-08-24T12:00:44.000Z</time>
        <extensions>
          <ns3:TrackPointExtension>
            <ns3:hr>124</ns3:hr>
          </ns3:TrackPointExtension>
        </extensions>
      </trkpt>
      <trkpt lat="46.562644578516483306884765625" lon="7.89732213132083415985107421875">
        <ele>1569.199951171875</ele>
        <time>2025-08-24T12:00:54.000Z</time>
        <extensions>
          <ns3:TrackPointExtension>
            <ns3:hr>125</ns3:hr>
          </ns3:TrackPointExtension>
        </extensions>
      </trkpt>
      <trkpt lat="46.56258062459528446197509765625" lon="7.897322215139865875244140625">
        <ele>1569</ele>
        <time>2025-08-24T12:00:58.000Z</time>
        <extensions>
          <ns3:TrackPointExtension>
            <ns3:hr>128</ns3:hr>
          </ns3:TrackPointExtension>
        </extensions>
      </trkpt>
      <trkpt lat="46.562518179416656494140625" lon="7.89734744466841220855712890625">
        <ele>1569</ele>
        <time>2025-08-24T12:01:01.000Z</time>
        <extensions>
          <ns3:TrackPointExtension>
            <ns3:hr>129</ns3:hr>
          </ns3:TrackPointExtension>
        </extensions>
      </trkpt>
      <trkpt lat="46.56245338730514049530029296875" lon="7.8973280824720859527587890625">
        <ele>1569</ele>
        <time>2025-08-24T12:01:05.000Z</time>
        <extensions>
          <ns3:TrackPointExtension>
            <ns3:hr>129</ns3:hr>
          </ns3:TrackPointExtension>
        </extensions>
      </trkpt>
      <trkpt lat="46.56241533346474170684814453125" lon="7.8972969017922878265380859375">
        <ele>1569.199951171875</ele>
        <time>2025-08-24T12:01:08.000Z</time>
        <extensions>
          <ns3:TrackPointExtension>
            <ns3:hr>129</ns3:hr>
          </ns3:TrackPointExtension>
        </extensions>
      </trkpt>
      <trkpt lat="46.562322713434696197509765625" lon="7.89721928536891937255859375">
        <ele>1569.199951171875</ele>
        <time>2025-08-24T12:01:15.000Z</time>
        <extensions>
          <ns3:TrackPointExtension>
            <ns3:hr>133</ns3:hr>
          </ns3:TrackPointExtension>
        </extensions>
      </trkpt>
      <trkpt lat="46.56230561435222625732421875" lon="7.89721098728477954864501953125">
        <ele>1569.199951171875</ele>
        <time>2025-08-24T12:01:16.000Z</time>
        <extensions>
          <ns3:TrackPointExtension>
            <ns3:hr>129</ns3:hr>
          </ns3:TrackPointExtension>
        </extensions>
      </trkpt>
      <trkpt lat="46.5622276626527309417724609375" lon="7.89715935476124286651611328125">
        <ele>1569.5999755859375</ele>
        <time>2025-08-24T12:01:23.000Z</time>
        <extensions>
          <ns3:TrackPointExtension>
            <ns3:hr>128</ns3:hr>
          </ns3:TrackPointExtension>
        </extensions>
      </trkpt>
      <trkpt lat="46.56207016669213771820068359375" lon="7.89709866978228092193603515625">
        <ele>1569.800048828125</ele>
        <time>2025-08-24T12:01:34.000Z</time>
        <extensions>
          <ns3:TrackPointExtension>
            <ns3:hr>126</ns3:hr>
          </ns3:TrackPointExtension>
        </extensions>
      </trkpt>
      <trkpt lat="46.5620513074100017547607421875" lon="7.89709649048745632171630859375">
        <ele>1569.800048828125</ele>
        <time>2025-08-24T12:01:35.000Z</time>
        <extensions>
          <ns3:TrackPointExtension>
            <ns3:hr>129</ns3:hr>
          </ns3:TrackPointExtension>
        </extensions>
      </trkpt>
      <trkpt lat="46.562002860009670257568359375" lon="7.89709162898361682891845703125">
        <ele>1570</ele>
        <time>2025-08-24T12:01:38.000Z</time>
        <extensions>
          <ns3:TrackPointExtension>
            <ns3:hr>132</ns3:hr>
          </ns3:TrackPointExtension>
        </extensions>
      </trkpt>
      <trkpt lat="46.5619410015642642974853515625" lon="7.89707201533019542694091796875">
        <ele>1570.199951171875</ele>
        <time>2025-08-24T12:01:42.000Z</time>
        <extensions>
          <ns3:TrackPointExtension>
            <ns3:hr>131</ns3:hr>
          </ns3:TrackPointExtension>
        </extensions>
      </trkpt>
      <trkpt lat="46.5619138441979885101318359375" lon="7.8970182873308658599853515625">
        <ele>1570.4000244140625</ele>
        <time>2025-08-24T12:01:46.000Z</time>
        <extensions>
          <ns3:TrackPointExtension>
            <ns3:hr>132</ns3:hr>
          </ns3:TrackPointExtension>
        </extensions>
      </trkpt>
      <trkpt lat="46.561901606619358062744140625" lon="7.8970058821141719818115234375">
        <ele>1570.5999755859375</ele>
        <time>2025-08-24T12:01:48.000Z</time>
        <extensions>
          <ns3:TrackPointExtension>
            <ns3:hr>133</ns3:hr>
          </ns3:TrackPointExtension>
        </extensions>
      </trkpt>
      <trkpt lat="46.56189314089715480804443359375" lon="7.89699540473520755767822265625">
        <ele>1570.800048828125</ele>
        <time>2025-08-24T12:01:49.000Z</time>
        <extensions>
          <ns3:TrackPointExtension>
            <ns3:hr>134</ns3:hr>
          </ns3:TrackPointExtension>
        </extensions>
      </trkpt>
      <trkpt lat="46.56186933629214763641357421875" lon="7.89698014967143535614013671875">
        <ele>1570.800048828125</ele>
        <time>2025-08-24T12:01:51.000Z</time>
        <extensions>
          <ns3:TrackPointExtension>
            <ns3:hr>135</ns3:hr>
          </ns3:TrackPointExtension>
        </extensions>
      </trkpt>
      <trkpt lat="46.56184402294456958770751953125" lon="7.8969405032694339752197265625">
        <ele>1571</ele>
        <time>2025-08-24T12:01:54.000Z</time>
        <extensions>
          <ns3:TrackPointExtension>
            <ns3:hr>135</ns3:hr>
          </ns3:TrackPointExtension>
        </extensions>
      </trkpt>
      <trkpt lat="46.56176380813121795654296875" lon="7.89689649827778339385986328125">
        <ele>1571.4000244140625</ele>
        <time>2025-08-24T12:02:00.000Z</time>
        <extensions>
          <ns3:TrackPointExtension>
            <ns3:hr>137</ns3:hr>
          </ns3:TrackPointExtension>
        </extensions>
      </trkpt>
      <trkpt lat="46.5617606230080127716064453125" lon="7.8969021141529083251953125">
        <ele>1571.4000244140625</ele>
        <time>2025-08-24T12:02:01.000Z</time>
        <extensions>
          <ns3:TrackPointExtension>
            <ns3:hr>137</ns3:hr>
          </ns3:TrackPointExtension>
        </extensions>
      </trkpt>
      <trkpt lat="46.561741344630718231201171875" lon="7.89689532481133937835693359375">
        <ele>1571.4000244140625</ele>
        <time>2025-08-24T12:02:03.000Z</time>
        <extensions>
          <ns3:TrackPointExtension>
            <ns3:hr>137</ns3:hr>
          </ns3:TrackPointExtension>
        </extensions>
      </trkpt>
      <trkpt lat="46.56171544454991817474365234375" lon="7.89688275195658206939697265625">
        <ele>1571.5999755859375</ele>
        <time>2025-08-24T12:02:05.000Z</time>
        <extensions>
          <ns3:TrackPointExtension>
            <ns3:hr>137</ns3:hr>
          </ns3:TrackPointExtension>
        </extensions>
      </trkpt>
      <trkpt lat="46.5615966729819774627685546875" lon="7.8968389146029949188232421875">
        <ele>1571.5999755859375</ele>
        <time>2025-08-24T12:02:12.000Z</time>
        <extensions>
          <ns3:TrackPointExtension>
            <ns3:hr>135</ns3:hr>
          </ns3:TrackPointExtension>
        </extensions>
      </trkpt>
      <trkpt lat="46.56155727803707122802734375" lon="7.8968043811619281768798828125">
        <ele>1571.800048828125</ele>
        <time>2025-08-24T12:02:15.000Z</time>
        <extensions>
          <ns3:TrackPointExtension>
            <ns3:hr>137</ns3:hr>
          </ns3:TrackPointExtension>
        </extensions>
      </trkpt>
      <trkpt lat="46.5614994429051876068115234375" lon="7.89679205976426601409912109375">
        <ele>1571.800048828125</ele>
        <time>2025-08-24T12:02:18.000Z</time>
        <extensions>
          <ns3:TrackPointExtension>
            <ns3:hr>138</ns3:hr>
          </ns3:TrackPointExtension>
        </extensions>
      </trkpt>
      <trkpt lat="46.5613649971783161163330078125" lon="7.89672550745308399200439453125">
        <ele>1572.199951171875</ele>
        <time>2025-08-24T12:02:26.000Z</time>
        <extensions>
          <ns3:TrackPointExtension>
            <ns3:hr>140</ns3:hr>
          </ns3:TrackPointExtension>
        </extensions>
      </trkpt>
      <trkpt lat="46.56130339019000530242919921875" lon="7.8966070711612701416015625">
        <ele>1572</ele>
        <time>2025-08-24T12:02:33.000Z</time>
        <extensions>
          <ns3:TrackPointExtension>
            <ns3:hr>137</ns3:hr>
          </ns3:TrackPointExtension>
        </extensions>
      </trkpt>
      <trkpt lat="46.56128696165978908538818359375" lon="7.89659877307713031768798828125">
        <ele>1572</ele>
        <time>2025-08-24T12:02:34.000Z</time>
        <extensions>
          <ns3:TrackPointExtension>
            <ns3:hr>137</ns3:hr>
          </ns3:TrackPointExtension>
        </extensions>
      </trkpt>
      <trkpt lat="46.56124689616262912750244140625" lon="7.896576225757598876953125">
        <ele>1572</ele>
        <time>2025-08-24T12:02:37.000Z</time>
        <extensions>
          <ns3:TrackPointExtension>
            <ns3:hr>136</ns3:hr>
          </ns3:TrackPointExtension>
        </extensions>
      </trkpt>
      <trkpt lat="46.56121219508349895477294921875" lon="7.896549068391323089599609375">
        <ele>1572</ele>
        <time>2025-08-24T12:02:39.000Z</time>
        <extensions>
          <ns3:TrackPointExtension>
            <ns3:hr>136</ns3:hr>
          </ns3:TrackPointExtension>
        </extensions>
      </trkpt>
      <trkpt lat="46.56119526363909244537353515625" lon="7.89652995765209197998046875">
        <ele>1572</ele>
        <time>2025-08-24T12:02:41.000Z</time>
        <extensions>
          <ns3:TrackPointExtension>
            <ns3:hr>135</ns3:hr>
          </ns3:TrackPointExtension>
        </extensions>
      </trkpt>
      <trkpt lat="46.56117196194827556610107421875" lon="7.896463572978973388671875">
        <ele>1571.800048828125</ele>
        <time>2025-08-24T12:02:46.000Z</time>
        <extensions>
          <ns3:TrackPointExtension>
            <ns3:hr>132</ns3:hr>
          </ns3:TrackPointExtension>
        </extensions>
      </trkpt>
      <trkpt lat="46.5611678548157215118408203125" lon="7.89644203148782253265380859375">
        <ele>1571.800048828125</ele>
        <time>2025-08-24T12:02:47.000Z</time>
        <extensions>
          <ns3:TrackPointExtension>
            <ns3:hr>133</ns3:hr>
          </ns3:TrackPointExtension>
        </extensions>
      </trkpt>
      <trkpt lat="46.5610907413065433502197265625" lon="7.89637933485209941864013671875">
        <ele>1571.5999755859375</ele>
        <time>2025-08-24T12:02:52.000Z</time>
        <extensions>
          <ns3:TrackPointExtension>
            <ns3:hr>138</ns3:hr>
          </ns3:TrackPointExtension>
        </extensions>
      </trkpt>
      <trkpt lat="46.5610729716718196868896484375" lon="7.8963678516447544097900390625">
        <ele>1571.5999755859375</ele>
        <time>2025-08-24T12:02:53.000Z</time>
        <extensions>
          <ns3:TrackPointExtension>
            <ns3:hr>134</ns3:hr>
          </ns3:TrackPointExtension>
        </extensions>
      </trkpt>
      <trkpt lat="46.56103919260203838348388671875" lon="7.8963360004127025604248046875">
        <ele>1571.5999755859375</ele>
        <time>2025-08-24T12:02:55.000Z</time>
        <extensions>
          <ns3:TrackPointExtension>
            <ns3:hr>134</ns3:hr>
          </ns3:TrackPointExtension>
        </extensions>
      </trkpt>
      <trkpt lat="46.5609482489526271820068359375" lon="7.89628646336495876312255859375">
        <ele>1571.4000244140625</ele>
        <time>2025-08-24T12:03:01.000Z</time>
        <extensions>
          <ns3:TrackPointExtension>
            <ns3:hr>131</ns3:hr>
          </ns3:TrackPointExtension>
        </extensions>
      </trkpt>
      <trkpt lat="46.5609123744070529937744140625" lon="7.89620012976229190826416015625">
        <ele>1571.199951171875</ele>
        <time>2025-08-24T12:03:05.000Z</time>
        <extensions>
          <ns3:TrackPointExtension>
            <ns3:hr>129</ns3:hr>
          </ns3:TrackPointExtension>
        </extensions>
      </trkpt>
      <trkpt lat="46.5607926808297634124755859375" lon="7.89617464877665042877197265625">
        <ele>1571.199951171875</ele>
        <time>2025-08-24T12:03:12.000Z</time>
        <extensions>
          <ns3:TrackPointExtension>
            <ns3:hr>132</ns3:hr>
          </ns3:TrackPointExtension>
        </extensions>
      </trkpt>
      <trkpt lat="46.5607601590454578399658203125" lon="7.8961412049829959869384765625">
        <ele>1571</ele>
        <time>2025-08-24T12:03:15.000Z</time>
        <extensions>
          <ns3:TrackPointExtension>
            <ns3:hr>135</ns3:hr>
          </ns3:TrackPointExtension>
        </extensions>
      </trkpt>
      <trkpt lat="46.56075839884579181671142578125" lon="7.8960728086531162261962890625">
        <ele>1570.800048828125</ele>
        <time>2025-08-24T12:03:18.000Z</time>
        <extensions>
          <ns3:TrackPointExtension>
            <ns3:hr>139</ns3:hr>
          </ns3:TrackPointExtension>
        </extensions>
      </trkpt>
      <trkpt lat="46.56074716709554195404052734375" lon="7.896062918007373809814453125">
        <ele>1570.800048828125</ele>
        <time>2025-08-24T12:03:19.000Z</time>
        <extensions>
          <ns3:TrackPointExtension>
            <ns3:hr>141</ns3:hr>
          </ns3:TrackPointExtension>
        </extensions>
      </trkpt>
      <trkpt lat="46.56072445213794708251953125" lon="7.896034754812717437744140625">
        <ele>1570.800048828125</ele>
        <time>2025-08-24T12:03:21.000Z</time>
        <extensions>
          <ns3:TrackPointExtension>
            <ns3:hr>141</ns3:hr>
          </ns3:TrackPointExtension>
        </extensions>
      </trkpt>
      <trkpt lat="46.5606847219169139862060546875" lon="7.89601153694093227386474609375">
        <ele>1570.5999755859375</ele>
        <time>2025-08-24T12:03:24.000Z</time>
        <extensions>
          <ns3:TrackPointExtension>
            <ns3:hr>144</ns3:hr>
          </ns3:TrackPointExtension>
        </extensions>
      </trkpt>
      <trkpt lat="46.56067105941474437713623046875" lon="7.89600583724677562713623046875">
        <ele>1570.5999755859375</ele>
        <time>2025-08-24T12:03:25.000Z</time>
        <extensions>
          <ns3:TrackPointExtension>
            <ns3:hr>144</ns3:hr>
          </ns3:TrackPointExtension>
        </extensions>
      </trkpt>
      <trkpt lat="46.56064859591424465179443359375" lon="7.895995862782001495361328125">
        <ele>1570.5999755859375</ele>
        <time>2025-08-24T12:03:27.000Z</time>
        <extensions>
          <ns3:TrackPointExtension>
            <ns3:hr>141</ns3:hr>
          </ns3:TrackPointExtension>
        </extensions>
      </trkpt>
      <trkpt lat="46.56062764115631580352783203125" lon="7.8959728963673114776611328125">
        <ele>1570.4000244140625</ele>
        <time>2025-08-24T12:03:29.000Z</time>
        <extensions>
          <ns3:TrackPointExtension>
            <ns3:hr>143</ns3:hr>
          </ns3:TrackPointExtension>
        </extensions>
      </trkpt>
      <trkpt lat="46.5605928562581539154052734375" lon="7.8959209285676479339599609375">
        <ele>1570.199951171875</ele>
        <time>2025-08-24T12:03:32.000Z</time>
        <extensions>
          <ns3:TrackPointExtension>
            <ns3:hr>147</ns3:hr>
          </ns3:TrackPointExtension>
        </extensions>
      </trkpt>
      <trkpt lat="46.56057584099471569061279296875" lon="7.8959031589329242706298828125">
        <ele>1570.199951171875</ele>
        <time>2025-08-24T12:03:33.000Z</time>
        <extensions>
          <ns3:TrackPointExtension>
            <ns3:hr>147</ns3:hr>
          </ns3:TrackPointExtension>
        </extensions>
      </trkpt>
      <trkpt lat="46.5605373680591583251953125" lon="7.89579561911523342132568359375">
        <ele>1570</ele>
        <time>2025-08-24T12:03:37.000Z</time>
        <extensions>
          <ns3:TrackPointExtension>
            <ns3:hr>146</ns3:hr>
          </ns3:TrackPointExtension>
        </extensions>
      </trkpt>
      <trkpt lat="46.5605274774134159088134765625" lon="7.89574080146849155426025390625">
        <ele>1569.800048828125</ele>
        <time>2025-08-24T12:03:39.000Z</time>
        <extensions>
          <ns3:TrackPointExtension>
            <ns3:hr>146</ns3:hr>
          </ns3:TrackPointExtension>
        </extensions>
      </trkpt>
      <trkpt lat="46.560508199036121368408203125" lon="7.89564910344779491424560546875">
        <ele>1570</ele>
        <time>2025-08-24T12:03:43.000Z</time>
        <extensions>
          <ns3:TrackPointExtension>
            <ns3:hr>149</ns3:hr>
          </ns3:TrackPointExtension>
        </extensions>
      </trkpt>
      <trkpt lat="46.560496799647808074951171875" lon="7.89561574347317218780517578125">
        <ele>1570</ele>
        <time>2025-08-24T12:03:45.000Z</time>
        <extensions>
          <ns3:TrackPointExtension>
            <ns3:hr>149</ns3:hr>
          </ns3:TrackPointExtension>
        </extensions>
      </trkpt>
      <trkpt lat="46.560486741364002227783203125" lon="7.89558850228786468505859375">
        <ele>1570</ele>
        <time>2025-08-24T12:03:46.000Z</time>
        <extensions>
          <ns3:TrackPointExtension>
            <ns3:hr>149</ns3:hr>
          </ns3:TrackPointExtension>
        </extensions>
      </trkpt>
      <trkpt lat="46.56046285293996334075927734375" lon="7.89552806876599788665771484375">
        <ele>1569.5999755859375</ele>
        <time>2025-08-24T12:03:49.000Z</time>
        <extensions>
          <ns3:TrackPointExtension>
            <ns3:hr>147</ns3:hr>
          </ns3:TrackPointExtension>
        </extensions>
      </trkpt>
      <trkpt lat="46.5604341030120849609375" lon="7.895443327724933624267578125">
        <ele>1569.5999755859375</ele>
        <time>2025-08-24T12:03:53.000Z</time>
        <extensions>
          <ns3:TrackPointExtension>
            <ns3:hr>146</ns3:hr>
          </ns3:TrackPointExtension>
        </extensions>
      </trkpt>
      <trkpt lat="46.5603665448725223541259765625" lon="7.8952631168067455291748046875">
        <ele>1569.800048828125</ele>
        <time>2025-08-24T12:04:02.000Z</time>
        <extensions>
          <ns3:TrackPointExtension>
            <ns3:hr>148</ns3:hr>
          </ns3:TrackPointExtension>
        </extensions>
      </trkpt>
      <trkpt lat="46.56035372056066989898681640625" lon="7.895213328301906585693359375">
        <ele>1569.800048828125</ele>
        <time>2025-08-24T12:04:05.000Z</time>
        <extensions>
          <ns3:TrackPointExtension>
            <ns3:hr>148</ns3:hr>
          </ns3:TrackPointExtension>
        </extensions>
      </trkpt>
      <trkpt lat="46.56035003252327442169189453125" lon="7.89520938880741596221923828125">
        <ele>1570</ele>
        <time>2025-08-24T12:04:06.000Z</time>
        <extensions>
          <ns3:TrackPointExtension>
            <ns3:hr>144</ns3:hr>
          </ns3:TrackPointExtension>
        </extensions>
      </trkpt>
      <trkpt lat="46.5603457577526569366455078125" lon="7.895209304988384246826171875">
        <ele>1570</ele>
        <time>2025-08-24T12:04:07.000Z</time>
        <extensions>
          <ns3:TrackPointExtension>
            <ns3:hr>145</ns3:hr>
          </ns3:TrackPointExtension>
        </extensions>
      </trkpt>
      <trkpt lat="46.5603397227823734283447265625" lon="7.8952121548354625701904296875">
        <ele>1570</ele>
        <time>2025-08-24T12:04:08.000Z</time>
        <extensions>
          <ns3:TrackPointExtension>
            <ns3:hr>145</ns3:hr>
          </ns3:TrackPointExtension>
        </extensions>
      </trkpt>
      <trkpt lat="46.56033444218337535858154296875" lon="7.89521567523479461669921875">
        <ele>1570</ele>
        <time>2025-08-24T12:04:09.000Z</time>
        <extensions>
          <ns3:TrackPointExtension>
            <ns3:hr>146</ns3:hr>
          </ns3:TrackPointExtension>
        </extensions>
      </trkpt>
      <trkpt lat="46.56032538972795009613037109375" lon="7.895221710205078125">
        <ele>1570.199951171875</ele>
        <time>2025-08-24T12:04:11.000Z</time>
        <extensions>
          <ns3:TrackPointExtension>
            <ns3:hr>146</ns3:hr>
          </ns3:TrackPointExtension>
        </extensions>
      </trkpt>
      <trkpt lat="46.560308374464511871337890625" lon="7.8952423296868801116943359375">
        <ele>1570.800048828125</ele>
        <time>2025-08-24T12:04:15.000Z</time>
        <extensions>
          <ns3:TrackPointExtension>
            <ns3:hr>140</ns3:hr>
          </ns3:TrackPointExtension>
        </extensions>
      </trkpt>
      <trkpt lat="46.56029555015265941619873046875" lon="7.89525615982711315155029296875">
        <ele>1570.800048828125</ele>
        <time>2025-08-24T12:04:18.000Z</time>
        <extensions>
          <ns3:TrackPointExtension>
            <ns3:hr>137</ns3:hr>
          </ns3:TrackPointExtension>
        </extensions>
      </trkpt>
      <trkpt lat="46.56027786433696746826171875" lon="7.89525046013295650482177734375">
        <ele>1570.800048828125</ele>
        <time>2025-08-24T12:04:23.000Z</time>
        <extensions>
          <ns3:TrackPointExtension>
            <ns3:hr>134</ns3:hr>
          </ns3:TrackPointExtension>
        </extensions>
      </trkpt>
      <trkpt lat="46.5601392276585102081298828125" lon="7.896197028458118438720703125">
        <ele>1570.800048828125</ele>
        <time>2025-08-24T12:14:11.000Z</time>
        <extensions>
          <ns3:TrackPointExtension>
            <ns3:hr>109</ns3:hr>
          </ns3:TrackPointExtension>
        </extensions>
      </trkpt>
      <trkpt lat="46.5600557439029216766357421875" lon="7.8959809429943561553955078125">
        <ele>1570.800048828125</ele>
        <time>2025-08-24T12:14:26.000Z</time>
        <extensions>
          <ns3:TrackPointExtension>
            <ns3:hr>105</ns3:hr>
          </ns3:TrackPointExtension>
        </extensions>
      </trkpt>
      <trkpt lat="46.56003487296402454376220703125" lon="7.8960536979138851165771484375">
        <ele>1570.800048828125</ele>
        <time>2025-08-24T12:14:28.000Z</time>
        <extensions>
          <ns3:TrackPointExtension>
            <ns3:hr>109</ns3:hr>
          </ns3:TrackPointExtension>
        </extensions>
      </trkpt>
      <trkpt lat="46.56002783216536045074462890625" lon="7.89600022137165069580078125">
        <ele>1567.5999755859375</ele>
        <time>2025-08-24T12:14:39.000Z</time>
        <extensions>
          <ns3:TrackPointExtension>
            <ns3:hr>111</ns3:hr>
          </ns3:TrackPointExtension>
        </extensions>
      </trkpt>
      <trkpt lat="46.55997703783214092254638671875" lon="7.89602260105311870574951171875">
        <ele>1567.800048828125</ele>
        <time>2025-08-24T12:14:48.000Z</time>
        <extensions>
          <ns3:TrackPointExtension>
            <ns3:hr>108</ns3:hr>
          </ns3:TrackPointExtension>
        </extensions>
      </trkpt>
      <trkpt lat="46.55999782495200634002685546875" lon="7.895722948014736175537109375">
        <ele>1567.800048828125</ele>
        <time>2025-08-24T12:14:56.000Z</time>
        <extensions>
          <ns3:TrackPointExtension>
            <ns3:hr>108</ns3:hr>
          </ns3:TrackPointExtension>
        </extensions>
      </trkpt>
      <trkpt lat="46.56002707779407501220703125" lon="7.89570710621774196624755859375">
        <ele>1567.800048828125</ele>
        <time>2025-08-24T12:14:57.000Z</time>
        <extensions>
          <ns3:TrackPointExtension>
            <ns3:hr>108</ns3:hr>
          </ns3:TrackPointExtension>
        </extensions>
      </trkpt>
      <trkpt lat="46.560002602636814117431640625" lon="7.89594146423041820526123046875">
        <ele>1567.800048828125</ele>
        <time>2025-08-24T12:15:00.000Z</time>
        <extensions>
          <ns3:TrackPointExtension>
            <ns3:hr>106</ns3:hr>
          </ns3:TrackPointExtension>
        </extensions>
      </trkpt>
      <trkpt lat="46.55993948690593242645263671875" lon="7.89629082195460796356201171875">
        <ele>1567.800048828125</ele>
        <time>2025-08-24T12:15:01.000Z</time>
        <extensions>
          <ns3:TrackPointExtension>
            <ns3:hr>105</ns3:hr>
          </ns3:TrackPointExtension>
        </extensions>
      </trkpt>
      <trkpt lat="46.55994736589491367340087890625" lon="7.89640297181904315948486328125">
        <ele>1567.5999755859375</ele>
        <time>2025-08-24T12:15:02.000Z</time>
        <extensions>
          <ns3:TrackPointExtension>
            <ns3:hr>104</ns3:hr>
          </ns3:TrackPointExtension>
        </extensions>
      </trkpt>
      <trkpt lat="46.55970244668424129486083984375" lon="7.89718382991850376129150390625">
        <ele>1567.5999755859375</ele>
        <time>2025-08-24T12:15:39.000Z</time>
        <extensions>
          <ns3:TrackPointExtension>
            <ns3:hr>108</ns3:hr>
          </ns3:TrackPointExtension>
        </extensions>
      </trkpt>
      <trkpt lat="46.55900406651198863983154296875" lon="7.89882081560790538787841796875">
        <ele>1567.5999755859375</ele>
        <time>2025-08-24T12:15:54.000Z</time>
        <extensions>
          <ns3:TrackPointExtension>
            <ns3:hr>105</ns3:hr>
          </ns3:TrackPointExtension>
        </extensions>
      </trkpt>
      <trkpt lat="46.55914756469428539276123046875" lon="7.8985437937080860137939453125">
        <ele>1567.5999755859375</ele>
        <time>2025-08-24T12:15:55.000Z</time>
        <extensions>
          <ns3:TrackPointExtension>
            <ns3:hr>105</ns3:hr>
          </ns3:TrackPointExtension>
        </extensions>
      </trkpt>
      <trkpt lat="46.5595632232725620269775390625" lon="7.8971829079091548919677734375">
        <ele>1567.5999755859375</ele>
        <time>2025-08-24T12:16:35.000Z</time>
        <extensions>
          <ns3:TrackPointExtension>
            <ns3:hr>104</ns3:hr>
          </ns3:TrackPointExtension>
        </extensions>
      </trkpt>
      <trkpt lat="46.55946406535804271697998046875" lon="7.89743260480463504791259765625">
        <ele>1567.5999755859375</ele>
        <time>2025-08-24T12:16:45.000Z</time>
        <extensions>
          <ns3:TrackPointExtension>
            <ns3:hr>102</ns3:hr>
          </ns3:TrackPointExtension>
        </extensions>
      </trkpt>
      <trkpt lat="46.559498347342014312744140625" lon="7.8973683156073093414306640625">
        <ele>1567.5999755859375</ele>
        <time>2025-08-24T12:16:49.000Z</time>
        <extensions>
          <ns3:TrackPointExtension>
            <ns3:hr>101</ns3:hr>
          </ns3:TrackPointExtension>
        </extensions>
      </trkpt>
      <trkpt lat="46.55981325544416904449462890625" lon="7.89622225798666477203369140625">
        <ele>1567.5999755859375</ele>
        <time>2025-08-24T12:17:04.000Z</time>
        <extensions>
          <ns3:TrackPointExtension>
            <ns3:hr>108</ns3:hr>
          </ns3:TrackPointExtension>
        </extensions>
      </trkpt>
      <trkpt lat="46.5597085654735565185546875" lon="7.89713085629045963287353515625">
        <ele>1567.5999755859375</ele>
        <time>2025-08-24T12:17:08.000Z</time>
        <extensions>
          <ns3:TrackPointExtension>
            <ns3:hr>107</ns3:hr>
          </ns3:TrackPointExtension>
        </extensions>
      </trkpt>
      <trkpt lat="46.55967026017606258392333984375" lon="7.89724132977426052093505859375">
        <ele>1567.5999755859375</ele>
        <time>2025-08-24T12:17:09.000Z</time>
        <extensions>
          <ns3:TrackPointExtension>
            <ns3:hr>106</ns3:hr>
          </ns3:TrackPointExtension>
        </extensions>
      </trkpt>
      <trkpt lat="46.5598292648792266845703125" lon="7.8970105759799480438232421875">
        <ele>1567.5999755859375</ele>
        <time>2025-08-24T12:17:10.000Z</time>
        <extensions>
          <ns3:TrackPointExtension>
            <ns3:hr>106</ns3:hr>
          </ns3:TrackPointExtension>
        </extensions>
      </trkpt>
      <trkpt lat="46.55983454547822475433349609375" lon="7.89704854600131511688232421875">
        <ele>1567.5999755859375</ele>
        <time>2025-08-24T12:17:11.000Z</time>
        <extensions>
          <ns3:TrackPointExtension>
            <ns3:hr>106</ns3:hr>
          </ns3:TrackPointExtension>
        </extensions>
      </trkpt>
      <trkpt lat="46.55987896956503391265869140625" lon="7.89708039723336696624755859375">
        <ele>1567.4000244140625</ele>
        <time>2025-08-24T12:17:13.000Z</time>
        <extensions>
          <ns3:TrackPointExtension>
            <ns3:hr>109</ns3:hr>
          </ns3:TrackPointExtension>
        </extensions>
      </trkpt>
      <trkpt lat="46.55983504839241504669189453125" lon="7.89718978106975555419921875">
        <ele>1567.199951171875</ele>
        <time>2025-08-24T12:17:19.000Z</time>
        <extensions>
          <ns3:TrackPointExtension>
            <ns3:hr>116</ns3:hr>
          </ns3:TrackPointExtension>
        </extensions>
      </trkpt>
      <trkpt lat="46.55983437784016132354736328125" lon="7.89719958789646625518798828125">
        <ele>1567.199951171875</ele>
        <time>2025-08-24T12:17:20.000Z</time>
        <extensions>
          <ns3:TrackPointExtension>
            <ns3:hr>116</ns3:hr>
          </ns3:TrackPointExtension>
        </extensions>
      </trkpt>
      <trkpt lat="46.5599705837666988372802734375" lon="7.896767668426036834716796875">
        <ele>1567.4000244140625</ele>
        <time>2025-08-24T12:17:35.000Z</time>
        <extensions>
          <ns3:TrackPointExtension>
            <ns3:hr>114</ns3:hr>
          </ns3:TrackPointExtension>
        </extensions>
      </trkpt>
      <trkpt lat="46.56006437726318836212158203125" lon="7.8967343084514141082763671875">
        <ele>1567.199951171875</ele>
        <time>2025-08-24T12:17:40.000Z</time>
        <extensions>
          <ns3:TrackPointExtension>
            <ns3:hr>112</ns3:hr>
          </ns3:TrackPointExtension>
        </extensions>
      </trkpt>
      <trkpt lat="46.56010947190225124359130859375" lon="7.89660774171352386474609375">
        <ele>1567.199951171875</ele>
        <time>2025-08-24T12:17:41.000Z</time>
        <extensions>
          <ns3:TrackPointExtension>
            <ns3:hr>112</ns3:hr>
          </ns3:TrackPointExtension>
        </extensions>
      </trkpt>
      <trkpt lat="46.5601244755089282989501953125" lon="7.89654077030718326568603515625">
        <ele>1567.199951171875</ele>
        <time>2025-08-24T12:17:43.000Z</time>
        <extensions>
          <ns3:TrackPointExtension>
            <ns3:hr>111</ns3:hr>
          </ns3:TrackPointExtension>
        </extensions>
      </trkpt>
      <trkpt lat="46.560120619833469390869140625" lon="7.89654362015426158905029296875">
        <ele>1567.199951171875</ele>
        <time>2025-08-24T12:17:44.000Z</time>
        <extensions>
          <ns3:TrackPointExtension>
            <ns3:hr>112</ns3:hr>
          </ns3:TrackPointExtension>
        </extensions>
      </trkpt>
      <trkpt lat="46.55995138920843601226806640625" lon="7.89710462093353271484375">
        <ele>1567.199951171875</ele>
        <time>2025-08-24T12:17:47.000Z</time>
        <extensions>
          <ns3:TrackPointExtension>
            <ns3:hr>115</ns3:hr>
          </ns3:TrackPointExtension>
        </extensions>
      </trkpt>
      <trkpt lat="46.560034789144992828369140625" lon="7.8970055468380451202392578125">
        <ele>1567.4000244140625</ele>
        <time>2025-08-24T12:17:58.000Z</time>
        <extensions>
          <ns3:TrackPointExtension>
            <ns3:hr>111</ns3:hr>
          </ns3:TrackPointExtension>
        </extensions>
      </trkpt>
      <trkpt lat="46.560042835772037506103515625" lon="7.89685609750449657440185546875">
        <ele>1567.199951171875</ele>
        <time>2025-08-24T12:18:08.000Z</time>
        <extensions>
          <ns3:TrackPointExtension>
            <ns3:hr>112</ns3:hr>
          </ns3:TrackPointExtension>
        </extensions>
      </trkpt>
      <trkpt lat="46.56001592986285686492919921875" lon="7.8968994319438934326171875">
        <ele>1567</ele>
        <time>2025-08-24T12:18:15.000Z</time>
        <extensions>
          <ns3:TrackPointExtension>
            <ns3:hr>113</ns3:hr>
          </ns3:TrackPointExtension>
        </extensions>
      </trkpt>
      <trkpt lat="46.559968404471874237060546875" lon="7.89695818908512592315673828125">
        <ele>1567</ele>
        <time>2025-08-24T12:18:16.000Z</time>
        <extensions>
          <ns3:TrackPointExtension>
            <ns3:hr>113</ns3:hr>
          </ns3:TrackPointExtension>
        </extensions>
      </trkpt>
      <trkpt lat="46.5598116628825664520263671875" lon="7.89714954793453216552734375">
        <ele>1567</ele>
        <time>2025-08-24T12:18:20.000Z</time>
        <extensions>
          <ns3:TrackPointExtension>
            <ns3:hr>113</ns3:hr>
          </ns3:TrackPointExtension>
        </extensions>
      </trkpt>
      <trkpt lat="46.5596473775804042816162109375" lon="7.89734065532684326171875">
        <ele>1566.800048828125</ele>
        <time>2025-08-24T12:18:25.000Z</time>
        <extensions>
          <ns3:TrackPointExtension>
            <ns3:hr>112</ns3:hr>
          </ns3:TrackPointExtension>
        </extensions>
      </trkpt>
      <trkpt lat="46.55960655771195888519287109375" lon="7.89737795479595661163330078125">
        <ele>1567.4000244140625</ele>
        <time>2025-08-24T12:18:29.000Z</time>
        <extensions>
          <ns3:TrackPointExtension>
            <ns3:hr>109</ns3:hr>
          </ns3:TrackPointExtension>
        </extensions>
      </trkpt>
      <trkpt lat="46.5596011094748973846435546875" lon="7.89738432504236698150634765625">
        <ele>1567.4000244140625</ele>
        <time>2025-08-24T12:18:31.000Z</time>
        <extensions>
          <ns3:TrackPointExtension>
            <ns3:hr>107</ns3:hr>
          </ns3:TrackPointExtension>
        </extensions>
      </trkpt>
      <trkpt lat="46.55955559574067592620849609375" lon="7.89747065864503383636474609375">
        <ele>1567.4000244140625</ele>
        <time>2025-08-24T12:18:34.000Z</time>
        <extensions>
          <ns3:TrackPointExtension>
            <ns3:hr>104</ns3:hr>
          </ns3:TrackPointExtension>
        </extensions>
      </trkpt>
      <trkpt lat="46.55948451720178127288818359375" lon="7.89761625230312347412109375">
        <ele>1567.4000244140625</ele>
        <time>2025-08-24T12:18:40.000Z</time>
        <extensions>
          <ns3:TrackPointExtension>
            <ns3:hr>104</ns3:hr>
          </ns3:TrackPointExtension>
        </extensions>
      </trkpt>
      <trkpt lat="46.559642516076564788818359375" lon="7.89722087793052196502685546875">
        <ele>1567.199951171875</ele>
        <time>2025-08-24T12:18:47.000Z</time>
        <extensions>
          <ns3:TrackPointExtension>
            <ns3:hr>105</ns3:hr>
          </ns3:TrackPointExtension>
        </extensions>
      </trkpt>
      <trkpt lat="46.55964176170527935028076171875" lon="7.89719640277326107025146484375">
        <ele>1567.199951171875</ele>
        <time>2025-08-24T12:18:49.000Z</time>
        <extensions>
          <ns3:TrackPointExtension>
            <ns3:hr>109</ns3:hr>
          </ns3:TrackPointExtension>
        </extensions>
      </trkpt>
      <trkpt lat="46.559530533850193023681640625" lon="7.8974343650043010711669921875">
        <ele>1567.199951171875</ele>
        <time>2025-08-24T12:18:51.000Z</time>
        <extensions>
          <ns3:TrackPointExtension>
            <ns3:hr>111</ns3:hr>
          </ns3:TrackPointExtension>
        </extensions>
      </trkpt>
      <trkpt lat="46.55949440784752368927001953125" lon="7.89750762283802032470703125">
        <ele>1567.199951171875</ele>
        <time>2025-08-24T12:18:53.000Z</time>
        <extensions>
          <ns3:TrackPointExtension>
            <ns3:hr>115</ns3:hr>
          </ns3:TrackPointExtension>
        </extensions>
      </trkpt>
      <trkpt lat="46.55949910171329975128173828125" lon="7.8974975645542144775390625">
        <ele>1567.199951171875</ele>
        <time>2025-08-24T12:18:54.000Z</time>
        <extensions>
          <ns3:TrackPointExtension>
            <ns3:hr>118</ns3:hr>
          </ns3:TrackPointExtension>
        </extensions>
      </trkpt>
      <trkpt lat="46.55950983054935932159423828125" lon="7.8974749334156513214111328125">
        <ele>1567.199951171875</ele>
        <time>2025-08-24T12:18:55.000Z</time>
        <extensions>
          <ns3:TrackPointExtension>
            <ns3:hr>119</ns3:hr>
          </ns3:TrackPointExtension>
        </extensions>
      </trkpt>
      <trkpt lat="46.55950144864618778228759765625" lon="7.897491864860057830810546875">
        <ele>1567.199951171875</ele>
        <time>2025-08-24T12:18:57.000Z</time>
        <extensions>
          <ns3:TrackPointExtension>
            <ns3:hr>123</ns3:hr>
          </ns3:TrackPointExtension>
        </extensions>
      </trkpt>
      <trkpt lat="46.55949742533266544342041015625" lon="7.89751508273184299468994140625">
        <ele>1567.199951171875</ele>
        <time>2025-08-24T12:18:59.000Z</time>
        <extensions>
          <ns3:TrackPointExtension>
            <ns3:hr>126</ns3:hr>
          </ns3:TrackPointExtension>
        </extensions>
      </trkpt>
      <trkpt lat="46.5595736168324947357177734375" lon="7.89739765226840972900390625">
        <ele>1567</ele>
        <time>2025-08-24T12:19:09.000Z</time>
        <extensions>
          <ns3:TrackPointExtension>
            <ns3:hr>130</ns3:hr>
          </ns3:TrackPointExtension>
        </extensions>
      </trkpt>
      <trkpt lat="46.5596161969006061553955078125" lon="7.89727653376758098602294921875">
        <ele>1567</ele>
        <time>2025-08-24T12:19:10.000Z</time>
        <extensions>
          <ns3:TrackPointExtension>
            <ns3:hr>131</ns3:hr>
          </ns3:TrackPointExtension>
        </extensions>
      </trkpt>
      <trkpt lat="46.55994837172329425811767578125" lon="7.89613927714526653289794921875">
        <ele>1567</ele>
        <time>2025-08-24T12:19:14.000Z</time>
        <extensions>
          <ns3:TrackPointExtension>
            <ns3:hr>131</ns3:hr>
          </ns3:TrackPointExtension>
        </extensions>
      </trkpt>
      <trkpt lat="46.5601217932999134063720703125" lon="7.89588061161339282989501953125">
        <ele>1566.5999755859375</ele>
        <time>2025-08-24T12:19:20.000Z</time>
        <extensions>
          <ns3:TrackPointExtension>
            <ns3:hr>130</ns3:hr>
          </ns3:TrackPointExtension>
        </extensions>
      </trkpt>
      <trkpt lat="46.55991048552095890045166015625" lon="7.897231690585613250732421875">
        <ele>1567</ele>
        <time>2025-08-24T12:20:06.000Z</time>
        <extensions>
          <ns3:TrackPointExtension>
            <ns3:hr>121</ns3:hr>
          </ns3:TrackPointExtension>
        </extensions>
      </trkpt>
      <trkpt lat="46.559879891574382781982421875" lon="7.89733420126140117645263671875">
        <ele>1567.199951171875</ele>
        <time>2025-08-24T12:20:11.000Z</time>
        <extensions>
          <ns3:TrackPointExtension>
            <ns3:hr>118</ns3:hr>
          </ns3:TrackPointExtension>
        </extensions>
      </trkpt>
      <trkpt lat="46.55981526710093021392822265625" lon="7.8974383883178234100341796875">
        <ele>1567.199951171875</ele>
        <time>2025-08-24T12:20:14.000Z</time>
        <extensions>
          <ns3:TrackPointExtension>
            <ns3:hr>118</ns3:hr>
          </ns3:TrackPointExtension>
        </extensions>
      </trkpt>
      <trkpt lat="46.55973010696470737457275390625" lon="7.89754115045070648193359375">
        <ele>1567.199951171875</ele>
        <time>2025-08-24T12:20:22.000Z</time>
        <extensions>
          <ns3:TrackPointExtension>
            <ns3:hr>118</ns3:hr>
          </ns3:TrackPointExtension>
        </extensions>
      </trkpt>
      <trkpt lat="46.55975122936069965362548828125" lon="7.8975109755992889404296875">
        <ele>1567.199951171875</ele>
        <time>2025-08-24T12:20:24.000Z</time>
        <extensions>
          <ns3:TrackPointExtension>
            <ns3:hr>121</ns3:hr>
          </ns3:TrackPointExtension>
        </extensions>
      </trkpt>
      <trkpt lat="46.559743769466876983642578125" lon="7.8975056111812591552734375">
        <ele>1567</ele>
        <time>2025-08-24T12:20:26.000Z</time>
        <extensions>
          <ns3:TrackPointExtension>
            <ns3:hr>120</ns3:hr>
          </ns3:TrackPointExtension>
        </extensions>
      </trkpt>
      <trkpt lat="46.55980269424617290496826171875" lon="7.89731048047542572021484375">
        <ele>1567</ele>
        <time>2025-08-24T12:20:29.000Z</time>
        <extensions>
          <ns3:TrackPointExtension>
            <ns3:hr>119</ns3:hr>
          </ns3:TrackPointExtension>
        </extensions>
      </trkpt>
      <trkpt lat="46.55986421741545200347900390625" lon="7.8971916250884532928466796875">
        <ele>1567</ele>
        <time>2025-08-24T12:20:31.000Z</time>
        <extensions>
          <ns3:TrackPointExtension>
            <ns3:hr>122</ns3:hr>
          </ns3:TrackPointExtension>
        </extensions>
      </trkpt>
      <trkpt lat="46.55990277417004108428955078125" lon="7.89708056487143039703369140625">
        <ele>1567</ele>
        <time>2025-08-24T12:20:33.000Z</time>
        <extensions>
          <ns3:TrackPointExtension>
            <ns3:hr>122</ns3:hr>
          </ns3:TrackPointExtension>
        </extensions>
      </trkpt>
      <trkpt lat="46.5598867647349834442138671875" lon="7.8970719315111637115478515625">
        <ele>1567</ele>
        <time>2025-08-24T12:20:35.000Z</time>
        <extensions>
          <ns3:TrackPointExtension>
            <ns3:hr>123</ns3:hr>
          </ns3:TrackPointExtension>
        </extensions>
      </trkpt>
      <trkpt lat="46.5597694180905818939208984375" lon="7.8972335346043109893798828125">
        <ele>1567</ele>
        <time>2025-08-24T12:21:03.000Z</time>
        <extensions>
          <ns3:TrackPointExtension>
            <ns3:hr>113</ns3:hr>
          </ns3:TrackPointExtension>
        </extensions>
      </trkpt>
      <trkpt lat="46.559769921004772186279296875" lon="7.89717368781566619873046875">
        <ele>1567</ele>
        <time>2025-08-24T12:21:06.000Z</time>
        <extensions>
          <ns3:TrackPointExtension>
            <ns3:hr>111</ns3:hr>
          </ns3:TrackPointExtension>
        </extensions>
      </trkpt>
      <trkpt lat="46.5597865171730518341064453125" lon="7.89708743803203105926513671875">
        <ele>1567</ele>
        <time>2025-08-24T12:21:10.000Z</time>
        <extensions>
          <ns3:TrackPointExtension>
            <ns3:hr>107</ns3:hr>
          </ns3:TrackPointExtension>
        </extensions>
      </trkpt>
      <trkpt lat="46.56008818186819553375244140625" lon="7.89602704346179962158203125">
        <ele>1567.199951171875</ele>
        <time>2025-08-24T12:21:14.000Z</time>
        <extensions>
          <ns3:TrackPointExtension>
            <ns3:hr>107</ns3:hr>
          </ns3:TrackPointExtension>
        </extensions>
      </trkpt>
      <trkpt lat="46.5600654669106006622314453125" lon="7.8960265405476093292236328125">
        <ele>1567</ele>
        <time>2025-08-24T12:21:17.000Z</time>
        <extensions>
          <ns3:TrackPointExtension>
            <ns3:hr>106</ns3:hr>
          </ns3:TrackPointExtension>
        </extensions>
      </trkpt>
      <trkpt lat="46.56006974168121814727783203125" lon="7.8960030712187290191650390625">
        <ele>1566.800048828125</ele>
        <time>2025-08-24T12:21:18.000Z</time>
        <extensions>
          <ns3:TrackPointExtension>
            <ns3:hr>106</ns3:hr>
          </ns3:TrackPointExtension>
        </extensions>
      </trkpt>
      <trkpt lat="46.56003889627754688262939453125" lon="7.89602980948984622955322265625">
        <ele>1566.800048828125</ele>
        <time>2025-08-24T12:21:20.000Z</time>
        <extensions>
          <ns3:TrackPointExtension>
            <ns3:hr>109</ns3:hr>
          </ns3:TrackPointExtension>
        </extensions>
      </trkpt>
      <trkpt lat="46.56001475639641284942626953125" lon="7.896070964634418487548828125">
        <ele>1566.800048828125</ele>
        <time>2025-08-24T12:21:21.000Z</time>
        <extensions>
          <ns3:TrackPointExtension>
            <ns3:hr>107</ns3:hr>
          </ns3:TrackPointExtension>
        </extensions>
      </trkpt>
      <trkpt lat="46.55999145470559597015380859375" lon="7.8961174003779888153076171875">
        <ele>1567.199951171875</ele>
        <time>2025-08-24T12:21:28.000Z</time>
        <extensions>
          <ns3:TrackPointExtension>
            <ns3:hr>104</ns3:hr>
          </ns3:TrackPointExtension>
        </extensions>
      </trkpt>
      <trkpt lat="46.5600282512605190277099609375" lon="7.89598337374627590179443359375">
        <ele>1567.199951171875</ele>
        <time>2025-08-24T12:21:31.000Z</time>
        <extensions>
          <ns3:TrackPointExtension>
            <ns3:hr>106</ns3:hr>
          </ns3:TrackPointExtension>
        </extensions>
      </trkpt>
      <trkpt lat="46.56003604643046855926513671875" lon="7.89592956192791461944580078125">
        <ele>1567.199951171875</ele>
        <time>2025-08-24T12:21:33.000Z</time>
        <extensions>
          <ns3:TrackPointExtension>
            <ns3:hr>103</ns3:hr>
          </ns3:TrackPointExtension>
        </extensions>
      </trkpt>
      <trkpt lat="46.56004023738205432891845703125" lon="7.89591128937900066375732421875">
        <ele>1567</ele>
        <time>2025-08-24T12:21:34.000Z</time>
        <extensions>
          <ns3:TrackPointExtension>
            <ns3:hr>104</ns3:hr>
          </ns3:TrackPointExtension>
        </extensions>
      </trkpt>
      <trkpt lat="46.5600626170635223388671875" lon="7.89584104903042316436767578125">
        <ele>1567</ele>
        <time>2025-08-24T12:21:39.000Z</time>
        <extensions>
          <ns3:TrackPointExtension>
            <ns3:hr>103</ns3:hr>
          </ns3:TrackPointExtension>
        </extensions>
      </trkpt>
      <trkpt lat="46.560072340071201324462890625" lon="7.89595554582774639129638671875">
        <ele>1566.800048828125</ele>
        <time>2025-08-24T12:21:47.000Z</time>
        <extensions>
          <ns3:TrackPointExtension>
            <ns3:hr>103</ns3:hr>
          </ns3:TrackPointExtension>
        </extensions>
      </trkpt>
      <trkpt lat="46.55993764288723468780517578125" lon="7.896176911890506744384765625">
        <ele>1566.800048828125</ele>
        <time>2025-08-24T12:21:50.000Z</time>
        <extensions>
          <ns3:TrackPointExtension>
            <ns3:hr>104</ns3:hr>
          </ns3:TrackPointExtension>
        </extensions>
      </trkpt>
      <trkpt lat="46.5598011016845703125" lon="7.8964126110076904296875">
        <ele>1567</ele>
        <time>2025-08-24T12:21:53.000Z</time>
        <extensions>
          <ns3:TrackPointExtension>
            <ns3:hr>104</ns3:hr>
          </ns3:TrackPointExtension>
        </extensions>
      </trkpt>
      <trkpt lat="46.5597228147089481353759765625" lon="7.89653758518397808074951171875">
        <ele>1567</ele>
        <time>2025-08-24T12:21:55.000Z</time>
        <extensions>
          <ns3:TrackPointExtension>
            <ns3:hr>107</ns3:hr>
          </ns3:TrackPointExtension>
        </extensions>
      </trkpt>
      <trkpt lat="46.5596765466034412384033203125" lon="7.89661922492086887359619140625">
        <ele>1567</ele>
        <time>2025-08-24T12:21:56.000Z</time>
        <extensions>
          <ns3:TrackPointExtension>
            <ns3:hr>108</ns3:hr>
          </ns3:TrackPointExtension>
        </extensions>
      </trkpt>
      <trkpt lat="46.5595932304859161376953125" lon="7.89676867425441741943359375">
        <ele>1567</ele>
        <time>2025-08-24T12:21:58.000Z</time>
        <extensions>
          <ns3:TrackPointExtension>
            <ns3:hr>111</ns3:hr>
          </ns3:TrackPointExtension>
        </extensions>
      </trkpt>
      <trkpt lat="46.5596255846321582794189453125" lon="7.8966397605836391448974609375">
        <ele>1567</ele>
        <time>2025-08-24T12:22:00.000Z</time>
        <extensions>
          <ns3:TrackPointExtension>
            <ns3:hr>113</ns3:hr>
          </ns3:TrackPointExtension>
        </extensions>
      </trkpt>
      <trkpt lat="46.55961535871028900146484375" lon="7.89669147692620754241943359375">
        <ele>1567</ele>
        <time>2025-08-24T12:22:02.000Z</time>
        <extensions>
          <ns3:TrackPointExtension>
            <ns3:hr>115</ns3:hr>
          </ns3:TrackPointExtension>
        </extensions>
      </trkpt>
      <trkpt lat="46.5597191266715526580810546875" lon="7.8962236829102039337158203125">
        <ele>1567</ele>
        <time>2025-08-24T12:22:05.000Z</time>
        <extensions>
          <ns3:TrackPointExtension>
            <ns3:hr>118</ns3:hr>
          </ns3:TrackPointExtension>
        </extensions>
      </trkpt>
      <trkpt lat="46.55971334315836429595947265625" lon="7.89623818360269069671630859375">
        <ele>1567</ele>
        <time>2025-08-24T12:22:09.000Z</time>
        <extensions>
          <ns3:TrackPointExtension>
            <ns3:hr>121</ns3:hr>
          </ns3:TrackPointExtension>
        </extensions>
      </trkpt>
      <trkpt lat="46.55966523103415966033935546875" lon="7.89638285525143146514892578125">
        <ele>1567</ele>
        <time>2025-08-24T12:22:14.000Z</time>
        <extensions>
          <ns3:TrackPointExtension>
            <ns3:hr>124</ns3:hr>
          </ns3:TrackPointExtension>
        </extensions>
      </trkpt>
      <trkpt lat="46.55963547527790069580078125" lon="7.8964952565729618072509765625">
        <ele>1567.199951171875</ele>
        <time>2025-08-24T12:22:18.000Z</time>
        <extensions>
          <ns3:TrackPointExtension>
            <ns3:hr>127</ns3:hr>
          </ns3:TrackPointExtension>
        </extensions>
      </trkpt>
      <trkpt lat="46.5596198849380016326904296875" lon="7.896563820540904998779296875">
        <ele>1567.4000244140625</ele>
        <time>2025-08-24T12:22:20.000Z</time>
        <extensions>
          <ns3:TrackPointExtension>
            <ns3:hr>126</ns3:hr>
          </ns3:TrackPointExtension>
        </extensions>
      </trkpt>
      <trkpt lat="46.55950379557907581329345703125" lon="7.8968831710517406463623046875">
        <ele>1566.5999755859375</ele>
        <time>2025-08-24T12:22:37.000Z</time>
        <extensions>
          <ns3:TrackPointExtension>
            <ns3:hr>116</ns3:hr>
          </ns3:TrackPointExtension>
        </extensions>
      </trkpt>
      <trkpt lat="46.55983890406787395477294921875" lon="7.896073646843433380126953125">
        <ele>1567</ele>
        <time>2025-08-24T12:22:39.000Z</time>
        <extensions>
          <ns3:TrackPointExtension>
            <ns3:hr>115</ns3:hr>
          </ns3:TrackPointExtension>
        </extensions>
      </trkpt>
      <trkpt lat="46.56027275137603282928466796875" lon="7.895199246704578399658203125">
        <ele>1567</ele>
        <time>2025-08-24T12:22:40.000Z</time>
        <extensions>
          <ns3:TrackPointExtension>
            <ns3:hr>116</ns3:hr>
          </ns3:TrackPointExtension>
        </extensions>
      </trkpt>
      <trkpt lat="46.559904702007770538330078125" lon="7.89638335816562175750732421875">
        <ele>1567</ele>
        <time>2025-08-24T12:22:56.000Z</time>
        <extensions>
          <ns3:TrackPointExtension>
            <ns3:hr>114</ns3:hr>
          </ns3:TrackPointExtension>
        </extensions>
      </trkpt>
      <trkpt lat="46.559853069484233856201171875" lon="7.8965210728347301483154296875">
        <ele>1567</ele>
        <time>2025-08-24T12:22:59.000Z</time>
        <extensions>
          <ns3:TrackPointExtension>
            <ns3:hr>111</ns3:hr>
          </ns3:TrackPointExtension>
        </extensions>
      </trkpt>
      <trkpt lat="46.55973203480243682861328125" lon="7.896778397262096405029296875">
        <ele>1567</ele>
        <time>2025-08-24T12:23:02.000Z</time>
        <extensions>
          <ns3:TrackPointExtension>
            <ns3:hr>111</ns3:hr>
          </ns3:TrackPointExtension>
        </extensions>
      </trkpt>
      <trkpt lat="46.55967797152698040008544921875" lon="7.89693094789981842041015625">
        <ele>1567</ele>
        <time>2025-08-24T12:23:04.000Z</time>
        <extensions>
          <ns3:TrackPointExtension>
            <ns3:hr>114</ns3:hr>
          </ns3:TrackPointExtension>
        </extensions>
      </trkpt>
      <trkpt lat="46.55958174727857112884521484375" lon="7.89717829786241054534912109375">
        <ele>1567.199951171875</ele>
        <time>2025-08-24T12:23:08.000Z</time>
        <extensions>
          <ns3:TrackPointExtension>
            <ns3:hr>117</ns3:hr>
          </ns3:TrackPointExtension>
        </extensions>
      </trkpt>
      <trkpt lat="46.55954436399042606353759765625" lon="7.8972590155899524688720703125">
        <ele>1567.199951171875</ele>
        <time>2025-08-24T12:23:09.000Z</time>
        <extensions>
          <ns3:TrackPointExtension>
            <ns3:hr>114</ns3:hr>
          </ns3:TrackPointExtension>
        </extensions>
      </trkpt>
      <trkpt lat="46.55971602536737918853759765625" lon="7.896710000932216644287109375">
        <ele>1566.800048828125</ele>
        <time>2025-08-24T12:23:21.000Z</time>
        <extensions>
          <ns3:TrackPointExtension>
            <ns3:hr>114</ns3:hr>
          </ns3:TrackPointExtension>
        </extensions>
      </trkpt>
      <trkpt lat="46.5603092126548290252685546875" lon="7.89520050399005413055419921875">
        <ele>1567.199951171875</ele>
        <time>2025-08-24T12:23:36.000Z</time>
        <extensions>
          <ns3:TrackPointExtension>
            <ns3:hr>116</ns3:hr>
          </ns3:TrackPointExtension>
        </extensions>
      </trkpt>
      <trkpt lat="46.56030661426484584808349609375" lon="7.89522397331893444061279296875">
        <ele>1567</ele>
        <time>2025-08-24T12:23:38.000Z</time>
        <extensions>
          <ns3:TrackPointExtension>
            <ns3:hr>117</ns3:hr>
          </ns3:TrackPointExtension>
        </extensions>
      </trkpt>
      <trkpt lat="46.56013411469757556915283203125" lon="7.895799390971660614013671875">
        <ele>1567.4000244140625</ele>
        <time>2025-08-24T12:23:40.000Z</time>
        <extensions>
          <ns3:TrackPointExtension>
            <ns3:hr>117</ns3:hr>
          </ns3:TrackPointExtension>
        </extensions>
      </trkpt>
      <trkpt lat="46.5601536445319652557373046875" lon="7.8957703895866870880126953125">
        <ele>1567.4000244140625</ele>
        <time>2025-08-24T12:23:41.000Z</time>
        <extensions>
          <ns3:TrackPointExtension>
            <ns3:hr>119</ns3:hr>
          </ns3:TrackPointExtension>
        </extensions>
      </trkpt>
      <trkpt lat="46.56004945747554302215576171875" lon="7.89586611092090606689453125">
        <ele>1567.4000244140625</ele>
        <time>2025-08-24T12:23:44.000Z</time>
        <extensions>
          <ns3:TrackPointExtension>
            <ns3:hr>120</ns3:hr>
          </ns3:TrackPointExtension>
        </extensions>
      </trkpt>
      <trkpt lat="46.559990532696247100830078125" lon="7.89595487527549266815185546875">
        <ele>1567.199951171875</ele>
        <time>2025-08-24T12:23:46.000Z</time>
        <extensions>
          <ns3:TrackPointExtension>
            <ns3:hr>121</ns3:hr>
          </ns3:TrackPointExtension>
        </extensions>
      </trkpt>
      <trkpt lat="46.55992624349892139434814453125" lon="7.896044813096523284912109375">
        <ele>1567.199951171875</ele>
        <time>2025-08-24T12:23:51.000Z</time>
        <extensions>
          <ns3:TrackPointExtension>
            <ns3:hr>124</ns3:hr>
          </ns3:TrackPointExtension>
        </extensions>
      </trkpt>
      <trkpt lat="46.5598505549132823944091796875" lon="7.89611765183508396148681640625">
        <ele>1567.199951171875</ele>
        <time>2025-08-24T12:23:58.000Z</time>
        <extensions>
          <ns3:TrackPointExtension>
            <ns3:hr>126</ns3:hr>
          </ns3:TrackPointExtension>
        </extensions>
      </trkpt>
      <trkpt lat="46.5597721002995967864990234375" lon="7.89625159464776515960693359375">
        <ele>1567.199951171875</ele>
        <time>2025-08-24T12:24:08.000Z</time>
        <extensions>
          <ns3:TrackPointExtension>
            <ns3:hr>125</ns3:hr>
          </ns3:TrackPointExtension>
        </extensions>
      </trkpt>
      <trkpt lat="46.55972708947956562042236328125" lon="7.8963795863091945648193359375">
        <ele>1567.199951171875</ele>
        <time>2025-08-24T12:24:17.000Z</time>
        <extensions>
          <ns3:TrackPointExtension>
            <ns3:hr>122</ns3:hr>
          </ns3:TrackPointExtension>
        </extensions>
      </trkpt>
      <trkpt lat="46.55974770896136760711669921875" lon="7.89632786996662616729736328125">
        <ele>1567.199951171875</ele>
        <time>2025-08-24T12:24:18.000Z</time>
        <extensions>
          <ns3:TrackPointExtension>
            <ns3:hr>122</ns3:hr>
          </ns3:TrackPointExtension>
        </extensions>
      </trkpt>
      <trkpt lat="46.55984929762780666351318359375" lon="7.8958236984908580780029296875">
        <ele>1567.199951171875</ele>
        <time>2025-08-24T12:24:23.000Z</time>
        <extensions>
          <ns3:TrackPointExtension>
            <ns3:hr>123</ns3:hr>
          </ns3:TrackPointExtension>
        </extensions>
      </trkpt>
      <trkpt lat="46.5599035285413265228271484375" lon="7.895708866417407989501953125">
        <ele>1566.800048828125</ele>
        <time>2025-08-24T12:24:27.000Z</time>
        <extensions>
          <ns3:TrackPointExtension>
            <ns3:hr>125</ns3:hr>
          </ns3:TrackPointExtension>
        </extensions>
      </trkpt>
      <trkpt lat="46.5599528141319751739501953125" lon="7.8956527076661586761474609375">
        <ele>1566.4000244140625</ele>
        <time>2025-08-24T12:24:28.000Z</time>
        <extensions>
          <ns3:TrackPointExtension>
            <ns3:hr>125</ns3:hr>
          </ns3:TrackPointExtension>
        </extensions>
      </trkpt>
      <trkpt lat="46.5599927119910717010498046875" lon="7.89562513120472431182861328125">
        <ele>1566.199951171875</ele>
        <time>2025-08-24T12:24:31.000Z</time>
        <extensions>
          <ns3:TrackPointExtension>
            <ns3:hr>128</ns3:hr>
          </ns3:TrackPointExtension>
        </extensions>
      </trkpt>
      <trkpt lat="46.56001190654933452606201171875" lon="7.89560551755130290985107421875">
        <ele>1566.199951171875</ele>
        <time>2025-08-24T12:24:32.000Z</time>
        <extensions>
          <ns3:TrackPointExtension>
            <ns3:hr>128</ns3:hr>
          </ns3:TrackPointExtension>
        </extensions>
      </trkpt>
      <trkpt lat="46.5600513853132724761962890625" lon="7.89556545205414295196533203125">
        <ele>1566.199951171875</ele>
        <time>2025-08-24T12:24:36.000Z</time>
        <extensions>
          <ns3:TrackPointExtension>
            <ns3:hr>131</ns3:hr>
          </ns3:TrackPointExtension>
        </extensions>
      </trkpt>
      <trkpt lat="46.5600587613880634307861328125" lon="7.8955470956861972808837890625">
        <ele>1566.199951171875</ele>
        <time>2025-08-24T12:24:37.000Z</time>
        <extensions>
          <ns3:TrackPointExtension>
            <ns3:hr>132</ns3:hr>
          </ns3:TrackPointExtension>
        </extensions>
      </trkpt>
      <trkpt lat="46.5600728429853916168212890625" lon="7.89549537934362888336181640625">
        <ele>1566.199951171875</ele>
        <time>2025-08-24T12:24:39.000Z</time>
        <extensions>
          <ns3:TrackPointExtension>
            <ns3:hr>133</ns3:hr>
          </ns3:TrackPointExtension>
        </extensions>
      </trkpt>
      <trkpt lat="46.5600899420678615570068359375" lon="7.8954696469008922576904296875">
        <ele>1566.199951171875</ele>
        <time>2025-08-24T12:24:41.000Z</time>
        <extensions>
          <ns3:TrackPointExtension>
            <ns3:hr>132</ns3:hr>
          </ns3:TrackPointExtension>
        </extensions>
      </trkpt>
      <trkpt lat="46.5600976534187793731689453125" lon="7.8954622708261013031005859375">
        <ele>1566.199951171875</ele>
        <time>2025-08-24T12:24:42.000Z</time>
        <extensions>
          <ns3:TrackPointExtension>
            <ns3:hr>133</ns3:hr>
          </ns3:TrackPointExtension>
        </extensions>
      </trkpt>
      <trkpt lat="46.56013168394565582275390625" lon="7.89539228193461894989013671875">
        <ele>1566</ele>
        <time>2025-08-24T12:24:44.000Z</time>
        <extensions>
          <ns3:TrackPointExtension>
            <ns3:hr>132</ns3:hr>
          </ns3:TrackPointExtension>
        </extensions>
      </trkpt>
      <trkpt lat="46.5601878426969051361083984375" lon="7.8953355364501476287841796875">
        <ele>1566</ele>
        <time>2025-08-24T12:24:46.000Z</time>
        <extensions>
          <ns3:TrackPointExtension>
            <ns3:hr>132</ns3:hr>
          </ns3:TrackPointExtension>
        </extensions>
      </trkpt>
      <trkpt lat="46.560202427208423614501953125" lon="7.8952989913523197174072265625">
        <ele>1565.800048828125</ele>
        <time>2025-08-24T12:24:49.000Z</time>
        <extensions>
          <ns3:TrackPointExtension>
            <ns3:hr>129</ns3:hr>
          </ns3:TrackPointExtension>
        </extensions>
      </trkpt>
      <trkpt lat="46.5601600147783756256103515625" lon="7.89531013928353786468505859375">
        <ele>1565.800048828125</ele>
        <time>2025-08-24T12:24:52.000Z</time>
        <extensions>
          <ns3:TrackPointExtension>
            <ns3:hr>125</ns3:hr>
          </ns3:TrackPointExtension>
        </extensions>
      </trkpt>
      <trkpt lat="46.56015188433229923248291015625" lon="7.89530175738036632537841796875">
        <ele>1565.800048828125</ele>
        <time>2025-08-24T12:24:53.000Z</time>
        <extensions>
          <ns3:TrackPointExtension>
            <ns3:hr>124</ns3:hr>
          </ns3:TrackPointExtension>
        </extensions>
      </trkpt>
      <trkpt lat="46.56014333479106426239013671875" lon="7.8952748514711856842041015625">
        <ele>1565.800048828125</ele>
        <time>2025-08-24T12:24:54.000Z</time>
        <extensions>
          <ns3:TrackPointExtension>
            <ns3:hr>124</ns3:hr>
          </ns3:TrackPointExtension>
        </extensions>
      </trkpt>
      <trkpt lat="46.56012154184281826019287109375" lon="7.89522372186183929443359375">
        <ele>1566.199951171875</ele>
        <time>2025-08-24T12:24:56.000Z</time>
        <extensions>
          <ns3:TrackPointExtension>
            <ns3:hr>121</ns3:hr>
          </ns3:TrackPointExtension>
        </extensions>
      </trkpt>
      <trkpt lat="46.5601053647696971893310546875" lon="7.89518156088888645172119140625">
        <ele>1566.4000244140625</ele>
        <time>2025-08-24T12:24:58.000Z</time>
        <extensions>
          <ns3:TrackPointExtension>
            <ns3:hr>119</ns3:hr>
          </ns3:TrackPointExtension>
        </extensions>
      </trkpt>
      <trkpt lat="46.56007007695734500885009765625" lon="7.8950696624815464019775390625">
        <ele>1565.5999755859375</ele>
        <time>2025-08-24T12:25:03.000Z</time>
        <extensions>
          <ns3:TrackPointExtension>
            <ns3:hr>118</ns3:hr>
          </ns3:TrackPointExtension>
        </extensions>
      </trkpt>
      <trkpt lat="46.56005566008388996124267578125" lon="7.89502381347119808197021484375">
        <ele>1565.5999755859375</ele>
        <time>2025-08-24T12:25:05.000Z</time>
        <extensions>
          <ns3:TrackPointExtension>
            <ns3:hr>117</ns3:hr>
          </ns3:TrackPointExtension>
        </extensions>
      </trkpt>
      <trkpt lat="46.56001224182546138763427734375" lon="7.8949789702892303466796875">
        <ele>1565.199951171875</ele>
        <time>2025-08-24T12:25:09.000Z</time>
        <extensions>
          <ns3:TrackPointExtension>
            <ns3:hr>114</ns3:hr>
          </ns3:TrackPointExtension>
        </extensions>
      </trkpt>
      <trkpt lat="46.560001261532306671142578125" lon="7.89495927281677722930908203125">
        <ele>1565.4000244140625</ele>
        <time>2025-08-24T12:25:11.000Z</time>
        <extensions>
          <ns3:TrackPointExtension>
            <ns3:hr>117</ns3:hr>
          </ns3:TrackPointExtension>
        </extensions>
      </trkpt>
      <trkpt lat="46.55999816022813320159912109375" lon="7.8949546627700328826904296875">
        <ele>1565.4000244140625</ele>
        <time>2025-08-24T12:25:12.000Z</time>
        <extensions>
          <ns3:TrackPointExtension>
            <ns3:hr>117</ns3:hr>
          </ns3:TrackPointExtension>
        </extensions>
      </trkpt>
      <trkpt lat="46.55999145470559597015380859375" lon="7.89494519121944904327392578125">
        <ele>1565.4000244140625</ele>
        <time>2025-08-24T12:25:14.000Z</time>
        <extensions>
          <ns3:TrackPointExtension>
            <ns3:hr>116</ns3:hr>
          </ns3:TrackPointExtension>
        </extensions>
      </trkpt>
      <trkpt lat="46.559983827173709869384765625" lon="7.8949439339339733123779296875">
        <ele>1565.4000244140625</ele>
        <time>2025-08-24T12:25:16.000Z</time>
        <extensions>
          <ns3:TrackPointExtension>
            <ns3:hr>116</ns3:hr>
          </ns3:TrackPointExtension>
        </extensions>
      </trkpt>
      <trkpt lat="46.559977121651172637939453125" lon="7.89493898861110210418701171875">
        <ele>1565.5999755859375</ele>
        <time>2025-08-24T12:25:18.000Z</time>
        <extensions>
          <ns3:TrackPointExtension>
            <ns3:hr>117</ns3:hr>
          </ns3:TrackPointExtension>
        </extensions>
      </trkpt>
      <trkpt lat="46.55994887463748455047607421875" lon="7.89481258951127529144287109375">
        <ele>1565.800048828125</ele>
        <time>2025-08-24T12:26:47.000Z</time>
        <extensions>
          <ns3:TrackPointExtension>
            <ns3:hr>107</ns3:hr>
          </ns3:TrackPointExtension>
        </extensions>
      </trkpt>
      <trkpt lat="46.55990101397037506103515625" lon="7.89487511850893497467041015625">
        <ele>1565.5999755859375</ele>
        <time>2025-08-24T12:26:51.000Z</time>
        <extensions>
          <ns3:TrackPointExtension>
            <ns3:hr>107</ns3:hr>
          </ns3:TrackPointExtension>
        </extensions>
      </trkpt>
      <trkpt lat="46.5599122457206249237060546875" lon="7.8948651440441608428955078125">
        <ele>1565.5999755859375</ele>
        <time>2025-08-24T12:26:54.000Z</time>
        <extensions>
          <ns3:TrackPointExtension>
            <ns3:hr>104</ns3:hr>
          </ns3:TrackPointExtension>
        </extensions>
      </trkpt>
      <trkpt lat="46.559916101396083831787109375" lon="7.8947900421917438507080078125">
        <ele>1565.5999755859375</ele>
        <time>2025-08-24T12:26:59.000Z</time>
        <extensions>
          <ns3:TrackPointExtension>
            <ns3:hr>102</ns3:hr>
          </ns3:TrackPointExtension>
        </extensions>
      </trkpt>
      <trkpt lat="46.55992523767054080963134765625" lon="7.894750647246837615966796875">
        <ele>1565.5999755859375</ele>
        <time>2025-08-24T12:27:02.000Z</time>
        <extensions>
          <ns3:TrackPointExtension>
            <ns3:hr>102</ns3:hr>
          </ns3:TrackPointExtension>
        </extensions>
      </trkpt>
      <trkpt lat="46.55991434119641780853271484375" lon="7.894728519022464752197265625">
        <ele>1565.5999755859375</ele>
        <time>2025-08-24T12:27:04.000Z</time>
        <extensions>
          <ns3:TrackPointExtension>
            <ns3:hr>102</ns3:hr>
          </ns3:TrackPointExtension>
        </extensions>
      </trkpt>
      <trkpt lat="46.55989824794232845306396484375" lon="7.89473287761211395263671875">
        <ele>1565.5999755859375</ele>
        <time>2025-08-24T12:27:05.000Z</time>
        <extensions>
          <ns3:TrackPointExtension>
            <ns3:hr>102</ns3:hr>
          </ns3:TrackPointExtension>
        </extensions>
      </trkpt>
      <trkpt lat="46.559882573783397674560546875" lon="7.8947363980114459991455078125">
        <ele>1565.4000244140625</ele>
        <time>2025-08-24T12:27:07.000Z</time>
        <extensions>
          <ns3:TrackPointExtension>
            <ns3:hr>102</ns3:hr>
          </ns3:TrackPointExtension>
        </extensions>
      </trkpt>
      <trkpt lat="46.559871844947338104248046875" lon="7.8947477973997592926025390625">
        <ele>1565.4000244140625</ele>
        <time>2025-08-24T12:27:09.000Z</time>
        <extensions>
          <ns3:TrackPointExtension>
            <ns3:hr>102</ns3:hr>
          </ns3:TrackPointExtension>
        </extensions>
      </trkpt>
      <trkpt lat="46.5598666481673717498779296875" lon="7.8947454504668712615966796875">
        <ele>1565.4000244140625</ele>
        <time>2025-08-24T12:27:10.000Z</time>
        <extensions>
          <ns3:TrackPointExtension>
            <ns3:hr>102</ns3:hr>
          </ns3:TrackPointExtension>
        </extensions>
      </trkpt>
      <trkpt lat="46.55984343029558658599853515625" lon="7.8947333805263042449951171875">
        <ele>1565.5999755859375</ele>
        <time>2025-08-24T12:27:15.000Z</time>
        <extensions>
          <ns3:TrackPointExtension>
            <ns3:hr>103</ns3:hr>
          </ns3:TrackPointExtension>
        </extensions>
      </trkpt>
      <trkpt lat="46.55983957462012767791748046875" lon="7.8947270102798938751220703125">
        <ele>1565.5999755859375</ele>
        <time>2025-08-24T12:27:17.000Z</time>
        <extensions>
          <ns3:TrackPointExtension>
            <ns3:hr>102</ns3:hr>
          </ns3:TrackPointExtension>
        </extensions>
      </trkpt>
      <trkpt lat="46.559862457215785980224609375" lon="7.89474704302847385406494140625">
        <ele>1565.800048828125</ele>
        <time>2025-08-24T12:27:20.000Z</time>
        <extensions>
          <ns3:TrackPointExtension>
            <ns3:hr>103</ns3:hr>
          </ns3:TrackPointExtension>
        </extensions>
      </trkpt>
      <trkpt lat="46.559873521327972412109375" lon="7.894767411053180694580078125">
        <ele>1566</ele>
        <time>2025-08-24T12:27:22.000Z</time>
        <extensions>
          <ns3:TrackPointExtension>
            <ns3:hr>103</ns3:hr>
          </ns3:TrackPointExtension>
        </extensions>
      </trkpt>
      <trkpt lat="46.559871844947338104248046875" lon="7.8947709314525127410888671875">
        <ele>1566</ele>
        <time>2025-08-24T12:27:23.000Z</time>
        <extensions>
          <ns3:TrackPointExtension>
            <ns3:hr>103</ns3:hr>
          </ns3:TrackPointExtension>
        </extensions>
      </trkpt>
      <trkpt lat="46.55986337922513484954833984375" lon="7.8947689197957515716552734375">
        <ele>1566</ele>
        <time>2025-08-24T12:27:26.000Z</time>
        <extensions>
          <ns3:TrackPointExtension>
            <ns3:hr>103</ns3:hr>
          </ns3:TrackPointExtension>
        </extensions>
      </trkpt>
      <trkpt lat="46.5598445199429988861083984375" lon="7.89476246573030948638916015625">
        <ele>1565.800048828125</ele>
        <time>2025-08-24T12:27:28.000Z</time>
        <extensions>
          <ns3:TrackPointExtension>
            <ns3:hr>103</ns3:hr>
          </ns3:TrackPointExtension>
        </extensions>
      </trkpt>
      <trkpt lat="46.55984736979007720947265625" lon="7.8947420977056026458740234375">
        <ele>1565.800048828125</ele>
        <time>2025-08-24T12:27:29.000Z</time>
        <extensions>
          <ns3:TrackPointExtension>
            <ns3:hr>103</ns3:hr>
          </ns3:TrackPointExtension>
        </extensions>
      </trkpt>
      <trkpt lat="46.55984938144683837890625" lon="7.89473732002079486846923828125">
        <ele>1565.800048828125</ele>
        <time>2025-08-24T12:27:33.000Z</time>
        <extensions>
          <ns3:TrackPointExtension>
            <ns3:hr>102</ns3:hr>
          </ns3:TrackPointExtension>
        </extensions>
      </trkpt>
      <trkpt lat="46.5598435141146183013916015625" lon="7.8947441093623638153076171875">
        <ele>1565.800048828125</ele>
        <time>2025-08-24T12:27:34.000Z</time>
        <extensions>
          <ns3:TrackPointExtension>
            <ns3:hr>102</ns3:hr>
          </ns3:TrackPointExtension>
        </extensions>
      </trkpt>
      <trkpt lat="46.559833623468875885009765625" lon="7.89474754594266414642333984375">
        <ele>1565.800048828125</ele>
        <time>2025-08-24T12:27:38.000Z</time>
        <extensions>
          <ns3:TrackPointExtension>
            <ns3:hr>102</ns3:hr>
          </ns3:TrackPointExtension>
        </extensions>
      </trkpt>
      <trkpt lat="46.559833623468875885009765625" lon="7.89474754594266414642333984375">
        <ele>1565.800048828125</ele>
        <time>2025-08-24T12:27:39.000Z</time>
        <extensions>
          <ns3:TrackPointExtension>
            <ns3:hr>102</ns3:hr>
          </ns3:TrackPointExtension>
        </extensions>
      </trkpt>
      <trkpt lat="46.559833623468875885009765625" lon="7.89474754594266414642333984375">
        <ele>1565.5999755859375</ele>
        <time>2025-08-24T12:27:40.000Z</time>
        <extensions>
          <ns3:TrackPointExtension>
            <ns3:hr>100</ns3:hr>
          </ns3:TrackPointExtension>
        </extensions>
      </trkpt>
      <trkpt lat="46.559833623468875885009765625" lon="7.89474754594266414642333984375">
        <ele>1565.4000244140625</ele>
        <time>2025-08-24T12:27:43.000Z</time>
        <extensions>
          <ns3:TrackPointExtension>
            <ns3:hr>101</ns3:hr>
          </ns3:TrackPointExtension>
        </extensions>
      </trkpt>
      <trkpt lat="46.559833623468875885009765625" lon="7.89474754594266414642333984375">
        <ele>1565.4000244140625</ele>
        <time>2025-08-24T12:27:45.000Z</time>
        <extensions>
          <ns3:TrackPointExtension>
            <ns3:hr>100</ns3:hr>
          </ns3:TrackPointExtension>
        </extensions>
      </trkpt>
      <trkpt lat="46.559841334819793701171875" lon="7.89474226534366607666015625">
        <ele>1565.5999755859375</ele>
        <time>2025-08-24T12:27:58.000Z</time>
        <extensions>
          <ns3:TrackPointExtension>
            <ns3:hr>98</ns3:hr>
          </ns3:TrackPointExtension>
        </extensions>
      </trkpt>
      <trkpt lat="46.55984158627688884735107421875" lon="7.89473916403949260711669921875">
        <ele>1565.4000244140625</ele>
        <time>2025-08-24T12:27:59.000Z</time>
        <extensions>
          <ns3:TrackPointExtension>
            <ns3:hr>97</ns3:hr>
          </ns3:TrackPointExtension>
        </extensions>
      </trkpt>
      <trkpt lat="46.55984158627688884735107421875" lon="7.89474318735301494598388671875">
        <ele>1565.4000244140625</ele>
        <time>2025-08-24T12:28:00.000Z</time>
        <extensions>
          <ns3:TrackPointExtension>
            <ns3:hr>94</ns3:hr>
          </ns3:TrackPointExtension>
        </extensions>
      </trkpt>
      <trkpt lat="46.55984158627688884735107421875" lon="7.89474402554333209991455078125">
        <ele>1565.4000244140625</ele>
        <time>2025-08-24T12:28:01.000Z</time>
        <extensions>
          <ns3:TrackPointExtension>
            <ns3:hr>97</ns3:hr>
          </ns3:TrackPointExtension>
        </extensions>
      </trkpt>
      <trkpt lat="46.55984158627688884735107421875" lon="7.89474419318139553070068359375">
        <ele>1565.4000244140625</ele>
        <time>2025-08-24T12:28:02.000Z</time>
        <extensions>
          <ns3:TrackPointExtension>
            <ns3:hr>98</ns3:hr>
          </ns3:TrackPointExtension>
        </extensions>
      </trkpt>
      <trkpt lat="46.55985918827354907989501953125" lon="7.894744612276554107666015625">
        <ele>1565.4000244140625</ele>
        <time>2025-08-24T12:28:06.000Z</time>
        <extensions>
          <ns3:TrackPointExtension>
            <ns3:hr>96</ns3:hr>
          </ns3:TrackPointExtension>
        </extensions>
      </trkpt>
      <trkpt lat="46.5598693303763866424560546875" lon="7.894744612276554107666015625">
        <ele>1565.4000244140625</ele>
        <time>2025-08-24T12:28:07.000Z</time>
        <extensions>
          <ns3:TrackPointExtension>
            <ns3:hr>96</ns3:hr>
          </ns3:TrackPointExtension>
        </extensions>
      </trkpt>
      <trkpt lat="46.5598904527723789215087890625" lon="7.894744612276554107666015625">
        <ele>1565.4000244140625</ele>
        <time>2025-08-24T12:28:10.000Z</time>
        <extensions>
          <ns3:TrackPointExtension>
            <ns3:hr>95</ns3:hr>
          </ns3:TrackPointExtension>
        </extensions>
      </trkpt>
      <trkpt lat="46.55990243889391422271728515625" lon="7.894744612276554107666015625">
        <ele>1565.4000244140625</ele>
        <time>2025-08-24T12:28:13.000Z</time>
        <extensions>
          <ns3:TrackPointExtension>
            <ns3:hr>96</ns3:hr>
          </ns3:TrackPointExtension>
        </extensions>
      </trkpt>
      <trkpt lat="46.55991568230092525482177734375" lon="7.89476967416703701019287109375">
        <ele>1565.4000244140625</ele>
        <time>2025-08-24T12:28:15.000Z</time>
        <extensions>
          <ns3:TrackPointExtension>
            <ns3:hr>94</ns3:hr>
          </ns3:TrackPointExtension>
        </extensions>
      </trkpt>
      <trkpt lat="46.55992104671895503997802734375" lon="7.894800938665866851806640625">
        <ele>1565.4000244140625</ele>
        <time>2025-08-24T12:28:17.000Z</time>
        <extensions>
          <ns3:TrackPointExtension>
            <ns3:hr>94</ns3:hr>
          </ns3:TrackPointExtension>
        </extensions>
      </trkpt>
      <trkpt lat="46.559932194650173187255859375" lon="7.89479850791394710540771484375">
        <ele>1565.4000244140625</ele>
        <time>2025-08-24T12:28:19.000Z</time>
        <extensions>
          <ns3:TrackPointExtension>
            <ns3:hr>94</ns3:hr>
          </ns3:TrackPointExtension>
        </extensions>
      </trkpt>
      <trkpt lat="46.5599445998668670654296875" lon="7.89480018429458141326904296875">
        <ele>1565.199951171875</ele>
        <time>2025-08-24T12:28:21.000Z</time>
        <extensions>
          <ns3:TrackPointExtension>
            <ns3:hr>89</ns3:hr>
          </ns3:TrackPointExtension>
        </extensions>
      </trkpt>
      <trkpt lat="46.5599472820758819580078125" lon="7.89480806328356266021728515625">
        <ele>1565.199951171875</ele>
        <time>2025-08-24T12:28:22.000Z</time>
        <extensions>
          <ns3:TrackPointExtension>
            <ns3:hr>92</ns3:hr>
          </ns3:TrackPointExtension>
        </extensions>
      </trkpt>
      <trkpt lat="46.55994837172329425811767578125" lon="7.8948349691927433013916015625">
        <ele>1565.4000244140625</ele>
        <time>2025-08-24T12:28:26.000Z</time>
        <extensions>
          <ns3:TrackPointExtension>
            <ns3:hr>95</ns3:hr>
          </ns3:TrackPointExtension>
        </extensions>
      </trkpt>
      <trkpt lat="46.55994661152362823486328125" lon="7.8948369808495044708251953125">
        <ele>1565.4000244140625</ele>
        <time>2025-08-24T12:28:27.000Z</time>
        <extensions>
          <ns3:TrackPointExtension>
            <ns3:hr>92</ns3:hr>
          </ns3:TrackPointExtension>
        </extensions>
      </trkpt>
      <trkpt lat="46.5599445998668670654296875" lon="7.89484108798205852508544921875">
        <ele>1565.4000244140625</ele>
        <time>2025-08-24T12:28:28.000Z</time>
        <extensions>
          <ns3:TrackPointExtension>
            <ns3:hr>93</ns3:hr>
          </ns3:TrackPointExtension>
        </extensions>
      </trkpt>
      <trkpt lat="46.559944935142993927001953125" lon="7.8948416747152805328369140625">
        <ele>1565.4000244140625</ele>
        <time>2025-08-24T12:28:29.000Z</time>
        <extensions>
          <ns3:TrackPointExtension>
            <ns3:hr>94</ns3:hr>
          </ns3:TrackPointExtension>
        </extensions>
      </trkpt>
      <trkpt lat="46.55994820408523082733154296875" lon="7.89484594948589801788330078125">
        <ele>1565.4000244140625</ele>
        <time>2025-08-24T12:28:31.000Z</time>
        <extensions>
          <ns3:TrackPointExtension>
            <ns3:hr>93</ns3:hr>
          </ns3:TrackPointExtension>
        </extensions>
      </trkpt>
      <trkpt lat="46.55995960347354412078857421875" lon="7.89487595669925212860107421875">
        <ele>1565.4000244140625</ele>
        <time>2025-08-24T12:28:34.000Z</time>
        <extensions>
          <ns3:TrackPointExtension>
            <ns3:hr>93</ns3:hr>
          </ns3:TrackPointExtension>
        </extensions>
      </trkpt>
      <trkpt lat="46.55996077693998813629150390625" lon="7.894899509847164154052734375">
        <ele>1565.4000244140625</ele>
        <time>2025-08-24T12:28:35.000Z</time>
        <extensions>
          <ns3:TrackPointExtension>
            <ns3:hr>90</ns3:hr>
          </ns3:TrackPointExtension>
        </extensions>
      </trkpt>
      <trkpt lat="46.5599742718040943145751953125" lon="7.89495206438004970550537109375">
        <ele>1565.4000244140625</ele>
        <time>2025-08-24T12:28:37.000Z</time>
        <extensions>
          <ns3:TrackPointExtension>
            <ns3:hr>93</ns3:hr>
          </ns3:TrackPointExtension>
        </extensions>
      </trkpt>
      <trkpt lat="46.5599853359162807464599609375" lon="7.89497436024248600006103515625">
        <ele>1565.4000244140625</ele>
        <time>2025-08-24T12:28:38.000Z</time>
        <extensions>
          <ns3:TrackPointExtension>
            <ns3:hr>92</ns3:hr>
          </ns3:TrackPointExtension>
        </extensions>
      </trkpt>
      <trkpt lat="46.56001660041511058807373046875" lon="7.89500503800809383392333984375">
        <ele>1565.4000244140625</ele>
        <time>2025-08-24T12:28:40.000Z</time>
        <extensions>
          <ns3:TrackPointExtension>
            <ns3:hr>91</ns3:hr>
          </ns3:TrackPointExtension>
        </extensions>
      </trkpt>
      <trkpt lat="46.56008834950625896453857421875" lon="7.895004786550998687744140625">
        <ele>1565.5999755859375</ele>
        <time>2025-08-24T12:28:43.000Z</time>
        <extensions>
          <ns3:TrackPointExtension>
            <ns3:hr>91</ns3:hr>
          </ns3:TrackPointExtension>
        </extensions>
      </trkpt>
      <trkpt lat="46.560115925967693328857421875" lon="7.8950210474431514739990234375">
        <ele>1565.800048828125</ele>
        <time>2025-08-24T12:28:45.000Z</time>
        <extensions>
          <ns3:TrackPointExtension>
            <ns3:hr>90</ns3:hr>
          </ns3:TrackPointExtension>
        </extensions>
      </trkpt>
      <trkpt lat="46.5601298399269580841064453125" lon="7.89502884261310100555419921875">
        <ele>1565.800048828125</ele>
        <time>2025-08-24T12:28:46.000Z</time>
        <extensions>
          <ns3:TrackPointExtension>
            <ns3:hr>91</ns3:hr>
          </ns3:TrackPointExtension>
        </extensions>
      </trkpt>
      <trkpt lat="46.5601576678454875946044921875" lon="7.89504543878138065338134765625">
        <ele>1565.800048828125</ele>
        <time>2025-08-24T12:28:48.000Z</time>
        <extensions>
          <ns3:TrackPointExtension>
            <ns3:hr>90</ns3:hr>
          </ns3:TrackPointExtension>
        </extensions>
      </trkpt>
      <trkpt lat="46.56019194982945919036865234375" lon="7.89509422145783901214599609375">
        <ele>1565.800048828125</ele>
        <time>2025-08-24T12:28:52.000Z</time>
        <extensions>
          <ns3:TrackPointExtension>
            <ns3:hr>88</ns3:hr>
          </ns3:TrackPointExtension>
        </extensions>
      </trkpt>
      <trkpt lat="46.56021407805383205413818359375" lon="7.89511383511126041412353515625">
        <ele>1566</ele>
        <time>2025-08-24T12:28:54.000Z</time>
        <extensions>
          <ns3:TrackPointExtension>
            <ns3:hr>87</ns3:hr>
          </ns3:TrackPointExtension>
        </extensions>
      </trkpt>
      <trkpt lat="46.5602450072765350341796875" lon="7.89514099247753620147705078125">
        <ele>1566.199951171875</ele>
        <time>2025-08-24T12:28:56.000Z</time>
        <extensions>
          <ns3:TrackPointExtension>
            <ns3:hr>86</ns3:hr>
          </ns3:TrackPointExtension>
        </extensions>
      </trkpt>
      <trkpt lat="46.5602575801312923431396484375" lon="7.8951873444020748138427734375">
        <ele>1566.199951171875</ele>
        <time>2025-08-24T12:28:58.000Z</time>
        <extensions>
          <ns3:TrackPointExtension>
            <ns3:hr>86</ns3:hr>
          </ns3:TrackPointExtension>
        </extensions>
      </trkpt>
      <trkpt lat="46.56026185490190982818603515625" lon="7.89525062777101993560791015625">
        <ele>1566.4000244140625</ele>
        <time>2025-08-24T12:29:00.000Z</time>
        <extensions>
          <ns3:TrackPointExtension>
            <ns3:hr>89</ns3:hr>
          </ns3:TrackPointExtension>
        </extensions>
      </trkpt>
      <trkpt lat="46.560265459120273590087890625" lon="7.89527325890958309173583984375">
        <ele>1566.4000244140625</ele>
        <time>2025-08-24T12:29:01.000Z</time>
        <extensions>
          <ns3:TrackPointExtension>
            <ns3:hr>87</ns3:hr>
          </ns3:TrackPointExtension>
        </extensions>
      </trkpt>
      <trkpt lat="46.56027090735733509063720703125" lon="7.89529077708721160888671875">
        <ele>1566.4000244140625</ele>
        <time>2025-08-24T12:29:02.000Z</time>
        <extensions>
          <ns3:TrackPointExtension>
            <ns3:hr>89</ns3:hr>
          </ns3:TrackPointExtension>
        </extensions>
      </trkpt>
      <trkpt lat="46.56028700061142444610595703125" lon="7.89533193223178386688232421875">
        <ele>1566.4000244140625</ele>
        <time>2025-08-24T12:29:04.000Z</time>
        <extensions>
          <ns3:TrackPointExtension>
            <ns3:hr>90</ns3:hr>
          </ns3:TrackPointExtension>
        </extensions>
      </trkpt>
      <trkpt lat="46.56031717546284198760986328125" lon="7.89534752257168292999267578125">
        <ele>1566.4000244140625</ele>
        <time>2025-08-24T12:29:06.000Z</time>
        <extensions>
          <ns3:TrackPointExtension>
            <ns3:hr>89</ns3:hr>
          </ns3:TrackPointExtension>
        </extensions>
      </trkpt>
      <trkpt lat="46.56033092178404331207275390625" lon="7.89535473100841045379638671875">
        <ele>1566.4000244140625</ele>
        <time>2025-08-24T12:29:07.000Z</time>
        <extensions>
          <ns3:TrackPointExtension>
            <ns3:hr>89</ns3:hr>
          </ns3:TrackPointExtension>
        </extensions>
      </trkpt>
      <trkpt lat="46.56035296618938446044921875" lon="7.89534618146717548370361328125">
        <ele>1566.4000244140625</ele>
        <time>2025-08-24T12:29:08.000Z</time>
        <extensions>
          <ns3:TrackPointExtension>
            <ns3:hr>89</ns3:hr>
          </ns3:TrackPointExtension>
        </extensions>
      </trkpt>
      <trkpt lat="46.56037601642310619354248046875" lon="7.8953643701970577239990234375">
        <ele>1566.4000244140625</ele>
        <time>2025-08-24T12:29:11.000Z</time>
        <extensions>
          <ns3:TrackPointExtension>
            <ns3:hr>90</ns3:hr>
          </ns3:TrackPointExtension>
        </extensions>
      </trkpt>
      <trkpt lat="46.56038515269756317138671875" lon="7.89537149481475353240966796875">
        <ele>1566.4000244140625</ele>
        <time>2025-08-24T12:29:12.000Z</time>
        <extensions>
          <ns3:TrackPointExtension>
            <ns3:hr>93</ns3:hr>
          </ns3:TrackPointExtension>
        </extensions>
      </trkpt>
      <trkpt lat="46.560394205152988433837890625" lon="7.895384989678859710693359375">
        <ele>1566.4000244140625</ele>
        <time>2025-08-24T12:29:13.000Z</time>
        <extensions>
          <ns3:TrackPointExtension>
            <ns3:hr>94</ns3:hr>
          </ns3:TrackPointExtension>
        </extensions>
      </trkpt>
      <trkpt lat="46.560409627854824066162109375" lon="7.89541088975965976715087890625">
        <ele>1566.4000244140625</ele>
        <time>2025-08-24T12:29:15.000Z</time>
        <extensions>
          <ns3:TrackPointExtension>
            <ns3:hr>95</ns3:hr>
          </ns3:TrackPointExtension>
        </extensions>
      </trkpt>
      <trkpt lat="46.56043611466884613037109375" lon="7.8954475186765193939208984375">
        <ele>1566.4000244140625</ele>
        <time>2025-08-24T12:29:17.000Z</time>
        <extensions>
          <ns3:TrackPointExtension>
            <ns3:hr>95</ns3:hr>
          </ns3:TrackPointExtension>
        </extensions>
      </trkpt>
      <trkpt lat="46.56045757234096527099609375" lon="7.8954786993563175201416015625">
        <ele>1566.4000244140625</ele>
        <time>2025-08-24T12:29:19.000Z</time>
        <extensions>
          <ns3:TrackPointExtension>
            <ns3:hr>93</ns3:hr>
          </ns3:TrackPointExtension>
        </extensions>
      </trkpt>
      <trkpt lat="46.560474000871181488037109375" lon="7.89552253670990467071533203125">
        <ele>1566.199951171875</ele>
        <time>2025-08-24T12:29:21.000Z</time>
        <extensions>
          <ns3:TrackPointExtension>
            <ns3:hr>94</ns3:hr>
          </ns3:TrackPointExtension>
        </extensions>
      </trkpt>
      <trkpt lat="46.5604832209646701812744140625" lon="7.8955583274364471435546875">
        <ele>1566.199951171875</ele>
        <time>2025-08-24T12:29:23.000Z</time>
        <extensions>
          <ns3:TrackPointExtension>
            <ns3:hr>95</ns3:hr>
          </ns3:TrackPointExtension>
        </extensions>
      </trkpt>
      <trkpt lat="46.5604922734200954437255859375" lon="7.895571403205394744873046875">
        <ele>1566.199951171875</ele>
        <time>2025-08-24T12:29:24.000Z</time>
        <extensions>
          <ns3:TrackPointExtension>
            <ns3:hr>92</ns3:hr>
          </ns3:TrackPointExtension>
        </extensions>
      </trkpt>
      <trkpt lat="46.560498811304569244384765625" lon="7.89558582007884979248046875">
        <ele>1566.199951171875</ele>
        <time>2025-08-24T12:29:25.000Z</time>
        <extensions>
          <ns3:TrackPointExtension>
            <ns3:hr>94</ns3:hr>
          </ns3:TrackPointExtension>
        </extensions>
      </trkpt>
      <trkpt lat="46.56051934696733951568603515625" lon="7.8956523723900318145751953125">
        <ele>1566.5999755859375</ele>
        <time>2025-08-24T12:29:29.000Z</time>
        <extensions>
          <ns3:TrackPointExtension>
            <ns3:hr>95</ns3:hr>
          </ns3:TrackPointExtension>
        </extensions>
      </trkpt>
      <trkpt lat="46.5605264715850353240966796875" lon="7.89566435851156711578369140625">
        <ele>1566.5999755859375</ele>
        <time>2025-08-24T12:29:30.000Z</time>
        <extensions>
          <ns3:TrackPointExtension>
            <ns3:hr>96</ns3:hr>
          </ns3:TrackPointExtension>
        </extensions>
      </trkpt>
      <trkpt lat="46.5605331771075725555419921875" lon="7.8956765122711658477783203125">
        <ele>1566.800048828125</ele>
        <time>2025-08-24T12:29:31.000Z</time>
        <extensions>
          <ns3:TrackPointExtension>
            <ns3:hr>99</ns3:hr>
          </ns3:TrackPointExtension>
        </extensions>
      </trkpt>
      <trkpt lat="46.5605425648391246795654296875" lon="7.89568983949720859527587890625">
        <ele>1567</ele>
        <time>2025-08-24T12:29:32.000Z</time>
        <extensions>
          <ns3:TrackPointExtension>
            <ns3:hr>97</ns3:hr>
          </ns3:TrackPointExtension>
        </extensions>
      </trkpt>
      <trkpt lat="46.5605452470481395721435546875" lon="7.89570224471390247344970703125">
        <ele>1567.199951171875</ele>
        <time>2025-08-24T12:29:33.000Z</time>
        <extensions>
          <ns3:TrackPointExtension>
            <ns3:hr>96</ns3:hr>
          </ns3:TrackPointExtension>
        </extensions>
      </trkpt>
      <trkpt lat="46.5605586580932140350341796875" lon="7.89572873152792453765869140625">
        <ele>1567.199951171875</ele>
        <time>2025-08-24T12:29:35.000Z</time>
        <extensions>
          <ns3:TrackPointExtension>
            <ns3:hr>96</ns3:hr>
          </ns3:TrackPointExtension>
        </extensions>
      </trkpt>
      <trkpt lat="46.5605615079402923583984375" lon="7.89574272930622100830078125">
        <ele>1567.199951171875</ele>
        <time>2025-08-24T12:29:36.000Z</time>
        <extensions>
          <ns3:TrackPointExtension>
            <ns3:hr>95</ns3:hr>
          </ns3:TrackPointExtension>
        </extensions>
      </trkpt>
      <trkpt lat="46.56056326813995838165283203125" lon="7.89575722999870777130126953125">
        <ele>1567.199951171875</ele>
        <time>2025-08-24T12:29:37.000Z</time>
        <extensions>
          <ns3:TrackPointExtension>
            <ns3:hr>95</ns3:hr>
          </ns3:TrackPointExtension>
        </extensions>
      </trkpt>
      <trkpt lat="46.56057617627084255218505859375" lon="7.89579008705914020538330078125">
        <ele>1567.4000244140625</ele>
        <time>2025-08-24T12:29:39.000Z</time>
        <extensions>
          <ns3:TrackPointExtension>
            <ns3:hr>93</ns3:hr>
          </ns3:TrackPointExtension>
        </extensions>
      </trkpt>
      <trkpt lat="46.56060098670423030853271484375" lon="7.89584825746715068817138671875">
        <ele>1567.4000244140625</ele>
        <time>2025-08-24T12:29:42.000Z</time>
        <extensions>
          <ns3:TrackPointExtension>
            <ns3:hr>95</ns3:hr>
          </ns3:TrackPointExtension>
        </extensions>
      </trkpt>
      <trkpt lat="46.56061892397701740264892578125" lon="7.89589435793459415435791015625">
        <ele>1567.4000244140625</ele>
        <time>2025-08-24T12:29:44.000Z</time>
        <extensions>
          <ns3:TrackPointExtension>
            <ns3:hr>100</ns3:hr>
          </ns3:TrackPointExtension>
        </extensions>
      </trkpt>
      <trkpt lat="46.56062764115631580352783203125" lon="7.895912714302539825439453125">
        <ele>1567.199951171875</ele>
        <time>2025-08-24T12:29:45.000Z</time>
        <extensions>
          <ns3:TrackPointExtension>
            <ns3:hr>100</ns3:hr>
          </ns3:TrackPointExtension>
        </extensions>
      </trkpt>
      <trkpt lat="46.560638956725597381591796875" lon="7.89593442343175411224365234375">
        <ele>1567.199951171875</ele>
        <time>2025-08-24T12:29:46.000Z</time>
        <extensions>
          <ns3:TrackPointExtension>
            <ns3:hr>102</ns3:hr>
          </ns3:TrackPointExtension>
        </extensions>
      </trkpt>
      <trkpt lat="46.560676507651805877685546875" lon="7.89597884751856327056884765625">
        <ele>1567.4000244140625</ele>
        <time>2025-08-24T12:29:49.000Z</time>
        <extensions>
          <ns3:TrackPointExtension>
            <ns3:hr>105</ns3:hr>
          </ns3:TrackPointExtension>
        </extensions>
      </trkpt>
      <trkpt lat="46.5606902539730072021484375" lon="7.8959973715245723724365234375">
        <ele>1567.4000244140625</ele>
        <time>2025-08-24T12:29:50.000Z</time>
        <extensions>
          <ns3:TrackPointExtension>
            <ns3:hr>106</ns3:hr>
          </ns3:TrackPointExtension>
        </extensions>
      </trkpt>
      <trkpt lat="46.56070240773260593414306640625" lon="7.89600382559001445770263671875">
        <ele>1567.4000244140625</ele>
        <time>2025-08-24T12:29:51.000Z</time>
        <extensions>
          <ns3:TrackPointExtension>
            <ns3:hr>107</ns3:hr>
          </ns3:TrackPointExtension>
        </extensions>
      </trkpt>
      <trkpt lat="46.56075638718903064727783203125" lon="7.8960446454584598541259765625">
        <ele>1567.5999755859375</ele>
        <time>2025-08-24T12:29:55.000Z</time>
        <extensions>
          <ns3:TrackPointExtension>
            <ns3:hr>108</ns3:hr>
          </ns3:TrackPointExtension>
        </extensions>
      </trkpt>
      <trkpt lat="46.5607940219342708587646484375" lon="7.89607188664376735687255859375">
        <ele>1567.800048828125</ele>
        <time>2025-08-24T12:29:58.000Z</time>
        <extensions>
          <ns3:TrackPointExtension>
            <ns3:hr>110</ns3:hr>
          </ns3:TrackPointExtension>
        </extensions>
      </trkpt>
      <trkpt lat="46.56080148182809352874755859375" lon="7.89608471095561981201171875">
        <ele>1567.800048828125</ele>
        <time>2025-08-24T12:29:59.000Z</time>
        <extensions>
          <ns3:TrackPointExtension>
            <ns3:hr>111</ns3:hr>
          </ns3:TrackPointExtension>
        </extensions>
      </trkpt>
      <trkpt lat="46.56080014072358608245849609375" lon="7.89610122330486774444580078125">
        <ele>1568</ele>
        <time>2025-08-24T12:30:01.000Z</time>
        <extensions>
          <ns3:TrackPointExtension>
            <ns3:hr>112</ns3:hr>
          </ns3:TrackPointExtension>
        </extensions>
      </trkpt>
      <trkpt lat="46.560810618102550506591796875" lon="7.89610507898032665252685546875">
        <ele>1568.199951171875</ele>
        <time>2025-08-24T12:30:03.000Z</time>
        <extensions>
          <ns3:TrackPointExtension>
            <ns3:hr>110</ns3:hr>
          </ns3:TrackPointExtension>
        </extensions>
      </trkpt>
      <trkpt lat="46.56084381043910980224609375" lon="7.89612829685211181640625">
        <ele>1568.199951171875</ele>
        <time>2025-08-24T12:30:06.000Z</time>
        <extensions>
          <ns3:TrackPointExtension>
            <ns3:hr>111</ns3:hr>
          </ns3:TrackPointExtension>
        </extensions>
      </trkpt>
      <trkpt lat="46.56085613183677196502685546875" lon="7.896136008203029632568359375">
        <ele>1568.199951171875</ele>
        <time>2025-08-24T12:30:07.000Z</time>
        <extensions>
          <ns3:TrackPointExtension>
            <ns3:hr>109</ns3:hr>
          </ns3:TrackPointExtension>
        </extensions>
      </trkpt>
      <trkpt lat="46.5608847141265869140625" lon="7.8961613215506076812744140625">
        <ele>1568.199951171875</ele>
        <time>2025-08-24T12:30:09.000Z</time>
        <extensions>
          <ns3:TrackPointExtension>
            <ns3:hr>109</ns3:hr>
          </ns3:TrackPointExtension>
        </extensions>
      </trkpt>
      <trkpt lat="46.56091162003576755523681640625" lon="7.89617079310119152069091796875">
        <ele>1568.199951171875</ele>
        <time>2025-08-24T12:30:11.000Z</time>
        <extensions>
          <ns3:TrackPointExtension>
            <ns3:hr>109</ns3:hr>
          </ns3:TrackPointExtension>
        </extensions>
      </trkpt>
      <trkpt lat="46.56093458645045757293701171875" lon="7.8961844556033611297607421875">
        <ele>1568.4000244140625</ele>
        <time>2025-08-24T12:30:13.000Z</time>
        <extensions>
          <ns3:TrackPointExtension>
            <ns3:hr>108</ns3:hr>
          </ns3:TrackPointExtension>
        </extensions>
      </trkpt>
      <trkpt lat="46.560979597270488739013671875" lon="7.89620616473257541656494140625">
        <ele>1568.4000244140625</ele>
        <time>2025-08-24T12:30:17.000Z</time>
        <extensions>
          <ns3:TrackPointExtension>
            <ns3:hr>110</ns3:hr>
          </ns3:TrackPointExtension>
        </extensions>
      </trkpt>
      <trkpt lat="46.56102997250854969024658203125" lon="7.89624673314392566680908203125">
        <ele>1568.5999755859375</ele>
        <time>2025-08-24T12:30:21.000Z</time>
        <extensions>
          <ns3:TrackPointExtension>
            <ns3:hr>110</ns3:hr>
          </ns3:TrackPointExtension>
        </extensions>
      </trkpt>
      <trkpt lat="46.56103701330721378326416015625" lon="7.89626148529350757598876953125">
        <ele>1568.5999755859375</ele>
        <time>2025-08-24T12:30:22.000Z</time>
        <extensions>
          <ns3:TrackPointExtension>
            <ns3:hr>111</ns3:hr>
          </ns3:TrackPointExtension>
        </extensions>
      </trkpt>
      <trkpt lat="46.56108160503208637237548828125" lon="7.89631915278732776641845703125">
        <ele>1568.5999755859375</ele>
        <time>2025-08-24T12:30:26.000Z</time>
        <extensions>
          <ns3:TrackPointExtension>
            <ns3:hr>112</ns3:hr>
          </ns3:TrackPointExtension>
        </extensions>
      </trkpt>
      <trkpt lat="46.5611041523516178131103515625" lon="7.89633943699300289154052734375">
        <ele>1568.800048828125</ele>
        <time>2025-08-24T12:30:28.000Z</time>
        <extensions>
          <ns3:TrackPointExtension>
            <ns3:hr>111</ns3:hr>
          </ns3:TrackPointExtension>
        </extensions>
      </trkpt>
      <trkpt lat="46.5611551143229007720947265625" lon="7.8963742218911647796630859375">
        <ele>1568.800048828125</ele>
        <time>2025-08-24T12:30:31.000Z</time>
        <extensions>
          <ns3:TrackPointExtension>
            <ns3:hr>107</ns3:hr>
          </ns3:TrackPointExtension>
        </extensions>
      </trkpt>
      <trkpt lat="46.56117732636630535125732421875" lon="7.89638034068048000335693359375">
        <ele>1568.800048828125</ele>
        <time>2025-08-24T12:30:32.000Z</time>
        <extensions>
          <ns3:TrackPointExtension>
            <ns3:hr>110</ns3:hr>
          </ns3:TrackPointExtension>
        </extensions>
      </trkpt>
      <trkpt lat="46.56119459308683872222900390625" lon="7.89638788439333438873291015625">
        <ele>1568.800048828125</ele>
        <time>2025-08-24T12:30:33.000Z</time>
        <extensions>
          <ns3:TrackPointExtension>
            <ns3:hr>110</ns3:hr>
          </ns3:TrackPointExtension>
        </extensions>
      </trkpt>
      <trkpt lat="46.56121638603508472442626953125" lon="7.8964027203619480133056640625">
        <ele>1568.800048828125</ele>
        <time>2025-08-24T12:30:35.000Z</time>
        <extensions>
          <ns3:TrackPointExtension>
            <ns3:hr>110</ns3:hr>
          </ns3:TrackPointExtension>
        </extensions>
      </trkpt>
      <trkpt lat="46.56124069355428218841552734375" lon="7.89641889743506908416748046875">
        <ele>1568.800048828125</ele>
        <time>2025-08-24T12:30:37.000Z</time>
        <extensions>
          <ns3:TrackPointExtension>
            <ns3:hr>108</ns3:hr>
          </ns3:TrackPointExtension>
        </extensions>
      </trkpt>
      <trkpt lat="46.56124236993491649627685546875" lon="7.896442115306854248046875">
        <ele>1569</ele>
        <time>2025-08-24T12:30:38.000Z</time>
        <extensions>
          <ns3:TrackPointExtension>
            <ns3:hr>107</ns3:hr>
          </ns3:TrackPointExtension>
        </extensions>
      </trkpt>
      <trkpt lat="46.56126491725444793701171875" lon="7.8964729607105255126953125">
        <ele>1569.199951171875</ele>
        <time>2025-08-24T12:30:40.000Z</time>
        <extensions>
          <ns3:TrackPointExtension>
            <ns3:hr>103</ns3:hr>
          </ns3:TrackPointExtension>
        </extensions>
      </trkpt>
      <trkpt lat="46.56130070798099040985107421875" lon="7.89654462598264217376708984375">
        <ele>1569.199951171875</ele>
        <time>2025-08-24T12:30:43.000Z</time>
        <extensions>
          <ns3:TrackPointExtension>
            <ns3:hr>106</ns3:hr>
          </ns3:TrackPointExtension>
        </extensions>
      </trkpt>
      <trkpt lat="46.561320908367633819580078125" lon="7.8965827636420726776123046875">
        <ele>1569.199951171875</ele>
        <time>2025-08-24T12:30:45.000Z</time>
        <extensions>
          <ns3:TrackPointExtension>
            <ns3:hr>105</ns3:hr>
          </ns3:TrackPointExtension>
        </extensions>
      </trkpt>
      <trkpt lat="46.56134529970586299896240234375" lon="7.89660774171352386474609375">
        <ele>1569.199951171875</ele>
        <time>2025-08-24T12:30:47.000Z</time>
        <extensions>
          <ns3:TrackPointExtension>
            <ns3:hr>106</ns3:hr>
          </ns3:TrackPointExtension>
        </extensions>
      </trkpt>
      <trkpt lat="46.5613956749439239501953125" lon="7.89666540920734405517578125">
        <ele>1569</ele>
        <time>2025-08-24T12:30:51.000Z</time>
        <extensions>
          <ns3:TrackPointExtension>
            <ns3:hr>106</ns3:hr>
          </ns3:TrackPointExtension>
        </extensions>
      </trkpt>
      <trkpt lat="46.5614367462694644927978515625" lon="7.8966955840587615966796875">
        <ele>1569</ele>
        <time>2025-08-24T12:30:54.000Z</time>
        <extensions>
          <ns3:TrackPointExtension>
            <ns3:hr>104</ns3:hr>
          </ns3:TrackPointExtension>
        </extensions>
      </trkpt>
      <trkpt lat="46.56145024113357067108154296875" lon="7.896704971790313720703125">
        <ele>1569</ele>
        <time>2025-08-24T12:30:55.000Z</time>
        <extensions>
          <ns3:TrackPointExtension>
            <ns3:hr>101</ns3:hr>
          </ns3:TrackPointExtension>
        </extensions>
      </trkpt>
      <trkpt lat="46.56145761720836162567138671875" lon="7.89671595208346843719482421875">
        <ele>1569</ele>
        <time>2025-08-24T12:30:56.000Z</time>
        <extensions>
          <ns3:TrackPointExtension>
            <ns3:hr>101</ns3:hr>
          </ns3:TrackPointExtension>
        </extensions>
      </trkpt>
      <trkpt lat="46.56148963607847690582275390625" lon="7.8967787325382232666015625">
        <ele>1569</ele>
        <time>2025-08-24T12:31:00.000Z</time>
        <extensions>
          <ns3:TrackPointExtension>
            <ns3:hr>98</ns3:hr>
          </ns3:TrackPointExtension>
        </extensions>
      </trkpt>
      <trkpt lat="46.561523415148258209228515625" lon="7.89679692126810550689697265625">
        <ele>1568.800048828125</ele>
        <time>2025-08-24T12:31:04.000Z</time>
        <extensions>
          <ns3:TrackPointExtension>
            <ns3:hr>99</ns3:hr>
          </ns3:TrackPointExtension>
        </extensions>
      </trkpt>
      <trkpt lat="46.56156104989349842071533203125" lon="7.89682072587311267852783203125">
        <ele>1568.800048828125</ele>
        <time>2025-08-24T12:31:07.000Z</time>
        <extensions>
          <ns3:TrackPointExtension>
            <ns3:hr>96</ns3:hr>
          </ns3:TrackPointExtension>
        </extensions>
      </trkpt>
      <trkpt lat="46.56156825833022594451904296875" lon="7.896831035614013671875">
        <ele>1568.800048828125</ele>
        <time>2025-08-24T12:31:08.000Z</time>
        <extensions>
          <ns3:TrackPointExtension>
            <ns3:hr>96</ns3:hr>
          </ns3:TrackPointExtension>
        </extensions>
      </trkpt>
      <trkpt lat="46.56158007681369781494140625" lon="7.89685794152319431304931640625">
        <ele>1569</ele>
        <time>2025-08-24T12:31:10.000Z</time>
        <extensions>
          <ns3:TrackPointExtension>
            <ns3:hr>97</ns3:hr>
          </ns3:TrackPointExtension>
        </extensions>
      </trkpt>
      <trkpt lat="46.56160413287580013275146484375" lon="7.89685810916125774383544921875">
        <ele>1568.800048828125</ele>
        <time>2025-08-24T12:31:12.000Z</time>
        <extensions>
          <ns3:TrackPointExtension>
            <ns3:hr>98</ns3:hr>
          </ns3:TrackPointExtension>
        </extensions>
      </trkpt>
      <trkpt lat="46.56162391416728496551513671875" lon="7.89686791598796844482421875">
        <ele>1568.5999755859375</ele>
        <time>2025-08-24T12:31:14.000Z</time>
        <extensions>
          <ns3:TrackPointExtension>
            <ns3:hr>95</ns3:hr>
          </ns3:TrackPointExtension>
        </extensions>
      </trkpt>
      <trkpt lat="46.5616335533559322357177734375" lon="7.89687152020633220672607421875">
        <ele>1568.5999755859375</ele>
        <time>2025-08-24T12:31:15.000Z</time>
        <extensions>
          <ns3:TrackPointExtension>
            <ns3:hr>96</ns3:hr>
          </ns3:TrackPointExtension>
        </extensions>
      </trkpt>
      <trkpt lat="46.5616412647068500518798828125" lon="7.896880991756916046142578125">
        <ele>1568.5999755859375</ele>
        <time>2025-08-24T12:31:16.000Z</time>
        <extensions>
          <ns3:TrackPointExtension>
            <ns3:hr>97</ns3:hr>
          </ns3:TrackPointExtension>
        </extensions>
      </trkpt>
      <trkpt lat="46.5616600401699542999267578125" lon="7.89690504781901836395263671875">
        <ele>1568.4000244140625</ele>
        <time>2025-08-24T12:31:18.000Z</time>
        <extensions>
          <ns3:TrackPointExtension>
            <ns3:hr>96</ns3:hr>
          </ns3:TrackPointExtension>
        </extensions>
      </trkpt>
      <trkpt lat="46.56168828718364238739013671875" lon="7.89690873585641384124755859375">
        <ele>1568.4000244140625</ele>
        <time>2025-08-24T12:31:20.000Z</time>
        <extensions>
          <ns3:TrackPointExtension>
            <ns3:hr>94</ns3:hr>
          </ns3:TrackPointExtension>
        </extensions>
      </trkpt>
      <trkpt lat="46.56170806847512722015380859375" lon="7.89690412580966949462890625">
        <ele>1568.4000244140625</ele>
        <time>2025-08-24T12:31:21.000Z</time>
        <extensions>
          <ns3:TrackPointExtension>
            <ns3:hr>94</ns3:hr>
          </ns3:TrackPointExtension>
        </extensions>
      </trkpt>
      <trkpt lat="46.56172835268080234527587890625" lon="7.89690789766609668731689453125">
        <ele>1568.4000244140625</ele>
        <time>2025-08-24T12:31:23.000Z</time>
        <extensions>
          <ns3:TrackPointExtension>
            <ns3:hr>96</ns3:hr>
          </ns3:TrackPointExtension>
        </extensions>
      </trkpt>
      <trkpt lat="46.561753749847412109375" lon="7.896918542683124542236328125">
        <ele>1568.199951171875</ele>
        <time>2025-08-24T12:31:25.000Z</time>
        <extensions>
          <ns3:TrackPointExtension>
            <ns3:hr>94</ns3:hr>
          </ns3:TrackPointExtension>
        </extensions>
      </trkpt>
      <trkpt lat="46.56177042983472347259521484375" lon="7.89694393984973430633544921875">
        <ele>1568.199951171875</ele>
        <time>2025-08-24T12:31:26.000Z</time>
        <extensions>
          <ns3:TrackPointExtension>
            <ns3:hr>95</ns3:hr>
          </ns3:TrackPointExtension>
        </extensions>
      </trkpt>
      <trkpt lat="46.56181887723505496978759765625" lon="7.89698316715657711029052734375">
        <ele>1568.199951171875</ele>
        <time>2025-08-24T12:31:29.000Z</time>
        <extensions>
          <ns3:TrackPointExtension>
            <ns3:hr>95</ns3:hr>
          </ns3:TrackPointExtension>
        </extensions>
      </trkpt>
      <trkpt lat="46.56186631880700588226318359375" lon="7.896986268460750579833984375">
        <ele>1568</ele>
        <time>2025-08-24T12:31:31.000Z</time>
        <extensions>
          <ns3:TrackPointExtension>
            <ns3:hr>95</ns3:hr>
          </ns3:TrackPointExtension>
        </extensions>
      </trkpt>
      <trkpt lat="46.561928428709506988525390625" lon="7.89700445719063282012939453125">
        <ele>1567.5999755859375</ele>
        <time>2025-08-24T12:31:35.000Z</time>
        <extensions>
          <ns3:TrackPointExtension>
            <ns3:hr>96</ns3:hr>
          </ns3:TrackPointExtension>
        </extensions>
      </trkpt>
      <trkpt lat="46.5620462782680988311767578125" lon="7.8970675729215145111083984375">
        <ele>1567.199951171875</ele>
        <time>2025-08-24T12:31:42.000Z</time>
        <extensions>
          <ns3:TrackPointExtension>
            <ns3:hr>94</ns3:hr>
          </ns3:TrackPointExtension>
        </extensions>
      </trkpt>
      <trkpt lat="46.562067233026027679443359375" lon="7.89707050658762454986572265625">
        <ele>1567.199951171875</ele>
        <time>2025-08-24T12:31:43.000Z</time>
        <extensions>
          <ns3:TrackPointExtension>
            <ns3:hr>95</ns3:hr>
          </ns3:TrackPointExtension>
        </extensions>
      </trkpt>
      <trkpt lat="46.56209900043904781341552734375" lon="7.89708877913653850555419921875">
        <ele>1567.199951171875</ele>
        <time>2025-08-24T12:31:45.000Z</time>
        <extensions>
          <ns3:TrackPointExtension>
            <ns3:hr>94</ns3:hr>
          </ns3:TrackPointExtension>
        </extensions>
      </trkpt>
      <trkpt lat="46.562122218310832977294921875" lon="7.89710554294288158416748046875">
        <ele>1567</ele>
        <time>2025-08-24T12:31:47.000Z</time>
        <extensions>
          <ns3:TrackPointExtension>
            <ns3:hr>97</ns3:hr>
          </ns3:TrackPointExtension>
        </extensions>
      </trkpt>
      <trkpt lat="46.562149040400981903076171875" lon="7.89711593650281429290771484375">
        <ele>1567</ele>
        <time>2025-08-24T12:31:49.000Z</time>
        <extensions>
          <ns3:TrackPointExtension>
            <ns3:hr>99</ns3:hr>
          </ns3:TrackPointExtension>
        </extensions>
      </trkpt>
      <trkpt lat="46.56218097545206546783447265625" lon="7.897149212658405303955078125">
        <ele>1566.800048828125</ele>
        <time>2025-08-24T12:31:52.000Z</time>
        <extensions>
          <ns3:TrackPointExtension>
            <ns3:hr>102</ns3:hr>
          </ns3:TrackPointExtension>
        </extensions>
      </trkpt>
      <trkpt lat="46.56224182806909084320068359375" lon="7.8971805609762668609619140625">
        <ele>1566.800048828125</ele>
        <time>2025-08-24T12:31:56.000Z</time>
        <extensions>
          <ns3:TrackPointExtension>
            <ns3:hr>105</ns3:hr>
          </ns3:TrackPointExtension>
        </extensions>
      </trkpt>
      <trkpt lat="46.56229555606842041015625" lon="7.89723814465105533599853515625">
        <ele>1566.5999755859375</ele>
        <time>2025-08-24T12:32:01.000Z</time>
        <extensions>
          <ns3:TrackPointExtension>
            <ns3:hr>108</ns3:hr>
          </ns3:TrackPointExtension>
        </extensions>
      </trkpt>
      <trkpt lat="46.56234106980264186859130859375" lon="7.89726865477859973907470703125">
        <ele>1566.5999755859375</ele>
        <time>2025-08-24T12:32:05.000Z</time>
        <extensions>
          <ns3:TrackPointExtension>
            <ns3:hr>111</ns3:hr>
          </ns3:TrackPointExtension>
        </extensions>
      </trkpt>
      <trkpt lat="46.5623896010220050811767578125" lon="7.8972494602203369140625">
        <ele>1566.5999755859375</ele>
        <time>2025-08-24T12:32:07.000Z</time>
        <extensions>
          <ns3:TrackPointExtension>
            <ns3:hr>112</ns3:hr>
          </ns3:TrackPointExtension>
        </extensions>
      </trkpt>
      <trkpt lat="46.5624184347689151763916015625" lon="7.89725482463836669921875">
        <ele>1566.4000244140625</ele>
        <time>2025-08-24T12:32:10.000Z</time>
        <extensions>
          <ns3:TrackPointExtension>
            <ns3:hr>112</ns3:hr>
          </ns3:TrackPointExtension>
        </extensions>
      </trkpt>
      <trkpt lat="46.56248054467141628265380859375" lon="7.89729279465973377227783203125">
        <ele>1566.4000244140625</ele>
        <time>2025-08-24T12:32:15.000Z</time>
        <extensions>
          <ns3:TrackPointExtension>
            <ns3:hr>115</ns3:hr>
          </ns3:TrackPointExtension>
        </extensions>
      </trkpt>
      <trkpt lat="46.5625374577939510345458984375" lon="7.897314839065074920654296875">
        <ele>1566.199951171875</ele>
        <time>2025-08-24T12:32:19.000Z</time>
        <extensions>
          <ns3:TrackPointExtension>
            <ns3:hr>115</ns3:hr>
          </ns3:TrackPointExtension>
        </extensions>
      </trkpt>
      <trkpt lat="46.562566794455051422119140625" lon="7.89731374941766262054443359375">
        <ele>1566.199951171875</ele>
        <time>2025-08-24T12:32:22.000Z</time>
        <extensions>
          <ns3:TrackPointExtension>
            <ns3:hr>116</ns3:hr>
          </ns3:TrackPointExtension>
        </extensions>
      </trkpt>
      <trkpt lat="46.562586911022663116455078125" lon="7.89733462035655975341796875">
        <ele>1566.199951171875</ele>
        <time>2025-08-24T12:32:25.000Z</time>
        <extensions>
          <ns3:TrackPointExtension>
            <ns3:hr>116</ns3:hr>
          </ns3:TrackPointExtension>
        </extensions>
      </trkpt>
      <trkpt lat="46.56269746832549571990966796875" lon="7.8973339498043060302734375">
        <ele>1566.199951171875</ele>
        <time>2025-08-24T12:32:33.000Z</time>
        <extensions>
          <ns3:TrackPointExtension>
            <ns3:hr>118</ns3:hr>
          </ns3:TrackPointExtension>
        </extensions>
      </trkpt>
      <trkpt lat="46.56282353214919567108154296875" lon="7.89723294787108898162841796875">
        <ele>1566.199951171875</ele>
        <time>2025-08-24T12:32:44.000Z</time>
        <extensions>
          <ns3:TrackPointExtension>
            <ns3:hr>118</ns3:hr>
          </ns3:TrackPointExtension>
        </extensions>
      </trkpt>
      <trkpt lat="46.56289243139326572418212890625" lon="7.89706413634121417999267578125">
        <ele>1566.4000244140625</ele>
        <time>2025-08-24T12:32:53.000Z</time>
        <extensions>
          <ns3:TrackPointExtension>
            <ns3:hr>120</ns3:hr>
          </ns3:TrackPointExtension>
        </extensions>
      </trkpt>
      <trkpt lat="46.562995947897434234619140625" lon="7.896904461085796356201171875">
        <ele>1566.4000244140625</ele>
        <time>2025-08-24T12:33:03.000Z</time>
        <extensions>
          <ns3:TrackPointExtension>
            <ns3:hr>118</ns3:hr>
          </ns3:TrackPointExtension>
        </extensions>
      </trkpt>
      <trkpt lat="46.56309745274484157562255859375" lon="7.8968565165996551513671875">
        <ele>1566.5999755859375</ele>
        <time>2025-08-24T12:33:10.000Z</time>
        <extensions>
          <ns3:TrackPointExtension>
            <ns3:hr>116</ns3:hr>
          </ns3:TrackPointExtension>
        </extensions>
      </trkpt>
      <trkpt lat="46.5631154738366603851318359375" lon="7.89685509167611598968505859375">
        <ele>1566.5999755859375</ele>
        <time>2025-08-24T12:33:12.000Z</time>
        <extensions>
          <ns3:TrackPointExtension>
            <ns3:hr>116</ns3:hr>
          </ns3:TrackPointExtension>
        </extensions>
      </trkpt>
      <trkpt lat="46.5631610713899135589599609375" lon="7.89686900563538074493408203125">
        <ele>1566.800048828125</ele>
        <time>2025-08-24T12:33:16.000Z</time>
        <extensions>
          <ns3:TrackPointExtension>
            <ns3:hr>118</ns3:hr>
          </ns3:TrackPointExtension>
        </extensions>
      </trkpt>
      <trkpt lat="46.56318814493715763092041015625" lon="7.89687059819698333740234375">
        <ele>1566.800048828125</ele>
        <time>2025-08-24T12:33:18.000Z</time>
        <extensions>
          <ns3:TrackPointExtension>
            <ns3:hr>118</ns3:hr>
          </ns3:TrackPointExtension>
        </extensions>
      </trkpt>
      <trkpt lat="46.563246063888072967529296875" lon="7.8968684189021587371826171875">
        <ele>1566.800048828125</ele>
        <time>2025-08-24T12:33:24.000Z</time>
        <extensions>
          <ns3:TrackPointExtension>
            <ns3:hr>115</ns3:hr>
          </ns3:TrackPointExtension>
        </extensions>
      </trkpt>
      <trkpt lat="46.563285291194915771484375" lon="7.89688811637461185455322265625">
        <ele>1567</ele>
        <time>2025-08-24T12:33:27.000Z</time>
        <extensions>
          <ns3:TrackPointExtension>
            <ns3:hr>117</ns3:hr>
          </ns3:TrackPointExtension>
        </extensions>
      </trkpt>
      <trkpt lat="46.56334094703197479248046875" lon="7.89691711775958538055419921875">
        <ele>1567.199951171875</ele>
        <time>2025-08-24T12:33:31.000Z</time>
        <extensions>
          <ns3:TrackPointExtension>
            <ns3:hr>116</ns3:hr>
          </ns3:TrackPointExtension>
        </extensions>
      </trkpt>
      <trkpt lat="46.56338696368038654327392578125" lon="7.8969515673816204071044921875">
        <ele>1567.199951171875</ele>
        <time>2025-08-24T12:33:35.000Z</time>
        <extensions>
          <ns3:TrackPointExtension>
            <ns3:hr>114</ns3:hr>
          </ns3:TrackPointExtension>
        </extensions>
      </trkpt>
      <trkpt lat="46.56347899697721004486083984375" lon="7.8969584405422210693359375">
        <ele>1567.5999755859375</ele>
        <time>2025-08-24T12:33:42.000Z</time>
        <extensions>
          <ns3:TrackPointExtension>
            <ns3:hr>118</ns3:hr>
          </ns3:TrackPointExtension>
        </extensions>
      </trkpt>
      <trkpt lat="46.56351369805634021759033203125" lon="7.89694192819297313690185546875">
        <ele>1567.5999755859375</ele>
        <time>2025-08-24T12:33:45.000Z</time>
        <extensions>
          <ns3:TrackPointExtension>
            <ns3:hr>120</ns3:hr>
          </ns3:TrackPointExtension>
        </extensions>
      </trkpt>
      <trkpt lat="46.56359382905066013336181640625" lon="7.8969612903892993927001953125">
        <ele>1567.5999755859375</ele>
        <time>2025-08-24T12:33:52.000Z</time>
        <extensions>
          <ns3:TrackPointExtension>
            <ns3:hr>119</ns3:hr>
          </ns3:TrackPointExtension>
        </extensions>
      </trkpt>
      <trkpt lat="46.56364663504064083099365234375" lon="7.89698936976492404937744140625">
        <ele>1567.800048828125</ele>
        <time>2025-08-24T12:33:56.000Z</time>
        <extensions>
          <ns3:TrackPointExtension>
            <ns3:hr>120</ns3:hr>
          </ns3:TrackPointExtension>
        </extensions>
      </trkpt>
      <trkpt lat="46.56366138719022274017333984375" lon="7.89703077636659145355224609375">
        <ele>1567.800048828125</ele>
        <time>2025-08-24T12:33:59.000Z</time>
        <extensions>
          <ns3:TrackPointExtension>
            <ns3:hr>120</ns3:hr>
          </ns3:TrackPointExtension>
        </extensions>
      </trkpt>
      <trkpt lat="46.5636955015361309051513671875" lon="7.89705039002001285552978515625">
        <ele>1568</ele>
        <time>2025-08-24T12:34:01.000Z</time>
        <extensions>
          <ns3:TrackPointExtension>
            <ns3:hr>120</ns3:hr>
          </ns3:TrackPointExtension>
        </extensions>
      </trkpt>
      <trkpt lat="46.56372341327369213104248046875" lon="7.8970437683165073394775390625">
        <ele>1568.199951171875</ele>
        <time>2025-08-24T12:34:04.000Z</time>
        <extensions>
          <ns3:TrackPointExtension>
            <ns3:hr>120</ns3:hr>
          </ns3:TrackPointExtension>
        </extensions>
      </trkpt>
      <trkpt lat="46.5637211501598358154296875" lon="7.8970444388687610626220703125">
        <ele>1568.199951171875</ele>
        <time>2025-08-24T12:34:05.000Z</time>
        <extensions>
          <ns3:TrackPointExtension>
            <ns3:hr>120</ns3:hr>
          </ns3:TrackPointExtension>
        </extensions>
      </trkpt>
      <trkpt lat="46.56374168582260608673095703125" lon="7.897031195461750030517578125">
        <ele>1568.199951171875</ele>
        <time>2025-08-24T12:34:08.000Z</time>
        <extensions>
          <ns3:TrackPointExtension>
            <ns3:hr>118</ns3:hr>
          </ns3:TrackPointExtension>
        </extensions>
      </trkpt>
    </trkseg>
  </trk>
</gpx>
