<?xml version="1.0" encoding="UTF-8"?>
<gpx creator="Garmin Connect" version="1.1"
  xsi:schemaLocation="http://www.topografix.com/GPX/1/1 http://www.topografix.com/GPX/11.xsd"
  xmlns:ns3="http://www.garmin.com/xmlschemas/TrackPointExtension/v1"
  xmlns="http://www.topografix.com/GPX/1/1"
  xmlns:xsi="http://www.w3.org/2001/XMLSchema-instance" xmlns:ns2="http://www.garmin.com/xmlschemas/GpxExtensions/v3">
  <metadata>
    <link href="connect.garmin.com">
      <text>Garmin Connect</text>
    </link>
    <time>2023-07-16T18:53:27.000Z</time>
  </metadata>
  <trk>
    <name>Squamish-Lillooet Walking</name>
    <type>walking</type>
    <trkseg>
      <trkpt lat="49.672930799424648284912109375" lon="-123.14924175851047039031982421875">
        <ele>384.20001220703125</ele>
        <time>2023-07-16T18:53:39.000Z</time>
        <extensions>
          <ns3:TrackPointExtension>
            <ns3:hr>132</ns3:hr>
          </ns3:TrackPointExtension>
        </extensions>
      </trkpt>
      <trkpt lat="49.672682024538516998291015625" lon="-123.14914955757558345794677734375">
        <ele>384.20001220703125</ele>
        <time>2023-07-16T18:53:40.000Z</time>
        <extensions>
          <ns3:TrackPointExtension>
            <ns3:hr>132</ns3:hr>
          </ns3:TrackPointExtension>
        </extensions>
      </trkpt>
      <trkpt lat="49.67266869731247425079345703125" lon="-123.14921577461063861846923828125">
        <ele>384</ele>
        <time>2023-07-16T18:53:42.000Z</time>
        <extensions>
          <ns3:TrackPointExtension>
            <ns3:hr>132</ns3:hr>
          </ns3:TrackPointExtension>
        </extensions>
      </trkpt>
      <trkpt lat="49.67268009670078754425048828125" lon="-123.14923949539661407470703125">
        <ele>384</ele>
        <time>2023-07-16T18:53:43.000Z</time>
        <extensions>
          <ns3:TrackPointExtension>
            <ns3:hr>131</ns3:hr>
          </ns3:TrackPointExtension>
        </extensions>
      </trkpt>
      <trkpt lat="49.672610945999622344970703125" lon="-123.1492267549037933349609375">
        <ele>383.79998779296875</ele>
        <time>2023-07-16T18:53:44.000Z</time>
        <extensions>
          <ns3:TrackPointExtension>
            <ns3:hr>132</ns3:hr>
          </ns3:TrackPointExtension>
        </extensions>
      </trkpt>
      <trkpt lat="49.67265008948743343353271484375" lon="-123.1492098234593868255615234375">
        <ele>383.79998779296875</ele>
        <time>2023-07-16T18:53:47.000Z</time>
        <extensions>
          <ns3:TrackPointExtension>
            <ns3:hr>130</ns3:hr>
          </ns3:TrackPointExtension>
        </extensions>
      </trkpt>
      <trkpt lat="49.67263684608042240142822265625" lon="-123.14918040297925472259521484375">
        <ele>384</ele>
        <time>2023-07-16T18:53:48.000Z</time>
        <extensions>
          <ns3:TrackPointExtension>
            <ns3:hr>130</ns3:hr>
          </ns3:TrackPointExtension>
        </extensions>
      </trkpt>
      <trkpt lat="49.67261522077023983001708984375" lon="-123.14913480542600154876708984375">
        <ele>384</ele>
        <time>2023-07-16T18:53:50.000Z</time>
        <extensions>
          <ns3:TrackPointExtension>
            <ns3:hr>128</ns3:hr>
          </ns3:TrackPointExtension>
        </extensions>
      </trkpt>
      <trkpt lat="49.67261505313217639923095703125" lon="-123.14912759698927402496337890625">
        <ele>384</ele>
        <time>2023-07-16T18:53:51.000Z</time>
        <extensions>
          <ns3:TrackPointExtension>
            <ns3:hr>128</ns3:hr>
          </ns3:TrackPointExtension>
        </extensions>
      </trkpt>
      <trkpt lat="49.67261203564703464508056640625" lon="-123.1491109170019626617431640625">
        <ele>384.20001220703125</ele>
        <time>2023-07-16T18:53:53.000Z</time>
        <extensions>
          <ns3:TrackPointExtension>
            <ns3:hr>125</ns3:hr>
          </ns3:TrackPointExtension>
        </extensions>
      </trkpt>
      <trkpt lat="49.67260935343801975250244140625" lon="-123.14909331500530242919921875">
        <ele>384.20001220703125</ele>
        <time>2023-07-16T18:53:54.000Z</time>
        <extensions>
          <ns3:TrackPointExtension>
            <ns3:hr>124</ns3:hr>
          </ns3:TrackPointExtension>
        </extensions>
      </trkpt>
      <trkpt lat="49.67259745113551616668701171875" lon="-123.1490726955235004425048828125">
        <ele>384</ele>
        <time>2023-07-16T18:53:56.000Z</time>
        <extensions>
          <ns3:TrackPointExtension>
            <ns3:hr>125</ns3:hr>
          </ns3:TrackPointExtension>
        </extensions>
      </trkpt>
      <trkpt lat="49.67260315082967281341552734375" lon="-123.1490765511989593505859375">
        <ele>383.79998779296875</ele>
        <time>2023-07-16T18:53:57.000Z</time>
        <extensions>
          <ns3:TrackPointExtension>
            <ns3:hr>124</ns3:hr>
          </ns3:TrackPointExtension>
        </extensions>
      </trkpt>
      <trkpt lat="49.67257297597825527191162109375" lon="-123.14907127059996128082275390625">
        <ele>383.600006103515625</ele>
        <time>2023-07-16T18:53:59.000Z</time>
        <extensions>
          <ns3:TrackPointExtension>
            <ns3:hr>125</ns3:hr>
          </ns3:TrackPointExtension>
        </extensions>
      </trkpt>
      <trkpt lat="49.67255361378192901611328125" lon="-123.14907051622867584228515625">
        <ele>383.399993896484375</ele>
        <time>2023-07-16T18:54:03.000Z</time>
        <extensions>
          <ns3:TrackPointExtension>
            <ns3:hr>125</ns3:hr>
          </ns3:TrackPointExtension>
        </extensions>
      </trkpt>
      <trkpt lat="49.672537855803966522216796875" lon="-123.14907160587608814239501953125">
        <ele>383.20001220703125</ele>
        <time>2023-07-16T18:54:04.000Z</time>
        <extensions>
          <ns3:TrackPointExtension>
            <ns3:hr>125</ns3:hr>
          </ns3:TrackPointExtension>
        </extensions>
      </trkpt>
      <trkpt lat="49.67251740396022796630859375" lon="-123.14908669330179691314697265625">
        <ele>383.20001220703125</ele>
        <time>2023-07-16T18:54:07.000Z</time>
        <extensions>
          <ns3:TrackPointExtension>
            <ns3:hr>125</ns3:hr>
          </ns3:TrackPointExtension>
        </extensions>
      </trkpt>
      <trkpt lat="49.67251698486506938934326171875" lon="-123.14908769913017749786376953125">
        <ele>383.20001220703125</ele>
        <time>2023-07-16T18:54:08.000Z</time>
        <extensions>
          <ns3:TrackPointExtension>
            <ns3:hr>127</ns3:hr>
          </ns3:TrackPointExtension>
        </extensions>
      </trkpt>
      <trkpt lat="49.672506339848041534423828125" lon="-123.1491100788116455078125">
        <ele>383</ele>
        <time>2023-07-16T18:54:11.000Z</time>
        <extensions>
          <ns3:TrackPointExtension>
            <ns3:hr>129</ns3:hr>
          </ns3:TrackPointExtension>
        </extensions>
      </trkpt>
      <trkpt lat="49.6725001372396945953369140625" lon="-123.1491135992109775543212890625">
        <ele>383</ele>
        <time>2023-07-16T18:54:12.000Z</time>
        <extensions>
          <ns3:TrackPointExtension>
            <ns3:hr>129</ns3:hr>
          </ns3:TrackPointExtension>
        </extensions>
      </trkpt>
      <trkpt lat="49.67249770648777484893798828125" lon="-123.1491189636290073394775390625">
        <ele>383</ele>
        <time>2023-07-16T18:54:16.000Z</time>
        <extensions>
          <ns3:TrackPointExtension>
            <ns3:hr>129</ns3:hr>
          </ns3:TrackPointExtension>
        </extensions>
      </trkpt>
      <trkpt lat="49.6725038252770900726318359375" lon="-123.14911703579127788543701171875">
        <ele>383</ele>
        <time>2023-07-16T18:54:18.000Z</time>
        <extensions>
          <ns3:TrackPointExtension>
            <ns3:hr>128</ns3:hr>
          </ns3:TrackPointExtension>
        </extensions>
      </trkpt>
      <trkpt lat="49.6725068427622318267822265625" lon="-123.14911234192550182342529296875">
        <ele>383</ele>
        <time>2023-07-16T18:54:21.000Z</time>
        <extensions>
          <ns3:TrackPointExtension>
            <ns3:hr>128</ns3:hr>
          </ns3:TrackPointExtension>
        </extensions>
      </trkpt>
      <trkpt lat="49.6725105307996273040771484375" lon="-123.1491194665431976318359375">
        <ele>383</ele>
        <time>2023-07-16T18:54:24.000Z</time>
        <extensions>
          <ns3:TrackPointExtension>
            <ns3:hr>129</ns3:hr>
          </ns3:TrackPointExtension>
        </extensions>
      </trkpt>
      <trkpt lat="49.67250265181064605712890625" lon="-123.14912089146673679351806640625">
        <ele>383</ele>
        <time>2023-07-16T18:54:25.000Z</time>
        <extensions>
          <ns3:TrackPointExtension>
            <ns3:hr>129</ns3:hr>
          </ns3:TrackPointExtension>
        </extensions>
      </trkpt>
      <trkpt lat="49.6724961139261722564697265625" lon="-123.1491176225244998931884765625">
        <ele>383</ele>
        <time>2023-07-16T18:54:26.000Z</time>
        <extensions>
          <ns3:TrackPointExtension>
            <ns3:hr>129</ns3:hr>
          </ns3:TrackPointExtension>
        </extensions>
      </trkpt>
      <trkpt lat="49.67248932458460330963134765625" lon="-123.14912776462733745574951171875">
        <ele>383</ele>
        <time>2023-07-16T18:54:30.000Z</time>
        <extensions>
          <ns3:TrackPointExtension>
            <ns3:hr>130</ns3:hr>
          </ns3:TrackPointExtension>
        </extensions>
      </trkpt>
      <trkpt lat="49.67249720357358455657958984375" lon="-123.14912877045571804046630859375">
        <ele>383</ele>
        <time>2023-07-16T18:54:31.000Z</time>
        <extensions>
          <ns3:TrackPointExtension>
            <ns3:hr>130</ns3:hr>
          </ns3:TrackPointExtension>
        </extensions>
      </trkpt>
      <trkpt lat="49.67249720357358455657958984375" lon="-123.14912877045571804046630859375">
        <ele>383</ele>
        <time>2023-07-16T18:54:34.000Z</time>
        <extensions>
          <ns3:TrackPointExtension>
            <ns3:hr>130</ns3:hr>
          </ns3:TrackPointExtension>
        </extensions>
      </trkpt>
      <trkpt lat="49.67249720357358455657958984375" lon="-123.14912877045571804046630859375">
        <ele>383.20001220703125</ele>
        <time>2023-07-16T18:54:37.000Z</time>
        <extensions>
          <ns3:TrackPointExtension>
            <ns3:hr>128</ns3:hr>
          </ns3:TrackPointExtension>
        </extensions>
      </trkpt>
      <trkpt lat="49.67249720357358455657958984375" lon="-123.14912877045571804046630859375">
        <ele>383.20001220703125</ele>
        <time>2023-07-16T18:54:40.000Z</time>
        <extensions>
          <ns3:TrackPointExtension>
            <ns3:hr>128</ns3:hr>
          </ns3:TrackPointExtension>
        </extensions>
      </trkpt>
      <trkpt lat="49.67249720357358455657958984375" lon="-123.14912877045571804046630859375">
        <ele>383.20001220703125</ele>
        <time>2023-07-16T18:54:43.000Z</time>
        <extensions>
          <ns3:TrackPointExtension>
            <ns3:hr>127</ns3:hr>
          </ns3:TrackPointExtension>
        </extensions>
      </trkpt>
      <trkpt lat="49.67250265181064605712890625" lon="-123.14912877045571804046630859375">
        <ele>383.20001220703125</ele>
        <time>2023-07-16T18:54:45.000Z</time>
        <extensions>
          <ns3:TrackPointExtension>
            <ns3:hr>128</ns3:hr>
          </ns3:TrackPointExtension>
        </extensions>
      </trkpt>
      <trkpt lat="49.6725058369338512420654296875" lon="-123.14912877045571804046630859375">
        <ele>383.20001220703125</ele>
        <time>2023-07-16T18:54:48.000Z</time>
        <extensions>
          <ns3:TrackPointExtension>
            <ns3:hr>129</ns3:hr>
          </ns3:TrackPointExtension>
        </extensions>
      </trkpt>
      <trkpt lat="49.67250692658126354217529296875" lon="-123.14912877045571804046630859375">
        <ele>383.399993896484375</ele>
        <time>2023-07-16T18:54:49.000Z</time>
        <extensions>
          <ns3:TrackPointExtension>
            <ns3:hr>126</ns3:hr>
          </ns3:TrackPointExtension>
        </extensions>
      </trkpt>
      <trkpt lat="49.67250801622867584228515625" lon="-123.14912877045571804046630859375">
        <ele>383.600006103515625</ele>
        <time>2023-07-16T18:54:51.000Z</time>
        <extensions>
          <ns3:TrackPointExtension>
            <ns3:hr>126</ns3:hr>
          </ns3:TrackPointExtension>
        </extensions>
      </trkpt>
      <trkpt lat="49.672509022057056427001953125" lon="-123.14912877045571804046630859375">
        <ele>383.79998779296875</ele>
        <time>2023-07-16T18:54:53.000Z</time>
        <extensions>
          <ns3:TrackPointExtension>
            <ns3:hr>126</ns3:hr>
          </ns3:TrackPointExtension>
        </extensions>
      </trkpt>
      <trkpt lat="49.67251262627542018890380859375" lon="-123.14912877045571804046630859375">
        <ele>383.79998779296875</ele>
        <time>2023-07-16T18:54:55.000Z</time>
        <extensions>
          <ns3:TrackPointExtension>
            <ns3:hr>125</ns3:hr>
          </ns3:TrackPointExtension>
        </extensions>
      </trkpt>
      <trkpt lat="49.6725086867809295654296875" lon="-123.1491132639348506927490234375">
        <ele>383.399993896484375</ele>
        <time>2023-07-16T18:54:59.000Z</time>
        <extensions>
          <ns3:TrackPointExtension>
            <ns3:hr>124</ns3:hr>
          </ns3:TrackPointExtension>
        </extensions>
      </trkpt>
      <trkpt lat="49.6725086867809295654296875" lon="-123.1491132639348506927490234375">
        <ele>383.399993896484375</ele>
        <time>2023-07-16T18:55:00.000Z</time>
        <extensions>
          <ns3:TrackPointExtension>
            <ns3:hr>123</ns3:hr>
          </ns3:TrackPointExtension>
        </extensions>
      </trkpt>
      <trkpt lat="49.6725086867809295654296875" lon="-123.1491132639348506927490234375">
        <ele>383.399993896484375</ele>
        <time>2023-07-16T18:55:04.000Z</time>
        <extensions>
          <ns3:TrackPointExtension>
            <ns3:hr>122</ns3:hr>
          </ns3:TrackPointExtension>
        </extensions>
      </trkpt>
      <trkpt lat="49.6725033223628997802734375" lon="-123.1491089053452014923095703125">
        <ele>383.20001220703125</ele>
        <time>2023-07-16T18:55:05.000Z</time>
        <extensions>
          <ns3:TrackPointExtension>
            <ns3:hr>122</ns3:hr>
          </ns3:TrackPointExtension>
        </extensions>
      </trkpt>
      <trkpt lat="49.67247306369245052337646484375" lon="-123.14910982735455036163330078125">
        <ele>383.20001220703125</ele>
        <time>2023-07-16T18:55:08.000Z</time>
        <extensions>
          <ns3:TrackPointExtension>
            <ns3:hr>118</ns3:hr>
          </ns3:TrackPointExtension>
        </extensions>
      </trkpt>
      <trkpt lat="49.67246417887508869171142578125" lon="-123.1490968354046344757080078125">
        <ele>383</ele>
        <time>2023-07-16T18:55:09.000Z</time>
        <extensions>
          <ns3:TrackPointExtension>
            <ns3:hr>118</ns3:hr>
          </ns3:TrackPointExtension>
        </extensions>
      </trkpt>
      <trkpt lat="49.67244498431682586669921875" lon="-123.14909993670880794525146484375">
        <ele>382.79998779296875</ele>
        <time>2023-07-16T18:55:12.000Z</time>
        <extensions>
          <ns3:TrackPointExtension>
            <ns3:hr>118</ns3:hr>
          </ns3:TrackPointExtension>
        </extensions>
      </trkpt>
      <trkpt lat="49.672435931861400604248046875" lon="-123.1491078995168209075927734375">
        <ele>382.600006103515625</ele>
        <time>2023-07-16T18:55:13.000Z</time>
        <extensions>
          <ns3:TrackPointExtension>
            <ns3:hr>117</ns3:hr>
          </ns3:TrackPointExtension>
        </extensions>
      </trkpt>
      <trkpt lat="49.672425873577594757080078125" lon="-123.149106390774250030517578125">
        <ele>382.600006103515625</ele>
        <time>2023-07-16T18:55:14.000Z</time>
        <extensions>
          <ns3:TrackPointExtension>
            <ns3:hr>117</ns3:hr>
          </ns3:TrackPointExtension>
        </extensions>
      </trkpt>
      <trkpt lat="49.6724096126854419708251953125" lon="-123.14913379959762096405029296875">
        <ele>382.20001220703125</ele>
        <time>2023-07-16T18:55:17.000Z</time>
        <extensions>
          <ns3:TrackPointExtension>
            <ns3:hr>117</ns3:hr>
          </ns3:TrackPointExtension>
        </extensions>
      </trkpt>
      <trkpt lat="49.67240835539996623992919921875" lon="-123.14911745488643646240234375">
        <ele>382</ele>
        <time>2023-07-16T18:55:18.000Z</time>
        <extensions>
          <ns3:TrackPointExtension>
            <ns3:hr>116</ns3:hr>
          </ns3:TrackPointExtension>
        </extensions>
      </trkpt>
      <trkpt lat="49.67239595018327236175537109375" lon="-123.149099685251712799072265625">
        <ele>382</ele>
        <time>2023-07-16T18:55:20.000Z</time>
        <extensions>
          <ns3:TrackPointExtension>
            <ns3:hr>118</ns3:hr>
          </ns3:TrackPointExtension>
        </extensions>
      </trkpt>
      <trkpt lat="49.6723710559308528900146484375" lon="-123.14913078211247920989990234375">
        <ele>382</ele>
        <time>2023-07-16T18:55:22.000Z</time>
        <extensions>
          <ns3:TrackPointExtension>
            <ns3:hr>117</ns3:hr>
          </ns3:TrackPointExtension>
        </extensions>
      </trkpt>
      <trkpt lat="49.672357141971588134765625" lon="-123.149139247834682464599609375">
        <ele>382</ele>
        <time>2023-07-16T18:55:23.000Z</time>
        <extensions>
          <ns3:TrackPointExtension>
            <ns3:hr>115</ns3:hr>
          </ns3:TrackPointExtension>
        </extensions>
      </trkpt>
      <trkpt lat="49.6723693795502185821533203125" lon="-123.14909390173852443695068359375">
        <ele>382</ele>
        <time>2023-07-16T18:55:25.000Z</time>
        <extensions>
          <ns3:TrackPointExtension>
            <ns3:hr>114</ns3:hr>
          </ns3:TrackPointExtension>
        </extensions>
      </trkpt>
      <trkpt lat="49.6723677031695842742919921875" lon="-123.14910027198493480682373046875">
        <ele>381.79998779296875</ele>
        <time>2023-07-16T18:55:26.000Z</time>
        <extensions>
          <ns3:TrackPointExtension>
            <ns3:hr>116</ns3:hr>
          </ns3:TrackPointExtension>
        </extensions>
      </trkpt>
      <trkpt lat="49.672373570501804351806640625" lon="-123.14910127781331539154052734375">
        <ele>381.79998779296875</ele>
        <time>2023-07-16T18:55:27.000Z</time>
        <extensions>
          <ns3:TrackPointExtension>
            <ns3:hr>116</ns3:hr>
          </ns3:TrackPointExtension>
        </extensions>
      </trkpt>
      <trkpt lat="49.6723737381398677825927734375" lon="-123.14910228364169597625732421875">
        <ele>381.399993896484375</ele>
        <time>2023-07-16T18:55:28.000Z</time>
        <extensions>
          <ns3:TrackPointExtension>
            <ns3:hr>115</ns3:hr>
          </ns3:TrackPointExtension>
        </extensions>
      </trkpt>
      <trkpt lat="49.67237055301666259765625" lon="-123.1491135992109775543212890625">
        <ele>381.20001220703125</ele>
        <time>2023-07-16T18:55:30.000Z</time>
        <extensions>
          <ns3:TrackPointExtension>
            <ns3:hr>115</ns3:hr>
          </ns3:TrackPointExtension>
        </extensions>
      </trkpt>
      <trkpt lat="49.67233928851783275604248046875" lon="-123.1491233222186565399169921875">
        <ele>382.20001220703125</ele>
        <time>2023-07-16T18:55:34.000Z</time>
        <extensions>
          <ns3:TrackPointExtension>
            <ns3:hr>116</ns3:hr>
          </ns3:TrackPointExtension>
        </extensions>
      </trkpt>
      <trkpt lat="49.67233727686107158660888671875" lon="-123.14915089868009090423583984375">
        <ele>382</ele>
        <time>2023-07-16T18:55:35.000Z</time>
        <extensions>
          <ns3:TrackPointExtension>
            <ns3:hr>114</ns3:hr>
          </ns3:TrackPointExtension>
        </extensions>
      </trkpt>
      <trkpt lat="49.67233627103269100189208984375" lon="-123.14916665665805339813232421875">
        <ele>381.79998779296875</ele>
        <time>2023-07-16T18:55:36.000Z</time>
        <extensions>
          <ns3:TrackPointExtension>
            <ns3:hr>114</ns3:hr>
          </ns3:TrackPointExtension>
        </extensions>
      </trkpt>
      <trkpt lat="49.6723311580717563629150390625" lon="-123.1492034532129764556884765625">
        <ele>381.399993896484375</ele>
        <time>2023-07-16T18:55:38.000Z</time>
        <extensions>
          <ns3:TrackPointExtension>
            <ns3:hr>115</ns3:hr>
          </ns3:TrackPointExtension>
        </extensions>
      </trkpt>
      <trkpt lat="49.67233627103269100189208984375" lon="-123.1491937302052974700927734375">
        <ele>381.20001220703125</ele>
        <time>2023-07-16T18:55:39.000Z</time>
        <extensions>
          <ns3:TrackPointExtension>
            <ns3:hr>115</ns3:hr>
          </ns3:TrackPointExtension>
        </extensions>
      </trkpt>
      <trkpt lat="49.67234465293586254119873046875" lon="-123.14918316900730133056640625">
        <ele>382</ele>
        <time>2023-07-16T18:55:40.000Z</time>
        <extensions>
          <ns3:TrackPointExtension>
            <ns3:hr>115</ns3:hr>
          </ns3:TrackPointExtension>
        </extensions>
      </trkpt>
      <trkpt lat="49.67234884388744831085205078125" lon="-123.1491944007575511932373046875">
        <ele>381.399993896484375</ele>
        <time>2023-07-16T18:55:42.000Z</time>
        <extensions>
          <ns3:TrackPointExtension>
            <ns3:hr>116</ns3:hr>
          </ns3:TrackPointExtension>
        </extensions>
      </trkpt>
      <trkpt lat="49.672358147799968719482421875" lon="-123.1491887010633945465087890625">
        <ele>381.399993896484375</ele>
        <time>2023-07-16T18:55:45.000Z</time>
        <extensions>
          <ns3:TrackPointExtension>
            <ns3:hr>114</ns3:hr>
          </ns3:TrackPointExtension>
        </extensions>
      </trkpt>
      <trkpt lat="49.672356806695461273193359375" lon="-123.1491892039775848388671875">
        <ele>381.399993896484375</ele>
        <time>2023-07-16T18:55:46.000Z</time>
        <extensions>
          <ns3:TrackPointExtension>
            <ns3:hr>113</ns3:hr>
          </ns3:TrackPointExtension>
        </extensions>
      </trkpt>
      <trkpt lat="49.67235110700130462646484375" lon="-123.14919280819594860076904296875">
        <ele>381.399993896484375</ele>
        <time>2023-07-16T18:55:51.000Z</time>
        <extensions>
          <ns3:TrackPointExtension>
            <ns3:hr>115</ns3:hr>
          </ns3:TrackPointExtension>
        </extensions>
      </trkpt>
      <trkpt lat="49.6723120473325252532958984375" lon="-123.14921108074486255645751953125">
        <ele>381.20001220703125</ele>
        <time>2023-07-16T18:55:53.000Z</time>
        <extensions>
          <ns3:TrackPointExtension>
            <ns3:hr>115</ns3:hr>
          </ns3:TrackPointExtension>
        </extensions>
      </trkpt>
      <trkpt lat="49.6722419746220111846923828125" lon="-123.149240501224994659423828125">
        <ele>380.600006103515625</ele>
        <time>2023-07-16T18:55:57.000Z</time>
        <extensions>
          <ns3:TrackPointExtension>
            <ns3:hr>117</ns3:hr>
          </ns3:TrackPointExtension>
        </extensions>
      </trkpt>
      <trkpt lat="49.67224113643169403076171875" lon="-123.14926070161163806915283203125">
        <ele>379.600006103515625</ele>
        <time>2023-07-16T18:56:03.000Z</time>
        <extensions>
          <ns3:TrackPointExtension>
            <ns3:hr>118</ns3:hr>
          </ns3:TrackPointExtension>
        </extensions>
      </trkpt>
      <trkpt lat="49.67222772538661956787109375" lon="-123.14924645237624645233154296875">
        <ele>379.399993896484375</ele>
        <time>2023-07-16T18:56:05.000Z</time>
        <extensions>
          <ns3:TrackPointExtension>
            <ns3:hr>118</ns3:hr>
          </ns3:TrackPointExtension>
        </extensions>
      </trkpt>
      <trkpt lat="49.6722205169498920440673828125" lon="-123.14927008934319019317626953125">
        <ele>379.20001220703125</ele>
        <time>2023-07-16T18:56:07.000Z</time>
        <extensions>
          <ns3:TrackPointExtension>
            <ns3:hr>118</ns3:hr>
          </ns3:TrackPointExtension>
        </extensions>
      </trkpt>
      <trkpt lat="49.67221054248511791229248046875" lon="-123.1492450274527072906494140625">
        <ele>379</ele>
        <time>2023-07-16T18:56:10.000Z</time>
        <extensions>
          <ns3:TrackPointExtension>
            <ns3:hr>119</ns3:hr>
          </ns3:TrackPointExtension>
        </extensions>
      </trkpt>
      <trkpt lat="49.6722117997705936431884765625" lon="-123.14924888312816619873046875">
        <ele>378.600006103515625</ele>
        <time>2023-07-16T18:56:13.000Z</time>
        <extensions>
          <ns3:TrackPointExtension>
            <ns3:hr>116</ns3:hr>
          </ns3:TrackPointExtension>
        </extensions>
      </trkpt>
      <trkpt lat="49.672215990722179412841796875" lon="-123.1492440216243267059326171875">
        <ele>378.399993896484375</ele>
        <time>2023-07-16T18:56:15.000Z</time>
        <extensions>
          <ns3:TrackPointExtension>
            <ns3:hr>117</ns3:hr>
          </ns3:TrackPointExtension>
        </extensions>
      </trkpt>
      <trkpt lat="49.6722190082073211669921875" lon="-123.14923890866339206695556640625">
        <ele>378.20001220703125</ele>
        <time>2023-07-16T18:56:19.000Z</time>
        <extensions>
          <ns3:TrackPointExtension>
            <ns3:hr>117</ns3:hr>
          </ns3:TrackPointExtension>
        </extensions>
      </trkpt>
      <trkpt lat="49.6722010709345340728759765625" lon="-123.149235136806964874267578125">
        <ele>379</ele>
        <time>2023-07-16T18:56:22.000Z</time>
        <extensions>
          <ns3:TrackPointExtension>
            <ns3:hr>118</ns3:hr>
          </ns3:TrackPointExtension>
        </extensions>
      </trkpt>
      <trkpt lat="49.672192521393299102783203125" lon="-123.14927696250379085540771484375">
        <ele>379</ele>
        <time>2023-07-16T18:56:25.000Z</time>
        <extensions>
          <ns3:TrackPointExtension>
            <ns3:hr>119</ns3:hr>
          </ns3:TrackPointExtension>
        </extensions>
      </trkpt>
      <trkpt lat="49.67219285666942596435546875" lon="-123.14932398498058319091796875">
        <ele>377</ele>
        <time>2023-07-16T18:56:26.000Z</time>
        <extensions>
          <ns3:TrackPointExtension>
            <ns3:hr>118</ns3:hr>
          </ns3:TrackPointExtension>
        </extensions>
      </trkpt>
      <trkpt lat="49.6721960417926311492919921875" lon="-123.14936027862131595611572265625">
        <ele>375.79998779296875</ele>
        <time>2023-07-16T18:56:27.000Z</time>
        <extensions>
          <ns3:TrackPointExtension>
            <ns3:hr>119</ns3:hr>
          </ns3:TrackPointExtension>
        </extensions>
      </trkpt>
      <trkpt lat="49.67220065183937549591064453125" lon="-123.149379976093769073486328125">
        <ele>375.20001220703125</ele>
        <time>2023-07-16T18:56:28.000Z</time>
        <extensions>
          <ns3:TrackPointExtension>
            <ns3:hr>119</ns3:hr>
          </ns3:TrackPointExtension>
        </extensions>
      </trkpt>
      <trkpt lat="49.6721846424043178558349609375" lon="-123.14937201328575611114501953125">
        <ele>374.600006103515625</ele>
        <time>2023-07-16T18:56:30.000Z</time>
        <extensions>
          <ns3:TrackPointExtension>
            <ns3:hr>119</ns3:hr>
          </ns3:TrackPointExtension>
        </extensions>
      </trkpt>
      <trkpt lat="49.67218204401433467864990234375" lon="-123.14938877709209918975830078125">
        <ele>374.600006103515625</ele>
        <time>2023-07-16T18:56:31.000Z</time>
        <extensions>
          <ns3:TrackPointExtension>
            <ns3:hr>119</ns3:hr>
          </ns3:TrackPointExtension>
        </extensions>
      </trkpt>
      <trkpt lat="49.6721963770687580108642578125" lon="-123.149402439594268798828125">
        <ele>374.79998779296875</ele>
        <time>2023-07-16T18:56:36.000Z</time>
        <extensions>
          <ns3:TrackPointExtension>
            <ns3:hr>119</ns3:hr>
          </ns3:TrackPointExtension>
        </extensions>
      </trkpt>
      <trkpt lat="49.6721953712403774261474609375" lon="-123.1493630446493625640869140625">
        <ele>374.600006103515625</ele>
        <time>2023-07-16T18:56:40.000Z</time>
        <extensions>
          <ns3:TrackPointExtension>
            <ns3:hr>118</ns3:hr>
          </ns3:TrackPointExtension>
        </extensions>
      </trkpt>
      <trkpt lat="49.67218874953687191009521484375" lon="-123.149354159832000732421875">
        <ele>372.399993896484375</ele>
        <time>2023-07-16T18:56:42.000Z</time>
        <extensions>
          <ns3:TrackPointExtension>
            <ns3:hr>119</ns3:hr>
          </ns3:TrackPointExtension>
        </extensions>
      </trkpt>
      <trkpt lat="49.6721829660236835479736328125" lon="-123.149353154003620147705078125">
        <ele>371.20001220703125</ele>
        <time>2023-07-16T18:56:43.000Z</time>
        <extensions>
          <ns3:TrackPointExtension>
            <ns3:hr>120</ns3:hr>
          </ns3:TrackPointExtension>
        </extensions>
      </trkpt>
      <trkpt lat="49.67216762714087963104248046875" lon="-123.14938173629343509674072265625">
        <ele>370.20001220703125</ele>
        <time>2023-07-16T18:56:46.000Z</time>
        <extensions>
          <ns3:TrackPointExtension>
            <ns3:hr>121</ns3:hr>
          </ns3:TrackPointExtension>
        </extensions>
      </trkpt>
      <trkpt lat="49.67210157774388790130615234375" lon="-123.14944325946271419525146484375">
        <ele>370.20001220703125</ele>
        <time>2023-07-16T18:56:48.000Z</time>
        <extensions>
          <ns3:TrackPointExtension>
            <ns3:hr>121</ns3:hr>
          </ns3:TrackPointExtension>
        </extensions>
      </trkpt>
      <trkpt lat="49.67205011285841464996337890625" lon="-123.14949489198625087738037109375">
        <ele>370.20001220703125</ele>
        <time>2023-07-16T18:56:51.000Z</time>
        <extensions>
          <ns3:TrackPointExtension>
            <ns3:hr>121</ns3:hr>
          </ns3:TrackPointExtension>
        </extensions>
      </trkpt>
      <trkpt lat="49.67206419445574283599853515625" lon="-123.14948382787406444549560546875">
        <ele>370.20001220703125</ele>
        <time>2023-07-16T18:56:54.000Z</time>
        <extensions>
          <ns3:TrackPointExtension>
            <ns3:hr>121</ns3:hr>
          </ns3:TrackPointExtension>
        </extensions>
      </trkpt>
      <trkpt lat="49.67205245979130268096923828125" lon="-123.14949489198625087738037109375">
        <ele>370</ele>
        <time>2023-07-16T18:56:59.000Z</time>
        <extensions>
          <ns3:TrackPointExtension>
            <ns3:hr>121</ns3:hr>
          </ns3:TrackPointExtension>
        </extensions>
      </trkpt>
      <trkpt lat="49.67203603126108646392822265625" lon="-123.14948097802698612213134765625">
        <ele>370.20001220703125</ele>
        <time>2023-07-16T18:57:07.000Z</time>
        <extensions>
          <ns3:TrackPointExtension>
            <ns3:hr>120</ns3:hr>
          </ns3:TrackPointExtension>
        </extensions>
      </trkpt>
      <trkpt lat="49.6720438264310359954833984375" lon="-123.1494743563234806060791015625">
        <ele>370.20001220703125</ele>
        <time>2023-07-16T18:57:11.000Z</time>
        <extensions>
          <ns3:TrackPointExtension>
            <ns3:hr>123</ns3:hr>
          </ns3:TrackPointExtension>
        </extensions>
      </trkpt>
      <trkpt lat="49.6720428206026554107666015625" lon="-123.14947075210511684417724609375">
        <ele>370.20001220703125</ele>
        <time>2023-07-16T18:57:15.000Z</time>
        <extensions>
          <ns3:TrackPointExtension>
            <ns3:hr>126</ns3:hr>
          </ns3:TrackPointExtension>
        </extensions>
      </trkpt>
      <trkpt lat="49.67202412895858287811279296875" lon="-123.1494963169097900390625">
        <ele>369.79998779296875</ele>
        <time>2023-07-16T18:57:20.000Z</time>
        <extensions>
          <ns3:TrackPointExtension>
            <ns3:hr>127</ns3:hr>
          </ns3:TrackPointExtension>
        </extensions>
      </trkpt>
      <trkpt lat="49.67203971929848194122314453125" lon="-123.14946941100060939788818359375">
        <ele>370.20001220703125</ele>
        <time>2023-07-16T18:57:25.000Z</time>
        <extensions>
          <ns3:TrackPointExtension>
            <ns3:hr>127</ns3:hr>
          </ns3:TrackPointExtension>
        </extensions>
      </trkpt>
      <trkpt lat="49.6720247156918048858642578125" lon="-123.1494629569351673126220703125">
        <ele>369.399993896484375</ele>
        <time>2023-07-16T18:57:29.000Z</time>
        <extensions>
          <ns3:TrackPointExtension>
            <ns3:hr>127</ns3:hr>
          </ns3:TrackPointExtension>
        </extensions>
      </trkpt>
      <trkpt lat="49.67202278785407543182373046875" lon="-123.149470500648021697998046875">
        <ele>369</ele>
        <time>2023-07-16T18:57:30.000Z</time>
        <extensions>
          <ns3:TrackPointExtension>
            <ns3:hr>127</ns3:hr>
          </ns3:TrackPointExtension>
        </extensions>
      </trkpt>
      <trkpt lat="49.672020189464092254638671875" lon="-123.149487264454364776611328125">
        <ele>368.79998779296875</ele>
        <time>2023-07-16T18:57:35.000Z</time>
        <extensions>
          <ns3:TrackPointExtension>
            <ns3:hr>130</ns3:hr>
          </ns3:TrackPointExtension>
        </extensions>
      </trkpt>
      <trkpt lat="49.6720240451395511627197265625" lon="-123.1494864262640476226806640625">
        <ele>368.79998779296875</ele>
        <time>2023-07-16T18:57:36.000Z</time>
        <extensions>
          <ns3:TrackPointExtension>
            <ns3:hr>131</ns3:hr>
          </ns3:TrackPointExtension>
        </extensions>
      </trkpt>
      <trkpt lat="49.67202387750148773193359375" lon="-123.1494844146072864532470703125">
        <ele>369.79998779296875</ele>
        <time>2023-07-16T18:57:39.000Z</time>
        <extensions>
          <ns3:TrackPointExtension>
            <ns3:hr>134</ns3:hr>
          </ns3:TrackPointExtension>
        </extensions>
      </trkpt>
      <trkpt lat="49.67203083448112010955810546875" lon="-123.14949673600494861602783203125">
        <ele>369.399993896484375</ele>
        <time>2023-07-16T18:57:42.000Z</time>
        <extensions>
          <ns3:TrackPointExtension>
            <ns3:hr>137</ns3:hr>
          </ns3:TrackPointExtension>
        </extensions>
      </trkpt>
      <trkpt lat="49.67203284613788127899169921875" lon="-123.1494815647602081298828125">
        <ele>369</ele>
        <time>2023-07-16T18:57:48.000Z</time>
        <extensions>
          <ns3:TrackPointExtension>
            <ns3:hr>139</ns3:hr>
          </ns3:TrackPointExtension>
        </extensions>
      </trkpt>
      <trkpt lat="49.6720320917665958404541015625" lon="-123.149477206170558929443359375">
        <ele>370.20001220703125</ele>
        <time>2023-07-16T18:57:49.000Z</time>
        <extensions>
          <ns3:TrackPointExtension>
            <ns3:hr>139</ns3:hr>
          </ns3:TrackPointExtension>
        </extensions>
      </trkpt>
      <trkpt lat="49.672038294374942779541015625" lon="-123.14945675432682037353515625">
        <ele>369.399993896484375</ele>
        <time>2023-07-16T18:57:57.000Z</time>
        <extensions>
          <ns3:TrackPointExtension>
            <ns3:hr>139</ns3:hr>
          </ns3:TrackPointExtension>
        </extensions>
      </trkpt>
      <trkpt lat="49.672038294374942779541015625" lon="-123.14945675432682037353515625">
        <ele>369.20001220703125</ele>
        <time>2023-07-16T18:57:59.000Z</time>
        <extensions>
          <ns3:TrackPointExtension>
            <ns3:hr>138</ns3:hr>
          </ns3:TrackPointExtension>
        </extensions>
      </trkpt>
      <trkpt lat="49.672038294374942779541015625" lon="-123.14945675432682037353515625">
        <ele>369.20001220703125</ele>
        <time>2023-07-16T18:58:02.000Z</time>
        <extensions>
          <ns3:TrackPointExtension>
            <ns3:hr>135</ns3:hr>
          </ns3:TrackPointExtension>
        </extensions>
      </trkpt>
      <trkpt lat="49.67203058302402496337890625" lon="-123.149461783468723297119140625">
        <ele>370.20001220703125</ele>
        <time>2023-07-16T18:58:44.000Z</time>
        <extensions>
          <ns3:TrackPointExtension>
            <ns3:hr>135</ns3:hr>
          </ns3:TrackPointExtension>
        </extensions>
      </trkpt>
      <trkpt lat="49.67201775871217250823974609375" lon="-123.14946656115353107452392578125">
        <ele>370.20001220703125</ele>
        <time>2023-07-16T18:58:46.000Z</time>
        <extensions>
          <ns3:TrackPointExtension>
            <ns3:hr>134</ns3:hr>
          </ns3:TrackPointExtension>
        </extensions>
      </trkpt>
      <trkpt lat="49.6720143221318721771240234375" lon="-123.14946739934384822845458984375">
        <ele>368.79998779296875</ele>
        <time>2023-07-16T18:58:47.000Z</time>
        <extensions>
          <ns3:TrackPointExtension>
            <ns3:hr>133</ns3:hr>
          </ns3:TrackPointExtension>
        </extensions>
      </trkpt>
      <trkpt lat="49.67199747450649738311767578125" lon="-123.14948718063533306121826171875">
        <ele>368.79998779296875</ele>
        <time>2023-07-16T18:58:51.000Z</time>
        <extensions>
          <ns3:TrackPointExtension>
            <ns3:hr>131</ns3:hr>
          </ns3:TrackPointExtension>
        </extensions>
      </trkpt>
      <trkpt lat="49.67197115533053874969482421875" lon="-123.14948332495987415313720703125">
        <ele>368.79998779296875</ele>
        <time>2023-07-16T18:58:56.000Z</time>
        <extensions>
          <ns3:TrackPointExtension>
            <ns3:hr>130</ns3:hr>
          </ns3:TrackPointExtension>
        </extensions>
      </trkpt>
      <trkpt lat="49.671935029327869415283203125" lon="-123.1495276652276515960693359375">
        <ele>368.79998779296875</ele>
        <time>2023-07-16T18:59:05.000Z</time>
        <extensions>
          <ns3:TrackPointExtension>
            <ns3:hr>128</ns3:hr>
          </ns3:TrackPointExtension>
        </extensions>
      </trkpt>
      <trkpt lat="49.67192002572119235992431640625" lon="-123.149563372135162353515625">
        <ele>368.79998779296875</ele>
        <time>2023-07-16T18:59:12.000Z</time>
        <extensions>
          <ns3:TrackPointExtension>
            <ns3:hr>127</ns3:hr>
          </ns3:TrackPointExtension>
        </extensions>
      </trkpt>
      <trkpt lat="49.6719130687415599822998046875" lon="-123.14957477152347564697265625">
        <ele>368.79998779296875</ele>
        <time>2023-07-16T18:59:18.000Z</time>
        <extensions>
          <ns3:TrackPointExtension>
            <ns3:hr>128</ns3:hr>
          </ns3:TrackPointExtension>
        </extensions>
      </trkpt>
      <trkpt lat="49.6719351969659328460693359375" lon="-123.1495910324156284332275390625">
        <ele>368.79998779296875</ele>
        <time>2023-07-16T18:59:25.000Z</time>
        <extensions>
          <ns3:TrackPointExtension>
            <ns3:hr>128</ns3:hr>
          </ns3:TrackPointExtension>
        </extensions>
      </trkpt>
      <trkpt lat="49.67191583476960659027099609375" lon="-123.14960184507071971893310546875">
        <ele>368.79998779296875</ele>
        <time>2023-07-16T18:59:43.000Z</time>
        <extensions>
          <ns3:TrackPointExtension>
            <ns3:hr>125</ns3:hr>
          </ns3:TrackPointExtension>
        </extensions>
      </trkpt>
      <trkpt lat="49.67188532464206218719482421875" lon="-123.1496478617191314697265625">
        <ele>368.79998779296875</ele>
        <time>2023-07-16T18:59:50.000Z</time>
        <extensions>
          <ns3:TrackPointExtension>
            <ns3:hr>120</ns3:hr>
          </ns3:TrackPointExtension>
        </extensions>
      </trkpt>
      <trkpt lat="49.671873338520526885986328125" lon="-123.14966873265802860260009765625">
        <ele>362.399993896484375</ele>
        <time>2023-07-16T18:59:54.000Z</time>
        <extensions>
          <ns3:TrackPointExtension>
            <ns3:hr>119</ns3:hr>
          </ns3:TrackPointExtension>
        </extensions>
      </trkpt>
      <trkpt lat="49.671869985759258270263671875" lon="-123.149704523384571075439453125">
        <ele>362.399993896484375</ele>
        <time>2023-07-16T19:00:00.000Z</time>
        <extensions>
          <ns3:TrackPointExtension>
            <ns3:hr>116</ns3:hr>
          </ns3:TrackPointExtension>
        </extensions>
      </trkpt>
      <trkpt lat="49.6718225441873073577880859375" lon="-123.14978037960827350616455078125">
        <ele>361.20001220703125</ele>
        <time>2023-07-16T19:00:10.000Z</time>
        <extensions>
          <ns3:TrackPointExtension>
            <ns3:hr>115</ns3:hr>
          </ns3:TrackPointExtension>
        </extensions>
      </trkpt>
      <trkpt lat="49.6718188561499118804931640625" lon="-123.1497953832149505615234375">
        <ele>361.20001220703125</ele>
        <time>2023-07-16T19:00:11.000Z</time>
        <extensions>
          <ns3:TrackPointExtension>
            <ns3:hr>114</ns3:hr>
          </ns3:TrackPointExtension>
        </extensions>
      </trkpt>
      <trkpt lat="49.67178373597562313079833984375" lon="-123.1498543918132781982421875">
        <ele>361</ele>
        <time>2023-07-16T19:00:16.000Z</time>
        <extensions>
          <ns3:TrackPointExtension>
            <ns3:hr>116</ns3:hr>
          </ns3:TrackPointExtension>
        </extensions>
      </trkpt>
      <trkpt lat="49.67178381979465484619140625" lon="-123.14990057609975337982177734375">
        <ele>360.399993896484375</ele>
        <time>2023-07-16T19:00:20.000Z</time>
        <extensions>
          <ns3:TrackPointExtension>
            <ns3:hr>119</ns3:hr>
          </ns3:TrackPointExtension>
        </extensions>
      </trkpt>
      <trkpt lat="49.67177736572921276092529296875" lon="-123.14991868101060390472412109375">
        <ele>360.20001220703125</ele>
        <time>2023-07-16T19:00:23.000Z</time>
        <extensions>
          <ns3:TrackPointExtension>
            <ns3:hr>117</ns3:hr>
          </ns3:TrackPointExtension>
        </extensions>
      </trkpt>
      <trkpt lat="49.67177686281502246856689453125" lon="-123.1499214470386505126953125">
        <ele>360</ele>
        <time>2023-07-16T19:00:24.000Z</time>
        <extensions>
          <ns3:TrackPointExtension>
            <ns3:hr>117</ns3:hr>
          </ns3:TrackPointExtension>
        </extensions>
      </trkpt>
      <trkpt lat="49.67178591527044773101806640625" lon="-123.14990107901394367218017578125">
        <ele>359.600006103515625</ele>
        <time>2023-07-16T19:00:29.000Z</time>
        <extensions>
          <ns3:TrackPointExtension>
            <ns3:hr>119</ns3:hr>
          </ns3:TrackPointExtension>
        </extensions>
      </trkpt>
      <trkpt lat="49.67179463244974613189697265625" lon="-123.14991080202162265777587890625">
        <ele>359.20001220703125</ele>
        <time>2023-07-16T19:00:33.000Z</time>
        <extensions>
          <ns3:TrackPointExtension>
            <ns3:hr>120</ns3:hr>
          </ns3:TrackPointExtension>
        </extensions>
      </trkpt>
      <trkpt lat="49.67179161496460437774658203125" lon="-123.1499135680496692657470703125">
        <ele>359</ele>
        <time>2023-07-16T19:00:36.000Z</time>
        <extensions>
          <ns3:TrackPointExtension>
            <ns3:hr>117</ns3:hr>
          </ns3:TrackPointExtension>
        </extensions>
      </trkpt>
      <trkpt lat="49.67179161496460437774658203125" lon="-123.1499135680496692657470703125">
        <ele>358.399993896484375</ele>
        <time>2023-07-16T19:00:39.000Z</time>
        <extensions>
          <ns3:TrackPointExtension>
            <ns3:hr>117</ns3:hr>
          </ns3:TrackPointExtension>
        </extensions>
      </trkpt>
      <trkpt lat="49.67178574763238430023193359375" lon="-123.14991138875484466552734375">
        <ele>358.20001220703125</ele>
        <time>2023-07-16T19:00:44.000Z</time>
        <extensions>
          <ns3:TrackPointExtension>
            <ns3:hr>114</ns3:hr>
          </ns3:TrackPointExtension>
        </extensions>
      </trkpt>
      <trkpt lat="49.67177040874958038330078125" lon="-123.1499348580837249755859375">
        <ele>358</ele>
        <time>2023-07-16T19:00:46.000Z</time>
        <extensions>
          <ns3:TrackPointExtension>
            <ns3:hr>112</ns3:hr>
          </ns3:TrackPointExtension>
        </extensions>
      </trkpt>
      <trkpt lat="49.6717447601258754730224609375" lon="-123.149976097047328948974609375">
        <ele>357.399993896484375</ele>
        <time>2023-07-16T19:00:51.000Z</time>
        <extensions>
          <ns3:TrackPointExtension>
            <ns3:hr>110</ns3:hr>
          </ns3:TrackPointExtension>
        </extensions>
      </trkpt>
      <trkpt lat="49.6717303432524204254150390625" lon="-123.14996561966836452484130859375">
        <ele>357.399993896484375</ele>
        <time>2023-07-16T19:00:55.000Z</time>
        <extensions>
          <ns3:TrackPointExtension>
            <ns3:hr>109</ns3:hr>
          </ns3:TrackPointExtension>
        </extensions>
      </trkpt>
      <trkpt lat="49.67172506265342235565185546875" lon="-123.14998825080692768096923828125">
        <ele>357.399993896484375</ele>
        <time>2023-07-16T19:01:00.000Z</time>
        <extensions>
          <ns3:TrackPointExtension>
            <ns3:hr>110</ns3:hr>
          </ns3:TrackPointExtension>
        </extensions>
      </trkpt>
      <trkpt lat="49.6716981567442417144775390625" lon="-123.1500540487468242645263671875">
        <ele>357.399993896484375</ele>
        <time>2023-07-16T19:01:04.000Z</time>
        <extensions>
          <ns3:TrackPointExtension>
            <ns3:hr>110</ns3:hr>
          </ns3:TrackPointExtension>
        </extensions>
      </trkpt>
      <trkpt lat="49.67168231494724750518798828125" lon="-123.15005891025066375732421875">
        <ele>357</ele>
        <time>2023-07-16T19:01:09.000Z</time>
        <extensions>
          <ns3:TrackPointExtension>
            <ns3:hr>111</ns3:hr>
          </ns3:TrackPointExtension>
        </extensions>
      </trkpt>
      <trkpt lat="49.67168147675693035125732421875" lon="-123.1500607542693614959716796875">
        <ele>356.79998779296875</ele>
        <time>2023-07-16T19:01:10.000Z</time>
        <extensions>
          <ns3:TrackPointExtension>
            <ns3:hr>111</ns3:hr>
          </ns3:TrackPointExtension>
        </extensions>
      </trkpt>
      <trkpt lat="49.6716864220798015594482421875" lon="-123.1500439904630184173583984375">
        <ele>357.399993896484375</ele>
        <time>2023-07-16T19:01:16.000Z</time>
        <extensions>
          <ns3:TrackPointExtension>
            <ns3:hr>112</ns3:hr>
          </ns3:TrackPointExtension>
        </extensions>
      </trkpt>
      <trkpt lat="49.67171617783606052398681640625" lon="-123.1500677950680255889892578125">
        <ele>357.399993896484375</ele>
        <time>2023-07-16T19:01:22.000Z</time>
        <extensions>
          <ns3:TrackPointExtension>
            <ns3:hr>113</ns3:hr>
          </ns3:TrackPointExtension>
        </extensions>
      </trkpt>
      <trkpt lat="49.6717048622667789459228515625" lon="-123.1500815413892269134521484375">
        <ele>355.600006103515625</ele>
        <time>2023-07-16T19:01:24.000Z</time>
        <extensions>
          <ns3:TrackPointExtension>
            <ns3:hr>112</ns3:hr>
          </ns3:TrackPointExtension>
        </extensions>
      </trkpt>
      <trkpt lat="49.67168985866010189056396484375" lon="-123.15007475204765796661376953125">
        <ele>356.79998779296875</ele>
        <time>2023-07-16T19:01:26.000Z</time>
        <extensions>
          <ns3:TrackPointExtension>
            <ns3:hr>112</ns3:hr>
          </ns3:TrackPointExtension>
        </extensions>
      </trkpt>
      <trkpt lat="49.6716793812811374664306640625" lon="-123.15007844008505344390869140625">
        <ele>356.79998779296875</ele>
        <time>2023-07-16T19:01:27.000Z</time>
        <extensions>
          <ns3:TrackPointExtension>
            <ns3:hr>112</ns3:hr>
          </ns3:TrackPointExtension>
        </extensions>
      </trkpt>
      <trkpt lat="49.671652726829051971435546875" lon="-123.15010895021259784698486328125">
        <ele>355.399993896484375</ele>
        <time>2023-07-16T19:01:30.000Z</time>
        <extensions>
          <ns3:TrackPointExtension>
            <ns3:hr>116</ns3:hr>
          </ns3:TrackPointExtension>
        </extensions>
      </trkpt>
      <trkpt lat="49.671648703515529632568359375" lon="-123.15010962076485157012939453125">
        <ele>354.399993896484375</ele>
        <time>2023-07-16T19:01:32.000Z</time>
        <extensions>
          <ns3:TrackPointExtension>
            <ns3:hr>113</ns3:hr>
          </ns3:TrackPointExtension>
        </extensions>
      </trkpt>
      <trkpt lat="49.67165482230484485626220703125" lon="-123.1500993110239505767822265625">
        <ele>354.20001220703125</ele>
        <time>2023-07-16T19:01:33.000Z</time>
        <extensions>
          <ns3:TrackPointExtension>
            <ns3:hr>114</ns3:hr>
          </ns3:TrackPointExtension>
        </extensions>
      </trkpt>
      <trkpt lat="49.6716807223856449127197265625" lon="-123.1500850617885589599609375">
        <ele>354.20001220703125</ele>
        <time>2023-07-16T19:01:36.000Z</time>
        <extensions>
          <ns3:TrackPointExtension>
            <ns3:hr>116</ns3:hr>
          </ns3:TrackPointExtension>
        </extensions>
      </trkpt>
      <trkpt lat="49.6716897748410701751708984375" lon="-123.15008615143597126007080078125">
        <ele>354.20001220703125</ele>
        <time>2023-07-16T19:01:39.000Z</time>
        <extensions>
          <ns3:TrackPointExtension>
            <ns3:hr>114</ns3:hr>
          </ns3:TrackPointExtension>
        </extensions>
      </trkpt>
      <trkpt lat="49.67167778871953487396240234375" lon="-123.15011532045900821685791015625">
        <ele>354.20001220703125</ele>
        <time>2023-07-16T19:01:42.000Z</time>
        <extensions>
          <ns3:TrackPointExtension>
            <ns3:hr>115</ns3:hr>
          </ns3:TrackPointExtension>
        </extensions>
      </trkpt>
      <trkpt lat="49.671678878366947174072265625" lon="-123.15012537874281406402587890625">
        <ele>353.20001220703125</ele>
        <time>2023-07-16T19:01:44.000Z</time>
        <extensions>
          <ns3:TrackPointExtension>
            <ns3:hr>114</ns3:hr>
          </ns3:TrackPointExtension>
        </extensions>
      </trkpt>
      <trkpt lat="49.6716703288257122039794921875" lon="-123.1501387059688568115234375">
        <ele>352</ele>
        <time>2023-07-16T19:01:47.000Z</time>
        <extensions>
          <ns3:TrackPointExtension>
            <ns3:hr>114</ns3:hr>
          </ns3:TrackPointExtension>
        </extensions>
      </trkpt>
      <trkpt lat="49.67167108319699764251708984375" lon="-123.1501395441591739654541015625">
        <ele>351.79998779296875</ele>
        <time>2023-07-16T19:01:48.000Z</time>
        <extensions>
          <ns3:TrackPointExtension>
            <ns3:hr>115</ns3:hr>
          </ns3:TrackPointExtension>
        </extensions>
      </trkpt>
      <trkpt lat="49.67161609791219234466552734375" lon="-123.1501670368015766143798828125">
        <ele>351.79998779296875</ele>
        <time>2023-07-16T19:01:52.000Z</time>
        <extensions>
          <ns3:TrackPointExtension>
            <ns3:hr>115</ns3:hr>
          </ns3:TrackPointExtension>
        </extensions>
      </trkpt>
      <trkpt lat="49.671613834798336029052734375" lon="-123.15018120221793651580810546875">
        <ele>351.600006103515625</ele>
        <time>2023-07-16T19:01:57.000Z</time>
        <extensions>
          <ns3:TrackPointExtension>
            <ns3:hr>116</ns3:hr>
          </ns3:TrackPointExtension>
        </extensions>
      </trkpt>
      <trkpt lat="49.67160872183740139007568359375" lon="-123.1501747481524944305419921875">
        <ele>351.399993896484375</ele>
        <time>2023-07-16T19:02:01.000Z</time>
        <extensions>
          <ns3:TrackPointExtension>
            <ns3:hr>115</ns3:hr>
          </ns3:TrackPointExtension>
        </extensions>
      </trkpt>
      <trkpt lat="49.6715928800404071807861328125" lon="-123.1502062641084194183349609375">
        <ele>351</ele>
        <time>2023-07-16T19:02:06.000Z</time>
        <extensions>
          <ns3:TrackPointExtension>
            <ns3:hr>116</ns3:hr>
          </ns3:TrackPointExtension>
        </extensions>
      </trkpt>
      <trkpt lat="49.67159179039299488067626953125" lon="-123.15020433627068996429443359375">
        <ele>351</ele>
        <time>2023-07-16T19:02:07.000Z</time>
        <extensions>
          <ns3:TrackPointExtension>
            <ns3:hr>116</ns3:hr>
          </ns3:TrackPointExtension>
        </extensions>
      </trkpt>
      <trkpt lat="49.67156396247446537017822265625" lon="-123.15022629685699939727783203125">
        <ele>350.399993896484375</ele>
        <time>2023-07-16T19:02:15.000Z</time>
        <extensions>
          <ns3:TrackPointExtension>
            <ns3:hr>115</ns3:hr>
          </ns3:TrackPointExtension>
        </extensions>
      </trkpt>
      <trkpt lat="49.67152272351086139678955078125" lon="-123.15028765238821506500244140625">
        <ele>349.79998779296875</ele>
        <time>2023-07-16T19:02:20.000Z</time>
        <extensions>
          <ns3:TrackPointExtension>
            <ns3:hr>115</ns3:hr>
          </ns3:TrackPointExtension>
        </extensions>
      </trkpt>
      <trkpt lat="49.67151685617864131927490234375" lon="-123.15030357800424098968505859375">
        <ele>349.79998779296875</ele>
        <time>2023-07-16T19:02:21.000Z</time>
        <extensions>
          <ns3:TrackPointExtension>
            <ns3:hr>116</ns3:hr>
          </ns3:TrackPointExtension>
        </extensions>
      </trkpt>
      <trkpt lat="49.671486429870128631591796875" lon="-123.15033174119889736175537109375">
        <ele>349</ele>
        <time>2023-07-16T19:02:27.000Z</time>
        <extensions>
          <ns3:TrackPointExtension>
            <ns3:hr>117</ns3:hr>
          </ns3:TrackPointExtension>
        </extensions>
      </trkpt>
      <trkpt lat="49.67148299328982830047607421875" lon="-123.15034179948270320892333984375">
        <ele>349</ele>
        <time>2023-07-16T19:02:28.000Z</time>
        <extensions>
          <ns3:TrackPointExtension>
            <ns3:hr>114</ns3:hr>
          </ns3:TrackPointExtension>
        </extensions>
      </trkpt>
      <trkpt lat="49.67148181982338428497314453125" lon="-123.1503474153578281402587890625">
        <ele>348.79998779296875</ele>
        <time>2023-07-16T19:02:29.000Z</time>
        <extensions>
          <ns3:TrackPointExtension>
            <ns3:hr>117</ns3:hr>
          </ns3:TrackPointExtension>
        </extensions>
      </trkpt>
      <trkpt lat="49.67148232273757457733154296875" lon="-123.1503514386713504791259765625">
        <ele>348.79998779296875</ele>
        <time>2023-07-16T19:02:30.000Z</time>
        <extensions>
          <ns3:TrackPointExtension>
            <ns3:hr>117</ns3:hr>
          </ns3:TrackPointExtension>
        </extensions>
      </trkpt>
      <trkpt lat="49.67147863470017910003662109375" lon="-123.150356300175189971923828125">
        <ele>348.79998779296875</ele>
        <time>2023-07-16T19:02:31.000Z</time>
        <extensions>
          <ns3:TrackPointExtension>
            <ns3:hr>116</ns3:hr>
          </ns3:TrackPointExtension>
        </extensions>
      </trkpt>
      <trkpt lat="49.6714751981198787689208984375" lon="-123.150351606309413909912109375">
        <ele>348.399993896484375</ele>
        <time>2023-07-16T19:02:34.000Z</time>
        <extensions>
          <ns3:TrackPointExtension>
            <ns3:hr>116</ns3:hr>
          </ns3:TrackPointExtension>
        </extensions>
      </trkpt>
      <trkpt lat="49.67147075571119785308837890625" lon="-123.1503698788583278656005859375">
        <ele>348.20001220703125</ele>
        <time>2023-07-16T19:02:40.000Z</time>
        <extensions>
          <ns3:TrackPointExtension>
            <ns3:hr>116</ns3:hr>
          </ns3:TrackPointExtension>
        </extensions>
      </trkpt>
      <trkpt lat="49.6714438498020172119140625" lon="-123.1504030711948871612548828125">
        <ele>348.20001220703125</ele>
        <time>2023-07-16T19:02:43.000Z</time>
        <extensions>
          <ns3:TrackPointExtension>
            <ns3:hr>114</ns3:hr>
          </ns3:TrackPointExtension>
        </extensions>
      </trkpt>
      <trkpt lat="49.6714369766414165496826171875" lon="-123.150378763675689697265625">
        <ele>348</ele>
        <time>2023-07-16T19:02:46.000Z</time>
        <extensions>
          <ns3:TrackPointExtension>
            <ns3:hr>117</ns3:hr>
          </ns3:TrackPointExtension>
        </extensions>
      </trkpt>
      <trkpt lat="49.6714523993432521820068359375" lon="-123.15038220025599002838134765625">
        <ele>348</ele>
        <time>2023-07-16T19:02:50.000Z</time>
        <extensions>
          <ns3:TrackPointExtension>
            <ns3:hr>117</ns3:hr>
          </ns3:TrackPointExtension>
        </extensions>
      </trkpt>
      <trkpt lat="49.6714527346193790435791015625" lon="-123.15036141313612461090087890625">
        <ele>348</ele>
        <time>2023-07-16T19:02:57.000Z</time>
        <extensions>
          <ns3:TrackPointExtension>
            <ns3:hr>114</ns3:hr>
          </ns3:TrackPointExtension>
        </extensions>
      </trkpt>
      <trkpt lat="49.67141644097864627838134765625" lon="-123.15035403706133365631103515625">
        <ele>347.79998779296875</ele>
        <time>2023-07-16T19:03:04.000Z</time>
        <extensions>
          <ns3:TrackPointExtension>
            <ns3:hr>111</ns3:hr>
          </ns3:TrackPointExtension>
        </extensions>
      </trkpt>
      <trkpt lat="49.671414010226726531982421875" lon="-123.15034967847168445587158203125">
        <ele>347.79998779296875</ele>
        <time>2023-07-16T19:03:05.000Z</time>
        <extensions>
          <ns3:TrackPointExtension>
            <ns3:hr>117</ns3:hr>
          </ns3:TrackPointExtension>
        </extensions>
      </trkpt>
      <trkpt lat="49.67141124419867992401123046875" lon="-123.15034498460590839385986328125">
        <ele>347.600006103515625</ele>
        <time>2023-07-16T19:03:06.000Z</time>
        <extensions>
          <ns3:TrackPointExtension>
            <ns3:hr>117</ns3:hr>
          </ns3:TrackPointExtension>
        </extensions>
      </trkpt>
      <trkpt lat="49.6713903732597827911376953125" lon="-123.150374405086040496826171875">
        <ele>347.600006103515625</ele>
        <time>2023-07-16T19:03:10.000Z</time>
        <extensions>
          <ns3:TrackPointExtension>
            <ns3:hr>116</ns3:hr>
          </ns3:TrackPointExtension>
        </extensions>
      </trkpt>
      <trkpt lat="49.67137813568115234375" lon="-123.150388486683368682861328125">
        <ele>347.600006103515625</ele>
        <time>2023-07-16T19:03:13.000Z</time>
        <extensions>
          <ns3:TrackPointExtension>
            <ns3:hr>113</ns3:hr>
          </ns3:TrackPointExtension>
        </extensions>
      </trkpt>
      <trkpt lat="49.671347625553607940673828125" lon="-123.15041388384997844696044921875">
        <ele>347.399993896484375</ele>
        <time>2023-07-16T19:03:18.000Z</time>
        <extensions>
          <ns3:TrackPointExtension>
            <ns3:hr>114</ns3:hr>
          </ns3:TrackPointExtension>
        </extensions>
      </trkpt>
      <trkpt lat="49.6712978370487689971923828125" lon="-123.15046367235481739044189453125">
        <ele>347.600006103515625</ele>
        <time>2023-07-16T19:03:24.000Z</time>
        <extensions>
          <ns3:TrackPointExtension>
            <ns3:hr>117</ns3:hr>
          </ns3:TrackPointExtension>
        </extensions>
      </trkpt>
      <trkpt lat="49.67129104770720005035400390625" lon="-123.1504691205918788909912109375">
        <ele>347.600006103515625</ele>
        <time>2023-07-16T19:03:25.000Z</time>
        <extensions>
          <ns3:TrackPointExtension>
            <ns3:hr>117</ns3:hr>
          </ns3:TrackPointExtension>
        </extensions>
      </trkpt>
      <trkpt lat="49.6712136827409267425537109375" lon="-123.150536678731441497802734375">
        <ele>347.399993896484375</ele>
        <time>2023-07-16T19:03:33.000Z</time>
        <extensions>
          <ns3:TrackPointExtension>
            <ns3:hr>118</ns3:hr>
          </ns3:TrackPointExtension>
        </extensions>
      </trkpt>
      <trkpt lat="49.6712096594274044036865234375" lon="-123.15053894184529781341552734375">
        <ele>347.600006103515625</ele>
        <time>2023-07-16T19:03:34.000Z</time>
        <extensions>
          <ns3:TrackPointExtension>
            <ns3:hr>118</ns3:hr>
          </ns3:TrackPointExtension>
        </extensions>
      </trkpt>
      <trkpt lat="49.6711942367255687713623046875" lon="-123.15056391991674900054931640625">
        <ele>347.600006103515625</ele>
        <time>2023-07-16T19:03:37.000Z</time>
        <extensions>
          <ns3:TrackPointExtension>
            <ns3:hr>120</ns3:hr>
          </ns3:TrackPointExtension>
        </extensions>
      </trkpt>
      <trkpt lat="49.67118225060403347015380859375" lon="-123.150566183030605316162109375">
        <ele>347.79998779296875</ele>
        <time>2023-07-16T19:03:41.000Z</time>
        <extensions>
          <ns3:TrackPointExtension>
            <ns3:hr>120</ns3:hr>
          </ns3:TrackPointExtension>
        </extensions>
      </trkpt>
      <trkpt lat="49.67117655090987682342529296875" lon="-123.1505613215267658233642578125">
        <ele>347.79998779296875</ele>
        <time>2023-07-16T19:03:43.000Z</time>
        <extensions>
          <ns3:TrackPointExtension>
            <ns3:hr>119</ns3:hr>
          </ns3:TrackPointExtension>
        </extensions>
      </trkpt>
      <trkpt lat="49.6711590327322483062744140625" lon="-123.15056157298386096954345703125">
        <ele>347.79998779296875</ele>
        <time>2023-07-16T19:03:45.000Z</time>
        <extensions>
          <ns3:TrackPointExtension>
            <ns3:hr>121</ns3:hr>
          </ns3:TrackPointExtension>
        </extensions>
      </trkpt>
      <trkpt lat="49.67114503495395183563232421875" lon="-123.1505593098700046539306640625">
        <ele>348</ele>
        <time>2023-07-16T19:03:46.000Z</time>
        <extensions>
          <ns3:TrackPointExtension>
            <ns3:hr>120</ns3:hr>
          </ns3:TrackPointExtension>
        </extensions>
      </trkpt>
      <trkpt lat="49.671082757413387298583984375" lon="-123.15058839507400989532470703125">
        <ele>348</ele>
        <time>2023-07-16T19:03:50.000Z</time>
        <extensions>
          <ns3:TrackPointExtension>
            <ns3:hr>120</ns3:hr>
          </ns3:TrackPointExtension>
        </extensions>
      </trkpt>
      <trkpt lat="49.6710765548050403594970703125" lon="-123.150602392852306365966796875">
        <ele>348</ele>
        <time>2023-07-16T19:03:51.000Z</time>
        <extensions>
          <ns3:TrackPointExtension>
            <ns3:hr>120</ns3:hr>
          </ns3:TrackPointExtension>
        </extensions>
      </trkpt>
      <trkpt lat="49.6710748784244060516357421875" lon="-123.150609433650970458984375">
        <ele>348</ele>
        <time>2023-07-16T19:03:52.000Z</time>
        <extensions>
          <ns3:TrackPointExtension>
            <ns3:hr>120</ns3:hr>
          </ns3:TrackPointExtension>
        </extensions>
      </trkpt>
      <trkpt lat="49.6710607968270778656005859375" lon="-123.1506448052823543548583984375">
        <ele>348</ele>
        <time>2023-07-16T19:03:54.000Z</time>
        <extensions>
          <ns3:TrackPointExtension>
            <ns3:hr>121</ns3:hr>
          </ns3:TrackPointExtension>
        </extensions>
      </trkpt>
      <trkpt lat="49.6710537560284137725830078125" lon="-123.15068394877016544342041015625">
        <ele>348.20001220703125</ele>
        <time>2023-07-16T19:03:58.000Z</time>
        <extensions>
          <ns3:TrackPointExtension>
            <ns3:hr>121</ns3:hr>
          </ns3:TrackPointExtension>
        </extensions>
      </trkpt>
      <trkpt lat="49.671039171516895294189453125" lon="-123.1506957672536373138427734375">
        <ele>347.79998779296875</ele>
        <time>2023-07-16T19:04:01.000Z</time>
        <extensions>
          <ns3:TrackPointExtension>
            <ns3:hr>122</ns3:hr>
          </ns3:TrackPointExtension>
        </extensions>
      </trkpt>
      <trkpt lat="49.67102550901472568511962890625" lon="-123.15070666372776031494140625">
        <ele>347.600006103515625</ele>
        <time>2023-07-16T19:04:02.000Z</time>
        <extensions>
          <ns3:TrackPointExtension>
            <ns3:hr>122</ns3:hr>
          </ns3:TrackPointExtension>
        </extensions>
      </trkpt>
      <trkpt lat="49.6710195578634738922119140625" lon="-123.15071429125964641571044921875">
        <ele>347.399993896484375</ele>
        <time>2023-07-16T19:04:03.000Z</time>
        <extensions>
          <ns3:TrackPointExtension>
            <ns3:hr>122</ns3:hr>
          </ns3:TrackPointExtension>
        </extensions>
      </trkpt>
      <trkpt lat="49.6710108406841754913330078125" lon="-123.1507341563701629638671875">
        <ele>347.20001220703125</ele>
        <time>2023-07-16T19:04:05.000Z</time>
        <extensions>
          <ns3:TrackPointExtension>
            <ns3:hr>122</ns3:hr>
          </ns3:TrackPointExtension>
        </extensions>
      </trkpt>
      <trkpt lat="49.67099986039102077484130859375" lon="-123.1507582962512969970703125">
        <ele>346.600006103515625</ele>
        <time>2023-07-16T19:04:08.000Z</time>
        <extensions>
          <ns3:TrackPointExtension>
            <ns3:hr>122</ns3:hr>
          </ns3:TrackPointExtension>
        </extensions>
      </trkpt>
      <trkpt lat="49.67099851928651332855224609375" lon="-123.1507587991654872894287109375">
        <ele>346.600006103515625</ele>
        <time>2023-07-16T19:04:09.000Z</time>
        <extensions>
          <ns3:TrackPointExtension>
            <ns3:hr>121</ns3:hr>
          </ns3:TrackPointExtension>
        </extensions>
      </trkpt>
      <trkpt lat="49.67094152234494686126708984375" lon="-123.1507970206439495086669921875">
        <ele>346</ele>
        <time>2023-07-16T19:04:14.000Z</time>
        <extensions>
          <ns3:TrackPointExtension>
            <ns3:hr>125</ns3:hr>
          </ns3:TrackPointExtension>
        </extensions>
      </trkpt>
      <trkpt lat="49.67092324979603290557861328125" lon="-123.15081252716481685638427734375">
        <ele>346</ele>
        <time>2023-07-16T19:04:15.000Z</time>
        <extensions>
          <ns3:TrackPointExtension>
            <ns3:hr>122</ns3:hr>
          </ns3:TrackPointExtension>
        </extensions>
      </trkpt>
      <trkpt lat="49.67090983875095844268798828125" lon="-123.15082141198217868804931640625">
        <ele>345.79998779296875</ele>
        <time>2023-07-16T19:04:16.000Z</time>
        <extensions>
          <ns3:TrackPointExtension>
            <ns3:hr>120</ns3:hr>
          </ns3:TrackPointExtension>
        </extensions>
      </trkpt>
      <trkpt lat="49.67090883292257785797119140625" lon="-123.1508134491741657257080078125">
        <ele>345.600006103515625</ele>
        <time>2023-07-16T19:04:18.000Z</time>
        <extensions>
          <ns3:TrackPointExtension>
            <ns3:hr>118</ns3:hr>
          </ns3:TrackPointExtension>
        </extensions>
      </trkpt>
      <trkpt lat="49.67091151513159275054931640625" lon="-123.1508052349090576171875">
        <ele>345.20001220703125</ele>
        <time>2023-07-16T19:04:21.000Z</time>
        <extensions>
          <ns3:TrackPointExtension>
            <ns3:hr>115</ns3:hr>
          </ns3:TrackPointExtension>
        </extensions>
      </trkpt>
      <trkpt lat="49.67091101221740245819091796875" lon="-123.15080582164227962493896484375">
        <ele>344.79998779296875</ele>
        <time>2023-07-16T19:04:22.000Z</time>
        <extensions>
          <ns3:TrackPointExtension>
            <ns3:hr>115</ns3:hr>
          </ns3:TrackPointExtension>
        </extensions>
      </trkpt>
      <trkpt lat="49.67089064419269561767578125" lon="-123.1508312188088893890380859375">
        <ele>344.600006103515625</ele>
        <time>2023-07-16T19:04:24.000Z</time>
        <extensions>
          <ns3:TrackPointExtension>
            <ns3:hr>114</ns3:hr>
          </ns3:TrackPointExtension>
        </extensions>
      </trkpt>
      <trkpt lat="49.67086491174995899200439453125" lon="-123.15089349634945392608642578125">
        <ele>343.79998779296875</ele>
        <time>2023-07-16T19:04:27.000Z</time>
        <extensions>
          <ns3:TrackPointExtension>
            <ns3:hr>115</ns3:hr>
          </ns3:TrackPointExtension>
        </extensions>
      </trkpt>
      <trkpt lat="49.67086591757833957672119140625" lon="-123.15090782940387725830078125">
        <ele>343.600006103515625</ele>
        <time>2023-07-16T19:04:29.000Z</time>
        <extensions>
          <ns3:TrackPointExtension>
            <ns3:hr>114</ns3:hr>
          </ns3:TrackPointExtension>
        </extensions>
      </trkpt>
      <trkpt lat="49.6708673425018787384033203125" lon="-123.1509100086987018585205078125">
        <ele>343.20001220703125</ele>
        <time>2023-07-16T19:04:32.000Z</time>
        <extensions>
          <ns3:TrackPointExtension>
            <ns3:hr>115</ns3:hr>
          </ns3:TrackPointExtension>
        </extensions>
      </trkpt>
      <trkpt lat="49.67087882570922374725341796875" lon="-123.15091176889836788177490234375">
        <ele>342.399993896484375</ele>
        <time>2023-07-16T19:04:36.000Z</time>
        <extensions>
          <ns3:TrackPointExtension>
            <ns3:hr>115</ns3:hr>
          </ns3:TrackPointExtension>
        </extensions>
      </trkpt>
      <trkpt lat="49.670879580080509185791015625" lon="-123.15092115662992000579833984375">
        <ele>342.20001220703125</ele>
        <time>2023-07-16T19:04:38.000Z</time>
        <extensions>
          <ns3:TrackPointExtension>
            <ns3:hr>115</ns3:hr>
          </ns3:TrackPointExtension>
        </extensions>
      </trkpt>
      <trkpt lat="49.67087966389954090118408203125" lon="-123.15091495402157306671142578125">
        <ele>341.20001220703125</ele>
        <time>2023-07-16T19:04:42.000Z</time>
        <extensions>
          <ns3:TrackPointExtension>
            <ns3:hr>115</ns3:hr>
          </ns3:TrackPointExtension>
        </extensions>
      </trkpt>
      <trkpt lat="49.6708421967923641204833984375" lon="-123.15095820464193820953369140625">
        <ele>340.79998779296875</ele>
        <time>2023-07-16T19:04:46.000Z</time>
        <extensions>
          <ns3:TrackPointExtension>
            <ns3:hr>115</ns3:hr>
          </ns3:TrackPointExtension>
        </extensions>
      </trkpt>
      <trkpt lat="49.6707986108958721160888671875" lon="-123.15100464038550853729248046875">
        <ele>340.399993896484375</ele>
        <time>2023-07-16T19:04:49.000Z</time>
        <extensions>
          <ns3:TrackPointExtension>
            <ns3:hr>115</ns3:hr>
          </ns3:TrackPointExtension>
        </extensions>
      </trkpt>
      <trkpt lat="49.6707939170300960540771484375" lon="-123.15101034007966518402099609375">
        <ele>340.20001220703125</ele>
        <time>2023-07-16T19:04:50.000Z</time>
        <extensions>
          <ns3:TrackPointExtension>
            <ns3:hr>115</ns3:hr>
          </ns3:TrackPointExtension>
        </extensions>
      </trkpt>
      <trkpt lat="49.67078293673694133758544921875" lon="-123.151012770831584930419921875">
        <ele>339.79998779296875</ele>
        <time>2023-07-16T19:04:52.000Z</time>
        <extensions>
          <ns3:TrackPointExtension>
            <ns3:hr>115</ns3:hr>
          </ns3:TrackPointExtension>
        </extensions>
      </trkpt>
      <trkpt lat="49.6707510016858577728271484375" lon="-123.1510159559547901153564453125">
        <ele>339.399993896484375</ele>
        <time>2023-07-16T19:04:57.000Z</time>
        <extensions>
          <ns3:TrackPointExtension>
            <ns3:hr>114</ns3:hr>
          </ns3:TrackPointExtension>
        </extensions>
      </trkpt>
      <trkpt lat="49.670727364718914031982421875" lon="-123.1510266847908496856689453125">
        <ele>339</ele>
        <time>2023-07-16T19:05:00.000Z</time>
        <extensions>
          <ns3:TrackPointExtension>
            <ns3:hr>115</ns3:hr>
          </ns3:TrackPointExtension>
        </extensions>
      </trkpt>
      <trkpt lat="49.670719988644123077392578125" lon="-123.151016794145107269287109375">
        <ele>339</ele>
        <time>2023-07-16T19:05:02.000Z</time>
        <extensions>
          <ns3:TrackPointExtension>
            <ns3:hr>115</ns3:hr>
          </ns3:TrackPointExtension>
        </extensions>
      </trkpt>
      <trkpt lat="49.67071403749287128448486328125" lon="-123.151033222675323486328125">
        <ele>338.600006103515625</ele>
        <time>2023-07-16T19:05:05.000Z</time>
        <extensions>
          <ns3:TrackPointExtension>
            <ns3:hr>116</ns3:hr>
          </ns3:TrackPointExtension>
        </extensions>
      </trkpt>
      <trkpt lat="49.670699201524257659912109375" lon="-123.15107814967632293701171875">
        <ele>338</ele>
        <time>2023-07-16T19:05:08.000Z</time>
        <extensions>
          <ns3:TrackPointExtension>
            <ns3:hr>115</ns3:hr>
          </ns3:TrackPointExtension>
        </extensions>
      </trkpt>
      <trkpt lat="49.67068805359303951263427734375" lon="-123.1511269323527812957763671875">
        <ele>337.600006103515625</ele>
        <time>2023-07-16T19:05:11.000Z</time>
        <extensions>
          <ns3:TrackPointExtension>
            <ns3:hr>120</ns3:hr>
          </ns3:TrackPointExtension>
        </extensions>
      </trkpt>
      <trkpt lat="49.67067011632025241851806640625" lon="-123.1511659920215606689453125">
        <ele>337.600006103515625</ele>
        <time>2023-07-16T19:05:13.000Z</time>
        <extensions>
          <ns3:TrackPointExtension>
            <ns3:hr>125</ns3:hr>
          </ns3:TrackPointExtension>
        </extensions>
      </trkpt>
      <trkpt lat="49.67066123150289058685302734375" lon="-123.15117160789668560028076171875">
        <ele>337.399993896484375</ele>
        <time>2023-07-16T19:05:14.000Z</time>
        <extensions>
          <ns3:TrackPointExtension>
            <ns3:hr>125</ns3:hr>
          </ns3:TrackPointExtension>
        </extensions>
      </trkpt>
      <trkpt lat="49.67065402306616306304931640625" lon="-123.15119725652039051055908203125">
        <ele>337</ele>
        <time>2023-07-16T19:05:17.000Z</time>
        <extensions>
          <ns3:TrackPointExtension>
            <ns3:hr>127</ns3:hr>
          </ns3:TrackPointExtension>
        </extensions>
      </trkpt>
      <trkpt lat="49.670651592314243316650390625" lon="-123.15121200866997241973876953125">
        <ele>335.79998779296875</ele>
        <time>2023-07-16T19:05:22.000Z</time>
        <extensions>
          <ns3:TrackPointExtension>
            <ns3:hr>127</ns3:hr>
          </ns3:TrackPointExtension>
        </extensions>
      </trkpt>
      <trkpt lat="49.670644886791706085205078125" lon="-123.15120848827064037322998046875">
        <ele>335.600006103515625</ele>
        <time>2023-07-16T19:05:24.000Z</time>
        <extensions>
          <ns3:TrackPointExtension>
            <ns3:hr>127</ns3:hr>
          </ns3:TrackPointExtension>
        </extensions>
      </trkpt>
      <trkpt lat="49.67062510550022125244140625" lon="-123.15122256986796855926513671875">
        <ele>335.600006103515625</ele>
        <time>2023-07-16T19:05:28.000Z</time>
        <extensions>
          <ns3:TrackPointExtension>
            <ns3:hr>126</ns3:hr>
          </ns3:TrackPointExtension>
        </extensions>
      </trkpt>
      <trkpt lat="49.67060222290456295013427734375" lon="-123.15124536864459514617919921875">
        <ele>335.399993896484375</ele>
        <time>2023-07-16T19:05:36.000Z</time>
        <extensions>
          <ns3:TrackPointExtension>
            <ns3:hr>125</ns3:hr>
          </ns3:TrackPointExtension>
        </extensions>
      </trkpt>
      <trkpt lat="49.67059367336332798004150390625" lon="-123.15127395093441009521484375">
        <ele>335.399993896484375</ele>
        <time>2023-07-16T19:05:40.000Z</time>
        <extensions>
          <ns3:TrackPointExtension>
            <ns3:hr>125</ns3:hr>
          </ns3:TrackPointExtension>
        </extensions>
      </trkpt>
      <trkpt lat="49.67060356400907039642333984375" lon="-123.151256851851940155029296875">
        <ele>335.79998779296875</ele>
        <time>2023-07-16T19:05:46.000Z</time>
        <extensions>
          <ns3:TrackPointExtension>
            <ns3:hr>124</ns3:hr>
          </ns3:TrackPointExtension>
        </extensions>
      </trkpt>
      <trkpt lat="49.67058361507952213287353515625" lon="-123.1512623839080333709716796875">
        <ele>336.20001220703125</ele>
        <time>2023-07-16T19:05:51.000Z</time>
        <extensions>
          <ns3:TrackPointExtension>
            <ns3:hr>124</ns3:hr>
          </ns3:TrackPointExtension>
        </extensions>
      </trkpt>
      <trkpt lat="49.6705749817192554473876953125" lon="-123.1512523256242275238037109375">
        <ele>336</ele>
        <time>2023-07-16T19:05:57.000Z</time>
        <extensions>
          <ns3:TrackPointExtension>
            <ns3:hr>123</ns3:hr>
          </ns3:TrackPointExtension>
        </extensions>
      </trkpt>
      <trkpt lat="49.67055561952292919158935546875" lon="-123.15128761343657970428466796875">
        <ele>335.79998779296875</ele>
        <time>2023-07-16T19:06:02.000Z</time>
        <extensions>
          <ns3:TrackPointExtension>
            <ns3:hr>121</ns3:hr>
          </ns3:TrackPointExtension>
        </extensions>
      </trkpt>
      <trkpt lat="49.6705505065619945526123046875" lon="-123.15128861926496028900146484375">
        <ele>335.79998779296875</ele>
        <time>2023-07-16T19:06:11.000Z</time>
        <extensions>
          <ns3:TrackPointExtension>
            <ns3:hr>118</ns3:hr>
          </ns3:TrackPointExtension>
        </extensions>
      </trkpt>
      <trkpt lat="49.6705290488898754119873046875" lon="-123.15130571834743022918701171875">
        <ele>335.399993896484375</ele>
        <time>2023-07-16T19:06:35.000Z</time>
        <extensions>
          <ns3:TrackPointExtension>
            <ns3:hr>121</ns3:hr>
          </ns3:TrackPointExtension>
        </extensions>
      </trkpt>
      <trkpt lat="49.67051035724580287933349609375" lon="-123.1513294391334056854248046875">
        <ele>334.79998779296875</ele>
        <time>2023-07-16T19:06:46.000Z</time>
        <extensions>
          <ns3:TrackPointExtension>
            <ns3:hr>122</ns3:hr>
          </ns3:TrackPointExtension>
        </extensions>
      </trkpt>
      <trkpt lat="49.670479595661163330078125" lon="-123.15135047771036624908447265625">
        <ele>334.79998779296875</ele>
        <time>2023-07-16T19:06:50.000Z</time>
        <extensions>
          <ns3:TrackPointExtension>
            <ns3:hr>123</ns3:hr>
          </ns3:TrackPointExtension>
        </extensions>
      </trkpt>
      <trkpt lat="49.6704405359923839569091796875" lon="-123.15139926038682460784912109375">
        <ele>334.399993896484375</ele>
        <time>2023-07-16T19:06:57.000Z</time>
        <extensions>
          <ns3:TrackPointExtension>
            <ns3:hr>125</ns3:hr>
          </ns3:TrackPointExtension>
        </extensions>
      </trkpt>
      <trkpt lat="49.67048269696533679962158203125" lon="-123.15144385211169719696044921875">
        <ele>334.20001220703125</ele>
        <time>2023-07-16T19:07:03.000Z</time>
        <extensions>
          <ns3:TrackPointExtension>
            <ns3:hr>126</ns3:hr>
          </ns3:TrackPointExtension>
        </extensions>
      </trkpt>
      <trkpt lat="49.67045905999839305877685546875" lon="-123.151481486856937408447265625">
        <ele>334.20001220703125</ele>
        <time>2023-07-16T19:07:08.000Z</time>
        <extensions>
          <ns3:TrackPointExtension>
            <ns3:hr>125</ns3:hr>
          </ns3:TrackPointExtension>
        </extensions>
      </trkpt>
      <trkpt lat="49.67042268253862857818603515625" lon="-123.1515104882419109344482421875">
        <ele>334.20001220703125</ele>
        <time>2023-07-16T19:07:14.000Z</time>
        <extensions>
          <ns3:TrackPointExtension>
            <ns3:hr>125</ns3:hr>
          </ns3:TrackPointExtension>
        </extensions>
      </trkpt>
      <trkpt lat="49.67041580937802791595458984375" lon="-123.15155365504324436187744140625">
        <ele>334</ele>
        <time>2023-07-16T19:07:19.000Z</time>
        <extensions>
          <ns3:TrackPointExtension>
            <ns3:hr>128</ns3:hr>
          </ns3:TrackPointExtension>
        </extensions>
      </trkpt>
      <trkpt lat="49.6704219281673431396484375" lon="-123.1515637971460819244384765625">
        <ele>333.79998779296875</ele>
        <time>2023-07-16T19:07:22.000Z</time>
        <extensions>
          <ns3:TrackPointExtension>
            <ns3:hr>128</ns3:hr>
          </ns3:TrackPointExtension>
        </extensions>
      </trkpt>
      <trkpt lat="49.6704184077680110931396484375" lon="-123.15157142467796802520751953125">
        <ele>333.79998779296875</ele>
        <time>2023-07-16T19:07:25.000Z</time>
        <extensions>
          <ns3:TrackPointExtension>
            <ns3:hr>126</ns3:hr>
          </ns3:TrackPointExtension>
        </extensions>
      </trkpt>
      <trkpt lat="49.67041715048253536224365234375" lon="-123.15157997421920299530029296875">
        <ele>333.600006103515625</ele>
        <time>2023-07-16T19:07:27.000Z</time>
        <extensions>
          <ns3:TrackPointExtension>
            <ns3:hr>125</ns3:hr>
          </ns3:TrackPointExtension>
        </extensions>
      </trkpt>
      <trkpt lat="49.67039451934397220611572265625" lon="-123.151586093008518218994140625">
        <ele>334.20001220703125</ele>
        <time>2023-07-16T19:07:35.000Z</time>
        <extensions>
          <ns3:TrackPointExtension>
            <ns3:hr>124</ns3:hr>
          </ns3:TrackPointExtension>
        </extensions>
      </trkpt>
      <trkpt lat="49.670361913740634918212890625" lon="-123.15161182545125484466552734375">
        <ele>333</ele>
        <time>2023-07-16T19:07:39.000Z</time>
        <extensions>
          <ns3:TrackPointExtension>
            <ns3:hr>122</ns3:hr>
          </ns3:TrackPointExtension>
        </extensions>
      </trkpt>
      <trkpt lat="49.6703379414975643157958984375" lon="-123.15163210965692996978759765625">
        <ele>333</ele>
        <time>2023-07-16T19:07:43.000Z</time>
        <extensions>
          <ns3:TrackPointExtension>
            <ns3:hr>122</ns3:hr>
          </ns3:TrackPointExtension>
        </extensions>
      </trkpt>
      <trkpt lat="49.67033936642110347747802734375" lon="-123.15166345797479152679443359375">
        <ele>333.399993896484375</ele>
        <time>2023-07-16T19:07:47.000Z</time>
        <extensions>
          <ns3:TrackPointExtension>
            <ns3:hr>121</ns3:hr>
          </ns3:TrackPointExtension>
        </extensions>
      </trkpt>
      <trkpt lat="49.67031908221542835235595703125" lon="-123.1516928784549236297607421875">
        <ele>333.399993896484375</ele>
        <time>2023-07-16T19:07:51.000Z</time>
        <extensions>
          <ns3:TrackPointExtension>
            <ns3:hr>122</ns3:hr>
          </ns3:TrackPointExtension>
        </extensions>
      </trkpt>
      <trkpt lat="49.67030801810324192047119140625" lon="-123.1516997516155242919921875">
        <ele>333.399993896484375</ele>
        <time>2023-07-16T19:07:52.000Z</time>
        <extensions>
          <ns3:TrackPointExtension>
            <ns3:hr>125</ns3:hr>
          </ns3:TrackPointExtension>
        </extensions>
      </trkpt>
      <trkpt lat="49.6703000552952289581298828125" lon="-123.15171190537512302398681640625">
        <ele>333.399993896484375</ele>
        <time>2023-07-16T19:07:53.000Z</time>
        <extensions>
          <ns3:TrackPointExtension>
            <ns3:hr>122</ns3:hr>
          </ns3:TrackPointExtension>
        </extensions>
      </trkpt>
      <trkpt lat="49.67028044164180755615234375" lon="-123.15172883681952953338623046875">
        <ele>333.20001220703125</ele>
        <time>2023-07-16T19:07:56.000Z</time>
        <extensions>
          <ns3:TrackPointExtension>
            <ns3:hr>122</ns3:hr>
          </ns3:TrackPointExtension>
        </extensions>
      </trkpt>
      <trkpt lat="49.67027097009122371673583984375" lon="-123.1517587602138519287109375">
        <ele>333.399993896484375</ele>
        <time>2023-07-16T19:08:00.000Z</time>
        <extensions>
          <ns3:TrackPointExtension>
            <ns3:hr>122</ns3:hr>
          </ns3:TrackPointExtension>
        </extensions>
      </trkpt>
      <trkpt lat="49.6702849678695201873779296875" lon="-123.1517766974866390228271484375">
        <ele>333.20001220703125</ele>
        <time>2023-07-16T19:08:04.000Z</time>
        <extensions>
          <ns3:TrackPointExtension>
            <ns3:hr>122</ns3:hr>
          </ns3:TrackPointExtension>
        </extensions>
      </trkpt>
      <trkpt lat="49.6702769212424755096435546875" lon="-123.15176387317478656768798828125">
        <ele>333.600006103515625</ele>
        <time>2023-07-16T19:08:10.000Z</time>
        <extensions>
          <ns3:TrackPointExtension>
            <ns3:hr>121</ns3:hr>
          </ns3:TrackPointExtension>
        </extensions>
      </trkpt>
      <trkpt lat="49.67028044164180755615234375" lon="-123.151772506535053253173828125">
        <ele>333.79998779296875</ele>
        <time>2023-07-16T19:08:13.000Z</time>
        <extensions>
          <ns3:TrackPointExtension>
            <ns3:hr>121</ns3:hr>
          </ns3:TrackPointExtension>
        </extensions>
      </trkpt>
      <trkpt lat="49.6702802740037441253662109375" lon="-123.151800334453582763671875">
        <ele>333.600006103515625</ele>
        <time>2023-07-16T19:08:18.000Z</time>
        <extensions>
          <ns3:TrackPointExtension>
            <ns3:hr>120</ns3:hr>
          </ns3:TrackPointExtension>
        </extensions>
      </trkpt>
      <trkpt lat="49.67026376165449619293212890625" lon="-123.15181332640349864959716796875">
        <ele>333.399993896484375</ele>
        <time>2023-07-16T19:08:21.000Z</time>
        <extensions>
          <ns3:TrackPointExtension>
            <ns3:hr>120</ns3:hr>
          </ns3:TrackPointExtension>
        </extensions>
      </trkpt>
      <trkpt lat="49.67023962177336215972900390625" lon="-123.151841573417186737060546875">
        <ele>333</ele>
        <time>2023-07-16T19:08:27.000Z</time>
        <extensions>
          <ns3:TrackPointExtension>
            <ns3:hr>120</ns3:hr>
          </ns3:TrackPointExtension>
        </extensions>
      </trkpt>
      <trkpt lat="49.67023191042244434356689453125" lon="-123.15185305662453174591064453125">
        <ele>333</ele>
        <time>2023-07-16T19:08:31.000Z</time>
        <extensions>
          <ns3:TrackPointExtension>
            <ns3:hr>119</ns3:hr>
          </ns3:TrackPointExtension>
        </extensions>
      </trkpt>
      <trkpt lat="49.6702142246067523956298828125" lon="-123.15190351568162441253662109375">
        <ele>333</ele>
        <time>2023-07-16T19:08:35.000Z</time>
        <extensions>
          <ns3:TrackPointExtension>
            <ns3:hr>119</ns3:hr>
          </ns3:TrackPointExtension>
        </extensions>
      </trkpt>
      <trkpt lat="49.67020994983613491058349609375" lon="-123.15193511545658111572265625">
        <ele>333</ele>
        <time>2023-07-16T19:08:41.000Z</time>
        <extensions>
          <ns3:TrackPointExtension>
            <ns3:hr>118</ns3:hr>
          </ns3:TrackPointExtension>
        </extensions>
      </trkpt>
      <trkpt lat="49.6702055074274539947509765625" lon="-123.151950202882289886474609375">
        <ele>333</ele>
        <time>2023-07-16T19:08:48.000Z</time>
        <extensions>
          <ns3:TrackPointExtension>
            <ns3:hr>120</ns3:hr>
          </ns3:TrackPointExtension>
        </extensions>
      </trkpt>
      <trkpt lat="49.67020760290324687957763671875" lon="-123.15198699943721294403076171875">
        <ele>333</ele>
        <time>2023-07-16T19:08:54.000Z</time>
        <extensions>
          <ns3:TrackPointExtension>
            <ns3:hr>119</ns3:hr>
          </ns3:TrackPointExtension>
        </extensions>
      </trkpt>
      <trkpt lat="49.6701867319643497467041015625" lon="-123.1520683877170085906982421875">
        <ele>333</ele>
        <time>2023-07-16T19:08:59.000Z</time>
        <extensions>
          <ns3:TrackPointExtension>
            <ns3:hr>119</ns3:hr>
          </ns3:TrackPointExtension>
        </extensions>
      </trkpt>
      <trkpt lat="49.6701763384044170379638671875" lon="-123.15208531916141510009765625">
        <ele>333</ele>
        <time>2023-07-16T19:09:00.000Z</time>
        <extensions>
          <ns3:TrackPointExtension>
            <ns3:hr>120</ns3:hr>
          </ns3:TrackPointExtension>
        </extensions>
      </trkpt>
      <trkpt lat="49.67017717659473419189453125" lon="-123.1521106325089931488037109375">
        <ele>333</ele>
        <time>2023-07-16T19:09:02.000Z</time>
        <extensions>
          <ns3:TrackPointExtension>
            <ns3:hr>120</ns3:hr>
          </ns3:TrackPointExtension>
        </extensions>
      </trkpt>
      <trkpt lat="49.670179523527622222900390625" lon="-123.152127899229526519775390625">
        <ele>332</ele>
        <time>2023-07-16T19:09:04.000Z</time>
        <extensions>
          <ns3:TrackPointExtension>
            <ns3:hr>120</ns3:hr>
          </ns3:TrackPointExtension>
        </extensions>
      </trkpt>
      <trkpt lat="49.67017005197703838348388671875" lon="-123.15213401801884174346923828125">
        <ele>331.600006103515625</ele>
        <time>2023-07-16T19:09:05.000Z</time>
        <extensions>
          <ns3:TrackPointExtension>
            <ns3:hr>120</ns3:hr>
          </ns3:TrackPointExtension>
        </extensions>
      </trkpt>
      <trkpt lat="49.67012160457670688629150390625" lon="-123.1521555595099925994873046875">
        <ele>331.20001220703125</ele>
        <time>2023-07-16T19:09:08.000Z</time>
        <extensions>
          <ns3:TrackPointExtension>
            <ns3:hr>120</ns3:hr>
          </ns3:TrackPointExtension>
        </extensions>
      </trkpt>
      <trkpt lat="49.6700586564838886260986328125" lon="-123.152196295559406280517578125">
        <ele>331.20001220703125</ele>
        <time>2023-07-16T19:09:13.000Z</time>
        <extensions>
          <ns3:TrackPointExtension>
            <ns3:hr>119</ns3:hr>
          </ns3:TrackPointExtension>
        </extensions>
      </trkpt>
      <trkpt lat="49.67005035839974880218505859375" lon="-123.15220928750932216644287109375">
        <ele>331.20001220703125</ele>
        <time>2023-07-16T19:09:14.000Z</time>
        <extensions>
          <ns3:TrackPointExtension>
            <ns3:hr>119</ns3:hr>
          </ns3:TrackPointExtension>
        </extensions>
      </trkpt>
      <trkpt lat="49.67002722434699535369873046875" lon="-123.1522548012435436248779296875">
        <ele>331.399993896484375</ele>
        <time>2023-07-16T19:09:19.000Z</time>
        <extensions>
          <ns3:TrackPointExtension>
            <ns3:hr>119</ns3:hr>
          </ns3:TrackPointExtension>
        </extensions>
      </trkpt>
      <trkpt lat="49.67001448385417461395263671875" lon="-123.15227441489696502685546875">
        <ele>331.399993896484375</ele>
        <time>2023-07-16T19:09:22.000Z</time>
        <extensions>
          <ns3:TrackPointExtension>
            <ns3:hr>118</ns3:hr>
          </ns3:TrackPointExtension>
        </extensions>
      </trkpt>
      <trkpt lat="49.6700023300945758819580078125" lon="-123.1522675417363643646240234375">
        <ele>331.399993896484375</ele>
        <time>2023-07-16T19:09:24.000Z</time>
        <extensions>
          <ns3:TrackPointExtension>
            <ns3:hr>119</ns3:hr>
          </ns3:TrackPointExtension>
        </extensions>
      </trkpt>
      <trkpt lat="49.66999168507754802703857421875" lon="-123.1522591598331928253173828125">
        <ele>331.399993896484375</ele>
        <time>2023-07-16T19:09:25.000Z</time>
        <extensions>
          <ns3:TrackPointExtension>
            <ns3:hr>120</ns3:hr>
          </ns3:TrackPointExtension>
        </extensions>
      </trkpt>
      <trkpt lat="49.6699607558548450469970703125" lon="-123.1522522866725921630859375">
        <ele>331.399993896484375</ele>
        <time>2023-07-16T19:09:29.000Z</time>
        <extensions>
          <ns3:TrackPointExtension>
            <ns3:hr>121</ns3:hr>
          </ns3:TrackPointExtension>
        </extensions>
      </trkpt>
      <trkpt lat="49.66995430178940296173095703125" lon="-123.15226326696574687957763671875">
        <ele>331.399993896484375</ele>
        <time>2023-07-16T19:09:30.000Z</time>
        <extensions>
          <ns3:TrackPointExtension>
            <ns3:hr>122</ns3:hr>
          </ns3:TrackPointExtension>
        </extensions>
      </trkpt>
      <trkpt lat="49.66995497234165668487548828125" lon="-123.15227508544921875">
        <ele>331.399993896484375</ele>
        <time>2023-07-16T19:09:32.000Z</time>
        <extensions>
          <ns3:TrackPointExtension>
            <ns3:hr>122</ns3:hr>
          </ns3:TrackPointExtension>
        </extensions>
      </trkpt>
      <trkpt lat="49.669943153858184814453125" lon="-123.15227785147726535797119140625">
        <ele>331.20001220703125</ele>
        <time>2023-07-16T19:09:35.000Z</time>
        <extensions>
          <ns3:TrackPointExtension>
            <ns3:hr>123</ns3:hr>
          </ns3:TrackPointExtension>
        </extensions>
      </trkpt>
      <trkpt lat="49.66991708613932132720947265625" lon="-123.15227843821048736572265625">
        <ele>331.20001220703125</ele>
        <time>2023-07-16T19:09:38.000Z</time>
        <extensions>
          <ns3:TrackPointExtension>
            <ns3:hr>123</ns3:hr>
          </ns3:TrackPointExtension>
        </extensions>
      </trkpt>
      <trkpt lat="49.66990937478840351104736328125" lon="-123.15228304825723171234130859375">
        <ele>331.20001220703125</ele>
        <time>2023-07-16T19:09:39.000Z</time>
        <extensions>
          <ns3:TrackPointExtension>
            <ns3:hr>123</ns3:hr>
          </ns3:TrackPointExtension>
        </extensions>
      </trkpt>
      <trkpt lat="49.6698786132037639617919921875" lon="-123.152319677174091339111328125">
        <ele>331.399993896484375</ele>
        <time>2023-07-16T19:09:43.000Z</time>
        <extensions>
          <ns3:TrackPointExtension>
            <ns3:hr>121</ns3:hr>
          </ns3:TrackPointExtension>
        </extensions>
      </trkpt>
      <trkpt lat="49.66987852938473224639892578125" lon="-123.1523228622972965240478515625">
        <ele>331.600006103515625</ele>
        <time>2023-07-16T19:09:44.000Z</time>
        <extensions>
          <ns3:TrackPointExtension>
            <ns3:hr>121</ns3:hr>
          </ns3:TrackPointExtension>
        </extensions>
      </trkpt>
      <trkpt lat="49.669879786670207977294921875" lon="-123.152313642203807830810546875">
        <ele>331.79998779296875</ele>
        <time>2023-07-16T19:09:49.000Z</time>
        <extensions>
          <ns3:TrackPointExtension>
            <ns3:hr>120</ns3:hr>
          </ns3:TrackPointExtension>
        </extensions>
      </trkpt>
      <trkpt lat="49.6698802895843982696533203125" lon="-123.15230123698711395263671875">
        <ele>332</ele>
        <time>2023-07-16T19:09:51.000Z</time>
        <extensions>
          <ns3:TrackPointExtension>
            <ns3:hr>120</ns3:hr>
          </ns3:TrackPointExtension>
        </extensions>
      </trkpt>
      <trkpt lat="49.66987584717571735382080078125" lon="-123.15232395194470882415771484375">
        <ele>332</ele>
        <time>2023-07-16T19:09:53.000Z</time>
        <extensions>
          <ns3:TrackPointExtension>
            <ns3:hr>121</ns3:hr>
          </ns3:TrackPointExtension>
        </extensions>
      </trkpt>
      <trkpt lat="49.66985120438039302825927734375" lon="-123.152396120131015777587890625">
        <ele>332.600006103515625</ele>
        <time>2023-07-16T19:09:56.000Z</time>
        <extensions>
          <ns3:TrackPointExtension>
            <ns3:hr>120</ns3:hr>
          </ns3:TrackPointExtension>
        </extensions>
      </trkpt>
      <trkpt lat="49.66984927654266357421875" lon="-123.1523979641497135162353515625">
        <ele>332.600006103515625</ele>
        <time>2023-07-16T19:09:57.000Z</time>
        <extensions>
          <ns3:TrackPointExtension>
            <ns3:hr>124</ns3:hr>
          </ns3:TrackPointExtension>
        </extensions>
      </trkpt>
      <trkpt lat="49.66984634287655353546142578125" lon="-123.1523999758064746856689453125">
        <ele>332.79998779296875</ele>
        <time>2023-07-16T19:09:58.000Z</time>
        <extensions>
          <ns3:TrackPointExtension>
            <ns3:hr>125</ns3:hr>
          </ns3:TrackPointExtension>
        </extensions>
      </trkpt>
      <trkpt lat="49.66982807032763957977294921875" lon="-123.15242084674537181854248046875">
        <ele>333</ele>
        <time>2023-07-16T19:10:01.000Z</time>
        <extensions>
          <ns3:TrackPointExtension>
            <ns3:hr>129</ns3:hr>
          </ns3:TrackPointExtension>
        </extensions>
      </trkpt>
      <trkpt lat="49.66982153244316577911376953125" lon="-123.15242537297308444976806640625">
        <ele>333</ele>
        <time>2023-07-16T19:10:02.000Z</time>
        <extensions>
          <ns3:TrackPointExtension>
            <ns3:hr>132</ns3:hr>
          </ns3:TrackPointExtension>
        </extensions>
      </trkpt>
      <trkpt lat="49.66981247998774051666259765625" lon="-123.1524442322552204132080078125">
        <ele>333</ele>
        <time>2023-07-16T19:10:03.000Z</time>
        <extensions>
          <ns3:TrackPointExtension>
            <ns3:hr>132</ns3:hr>
          </ns3:TrackPointExtension>
        </extensions>
      </trkpt>
      <trkpt lat="49.66979588381946086883544921875" lon="-123.1525017321109771728515625">
        <ele>333.20001220703125</ele>
        <time>2023-07-16T19:10:05.000Z</time>
        <extensions>
          <ns3:TrackPointExtension>
            <ns3:hr>135</ns3:hr>
          </ns3:TrackPointExtension>
        </extensions>
      </trkpt>
      <trkpt lat="49.66979504562914371490478515625" lon="-123.152528218924999237060546875">
        <ele>333.20001220703125</ele>
        <time>2023-07-16T19:10:07.000Z</time>
        <extensions>
          <ns3:TrackPointExtension>
            <ns3:hr>137</ns3:hr>
          </ns3:TrackPointExtension>
        </extensions>
      </trkpt>
      <trkpt lat="49.6697870828211307525634765625" lon="-123.1525320746004581451416015625">
        <ele>333.20001220703125</ele>
        <time>2023-07-16T19:10:08.000Z</time>
        <extensions>
          <ns3:TrackPointExtension>
            <ns3:hr>137</ns3:hr>
          </ns3:TrackPointExtension>
        </extensions>
      </trkpt>
      <trkpt lat="49.6697730012238025665283203125" lon="-123.1525473296642303466796875">
        <ele>333.20001220703125</ele>
        <time>2023-07-16T19:10:11.000Z</time>
        <extensions>
          <ns3:TrackPointExtension>
            <ns3:hr>136</ns3:hr>
          </ns3:TrackPointExtension>
        </extensions>
      </trkpt>
      <trkpt lat="49.66975917108356952667236328125" lon="-123.15258211456239223480224609375">
        <ele>333.399993896484375</ele>
        <time>2023-07-16T19:10:16.000Z</time>
        <extensions>
          <ns3:TrackPointExtension>
            <ns3:hr>139</ns3:hr>
          </ns3:TrackPointExtension>
        </extensions>
      </trkpt>
      <trkpt lat="49.66976235620677471160888671875" lon="-123.1526189111173152923583984375">
        <ele>333.399993896484375</ele>
        <time>2023-07-16T19:10:20.000Z</time>
        <extensions>
          <ns3:TrackPointExtension>
            <ns3:hr>139</ns3:hr>
          </ns3:TrackPointExtension>
        </extensions>
      </trkpt>
      <trkpt lat="49.669771827757358551025390625" lon="-123.15264933742582798004150390625">
        <ele>333.399993896484375</ele>
        <time>2023-07-16T19:10:24.000Z</time>
        <extensions>
          <ns3:TrackPointExtension>
            <ns3:hr>139</ns3:hr>
          </ns3:TrackPointExtension>
        </extensions>
      </trkpt>
      <trkpt lat="49.6697428263723850250244140625" lon="-123.1526943482458591461181640625">
        <ele>333.20001220703125</ele>
        <time>2023-07-16T19:10:31.000Z</time>
        <extensions>
          <ns3:TrackPointExtension>
            <ns3:hr>139</ns3:hr>
          </ns3:TrackPointExtension>
        </extensions>
      </trkpt>
      <trkpt lat="49.6697331033647060394287109375" lon="-123.15270046703517436981201171875">
        <ele>333.600006103515625</ele>
        <time>2023-07-16T19:10:36.000Z</time>
        <extensions>
          <ns3:TrackPointExtension>
            <ns3:hr>139</ns3:hr>
          </ns3:TrackPointExtension>
        </extensions>
      </trkpt>
      <trkpt lat="49.66970787383615970611572265625" lon="-123.1527208350598812103271484375">
        <ele>333.79998779296875</ele>
        <time>2023-07-16T19:10:41.000Z</time>
        <extensions>
          <ns3:TrackPointExtension>
            <ns3:hr>137</ns3:hr>
          </ns3:TrackPointExtension>
        </extensions>
      </trkpt>
      <trkpt lat="49.669708795845508575439453125" lon="-123.1527037359774112701416015625">
        <ele>333.20001220703125</ele>
        <time>2023-07-16T19:10:45.000Z</time>
        <extensions>
          <ns3:TrackPointExtension>
            <ns3:hr>136</ns3:hr>
          </ns3:TrackPointExtension>
        </extensions>
      </trkpt>
      <trkpt lat="49.6696818061172962188720703125" lon="-123.15272225998342037200927734375">
        <ele>332.79998779296875</ele>
        <time>2023-07-16T19:10:49.000Z</time>
        <extensions>
          <ns3:TrackPointExtension>
            <ns3:hr>135</ns3:hr>
          </ns3:TrackPointExtension>
        </extensions>
      </trkpt>
      <trkpt lat="49.66965037398040294647216796875" lon="-123.15276634879410266876220703125">
        <ele>332.20001220703125</ele>
        <time>2023-07-16T19:10:54.000Z</time>
        <extensions>
          <ns3:TrackPointExtension>
            <ns3:hr>135</ns3:hr>
          </ns3:TrackPointExtension>
        </extensions>
      </trkpt>
      <trkpt lat="49.669589437544345855712890625" lon="-123.1528411991894245147705078125">
        <ele>332.399993896484375</ele>
        <time>2023-07-16T19:10:59.000Z</time>
        <extensions>
          <ns3:TrackPointExtension>
            <ns3:hr>133</ns3:hr>
          </ns3:TrackPointExtension>
        </extensions>
      </trkpt>
      <trkpt lat="49.669567309319972991943359375" lon="-123.1528626568615436553955078125">
        <ele>332.600006103515625</ele>
        <time>2023-07-16T19:11:01.000Z</time>
        <extensions>
          <ns3:TrackPointExtension>
            <ns3:hr>132</ns3:hr>
          </ns3:TrackPointExtension>
        </extensions>
      </trkpt>
      <trkpt lat="49.6695527248084545135498046875" lon="-123.15287791192531585693359375">
        <ele>332.79998779296875</ele>
        <time>2023-07-16T19:11:04.000Z</time>
        <extensions>
          <ns3:TrackPointExtension>
            <ns3:hr>131</ns3:hr>
          </ns3:TrackPointExtension>
        </extensions>
      </trkpt>
      <trkpt lat="49.66952766291797161102294921875" lon="-123.15287011675536632537841796875">
        <ele>333.399993896484375</ele>
        <time>2023-07-16T19:11:08.000Z</time>
        <extensions>
          <ns3:TrackPointExtension>
            <ns3:hr>130</ns3:hr>
          </ns3:TrackPointExtension>
        </extensions>
      </trkpt>
      <trkpt lat="49.669524729251861572265625" lon="-123.15292795188724994659423828125">
        <ele>333.399993896484375</ele>
        <time>2023-07-16T19:11:12.000Z</time>
        <extensions>
          <ns3:TrackPointExtension>
            <ns3:hr>129</ns3:hr>
          </ns3:TrackPointExtension>
        </extensions>
      </trkpt>
      <trkpt lat="49.66948776505887508392333984375" lon="-123.15295376814901828765869140625">
        <ele>333.399993896484375</ele>
        <time>2023-07-16T19:11:19.000Z</time>
        <extensions>
          <ns3:TrackPointExtension>
            <ns3:hr>129</ns3:hr>
          </ns3:TrackPointExtension>
        </extensions>
      </trkpt>
      <trkpt lat="49.66944300569593906402587890625" lon="-123.152953684329986572265625">
        <ele>333.399993896484375</ele>
        <time>2023-07-16T19:11:24.000Z</time>
        <extensions>
          <ns3:TrackPointExtension>
            <ns3:hr>129</ns3:hr>
          </ns3:TrackPointExtension>
        </extensions>
      </trkpt>
      <trkpt lat="49.66945239342749118804931640625" lon="-123.15298779867589473724365234375">
        <ele>333.399993896484375</ele>
        <time>2023-07-16T19:11:27.000Z</time>
        <extensions>
          <ns3:TrackPointExtension>
            <ns3:hr>129</ns3:hr>
          </ns3:TrackPointExtension>
        </extensions>
      </trkpt>
      <trkpt lat="49.6694407425820827484130859375" lon="-123.15299668349325656890869140625">
        <ele>333.399993896484375</ele>
        <time>2023-07-16T19:11:32.000Z</time>
        <extensions>
          <ns3:TrackPointExtension>
            <ns3:hr>129</ns3:hr>
          </ns3:TrackPointExtension>
        </extensions>
      </trkpt>
      <trkpt lat="49.6694383956491947174072265625" lon="-123.15302819944918155670166015625">
        <ele>333.399993896484375</ele>
        <time>2023-07-16T19:11:34.000Z</time>
        <extensions>
          <ns3:TrackPointExtension>
            <ns3:hr>126</ns3:hr>
          </ns3:TrackPointExtension>
        </extensions>
      </trkpt>
      <trkpt lat="49.669401347637176513671875" lon="-123.153063990175724029541015625">
        <ele>333.399993896484375</ele>
        <time>2023-07-16T19:11:36.000Z</time>
        <extensions>
          <ns3:TrackPointExtension>
            <ns3:hr>126</ns3:hr>
          </ns3:TrackPointExtension>
        </extensions>
      </trkpt>
      <trkpt lat="49.6693666465580463409423828125" lon="-123.1530691869556903839111328125">
        <ele>333.399993896484375</ele>
        <time>2023-07-16T19:11:41.000Z</time>
        <extensions>
          <ns3:TrackPointExtension>
            <ns3:hr>126</ns3:hr>
          </ns3:TrackPointExtension>
        </extensions>
      </trkpt>
      <trkpt lat="49.6693331189453601837158203125" lon="-123.15311436541378498077392578125">
        <ele>333.399993896484375</ele>
        <time>2023-07-16T19:11:47.000Z</time>
        <extensions>
          <ns3:TrackPointExtension>
            <ns3:hr>124</ns3:hr>
          </ns3:TrackPointExtension>
        </extensions>
      </trkpt>
      <trkpt lat="49.66932934708893299102783203125" lon="-123.15315292216837406158447265625">
        <ele>333.399993896484375</ele>
        <time>2023-07-16T19:11:52.000Z</time>
        <extensions>
          <ns3:TrackPointExtension>
            <ns3:hr>124</ns3:hr>
          </ns3:TrackPointExtension>
        </extensions>
      </trkpt>
      <trkpt lat="49.6693193726241588592529296875" lon="-123.153186030685901641845703125">
        <ele>333.399993896484375</ele>
        <time>2023-07-16T19:11:57.000Z</time>
        <extensions>
          <ns3:TrackPointExtension>
            <ns3:hr>125</ns3:hr>
          </ns3:TrackPointExtension>
        </extensions>
      </trkpt>
      <trkpt lat="49.6692975796759128570556640625" lon="-123.1531872041523456573486328125">
        <ele>333.399993896484375</ele>
        <time>2023-07-16T19:12:00.000Z</time>
        <extensions>
          <ns3:TrackPointExtension>
            <ns3:hr>127</ns3:hr>
          </ns3:TrackPointExtension>
        </extensions>
      </trkpt>
      <trkpt lat="49.66927436180412769317626953125" lon="-123.15316700376570224761962890625">
        <ele>333.399993896484375</ele>
        <time>2023-07-16T19:12:02.000Z</time>
        <extensions>
          <ns3:TrackPointExtension>
            <ns3:hr>130</ns3:hr>
          </ns3:TrackPointExtension>
        </extensions>
      </trkpt>
      <trkpt lat="49.66926547698676586151123046875" lon="-123.1531620584428310394287109375">
        <ele>333.399993896484375</ele>
        <time>2023-07-16T19:12:03.000Z</time>
        <extensions>
          <ns3:TrackPointExtension>
            <ns3:hr>130</ns3:hr>
          </ns3:TrackPointExtension>
        </extensions>
      </trkpt>
      <trkpt lat="49.66925357468426227569580078125" lon="-123.153174631297588348388671875">
        <ele>336</ele>
        <time>2023-07-16T19:12:05.000Z</time>
        <extensions>
          <ns3:TrackPointExtension>
            <ns3:hr>131</ns3:hr>
          </ns3:TrackPointExtension>
        </extensions>
      </trkpt>
      <trkpt lat="49.66924452222883701324462890625" lon="-123.15317538566887378692626953125">
        <ele>337.20001220703125</ele>
        <time>2023-07-16T19:12:06.000Z</time>
        <extensions>
          <ns3:TrackPointExtension>
            <ns3:hr>132</ns3:hr>
          </ns3:TrackPointExtension>
        </extensions>
      </trkpt>
      <trkpt lat="49.6692432649433612823486328125" lon="-123.15317655913531780242919921875">
        <ele>338.20001220703125</ele>
        <time>2023-07-16T19:12:07.000Z</time>
        <extensions>
          <ns3:TrackPointExtension>
            <ns3:hr>134</ns3:hr>
          </ns3:TrackPointExtension>
        </extensions>
      </trkpt>
      <trkpt lat="49.6692419238388538360595703125" lon="-123.15317488275468349456787109375">
        <ele>338.600006103515625</ele>
        <time>2023-07-16T19:12:08.000Z</time>
        <extensions>
          <ns3:TrackPointExtension>
            <ns3:hr>135</ns3:hr>
          </ns3:TrackPointExtension>
        </extensions>
      </trkpt>
      <trkpt lat="49.6692201308906078338623046875" lon="-123.1531865336000919342041015625">
        <ele>339.20001220703125</ele>
        <time>2023-07-16T19:12:11.000Z</time>
        <extensions>
          <ns3:TrackPointExtension>
            <ns3:hr>138</ns3:hr>
          </ns3:TrackPointExtension>
        </extensions>
      </trkpt>
      <trkpt lat="49.6692147664725780487060546875" lon="-123.15319231711328029632568359375">
        <ele>339.20001220703125</ele>
        <time>2023-07-16T19:12:12.000Z</time>
        <extensions>
          <ns3:TrackPointExtension>
            <ns3:hr>139</ns3:hr>
          </ns3:TrackPointExtension>
        </extensions>
      </trkpt>
      <trkpt lat="49.6691990084946155548095703125" lon="-123.15319935791194438934326171875">
        <ele>339.20001220703125</ele>
        <time>2023-07-16T19:12:16.000Z</time>
        <extensions>
          <ns3:TrackPointExtension>
            <ns3:hr>142</ns3:hr>
          </ns3:TrackPointExtension>
        </extensions>
      </trkpt>
      <trkpt lat="49.66920487582683563232421875" lon="-123.153186701238155364990234375">
        <ele>339.399993896484375</ele>
        <time>2023-07-16T19:12:17.000Z</time>
        <extensions>
          <ns3:TrackPointExtension>
            <ns3:hr>142</ns3:hr>
          </ns3:TrackPointExtension>
        </extensions>
      </trkpt>
      <trkpt lat="49.66921401210129261016845703125" lon="-123.15317052416503429412841796875">
        <ele>339.399993896484375</ele>
        <time>2023-07-16T19:12:18.000Z</time>
        <extensions>
          <ns3:TrackPointExtension>
            <ns3:hr>141</ns3:hr>
          </ns3:TrackPointExtension>
        </extensions>
      </trkpt>
      <trkpt lat="49.6692144311964511871337890625" lon="-123.15314956940710544586181640625">
        <ele>339.79998779296875</ele>
        <time>2023-07-16T19:12:20.000Z</time>
        <extensions>
          <ns3:TrackPointExtension>
            <ns3:hr>143</ns3:hr>
          </ns3:TrackPointExtension>
        </extensions>
      </trkpt>
      <trkpt lat="49.66920529492199420928955078125" lon="-123.15315828658640384674072265625">
        <ele>339.79998779296875</ele>
        <time>2023-07-16T19:12:21.000Z</time>
        <extensions>
          <ns3:TrackPointExtension>
            <ns3:hr>144</ns3:hr>
          </ns3:TrackPointExtension>
        </extensions>
      </trkpt>
      <trkpt lat="49.6691986732184886932373046875" lon="-123.153155855834484100341796875">
        <ele>339.79998779296875</ele>
        <time>2023-07-16T19:12:22.000Z</time>
        <extensions>
          <ns3:TrackPointExtension>
            <ns3:hr>144</ns3:hr>
          </ns3:TrackPointExtension>
        </extensions>
      </trkpt>
      <trkpt lat="49.66918953694403171539306640625" lon="-123.15314923413097858428955078125">
        <ele>339.79998779296875</ele>
        <time>2023-07-16T19:12:23.000Z</time>
        <extensions>
          <ns3:TrackPointExtension>
            <ns3:hr>145</ns3:hr>
          </ns3:TrackPointExtension>
        </extensions>
      </trkpt>
      <trkpt lat="49.66917361132800579071044921875" lon="-123.153139762580394744873046875">
        <ele>339.79998779296875</ele>
        <time>2023-07-16T19:12:24.000Z</time>
        <extensions>
          <ns3:TrackPointExtension>
            <ns3:hr>148</ns3:hr>
          </ns3:TrackPointExtension>
        </extensions>
      </trkpt>
      <trkpt lat="49.66909968294203281402587890625" lon="-123.15316700376570224761962890625">
        <ele>339.20001220703125</ele>
        <time>2023-07-16T19:12:29.000Z</time>
        <extensions>
          <ns3:TrackPointExtension>
            <ns3:hr>148</ns3:hr>
          </ns3:TrackPointExtension>
        </extensions>
      </trkpt>
      <trkpt lat="49.6690722741186618804931640625" lon="-123.15326155163347721099853515625">
        <ele>338.600006103515625</ele>
        <time>2023-07-16T19:12:34.000Z</time>
        <extensions>
          <ns3:TrackPointExtension>
            <ns3:hr>146</ns3:hr>
          </ns3:TrackPointExtension>
        </extensions>
      </trkpt>
      <trkpt lat="49.66907210648059844970703125" lon="-123.153220228850841522216796875">
        <ele>338.399993896484375</ele>
        <time>2023-07-16T19:12:36.000Z</time>
        <extensions>
          <ns3:TrackPointExtension>
            <ns3:hr>146</ns3:hr>
          </ns3:TrackPointExtension>
        </extensions>
      </trkpt>
      <trkpt lat="49.66903145425021648406982421875" lon="-123.15325501374900341033935546875">
        <ele>338</ele>
        <time>2023-07-16T19:12:46.000Z</time>
        <extensions>
          <ns3:TrackPointExtension>
            <ns3:hr>144</ns3:hr>
          </ns3:TrackPointExtension>
        </extensions>
      </trkpt>
      <trkpt lat="49.66903053224086761474609375" lon="-123.153263144195079803466796875">
        <ele>338</ele>
        <time>2023-07-16T19:12:50.000Z</time>
        <extensions>
          <ns3:TrackPointExtension>
            <ns3:hr>143</ns3:hr>
          </ns3:TrackPointExtension>
        </extensions>
      </trkpt>
      <trkpt lat="49.6690638922154903411865234375" lon="-123.1532299518585205078125">
        <ele>337.79998779296875</ele>
        <time>2023-07-16T19:12:54.000Z</time>
        <extensions>
          <ns3:TrackPointExtension>
            <ns3:hr>141</ns3:hr>
          </ns3:TrackPointExtension>
        </extensions>
      </trkpt>
      <trkpt lat="49.6690726093947887420654296875" lon="-123.15322165377438068389892578125">
        <ele>337.600006103515625</ele>
        <time>2023-07-16T19:12:57.000Z</time>
        <extensions>
          <ns3:TrackPointExtension>
            <ns3:hr>138</ns3:hr>
          </ns3:TrackPointExtension>
        </extensions>
      </trkpt>
      <trkpt lat="49.66905727051198482513427734375" lon="-123.15327219665050506591796875">
        <ele>337.600006103515625</ele>
        <time>2023-07-16T19:12:59.000Z</time>
        <extensions>
          <ns3:TrackPointExtension>
            <ns3:hr>137</ns3:hr>
          </ns3:TrackPointExtension>
        </extensions>
      </trkpt>
      <trkpt lat="49.66905408538877964019775390625" lon="-123.15327756106853485107421875">
        <ele>338.20001220703125</ele>
        <time>2023-07-16T19:13:05.000Z</time>
        <extensions>
          <ns3:TrackPointExtension>
            <ns3:hr>137</ns3:hr>
          </ns3:TrackPointExtension>
        </extensions>
      </trkpt>
      <trkpt lat="49.6690571866929531097412109375" lon="-123.15329088829457759857177734375">
        <ele>338.20001220703125</ele>
        <time>2023-07-16T19:13:10.000Z</time>
        <extensions>
          <ns3:TrackPointExtension>
            <ns3:hr>135</ns3:hr>
          </ns3:TrackPointExtension>
        </extensions>
      </trkpt>
      <trkpt lat="49.669038914144039154052734375" lon="-123.15327219665050506591796875">
        <ele>337.79998779296875</ele>
        <time>2023-07-16T19:13:19.000Z</time>
        <extensions>
          <ns3:TrackPointExtension>
            <ns3:hr>134</ns3:hr>
          </ns3:TrackPointExtension>
        </extensions>
      </trkpt>
      <trkpt lat="49.66899834573268890380859375" lon="-123.15327764488756656646728515625">
        <ele>338</ele>
        <time>2023-07-16T19:13:25.000Z</time>
        <extensions>
          <ns3:TrackPointExtension>
            <ns3:hr>132</ns3:hr>
          </ns3:TrackPointExtension>
        </extensions>
      </trkpt>
      <trkpt lat="49.66899675317108631134033203125" lon="-123.153321482241153717041015625">
        <ele>337.600006103515625</ele>
        <time>2023-07-16T19:13:31.000Z</time>
        <extensions>
          <ns3:TrackPointExtension>
            <ns3:hr>130</ns3:hr>
          </ns3:TrackPointExtension>
        </extensions>
      </trkpt>
      <trkpt lat="49.66898703016340732574462890625" lon="-123.15336062572896480560302734375">
        <ele>337.20001220703125</ele>
        <time>2023-07-16T19:13:34.000Z</time>
        <extensions>
          <ns3:TrackPointExtension>
            <ns3:hr>127</ns3:hr>
          </ns3:TrackPointExtension>
        </extensions>
      </trkpt>
      <trkpt lat="49.668968506157398223876953125" lon="-123.15340035594999790191650390625">
        <ele>337</ele>
        <time>2023-07-16T19:13:37.000Z</time>
        <extensions>
          <ns3:TrackPointExtension>
            <ns3:hr>126</ns3:hr>
          </ns3:TrackPointExtension>
        </extensions>
      </trkpt>
      <trkpt lat="49.66895408928394317626953125" lon="-123.15340857021510601043701171875">
        <ele>336.79998779296875</ele>
        <time>2023-07-16T19:13:39.000Z</time>
        <extensions>
          <ns3:TrackPointExtension>
            <ns3:hr>125</ns3:hr>
          </ns3:TrackPointExtension>
        </extensions>
      </trkpt>
      <trkpt lat="49.66893154196441173553466796875" lon="-123.15341443754732608795166015625">
        <ele>336.79998779296875</ele>
        <time>2023-07-16T19:13:42.000Z</time>
        <extensions>
          <ns3:TrackPointExtension>
            <ns3:hr>124</ns3:hr>
          </ns3:TrackPointExtension>
        </extensions>
      </trkpt>
      <trkpt lat="49.66892047785222530364990234375" lon="-123.15341594628989696502685546875">
        <ele>336.600006103515625</ele>
        <time>2023-07-16T19:13:43.000Z</time>
        <extensions>
          <ns3:TrackPointExtension>
            <ns3:hr>124</ns3:hr>
          </ns3:TrackPointExtension>
        </extensions>
      </trkpt>
      <trkpt lat="49.66892014257609844207763671875" lon="-123.153409995138645172119140625">
        <ele>336.600006103515625</ele>
        <time>2023-07-16T19:13:44.000Z</time>
        <extensions>
          <ns3:TrackPointExtension>
            <ns3:hr>124</ns3:hr>
          </ns3:TrackPointExtension>
        </extensions>
      </trkpt>
      <trkpt lat="49.66891896910965442657470703125" lon="-123.1534104980528354644775390625">
        <ele>336.399993896484375</ele>
        <time>2023-07-16T19:13:45.000Z</time>
        <extensions>
          <ns3:TrackPointExtension>
            <ns3:hr>124</ns3:hr>
          </ns3:TrackPointExtension>
        </extensions>
      </trkpt>
      <trkpt lat="49.66888837516307830810546875" lon="-123.15343069843947887420654296875">
        <ele>336.20001220703125</ele>
        <time>2023-07-16T19:13:47.000Z</time>
        <extensions>
          <ns3:TrackPointExtension>
            <ns3:hr>124</ns3:hr>
          </ns3:TrackPointExtension>
        </extensions>
      </trkpt>
      <trkpt lat="49.66888678260147571563720703125" lon="-123.15342181362211704254150390625">
        <ele>335.79998779296875</ele>
        <time>2023-07-16T19:13:49.000Z</time>
        <extensions>
          <ns3:TrackPointExtension>
            <ns3:hr>123</ns3:hr>
          </ns3:TrackPointExtension>
        </extensions>
      </trkpt>
      <trkpt lat="49.66888627968728542327880859375" lon="-123.1534190475940704345703125">
        <ele>335.600006103515625</ele>
        <time>2023-07-16T19:13:50.000Z</time>
        <extensions>
          <ns3:TrackPointExtension>
            <ns3:hr>124</ns3:hr>
          </ns3:TrackPointExtension>
        </extensions>
      </trkpt>
      <trkpt lat="49.668875634670257568359375" lon="-123.15342776477336883544921875">
        <ele>335.399993896484375</ele>
        <time>2023-07-16T19:13:52.000Z</time>
        <extensions>
          <ns3:TrackPointExtension>
            <ns3:hr>124</ns3:hr>
          </ns3:TrackPointExtension>
        </extensions>
      </trkpt>
      <trkpt lat="49.668866582214832305908203125" lon="-123.153444863855838775634765625">
        <ele>335.20001220703125</ele>
        <time>2023-07-16T19:13:53.000Z</time>
        <extensions>
          <ns3:TrackPointExtension>
            <ns3:hr>124</ns3:hr>
          </ns3:TrackPointExtension>
        </extensions>
      </trkpt>
      <trkpt lat="49.6688560210168361663818359375" lon="-123.153429441154003143310546875">
        <ele>335</ele>
        <time>2023-07-16T19:13:55.000Z</time>
        <extensions>
          <ns3:TrackPointExtension>
            <ns3:hr>124</ns3:hr>
          </ns3:TrackPointExtension>
        </extensions>
      </trkpt>
      <trkpt lat="49.668853171169757843017578125" lon="-123.15342240035533905029296875">
        <ele>334.79998779296875</ele>
        <time>2023-07-16T19:13:56.000Z</time>
        <extensions>
          <ns3:TrackPointExtension>
            <ns3:hr>124</ns3:hr>
          </ns3:TrackPointExtension>
        </extensions>
      </trkpt>
      <trkpt lat="49.66884504072368144989013671875" lon="-123.1534249149262905120849609375">
        <ele>334.399993896484375</ele>
        <time>2023-07-16T19:13:59.000Z</time>
        <extensions>
          <ns3:TrackPointExtension>
            <ns3:hr>125</ns3:hr>
          </ns3:TrackPointExtension>
        </extensions>
      </trkpt>
      <trkpt lat="49.66883816756308078765869140625" lon="-123.15343639813363552093505859375">
        <ele>334.20001220703125</ele>
        <time>2023-07-16T19:14:00.000Z</time>
        <extensions>
          <ns3:TrackPointExtension>
            <ns3:hr>125</ns3:hr>
          </ns3:TrackPointExtension>
        </extensions>
      </trkpt>
      <trkpt lat="49.66883045621216297149658203125" lon="-123.1534473784267902374267578125">
        <ele>334.20001220703125</ele>
        <time>2023-07-16T19:14:01.000Z</time>
        <extensions>
          <ns3:TrackPointExtension>
            <ns3:hr>127</ns3:hr>
          </ns3:TrackPointExtension>
        </extensions>
      </trkpt>
      <trkpt lat="49.6688023768365383148193359375" lon="-123.15354083664715290069580078125">
        <ele>333.399993896484375</ele>
        <time>2023-07-16T19:14:05.000Z</time>
        <extensions>
          <ns3:TrackPointExtension>
            <ns3:hr>126</ns3:hr>
          </ns3:TrackPointExtension>
        </extensions>
      </trkpt>
      <trkpt lat="49.66879877261817455291748046875" lon="-123.153560869395732879638671875">
        <ele>333.399993896484375</ele>
        <time>2023-07-16T19:14:06.000Z</time>
        <extensions>
          <ns3:TrackPointExtension>
            <ns3:hr>126</ns3:hr>
          </ns3:TrackPointExtension>
        </extensions>
      </trkpt>
      <trkpt lat="49.66879106126725673675537109375" lon="-123.15357821993529796600341796875">
        <ele>333.20001220703125</ele>
        <time>2023-07-16T19:14:07.000Z</time>
        <extensions>
          <ns3:TrackPointExtension>
            <ns3:hr>125</ns3:hr>
          </ns3:TrackPointExtension>
        </extensions>
      </trkpt>
      <trkpt lat="49.6687832660973072052001953125" lon="-123.15363722853362560272216796875">
        <ele>333.20001220703125</ele>
        <time>2023-07-16T19:14:10.000Z</time>
        <extensions>
          <ns3:TrackPointExtension>
            <ns3:hr>126</ns3:hr>
          </ns3:TrackPointExtension>
        </extensions>
      </trkpt>
      <trkpt lat="49.66877630911767482757568359375" lon="-123.15366103313863277435302734375">
        <ele>332.600006103515625</ele>
        <time>2023-07-16T19:14:12.000Z</time>
        <extensions>
          <ns3:TrackPointExtension>
            <ns3:hr>125</ns3:hr>
          </ns3:TrackPointExtension>
        </extensions>
      </trkpt>
      <trkpt lat="49.66877480037510395050048828125" lon="-123.15369120799005031585693359375">
        <ele>332.399993896484375</ele>
        <time>2023-07-16T19:14:14.000Z</time>
        <extensions>
          <ns3:TrackPointExtension>
            <ns3:hr>125</ns3:hr>
          </ns3:TrackPointExtension>
        </extensions>
      </trkpt>
      <trkpt lat="49.6687594614923000335693359375" lon="-123.153696991503238677978515625">
        <ele>332.20001220703125</ele>
        <time>2023-07-16T19:14:16.000Z</time>
        <extensions>
          <ns3:TrackPointExtension>
            <ns3:hr>124</ns3:hr>
          </ns3:TrackPointExtension>
        </extensions>
      </trkpt>
      <trkpt lat="49.66873054392635822296142578125" lon="-123.15370897762477397918701171875">
        <ele>332.20001220703125</ele>
        <time>2023-07-16T19:14:18.000Z</time>
        <extensions>
          <ns3:TrackPointExtension>
            <ns3:hr>125</ns3:hr>
          </ns3:TrackPointExtension>
        </extensions>
      </trkpt>
      <trkpt lat="49.6687048114836215972900390625" lon="-123.1537853367626667022705078125">
        <ele>332.20001220703125</ele>
        <time>2023-07-16T19:14:20.000Z</time>
        <extensions>
          <ns3:TrackPointExtension>
            <ns3:hr>124</ns3:hr>
          </ns3:TrackPointExtension>
        </extensions>
      </trkpt>
      <trkpt lat="49.66870640404522418975830078125" lon="-123.1538347899913787841796875">
        <ele>332.20001220703125</ele>
        <time>2023-07-16T19:14:21.000Z</time>
        <extensions>
          <ns3:TrackPointExtension>
            <ns3:hr>124</ns3:hr>
          </ns3:TrackPointExtension>
        </extensions>
      </trkpt>
      <trkpt lat="49.6686964295804500579833984375" lon="-123.153855912387371063232421875">
        <ele>332.20001220703125</ele>
        <time>2023-07-16T19:14:23.000Z</time>
        <extensions>
          <ns3:TrackPointExtension>
            <ns3:hr>123</ns3:hr>
          </ns3:TrackPointExtension>
        </extensions>
      </trkpt>
      <trkpt lat="49.66867589391767978668212890625" lon="-123.15389388240873813629150390625">
        <ele>332</ele>
        <time>2023-07-16T19:14:26.000Z</time>
        <extensions>
          <ns3:TrackPointExtension>
            <ns3:hr>123</ns3:hr>
          </ns3:TrackPointExtension>
        </extensions>
      </trkpt>
      <trkpt lat="49.66866969130933284759521484375" lon="-123.1539033539593219757080078125">
        <ele>332</ele>
        <time>2023-07-16T19:14:29.000Z</time>
        <extensions>
          <ns3:TrackPointExtension>
            <ns3:hr>123</ns3:hr>
          </ns3:TrackPointExtension>
        </extensions>
      </trkpt>
      <trkpt lat="49.66867036186158657073974609375" lon="-123.1539060361683368682861328125">
        <ele>332</ele>
        <time>2023-07-16T19:14:30.000Z</time>
        <extensions>
          <ns3:TrackPointExtension>
            <ns3:hr>124</ns3:hr>
          </ns3:TrackPointExtension>
        </extensions>
      </trkpt>
      <trkpt lat="49.6686652489006519317626953125" lon="-123.1539157591760158538818359375">
        <ele>331.399993896484375</ele>
        <time>2023-07-16T19:14:37.000Z</time>
        <extensions>
          <ns3:TrackPointExtension>
            <ns3:hr>122</ns3:hr>
          </ns3:TrackPointExtension>
        </extensions>
      </trkpt>
      <trkpt lat="49.6686598844826221466064453125" lon="-123.1539167650043964385986328125">
        <ele>331.20001220703125</ele>
        <time>2023-07-16T19:14:38.000Z</time>
        <extensions>
          <ns3:TrackPointExtension>
            <ns3:hr>122</ns3:hr>
          </ns3:TrackPointExtension>
        </extensions>
      </trkpt>
      <trkpt lat="49.668649323284626007080078125" lon="-123.1539662182331085205078125">
        <ele>330.79998779296875</ele>
        <time>2023-07-16T19:14:42.000Z</time>
        <extensions>
          <ns3:TrackPointExtension>
            <ns3:hr>120</ns3:hr>
          </ns3:TrackPointExtension>
        </extensions>
      </trkpt>
      <trkpt lat="49.6686515025794506072998046875" lon="-123.15393445082008838653564453125">
        <ele>330.399993896484375</ele>
        <time>2023-07-16T19:14:46.000Z</time>
        <extensions>
          <ns3:TrackPointExtension>
            <ns3:hr>119</ns3:hr>
          </ns3:TrackPointExtension>
        </extensions>
      </trkpt>
      <trkpt lat="49.66864923946559429168701171875" lon="-123.1539516337215900421142578125">
        <ele>330.20001220703125</ele>
        <time>2023-07-16T19:14:48.000Z</time>
        <extensions>
          <ns3:TrackPointExtension>
            <ns3:hr>119</ns3:hr>
          </ns3:TrackPointExtension>
        </extensions>
      </trkpt>
      <trkpt lat="49.66860347427427768707275390625" lon="-123.15398373641073703765869140625">
        <ele>329.600006103515625</ele>
        <time>2023-07-16T19:14:54.000Z</time>
        <extensions>
          <ns3:TrackPointExtension>
            <ns3:hr>117</ns3:hr>
          </ns3:TrackPointExtension>
        </extensions>
      </trkpt>
      <trkpt lat="49.66857497580349445343017578125" lon="-123.15403788350522518157958984375">
        <ele>329.399993896484375</ele>
        <time>2023-07-16T19:14:59.000Z</time>
        <extensions>
          <ns3:TrackPointExtension>
            <ns3:hr>118</ns3:hr>
          </ns3:TrackPointExtension>
        </extensions>
      </trkpt>
      <trkpt lat="49.66857254505157470703125" lon="-123.1540676392614841461181640625">
        <ele>329.79998779296875</ele>
        <time>2023-07-16T19:15:02.000Z</time>
        <extensions>
          <ns3:TrackPointExtension>
            <ns3:hr>117</ns3:hr>
          </ns3:TrackPointExtension>
        </extensions>
      </trkpt>
      <trkpt lat="49.668552093207836151123046875" lon="-123.154088594019412994384765625">
        <ele>330.399993896484375</ele>
        <time>2023-07-16T19:15:06.000Z</time>
        <extensions>
          <ns3:TrackPointExtension>
            <ns3:hr>117</ns3:hr>
          </ns3:TrackPointExtension>
        </extensions>
      </trkpt>
      <trkpt lat="49.668540693819522857666015625" lon="-123.154099322855472564697265625">
        <ele>330.600006103515625</ele>
        <time>2023-07-16T19:15:10.000Z</time>
        <extensions>
          <ns3:TrackPointExtension>
            <ns3:hr>116</ns3:hr>
          </ns3:TrackPointExtension>
        </extensions>
      </trkpt>
      <trkpt lat="49.6685093455016613006591796875" lon="-123.154148273169994354248046875">
        <ele>330.79998779296875</ele>
        <time>2023-07-16T19:15:17.000Z</time>
        <extensions>
          <ns3:TrackPointExtension>
            <ns3:hr>115</ns3:hr>
          </ns3:TrackPointExtension>
        </extensions>
      </trkpt>
      <trkpt lat="49.66849283315241336822509765625" lon="-123.15416730009019374847412109375">
        <ele>330.600006103515625</ele>
        <time>2023-07-16T19:15:21.000Z</time>
        <extensions>
          <ns3:TrackPointExtension>
            <ns3:hr>116</ns3:hr>
          </ns3:TrackPointExtension>
        </extensions>
      </trkpt>
      <trkpt lat="49.668442122638225555419921875" lon="-123.15420736558735370635986328125">
        <ele>330.79998779296875</ele>
        <time>2023-07-16T19:15:26.000Z</time>
        <extensions>
          <ns3:TrackPointExtension>
            <ns3:hr>116</ns3:hr>
          </ns3:TrackPointExtension>
        </extensions>
      </trkpt>
      <trkpt lat="49.6684236824512481689453125" lon="-123.15421842969954013824462890625">
        <ele>331.20001220703125</ele>
        <time>2023-07-16T19:15:29.000Z</time>
        <extensions>
          <ns3:TrackPointExtension>
            <ns3:hr>115</ns3:hr>
          </ns3:TrackPointExtension>
        </extensions>
      </trkpt>
      <trkpt lat="49.66840582899749279022216796875" lon="-123.15420828759670257568359375">
        <ele>331.600006103515625</ele>
        <time>2023-07-16T19:15:32.000Z</time>
        <extensions>
          <ns3:TrackPointExtension>
            <ns3:hr>116</ns3:hr>
          </ns3:TrackPointExtension>
        </extensions>
      </trkpt>
      <trkpt lat="49.66838403604924678802490234375" lon="-123.15422303974628448486328125">
        <ele>332.20001220703125</ele>
        <time>2023-07-16T19:15:36.000Z</time>
        <extensions>
          <ns3:TrackPointExtension>
            <ns3:hr>116</ns3:hr>
          </ns3:TrackPointExtension>
        </extensions>
      </trkpt>
      <trkpt lat="49.66836710460484027862548828125" lon="-123.15424659289419651031494140625">
        <ele>332.399993896484375</ele>
        <time>2023-07-16T19:15:37.000Z</time>
        <extensions>
          <ns3:TrackPointExtension>
            <ns3:hr>116</ns3:hr>
          </ns3:TrackPointExtension>
        </extensions>
      </trkpt>
      <trkpt lat="49.66832703910768032073974609375" lon="-123.15430258400738239288330078125">
        <ele>333.399993896484375</ele>
        <time>2023-07-16T19:15:42.000Z</time>
        <extensions>
          <ns3:TrackPointExtension>
            <ns3:hr>116</ns3:hr>
          </ns3:TrackPointExtension>
        </extensions>
      </trkpt>
      <trkpt lat="49.66832385398447513580322265625" lon="-123.15431197173893451690673828125">
        <ele>333.399993896484375</ele>
        <time>2023-07-16T19:15:44.000Z</time>
        <extensions>
          <ns3:TrackPointExtension>
            <ns3:hr>117</ns3:hr>
          </ns3:TrackPointExtension>
        </extensions>
      </trkpt>
      <trkpt lat="49.66832536272704601287841796875" lon="-123.154301829636096954345703125">
        <ele>333.600006103515625</ele>
        <time>2023-07-16T19:15:46.000Z</time>
        <extensions>
          <ns3:TrackPointExtension>
            <ns3:hr>120</ns3:hr>
          </ns3:TrackPointExtension>
        </extensions>
      </trkpt>
      <trkpt lat="49.66832603327929973602294921875" lon="-123.154287748038768768310546875">
        <ele>334.20001220703125</ele>
        <time>2023-07-16T19:15:48.000Z</time>
        <extensions>
          <ns3:TrackPointExtension>
            <ns3:hr>123</ns3:hr>
          </ns3:TrackPointExtension>
        </extensions>
      </trkpt>
      <trkpt lat="49.6683163940906524658203125" lon="-123.15427542664110660552978515625">
        <ele>334.600006103515625</ele>
        <time>2023-07-16T19:15:49.000Z</time>
        <extensions>
          <ns3:TrackPointExtension>
            <ns3:hr>122</ns3:hr>
          </ns3:TrackPointExtension>
        </extensions>
      </trkpt>
      <trkpt lat="49.6682974509894847869873046875" lon="-123.15426595509052276611328125">
        <ele>334.79998779296875</ele>
        <time>2023-07-16T19:15:51.000Z</time>
        <extensions>
          <ns3:TrackPointExtension>
            <ns3:hr>125</ns3:hr>
          </ns3:TrackPointExtension>
        </extensions>
      </trkpt>
      <trkpt lat="49.668285883963108062744140625" lon="-123.15426997840404510498046875">
        <ele>335</ele>
        <time>2023-07-16T19:15:52.000Z</time>
        <extensions>
          <ns3:TrackPointExtension>
            <ns3:hr>125</ns3:hr>
          </ns3:TrackPointExtension>
        </extensions>
      </trkpt>
      <trkpt lat="49.66821807436645030975341796875" lon="-123.15426922403275966644287109375">
        <ele>335.600006103515625</ele>
        <time>2023-07-16T19:15:55.000Z</time>
        <extensions>
          <ns3:TrackPointExtension>
            <ns3:hr>127</ns3:hr>
          </ns3:TrackPointExtension>
        </extensions>
      </trkpt>
      <trkpt lat="49.6681958623230457305908203125" lon="-123.15426704473793506622314453125">
        <ele>336.20001220703125</ele>
        <time>2023-07-16T19:15:57.000Z</time>
        <extensions>
          <ns3:TrackPointExtension>
            <ns3:hr>127</ns3:hr>
          </ns3:TrackPointExtension>
        </extensions>
      </trkpt>
      <trkpt lat="49.6681740693747997283935546875" lon="-123.1542309187352657318115234375">
        <ele>336.399993896484375</ele>
        <time>2023-07-16T19:16:01.000Z</time>
        <extensions>
          <ns3:TrackPointExtension>
            <ns3:hr>127</ns3:hr>
          </ns3:TrackPointExtension>
        </extensions>
      </trkpt>
      <trkpt lat="49.6681656874716281890869140625" lon="-123.1542848981916904449462890625">
        <ele>336.399993896484375</ele>
        <time>2023-07-16T19:16:05.000Z</time>
        <extensions>
          <ns3:TrackPointExtension>
            <ns3:hr>128</ns3:hr>
          </ns3:TrackPointExtension>
        </extensions>
      </trkpt>
      <trkpt lat="49.66816124506294727325439453125" lon="-123.15427559427917003631591796875">
        <ele>336.600006103515625</ele>
        <time>2023-07-16T19:16:07.000Z</time>
        <extensions>
          <ns3:TrackPointExtension>
            <ns3:hr>128</ns3:hr>
          </ns3:TrackPointExtension>
        </extensions>
      </trkpt>
      <trkpt lat="49.6681335009634494781494140625" lon="-123.1542855687439441680908203125">
        <ele>336.399993896484375</ele>
        <time>2023-07-16T19:16:09.000Z</time>
        <extensions>
          <ns3:TrackPointExtension>
            <ns3:hr>128</ns3:hr>
          </ns3:TrackPointExtension>
        </extensions>
      </trkpt>
      <trkpt lat="49.66811246238648891448974609375" lon="-123.154277689754962921142578125">
        <ele>336.20001220703125</ele>
        <time>2023-07-16T19:16:12.000Z</time>
        <extensions>
          <ns3:TrackPointExtension>
            <ns3:hr>128</ns3:hr>
          </ns3:TrackPointExtension>
        </extensions>
      </trkpt>
      <trkpt lat="49.668049514293670654296875" lon="-123.15435891039669513702392578125">
        <ele>336</ele>
        <time>2023-07-16T19:16:17.000Z</time>
        <extensions>
          <ns3:TrackPointExtension>
            <ns3:hr>128</ns3:hr>
          </ns3:TrackPointExtension>
        </extensions>
      </trkpt>
      <trkpt lat="49.6680459938943386077880859375" lon="-123.1544287316501140594482421875">
        <ele>335.79998779296875</ele>
        <time>2023-07-16T19:16:19.000Z</time>
        <extensions>
          <ns3:TrackPointExtension>
            <ns3:hr>131</ns3:hr>
          </ns3:TrackPointExtension>
        </extensions>
      </trkpt>
      <trkpt lat="49.66797634027898311614990234375" lon="-123.154551275074481964111328125">
        <ele>335.79998779296875</ele>
        <time>2023-07-16T19:16:24.000Z</time>
        <extensions>
          <ns3:TrackPointExtension>
            <ns3:hr>133</ns3:hr>
          </ns3:TrackPointExtension>
        </extensions>
      </trkpt>
      <trkpt lat="49.66795957647264003753662109375" lon="-123.15458052791655063629150390625">
        <ele>335.600006103515625</ele>
        <time>2023-07-16T19:16:27.000Z</time>
        <extensions>
          <ns3:TrackPointExtension>
            <ns3:hr>134</ns3:hr>
          </ns3:TrackPointExtension>
        </extensions>
      </trkpt>
      <trkpt lat="49.6679547987878322601318359375" lon="-123.15458245575428009033203125">
        <ele>335.600006103515625</ele>
        <time>2023-07-16T19:16:28.000Z</time>
        <extensions>
          <ns3:TrackPointExtension>
            <ns3:hr>134</ns3:hr>
          </ns3:TrackPointExtension>
        </extensions>
      </trkpt>
      <trkpt lat="49.667951948940753936767578125" lon="-123.15458890981972217559814453125">
        <ele>335.600006103515625</ele>
        <time>2023-07-16T19:16:30.000Z</time>
        <extensions>
          <ns3:TrackPointExtension>
            <ns3:hr>134</ns3:hr>
          </ns3:TrackPointExtension>
        </extensions>
      </trkpt>
      <trkpt lat="49.66802260838449001312255859375" lon="-123.15475671552121639251708984375">
        <ele>335.79998779296875</ele>
        <time>2023-07-16T19:16:38.000Z</time>
        <extensions>
          <ns3:TrackPointExtension>
            <ns3:hr>134</ns3:hr>
          </ns3:TrackPointExtension>
        </extensions>
      </trkpt>
      <trkpt lat="49.6679542958736419677734375" lon="-123.15474732778966426849365234375">
        <ele>335.79998779296875</ele>
        <time>2023-07-16T19:16:41.000Z</time>
        <extensions>
          <ns3:TrackPointExtension>
            <ns3:hr>134</ns3:hr>
          </ns3:TrackPointExtension>
        </extensions>
      </trkpt>
      <trkpt lat="49.66795689426362514495849609375" lon="-123.15475570969283580780029296875">
        <ele>335.79998779296875</ele>
        <time>2023-07-16T19:16:42.000Z</time>
        <extensions>
          <ns3:TrackPointExtension>
            <ns3:hr>134</ns3:hr>
          </ns3:TrackPointExtension>
        </extensions>
      </trkpt>
      <trkpt lat="49.66793778352439403533935546875" lon="-123.1546676158905029296875">
        <ele>335.79998779296875</ele>
        <time>2023-07-16T19:16:48.000Z</time>
        <extensions>
          <ns3:TrackPointExtension>
            <ns3:hr>132</ns3:hr>
          </ns3:TrackPointExtension>
        </extensions>
      </trkpt>
      <trkpt lat="49.6679542958736419677734375" lon="-123.1545970402657985687255859375">
        <ele>336.20001220703125</ele>
        <time>2023-07-16T19:16:57.000Z</time>
        <extensions>
          <ns3:TrackPointExtension>
            <ns3:hr>135</ns3:hr>
          </ns3:TrackPointExtension>
        </extensions>
      </trkpt>
      <trkpt lat="49.66799025423824787139892578125" lon="-123.15455907024443149566650390625">
        <ele>336.20001220703125</ele>
        <time>2023-07-16T19:17:03.000Z</time>
        <extensions>
          <ns3:TrackPointExtension>
            <ns3:hr>137</ns3:hr>
          </ns3:TrackPointExtension>
        </extensions>
      </trkpt>
      <trkpt lat="49.66800970025360584259033203125" lon="-123.15453425981104373931884765625">
        <ele>336.20001220703125</ele>
        <time>2023-07-16T19:17:09.000Z</time>
        <extensions>
          <ns3:TrackPointExtension>
            <ns3:hr>138</ns3:hr>
          </ns3:TrackPointExtension>
        </extensions>
      </trkpt>
      <trkpt lat="49.66804691590368747711181640625" lon="-123.1544796936213970184326171875">
        <ele>335.79998779296875</ele>
        <time>2023-07-16T19:17:14.000Z</time>
        <extensions>
          <ns3:TrackPointExtension>
            <ns3:hr>140</ns3:hr>
          </ns3:TrackPointExtension>
        </extensions>
      </trkpt>
      <trkpt lat="49.668096117675304412841796875" lon="-123.1544860638678073883056640625">
        <ele>335.20001220703125</ele>
        <time>2023-07-16T19:17:21.000Z</time>
        <extensions>
          <ns3:TrackPointExtension>
            <ns3:hr>140</ns3:hr>
          </ns3:TrackPointExtension>
        </extensions>
      </trkpt>
      <trkpt lat="49.6680875681340694427490234375" lon="-123.15453375689685344696044921875">
        <ele>334.399993896484375</ele>
        <time>2023-07-16T19:17:25.000Z</time>
        <extensions>
          <ns3:TrackPointExtension>
            <ns3:hr>139</ns3:hr>
          </ns3:TrackPointExtension>
        </extensions>
      </trkpt>
      <trkpt lat="49.6680899150669574737548828125" lon="-123.1545175798237323760986328125">
        <ele>334.20001220703125</ele>
        <time>2023-07-16T19:17:28.000Z</time>
        <extensions>
          <ns3:TrackPointExtension>
            <ns3:hr>138</ns3:hr>
          </ns3:TrackPointExtension>
        </extensions>
      </trkpt>
      <trkpt lat="49.66805647127330303192138671875" lon="-123.15452705137431621551513671875">
        <ele>334</ele>
        <time>2023-07-16T19:17:37.000Z</time>
        <extensions>
          <ns3:TrackPointExtension>
            <ns3:hr>138</ns3:hr>
          </ns3:TrackPointExtension>
        </extensions>
      </trkpt>
      <trkpt lat="49.6680454909801483154296875" lon="-123.15450592897832393646240234375">
        <ele>333.79998779296875</ele>
        <time>2023-07-16T19:17:43.000Z</time>
        <extensions>
          <ns3:TrackPointExtension>
            <ns3:hr>136</ns3:hr>
          </ns3:TrackPointExtension>
        </extensions>
      </trkpt>
      <trkpt lat="49.6680580638349056243896484375" lon="-123.1545155681669712066650390625">
        <ele>333.79998779296875</ele>
        <time>2023-07-16T19:17:46.000Z</time>
        <extensions>
          <ns3:TrackPointExtension>
            <ns3:hr>133</ns3:hr>
          </ns3:TrackPointExtension>
        </extensions>
      </trkpt>
      <trkpt lat="49.6680862270295619964599609375" lon="-123.1545293144881725311279296875">
        <ele>333.79998779296875</ele>
        <time>2023-07-16T19:17:47.000Z</time>
        <extensions>
          <ns3:TrackPointExtension>
            <ns3:hr>132</ns3:hr>
          </ns3:TrackPointExtension>
        </extensions>
      </trkpt>
      <trkpt lat="49.66812352649867534637451171875" lon="-123.15456007607281208038330078125">
        <ele>333.79998779296875</ele>
        <time>2023-07-16T19:17:52.000Z</time>
        <extensions>
          <ns3:TrackPointExtension>
            <ns3:hr>134</ns3:hr>
          </ns3:TrackPointExtension>
        </extensions>
      </trkpt>
      <trkpt lat="49.668093435466289520263671875" lon="-123.154555298388004302978515625">
        <ele>333.79998779296875</ele>
        <time>2023-07-16T19:17:55.000Z</time>
        <extensions>
          <ns3:TrackPointExtension>
            <ns3:hr>132</ns3:hr>
          </ns3:TrackPointExtension>
        </extensions>
      </trkpt>
      <trkpt lat="49.66807566583156585693359375" lon="-123.1545276381075382232666015625">
        <ele>334.20001220703125</ele>
        <time>2023-07-16T19:17:59.000Z</time>
        <extensions>
          <ns3:TrackPointExtension>
            <ns3:hr>132</ns3:hr>
          </ns3:TrackPointExtension>
        </extensions>
      </trkpt>
      <trkpt lat="49.6681073494255542755126953125" lon="-123.15455940552055835723876953125">
        <ele>335</ele>
        <time>2023-07-16T19:18:03.000Z</time>
        <extensions>
          <ns3:TrackPointExtension>
            <ns3:hr>129</ns3:hr>
          </ns3:TrackPointExtension>
        </extensions>
      </trkpt>
      <trkpt lat="49.66806435026228427886962890625" lon="-123.15458958037197589874267578125">
        <ele>335.399993896484375</ele>
        <time>2023-07-16T19:18:08.000Z</time>
        <extensions>
          <ns3:TrackPointExtension>
            <ns3:hr>126</ns3:hr>
          </ns3:TrackPointExtension>
        </extensions>
      </trkpt>
      <trkpt lat="49.6680604107677936553955078125" lon="-123.15458287484943866729736328125">
        <ele>335.600006103515625</ele>
        <time>2023-07-16T19:18:09.000Z</time>
        <extensions>
          <ns3:TrackPointExtension>
            <ns3:hr>125</ns3:hr>
          </ns3:TrackPointExtension>
        </extensions>
      </trkpt>
      <trkpt lat="49.66805613599717617034912109375" lon="-123.15457968972623348236083984375">
        <ele>335.79998779296875</ele>
        <time>2023-07-16T19:18:10.000Z</time>
        <extensions>
          <ns3:TrackPointExtension>
            <ns3:hr>128</ns3:hr>
          </ns3:TrackPointExtension>
        </extensions>
      </trkpt>
      <trkpt lat="49.667985476553440093994140625" lon="-123.15458756871521472930908203125">
        <ele>336</ele>
        <time>2023-07-16T19:18:13.000Z</time>
        <extensions>
          <ns3:TrackPointExtension>
            <ns3:hr>128</ns3:hr>
          </ns3:TrackPointExtension>
        </extensions>
      </trkpt>
      <trkpt lat="49.66796569526195526123046875" lon="-123.154538534581661224365234375">
        <ele>335.20001220703125</ele>
        <time>2023-07-16T19:18:21.000Z</time>
        <extensions>
          <ns3:TrackPointExtension>
            <ns3:hr>125</ns3:hr>
          </ns3:TrackPointExtension>
        </extensions>
      </trkpt>
      <trkpt lat="49.66795630753040313720703125" lon="-123.15447340719401836395263671875">
        <ele>335.20001220703125</ele>
        <time>2023-07-16T19:18:26.000Z</time>
        <extensions>
          <ns3:TrackPointExtension>
            <ns3:hr>125</ns3:hr>
          </ns3:TrackPointExtension>
        </extensions>
      </trkpt>
      <trkpt lat="49.667969048023223876953125" lon="-123.1544327549636363983154296875">
        <ele>335.20001220703125</ele>
        <time>2023-07-16T19:18:31.000Z</time>
        <extensions>
          <ns3:TrackPointExtension>
            <ns3:hr>126</ns3:hr>
          </ns3:TrackPointExtension>
        </extensions>
      </trkpt>
      <trkpt lat="49.667958319187164306640625" lon="-123.15438472665846347808837890625">
        <ele>335.20001220703125</ele>
        <time>2023-07-16T19:18:39.000Z</time>
        <extensions>
          <ns3:TrackPointExtension>
            <ns3:hr>125</ns3:hr>
          </ns3:TrackPointExtension>
        </extensions>
      </trkpt>
      <trkpt lat="49.66795739717781543731689453125" lon="-123.15437768585979938507080078125">
        <ele>335.20001220703125</ele>
        <time>2023-07-16T19:18:45.000Z</time>
        <extensions>
          <ns3:TrackPointExtension>
            <ns3:hr>125</ns3:hr>
          </ns3:TrackPointExtension>
        </extensions>
      </trkpt>
      <trkpt lat="49.6679537929594516754150390625" lon="-123.15438321791589260101318359375">
        <ele>335.20001220703125</ele>
        <time>2023-07-16T19:18:50.000Z</time>
        <extensions>
          <ns3:TrackPointExtension>
            <ns3:hr>125</ns3:hr>
          </ns3:TrackPointExtension>
        </extensions>
      </trkpt>
      <trkpt lat="49.667940549552440643310546875" lon="-123.154418505728244781494140625">
        <ele>335.20001220703125</ele>
        <time>2023-07-16T19:18:55.000Z</time>
        <extensions>
          <ns3:TrackPointExtension>
            <ns3:hr>127</ns3:hr>
          </ns3:TrackPointExtension>
        </extensions>
      </trkpt>
      <trkpt lat="49.6679430641233921051025390625" lon="-123.15442009828984737396240234375">
        <ele>335.20001220703125</ele>
        <time>2023-07-16T19:18:56.000Z</time>
        <extensions>
          <ns3:TrackPointExtension>
            <ns3:hr>124</ns3:hr>
          </ns3:TrackPointExtension>
        </extensions>
      </trkpt>
      <trkpt lat="49.66792881488800048828125" lon="-123.1544490158557891845703125">
        <ele>335.20001220703125</ele>
        <time>2023-07-16T19:19:01.000Z</time>
        <extensions>
          <ns3:TrackPointExtension>
            <ns3:hr>124</ns3:hr>
          </ns3:TrackPointExtension>
        </extensions>
      </trkpt>
      <trkpt lat="49.66791263781487941741943359375" lon="-123.1544967927038669586181640625">
        <ele>335.20001220703125</ele>
        <time>2023-07-16T19:19:05.000Z</time>
        <extensions>
          <ns3:TrackPointExtension>
            <ns3:hr>124</ns3:hr>
          </ns3:TrackPointExtension>
        </extensions>
      </trkpt>
      <trkpt lat="49.66790266335010528564453125" lon="-123.15454096533358097076416015625">
        <ele>335.20001220703125</ele>
        <time>2023-07-16T19:19:09.000Z</time>
        <extensions>
          <ns3:TrackPointExtension>
            <ns3:hr>122</ns3:hr>
          </ns3:TrackPointExtension>
        </extensions>
      </trkpt>
      <trkpt lat="49.66790123842656612396240234375" lon="-123.15456795506179332733154296875">
        <ele>335.20001220703125</ele>
        <time>2023-07-16T19:19:14.000Z</time>
        <extensions>
          <ns3:TrackPointExtension>
            <ns3:hr>122</ns3:hr>
          </ns3:TrackPointExtension>
        </extensions>
      </trkpt>
      <trkpt lat="49.6679060161113739013671875" lon="-123.15453090704977512359619140625">
        <ele>335.20001220703125</ele>
        <time>2023-07-16T19:19:22.000Z</time>
        <extensions>
          <ns3:TrackPointExtension>
            <ns3:hr>121</ns3:hr>
          </ns3:TrackPointExtension>
        </extensions>
      </trkpt>
      <trkpt lat="49.66789729893207550048828125" lon="-123.1544716469943523406982421875">
        <ele>335.20001220703125</ele>
        <time>2023-07-16T19:19:27.000Z</time>
        <extensions>
          <ns3:TrackPointExtension>
            <ns3:hr>118</ns3:hr>
          </ns3:TrackPointExtension>
        </extensions>
      </trkpt>
      <trkpt lat="49.66791800223290920257568359375" lon="-123.1545470841228961944580078125">
        <ele>335.20001220703125</ele>
        <time>2023-07-16T19:19:35.000Z</time>
        <extensions>
          <ns3:TrackPointExtension>
            <ns3:hr>116</ns3:hr>
          </ns3:TrackPointExtension>
        </extensions>
      </trkpt>
      <trkpt lat="49.66790660284459590911865234375" lon="-123.1546567194163799285888671875">
        <ele>335.20001220703125</ele>
        <time>2023-07-16T19:19:40.000Z</time>
        <extensions>
          <ns3:TrackPointExtension>
            <ns3:hr>116</ns3:hr>
          </ns3:TrackPointExtension>
        </extensions>
      </trkpt>
      <trkpt lat="49.667900986969470977783203125" lon="-123.15469334833323955535888671875">
        <ele>335.20001220703125</ele>
        <time>2023-07-16T19:19:44.000Z</time>
        <extensions>
          <ns3:TrackPointExtension>
            <ns3:hr>116</ns3:hr>
          </ns3:TrackPointExtension>
        </extensions>
      </trkpt>
      <trkpt lat="49.66790693812072277069091796875" lon="-123.15470793284475803375244140625">
        <ele>335.20001220703125</ele>
        <time>2023-07-16T19:19:47.000Z</time>
        <extensions>
          <ns3:TrackPointExtension>
            <ns3:hr>113</ns3:hr>
          </ns3:TrackPointExtension>
        </extensions>
      </trkpt>
      <trkpt lat="49.6679024957120418548583984375" lon="-123.15471732057631015777587890625">
        <ele>335.20001220703125</ele>
        <time>2023-07-16T19:19:50.000Z</time>
        <extensions>
          <ns3:TrackPointExtension>
            <ns3:hr>116</ns3:hr>
          </ns3:TrackPointExtension>
        </extensions>
      </trkpt>
      <trkpt lat="49.6679065190255641937255859375" lon="-123.1547247804701328277587890625">
        <ele>335.20001220703125</ele>
        <time>2023-07-16T19:19:51.000Z</time>
        <extensions>
          <ns3:TrackPointExtension>
            <ns3:hr>116</ns3:hr>
          </ns3:TrackPointExtension>
        </extensions>
      </trkpt>
      <trkpt lat="49.66793610714375972747802734375" lon="-123.15471983514726161956787109375">
        <ele>335.20001220703125</ele>
        <time>2023-07-16T19:19:57.000Z</time>
        <extensions>
          <ns3:TrackPointExtension>
            <ns3:hr>119</ns3:hr>
          </ns3:TrackPointExtension>
        </extensions>
      </trkpt>
      <trkpt lat="49.66794247739017009735107421875" lon="-123.15470441244542598724365234375">
        <ele>335.20001220703125</ele>
        <time>2023-07-16T19:20:01.000Z</time>
        <extensions>
          <ns3:TrackPointExtension>
            <ns3:hr>120</ns3:hr>
          </ns3:TrackPointExtension>
        </extensions>
      </trkpt>
      <trkpt lat="49.6679192595183849334716796875" lon="-123.1546446494758129119873046875">
        <ele>335.20001220703125</ele>
        <time>2023-07-16T19:20:04.000Z</time>
        <extensions>
          <ns3:TrackPointExtension>
            <ns3:hr>120</ns3:hr>
          </ns3:TrackPointExtension>
        </extensions>
      </trkpt>
      <trkpt lat="49.6678964607417583465576171875" lon="-123.1546107865869998931884765625">
        <ele>335.20001220703125</ele>
        <time>2023-07-16T19:20:08.000Z</time>
        <extensions>
          <ns3:TrackPointExtension>
            <ns3:hr>121</ns3:hr>
          </ns3:TrackPointExtension>
        </extensions>
      </trkpt>
      <trkpt lat="49.66788866557180881500244140625" lon="-123.1546131335198879241943359375">
        <ele>335.20001220703125</ele>
        <time>2023-07-16T19:20:11.000Z</time>
        <extensions>
          <ns3:TrackPointExtension>
            <ns3:hr>124</ns3:hr>
          </ns3:TrackPointExtension>
        </extensions>
      </trkpt>
      <trkpt lat="49.6678860671818256378173828125" lon="-123.15461690537631511688232421875">
        <ele>335.20001220703125</ele>
        <time>2023-07-16T19:20:12.000Z</time>
        <extensions>
          <ns3:TrackPointExtension>
            <ns3:hr>125</ns3:hr>
          </ns3:TrackPointExtension>
        </extensions>
      </trkpt>
      <trkpt lat="49.66788246296346187591552734375" lon="-123.15463031642138957977294921875">
        <ele>335.20001220703125</ele>
        <time>2023-07-16T19:20:13.000Z</time>
        <extensions>
          <ns3:TrackPointExtension>
            <ns3:hr>126</ns3:hr>
          </ns3:TrackPointExtension>
        </extensions>
      </trkpt>
      <trkpt lat="49.66786201111972332000732421875" lon="-123.15464691258966922760009765625">
        <ele>335.20001220703125</ele>
        <time>2023-07-16T19:20:16.000Z</time>
        <extensions>
          <ns3:TrackPointExtension>
            <ns3:hr>130</ns3:hr>
          </ns3:TrackPointExtension>
        </extensions>
      </trkpt>
      <trkpt lat="49.66785865835845470428466796875" lon="-123.15465797670185565948486328125">
        <ele>335.20001220703125</ele>
        <time>2023-07-16T19:20:17.000Z</time>
        <extensions>
          <ns3:TrackPointExtension>
            <ns3:hr>131</ns3:hr>
          </ns3:TrackPointExtension>
        </extensions>
      </trkpt>
      <trkpt lat="49.66785295866429805755615234375" lon="-123.15466920845210552215576171875">
        <ele>337.20001220703125</ele>
        <time>2023-07-16T19:20:18.000Z</time>
        <extensions>
          <ns3:TrackPointExtension>
            <ns3:hr>132</ns3:hr>
          </ns3:TrackPointExtension>
        </extensions>
      </trkpt>
      <trkpt lat="49.66785530559718608856201171875" lon="-123.15466099418699741363525390625">
        <ele>338.399993896484375</ele>
        <time>2023-07-16T19:20:19.000Z</time>
        <extensions>
          <ns3:TrackPointExtension>
            <ns3:hr>132</ns3:hr>
          </ns3:TrackPointExtension>
        </extensions>
      </trkpt>
      <trkpt lat="49.66785798780620098114013671875" lon="-123.15465613268315792083740234375">
        <ele>339.79998779296875</ele>
        <time>2023-07-16T19:20:21.000Z</time>
        <extensions>
          <ns3:TrackPointExtension>
            <ns3:hr>136</ns3:hr>
          </ns3:TrackPointExtension>
        </extensions>
      </trkpt>
      <trkpt lat="49.6678448282182216644287109375" lon="-123.15466652624309062957763671875">
        <ele>340.399993896484375</ele>
        <time>2023-07-16T19:20:23.000Z</time>
        <extensions>
          <ns3:TrackPointExtension>
            <ns3:hr>137</ns3:hr>
          </ns3:TrackPointExtension>
        </extensions>
      </trkpt>
      <trkpt lat="49.667836613953113555908203125" lon="-123.1546714715659618377685546875">
        <ele>340.79998779296875</ele>
        <time>2023-07-16T19:20:24.000Z</time>
        <extensions>
          <ns3:TrackPointExtension>
            <ns3:hr>137</ns3:hr>
          </ns3:TrackPointExtension>
        </extensions>
      </trkpt>
      <trkpt lat="49.66784005053341388702392578125" lon="-123.154665939509868621826171875">
        <ele>340.79998779296875</ele>
        <time>2023-07-16T19:20:25.000Z</time>
        <extensions>
          <ns3:TrackPointExtension>
            <ns3:hr>138</ns3:hr>
          </ns3:TrackPointExtension>
        </extensions>
      </trkpt>
      <trkpt lat="49.66783250682055950164794921875" lon="-123.154708854854106903076171875">
        <ele>341</ele>
        <time>2023-07-16T19:20:28.000Z</time>
        <extensions>
          <ns3:TrackPointExtension>
            <ns3:hr>140</ns3:hr>
          </ns3:TrackPointExtension>
        </extensions>
      </trkpt>
      <trkpt lat="49.6678418107330799102783203125" lon="-123.15471480600535869598388671875">
        <ele>341</ele>
        <time>2023-07-16T19:20:31.000Z</time>
        <extensions>
          <ns3:TrackPointExtension>
            <ns3:hr>143</ns3:hr>
          </ns3:TrackPointExtension>
        </extensions>
      </trkpt>
      <trkpt lat="49.667845331132411956787109375" lon="-123.1547170691192150115966796875">
        <ele>341</ele>
        <time>2023-07-16T19:20:32.000Z</time>
        <extensions>
          <ns3:TrackPointExtension>
            <ns3:hr>142</ns3:hr>
          </ns3:TrackPointExtension>
        </extensions>
      </trkpt>
      <trkpt lat="49.66783552430570125579833984375" lon="-123.15469267778098583221435546875">
        <ele>341.20001220703125</ele>
        <time>2023-07-16T19:20:34.000Z</time>
        <extensions>
          <ns3:TrackPointExtension>
            <ns3:hr>142</ns3:hr>
          </ns3:TrackPointExtension>
        </extensions>
      </trkpt>
      <trkpt lat="49.667819179594516754150390625" lon="-123.15468437969684600830078125">
        <ele>341.600006103515625</ele>
        <time>2023-07-16T19:20:38.000Z</time>
        <extensions>
          <ns3:TrackPointExtension>
            <ns3:hr>140</ns3:hr>
          </ns3:TrackPointExtension>
        </extensions>
      </trkpt>
      <trkpt lat="49.66782345436513423919677734375" lon="-123.154664933681488037109375">
        <ele>341.79998779296875</ele>
        <time>2023-07-16T19:20:40.000Z</time>
        <extensions>
          <ns3:TrackPointExtension>
            <ns3:hr>143</ns3:hr>
          </ns3:TrackPointExtension>
        </extensions>
      </trkpt>
      <trkpt lat="49.667815156280994415283203125" lon="-123.1546654365956783294677734375">
        <ele>341.600006103515625</ele>
        <time>2023-07-16T19:20:41.000Z</time>
        <extensions>
          <ns3:TrackPointExtension>
            <ns3:hr>141</ns3:hr>
          </ns3:TrackPointExtension>
        </extensions>
      </trkpt>
      <trkpt lat="49.66780501417815685272216796875" lon="-123.15466552041471004486083984375">
        <ele>341.600006103515625</ele>
        <time>2023-07-16T19:20:43.000Z</time>
        <extensions>
          <ns3:TrackPointExtension>
            <ns3:hr>140</ns3:hr>
          </ns3:TrackPointExtension>
        </extensions>
      </trkpt>
      <trkpt lat="49.66781171970069408416748046875" lon="-123.15466962754726409912109375">
        <ele>341.600006103515625</ele>
        <time>2023-07-16T19:20:44.000Z</time>
        <extensions>
          <ns3:TrackPointExtension>
            <ns3:hr>139</ns3:hr>
          </ns3:TrackPointExtension>
        </extensions>
      </trkpt>
      <trkpt lat="49.66784055344760417938232421875" lon="-123.154605589807033538818359375">
        <ele>342.20001220703125</ele>
        <time>2023-07-16T19:21:04.000Z</time>
        <extensions>
          <ns3:TrackPointExtension>
            <ns3:hr>139</ns3:hr>
          </ns3:TrackPointExtension>
        </extensions>
      </trkpt>
      <trkpt lat="49.66784860007464885711669921875" lon="-123.15456879325211048126220703125">
        <ele>342.20001220703125</ele>
        <time>2023-07-16T19:21:05.000Z</time>
        <extensions>
          <ns3:TrackPointExtension>
            <ns3:hr>141</ns3:hr>
          </ns3:TrackPointExtension>
        </extensions>
      </trkpt>
      <trkpt lat="49.66781306080520153045654296875" lon="-123.1547066755592823028564453125">
        <ele>341.79998779296875</ele>
        <time>2023-07-16T19:21:11.000Z</time>
        <extensions>
          <ns3:TrackPointExtension>
            <ns3:hr>138</ns3:hr>
          </ns3:TrackPointExtension>
        </extensions>
      </trkpt>
      <trkpt lat="49.6677888371050357818603515625" lon="-123.15469820983707904815673828125">
        <ele>343</ele>
        <time>2023-07-16T19:21:19.000Z</time>
        <extensions>
          <ns3:TrackPointExtension>
            <ns3:hr>138</ns3:hr>
          </ns3:TrackPointExtension>
        </extensions>
      </trkpt>
      <trkpt lat="49.6678163297474384307861328125" lon="-123.15459913574159145355224609375">
        <ele>343.600006103515625</ele>
        <time>2023-07-16T19:21:23.000Z</time>
        <extensions>
          <ns3:TrackPointExtension>
            <ns3:hr>139</ns3:hr>
          </ns3:TrackPointExtension>
        </extensions>
      </trkpt>
      <trkpt lat="49.6678237058222293853759765625" lon="-123.15454146824777126312255859375">
        <ele>343.79998779296875</ele>
        <time>2023-07-16T19:21:26.000Z</time>
        <extensions>
          <ns3:TrackPointExtension>
            <ns3:hr>140</ns3:hr>
          </ns3:TrackPointExtension>
        </extensions>
      </trkpt>
      <trkpt lat="49.66782764531672000885009765625" lon="-123.15455823205411434173583984375">
        <ele>344</ele>
        <time>2023-07-16T19:21:27.000Z</time>
        <extensions>
          <ns3:TrackPointExtension>
            <ns3:hr>140</ns3:hr>
          </ns3:TrackPointExtension>
        </extensions>
      </trkpt>
      <trkpt lat="49.66784692369401454925537109375" lon="-123.1545739062130451202392578125">
        <ele>343.79998779296875</ele>
        <time>2023-07-16T19:21:29.000Z</time>
        <extensions>
          <ns3:TrackPointExtension>
            <ns3:hr>140</ns3:hr>
          </ns3:TrackPointExtension>
        </extensions>
      </trkpt>
      <trkpt lat="49.66789755038917064666748046875" lon="-123.15454297699034214019775390625">
        <ele>343.79998779296875</ele>
        <time>2023-07-16T19:21:33.000Z</time>
        <extensions>
          <ns3:TrackPointExtension>
            <ns3:hr>141</ns3:hr>
          </ns3:TrackPointExtension>
        </extensions>
      </trkpt>
      <trkpt lat="49.66790132224559783935546875" lon="-123.15453895367681980133056640625">
        <ele>343.79998779296875</ele>
        <time>2023-07-16T19:21:34.000Z</time>
        <extensions>
          <ns3:TrackPointExtension>
            <ns3:hr>140</ns3:hr>
          </ns3:TrackPointExtension>
        </extensions>
      </trkpt>
      <trkpt lat="49.66788782738149166107177734375" lon="-123.15455907024443149566650390625">
        <ele>344</ele>
        <time>2023-07-16T19:21:37.000Z</time>
        <extensions>
          <ns3:TrackPointExtension>
            <ns3:hr>139</ns3:hr>
          </ns3:TrackPointExtension>
        </extensions>
      </trkpt>
      <trkpt lat="49.6678723208606243133544921875" lon="-123.1545729003846645355224609375">
        <ele>344</ele>
        <time>2023-07-16T19:21:40.000Z</time>
        <extensions>
          <ns3:TrackPointExtension>
            <ns3:hr>142</ns3:hr>
          </ns3:TrackPointExtension>
        </extensions>
      </trkpt>
      <trkpt lat="49.6678679622709751129150390625" lon="-123.15457264892756938934326171875">
        <ele>344</ele>
        <time>2023-07-16T19:21:41.000Z</time>
        <extensions>
          <ns3:TrackPointExtension>
            <ns3:hr>141</ns3:hr>
          </ns3:TrackPointExtension>
        </extensions>
      </trkpt>
      <trkpt lat="49.66781808994710445404052734375" lon="-123.15458337776362895965576171875">
        <ele>344</ele>
        <time>2023-07-16T19:21:48.000Z</time>
        <extensions>
          <ns3:TrackPointExtension>
            <ns3:hr>140</ns3:hr>
          </ns3:TrackPointExtension>
        </extensions>
      </trkpt>
      <trkpt lat="49.66778037138283252716064453125" lon="-123.1546386145055294036865234375">
        <ele>344</ele>
        <time>2023-07-16T19:21:52.000Z</time>
        <extensions>
          <ns3:TrackPointExtension>
            <ns3:hr>139</ns3:hr>
          </ns3:TrackPointExtension>
        </extensions>
      </trkpt>
      <trkpt lat="49.66774315573275089263916015625" lon="-123.1546084396541118621826171875">
        <ele>344</ele>
        <time>2023-07-16T19:21:54.000Z</time>
        <extensions>
          <ns3:TrackPointExtension>
            <ns3:hr>139</ns3:hr>
          </ns3:TrackPointExtension>
        </extensions>
      </trkpt>
      <trkpt lat="49.66776050627231597900390625" lon="-123.15461103804409503936767578125">
        <ele>344.20001220703125</ele>
        <time>2023-07-16T19:21:55.000Z</time>
        <extensions>
          <ns3:TrackPointExtension>
            <ns3:hr>139</ns3:hr>
          </ns3:TrackPointExtension>
        </extensions>
      </trkpt>
      <trkpt lat="49.66776578687131404876708984375" lon="-123.15463802777230739593505859375">
        <ele>344.79998779296875</ele>
        <time>2023-07-16T19:21:57.000Z</time>
        <extensions>
          <ns3:TrackPointExtension>
            <ns3:hr>139</ns3:hr>
          </ns3:TrackPointExtension>
        </extensions>
      </trkpt>
      <trkpt lat="49.66776193119585514068603515625" lon="-123.154665939509868621826171875">
        <ele>345.20001220703125</ele>
        <time>2023-07-16T19:21:59.000Z</time>
        <extensions>
          <ns3:TrackPointExtension>
            <ns3:hr>138</ns3:hr>
          </ns3:TrackPointExtension>
        </extensions>
      </trkpt>
      <trkpt lat="49.66776444576680660247802734375" lon="-123.1546754948794841766357421875">
        <ele>345.399993896484375</ele>
        <time>2023-07-16T19:22:01.000Z</time>
        <extensions>
          <ns3:TrackPointExtension>
            <ns3:hr>137</ns3:hr>
          </ns3:TrackPointExtension>
        </extensions>
      </trkpt>
      <trkpt lat="49.66778657399117946624755859375" lon="-123.15466166473925113677978515625">
        <ele>345.600006103515625</ele>
        <time>2023-07-16T19:22:02.000Z</time>
        <extensions>
          <ns3:TrackPointExtension>
            <ns3:hr>137</ns3:hr>
          </ns3:TrackPointExtension>
        </extensions>
      </trkpt>
      <trkpt lat="49.6678411401808261871337890625" lon="-123.15468303859233856201171875">
        <ele>346</ele>
        <time>2023-07-16T19:22:05.000Z</time>
        <extensions>
          <ns3:TrackPointExtension>
            <ns3:hr>137</ns3:hr>
          </ns3:TrackPointExtension>
        </extensions>
      </trkpt>
      <trkpt lat="49.66784658841788768768310546875" lon="-123.154720254242420196533203125">
        <ele>346.20001220703125</ele>
        <time>2023-07-16T19:22:08.000Z</time>
        <extensions>
          <ns3:TrackPointExtension>
            <ns3:hr>140</ns3:hr>
          </ns3:TrackPointExtension>
        </extensions>
      </trkpt>
      <trkpt lat="49.66785178519785404205322265625" lon="-123.15472268499433994293212890625">
        <ele>346.20001220703125</ele>
        <time>2023-07-16T19:22:09.000Z</time>
        <extensions>
          <ns3:TrackPointExtension>
            <ns3:hr>139</ns3:hr>
          </ns3:TrackPointExtension>
        </extensions>
      </trkpt>
      <trkpt lat="49.66785379685461521148681640625" lon="-123.15474263392388820648193359375">
        <ele>346.399993896484375</ele>
        <time>2023-07-16T19:22:11.000Z</time>
        <extensions>
          <ns3:TrackPointExtension>
            <ns3:hr>140</ns3:hr>
          </ns3:TrackPointExtension>
        </extensions>
      </trkpt>
      <trkpt lat="49.6678421460092067718505859375" lon="-123.15475369803607463836669921875">
        <ele>346.600006103515625</ele>
        <time>2023-07-16T19:22:12.000Z</time>
        <extensions>
          <ns3:TrackPointExtension>
            <ns3:hr>140</ns3:hr>
          </ns3:TrackPointExtension>
        </extensions>
      </trkpt>
      <trkpt lat="49.66783954761922359466552734375" lon="-123.154782615602016448974609375">
        <ele>347</ele>
        <time>2023-07-16T19:22:14.000Z</time>
        <extensions>
          <ns3:TrackPointExtension>
            <ns3:hr>143</ns3:hr>
          </ns3:TrackPointExtension>
        </extensions>
      </trkpt>
      <trkpt lat="49.667842648923397064208984375" lon="-123.15478806383907794952392578125">
        <ele>347.20001220703125</ele>
        <time>2023-07-16T19:22:15.000Z</time>
        <extensions>
          <ns3:TrackPointExtension>
            <ns3:hr>143</ns3:hr>
          </ns3:TrackPointExtension>
        </extensions>
      </trkpt>
      <trkpt lat="49.66783250682055950164794921875" lon="-123.1548273749649524688720703125">
        <ele>347.20001220703125</ele>
        <time>2023-07-16T19:22:19.000Z</time>
        <extensions>
          <ns3:TrackPointExtension>
            <ns3:hr>145</ns3:hr>
          </ns3:TrackPointExtension>
        </extensions>
      </trkpt>
      <trkpt lat="49.66783418320119380950927734375" lon="-123.1548310630023479461669921875">
        <ele>347.79998779296875</ele>
        <time>2023-07-16T19:22:20.000Z</time>
        <extensions>
          <ns3:TrackPointExtension>
            <ns3:hr>146</ns3:hr>
          </ns3:TrackPointExtension>
        </extensions>
      </trkpt>
      <trkpt lat="49.6678389608860015869140625" lon="-123.1548178195953369140625">
        <ele>348.20001220703125</ele>
        <time>2023-07-16T19:22:21.000Z</time>
        <extensions>
          <ns3:TrackPointExtension>
            <ns3:hr>146</ns3:hr>
          </ns3:TrackPointExtension>
        </extensions>
      </trkpt>
      <trkpt lat="49.6678448282182216644287109375" lon="-123.1548015587031841278076171875">
        <ele>348.600006103515625</ele>
        <time>2023-07-16T19:22:23.000Z</time>
        <extensions>
          <ns3:TrackPointExtension>
            <ns3:hr>146</ns3:hr>
          </ns3:TrackPointExtension>
        </extensions>
      </trkpt>
      <trkpt lat="49.667846001684665679931640625" lon="-123.15478253178298473358154296875">
        <ele>348.600006103515625</ele>
        <time>2023-07-16T19:22:25.000Z</time>
        <extensions>
          <ns3:TrackPointExtension>
            <ns3:hr>147</ns3:hr>
          </ns3:TrackPointExtension>
        </extensions>
      </trkpt>
      <trkpt lat="49.667861424386501312255859375" lon="-123.154801391065120697021484375">
        <ele>348.79998779296875</ele>
        <time>2023-07-16T19:22:28.000Z</time>
        <extensions>
          <ns3:TrackPointExtension>
            <ns3:hr>147</ns3:hr>
          </ns3:TrackPointExtension>
        </extensions>
      </trkpt>
      <trkpt lat="49.66786469332873821258544921875" lon="-123.1547871418297290802001953125">
        <ele>349</ele>
        <time>2023-07-16T19:22:31.000Z</time>
        <extensions>
          <ns3:TrackPointExtension>
            <ns3:hr>147</ns3:hr>
          </ns3:TrackPointExtension>
        </extensions>
      </trkpt>
      <trkpt lat="49.66786452569067478179931640625" lon="-123.15477800555527210235595703125">
        <ele>349</ele>
        <time>2023-07-16T19:22:33.000Z</time>
        <extensions>
          <ns3:TrackPointExtension>
            <ns3:hr>148</ns3:hr>
          </ns3:TrackPointExtension>
        </extensions>
      </trkpt>
      <trkpt lat="49.6678579039871692657470703125" lon="-123.15473324619233608245849609375">
        <ele>349</ele>
        <time>2023-07-16T19:22:37.000Z</time>
        <extensions>
          <ns3:TrackPointExtension>
            <ns3:hr>147</ns3:hr>
          </ns3:TrackPointExtension>
        </extensions>
      </trkpt>
      <trkpt lat="49.66784792952239513397216796875" lon="-123.15470022149384021759033203125">
        <ele>349.399993896484375</ele>
        <time>2023-07-16T19:22:40.000Z</time>
        <extensions>
          <ns3:TrackPointExtension>
            <ns3:hr>144</ns3:hr>
          </ns3:TrackPointExtension>
        </extensions>
      </trkpt>
      <trkpt lat="49.6678297407925128936767578125" lon="-123.15466937609016895294189453125">
        <ele>349.600006103515625</ele>
        <time>2023-07-16T19:22:43.000Z</time>
        <extensions>
          <ns3:TrackPointExtension>
            <ns3:hr>145</ns3:hr>
          </ns3:TrackPointExtension>
        </extensions>
      </trkpt>
      <trkpt lat="49.6677824668586254119873046875" lon="-123.15467298030853271484375">
        <ele>349.79998779296875</ele>
        <time>2023-07-16T19:22:47.000Z</time>
        <extensions>
          <ns3:TrackPointExtension>
            <ns3:hr>145</ns3:hr>
          </ns3:TrackPointExtension>
        </extensions>
      </trkpt>
      <trkpt lat="49.66776947490870952606201171875" lon="-123.15460533834993839263916015625">
        <ele>350</ele>
        <time>2023-07-16T19:22:50.000Z</time>
        <extensions>
          <ns3:TrackPointExtension>
            <ns3:hr>145</ns3:hr>
          </ns3:TrackPointExtension>
        </extensions>
      </trkpt>
      <trkpt lat="49.6677573211491107940673828125" lon="-123.1545973755419254302978515625">
        <ele>350.600006103515625</ele>
        <time>2023-07-16T19:22:52.000Z</time>
        <extensions>
          <ns3:TrackPointExtension>
            <ns3:hr>145</ns3:hr>
          </ns3:TrackPointExtension>
        </extensions>
      </trkpt>
      <trkpt lat="49.667764194309711456298828125" lon="-123.15457801334559917449951171875">
        <ele>350.79998779296875</ele>
        <time>2023-07-16T19:22:54.000Z</time>
        <extensions>
          <ns3:TrackPointExtension>
            <ns3:hr>143</ns3:hr>
          </ns3:TrackPointExtension>
        </extensions>
      </trkpt>
      <trkpt lat="49.6677304990589618682861328125" lon="-123.15456996671855449676513671875">
        <ele>351</ele>
        <time>2023-07-16T19:23:00.000Z</time>
        <extensions>
          <ns3:TrackPointExtension>
            <ns3:hr>141</ns3:hr>
          </ns3:TrackPointExtension>
        </extensions>
      </trkpt>
      <trkpt lat="49.66770292259752750396728515625" lon="-123.1545718945562839508056640625">
        <ele>350.20001220703125</ele>
        <time>2023-07-16T19:23:05.000Z</time>
        <extensions>
          <ns3:TrackPointExtension>
            <ns3:hr>139</ns3:hr>
          </ns3:TrackPointExtension>
        </extensions>
      </trkpt>
      <trkpt lat="49.66767241246998310089111328125" lon="-123.15457709133625030517578125">
        <ele>349.79998779296875</ele>
        <time>2023-07-16T19:23:10.000Z</time>
        <extensions>
          <ns3:TrackPointExtension>
            <ns3:hr>138</ns3:hr>
          </ns3:TrackPointExtension>
        </extensions>
      </trkpt>
      <trkpt lat="49.66762614436447620391845703125" lon="-123.15450626425445079803466796875">
        <ele>349.600006103515625</ele>
        <time>2023-07-16T19:23:16.000Z</time>
        <extensions>
          <ns3:TrackPointExtension>
            <ns3:hr>137</ns3:hr>
          </ns3:TrackPointExtension>
        </extensions>
      </trkpt>
      <trkpt lat="49.66760083101689815521240234375" lon="-123.15460349433124065399169921875">
        <ele>349.600006103515625</ele>
        <time>2023-07-16T19:23:21.000Z</time>
        <extensions>
          <ns3:TrackPointExtension>
            <ns3:hr>135</ns3:hr>
          </ns3:TrackPointExtension>
        </extensions>
      </trkpt>
      <trkpt lat="49.6675856597721576690673828125" lon="-123.15458488650619983673095703125">
        <ele>349.600006103515625</ele>
        <time>2023-07-16T19:23:25.000Z</time>
        <extensions>
          <ns3:TrackPointExtension>
            <ns3:hr>133</ns3:hr>
          </ns3:TrackPointExtension>
        </extensions>
      </trkpt>
      <trkpt lat="49.66757677495479583740234375" lon="-123.1545858085155487060546875">
        <ele>349.399993896484375</ele>
        <time>2023-07-16T19:23:30.000Z</time>
        <extensions>
          <ns3:TrackPointExtension>
            <ns3:hr>132</ns3:hr>
          </ns3:TrackPointExtension>
        </extensions>
      </trkpt>
      <trkpt lat="49.66756328009068965911865234375" lon="-123.1545643508434295654296875">
        <ele>348.399993896484375</ele>
        <time>2023-07-16T19:23:35.000Z</time>
        <extensions>
          <ns3:TrackPointExtension>
            <ns3:hr>130</ns3:hr>
          </ns3:TrackPointExtension>
        </extensions>
      </trkpt>
      <trkpt lat="49.66755405999720096588134765625" lon="-123.1545604951679706573486328125">
        <ele>348</ele>
        <time>2023-07-16T19:23:37.000Z</time>
        <extensions>
          <ns3:TrackPointExtension>
            <ns3:hr>130</ns3:hr>
          </ns3:TrackPointExtension>
        </extensions>
      </trkpt>
      <trkpt lat="49.66753411106765270233154296875" lon="-123.15453551709651947021484375">
        <ele>347.600006103515625</ele>
        <time>2023-07-16T19:23:42.000Z</time>
        <extensions>
          <ns3:TrackPointExtension>
            <ns3:hr>129</ns3:hr>
          </ns3:TrackPointExtension>
        </extensions>
      </trkpt>
      <trkpt lat="49.66751131229102611541748046875" lon="-123.1546013988554477691650390625">
        <ele>347.600006103515625</ele>
        <time>2023-07-16T19:23:46.000Z</time>
        <extensions>
          <ns3:TrackPointExtension>
            <ns3:hr>129</ns3:hr>
          </ns3:TrackPointExtension>
        </extensions>
      </trkpt>
      <trkpt lat="49.6675305068492889404296875" lon="-123.15454549156129360198974609375">
        <ele>347.399993896484375</ele>
        <time>2023-07-16T19:23:50.000Z</time>
        <extensions>
          <ns3:TrackPointExtension>
            <ns3:hr>127</ns3:hr>
          </ns3:TrackPointExtension>
        </extensions>
      </trkpt>
      <trkpt lat="49.66752824373543262481689453125" lon="-123.15453107468783855438232421875">
        <ele>347.399993896484375</ele>
        <time>2023-07-16T19:23:55.000Z</time>
        <extensions>
          <ns3:TrackPointExtension>
            <ns3:hr>127</ns3:hr>
          </ns3:TrackPointExtension>
        </extensions>
      </trkpt>
      <trkpt lat="49.6675269864499568939208984375" lon="-123.15454850904643535614013671875">
        <ele>347.399993896484375</ele>
        <time>2023-07-16T19:24:00.000Z</time>
        <extensions>
          <ns3:TrackPointExtension>
            <ns3:hr>126</ns3:hr>
          </ns3:TrackPointExtension>
        </extensions>
      </trkpt>
      <trkpt lat="49.66750578023493289947509765625" lon="-123.1545474193990230560302734375">
        <ele>347.399993896484375</ele>
        <time>2023-07-16T19:24:07.000Z</time>
        <extensions>
          <ns3:TrackPointExtension>
            <ns3:hr>125</ns3:hr>
          </ns3:TrackPointExtension>
        </extensions>
      </trkpt>
      <trkpt lat="49.66751374304294586181640625" lon="-123.15452353097498416900634765625">
        <ele>347.600006103515625</ele>
        <time>2023-07-16T19:24:11.000Z</time>
        <extensions>
          <ns3:TrackPointExtension>
            <ns3:hr>124</ns3:hr>
          </ns3:TrackPointExtension>
        </extensions>
      </trkpt>
      <trkpt lat="49.6674974821507930755615234375" lon="-123.15455295145511627197265625">
        <ele>347.600006103515625</ele>
        <time>2023-07-16T19:24:17.000Z</time>
        <extensions>
          <ns3:TrackPointExtension>
            <ns3:hr>123</ns3:hr>
          </ns3:TrackPointExtension>
        </extensions>
      </trkpt>
      <trkpt lat="49.6674733422696590423583984375" lon="-123.1545702181756496429443359375">
        <ele>347.79998779296875</ele>
        <time>2023-07-16T19:24:22.000Z</time>
        <extensions>
          <ns3:TrackPointExtension>
            <ns3:hr>122</ns3:hr>
          </ns3:TrackPointExtension>
        </extensions>
      </trkpt>
      <trkpt lat="49.66746973805129528045654296875" lon="-123.15457700751721858978271484375">
        <ele>347.600006103515625</ele>
        <time>2023-07-16T19:24:27.000Z</time>
        <extensions>
          <ns3:TrackPointExtension>
            <ns3:hr>122</ns3:hr>
          </ns3:TrackPointExtension>
        </extensions>
      </trkpt>
      <trkpt lat="49.66749622486531734466552734375" lon="-123.15454700030386447906494140625">
        <ele>347.600006103515625</ele>
        <time>2023-07-16T19:24:31.000Z</time>
        <extensions>
          <ns3:TrackPointExtension>
            <ns3:hr>122</ns3:hr>
          </ns3:TrackPointExtension>
        </extensions>
      </trkpt>
      <trkpt lat="49.66749320738017559051513671875" lon="-123.154562674462795257568359375">
        <ele>347.600006103515625</ele>
        <time>2023-07-16T19:24:35.000Z</time>
        <extensions>
          <ns3:TrackPointExtension>
            <ns3:hr>122</ns3:hr>
          </ns3:TrackPointExtension>
        </extensions>
      </trkpt>
      <trkpt lat="49.66747594065964221954345703125" lon="-123.15459762699902057647705078125">
        <ele>347.79998779296875</ele>
        <time>2023-07-16T19:24:44.000Z</time>
        <extensions>
          <ns3:TrackPointExtension>
            <ns3:hr>121</ns3:hr>
          </ns3:TrackPointExtension>
        </extensions>
      </trkpt>
      <trkpt lat="49.6674844063818454742431640625" lon="-123.15459393896162509918212890625">
        <ele>347.79998779296875</ele>
        <time>2023-07-16T19:24:52.000Z</time>
        <extensions>
          <ns3:TrackPointExtension>
            <ns3:hr>121</ns3:hr>
          </ns3:TrackPointExtension>
        </extensions>
      </trkpt>
      <trkpt lat="49.66750058345496654510498046875" lon="-123.1545920111238956451416015625">
        <ele>347.79998779296875</ele>
        <time>2023-07-16T19:24:57.000Z</time>
        <extensions>
          <ns3:TrackPointExtension>
            <ns3:hr>121</ns3:hr>
          </ns3:TrackPointExtension>
        </extensions>
      </trkpt>
      <trkpt lat="49.66749186627566814422607421875" lon="-123.15462780185043811798095703125">
        <ele>347.79998779296875</ele>
        <time>2023-07-16T19:25:03.000Z</time>
        <extensions>
          <ns3:TrackPointExtension>
            <ns3:hr>122</ns3:hr>
          </ns3:TrackPointExtension>
        </extensions>
      </trkpt>
      <trkpt lat="49.66749639250338077545166015625" lon="-123.1545933522284030914306640625">
        <ele>347.79998779296875</ele>
        <time>2023-07-16T19:25:10.000Z</time>
        <extensions>
          <ns3:TrackPointExtension>
            <ns3:hr>121</ns3:hr>
          </ns3:TrackPointExtension>
        </extensions>
      </trkpt>
      <trkpt lat="49.66750997118651866912841796875" lon="-123.1545913405716419219970703125">
        <ele>347.79998779296875</ele>
        <time>2023-07-16T19:25:14.000Z</time>
        <extensions>
          <ns3:TrackPointExtension>
            <ns3:hr>122</ns3:hr>
          </ns3:TrackPointExtension>
        </extensions>
      </trkpt>
      <trkpt lat="49.667512066662311553955078125" lon="-123.15458924509584903717041015625">
        <ele>347.79998779296875</ele>
        <time>2023-07-16T19:25:18.000Z</time>
        <extensions>
          <ns3:TrackPointExtension>
            <ns3:hr>123</ns3:hr>
          </ns3:TrackPointExtension>
        </extensions>
      </trkpt>
      <trkpt lat="49.6675296686589717864990234375" lon="-123.15457642078399658203125">
        <ele>347.79998779296875</ele>
        <time>2023-07-16T19:25:23.000Z</time>
        <extensions>
          <ns3:TrackPointExtension>
            <ns3:hr>122</ns3:hr>
          </ns3:TrackPointExtension>
        </extensions>
      </trkpt>
      <trkpt lat="49.66756747104227542877197265625" lon="-123.15449318848550319671630859375">
        <ele>347.79998779296875</ele>
        <time>2023-07-16T19:25:28.000Z</time>
        <extensions>
          <ns3:TrackPointExtension>
            <ns3:hr>123</ns3:hr>
          </ns3:TrackPointExtension>
        </extensions>
      </trkpt>
      <trkpt lat="49.6675628609955310821533203125" lon="-123.154493607580661773681640625">
        <ele>347.79998779296875</ele>
        <time>2023-07-16T19:25:29.000Z</time>
        <extensions>
          <ns3:TrackPointExtension>
            <ns3:hr>126</ns3:hr>
          </ns3:TrackPointExtension>
        </extensions>
      </trkpt>
      <trkpt lat="49.6675390563905239105224609375" lon="-123.15450391732156276702880859375">
        <ele>347.79998779296875</ele>
        <time>2023-07-16T19:25:31.000Z</time>
        <extensions>
          <ns3:TrackPointExtension>
            <ns3:hr>131</ns3:hr>
          </ns3:TrackPointExtension>
        </extensions>
      </trkpt>
      <trkpt lat="49.66752908192574977874755859375" lon="-123.1544946134090423583984375">
        <ele>347.79998779296875</ele>
        <time>2023-07-16T19:25:33.000Z</time>
        <extensions>
          <ns3:TrackPointExtension>
            <ns3:hr>133</ns3:hr>
          </ns3:TrackPointExtension>
        </extensions>
      </trkpt>
      <trkpt lat="49.6675259806215763092041015625" lon="-123.1544327549636363983154296875">
        <ele>350.79998779296875</ele>
        <time>2023-07-16T19:25:37.000Z</time>
        <extensions>
          <ns3:TrackPointExtension>
            <ns3:hr>132</ns3:hr>
          </ns3:TrackPointExtension>
        </extensions>
      </trkpt>
      <trkpt lat="49.6675385534763336181640625" lon="-123.15440232865512371063232421875">
        <ele>350.79998779296875</ele>
        <time>2023-07-16T19:25:41.000Z</time>
        <extensions>
          <ns3:TrackPointExtension>
            <ns3:hr>130</ns3:hr>
          </ns3:TrackPointExtension>
        </extensions>
      </trkpt>
      <trkpt lat="49.66753528453409671783447265625" lon="-123.15440903417766094207763671875">
        <ele>350.79998779296875</ele>
        <time>2023-07-16T19:25:46.000Z</time>
        <extensions>
          <ns3:TrackPointExtension>
            <ns3:hr>130</ns3:hr>
          </ns3:TrackPointExtension>
        </extensions>
      </trkpt>
      <trkpt lat="49.66751550324261188507080078125" lon="-123.15441322512924671173095703125">
        <ele>351</ele>
        <time>2023-07-16T19:25:53.000Z</time>
        <extensions>
          <ns3:TrackPointExtension>
            <ns3:hr>127</ns3:hr>
          </ns3:TrackPointExtension>
        </extensions>
      </trkpt>
      <trkpt lat="49.6675129048526287078857421875" lon="-123.154409788548946380615234375">
        <ele>351.20001220703125</ele>
        <time>2023-07-16T19:25:55.000Z</time>
        <extensions>
          <ns3:TrackPointExtension>
            <ns3:hr>128</ns3:hr>
          </ns3:TrackPointExtension>
        </extensions>
      </trkpt>
      <trkpt lat="49.66748155653476715087890625" lon="-123.154411129653453826904296875">
        <ele>351.79998779296875</ele>
        <time>2023-07-16T19:25:59.000Z</time>
        <extensions>
          <ns3:TrackPointExtension>
            <ns3:hr>129</ns3:hr>
          </ns3:TrackPointExtension>
        </extensions>
      </trkpt>
      <trkpt lat="49.66748080216348171234130859375" lon="-123.15441171638667583465576171875">
        <ele>351.79998779296875</ele>
        <time>2023-07-16T19:26:01.000Z</time>
        <extensions>
          <ns3:TrackPointExtension>
            <ns3:hr>129</ns3:hr>
          </ns3:TrackPointExtension>
        </extensions>
      </trkpt>
      <trkpt lat="49.66748080216348171234130859375" lon="-123.15441171638667583465576171875">
        <ele>351.79998779296875</ele>
        <time>2023-07-16T19:26:05.000Z</time>
        <extensions>
          <ns3:TrackPointExtension>
            <ns3:hr>132</ns3:hr>
          </ns3:TrackPointExtension>
        </extensions>
      </trkpt>
      <trkpt lat="49.66748080216348171234130859375" lon="-123.15441171638667583465576171875">
        <ele>351.600006103515625</ele>
        <time>2023-07-16T19:26:13.000Z</time>
        <extensions>
          <ns3:TrackPointExtension>
            <ns3:hr>135</ns3:hr>
          </ns3:TrackPointExtension>
        </extensions>
      </trkpt>
      <trkpt lat="49.66747895814478397369384765625" lon="-123.15441439859569072723388671875">
        <ele>351.399993896484375</ele>
        <time>2023-07-16T19:26:17.000Z</time>
        <extensions>
          <ns3:TrackPointExtension>
            <ns3:hr>132</ns3:hr>
          </ns3:TrackPointExtension>
        </extensions>
      </trkpt>
      <trkpt lat="49.66747208498418331146240234375" lon="-123.15442420542240142822265625">
        <ele>351.20001220703125</ele>
        <time>2023-07-16T19:26:26.000Z</time>
        <extensions>
          <ns3:TrackPointExtension>
            <ns3:hr>135</ns3:hr>
          </ns3:TrackPointExtension>
        </extensions>
      </trkpt>
      <trkpt lat="49.66746085323393344879150390625" lon="-123.15442512743175029754638671875">
        <ele>351.399993896484375</ele>
        <time>2023-07-16T19:26:32.000Z</time>
        <extensions>
          <ns3:TrackPointExtension>
            <ns3:hr>132</ns3:hr>
          </ns3:TrackPointExtension>
        </extensions>
      </trkpt>
      <trkpt lat="49.66745632700622081756591796875" lon="-123.15442546270787715911865234375">
        <ele>351.600006103515625</ele>
        <time>2023-07-16T19:26:35.000Z</time>
        <extensions>
          <ns3:TrackPointExtension>
            <ns3:hr>136</ns3:hr>
          </ns3:TrackPointExtension>
        </extensions>
      </trkpt>
      <trkpt lat="49.66745582409203052520751953125" lon="-123.15442563034594058990478515625">
        <ele>351.600006103515625</ele>
        <time>2023-07-16T19:26:36.000Z</time>
        <extensions>
          <ns3:TrackPointExtension>
            <ns3:hr>133</ns3:hr>
          </ns3:TrackPointExtension>
        </extensions>
      </trkpt>
      <trkpt lat="49.66744978912174701690673828125" lon="-123.15443669445812702178955078125">
        <ele>351.79998779296875</ele>
        <time>2023-07-16T19:26:45.000Z</time>
        <extensions>
          <ns3:TrackPointExtension>
            <ns3:hr>130</ns3:hr>
          </ns3:TrackPointExtension>
        </extensions>
      </trkpt>
      <trkpt lat="49.66744643636047840118408203125" lon="-123.15443602390587329864501953125">
        <ele>351.399993896484375</ele>
        <time>2023-07-16T19:26:57.000Z</time>
        <extensions>
          <ns3:TrackPointExtension>
            <ns3:hr>133</ns3:hr>
          </ns3:TrackPointExtension>
        </extensions>
      </trkpt>
      <trkpt lat="49.66746454127132892608642578125" lon="-123.154382295906543731689453125">
        <ele>351.20001220703125</ele>
        <time>2023-07-16T19:27:12.000Z</time>
        <extensions>
          <ns3:TrackPointExtension>
            <ns3:hr>130</ns3:hr>
          </ns3:TrackPointExtension>
        </extensions>
      </trkpt>
      <trkpt lat="49.66747493483126163482666015625" lon="-123.1543603353202342987060546875">
        <ele>351.399993896484375</ele>
        <time>2023-07-16T19:27:24.000Z</time>
        <extensions>
          <ns3:TrackPointExtension>
            <ns3:hr>127</ns3:hr>
          </ns3:TrackPointExtension>
        </extensions>
      </trkpt>
      <trkpt lat="49.667475521564483642578125" lon="-123.1543578207492828369140625">
        <ele>351.20001220703125</ele>
        <time>2023-07-16T19:27:35.000Z</time>
        <extensions>
          <ns3:TrackPointExtension>
            <ns3:hr>124</ns3:hr>
          </ns3:TrackPointExtension>
        </extensions>
      </trkpt>
      <trkpt lat="49.667486585676670074462890625" lon="-123.15436519682407379150390625">
        <ele>351.20001220703125</ele>
        <time>2023-07-16T19:27:42.000Z</time>
        <extensions>
          <ns3:TrackPointExtension>
            <ns3:hr>124</ns3:hr>
          </ns3:TrackPointExtension>
        </extensions>
      </trkpt>
      <trkpt lat="49.66750259511172771453857421875" lon="-123.15434508025646209716796875">
        <ele>351.20001220703125</ele>
        <time>2023-07-16T19:27:47.000Z</time>
        <extensions>
          <ns3:TrackPointExtension>
            <ns3:hr>124</ns3:hr>
          </ns3:TrackPointExtension>
        </extensions>
      </trkpt>
      <trkpt lat="49.66750611551105976104736328125" lon="-123.15434382297098636627197265625">
        <ele>351.20001220703125</ele>
        <time>2023-07-16T19:28:01.000Z</time>
        <extensions>
          <ns3:TrackPointExtension>
            <ns3:hr>127</ns3:hr>
          </ns3:TrackPointExtension>
        </extensions>
      </trkpt>
      <trkpt lat="49.6674968115985393524169921875" lon="-123.15433493815362453460693359375">
        <ele>351.20001220703125</ele>
        <time>2023-07-16T19:28:09.000Z</time>
        <extensions>
          <ns3:TrackPointExtension>
            <ns3:hr>128</ns3:hr>
          </ns3:TrackPointExtension>
        </extensions>
      </trkpt>
      <trkpt lat="49.6674927882850170135498046875" lon="-123.154327310621738433837890625">
        <ele>351.20001220703125</ele>
        <time>2023-07-16T19:28:16.000Z</time>
        <extensions>
          <ns3:TrackPointExtension>
            <ns3:hr>131</ns3:hr>
          </ns3:TrackPointExtension>
        </extensions>
      </trkpt>
      <trkpt lat="49.6675063669681549072265625" lon="-123.15430694259703159332275390625">
        <ele>351.20001220703125</ele>
        <time>2023-07-16T19:28:34.000Z</time>
        <extensions>
          <ns3:TrackPointExtension>
            <ns3:hr>134</ns3:hr>
          </ns3:TrackPointExtension>
        </extensions>
      </trkpt>
      <trkpt lat="49.66751332394778728485107421875" lon="-123.154303841292858123779296875">
        <ele>355</ele>
        <time>2023-07-16T19:28:40.000Z</time>
        <extensions>
          <ns3:TrackPointExtension>
            <ns3:hr>136</ns3:hr>
          </ns3:TrackPointExtension>
        </extensions>
      </trkpt>
      <trkpt lat="49.66751508414745330810546875" lon="-123.1543023325502872467041015625">
        <ele>355</ele>
        <time>2023-07-16T19:28:43.000Z</time>
        <extensions>
          <ns3:TrackPointExtension>
            <ns3:hr>138</ns3:hr>
          </ns3:TrackPointExtension>
        </extensions>
      </trkpt>
      <trkpt lat="49.66751600615680217742919921875" lon="-123.1543003208935260772705078125">
        <ele>355</ele>
        <time>2023-07-16T19:28:45.000Z</time>
        <extensions>
          <ns3:TrackPointExtension>
            <ns3:hr>139</ns3:hr>
          </ns3:TrackPointExtension>
        </extensions>
      </trkpt>
      <trkpt lat="49.66752153821289539337158203125" lon="-123.15426570363342761993408203125">
        <ele>355.399993896484375</ele>
        <time>2023-07-16T19:28:50.000Z</time>
        <extensions>
          <ns3:TrackPointExtension>
            <ns3:hr>140</ns3:hr>
          </ns3:TrackPointExtension>
        </extensions>
      </trkpt>
      <trkpt lat="49.66752178966999053955078125" lon="-123.15426352433860301971435546875">
        <ele>355.399993896484375</ele>
        <time>2023-07-16T19:28:51.000Z</time>
        <extensions>
          <ns3:TrackPointExtension>
            <ns3:hr>141</ns3:hr>
          </ns3:TrackPointExtension>
        </extensions>
      </trkpt>
      <trkpt lat="49.66752187348902225494384765625" lon="-123.15425631590187549591064453125">
        <ele>355.399993896484375</ele>
        <time>2023-07-16T19:28:53.000Z</time>
        <extensions>
          <ns3:TrackPointExtension>
            <ns3:hr>141</ns3:hr>
          </ns3:TrackPointExtension>
        </extensions>
      </trkpt>
      <trkpt lat="49.66752187348902225494384765625" lon="-123.154235444962978363037109375">
        <ele>356</ele>
        <time>2023-07-16T19:28:57.000Z</time>
        <extensions>
          <ns3:TrackPointExtension>
            <ns3:hr>140</ns3:hr>
          </ns3:TrackPointExtension>
        </extensions>
      </trkpt>
      <trkpt lat="49.66751952655613422393798828125" lon="-123.15422144718468189239501953125">
        <ele>356.399993896484375</ele>
        <time>2023-07-16T19:28:59.000Z</time>
        <extensions>
          <ns3:TrackPointExtension>
            <ns3:hr>140</ns3:hr>
          </ns3:TrackPointExtension>
        </extensions>
      </trkpt>
      <trkpt lat="49.6675182692706584930419921875" lon="-123.15421507693827152252197265625">
        <ele>356.600006103515625</ele>
        <time>2023-07-16T19:29:00.000Z</time>
        <extensions>
          <ns3:TrackPointExtension>
            <ns3:hr>140</ns3:hr>
          </ns3:TrackPointExtension>
        </extensions>
      </trkpt>
      <trkpt lat="49.66751642525196075439453125" lon="-123.15420619212090969085693359375">
        <ele>356.600006103515625</ele>
        <time>2023-07-16T19:29:02.000Z</time>
        <extensions>
          <ns3:TrackPointExtension>
            <ns3:hr>140</ns3:hr>
          </ns3:TrackPointExtension>
        </extensions>
      </trkpt>
      <trkpt lat="49.66751550324261188507080078125" lon="-123.15420384518802165985107421875">
        <ele>357</ele>
        <time>2023-07-16T19:29:04.000Z</time>
        <extensions>
          <ns3:TrackPointExtension>
            <ns3:hr>140</ns3:hr>
          </ns3:TrackPointExtension>
        </extensions>
      </trkpt>
      <trkpt lat="49.6674988232553005218505859375" lon="-123.15419982187449932098388671875">
        <ele>358.20001220703125</ele>
        <time>2023-07-16T19:29:11.000Z</time>
        <extensions>
          <ns3:TrackPointExtension>
            <ns3:hr>142</ns3:hr>
          </ns3:TrackPointExtension>
        </extensions>
      </trkpt>
      <trkpt lat="49.66748935170471668243408203125" lon="-123.15419663675129413604736328125">
        <ele>358.600006103515625</ele>
        <time>2023-07-16T19:29:17.000Z</time>
        <extensions>
          <ns3:TrackPointExtension>
            <ns3:hr>139</ns3:hr>
          </ns3:TrackPointExtension>
        </extensions>
      </trkpt>
      <trkpt lat="49.66748650185763835906982421875" lon="-123.15419563092291355133056640625">
        <ele>359.20001220703125</ele>
        <time>2023-07-16T19:29:22.000Z</time>
        <extensions>
          <ns3:TrackPointExtension>
            <ns3:hr>138</ns3:hr>
          </ns3:TrackPointExtension>
        </extensions>
      </trkpt>
      <trkpt lat="49.6674317680299282073974609375" lon="-123.15416629426181316375732421875">
        <ele>359.79998779296875</ele>
        <time>2023-07-16T19:29:28.000Z</time>
        <extensions>
          <ns3:TrackPointExtension>
            <ns3:hr>139</ns3:hr>
          </ns3:TrackPointExtension>
        </extensions>
      </trkpt>
      <trkpt lat="49.66741961427032947540283203125" lon="-123.15415807999670505523681640625">
        <ele>359.79998779296875</ele>
        <time>2023-07-16T19:29:29.000Z</time>
        <extensions>
          <ns3:TrackPointExtension>
            <ns3:hr>138</ns3:hr>
          </ns3:TrackPointExtension>
        </extensions>
      </trkpt>
      <trkpt lat="49.66735549271106719970703125" lon="-123.15413578413426876068115234375">
        <ele>360.20001220703125</ele>
        <time>2023-07-16T19:29:35.000Z</time>
        <extensions>
          <ns3:TrackPointExtension>
            <ns3:hr>139</ns3:hr>
          </ns3:TrackPointExtension>
        </extensions>
      </trkpt>
      <trkpt lat="49.66732908971607685089111328125" lon="-123.154138885438442230224609375">
        <ele>359.79998779296875</ele>
        <time>2023-07-16T19:29:41.000Z</time>
        <extensions>
          <ns3:TrackPointExtension>
            <ns3:hr>139</ns3:hr>
          </ns3:TrackPointExtension>
        </extensions>
      </trkpt>
      <trkpt lat="49.66727435588836669921875" lon="-123.15411843359470367431640625">
        <ele>359.600006103515625</ele>
        <time>2023-07-16T19:29:49.000Z</time>
        <extensions>
          <ns3:TrackPointExtension>
            <ns3:hr>136</ns3:hr>
          </ns3:TrackPointExtension>
        </extensions>
      </trkpt>
      <trkpt lat="49.6672661416232585906982421875" lon="-123.1541162542998790740966796875">
        <ele>359.600006103515625</ele>
        <time>2023-07-16T19:29:50.000Z</time>
        <extensions>
          <ns3:TrackPointExtension>
            <ns3:hr>135</ns3:hr>
          </ns3:TrackPointExtension>
        </extensions>
      </trkpt>
      <trkpt lat="49.66724577359855175018310546875" lon="-123.15412606112658977508544921875">
        <ele>359.20001220703125</ele>
        <time>2023-07-16T19:29:53.000Z</time>
        <extensions>
          <ns3:TrackPointExtension>
            <ns3:hr>134</ns3:hr>
          </ns3:TrackPointExtension>
        </extensions>
      </trkpt>
      <trkpt lat="49.66722532175481319427490234375" lon="-123.1541403941810131072998046875">
        <ele>358.20001220703125</ele>
        <time>2023-07-16T19:29:57.000Z</time>
        <extensions>
          <ns3:TrackPointExtension>
            <ns3:hr>133</ns3:hr>
          </ns3:TrackPointExtension>
        </extensions>
      </trkpt>
      <trkpt lat="49.667273350059986114501953125" lon="-123.154094628989696502685546875">
        <ele>357.79998779296875</ele>
        <time>2023-07-16T19:30:02.000Z</time>
        <extensions>
          <ns3:TrackPointExtension>
            <ns3:hr>132</ns3:hr>
          </ns3:TrackPointExtension>
        </extensions>
      </trkpt>
      <trkpt lat="49.6672748588025569915771484375" lon="-123.15409488044679164886474609375">
        <ele>358.20001220703125</ele>
        <time>2023-07-16T19:30:10.000Z</time>
        <extensions>
          <ns3:TrackPointExtension>
            <ns3:hr>133</ns3:hr>
          </ns3:TrackPointExtension>
        </extensions>
      </trkpt>
      <trkpt lat="49.667239487171173095703125" lon="-123.15406747162342071533203125">
        <ele>358.600006103515625</ele>
        <time>2023-07-16T19:30:46.000Z</time>
        <extensions>
          <ns3:TrackPointExtension>
            <ns3:hr>130</ns3:hr>
          </ns3:TrackPointExtension>
        </extensions>
      </trkpt>
      <trkpt lat="49.66722532175481319427490234375" lon="-123.15405548550188541412353515625">
        <ele>358.399993896484375</ele>
        <time>2023-07-16T19:30:56.000Z</time>
        <extensions>
          <ns3:TrackPointExtension>
            <ns3:hr>130</ns3:hr>
          </ns3:TrackPointExtension>
        </extensions>
      </trkpt>
      <trkpt lat="49.667181484401226043701171875" lon="-123.1540803797543048858642578125">
        <ele>357.399993896484375</ele>
        <time>2023-07-16T19:31:43.000Z</time>
        <extensions>
          <ns3:TrackPointExtension>
            <ns3:hr>125</ns3:hr>
          </ns3:TrackPointExtension>
        </extensions>
      </trkpt>
      <trkpt lat="49.6671384014189243316650390625" lon="-123.15420049242675304412841796875">
        <ele>357</ele>
        <time>2023-07-16T19:31:45.000Z</time>
        <extensions>
          <ns3:TrackPointExtension>
            <ns3:hr>124</ns3:hr>
          </ns3:TrackPointExtension>
        </extensions>
      </trkpt>
      <trkpt lat="49.66713731177151203155517578125" lon="-123.154230080544948577880859375">
        <ele>357</ele>
        <time>2023-07-16T19:31:46.000Z</time>
        <extensions>
          <ns3:TrackPointExtension>
            <ns3:hr>124</ns3:hr>
          </ns3:TrackPointExtension>
        </extensions>
      </trkpt>
      <trkpt lat="49.667143933475017547607421875" lon="-123.15422329120337963104248046875">
        <ele>357</ele>
        <time>2023-07-16T19:31:47.000Z</time>
        <extensions>
          <ns3:TrackPointExtension>
            <ns3:hr>124</ns3:hr>
          </ns3:TrackPointExtension>
        </extensions>
      </trkpt>
      <trkpt lat="49.66728013940155506134033203125" lon="-123.1542949564754962921142578125">
        <ele>357</ele>
        <time>2023-07-16T19:31:51.000Z</time>
        <extensions>
          <ns3:TrackPointExtension>
            <ns3:hr>129</ns3:hr>
          </ns3:TrackPointExtension>
        </extensions>
      </trkpt>
      <trkpt lat="49.66727930121123790740966796875" lon="-123.1542942859232425689697265625">
        <ele>357</ele>
        <time>2023-07-16T19:31:52.000Z</time>
        <extensions>
          <ns3:TrackPointExtension>
            <ns3:hr>131</ns3:hr>
          </ns3:TrackPointExtension>
        </extensions>
      </trkpt>
      <trkpt lat="49.66729539446532726287841796875" lon="-123.1542419828474521636962890625">
        <ele>357.20001220703125</ele>
        <time>2023-07-16T19:31:53.000Z</time>
        <extensions>
          <ns3:TrackPointExtension>
            <ns3:hr>132</ns3:hr>
          </ns3:TrackPointExtension>
        </extensions>
      </trkpt>
      <trkpt lat="49.6672969870269298553466796875" lon="-123.154239468276500701904296875">
        <ele>357</ele>
        <time>2023-07-16T19:31:54.000Z</time>
        <extensions>
          <ns3:TrackPointExtension>
            <ns3:hr>133</ns3:hr>
          </ns3:TrackPointExtension>
        </extensions>
      </trkpt>
      <trkpt lat="49.6673036925494670867919921875" lon="-123.15423100255429744720458984375">
        <ele>356.79998779296875</ele>
        <time>2023-07-16T19:31:56.000Z</time>
        <extensions>
          <ns3:TrackPointExtension>
            <ns3:hr>136</ns3:hr>
          </ns3:TrackPointExtension>
        </extensions>
      </trkpt>
      <trkpt lat="49.66729455627501010894775390625" lon="-123.1542282365262508392333984375">
        <ele>356.79998779296875</ele>
        <time>2023-07-16T19:32:01.000Z</time>
        <extensions>
          <ns3:TrackPointExtension>
            <ns3:hr>138</ns3:hr>
          </ns3:TrackPointExtension>
        </extensions>
      </trkpt>
      <trkpt lat="49.66728768311440944671630859375" lon="-123.1542205251753330230712890625">
        <ele>357</ele>
        <time>2023-07-16T19:32:12.000Z</time>
        <extensions>
          <ns3:TrackPointExtension>
            <ns3:hr>138</ns3:hr>
          </ns3:TrackPointExtension>
        </extensions>
      </trkpt>
      <trkpt lat="49.66727745719254016876220703125" lon="-123.1542372889816761016845703125">
        <ele>357.600006103515625</ele>
        <time>2023-07-16T19:32:23.000Z</time>
        <extensions>
          <ns3:TrackPointExtension>
            <ns3:hr>138</ns3:hr>
          </ns3:TrackPointExtension>
        </extensions>
      </trkpt>
      <trkpt lat="49.6672577597200870513916015625" lon="-123.15423435531556606292724609375">
        <ele>357.399993896484375</ele>
        <time>2023-07-16T19:32:34.000Z</time>
        <extensions>
          <ns3:TrackPointExtension>
            <ns3:hr>135</ns3:hr>
          </ns3:TrackPointExtension>
        </extensions>
      </trkpt>
      <trkpt lat="49.6672631241381168365478515625" lon="-123.154173754155635833740234375">
        <ele>358</ele>
        <time>2023-07-16T19:32:41.000Z</time>
        <extensions>
          <ns3:TrackPointExtension>
            <ns3:hr>134</ns3:hr>
          </ns3:TrackPointExtension>
        </extensions>
      </trkpt>
      <trkpt lat="49.6672574244439601898193359375" lon="-123.15413930453360080718994140625">
        <ele>357.79998779296875</ele>
        <time>2023-07-16T19:32:50.000Z</time>
        <extensions>
          <ns3:TrackPointExtension>
            <ns3:hr>133</ns3:hr>
          </ns3:TrackPointExtension>
        </extensions>
      </trkpt>
      <trkpt lat="49.66726622544229030609130859375" lon="-123.1541491113603115081787109375">
        <ele>357.600006103515625</ele>
        <time>2023-07-16T19:32:58.000Z</time>
        <extensions>
          <ns3:TrackPointExtension>
            <ns3:hr>130</ns3:hr>
          </ns3:TrackPointExtension>
        </extensions>
      </trkpt>
      <trkpt lat="49.6672664768993854522705078125" lon="-123.15415070392191410064697265625">
        <ele>357.600006103515625</ele>
        <time>2023-07-16T19:32:59.000Z</time>
        <extensions>
          <ns3:TrackPointExtension>
            <ns3:hr>132</ns3:hr>
          </ns3:TrackPointExtension>
        </extensions>
      </trkpt>
      <trkpt lat="49.66726656071841716766357421875" lon="-123.15414123237133026123046875">
        <ele>357.20001220703125</ele>
        <time>2023-07-16T19:33:09.000Z</time>
        <extensions>
          <ns3:TrackPointExtension>
            <ns3:hr>133</ns3:hr>
          </ns3:TrackPointExtension>
        </extensions>
      </trkpt>
      <trkpt lat="49.66726672835648059844970703125" lon="-123.15413813106715679168701171875">
        <ele>357</ele>
        <time>2023-07-16T19:33:12.000Z</time>
        <extensions>
          <ns3:TrackPointExtension>
            <ns3:hr>136</ns3:hr>
          </ns3:TrackPointExtension>
        </extensions>
      </trkpt>
      <trkpt lat="49.66726773418486118316650390625" lon="-123.15414114855229854583740234375">
        <ele>356.79998779296875</ele>
        <time>2023-07-16T19:33:14.000Z</time>
        <extensions>
          <ns3:TrackPointExtension>
            <ns3:hr>133</ns3:hr>
          </ns3:TrackPointExtension>
        </extensions>
      </trkpt>
      <trkpt lat="49.66726639308035373687744140625" lon="-123.15414215438067913055419921875">
        <ele>356.79998779296875</ele>
        <time>2023-07-16T19:33:16.000Z</time>
        <extensions>
          <ns3:TrackPointExtension>
            <ns3:hr>136</ns3:hr>
          </ns3:TrackPointExtension>
        </extensions>
      </trkpt>
      <trkpt lat="49.6672649681568145751953125" lon="-123.15413796342909336090087890625">
        <ele>356.600006103515625</ele>
        <time>2023-07-16T19:33:18.000Z</time>
        <extensions>
          <ns3:TrackPointExtension>
            <ns3:hr>139</ns3:hr>
          </ns3:TrackPointExtension>
        </extensions>
      </trkpt>
      <trkpt lat="49.66726052574813365936279296875" lon="-123.15413461066782474517822265625">
        <ele>356.20001220703125</ele>
        <time>2023-07-16T19:33:22.000Z</time>
        <extensions>
          <ns3:TrackPointExtension>
            <ns3:hr>138</ns3:hr>
          </ns3:TrackPointExtension>
        </extensions>
      </trkpt>
      <trkpt lat="49.66725625097751617431640625" lon="-123.15412924624979496002197265625">
        <ele>356</ele>
        <time>2023-07-16T19:33:26.000Z</time>
        <extensions>
          <ns3:TrackPointExtension>
            <ns3:hr>137</ns3:hr>
          </ns3:TrackPointExtension>
        </extensions>
      </trkpt>
      <trkpt lat="49.66725113801658153533935546875" lon="-123.15411751158535480499267578125">
        <ele>355.399993896484375</ele>
        <time>2023-07-16T19:33:33.000Z</time>
        <extensions>
          <ns3:TrackPointExtension>
            <ns3:hr>137</ns3:hr>
          </ns3:TrackPointExtension>
        </extensions>
      </trkpt>
      <trkpt lat="49.66725164093077182769775390625" lon="-123.15412388183176517486572265625">
        <ele>355</ele>
        <time>2023-07-16T19:33:39.000Z</time>
        <extensions>
          <ns3:TrackPointExtension>
            <ns3:hr>137</ns3:hr>
          </ns3:TrackPointExtension>
        </extensions>
      </trkpt>
      <trkpt lat="49.6672386489808559417724609375" lon="-123.15413259901106357574462890625">
        <ele>355</ele>
        <time>2023-07-16T19:33:44.000Z</time>
        <extensions>
          <ns3:TrackPointExtension>
            <ns3:hr>138</ns3:hr>
          </ns3:TrackPointExtension>
        </extensions>
      </trkpt>
      <trkpt lat="49.66723940335214138031005859375" lon="-123.1541311740875244140625">
        <ele>355</ele>
        <time>2023-07-16T19:33:46.000Z</time>
        <extensions>
          <ns3:TrackPointExtension>
            <ns3:hr>137</ns3:hr>
          </ns3:TrackPointExtension>
        </extensions>
      </trkpt>
      <trkpt lat="49.667231105268001556396484375" lon="-123.15414181910455226898193359375">
        <ele>354.79998779296875</ele>
        <time>2023-07-16T19:33:50.000Z</time>
        <extensions>
          <ns3:TrackPointExtension>
            <ns3:hr>136</ns3:hr>
          </ns3:TrackPointExtension>
        </extensions>
      </trkpt>
      <trkpt lat="49.66722800396382808685302734375" lon="-123.15417283214628696441650390625">
        <ele>354.79998779296875</ele>
        <time>2023-07-16T19:33:57.000Z</time>
        <extensions>
          <ns3:TrackPointExtension>
            <ns3:hr>135</ns3:hr>
          </ns3:TrackPointExtension>
        </extensions>
      </trkpt>
      <trkpt lat="49.6672299318015575408935546875" lon="-123.15417283214628696441650390625">
        <ele>354.399993896484375</ele>
        <time>2023-07-16T19:34:09.000Z</time>
        <extensions>
          <ns3:TrackPointExtension>
            <ns3:hr>132</ns3:hr>
          </ns3:TrackPointExtension>
        </extensions>
      </trkpt>
      <trkpt lat="49.66723085381090641021728515625" lon="-123.15419311635196208953857421875">
        <ele>354.79998779296875</ele>
        <time>2023-07-16T19:34:13.000Z</time>
        <extensions>
          <ns3:TrackPointExtension>
            <ns3:hr>131</ns3:hr>
          </ns3:TrackPointExtension>
        </extensions>
      </trkpt>
      <trkpt lat="49.66725264675915241241455078125" lon="-123.1541856564581394195556640625">
        <ele>355.399993896484375</ele>
        <time>2023-07-16T19:34:20.000Z</time>
        <extensions>
          <ns3:TrackPointExtension>
            <ns3:hr>130</ns3:hr>
          </ns3:TrackPointExtension>
        </extensions>
      </trkpt>
      <trkpt lat="49.6672399900853633880615234375" lon="-123.15412756986916065216064453125">
        <ele>355.20001220703125</ele>
        <time>2023-07-16T19:34:28.000Z</time>
        <extensions>
          <ns3:TrackPointExtension>
            <ns3:hr>127</ns3:hr>
          </ns3:TrackPointExtension>
        </extensions>
      </trkpt>
      <trkpt lat="49.6672322787344455718994140625" lon="-123.15402782522141933441162109375">
        <ele>356</ele>
        <time>2023-07-16T19:34:36.000Z</time>
        <extensions>
          <ns3:TrackPointExtension>
            <ns3:hr>126</ns3:hr>
          </ns3:TrackPointExtension>
        </extensions>
      </trkpt>
      <trkpt lat="49.6672408282756805419921875" lon="-123.1539724208414554595947265625">
        <ele>356.79998779296875</ele>
        <time>2023-07-16T19:34:43.000Z</time>
        <extensions>
          <ns3:TrackPointExtension>
            <ns3:hr>126</ns3:hr>
          </ns3:TrackPointExtension>
        </extensions>
      </trkpt>
      <trkpt lat="49.66725289821624755859375" lon="-123.15394300036132335662841796875">
        <ele>357.20001220703125</ele>
        <time>2023-07-16T19:34:47.000Z</time>
        <extensions>
          <ns3:TrackPointExtension>
            <ns3:hr>127</ns3:hr>
          </ns3:TrackPointExtension>
        </extensions>
      </trkpt>
      <trkpt lat="49.66729824431240558624267578125" lon="-123.153874687850475311279296875">
        <ele>357.79998779296875</ele>
        <time>2023-07-16T19:34:50.000Z</time>
        <extensions>
          <ns3:TrackPointExtension>
            <ns3:hr>127</ns3:hr>
          </ns3:TrackPointExtension>
        </extensions>
      </trkpt>
      <trkpt lat="49.66730863787233829498291015625" lon="-123.15385146997869014739990234375">
        <ele>358.399993896484375</ele>
        <time>2023-07-16T19:34:52.000Z</time>
        <extensions>
          <ns3:TrackPointExtension>
            <ns3:hr>128</ns3:hr>
          </ns3:TrackPointExtension>
        </extensions>
      </trkpt>
      <trkpt lat="49.66730721294879913330078125" lon="-123.153853230178356170654296875">
        <ele>359.600006103515625</ele>
        <time>2023-07-16T19:34:55.000Z</time>
        <extensions>
          <ns3:TrackPointExtension>
            <ns3:hr>127</ns3:hr>
          </ns3:TrackPointExtension>
        </extensions>
      </trkpt>
      <trkpt lat="49.66731316410005092620849609375" lon="-123.1538589298725128173828125">
        <ele>360</ele>
        <time>2023-07-16T19:34:58.000Z</time>
        <extensions>
          <ns3:TrackPointExtension>
            <ns3:hr>128</ns3:hr>
          </ns3:TrackPointExtension>
        </extensions>
      </trkpt>
      <trkpt lat="49.66731584630906581878662109375" lon="-123.15385566093027591705322265625">
        <ele>360</ele>
        <time>2023-07-16T19:35:02.000Z</time>
        <extensions>
          <ns3:TrackPointExtension>
            <ns3:hr>131</ns3:hr>
          </ns3:TrackPointExtension>
        </extensions>
      </trkpt>
      <trkpt lat="49.66732104308903217315673828125" lon="-123.15384929068386554718017578125">
        <ele>359.79998779296875</ele>
        <time>2023-07-16T19:35:04.000Z</time>
        <extensions>
          <ns3:TrackPointExtension>
            <ns3:hr>129</ns3:hr>
          </ns3:TrackPointExtension>
        </extensions>
      </trkpt>
      <trkpt lat="49.66732054017484188079833984375" lon="-123.1538520567119121551513671875">
        <ele>360</ele>
        <time>2023-07-16T19:35:11.000Z</time>
        <extensions>
          <ns3:TrackPointExtension>
            <ns3:hr>135</ns3:hr>
          </ns3:TrackPointExtension>
        </extensions>
      </trkpt>
      <trkpt lat="49.66732054017484188079833984375" lon="-123.1538520567119121551513671875">
        <ele>360</ele>
        <time>2023-07-16T19:35:15.000Z</time>
        <extensions>
          <ns3:TrackPointExtension>
            <ns3:hr>138</ns3:hr>
          </ns3:TrackPointExtension>
        </extensions>
      </trkpt>
      <trkpt lat="49.66732054017484188079833984375" lon="-123.1538520567119121551513671875">
        <ele>360.600006103515625</ele>
        <time>2023-07-16T19:35:18.000Z</time>
        <extensions>
          <ns3:TrackPointExtension>
            <ns3:hr>137</ns3:hr>
          </ns3:TrackPointExtension>
        </extensions>
      </trkpt>
      <trkpt lat="49.6673212945461273193359375" lon="-123.15383655019104480743408203125">
        <ele>361.79998779296875</ele>
        <time>2023-07-16T19:35:23.000Z</time>
        <extensions>
          <ns3:TrackPointExtension>
            <ns3:hr>136</ns3:hr>
          </ns3:TrackPointExtension>
        </extensions>
      </trkpt>
      <trkpt lat="49.66732506640255451202392578125" lon="-123.1537913717329502105712890625">
        <ele>362</ele>
        <time>2023-07-16T19:35:26.000Z</time>
        <extensions>
          <ns3:TrackPointExtension>
            <ns3:hr>134</ns3:hr>
          </ns3:TrackPointExtension>
        </extensions>
      </trkpt>
      <trkpt lat="49.667339064180850982666015625" lon="-123.15373797900974750518798828125">
        <ele>362</ele>
        <time>2023-07-16T19:35:32.000Z</time>
        <extensions>
          <ns3:TrackPointExtension>
            <ns3:hr>134</ns3:hr>
          </ns3:TrackPointExtension>
        </extensions>
      </trkpt>
      <trkpt lat="49.66733462177217006683349609375" lon="-123.15373512916266918182373046875">
        <ele>362</ele>
        <time>2023-07-16T19:35:36.000Z</time>
        <extensions>
          <ns3:TrackPointExtension>
            <ns3:hr>135</ns3:hr>
          </ns3:TrackPointExtension>
        </extensions>
      </trkpt>
      <trkpt lat="49.6673211269080638885498046875" lon="-123.1537105701863765716552734375">
        <ele>362</ele>
        <time>2023-07-16T19:35:41.000Z</time>
        <extensions>
          <ns3:TrackPointExtension>
            <ns3:hr>133</ns3:hr>
          </ns3:TrackPointExtension>
        </extensions>
      </trkpt>
      <trkpt lat="49.66734115965664386749267578125" lon="-123.15368835814297199249267578125">
        <ele>362.399993896484375</ele>
        <time>2023-07-16T19:35:46.000Z</time>
        <extensions>
          <ns3:TrackPointExtension>
            <ns3:hr>136</ns3:hr>
          </ns3:TrackPointExtension>
        </extensions>
      </trkpt>
      <trkpt lat="49.667343087494373321533203125" lon="-123.15368198789656162261962890625">
        <ele>362.79998779296875</ele>
        <time>2023-07-16T19:35:48.000Z</time>
        <extensions>
          <ns3:TrackPointExtension>
            <ns3:hr>138</ns3:hr>
          </ns3:TrackPointExtension>
        </extensions>
      </trkpt>
      <trkpt lat="49.66734878718852996826171875" lon="-123.15367528237402439117431640625">
        <ele>363.20001220703125</ele>
        <time>2023-07-16T19:35:50.000Z</time>
        <extensions>
          <ns3:TrackPointExtension>
            <ns3:hr>137</ns3:hr>
          </ns3:TrackPointExtension>
        </extensions>
      </trkpt>
      <trkpt lat="49.6673563309013843536376953125" lon="-123.153664804995059967041015625">
        <ele>364</ele>
        <time>2023-07-16T19:35:53.000Z</time>
        <extensions>
          <ns3:TrackPointExtension>
            <ns3:hr>136</ns3:hr>
          </ns3:TrackPointExtension>
        </extensions>
      </trkpt>
      <trkpt lat="49.667379297316074371337890625" lon="-123.15364158712327480316162109375">
        <ele>365</ele>
        <time>2023-07-16T19:35:57.000Z</time>
        <extensions>
          <ns3:TrackPointExtension>
            <ns3:hr>137</ns3:hr>
          </ns3:TrackPointExtension>
        </extensions>
      </trkpt>
      <trkpt lat="49.6673844940960407257080078125" lon="-123.15363605506718158721923828125">
        <ele>365.600006103515625</ele>
        <time>2023-07-16T19:35:59.000Z</time>
        <extensions>
          <ns3:TrackPointExtension>
            <ns3:hr>140</ns3:hr>
          </ns3:TrackPointExtension>
        </extensions>
      </trkpt>
      <trkpt lat="49.66738927178084850311279296875" lon="-123.15364309586584568023681640625">
        <ele>366</ele>
        <time>2023-07-16T19:36:02.000Z</time>
        <extensions>
          <ns3:TrackPointExtension>
            <ns3:hr>138</ns3:hr>
          </ns3:TrackPointExtension>
        </extensions>
      </trkpt>
      <trkpt lat="49.66740251518785953521728515625" lon="-123.15363823436200618743896484375">
        <ele>366.20001220703125</ele>
        <time>2023-07-16T19:36:04.000Z</time>
        <extensions>
          <ns3:TrackPointExtension>
            <ns3:hr>138</ns3:hr>
          </ns3:TrackPointExtension>
        </extensions>
      </trkpt>
      <trkpt lat="49.66742791235446929931640625" lon="-123.1536255776882171630859375">
        <ele>367.20001220703125</ele>
        <time>2023-07-16T19:36:09.000Z</time>
        <extensions>
          <ns3:TrackPointExtension>
            <ns3:hr>136</ns3:hr>
          </ns3:TrackPointExtension>
        </extensions>
      </trkpt>
      <trkpt lat="49.6674327738583087921142578125" lon="-123.153618872165679931640625">
        <ele>367.399993896484375</ele>
        <time>2023-07-16T19:36:11.000Z</time>
        <extensions>
          <ns3:TrackPointExtension>
            <ns3:hr>136</ns3:hr>
          </ns3:TrackPointExtension>
        </extensions>
      </trkpt>
      <trkpt lat="49.667457081377506256103515625" lon="-123.1536026112735271453857421875">
        <ele>368.20001220703125</ele>
        <time>2023-07-16T19:36:15.000Z</time>
        <extensions>
          <ns3:TrackPointExtension>
            <ns3:hr>135</ns3:hr>
          </ns3:TrackPointExtension>
        </extensions>
      </trkpt>
      <trkpt lat="49.66747225262224674224853515625" lon="-123.15356581471860408782958984375">
        <ele>368.600006103515625</ele>
        <time>2023-07-16T19:36:18.000Z</time>
        <extensions>
          <ns3:TrackPointExtension>
            <ns3:hr>135</ns3:hr>
          </ns3:TrackPointExtension>
        </extensions>
      </trkpt>
      <trkpt lat="49.66748968698084354400634765625" lon="-123.1535493023693561553955078125">
        <ele>369</ele>
        <time>2023-07-16T19:36:21.000Z</time>
        <extensions>
          <ns3:TrackPointExtension>
            <ns3:hr>132</ns3:hr>
          </ns3:TrackPointExtension>
        </extensions>
      </trkpt>
      <trkpt lat="49.66748063452541828155517578125" lon="-123.15352641977369785308837890625">
        <ele>369.20001220703125</ele>
        <time>2023-07-16T19:36:23.000Z</time>
        <extensions>
          <ns3:TrackPointExtension>
            <ns3:hr>130</ns3:hr>
          </ns3:TrackPointExtension>
        </extensions>
      </trkpt>
      <trkpt lat="49.6674790419638156890869140625" lon="-123.1535201333463191986083984375">
        <ele>369.600006103515625</ele>
        <time>2023-07-16T19:36:24.000Z</time>
        <extensions>
          <ns3:TrackPointExtension>
            <ns3:hr>130</ns3:hr>
          </ns3:TrackPointExtension>
        </extensions>
      </trkpt>
      <trkpt lat="49.66748096980154514312744140625" lon="-123.1535087339580059051513671875">
        <ele>369.600006103515625</ele>
        <time>2023-07-16T19:36:25.000Z</time>
        <extensions>
          <ns3:TrackPointExtension>
            <ns3:hr>130</ns3:hr>
          </ns3:TrackPointExtension>
        </extensions>
      </trkpt>
      <trkpt lat="49.6674837358295917510986328125" lon="-123.1534835882484912872314453125">
        <ele>370</ele>
        <time>2023-07-16T19:36:27.000Z</time>
        <extensions>
          <ns3:TrackPointExtension>
            <ns3:hr>130</ns3:hr>
          </ns3:TrackPointExtension>
        </extensions>
      </trkpt>
      <trkpt lat="49.66749555431306362152099609375" lon="-123.15347126685082912445068359375">
        <ele>370.20001220703125</ele>
        <time>2023-07-16T19:36:29.000Z</time>
        <extensions>
          <ns3:TrackPointExtension>
            <ns3:hr>130</ns3:hr>
          </ns3:TrackPointExtension>
        </extensions>
      </trkpt>
      <trkpt lat="49.66750930063426494598388671875" lon="-123.1534534133970737457275390625">
        <ele>370.399993896484375</ele>
        <time>2023-07-16T19:36:31.000Z</time>
        <extensions>
          <ns3:TrackPointExtension>
            <ns3:hr>131</ns3:hr>
          </ns3:TrackPointExtension>
        </extensions>
      </trkpt>
      <trkpt lat="49.66751248575747013092041015625" lon="-123.15344654023647308349609375">
        <ele>370.600006103515625</ele>
        <time>2023-07-16T19:36:32.000Z</time>
        <extensions>
          <ns3:TrackPointExtension>
            <ns3:hr>132</ns3:hr>
          </ns3:TrackPointExtension>
        </extensions>
      </trkpt>
      <trkpt lat="49.66753444634377956390380859375" lon="-123.15342617221176624298095703125">
        <ele>370.79998779296875</ele>
        <time>2023-07-16T19:36:34.000Z</time>
        <extensions>
          <ns3:TrackPointExtension>
            <ns3:hr>132</ns3:hr>
          </ns3:TrackPointExtension>
        </extensions>
      </trkpt>
      <trkpt lat="49.66754232533276081085205078125" lon="-123.1534289382398128509521484375">
        <ele>371</ele>
        <time>2023-07-16T19:36:35.000Z</time>
        <extensions>
          <ns3:TrackPointExtension>
            <ns3:hr>132</ns3:hr>
          </ns3:TrackPointExtension>
        </extensions>
      </trkpt>
      <trkpt lat="49.66756470501422882080078125" lon="-123.1534205563366413116455078125">
        <ele>371.399993896484375</ele>
        <time>2023-07-16T19:36:39.000Z</time>
        <extensions>
          <ns3:TrackPointExtension>
            <ns3:hr>134</ns3:hr>
          </ns3:TrackPointExtension>
        </extensions>
      </trkpt>
      <trkpt lat="49.6675693988800048828125" lon="-123.153419382870197296142578125">
        <ele>371.600006103515625</ele>
        <time>2023-07-16T19:36:41.000Z</time>
        <extensions>
          <ns3:TrackPointExtension>
            <ns3:hr>137</ns3:hr>
          </ns3:TrackPointExtension>
        </extensions>
      </trkpt>
      <trkpt lat="49.66757149435579776763916015625" lon="-123.1534161977469921112060546875">
        <ele>371.600006103515625</ele>
        <time>2023-07-16T19:36:42.000Z</time>
        <extensions>
          <ns3:TrackPointExtension>
            <ns3:hr>139</ns3:hr>
          </ns3:TrackPointExtension>
        </extensions>
      </trkpt>
      <trkpt lat="49.66757233254611492156982421875" lon="-123.153407312929630279541015625">
        <ele>371.79998779296875</ele>
        <time>2023-07-16T19:36:43.000Z</time>
        <extensions>
          <ns3:TrackPointExtension>
            <ns3:hr>140</ns3:hr>
          </ns3:TrackPointExtension>
        </extensions>
      </trkpt>
      <trkpt lat="49.66757719404995441436767578125" lon="-123.1533964164555072784423828125">
        <ele>372</ele>
        <time>2023-07-16T19:36:47.000Z</time>
        <extensions>
          <ns3:TrackPointExtension>
            <ns3:hr>143</ns3:hr>
          </ns3:TrackPointExtension>
        </extensions>
      </trkpt>
      <trkpt lat="49.6675809659063816070556640625" lon="-123.15339691936969757080078125">
        <ele>372.20001220703125</ele>
        <time>2023-07-16T19:36:48.000Z</time>
        <extensions>
          <ns3:TrackPointExtension>
            <ns3:hr>144</ns3:hr>
          </ns3:TrackPointExtension>
        </extensions>
      </trkpt>
      <trkpt lat="49.66758725233376026153564453125" lon="-123.15339750610291957855224609375">
        <ele>372.399993896484375</ele>
        <time>2023-07-16T19:36:49.000Z</time>
        <extensions>
          <ns3:TrackPointExtension>
            <ns3:hr>145</ns3:hr>
          </ns3:TrackPointExtension>
        </extensions>
      </trkpt>
      <trkpt lat="49.66758088208734989166259765625" lon="-123.153391890227794647216796875">
        <ele>372.399993896484375</ele>
        <time>2023-07-16T19:36:51.000Z</time>
        <extensions>
          <ns3:TrackPointExtension>
            <ns3:hr>146</ns3:hr>
          </ns3:TrackPointExtension>
        </extensions>
      </trkpt>
      <trkpt lat="49.667585156857967376708984375" lon="-123.15337546169757843017578125">
        <ele>372.600006103515625</ele>
        <time>2023-07-16T19:36:53.000Z</time>
        <extensions>
          <ns3:TrackPointExtension>
            <ns3:hr>147</ns3:hr>
          </ns3:TrackPointExtension>
        </extensions>
      </trkpt>
      <trkpt lat="49.66758884489536285400390625" lon="-123.1533732824027538299560546875">
        <ele>372.79998779296875</ele>
        <time>2023-07-16T19:36:54.000Z</time>
        <extensions>
          <ns3:TrackPointExtension>
            <ns3:hr>147</ns3:hr>
          </ns3:TrackPointExtension>
        </extensions>
      </trkpt>
      <trkpt lat="49.66760359704494476318359375" lon="-123.153375126421451568603515625">
        <ele>373.20001220703125</ele>
        <time>2023-07-16T19:36:57.000Z</time>
        <extensions>
          <ns3:TrackPointExtension>
            <ns3:hr>147</ns3:hr>
          </ns3:TrackPointExtension>
        </extensions>
      </trkpt>
      <trkpt lat="49.66761323623359203338623046875" lon="-123.1533742882311344146728515625">
        <ele>373.600006103515625</ele>
        <time>2023-07-16T19:36:59.000Z</time>
        <extensions>
          <ns3:TrackPointExtension>
            <ns3:hr>150</ns3:hr>
          </ns3:TrackPointExtension>
        </extensions>
      </trkpt>
      <trkpt lat="49.66761357150971889495849609375" lon="-123.1533746235072612762451171875">
        <ele>373.79998779296875</ele>
        <time>2023-07-16T19:37:00.000Z</time>
        <extensions>
          <ns3:TrackPointExtension>
            <ns3:hr>151</ns3:hr>
          </ns3:TrackPointExtension>
        </extensions>
      </trkpt>
      <trkpt lat="49.66761239804327487945556640625" lon="-123.15335274673998355865478515625">
        <ele>374.20001220703125</ele>
        <time>2023-07-16T19:37:03.000Z</time>
        <extensions>
          <ns3:TrackPointExtension>
            <ns3:hr>154</ns3:hr>
          </ns3:TrackPointExtension>
        </extensions>
      </trkpt>
      <trkpt lat="49.66761675663292407989501953125" lon="-123.1533466279506683349609375">
        <ele>374.399993896484375</ele>
        <time>2023-07-16T19:37:04.000Z</time>
        <extensions>
          <ns3:TrackPointExtension>
            <ns3:hr>154</ns3:hr>
          </ns3:TrackPointExtension>
        </extensions>
      </trkpt>
      <trkpt lat="49.66762446798384189605712890625" lon="-123.153339587152004241943359375">
        <ele>374.399993896484375</ele>
        <time>2023-07-16T19:37:05.000Z</time>
        <extensions>
          <ns3:TrackPointExtension>
            <ns3:hr>155</ns3:hr>
          </ns3:TrackPointExtension>
        </extensions>
      </trkpt>
      <trkpt lat="49.66763234697282314300537109375" lon="-123.153334558010101318359375">
        <ele>374.600006103515625</ele>
        <time>2023-07-16T19:37:06.000Z</time>
        <extensions>
          <ns3:TrackPointExtension>
            <ns3:hr>156</ns3:hr>
          </ns3:TrackPointExtension>
        </extensions>
      </trkpt>
      <trkpt lat="49.66765330173075199127197265625" lon="-123.15330949611961841583251953125">
        <ele>375</ele>
        <time>2023-07-16T19:37:09.000Z</time>
        <extensions>
          <ns3:TrackPointExtension>
            <ns3:hr>157</ns3:hr>
          </ns3:TrackPointExtension>
        </extensions>
      </trkpt>
      <trkpt lat="49.66765481047332286834716796875" lon="-123.15330346114933490753173828125">
        <ele>375.20001220703125</ele>
        <time>2023-07-16T19:37:11.000Z</time>
        <extensions>
          <ns3:TrackPointExtension>
            <ns3:hr>157</ns3:hr>
          </ns3:TrackPointExtension>
        </extensions>
      </trkpt>
      <trkpt lat="49.667711891233921051025390625" lon="-123.15326088108122348785400390625">
        <ele>376.20001220703125</ele>
        <time>2023-07-16T19:37:17.000Z</time>
        <extensions>
          <ns3:TrackPointExtension>
            <ns3:hr>158</ns3:hr>
          </ns3:TrackPointExtension>
        </extensions>
      </trkpt>
      <trkpt lat="49.66774466447532176971435546875" lon="-123.15324126742780208587646484375">
        <ele>377</ele>
        <time>2023-07-16T19:37:22.000Z</time>
        <extensions>
          <ns3:TrackPointExtension>
            <ns3:hr>157</ns3:hr>
          </ns3:TrackPointExtension>
        </extensions>
      </trkpt>
      <trkpt lat="49.6677425689995288848876953125" lon="-123.1532297842204570770263671875">
        <ele>377.399993896484375</ele>
        <time>2023-07-16T19:37:24.000Z</time>
        <extensions>
          <ns3:TrackPointExtension>
            <ns3:hr>157</ns3:hr>
          </ns3:TrackPointExtension>
        </extensions>
      </trkpt>
      <trkpt lat="49.6677351929247379302978515625" lon="-123.15322257578372955322265625">
        <ele>377.79998779296875</ele>
        <time>2023-07-16T19:37:26.000Z</time>
        <extensions>
          <ns3:TrackPointExtension>
            <ns3:hr>157</ns3:hr>
          </ns3:TrackPointExtension>
        </extensions>
      </trkpt>
      <trkpt lat="49.66774248518049716949462890625" lon="-123.1532059796154499053955078125">
        <ele>378</ele>
        <time>2023-07-16T19:37:28.000Z</time>
        <extensions>
          <ns3:TrackPointExtension>
            <ns3:hr>160</ns3:hr>
          </ns3:TrackPointExtension>
        </extensions>
      </trkpt>
      <trkpt lat="49.66775380074977874755859375" lon="-123.15318502485752105712890625">
        <ele>378</ele>
        <time>2023-07-16T19:37:30.000Z</time>
        <extensions>
          <ns3:TrackPointExtension>
            <ns3:hr>163</ns3:hr>
          </ns3:TrackPointExtension>
        </extensions>
      </trkpt>
      <trkpt lat="49.6677714027464389801025390625" lon="-123.15317572094500064849853515625">
        <ele>378.20001220703125</ele>
        <time>2023-07-16T19:37:32.000Z</time>
        <extensions>
          <ns3:TrackPointExtension>
            <ns3:hr>165</ns3:hr>
          </ns3:TrackPointExtension>
        </extensions>
      </trkpt>
      <trkpt lat="49.66779428534209728240966796875" lon="-123.15316029824316501617431640625">
        <ele>378.399993896484375</ele>
        <time>2023-07-16T19:37:35.000Z</time>
        <extensions>
          <ns3:TrackPointExtension>
            <ns3:hr>166</ns3:hr>
          </ns3:TrackPointExtension>
        </extensions>
      </trkpt>
      <trkpt lat="49.6677988953888416290283203125" lon="-123.15314018167555332183837890625">
        <ele>378.399993896484375</ele>
        <time>2023-07-16T19:37:38.000Z</time>
        <extensions>
          <ns3:TrackPointExtension>
            <ns3:hr>166</ns3:hr>
          </ns3:TrackPointExtension>
        </extensions>
      </trkpt>
      <trkpt lat="49.66780467890202999114990234375" lon="-123.153127022087574005126953125">
        <ele>378.79998779296875</ele>
        <time>2023-07-16T19:37:43.000Z</time>
        <extensions>
          <ns3:TrackPointExtension>
            <ns3:hr>164</ns3:hr>
          </ns3:TrackPointExtension>
        </extensions>
      </trkpt>
      <trkpt lat="49.66783049516379833221435546875" lon="-123.1530966795980930328369140625">
        <ele>379.399993896484375</ele>
        <time>2023-07-16T19:37:48.000Z</time>
        <extensions>
          <ns3:TrackPointExtension>
            <ns3:hr>162</ns3:hr>
          </ns3:TrackPointExtension>
        </extensions>
      </trkpt>
      <trkpt lat="49.66783292591571807861328125" lon="-123.15309139899909496307373046875">
        <ele>379.600006103515625</ele>
        <time>2023-07-16T19:37:49.000Z</time>
        <extensions>
          <ns3:TrackPointExtension>
            <ns3:hr>161</ns3:hr>
          </ns3:TrackPointExtension>
        </extensions>
      </trkpt>
      <trkpt lat="49.6678297407925128936767578125" lon="-123.15306876786053180694580078125">
        <ele>380.20001220703125</ele>
        <time>2023-07-16T19:37:53.000Z</time>
        <extensions>
          <ns3:TrackPointExtension>
            <ns3:hr>160</ns3:hr>
          </ns3:TrackPointExtension>
        </extensions>
      </trkpt>
      <trkpt lat="49.66784340329468250274658203125" lon="-123.1530359946191310882568359375">
        <ele>380.20001220703125</ele>
        <time>2023-07-16T19:37:58.000Z</time>
        <extensions>
          <ns3:TrackPointExtension>
            <ns3:hr>159</ns3:hr>
          </ns3:TrackPointExtension>
        </extensions>
      </trkpt>
      <trkpt lat="49.6678562276065349578857421875" lon="-123.15300674177706241607666015625">
        <ele>379.399993896484375</ele>
        <time>2023-07-16T19:38:03.000Z</time>
        <extensions>
          <ns3:TrackPointExtension>
            <ns3:hr>156</ns3:hr>
          </ns3:TrackPointExtension>
        </extensions>
      </trkpt>
      <trkpt lat="49.6678568981587886810302734375" lon="-123.1529743038117885589599609375">
        <ele>379.20001220703125</ele>
        <time>2023-07-16T19:38:05.000Z</time>
        <extensions>
          <ns3:TrackPointExtension>
            <ns3:hr>156</ns3:hr>
          </ns3:TrackPointExtension>
        </extensions>
      </trkpt>
      <trkpt lat="49.667856395244598388671875" lon="-123.15292761661112308502197265625">
        <ele>379</ele>
        <time>2023-07-16T19:38:11.000Z</time>
        <extensions>
          <ns3:TrackPointExtension>
            <ns3:hr>153</ns3:hr>
          </ns3:TrackPointExtension>
        </extensions>
      </trkpt>
      <trkpt lat="49.6678515337407588958740234375" lon="-123.1529089249670505523681640625">
        <ele>379.20001220703125</ele>
        <time>2023-07-16T19:38:13.000Z</time>
        <extensions>
          <ns3:TrackPointExtension>
            <ns3:hr>152</ns3:hr>
          </ns3:TrackPointExtension>
        </extensions>
      </trkpt>
      <trkpt lat="49.66784860007464885711669921875" lon="-123.1528422050178050994873046875">
        <ele>380</ele>
        <time>2023-07-16T19:38:19.000Z</time>
        <extensions>
          <ns3:TrackPointExtension>
            <ns3:hr>153</ns3:hr>
          </ns3:TrackPointExtension>
        </extensions>
      </trkpt>
      <trkpt lat="49.66784792952239513397216796875" lon="-123.15284145064651966094970703125">
        <ele>380.20001220703125</ele>
        <time>2023-07-16T19:38:20.000Z</time>
        <extensions>
          <ns3:TrackPointExtension>
            <ns3:hr>152</ns3:hr>
          </ns3:TrackPointExtension>
        </extensions>
      </trkpt>
      <trkpt lat="49.66785010881721973419189453125" lon="-123.15285100601613521575927734375">
        <ele>380.600006103515625</ele>
        <time>2023-07-16T19:38:22.000Z</time>
        <extensions>
          <ns3:TrackPointExtension>
            <ns3:hr>153</ns3:hr>
          </ns3:TrackPointExtension>
        </extensions>
      </trkpt>
      <trkpt lat="49.66785413213074207305908203125" lon="-123.15283742733299732208251953125">
        <ele>380.79998779296875</ele>
        <time>2023-07-16T19:38:24.000Z</time>
        <extensions>
          <ns3:TrackPointExtension>
            <ns3:hr>153</ns3:hr>
          </ns3:TrackPointExtension>
        </extensions>
      </trkpt>
      <trkpt lat="49.66785044409334659576416015625" lon="-123.15282166935503482818603515625">
        <ele>381.600006103515625</ele>
        <time>2023-07-16T19:38:27.000Z</time>
        <extensions>
          <ns3:TrackPointExtension>
            <ns3:hr>152</ns3:hr>
          </ns3:TrackPointExtension>
        </extensions>
      </trkpt>
      <trkpt lat="49.66785329394042491912841796875" lon="-123.1528222560882568359375">
        <ele>381.79998779296875</ele>
        <time>2023-07-16T19:38:28.000Z</time>
        <extensions>
          <ns3:TrackPointExtension>
            <ns3:hr>152</ns3:hr>
          </ns3:TrackPointExtension>
        </extensions>
      </trkpt>
      <trkpt lat="49.66785304248332977294921875" lon="-123.15281697548925876617431640625">
        <ele>382.20001220703125</ele>
        <time>2023-07-16T19:38:30.000Z</time>
        <extensions>
          <ns3:TrackPointExtension>
            <ns3:hr>152</ns3:hr>
          </ns3:TrackPointExtension>
        </extensions>
      </trkpt>
      <trkpt lat="49.667854718863964080810546875" lon="-123.152799792587757110595703125">
        <ele>382.399993896484375</ele>
        <time>2023-07-16T19:38:32.000Z</time>
        <extensions>
          <ns3:TrackPointExtension>
            <ns3:hr>153</ns3:hr>
          </ns3:TrackPointExtension>
        </extensions>
      </trkpt>
      <trkpt lat="49.6678538806736469268798828125" lon="-123.15279769711196422576904296875">
        <ele>382.79998779296875</ele>
        <time>2023-07-16T19:38:33.000Z</time>
        <extensions>
          <ns3:TrackPointExtension>
            <ns3:hr>153</ns3:hr>
          </ns3:TrackPointExtension>
        </extensions>
      </trkpt>
      <trkpt lat="49.6678496897220611572265625" lon="-123.152782358229160308837890625">
        <ele>383.20001220703125</ele>
        <time>2023-07-16T19:38:34.000Z</time>
        <extensions>
          <ns3:TrackPointExtension>
            <ns3:hr>154</ns3:hr>
          </ns3:TrackPointExtension>
        </extensions>
      </trkpt>
      <trkpt lat="49.66784725897014141082763671875" lon="-123.15278126858174800872802734375">
        <ele>383.600006103515625</ele>
        <time>2023-07-16T19:38:35.000Z</time>
        <extensions>
          <ns3:TrackPointExtension>
            <ns3:hr>155</ns3:hr>
          </ns3:TrackPointExtension>
        </extensions>
      </trkpt>
      <trkpt lat="49.6678297407925128936767578125" lon="-123.1527178175747394561767578125">
        <ele>384</ele>
        <time>2023-07-16T19:38:43.000Z</time>
        <extensions>
          <ns3:TrackPointExtension>
            <ns3:hr>155</ns3:hr>
          </ns3:TrackPointExtension>
        </extensions>
      </trkpt>
      <trkpt lat="49.667803086340427398681640625" lon="-123.1527137942612171173095703125">
        <ele>384</ele>
        <time>2023-07-16T19:38:48.000Z</time>
        <extensions>
          <ns3:TrackPointExtension>
            <ns3:hr>152</ns3:hr>
          </ns3:TrackPointExtension>
        </extensions>
      </trkpt>
      <trkpt lat="49.66779135167598724365234375" lon="-123.1527091003954410552978515625">
        <ele>384</ele>
        <time>2023-07-16T19:38:50.000Z</time>
        <extensions>
          <ns3:TrackPointExtension>
            <ns3:hr>151</ns3:hr>
          </ns3:TrackPointExtension>
        </extensions>
      </trkpt>
      <trkpt lat="49.667749442160129547119140625" lon="-123.152696527540683746337890625">
        <ele>383.399993896484375</ele>
        <time>2023-07-16T19:38:56.000Z</time>
        <extensions>
          <ns3:TrackPointExtension>
            <ns3:hr>149</ns3:hr>
          </ns3:TrackPointExtension>
        </extensions>
      </trkpt>
      <trkpt lat="49.6677117235958576202392578125" lon="-123.15265486948192119598388671875">
        <ele>383.399993896484375</ele>
        <time>2023-07-16T19:39:03.000Z</time>
        <extensions>
          <ns3:TrackPointExtension>
            <ns3:hr>149</ns3:hr>
          </ns3:TrackPointExtension>
        </extensions>
      </trkpt>
      <trkpt lat="49.66768280602991580963134765625" lon="-123.152601309120655059814453125">
        <ele>383</ele>
        <time>2023-07-16T19:39:08.000Z</time>
        <extensions>
          <ns3:TrackPointExtension>
            <ns3:hr>148</ns3:hr>
          </ns3:TrackPointExtension>
        </extensions>
      </trkpt>
      <trkpt lat="49.667642153799533843994140625" lon="-123.15259468741714954376220703125">
        <ele>382.399993896484375</ele>
        <time>2023-07-16T19:39:14.000Z</time>
        <extensions>
          <ns3:TrackPointExtension>
            <ns3:hr>145</ns3:hr>
          </ns3:TrackPointExtension>
        </extensions>
      </trkpt>
      <trkpt lat="49.66763938777148723602294921875" lon="-123.15259301103651523590087890625">
        <ele>382.399993896484375</ele>
        <time>2023-07-16T19:39:15.000Z</time>
        <extensions>
          <ns3:TrackPointExtension>
            <ns3:hr>145</ns3:hr>
          </ns3:TrackPointExtension>
        </extensions>
      </trkpt>
      <trkpt lat="49.6676218695938587188720703125" lon="-123.152584545314311981201171875">
        <ele>382.79998779296875</ele>
        <time>2023-07-16T19:39:20.000Z</time>
        <extensions>
          <ns3:TrackPointExtension>
            <ns3:hr>145</ns3:hr>
          </ns3:TrackPointExtension>
        </extensions>
      </trkpt>
      <trkpt lat="49.66761809773743152618408203125" lon="-123.1525485031306743621826171875">
        <ele>384</ele>
        <time>2023-07-16T19:39:26.000Z</time>
        <extensions>
          <ns3:TrackPointExtension>
            <ns3:hr>143</ns3:hr>
          </ns3:TrackPointExtension>
        </extensions>
      </trkpt>
      <trkpt lat="49.6676188521087169647216796875" lon="-123.15255244262516498565673828125">
        <ele>384.399993896484375</ele>
        <time>2023-07-16T19:39:28.000Z</time>
        <extensions>
          <ns3:TrackPointExtension>
            <ns3:hr>140</ns3:hr>
          </ns3:TrackPointExtension>
        </extensions>
      </trkpt>
      <trkpt lat="49.667611978948116302490234375" lon="-123.1525902450084686279296875">
        <ele>385.20001220703125</ele>
        <time>2023-07-16T19:39:35.000Z</time>
        <extensions>
          <ns3:TrackPointExtension>
            <ns3:hr>139</ns3:hr>
          </ns3:TrackPointExtension>
        </extensions>
      </trkpt>
      <trkpt lat="49.66761298477649688720703125" lon="-123.15257373265922069549560546875">
        <ele>385.399993896484375</ele>
        <time>2023-07-16T19:39:37.000Z</time>
        <extensions>
          <ns3:TrackPointExtension>
            <ns3:hr>137</ns3:hr>
          </ns3:TrackPointExtension>
        </extensions>
      </trkpt>
      <trkpt lat="49.66759546659886837005615234375" lon="-123.1525417976081371307373046875">
        <ele>385.600006103515625</ele>
        <time>2023-07-16T19:39:40.000Z</time>
        <extensions>
          <ns3:TrackPointExtension>
            <ns3:hr>136</ns3:hr>
          </ns3:TrackPointExtension>
        </extensions>
      </trkpt>
      <trkpt lat="49.66757350601255893707275390625" lon="-123.15254556946456432342529296875">
        <ele>386.399993896484375</ele>
        <time>2023-07-16T19:39:46.000Z</time>
        <extensions>
          <ns3:TrackPointExtension>
            <ns3:hr>137</ns3:hr>
          </ns3:TrackPointExtension>
        </extensions>
      </trkpt>
      <trkpt lat="49.66754701919853687286376953125" lon="-123.152540959417819976806640625">
        <ele>387.399993896484375</ele>
        <time>2023-07-16T19:39:52.000Z</time>
        <extensions>
          <ns3:TrackPointExtension>
            <ns3:hr>135</ns3:hr>
          </ns3:TrackPointExtension>
        </extensions>
      </trkpt>
      <trkpt lat="49.66752137057483196258544921875" lon="-123.15253383480012416839599609375">
        <ele>387.600006103515625</ele>
        <time>2023-07-16T19:39:54.000Z</time>
        <extensions>
          <ns3:TrackPointExtension>
            <ns3:hr>137</ns3:hr>
          </ns3:TrackPointExtension>
        </extensions>
      </trkpt>
      <trkpt lat="49.6675090491771697998046875" lon="-123.15253324806690216064453125">
        <ele>387.79998779296875</ele>
        <time>2023-07-16T19:39:56.000Z</time>
        <extensions>
          <ns3:TrackPointExtension>
            <ns3:hr>137</ns3:hr>
          </ns3:TrackPointExtension>
        </extensions>
      </trkpt>
      <trkpt lat="49.6674777008593082427978515625" lon="-123.15251388587057590484619140625">
        <ele>388.600006103515625</ele>
        <time>2023-07-16T19:40:01.000Z</time>
        <extensions>
          <ns3:TrackPointExtension>
            <ns3:hr>136</ns3:hr>
          </ns3:TrackPointExtension>
        </extensions>
      </trkpt>
      <trkpt lat="49.66746672056615352630615234375" lon="-123.1525075994431972503662109375">
        <ele>388.79998779296875</ele>
        <time>2023-07-16T19:40:02.000Z</time>
        <extensions>
          <ns3:TrackPointExtension>
            <ns3:hr>136</ns3:hr>
          </ns3:TrackPointExtension>
        </extensions>
      </trkpt>
      <trkpt lat="49.6674401499330997467041015625" lon="-123.152503408491611480712890625">
        <ele>389.20001220703125</ele>
        <time>2023-07-16T19:40:04.000Z</time>
        <extensions>
          <ns3:TrackPointExtension>
            <ns3:hr>136</ns3:hr>
          </ns3:TrackPointExtension>
        </extensions>
      </trkpt>
      <trkpt lat="49.66742397285997867584228515625" lon="-123.1524992175400257110595703125">
        <ele>389.79998779296875</ele>
        <time>2023-07-16T19:40:06.000Z</time>
        <extensions>
          <ns3:TrackPointExtension>
            <ns3:hr>136</ns3:hr>
          </ns3:TrackPointExtension>
        </extensions>
      </trkpt>
      <trkpt lat="49.6674032695591449737548828125" lon="-123.152488656342029571533203125">
        <ele>390.20001220703125</ele>
        <time>2023-07-16T19:40:08.000Z</time>
        <extensions>
          <ns3:TrackPointExtension>
            <ns3:hr>135</ns3:hr>
          </ns3:TrackPointExtension>
        </extensions>
      </trkpt>
      <trkpt lat="49.66735222376883029937744140625" lon="-123.15246694721281528472900390625">
        <ele>390.79998779296875</ele>
        <time>2023-07-16T19:40:12.000Z</time>
        <extensions>
          <ns3:TrackPointExtension>
            <ns3:hr>137</ns3:hr>
          </ns3:TrackPointExtension>
        </extensions>
      </trkpt>
      <trkpt lat="49.6673539839684963226318359375" lon="-123.1524690426886081695556640625">
        <ele>391.20001220703125</ele>
        <time>2023-07-16T19:40:13.000Z</time>
        <extensions>
          <ns3:TrackPointExtension>
            <ns3:hr>137</ns3:hr>
          </ns3:TrackPointExtension>
        </extensions>
      </trkpt>
      <trkpt lat="49.66735088266432285308837890625" lon="-123.15246761776506900787353515625">
        <ele>391.79998779296875</ele>
        <time>2023-07-16T19:40:15.000Z</time>
        <extensions>
          <ns3:TrackPointExtension>
            <ns3:hr>137</ns3:hr>
          </ns3:TrackPointExtension>
        </extensions>
      </trkpt>
      <trkpt lat="49.6673553250730037689208984375" lon="-123.15245269797742366790771484375">
        <ele>392</ele>
        <time>2023-07-16T19:40:17.000Z</time>
        <extensions>
          <ns3:TrackPointExtension>
            <ns3:hr>137</ns3:hr>
          </ns3:TrackPointExtension>
        </extensions>
      </trkpt>
      <trkpt lat="49.66736680828034877777099609375" lon="-123.1524412147700786590576171875">
        <ele>392.399993896484375</ele>
        <time>2023-07-16T19:40:19.000Z</time>
        <extensions>
          <ns3:TrackPointExtension>
            <ns3:hr>138</ns3:hr>
          </ns3:TrackPointExtension>
        </extensions>
      </trkpt>
      <trkpt lat="49.6673670597374439239501953125" lon="-123.15244205296039581298828125">
        <ele>392.79998779296875</ele>
        <time>2023-07-16T19:40:20.000Z</time>
        <extensions>
          <ns3:TrackPointExtension>
            <ns3:hr>137</ns3:hr>
          </ns3:TrackPointExtension>
        </extensions>
      </trkpt>
      <trkpt lat="49.6673677302896976470947265625" lon="-123.15244029276072978973388671875">
        <ele>393.20001220703125</ele>
        <time>2023-07-16T19:40:22.000Z</time>
        <extensions>
          <ns3:TrackPointExtension>
            <ns3:hr>138</ns3:hr>
          </ns3:TrackPointExtension>
        </extensions>
      </trkpt>
      <trkpt lat="49.66734132729470729827880859375" lon="-123.15242470242083072662353515625">
        <ele>393.79998779296875</ele>
        <time>2023-07-16T19:40:24.000Z</time>
        <extensions>
          <ns3:TrackPointExtension>
            <ns3:hr>138</ns3:hr>
          </ns3:TrackPointExtension>
        </extensions>
      </trkpt>
      <trkpt lat="49.667337723076343536376953125" lon="-123.15242704935371875762939453125">
        <ele>394</ele>
        <time>2023-07-16T19:40:25.000Z</time>
        <extensions>
          <ns3:TrackPointExtension>
            <ns3:hr>138</ns3:hr>
          </ns3:TrackPointExtension>
        </extensions>
      </trkpt>
      <trkpt lat="49.66732774861156940460205078125" lon="-123.15241682343184947967529296875">
        <ele>394</ele>
        <time>2023-07-16T19:40:26.000Z</time>
        <extensions>
          <ns3:TrackPointExtension>
            <ns3:hr>138</ns3:hr>
          </ns3:TrackPointExtension>
        </extensions>
      </trkpt>
      <trkpt lat="49.66731123626232147216796875" lon="-123.1523989699780941009521484375">
        <ele>394.399993896484375</ele>
        <time>2023-07-16T19:40:28.000Z</time>
        <extensions>
          <ns3:TrackPointExtension>
            <ns3:hr>138</ns3:hr>
          </ns3:TrackPointExtension>
        </extensions>
      </trkpt>
      <trkpt lat="49.6673164330422878265380859375" lon="-123.152367286384105682373046875">
        <ele>394.600006103515625</ele>
        <time>2023-07-16T19:40:30.000Z</time>
        <extensions>
          <ns3:TrackPointExtension>
            <ns3:hr>138</ns3:hr>
          </ns3:TrackPointExtension>
        </extensions>
      </trkpt>
      <trkpt lat="49.6672622859477996826171875" lon="-123.1522980518639087677001953125">
        <ele>395.399993896484375</ele>
        <time>2023-07-16T19:40:36.000Z</time>
        <extensions>
          <ns3:TrackPointExtension>
            <ns3:hr>137</ns3:hr>
          </ns3:TrackPointExtension>
        </extensions>
      </trkpt>
      <trkpt lat="49.66725398786365985870361328125" lon="-123.152284137904644012451171875">
        <ele>395.399993896484375</ele>
        <time>2023-07-16T19:40:37.000Z</time>
        <extensions>
          <ns3:TrackPointExtension>
            <ns3:hr>136</ns3:hr>
          </ns3:TrackPointExtension>
        </extensions>
      </trkpt>
      <trkpt lat="49.6672510541975498199462890625" lon="-123.1522561423480510711669921875">
        <ele>395.79998779296875</ele>
        <time>2023-07-16T19:40:39.000Z</time>
        <extensions>
          <ns3:TrackPointExtension>
            <ns3:hr>136</ns3:hr>
          </ns3:TrackPointExtension>
        </extensions>
      </trkpt>
      <trkpt lat="49.66725398786365985870361328125" lon="-123.15222336910665035247802734375">
        <ele>396.399993896484375</ele>
        <time>2023-07-16T19:40:42.000Z</time>
        <extensions>
          <ns3:TrackPointExtension>
            <ns3:hr>137</ns3:hr>
          </ns3:TrackPointExtension>
        </extensions>
      </trkpt>
      <trkpt lat="49.6672381460666656494140625" lon="-123.15220543183386325836181640625">
        <ele>396.79998779296875</ele>
        <time>2023-07-16T19:40:43.000Z</time>
        <extensions>
          <ns3:TrackPointExtension>
            <ns3:hr>136</ns3:hr>
          </ns3:TrackPointExtension>
        </extensions>
      </trkpt>
      <trkpt lat="49.6672259084880352020263671875" lon="-123.1521999835968017578125">
        <ele>397</ele>
        <time>2023-07-16T19:40:44.000Z</time>
        <extensions>
          <ns3:TrackPointExtension>
            <ns3:hr>137</ns3:hr>
          </ns3:TrackPointExtension>
        </extensions>
      </trkpt>
      <trkpt lat="49.6672101505100727081298828125" lon="-123.1522182561457157135009765625">
        <ele>397</ele>
        <time>2023-07-16T19:40:46.000Z</time>
        <extensions>
          <ns3:TrackPointExtension>
            <ns3:hr>138</ns3:hr>
          </ns3:TrackPointExtension>
        </extensions>
      </trkpt>
      <trkpt lat="49.6672024391591548919677734375" lon="-123.1521986424922943115234375">
        <ele>397</ele>
        <time>2023-07-16T19:40:48.000Z</time>
        <extensions>
          <ns3:TrackPointExtension>
            <ns3:hr>136</ns3:hr>
          </ns3:TrackPointExtension>
        </extensions>
      </trkpt>
      <trkpt lat="49.66719456017017364501953125" lon="-123.1521967984735965728759765625">
        <ele>397</ele>
        <time>2023-07-16T19:40:49.000Z</time>
        <extensions>
          <ns3:TrackPointExtension>
            <ns3:hr>137</ns3:hr>
          </ns3:TrackPointExtension>
        </extensions>
      </trkpt>
      <trkpt lat="49.66717176139354705810546875" lon="-123.15221146680414676666259765625">
        <ele>397</ele>
        <time>2023-07-16T19:40:51.000Z</time>
        <extensions>
          <ns3:TrackPointExtension>
            <ns3:hr>137</ns3:hr>
          </ns3:TrackPointExtension>
        </extensions>
      </trkpt>
      <trkpt lat="49.667156003415584564208984375" lon="-123.1522169150412082672119140625">
        <ele>397</ele>
        <time>2023-07-16T19:40:54.000Z</time>
        <extensions>
          <ns3:TrackPointExtension>
            <ns3:hr>137</ns3:hr>
          </ns3:TrackPointExtension>
        </extensions>
      </trkpt>
      <trkpt lat="49.6671370603144168853759765625" lon="-123.15221414901316165924072265625">
        <ele>397.600006103515625</ele>
        <time>2023-07-16T19:40:59.000Z</time>
        <extensions>
          <ns3:TrackPointExtension>
            <ns3:hr>138</ns3:hr>
          </ns3:TrackPointExtension>
        </extensions>
      </trkpt>
      <trkpt lat="49.667133875191211700439453125" lon="-123.15221406519412994384765625">
        <ele>397.79998779296875</ele>
        <time>2023-07-16T19:41:00.000Z</time>
        <extensions>
          <ns3:TrackPointExtension>
            <ns3:hr>137</ns3:hr>
          </ns3:TrackPointExtension>
        </extensions>
      </trkpt>
      <trkpt lat="49.66710646636784076690673828125" lon="-123.15219797194004058837890625">
        <ele>398.20001220703125</ele>
        <time>2023-07-16T19:41:03.000Z</time>
        <extensions>
          <ns3:TrackPointExtension>
            <ns3:hr>136</ns3:hr>
          </ns3:TrackPointExtension>
        </extensions>
      </trkpt>
      <trkpt lat="49.667086265981197357177734375" lon="-123.1522360257804393768310546875">
        <ele>398.399993896484375</ele>
        <time>2023-07-16T19:41:07.000Z</time>
        <extensions>
          <ns3:TrackPointExtension>
            <ns3:hr>137</ns3:hr>
          </ns3:TrackPointExtension>
        </extensions>
      </trkpt>
      <trkpt lat="49.66708651743829250335693359375" lon="-123.152229152619838714599609375">
        <ele>398.20001220703125</ele>
        <time>2023-07-16T19:41:09.000Z</time>
        <extensions>
          <ns3:TrackPointExtension>
            <ns3:hr>136</ns3:hr>
          </ns3:TrackPointExtension>
        </extensions>
      </trkpt>
      <trkpt lat="49.66709397733211517333984375" lon="-123.15223594196140766143798828125">
        <ele>398.20001220703125</ele>
        <time>2023-07-16T19:41:13.000Z</time>
        <extensions>
          <ns3:TrackPointExtension>
            <ns3:hr>136</ns3:hr>
          </ns3:TrackPointExtension>
        </extensions>
      </trkpt>
      <trkpt lat="49.6671052090823650360107421875" lon="-123.15225706435739994049072265625">
        <ele>398.20001220703125</ele>
        <time>2023-07-16T19:41:16.000Z</time>
        <extensions>
          <ns3:TrackPointExtension>
            <ns3:hr>136</ns3:hr>
          </ns3:TrackPointExtension>
        </extensions>
      </trkpt>
      <trkpt lat="49.66709456406533718109130859375" lon="-123.15225471742451190948486328125">
        <ele>398</ele>
        <time>2023-07-16T19:41:24.000Z</time>
        <extensions>
          <ns3:TrackPointExtension>
            <ns3:hr>135</ns3:hr>
          </ns3:TrackPointExtension>
        </extensions>
      </trkpt>
      <trkpt lat="49.6671147644519805908203125" lon="-123.15227952785789966583251953125">
        <ele>398</ele>
        <time>2023-07-16T19:41:30.000Z</time>
        <extensions>
          <ns3:TrackPointExtension>
            <ns3:hr>135</ns3:hr>
          </ns3:TrackPointExtension>
        </extensions>
      </trkpt>
      <trkpt lat="49.66714468784630298614501953125" lon="-123.15224650315940380096435546875">
        <ele>398</ele>
        <time>2023-07-16T19:41:35.000Z</time>
        <extensions>
          <ns3:TrackPointExtension>
            <ns3:hr>135</ns3:hr>
          </ns3:TrackPointExtension>
        </extensions>
      </trkpt>
      <trkpt lat="49.66712105087935924530029296875" lon="-123.15223258920013904571533203125">
        <ele>398</ele>
        <time>2023-07-16T19:41:40.000Z</time>
        <extensions>
          <ns3:TrackPointExtension>
            <ns3:hr>135</ns3:hr>
          </ns3:TrackPointExtension>
        </extensions>
      </trkpt>
      <trkpt lat="49.6671189554035663604736328125" lon="-123.15222588367760181427001953125">
        <ele>398.20001220703125</ele>
        <time>2023-07-16T19:41:46.000Z</time>
        <extensions>
          <ns3:TrackPointExtension>
            <ns3:hr>136</ns3:hr>
          </ns3:TrackPointExtension>
        </extensions>
      </trkpt>
      <trkpt lat="49.66712792403995990753173828125" lon="-123.15227449871599674224853515625">
        <ele>398</ele>
        <time>2023-07-16T19:41:51.000Z</time>
        <extensions>
          <ns3:TrackPointExtension>
            <ns3:hr>135</ns3:hr>
          </ns3:TrackPointExtension>
        </extensions>
      </trkpt>
      <trkpt lat="49.66713546775281429290771484375" lon="-123.152277432382106781005859375">
        <ele>398.20001220703125</ele>
        <time>2023-07-16T19:41:59.000Z</time>
        <extensions>
          <ns3:TrackPointExtension>
            <ns3:hr>136</ns3:hr>
          </ns3:TrackPointExtension>
        </extensions>
      </trkpt>
      <trkpt lat="49.66711987741291522979736328125" lon="-123.15230526030063629150390625">
        <ele>398</ele>
        <time>2023-07-16T19:42:07.000Z</time>
        <extensions>
          <ns3:TrackPointExtension>
            <ns3:hr>137</ns3:hr>
          </ns3:TrackPointExtension>
        </extensions>
      </trkpt>
      <trkpt lat="49.66712348163127899169921875" lon="-123.152288496494293212890625">
        <ele>398.399993896484375</ele>
        <time>2023-07-16T19:42:16.000Z</time>
        <extensions>
          <ns3:TrackPointExtension>
            <ns3:hr>137</ns3:hr>
          </ns3:TrackPointExtension>
        </extensions>
      </trkpt>
      <trkpt lat="49.6671196259558200836181640625" lon="-123.15229360945522785186767578125">
        <ele>398</ele>
        <time>2023-07-16T19:42:30.000Z</time>
        <extensions>
          <ns3:TrackPointExtension>
            <ns3:hr>133</ns3:hr>
          </ns3:TrackPointExtension>
        </extensions>
      </trkpt>
      <trkpt lat="49.6671196259558200836181640625" lon="-123.152294866740703582763671875">
        <ele>398</ele>
        <time>2023-07-16T19:42:31.000Z</time>
        <extensions>
          <ns3:TrackPointExtension>
            <ns3:hr>134</ns3:hr>
          </ns3:TrackPointExtension>
        </extensions>
      </trkpt>
      <trkpt lat="49.66712825931608676910400390625" lon="-123.152299560606479644775390625">
        <ele>398</ele>
        <time>2023-07-16T19:42:36.000Z</time>
        <extensions>
          <ns3:TrackPointExtension>
            <ns3:hr>134</ns3:hr>
          </ns3:TrackPointExtension>
        </extensions>
      </trkpt>
      <trkpt lat="49.66711032204329967498779296875" lon="-123.15229092724621295928955078125">
        <ele>398</ele>
        <time>2023-07-16T19:42:40.000Z</time>
        <extensions>
          <ns3:TrackPointExtension>
            <ns3:hr>135</ns3:hr>
          </ns3:TrackPointExtension>
        </extensions>
      </trkpt>
      <trkpt lat="49.667109064757823944091796875" lon="-123.15229746513068675994873046875">
        <ele>398</ele>
        <time>2023-07-16T19:42:43.000Z</time>
        <extensions>
          <ns3:TrackPointExtension>
            <ns3:hr>138</ns3:hr>
          </ns3:TrackPointExtension>
        </extensions>
      </trkpt>
      <trkpt lat="49.66712079942226409912109375" lon="-123.1522987224161624908447265625">
        <ele>398</ele>
        <time>2023-07-16T19:42:45.000Z</time>
        <extensions>
          <ns3:TrackPointExtension>
            <ns3:hr>137</ns3:hr>
          </ns3:TrackPointExtension>
        </extensions>
      </trkpt>
      <trkpt lat="49.6671182848513126373291015625" lon="-123.15229796804487705230712890625">
        <ele>398</ele>
        <time>2023-07-16T19:42:49.000Z</time>
        <extensions>
          <ns3:TrackPointExtension>
            <ns3:hr>134</ns3:hr>
          </ns3:TrackPointExtension>
        </extensions>
      </trkpt>
      <trkpt lat="49.66711853630840778350830078125" lon="-123.15229863859713077545166015625">
        <ele>398</ele>
        <time>2023-07-16T19:42:52.000Z</time>
        <extensions>
          <ns3:TrackPointExtension>
            <ns3:hr>131</ns3:hr>
          </ns3:TrackPointExtension>
        </extensions>
      </trkpt>
      <trkpt lat="49.667117781937122344970703125" lon="-123.152299560606479644775390625">
        <ele>398</ele>
        <time>2023-07-16T19:42:55.000Z</time>
        <extensions>
          <ns3:TrackPointExtension>
            <ns3:hr>132</ns3:hr>
          </ns3:TrackPointExtension>
        </extensions>
      </trkpt>
      <trkpt lat="49.66711342334747314453125" lon="-123.15230702050030231475830078125">
        <ele>398</ele>
        <time>2023-07-16T19:42:58.000Z</time>
        <extensions>
          <ns3:TrackPointExtension>
            <ns3:hr>131</ns3:hr>
          </ns3:TrackPointExtension>
        </extensions>
      </trkpt>
      <trkpt lat="49.66711342334747314453125" lon="-123.15230702050030231475830078125">
        <ele>398</ele>
        <time>2023-07-16T19:42:59.000Z</time>
        <extensions>
          <ns3:TrackPointExtension>
            <ns3:hr>131</ns3:hr>
          </ns3:TrackPointExtension>
        </extensions>
      </trkpt>
      <trkpt lat="49.66711342334747314453125" lon="-123.15230702050030231475830078125">
        <ele>398.600006103515625</ele>
        <time>2023-07-16T19:43:01.000Z</time>
        <extensions>
          <ns3:TrackPointExtension>
            <ns3:hr>132</ns3:hr>
          </ns3:TrackPointExtension>
        </extensions>
      </trkpt>
      <trkpt lat="49.66711342334747314453125" lon="-123.15230702050030231475830078125">
        <ele>398.79998779296875</ele>
        <time>2023-07-16T19:43:02.000Z</time>
        <extensions>
          <ns3:TrackPointExtension>
            <ns3:hr>132</ns3:hr>
          </ns3:TrackPointExtension>
        </extensions>
      </trkpt>
      <trkpt lat="49.66711342334747314453125" lon="-123.15230702050030231475830078125">
        <ele>399</ele>
        <time>2023-07-16T19:43:04.000Z</time>
        <extensions>
          <ns3:TrackPointExtension>
            <ns3:hr>131</ns3:hr>
          </ns3:TrackPointExtension>
        </extensions>
      </trkpt>
      <trkpt lat="49.667110405862331390380859375" lon="-123.15229880623519420623779296875">
        <ele>399.399993896484375</ele>
        <time>2023-07-16T19:43:15.000Z</time>
        <extensions>
          <ns3:TrackPointExtension>
            <ns3:hr>134</ns3:hr>
          </ns3:TrackPointExtension>
        </extensions>
      </trkpt>
      <trkpt lat="49.6671088971197605133056640625" lon="-123.15229863859713077545166015625">
        <ele>399.399993896484375</ele>
        <time>2023-07-16T19:43:17.000Z</time>
        <extensions>
          <ns3:TrackPointExtension>
            <ns3:hr>137</ns3:hr>
          </ns3:TrackPointExtension>
        </extensions>
      </trkpt>
      <trkpt lat="49.6671042032539844512939453125" lon="-123.1522963754832744598388671875">
        <ele>398.79998779296875</ele>
        <time>2023-07-16T19:43:26.000Z</time>
        <extensions>
          <ns3:TrackPointExtension>
            <ns3:hr>138</ns3:hr>
          </ns3:TrackPointExtension>
        </extensions>
      </trkpt>
      <trkpt lat="49.66709238477051258087158203125" lon="-123.1522762589156627655029296875">
        <ele>399</ele>
        <time>2023-07-16T19:43:31.000Z</time>
        <extensions>
          <ns3:TrackPointExtension>
            <ns3:hr>135</ns3:hr>
          </ns3:TrackPointExtension>
        </extensions>
      </trkpt>
      <trkpt lat="49.667084924876689910888671875" lon="-123.1522578187286853790283203125">
        <ele>399</ele>
        <time>2023-07-16T19:43:34.000Z</time>
        <extensions>
          <ns3:TrackPointExtension>
            <ns3:hr>131</ns3:hr>
          </ns3:TrackPointExtension>
        </extensions>
      </trkpt>
      <trkpt lat="49.66709104366600513458251953125" lon="-123.1522212736308574676513671875">
        <ele>398.20001220703125</ele>
        <time>2023-07-16T19:43:39.000Z</time>
        <extensions>
          <ns3:TrackPointExtension>
            <ns3:hr>131</ns3:hr>
          </ns3:TrackPointExtension>
        </extensions>
      </trkpt>
      <trkpt lat="49.66709188185632228851318359375" lon="-123.15221448428928852081298828125">
        <ele>398.20001220703125</ele>
        <time>2023-07-16T19:43:46.000Z</time>
        <extensions>
          <ns3:TrackPointExtension>
            <ns3:hr>132</ns3:hr>
          </ns3:TrackPointExtension>
        </extensions>
      </trkpt>
      <trkpt lat="49.667084254324436187744140625" lon="-123.1522138975560665130615234375">
        <ele>398.79998779296875</ele>
        <time>2023-07-16T19:43:52.000Z</time>
        <extensions>
          <ns3:TrackPointExtension>
            <ns3:hr>131</ns3:hr>
          </ns3:TrackPointExtension>
        </extensions>
      </trkpt>
      <trkpt lat="49.66707763262093067169189453125" lon="-123.15220534801483154296875">
        <ele>399.79998779296875</ele>
        <time>2023-07-16T19:43:57.000Z</time>
        <extensions>
          <ns3:TrackPointExtension>
            <ns3:hr>131</ns3:hr>
          </ns3:TrackPointExtension>
        </extensions>
      </trkpt>
      <trkpt lat="49.66708081774413585662841796875" lon="-123.15218414179980754852294921875">
        <ele>400</ele>
        <time>2023-07-16T19:43:58.000Z</time>
        <extensions>
          <ns3:TrackPointExtension>
            <ns3:hr>130</ns3:hr>
          </ns3:TrackPointExtension>
        </extensions>
      </trkpt>
      <trkpt lat="49.66711551882326602935791015625" lon="-123.1521471776068210601806640625">
        <ele>401</ele>
        <time>2023-07-16T19:44:03.000Z</time>
        <extensions>
          <ns3:TrackPointExtension>
            <ns3:hr>129</ns3:hr>
          </ns3:TrackPointExtension>
        </extensions>
      </trkpt>
      <trkpt lat="49.6671370603144168853759765625" lon="-123.15210753120481967926025390625">
        <ele>402.20001220703125</ele>
        <time>2023-07-16T19:44:08.000Z</time>
        <extensions>
          <ns3:TrackPointExtension>
            <ns3:hr>126</ns3:hr>
          </ns3:TrackPointExtension>
        </extensions>
      </trkpt>
      <trkpt lat="49.66713932342827320098876953125" lon="-123.15210870467126369476318359375">
        <ele>402.20001220703125</ele>
        <time>2023-07-16T19:44:09.000Z</time>
        <extensions>
          <ns3:TrackPointExtension>
            <ns3:hr>129</ns3:hr>
          </ns3:TrackPointExtension>
        </extensions>
      </trkpt>
      <trkpt lat="49.6671350486576557159423828125" lon="-123.1520994007587432861328125">
        <ele>402.600006103515625</ele>
        <time>2023-07-16T19:44:12.000Z</time>
        <extensions>
          <ns3:TrackPointExtension>
            <ns3:hr>129</ns3:hr>
          </ns3:TrackPointExtension>
        </extensions>
      </trkpt>
      <trkpt lat="49.66713865287601947784423828125" lon="-123.15210283733904361724853515625">
        <ele>402.600006103515625</ele>
        <time>2023-07-16T19:44:13.000Z</time>
        <extensions>
          <ns3:TrackPointExtension>
            <ns3:hr>130</ns3:hr>
          </ns3:TrackPointExtension>
        </extensions>
      </trkpt>
      <trkpt lat="49.667138569056987762451171875" lon="-123.15210409462451934814453125">
        <ele>402.79998779296875</ele>
        <time>2023-07-16T19:44:14.000Z</time>
        <extensions>
          <ns3:TrackPointExtension>
            <ns3:hr>130</ns3:hr>
          </ns3:TrackPointExtension>
        </extensions>
      </trkpt>
      <trkpt lat="49.66713714413344860076904296875" lon="-123.15209663473069667816162109375">
        <ele>403.20001220703125</ele>
        <time>2023-07-16T19:44:17.000Z</time>
        <extensions>
          <ns3:TrackPointExtension>
            <ns3:hr>130</ns3:hr>
          </ns3:TrackPointExtension>
        </extensions>
      </trkpt>
      <trkpt lat="49.6671380661427974700927734375" lon="-123.1520952098071575164794921875">
        <ele>403.20001220703125</ele>
        <time>2023-07-16T19:44:18.000Z</time>
        <extensions>
          <ns3:TrackPointExtension>
            <ns3:hr>130</ns3:hr>
          </ns3:TrackPointExtension>
        </extensions>
      </trkpt>
      <trkpt lat="49.66713077388703823089599609375" lon="-123.15211105160415172576904296875">
        <ele>403.600006103515625</ele>
        <time>2023-07-16T19:44:20.000Z</time>
        <extensions>
          <ns3:TrackPointExtension>
            <ns3:hr>130</ns3:hr>
          </ns3:TrackPointExtension>
        </extensions>
      </trkpt>
      <trkpt lat="49.66712825931608676910400390625" lon="-123.1521143205463886260986328125">
        <ele>403.79998779296875</ele>
        <time>2023-07-16T19:44:21.000Z</time>
        <extensions>
          <ns3:TrackPointExtension>
            <ns3:hr>131</ns3:hr>
          </ns3:TrackPointExtension>
        </extensions>
      </trkpt>
      <trkpt lat="49.66712272725999355316162109375" lon="-123.15211507491767406463623046875">
        <ele>404</ele>
        <time>2023-07-16T19:44:24.000Z</time>
        <extensions>
          <ns3:TrackPointExtension>
            <ns3:hr>133</ns3:hr>
          </ns3:TrackPointExtension>
        </extensions>
      </trkpt>
      <trkpt lat="49.6671256609261035919189453125" lon="-123.152112476527690887451171875">
        <ele>404.20001220703125</ele>
        <time>2023-07-16T19:44:25.000Z</time>
        <extensions>
          <ns3:TrackPointExtension>
            <ns3:hr>130</ns3:hr>
          </ns3:TrackPointExtension>
        </extensions>
      </trkpt>
      <trkpt lat="49.667129181325435638427734375" lon="-123.1521079502999782562255859375">
        <ele>404.20001220703125</ele>
        <time>2023-07-16T19:44:26.000Z</time>
        <extensions>
          <ns3:TrackPointExtension>
            <ns3:hr>129</ns3:hr>
          </ns3:TrackPointExtension>
        </extensions>
      </trkpt>
      <trkpt lat="49.66713865287601947784423828125" lon="-123.15210971049964427947998046875">
        <ele>404.399993896484375</ele>
        <time>2023-07-16T19:44:29.000Z</time>
        <extensions>
          <ns3:TrackPointExtension>
            <ns3:hr>131</ns3:hr>
          </ns3:TrackPointExtension>
        </extensions>
      </trkpt>
      <trkpt lat="49.66715675778687000274658203125" lon="-123.152074925601482391357421875">
        <ele>405</ele>
        <time>2023-07-16T19:44:33.000Z</time>
        <extensions>
          <ns3:TrackPointExtension>
            <ns3:hr>128</ns3:hr>
          </ns3:TrackPointExtension>
        </extensions>
      </trkpt>
      <trkpt lat="49.66716513969004154205322265625" lon="-123.152062185108661651611328125">
        <ele>405.399993896484375</ele>
        <time>2023-07-16T19:44:35.000Z</time>
        <extensions>
          <ns3:TrackPointExtension>
            <ns3:hr>128</ns3:hr>
          </ns3:TrackPointExtension>
        </extensions>
      </trkpt>
      <trkpt lat="49.6671662293374538421630859375" lon="-123.1520767696201801300048828125">
        <ele>405.600006103515625</ele>
        <time>2023-07-16T19:44:37.000Z</time>
        <extensions>
          <ns3:TrackPointExtension>
            <ns3:hr>128</ns3:hr>
          </ns3:TrackPointExtension>
        </extensions>
      </trkpt>
      <trkpt lat="49.66716379858553409576416015625" lon="-123.15210233442485332489013671875">
        <ele>406.600006103515625</ele>
        <time>2023-07-16T19:44:41.000Z</time>
        <extensions>
          <ns3:TrackPointExtension>
            <ns3:hr>129</ns3:hr>
          </ns3:TrackPointExtension>
        </extensions>
      </trkpt>
      <trkpt lat="49.66716312803328037261962890625" lon="-123.15210233442485332489013671875">
        <ele>406.79998779296875</ele>
        <time>2023-07-16T19:44:42.000Z</time>
        <extensions>
          <ns3:TrackPointExtension>
            <ns3:hr>129</ns3:hr>
          </ns3:TrackPointExtension>
        </extensions>
      </trkpt>
      <trkpt lat="49.66716312803328037261962890625" lon="-123.15210233442485332489013671875">
        <ele>407.20001220703125</ele>
        <time>2023-07-16T19:44:45.000Z</time>
        <extensions>
          <ns3:TrackPointExtension>
            <ns3:hr>133</ns3:hr>
          </ns3:TrackPointExtension>
        </extensions>
      </trkpt>
      <trkpt lat="49.66716312803328037261962890625" lon="-123.15210233442485332489013671875">
        <ele>407.399993896484375</ele>
        <time>2023-07-16T19:44:47.000Z</time>
        <extensions>
          <ns3:TrackPointExtension>
            <ns3:hr>130</ns3:hr>
          </ns3:TrackPointExtension>
        </extensions>
      </trkpt>
      <trkpt lat="49.66716312803328037261962890625" lon="-123.15210233442485332489013671875">
        <ele>407.600006103515625</ele>
        <time>2023-07-16T19:44:50.000Z</time>
        <extensions>
          <ns3:TrackPointExtension>
            <ns3:hr>131</ns3:hr>
          </ns3:TrackPointExtension>
        </extensions>
      </trkpt>
      <trkpt lat="49.66716363094747066497802734375" lon="-123.15210233442485332489013671875">
        <ele>408</ele>
        <time>2023-07-16T19:44:55.000Z</time>
        <extensions>
          <ns3:TrackPointExtension>
            <ns3:hr>128</ns3:hr>
          </ns3:TrackPointExtension>
        </extensions>
      </trkpt>
      <trkpt lat="49.66716363094747066497802734375" lon="-123.15210233442485332489013671875">
        <ele>408</ele>
        <time>2023-07-16T19:44:56.000Z</time>
        <extensions>
          <ns3:TrackPointExtension>
            <ns3:hr>128</ns3:hr>
          </ns3:TrackPointExtension>
        </extensions>
      </trkpt>
      <trkpt lat="49.6671990863978862762451171875" lon="-123.15210233442485332489013671875">
        <ele>408.600006103515625</ele>
        <time>2023-07-16T19:45:10.000Z</time>
        <extensions>
          <ns3:TrackPointExtension>
            <ns3:hr>131</ns3:hr>
          </ns3:TrackPointExtension>
        </extensions>
      </trkpt>
      <trkpt lat="49.66720319353044033050537109375" lon="-123.15209546126425266265869140625">
        <ele>409.79998779296875</ele>
        <time>2023-07-16T19:45:19.000Z</time>
        <extensions>
          <ns3:TrackPointExtension>
            <ns3:hr>133</ns3:hr>
          </ns3:TrackPointExtension>
        </extensions>
      </trkpt>
      <trkpt lat="49.667204283177852630615234375" lon="-123.1520885042846202850341796875">
        <ele>410.399993896484375</ele>
        <time>2023-07-16T19:45:23.000Z</time>
        <extensions>
          <ns3:TrackPointExtension>
            <ns3:hr>136</ns3:hr>
          </ns3:TrackPointExtension>
        </extensions>
      </trkpt>
      <trkpt lat="49.667208977043628692626953125" lon="-123.15207182429730892181396484375">
        <ele>410.79998779296875</ele>
        <time>2023-07-16T19:45:27.000Z</time>
        <extensions>
          <ns3:TrackPointExtension>
            <ns3:hr>139</ns3:hr>
          </ns3:TrackPointExtension>
        </extensions>
      </trkpt>
      <trkpt lat="49.6672235615551471710205078125" lon="-123.15203645266592502593994140625">
        <ele>411.79998779296875</ele>
        <time>2023-07-16T19:45:35.000Z</time>
        <extensions>
          <ns3:TrackPointExtension>
            <ns3:hr>139</ns3:hr>
          </ns3:TrackPointExtension>
        </extensions>
      </trkpt>
      <trkpt lat="49.66722599230706691741943359375" lon="-123.1520325131714344024658203125">
        <ele>412.399993896484375</ele>
        <time>2023-07-16T19:45:38.000Z</time>
        <extensions>
          <ns3:TrackPointExtension>
            <ns3:hr>142</ns3:hr>
          </ns3:TrackPointExtension>
        </extensions>
      </trkpt>
      <trkpt lat="49.6672274172306060791015625" lon="-123.15200577490031719207763671875">
        <ele>413</ele>
        <time>2023-07-16T19:45:41.000Z</time>
        <extensions>
          <ns3:TrackPointExtension>
            <ns3:hr>143</ns3:hr>
          </ns3:TrackPointExtension>
        </extensions>
      </trkpt>
      <trkpt lat="49.66725415550172328948974609375" lon="-123.15190737135708332061767578125">
        <ele>413.399993896484375</ele>
        <time>2023-07-16T19:46:04.000Z</time>
        <extensions>
          <ns3:TrackPointExtension>
            <ns3:hr>140</ns3:hr>
          </ns3:TrackPointExtension>
        </extensions>
      </trkpt>
      <trkpt lat="49.66727142222225666046142578125" lon="-123.151893876492977142333984375">
        <ele>413.399993896484375</ele>
        <time>2023-07-16T19:46:07.000Z</time>
        <extensions>
          <ns3:TrackPointExtension>
            <ns3:hr>139</ns3:hr>
          </ns3:TrackPointExtension>
        </extensions>
      </trkpt>
      <trkpt lat="49.6673025190830230712890625" lon="-123.15187468193471431732177734375">
        <ele>412.79998779296875</ele>
        <time>2023-07-16T19:46:13.000Z</time>
        <extensions>
          <ns3:TrackPointExtension>
            <ns3:hr>139</ns3:hr>
          </ns3:TrackPointExtension>
        </extensions>
      </trkpt>
      <trkpt lat="49.667301177978515625" lon="-123.1518712453544139862060546875">
        <ele>413</ele>
        <time>2023-07-16T19:46:20.000Z</time>
        <extensions>
          <ns3:TrackPointExtension>
            <ns3:hr>139</ns3:hr>
          </ns3:TrackPointExtension>
        </extensions>
      </trkpt>
      <trkpt lat="49.6673053689301013946533203125" lon="-123.151889182627201080322265625">
        <ele>413.399993896484375</ele>
        <time>2023-07-16T19:46:30.000Z</time>
        <extensions>
          <ns3:TrackPointExtension>
            <ns3:hr>138</ns3:hr>
          </ns3:TrackPointExtension>
        </extensions>
      </trkpt>
      <trkpt lat="49.6673164330422878265380859375" lon="-123.15188256092369556427001953125">
        <ele>413.600006103515625</ele>
        <time>2023-07-16T19:46:38.000Z</time>
        <extensions>
          <ns3:TrackPointExtension>
            <ns3:hr>139</ns3:hr>
          </ns3:TrackPointExtension>
        </extensions>
      </trkpt>
      <trkpt lat="49.6673204563558101654052734375" lon="-123.15188658423721790313720703125">
        <ele>414</ele>
        <time>2023-07-16T19:46:43.000Z</time>
        <extensions>
          <ns3:TrackPointExtension>
            <ns3:hr>141</ns3:hr>
          </ns3:TrackPointExtension>
        </extensions>
      </trkpt>
      <trkpt lat="49.6673400700092315673828125" lon="-123.1518813036382198333740234375">
        <ele>414.399993896484375</ele>
        <time>2023-07-16T19:46:48.000Z</time>
        <extensions>
          <ns3:TrackPointExtension>
            <ns3:hr>141</ns3:hr>
          </ns3:TrackPointExtension>
        </extensions>
      </trkpt>
      <trkpt lat="49.66733805835247039794921875" lon="-123.1518454290926456451416015625">
        <ele>415.20001220703125</ele>
        <time>2023-07-16T19:46:51.000Z</time>
        <extensions>
          <ns3:TrackPointExtension>
            <ns3:hr>142</ns3:hr>
          </ns3:TrackPointExtension>
        </extensions>
      </trkpt>
      <trkpt lat="49.667339064180850982666015625" lon="-123.15183042548596858978271484375">
        <ele>415.79998779296875</ele>
        <time>2023-07-16T19:46:53.000Z</time>
        <extensions>
          <ns3:TrackPointExtension>
            <ns3:hr>142</ns3:hr>
          </ns3:TrackPointExtension>
        </extensions>
      </trkpt>
      <trkpt lat="49.66733965091407299041748046875" lon="-123.151826150715351104736328125">
        <ele>416.20001220703125</ele>
        <time>2023-07-16T19:46:55.000Z</time>
        <extensions>
          <ns3:TrackPointExtension>
            <ns3:hr>143</ns3:hr>
          </ns3:TrackPointExtension>
        </extensions>
      </trkpt>
      <trkpt lat="49.66734903864562511444091796875" lon="-123.15180846489965915679931640625">
        <ele>416.79998779296875</ele>
        <time>2023-07-16T19:46:59.000Z</time>
        <extensions>
          <ns3:TrackPointExtension>
            <ns3:hr>143</ns3:hr>
          </ns3:TrackPointExtension>
        </extensions>
      </trkpt>
      <trkpt lat="49.66735071502625942230224609375" lon="-123.15179605968296527862548828125">
        <ele>417.20001220703125</ele>
        <time>2023-07-16T19:47:01.000Z</time>
        <extensions>
          <ns3:TrackPointExtension>
            <ns3:hr>144</ns3:hr>
          </ns3:TrackPointExtension>
        </extensions>
      </trkpt>
      <trkpt lat="49.66734333895146846771240234375" lon="-123.15177879296243190765380859375">
        <ele>417.79998779296875</ele>
        <time>2023-07-16T19:47:05.000Z</time>
        <extensions>
          <ns3:TrackPointExtension>
            <ns3:hr>143</ns3:hr>
          </ns3:TrackPointExtension>
        </extensions>
      </trkpt>
      <trkpt lat="49.6673373878002166748046875" lon="-123.1517374701797962188720703125">
        <ele>418.20001220703125</ele>
        <time>2023-07-16T19:47:08.000Z</time>
        <extensions>
          <ns3:TrackPointExtension>
            <ns3:hr>146</ns3:hr>
          </ns3:TrackPointExtension>
        </extensions>
      </trkpt>
      <trkpt lat="49.6673335321247577667236328125" lon="-123.151739649474620819091796875">
        <ele>419.399993896484375</ele>
        <time>2023-07-16T19:47:12.000Z</time>
        <extensions>
          <ns3:TrackPointExtension>
            <ns3:hr>146</ns3:hr>
          </ns3:TrackPointExtension>
        </extensions>
      </trkpt>
      <trkpt lat="49.66733093373477458953857421875" lon="-123.151736967265605926513671875">
        <ele>420.399993896484375</ele>
        <time>2023-07-16T19:47:17.000Z</time>
        <extensions>
          <ns3:TrackPointExtension>
            <ns3:hr>148</ns3:hr>
          </ns3:TrackPointExtension>
        </extensions>
      </trkpt>
      <trkpt lat="49.66733093373477458953857421875" lon="-123.151736967265605926513671875">
        <ele>420.600006103515625</ele>
        <time>2023-07-16T19:47:21.000Z</time>
        <extensions>
          <ns3:TrackPointExtension>
            <ns3:hr>151</ns3:hr>
          </ns3:TrackPointExtension>
        </extensions>
      </trkpt>
      <trkpt lat="49.66733093373477458953857421875" lon="-123.151736967265605926513671875">
        <ele>421.600006103515625</ele>
        <time>2023-07-16T19:47:27.000Z</time>
        <extensions>
          <ns3:TrackPointExtension>
            <ns3:hr>153</ns3:hr>
          </ns3:TrackPointExtension>
        </extensions>
      </trkpt>
      <trkpt lat="49.66733093373477458953857421875" lon="-123.151736967265605926513671875">
        <ele>422.600006103515625</ele>
        <time>2023-07-16T19:47:29.000Z</time>
        <extensions>
          <ns3:TrackPointExtension>
            <ns3:hr>154</ns3:hr>
          </ns3:TrackPointExtension>
        </extensions>
      </trkpt>
      <trkpt lat="49.66733093373477458953857421875" lon="-123.151736967265605926513671875">
        <ele>422.79998779296875</ele>
        <time>2023-07-16T19:47:30.000Z</time>
        <extensions>
          <ns3:TrackPointExtension>
            <ns3:hr>154</ns3:hr>
          </ns3:TrackPointExtension>
        </extensions>
      </trkpt>
      <trkpt lat="49.66731886379420757293701171875" lon="-123.151736967265605926513671875">
        <ele>423.79998779296875</ele>
        <time>2023-07-16T19:47:36.000Z</time>
        <extensions>
          <ns3:TrackPointExtension>
            <ns3:hr>152</ns3:hr>
          </ns3:TrackPointExtension>
        </extensions>
      </trkpt>
      <trkpt lat="49.66731634922325611114501953125" lon="-123.151736967265605926513671875">
        <ele>424.79998779296875</ele>
        <time>2023-07-16T19:47:40.000Z</time>
        <extensions>
          <ns3:TrackPointExtension>
            <ns3:hr>153</ns3:hr>
          </ns3:TrackPointExtension>
        </extensions>
      </trkpt>
      <trkpt lat="49.66731634922325611114501953125" lon="-123.15172464586794376373291015625">
        <ele>425.79998779296875</ele>
        <time>2023-07-16T19:47:43.000Z</time>
        <extensions>
          <ns3:TrackPointExtension>
            <ns3:hr>154</ns3:hr>
          </ns3:TrackPointExtension>
        </extensions>
      </trkpt>
      <trkpt lat="49.66731634922325611114501953125" lon="-123.1517093069851398468017578125">
        <ele>426.399993896484375</ele>
        <time>2023-07-16T19:47:47.000Z</time>
        <extensions>
          <ns3:TrackPointExtension>
            <ns3:hr>158</ns3:hr>
          </ns3:TrackPointExtension>
        </extensions>
      </trkpt>
      <trkpt lat="49.66731634922325611114501953125" lon="-123.15170310437679290771484375">
        <ele>426.600006103515625</ele>
        <time>2023-07-16T19:47:49.000Z</time>
        <extensions>
          <ns3:TrackPointExtension>
            <ns3:hr>161</ns3:hr>
          </ns3:TrackPointExtension>
        </extensions>
      </trkpt>
      <trkpt lat="49.66731936670839786529541015625" lon="-123.1516871787607669830322265625">
        <ele>426.79998779296875</ele>
        <time>2023-07-16T19:47:53.000Z</time>
        <extensions>
          <ns3:TrackPointExtension>
            <ns3:hr>162</ns3:hr>
          </ns3:TrackPointExtension>
        </extensions>
      </trkpt>
      <trkpt lat="49.6673110686242580413818359375" lon="-123.15164820291101932525634765625">
        <ele>428</ele>
        <time>2023-07-16T19:47:58.000Z</time>
        <extensions>
          <ns3:TrackPointExtension>
            <ns3:hr>161</ns3:hr>
          </ns3:TrackPointExtension>
        </extensions>
      </trkpt>
      <trkpt lat="49.6673093922436237335205078125" lon="-123.15159858204424381256103515625">
        <ele>428</ele>
        <time>2023-07-16T19:48:01.000Z</time>
        <extensions>
          <ns3:TrackPointExtension>
            <ns3:hr>161</ns3:hr>
          </ns3:TrackPointExtension>
        </extensions>
      </trkpt>
      <trkpt lat="49.667319618165493011474609375" lon="-123.1515604443848133087158203125">
        <ele>428.20001220703125</ele>
        <time>2023-07-16T19:48:05.000Z</time>
        <extensions>
          <ns3:TrackPointExtension>
            <ns3:hr>162</ns3:hr>
          </ns3:TrackPointExtension>
        </extensions>
      </trkpt>
      <trkpt lat="49.66730964370071887969970703125" lon="-123.1515517272055149078369140625">
        <ele>428.399993896484375</ele>
        <time>2023-07-16T19:48:10.000Z</time>
        <extensions>
          <ns3:TrackPointExtension>
            <ns3:hr>162</ns3:hr>
          </ns3:TrackPointExtension>
        </extensions>
      </trkpt>
      <trkpt lat="49.66731316410005092620849609375" lon="-123.15154627896845340728759765625">
        <ele>428.79998779296875</ele>
        <time>2023-07-16T19:48:15.000Z</time>
        <extensions>
          <ns3:TrackPointExtension>
            <ns3:hr>160</ns3:hr>
          </ns3:TrackPointExtension>
        </extensions>
      </trkpt>
      <trkpt lat="49.66730109415948390960693359375" lon="-123.15155088901519775390625">
        <ele>428.600006103515625</ele>
        <time>2023-07-16T19:48:19.000Z</time>
        <extensions>
          <ns3:TrackPointExtension>
            <ns3:hr>157</ns3:hr>
          </ns3:TrackPointExtension>
        </extensions>
      </trkpt>
      <trkpt lat="49.66730453073978424072265625" lon="-123.1515336222946643829345703125">
        <ele>428.399993896484375</ele>
        <time>2023-07-16T19:48:22.000Z</time>
        <extensions>
          <ns3:TrackPointExtension>
            <ns3:hr>155</ns3:hr>
          </ns3:TrackPointExtension>
        </extensions>
      </trkpt>
      <trkpt lat="49.66728634200990200042724609375" lon="-123.15152616240084171295166015625">
        <ele>429</ele>
        <time>2023-07-16T19:48:26.000Z</time>
        <extensions>
          <ns3:TrackPointExtension>
            <ns3:hr>152</ns3:hr>
          </ns3:TrackPointExtension>
        </extensions>
      </trkpt>
      <trkpt lat="49.66726941056549549102783203125" lon="-123.1514977477490901947021484375">
        <ele>429.20001220703125</ele>
        <time>2023-07-16T19:48:29.000Z</time>
        <extensions>
          <ns3:TrackPointExtension>
            <ns3:hr>152</ns3:hr>
          </ns3:TrackPointExtension>
        </extensions>
      </trkpt>
      <trkpt lat="49.6672443486750125885009765625" lon="-123.1514682434499263763427734375">
        <ele>430.399993896484375</ele>
        <time>2023-07-16T19:48:32.000Z</time>
        <extensions>
          <ns3:TrackPointExtension>
            <ns3:hr>150</ns3:hr>
          </ns3:TrackPointExtension>
        </extensions>
      </trkpt>
      <trkpt lat="49.667242504656314849853515625" lon="-123.151476122438907623291015625">
        <ele>431.399993896484375</ele>
        <time>2023-07-16T19:48:34.000Z</time>
        <extensions>
          <ns3:TrackPointExtension>
            <ns3:hr>149</ns3:hr>
          </ns3:TrackPointExtension>
        </extensions>
      </trkpt>
      <trkpt lat="49.66722347773611545562744140625" lon="-123.15146396867930889129638671875">
        <ele>432.20001220703125</ele>
        <time>2023-07-16T19:48:37.000Z</time>
        <extensions>
          <ns3:TrackPointExtension>
            <ns3:hr>148</ns3:hr>
          </ns3:TrackPointExtension>
        </extensions>
      </trkpt>
      <trkpt lat="49.6672225557267665863037109375" lon="-123.15145558677613735198974609375">
        <ele>432.399993896484375</ele>
        <time>2023-07-16T19:48:41.000Z</time>
        <extensions>
          <ns3:TrackPointExtension>
            <ns3:hr>148</ns3:hr>
          </ns3:TrackPointExtension>
        </extensions>
      </trkpt>
      <trkpt lat="49.6672369726002216339111328125" lon="-123.1513431854546070098876953125">
        <ele>433</ele>
        <time>2023-07-16T19:48:46.000Z</time>
        <extensions>
          <ns3:TrackPointExtension>
            <ns3:hr>145</ns3:hr>
          </ns3:TrackPointExtension>
        </extensions>
      </trkpt>
      <trkpt lat="49.6672426722943782806396484375" lon="-123.15134905278682708740234375">
        <ele>433.399993896484375</ele>
        <time>2023-07-16T19:48:47.000Z</time>
        <extensions>
          <ns3:TrackPointExtension>
            <ns3:hr>145</ns3:hr>
          </ns3:TrackPointExtension>
        </extensions>
      </trkpt>
      <trkpt lat="49.667241834104061126708984375" lon="-123.1513535790145397186279296875">
        <ele>433.600006103515625</ele>
        <time>2023-07-16T19:48:48.000Z</time>
        <extensions>
          <ns3:TrackPointExtension>
            <ns3:hr>144</ns3:hr>
          </ns3:TrackPointExtension>
        </extensions>
      </trkpt>
      <trkpt lat="49.6672228910028934478759765625" lon="-123.15140780992805957794189453125">
        <ele>434.79998779296875</ele>
        <time>2023-07-16T19:48:54.000Z</time>
        <extensions>
          <ns3:TrackPointExtension>
            <ns3:hr>143</ns3:hr>
          </ns3:TrackPointExtension>
        </extensions>
      </trkpt>
      <trkpt lat="49.66722129844129085540771484375" lon="-123.151415772736072540283203125">
        <ele>434.79998779296875</ele>
        <time>2023-07-16T19:48:56.000Z</time>
        <extensions>
          <ns3:TrackPointExtension>
            <ns3:hr>144</ns3:hr>
          </ns3:TrackPointExtension>
        </extensions>
      </trkpt>
      <trkpt lat="49.66722683049738407135009765625" lon="-123.15138995647430419921875">
        <ele>434.600006103515625</ele>
        <time>2023-07-16T19:49:01.000Z</time>
        <extensions>
          <ns3:TrackPointExtension>
            <ns3:hr>145</ns3:hr>
          </ns3:TrackPointExtension>
        </extensions>
      </trkpt>
      <trkpt lat="49.66722071170806884765625" lon="-123.1513894535601139068603515625">
        <ele>434.399993896484375</ele>
        <time>2023-07-16T19:49:07.000Z</time>
        <extensions>
          <ns3:TrackPointExtension>
            <ns3:hr>147</ns3:hr>
          </ns3:TrackPointExtension>
        </extensions>
      </trkpt>
      <trkpt lat="49.66721895150840282440185546875" lon="-123.1514021940529346466064453125">
        <ele>435.20001220703125</ele>
        <time>2023-07-16T19:49:13.000Z</time>
        <extensions>
          <ns3:TrackPointExtension>
            <ns3:hr>145</ns3:hr>
          </ns3:TrackPointExtension>
        </extensions>
      </trkpt>
      <trkpt lat="49.66724761761724948883056640625" lon="-123.151417784392833709716796875">
        <ele>436</ele>
        <time>2023-07-16T19:49:17.000Z</time>
        <extensions>
          <ns3:TrackPointExtension>
            <ns3:hr>144</ns3:hr>
          </ns3:TrackPointExtension>
        </extensions>
      </trkpt>
      <trkpt lat="49.66725834645330905914306640625" lon="-123.15140898339450359344482421875">
        <ele>436.399993896484375</ele>
        <time>2023-07-16T19:49:19.000Z</time>
        <extensions>
          <ns3:TrackPointExtension>
            <ns3:hr>144</ns3:hr>
          </ns3:TrackPointExtension>
        </extensions>
      </trkpt>
      <trkpt lat="49.66724845580756664276123046875" lon="-123.1514099054038524627685546875">
        <ele>436.600006103515625</ele>
        <time>2023-07-16T19:49:26.000Z</time>
        <extensions>
          <ns3:TrackPointExtension>
            <ns3:hr>142</ns3:hr>
          </ns3:TrackPointExtension>
        </extensions>
      </trkpt>
      <trkpt lat="49.66724325902760028839111328125" lon="-123.15138660371303558349609375">
        <ele>437</ele>
        <time>2023-07-16T19:49:29.000Z</time>
        <extensions>
          <ns3:TrackPointExtension>
            <ns3:hr>142</ns3:hr>
          </ns3:TrackPointExtension>
        </extensions>
      </trkpt>
      <trkpt lat="49.66724359430372714996337890625" lon="-123.15136657096445560455322265625">
        <ele>438.20001220703125</ele>
        <time>2023-07-16T19:49:32.000Z</time>
        <extensions>
          <ns3:TrackPointExtension>
            <ns3:hr>142</ns3:hr>
          </ns3:TrackPointExtension>
        </extensions>
      </trkpt>
      <trkpt lat="49.66726027429103851318359375" lon="-123.15131108276546001434326171875">
        <ele>439.399993896484375</ele>
        <time>2023-07-16T19:49:36.000Z</time>
        <extensions>
          <ns3:TrackPointExtension>
            <ns3:hr>143</ns3:hr>
          </ns3:TrackPointExtension>
        </extensions>
      </trkpt>
      <trkpt lat="49.6672557480633258819580078125" lon="-123.15128979273140430450439453125">
        <ele>440</ele>
        <time>2023-07-16T19:49:40.000Z</time>
        <extensions>
          <ns3:TrackPointExtension>
            <ns3:hr>144</ns3:hr>
          </ns3:TrackPointExtension>
        </extensions>
      </trkpt>
      <trkpt lat="49.667257256805896759033203125" lon="-123.15128794871270656585693359375">
        <ele>440.399993896484375</ele>
        <time>2023-07-16T19:49:43.000Z</time>
        <extensions>
          <ns3:TrackPointExtension>
            <ns3:hr>145</ns3:hr>
          </ns3:TrackPointExtension>
        </extensions>
      </trkpt>
      <trkpt lat="49.66726387850940227508544921875" lon="-123.15125609748065471649169921875">
        <ele>440.79998779296875</ele>
        <time>2023-07-16T19:49:49.000Z</time>
        <extensions>
          <ns3:TrackPointExtension>
            <ns3:hr>141</ns3:hr>
          </ns3:TrackPointExtension>
        </extensions>
      </trkpt>
      <trkpt lat="49.6672859229147434234619140625" lon="-123.15123832784593105316162109375">
        <ele>441.20001220703125</ele>
        <time>2023-07-16T19:49:56.000Z</time>
        <extensions>
          <ns3:TrackPointExtension>
            <ns3:hr>138</ns3:hr>
          </ns3:TrackPointExtension>
        </extensions>
      </trkpt>
      <trkpt lat="49.667286761105060577392578125" lon="-123.15123782493174076080322265625">
        <ele>441.399993896484375</ele>
        <time>2023-07-16T19:49:57.000Z</time>
        <extensions>
          <ns3:TrackPointExtension>
            <ns3:hr>137</ns3:hr>
          </ns3:TrackPointExtension>
        </extensions>
      </trkpt>
      <trkpt lat="49.66729338280856609344482421875" lon="-123.15123505890369415283203125">
        <ele>442.399993896484375</ele>
        <time>2023-07-16T19:50:00.000Z</time>
        <extensions>
          <ns3:TrackPointExtension>
            <ns3:hr>135</ns3:hr>
          </ns3:TrackPointExtension>
        </extensions>
      </trkpt>
      <trkpt lat="49.66729891486465930938720703125" lon="-123.15122676081955432891845703125">
        <ele>443.20001220703125</ele>
        <time>2023-07-16T19:50:04.000Z</time>
        <extensions>
          <ns3:TrackPointExtension>
            <ns3:hr>134</ns3:hr>
          </ns3:TrackPointExtension>
        </extensions>
      </trkpt>
      <trkpt lat="49.66730184853076934814453125" lon="-123.15123044885694980621337890625">
        <ele>443.600006103515625</ele>
        <time>2023-07-16T19:50:06.000Z</time>
        <extensions>
          <ns3:TrackPointExtension>
            <ns3:hr>133</ns3:hr>
          </ns3:TrackPointExtension>
        </extensions>
      </trkpt>
      <trkpt lat="49.66730578802525997161865234375" lon="-123.1512291915714740753173828125">
        <ele>444.20001220703125</ele>
        <time>2023-07-16T19:50:10.000Z</time>
        <extensions>
          <ns3:TrackPointExtension>
            <ns3:hr>132</ns3:hr>
          </ns3:TrackPointExtension>
        </extensions>
      </trkpt>
      <trkpt lat="49.6673103980720043182373046875" lon="-123.15122030675411224365234375">
        <ele>444.600006103515625</ele>
        <time>2023-07-16T19:50:12.000Z</time>
        <extensions>
          <ns3:TrackPointExtension>
            <ns3:hr>132</ns3:hr>
          </ns3:TrackPointExtension>
        </extensions>
      </trkpt>
      <trkpt lat="49.66731618158519268035888671875" lon="-123.15122122876346111297607421875">
        <ele>445</ele>
        <time>2023-07-16T19:50:14.000Z</time>
        <extensions>
          <ns3:TrackPointExtension>
            <ns3:hr>131</ns3:hr>
          </ns3:TrackPointExtension>
        </extensions>
      </trkpt>
      <trkpt lat="49.66731257736682891845703125" lon="-123.15122961066663265228271484375">
        <ele>445.600006103515625</ele>
        <time>2023-07-16T19:50:18.000Z</time>
        <extensions>
          <ns3:TrackPointExtension>
            <ns3:hr>132</ns3:hr>
          </ns3:TrackPointExtension>
        </extensions>
      </trkpt>
      <trkpt lat="49.66731416992843151092529296875" lon="-123.15121368505060672760009765625">
        <ele>445.79998779296875</ele>
        <time>2023-07-16T19:50:22.000Z</time>
        <extensions>
          <ns3:TrackPointExtension>
            <ns3:hr>131</ns3:hr>
          </ns3:TrackPointExtension>
        </extensions>
      </trkpt>
      <trkpt lat="49.66730855405330657958984375" lon="-123.151205889880657196044921875">
        <ele>446.600006103515625</ele>
        <time>2023-07-16T19:50:30.000Z</time>
        <extensions>
          <ns3:TrackPointExtension>
            <ns3:hr>132</ns3:hr>
          </ns3:TrackPointExtension>
        </extensions>
      </trkpt>
      <trkpt lat="49.6673097275197505950927734375" lon="-123.151205889880657196044921875">
        <ele>447.79998779296875</ele>
        <time>2023-07-16T19:50:38.000Z</time>
        <extensions>
          <ns3:TrackPointExtension>
            <ns3:hr>132</ns3:hr>
          </ns3:TrackPointExtension>
        </extensions>
      </trkpt>
      <trkpt lat="49.667311571538448333740234375" lon="-123.151205889880657196044921875">
        <ele>448.79998779296875</ele>
        <time>2023-07-16T19:50:43.000Z</time>
        <extensions>
          <ns3:TrackPointExtension>
            <ns3:hr>134</ns3:hr>
          </ns3:TrackPointExtension>
        </extensions>
      </trkpt>
      <trkpt lat="49.66731249354779720306396484375" lon="-123.15120329149067401885986328125">
        <ele>449</ele>
        <time>2023-07-16T19:50:48.000Z</time>
        <extensions>
          <ns3:TrackPointExtension>
            <ns3:hr>131</ns3:hr>
          </ns3:TrackPointExtension>
        </extensions>
      </trkpt>
      <trkpt lat="49.6673281677067279815673828125" lon="-123.1511901319026947021484375">
        <ele>450</ele>
        <time>2023-07-16T19:50:55.000Z</time>
        <extensions>
          <ns3:TrackPointExtension>
            <ns3:hr>130</ns3:hr>
          </ns3:TrackPointExtension>
        </extensions>
      </trkpt>
      <trkpt lat="49.66733478941023349761962890625" lon="-123.151180744171142578125">
        <ele>450.600006103515625</ele>
        <time>2023-07-16T19:50:59.000Z</time>
        <extensions>
          <ns3:TrackPointExtension>
            <ns3:hr>133</ns3:hr>
          </ns3:TrackPointExtension>
        </extensions>
      </trkpt>
      <trkpt lat="49.6673358790576457977294921875" lon="-123.15117009915411472320556640625">
        <ele>451.20001220703125</ele>
        <time>2023-07-16T19:51:01.000Z</time>
        <extensions>
          <ns3:TrackPointExtension>
            <ns3:hr>134</ns3:hr>
          </ns3:TrackPointExtension>
        </extensions>
      </trkpt>
      <trkpt lat="49.6673399023711681365966796875" lon="-123.151169009506702423095703125">
        <ele>451.600006103515625</ele>
        <time>2023-07-16T19:51:05.000Z</time>
        <extensions>
          <ns3:TrackPointExtension>
            <ns3:hr>137</ns3:hr>
          </ns3:TrackPointExtension>
        </extensions>
      </trkpt>
      <trkpt lat="49.66734183020889759063720703125" lon="-123.151169009506702423095703125">
        <ele>450.79998779296875</ele>
        <time>2023-07-16T19:51:09.000Z</time>
        <extensions>
          <ns3:TrackPointExtension>
            <ns3:hr>140</ns3:hr>
          </ns3:TrackPointExtension>
        </extensions>
      </trkpt>
      <trkpt lat="49.6673593483865261077880859375" lon="-123.151179738342761993408203125">
        <ele>450.600006103515625</ele>
        <time>2023-07-16T19:51:41.000Z</time>
        <extensions>
          <ns3:TrackPointExtension>
            <ns3:hr>137</ns3:hr>
          </ns3:TrackPointExtension>
        </extensions>
      </trkpt>
      <trkpt lat="49.6673668920993804931640625" lon="-123.1511794030666351318359375">
        <ele>450</ele>
        <time>2023-07-16T19:51:51.000Z</time>
        <extensions>
          <ns3:TrackPointExtension>
            <ns3:hr>137</ns3:hr>
          </ns3:TrackPointExtension>
        </extensions>
      </trkpt>
      <trkpt lat="49.66737695038318634033203125" lon="-123.151177726686000823974609375">
        <ele>450.79998779296875</ele>
        <time>2023-07-16T19:52:21.000Z</time>
        <extensions>
          <ns3:TrackPointExtension>
            <ns3:hr>140</ns3:hr>
          </ns3:TrackPointExtension>
        </extensions>
      </trkpt>
      <trkpt lat="49.667373597621917724609375" lon="-123.15118501894176006317138671875">
        <ele>450.79998779296875</ele>
        <time>2023-07-16T19:52:26.000Z</time>
        <extensions>
          <ns3:TrackPointExtension>
            <ns3:hr>143</ns3:hr>
          </ns3:TrackPointExtension>
        </extensions>
      </trkpt>
      <trkpt lat="49.66737334616482257843017578125" lon="-123.15118736587464809417724609375">
        <ele>450.79998779296875</ele>
        <time>2023-07-16T19:52:30.000Z</time>
        <extensions>
          <ns3:TrackPointExtension>
            <ns3:hr>147</ns3:hr>
          </ns3:TrackPointExtension>
        </extensions>
      </trkpt>
      <trkpt lat="49.667373262345790863037109375" lon="-123.15118837170302867889404296875">
        <ele>450.79998779296875</ele>
        <time>2023-07-16T19:52:32.000Z</time>
        <extensions>
          <ns3:TrackPointExtension>
            <ns3:hr>150</ns3:hr>
          </ns3:TrackPointExtension>
        </extensions>
      </trkpt>
      <trkpt lat="49.66738424263894557952880859375" lon="-123.1511896289885044097900390625">
        <ele>450.20001220703125</ele>
        <time>2023-07-16T19:52:53.000Z</time>
        <extensions>
          <ns3:TrackPointExtension>
            <ns3:hr>153</ns3:hr>
          </ns3:TrackPointExtension>
        </extensions>
      </trkpt>
      <trkpt lat="49.66739279218018054962158203125" lon="-123.15118216909468173980712890625">
        <ele>450.20001220703125</ele>
        <time>2023-07-16T19:52:56.000Z</time>
        <extensions>
          <ns3:TrackPointExtension>
            <ns3:hr>156</ns3:hr>
          </ns3:TrackPointExtension>
        </extensions>
      </trkpt>
      <trkpt lat="49.6674109809100627899169921875" lon="-123.15118786878883838653564453125">
        <ele>449.600006103515625</ele>
        <time>2023-07-16T19:53:29.000Z</time>
        <extensions>
          <ns3:TrackPointExtension>
            <ns3:hr>156</ns3:hr>
          </ns3:TrackPointExtension>
        </extensions>
      </trkpt>
      <trkpt lat="49.6674079634249210357666015625" lon="-123.1511981785297393798828125">
        <ele>449</ele>
        <time>2023-07-16T19:53:32.000Z</time>
        <extensions>
          <ns3:TrackPointExtension>
            <ns3:hr>156</ns3:hr>
          </ns3:TrackPointExtension>
        </extensions>
      </trkpt>
      <trkpt lat="49.66740402393043041229248046875" lon="-123.15119977109134197235107421875">
        <ele>448.600006103515625</ele>
        <time>2023-07-16T19:53:36.000Z</time>
        <extensions>
          <ns3:TrackPointExtension>
            <ns3:hr>156</ns3:hr>
          </ns3:TrackPointExtension>
        </extensions>
      </trkpt>
      <trkpt lat="49.66740402393043041229248046875" lon="-123.15119977109134197235107421875">
        <ele>448.600006103515625</ele>
        <time>2023-07-16T19:53:40.000Z</time>
        <extensions>
          <ns3:TrackPointExtension>
            <ns3:hr>153</ns3:hr>
          </ns3:TrackPointExtension>
        </extensions>
      </trkpt>
      <trkpt lat="49.66740402393043041229248046875" lon="-123.15119977109134197235107421875">
        <ele>448.600006103515625</ele>
        <time>2023-07-16T19:53:44.000Z</time>
        <extensions>
          <ns3:TrackPointExtension>
            <ns3:hr>149</ns3:hr>
          </ns3:TrackPointExtension>
        </extensions>
      </trkpt>
      <trkpt lat="49.66740402393043041229248046875" lon="-123.15119977109134197235107421875">
        <ele>448.399993896484375</ele>
        <time>2023-07-16T19:53:46.000Z</time>
        <extensions>
          <ns3:TrackPointExtension>
            <ns3:hr>146</ns3:hr>
          </ns3:TrackPointExtension>
        </extensions>
      </trkpt>
      <trkpt lat="49.667401425540447235107421875" lon="-123.15118887461721897125244140625">
        <ele>448</ele>
        <time>2023-07-16T19:53:52.000Z</time>
        <extensions>
          <ns3:TrackPointExtension>
            <ns3:hr>144</ns3:hr>
          </ns3:TrackPointExtension>
        </extensions>
      </trkpt>
      <trkpt lat="49.667389690876007080078125" lon="-123.1511755473911762237548828125">
        <ele>450.79998779296875</ele>
        <time>2023-07-16T19:54:25.000Z</time>
        <extensions>
          <ns3:TrackPointExtension>
            <ns3:hr>145</ns3:hr>
          </ns3:TrackPointExtension>
        </extensions>
      </trkpt>
      <trkpt lat="49.66739111579954624176025390625" lon="-123.15117764286696910858154296875">
        <ele>452</ele>
        <time>2023-07-16T19:54:30.000Z</time>
        <extensions>
          <ns3:TrackPointExtension>
            <ns3:hr>147</ns3:hr>
          </ns3:TrackPointExtension>
        </extensions>
      </trkpt>
      <trkpt lat="49.66739497147500514984130859375" lon="-123.15116406418383121490478515625">
        <ele>451.399993896484375</ele>
        <time>2023-07-16T19:54:46.000Z</time>
        <extensions>
          <ns3:TrackPointExtension>
            <ns3:hr>150</ns3:hr>
          </ns3:TrackPointExtension>
        </extensions>
      </trkpt>
      <trkpt lat="49.6673999167978763580322265625" lon="-123.151172697544097900390625">
        <ele>451</ele>
        <time>2023-07-16T19:55:07.000Z</time>
        <extensions>
          <ns3:TrackPointExtension>
            <ns3:hr>147</ns3:hr>
          </ns3:TrackPointExtension>
        </extensions>
      </trkpt>
      <trkpt lat="49.6673999167978763580322265625" lon="-123.15117613412439823150634765625">
        <ele>451</ele>
        <time>2023-07-16T19:55:08.000Z</time>
        <extensions>
          <ns3:TrackPointExtension>
            <ns3:hr>146</ns3:hr>
          </ns3:TrackPointExtension>
        </extensions>
      </trkpt>
      <trkpt lat="49.6674109809100627899169921875" lon="-123.151212595403194427490234375">
        <ele>451</ele>
        <time>2023-07-16T19:55:27.000Z</time>
        <extensions>
          <ns3:TrackPointExtension>
            <ns3:hr>144</ns3:hr>
          </ns3:TrackPointExtension>
        </extensions>
      </trkpt>
      <trkpt lat="49.66740502975881099700927734375" lon="-123.15121787600219249725341796875">
        <ele>450.20001220703125</ele>
        <time>2023-07-16T19:55:32.000Z</time>
        <extensions>
          <ns3:TrackPointExtension>
            <ns3:hr>141</ns3:hr>
          </ns3:TrackPointExtension>
        </extensions>
      </trkpt>
      <trkpt lat="49.667408466339111328125" lon="-123.1512151099741458892822265625">
        <ele>450</ele>
        <time>2023-07-16T19:55:42.000Z</time>
        <extensions>
          <ns3:TrackPointExtension>
            <ns3:hr>140</ns3:hr>
          </ns3:TrackPointExtension>
        </extensions>
      </trkpt>
      <trkpt lat="49.667408466339111328125" lon="-123.1512177921831607818603515625">
        <ele>450</ele>
        <time>2023-07-16T19:55:44.000Z</time>
        <extensions>
          <ns3:TrackPointExtension>
            <ns3:hr>140</ns3:hr>
          </ns3:TrackPointExtension>
        </extensions>
      </trkpt>
      <trkpt lat="49.66737426817417144775390625" lon="-123.15121670253574848175048828125">
        <ele>450.20001220703125</ele>
        <time>2023-07-16T19:56:43.000Z</time>
        <extensions>
          <ns3:TrackPointExtension>
            <ns3:hr>140</ns3:hr>
          </ns3:TrackPointExtension>
        </extensions>
      </trkpt>
      <trkpt lat="49.6673717536032199859619140625" lon="-123.1512107513844966888427734375">
        <ele>449.600006103515625</ele>
        <time>2023-07-16T19:56:48.000Z</time>
        <extensions>
          <ns3:TrackPointExtension>
            <ns3:hr>137</ns3:hr>
          </ns3:TrackPointExtension>
        </extensions>
      </trkpt>
      <trkpt lat="49.6673680655658245086669921875" lon="-123.15120748244225978851318359375">
        <ele>451</ele>
        <time>2023-07-16T19:56:57.000Z</time>
        <extensions>
          <ns3:TrackPointExtension>
            <ns3:hr>139</ns3:hr>
          </ns3:TrackPointExtension>
        </extensions>
      </trkpt>
      <trkpt lat="49.66736127622425556182861328125" lon="-123.15120999701321125030517578125">
        <ele>451.20001220703125</ele>
        <time>2023-07-16T19:57:26.000Z</time>
        <extensions>
          <ns3:TrackPointExtension>
            <ns3:hr>136</ns3:hr>
          </ns3:TrackPointExtension>
        </extensions>
      </trkpt>
      <trkpt lat="49.66735373251140117645263671875" lon="-123.151199854910373687744140625">
        <ele>452</ele>
        <time>2023-07-16T19:57:39.000Z</time>
        <extensions>
          <ns3:TrackPointExtension>
            <ns3:hr>138</ns3:hr>
          </ns3:TrackPointExtension>
        </extensions>
      </trkpt>
      <trkpt lat="49.6673771180212497711181640625" lon="-123.15113891847431659698486328125">
        <ele>451.399993896484375</ele>
        <time>2023-07-16T19:58:17.000Z</time>
        <extensions>
          <ns3:TrackPointExtension>
            <ns3:hr>141</ns3:hr>
          </ns3:TrackPointExtension>
        </extensions>
      </trkpt>
      <trkpt lat="49.66738575138151645660400390625" lon="-123.15114654600620269775390625">
        <ele>451.600006103515625</ele>
        <time>2023-07-16T19:58:40.000Z</time>
        <extensions>
          <ns3:TrackPointExtension>
            <ns3:hr>144</ns3:hr>
          </ns3:TrackPointExtension>
        </extensions>
      </trkpt>
      <trkpt lat="49.66738826595246791839599609375" lon="-123.15114864148199558258056640625">
        <ele>451.600006103515625</ele>
        <time>2023-07-16T19:58:45.000Z</time>
        <extensions>
          <ns3:TrackPointExtension>
            <ns3:hr>147</ns3:hr>
          </ns3:TrackPointExtension>
        </extensions>
      </trkpt>
      <trkpt lat="49.66739882715046405792236328125" lon="-123.1511664949357509613037109375">
        <ele>451.20001220703125</ele>
        <time>2023-07-16T19:59:06.000Z</time>
        <extensions>
          <ns3:TrackPointExtension>
            <ns3:hr>144</ns3:hr>
          </ns3:TrackPointExtension>
        </extensions>
      </trkpt>
      <trkpt lat="49.66740000061690807342529296875" lon="-123.1511686742305755615234375">
        <ele>451</ele>
        <time>2023-07-16T19:59:10.000Z</time>
        <extensions>
          <ns3:TrackPointExtension>
            <ns3:hr>143</ns3:hr>
          </ns3:TrackPointExtension>
        </extensions>
      </trkpt>
      <trkpt lat="49.66740083880722522735595703125" lon="-123.15117009915411472320556640625">
        <ele>451.20001220703125</ele>
        <time>2023-07-16T19:59:18.000Z</time>
        <extensions>
          <ns3:TrackPointExtension>
            <ns3:hr>140</ns3:hr>
          </ns3:TrackPointExtension>
        </extensions>
      </trkpt>
      <trkpt lat="49.66740109026432037353515625" lon="-123.1511718593537807464599609375">
        <ele>451.20001220703125</ele>
        <time>2023-07-16T19:59:23.000Z</time>
        <extensions>
          <ns3:TrackPointExtension>
            <ns3:hr>137</ns3:hr>
          </ns3:TrackPointExtension>
        </extensions>
      </trkpt>
      <trkpt lat="49.6674017608165740966796875" lon="-123.15117294900119304656982421875">
        <ele>450.399993896484375</ele>
        <time>2023-07-16T19:59:38.000Z</time>
        <extensions>
          <ns3:TrackPointExtension>
            <ns3:hr>134</ns3:hr>
          </ns3:TrackPointExtension>
        </extensions>
      </trkpt>
      <trkpt lat="49.66739974915981292724609375" lon="-123.15117831341922283172607421875">
        <ele>451.600006103515625</ele>
        <time>2023-07-16T20:00:03.000Z</time>
        <extensions>
          <ns3:TrackPointExtension>
            <ns3:hr>131</ns3:hr>
          </ns3:TrackPointExtension>
        </extensions>
      </trkpt>
      <trkpt lat="49.66739949770271778106689453125" lon="-123.1511775590479373931884765625">
        <ele>451.79998779296875</ele>
        <time>2023-07-16T20:00:10.000Z</time>
        <extensions>
          <ns3:TrackPointExtension>
            <ns3:hr>135</ns3:hr>
          </ns3:TrackPointExtension>
        </extensions>
      </trkpt>
      <trkpt lat="49.66739949770271778106689453125" lon="-123.15117747522890567779541015625">
        <ele>452</ele>
        <time>2023-07-16T20:00:11.000Z</time>
        <extensions>
          <ns3:TrackPointExtension>
            <ns3:hr>135</ns3:hr>
          </ns3:TrackPointExtension>
        </extensions>
      </trkpt>
      <trkpt lat="49.66739949770271778106689453125" lon="-123.15117730759084224700927734375">
        <ele>452.20001220703125</ele>
        <time>2023-07-16T20:00:12.000Z</time>
        <extensions>
          <ns3:TrackPointExtension>
            <ns3:hr>138</ns3:hr>
          </ns3:TrackPointExtension>
        </extensions>
      </trkpt>
      <trkpt lat="49.66739933006465435028076171875" lon="-123.15117646940052509307861328125">
        <ele>452.399993896484375</ele>
        <time>2023-07-16T20:00:18.000Z</time>
        <extensions>
          <ns3:TrackPointExtension>
            <ns3:hr>141</ns3:hr>
          </ns3:TrackPointExtension>
        </extensions>
      </trkpt>
      <trkpt lat="49.66739916242659091949462890625" lon="-123.15117613412439823150634765625">
        <ele>452.399993896484375</ele>
        <time>2023-07-16T20:00:22.000Z</time>
        <extensions>
          <ns3:TrackPointExtension>
            <ns3:hr>144</ns3:hr>
          </ns3:TrackPointExtension>
        </extensions>
      </trkpt>
      <trkpt lat="49.66739882715046405792236328125" lon="-123.15117496065795421600341796875">
        <ele>452</ele>
        <time>2023-07-16T20:00:33.000Z</time>
        <extensions>
          <ns3:TrackPointExtension>
            <ns3:hr>141</ns3:hr>
          </ns3:TrackPointExtension>
        </extensions>
      </trkpt>
      <trkpt lat="49.66739748604595661163330078125" lon="-123.1511721946299076080322265625">
        <ele>453</ele>
        <time>2023-07-16T20:00:52.000Z</time>
        <extensions>
          <ns3:TrackPointExtension>
            <ns3:hr>144</ns3:hr>
          </ns3:TrackPointExtension>
        </extensions>
      </trkpt>
      <trkpt lat="49.66739706695079803466796875" lon="-123.1511721946299076080322265625">
        <ele>453</ele>
        <time>2023-07-16T20:00:57.000Z</time>
        <extensions>
          <ns3:TrackPointExtension>
            <ns3:hr>147</ns3:hr>
          </ns3:TrackPointExtension>
        </extensions>
      </trkpt>
      <trkpt lat="49.66739597730338573455810546875" lon="-123.15116959623992443084716796875">
        <ele>453</ele>
        <time>2023-07-16T20:01:07.000Z</time>
        <extensions>
          <ns3:TrackPointExtension>
            <ns3:hr>144</ns3:hr>
          </ns3:TrackPointExtension>
        </extensions>
      </trkpt>
      <trkpt lat="49.66739564202725887298583984375" lon="-123.15116875804960727691650390625">
        <ele>453</ele>
        <time>2023-07-16T20:01:10.000Z</time>
        <extensions>
          <ns3:TrackPointExtension>
            <ns3:hr>142</ns3:hr>
          </ns3:TrackPointExtension>
        </extensions>
      </trkpt>
      <trkpt lat="49.6673955582082271575927734375" lon="-123.151167333126068115234375">
        <ele>453.79998779296875</ele>
        <time>2023-07-16T20:01:16.000Z</time>
        <extensions>
          <ns3:TrackPointExtension>
            <ns3:hr>145</ns3:hr>
          </ns3:TrackPointExtension>
        </extensions>
      </trkpt>
      <trkpt lat="49.6673955582082271575927734375" lon="-123.15116691403090953826904296875">
        <ele>454.399993896484375</ele>
        <time>2023-07-16T20:01:17.000Z</time>
        <extensions>
          <ns3:TrackPointExtension>
            <ns3:hr>147</ns3:hr>
          </ns3:TrackPointExtension>
        </extensions>
      </trkpt>
      <trkpt lat="49.66739547438919544219970703125" lon="-123.1511664949357509613037109375">
        <ele>454.79998779296875</ele>
        <time>2023-07-16T20:01:19.000Z</time>
        <extensions>
          <ns3:TrackPointExtension>
            <ns3:hr>150</ns3:hr>
          </ns3:TrackPointExtension>
        </extensions>
      </trkpt>
      <trkpt lat="49.66739547438919544219970703125" lon="-123.15116590820252895355224609375">
        <ele>455</ele>
        <time>2023-07-16T20:01:21.000Z</time>
        <extensions>
          <ns3:TrackPointExtension>
            <ns3:hr>153</ns3:hr>
          </ns3:TrackPointExtension>
        </extensions>
      </trkpt>
      <trkpt lat="49.66739530675113201141357421875" lon="-123.15116540528833866119384765625">
        <ele>454.79998779296875</ele>
        <time>2023-07-16T20:01:24.000Z</time>
        <extensions>
          <ns3:TrackPointExtension>
            <ns3:hr>157</ns3:hr>
          </ns3:TrackPointExtension>
        </extensions>
      </trkpt>
      <trkpt lat="49.6673952229321002960205078125" lon="-123.1511648185551166534423828125">
        <ele>454.79998779296875</ele>
        <time>2023-07-16T20:01:27.000Z</time>
        <extensions>
          <ns3:TrackPointExtension>
            <ns3:hr>160</ns3:hr>
          </ns3:TrackPointExtension>
        </extensions>
      </trkpt>
      <trkpt lat="49.66739497147500514984130859375" lon="-123.15116339363157749176025390625">
        <ele>455.399993896484375</ele>
        <time>2023-07-16T20:01:32.000Z</time>
        <extensions>
          <ns3:TrackPointExtension>
            <ns3:hr>161</ns3:hr>
          </ns3:TrackPointExtension>
        </extensions>
      </trkpt>
      <trkpt lat="49.6673948876559734344482421875" lon="-123.15116188488900661468505859375">
        <ele>456.600006103515625</ele>
        <time>2023-07-16T20:01:37.000Z</time>
        <extensions>
          <ns3:TrackPointExtension>
            <ns3:hr>162</ns3:hr>
          </ns3:TrackPointExtension>
        </extensions>
      </trkpt>
      <trkpt lat="49.66740050353109836578369140625" lon="-123.1511165387928485870361328125">
        <ele>457.600006103515625</ele>
        <time>2023-07-16T20:01:39.000Z</time>
        <extensions>
          <ns3:TrackPointExtension>
            <ns3:hr>162</ns3:hr>
          </ns3:TrackPointExtension>
        </extensions>
      </trkpt>
      <trkpt lat="49.6674190275371074676513671875" lon="-123.15106867812573909759521484375">
        <ele>458.399993896484375</ele>
        <time>2023-07-16T20:01:41.000Z</time>
        <extensions>
          <ns3:TrackPointExtension>
            <ns3:hr>162</ns3:hr>
          </ns3:TrackPointExtension>
        </extensions>
      </trkpt>
      <trkpt lat="49.66742766089737415313720703125" lon="-123.151014111936092376708984375">
        <ele>458.79998779296875</ele>
        <time>2023-07-16T20:01:43.000Z</time>
        <extensions>
          <ns3:TrackPointExtension>
            <ns3:hr>162</ns3:hr>
          </ns3:TrackPointExtension>
        </extensions>
      </trkpt>
      <trkpt lat="49.66743185184895992279052734375" lon="-123.1509435363113880157470703125">
        <ele>459.600006103515625</ele>
        <time>2023-07-16T20:01:47.000Z</time>
        <extensions>
          <ns3:TrackPointExtension>
            <ns3:hr>162</ns3:hr>
          </ns3:TrackPointExtension>
        </extensions>
      </trkpt>
      <trkpt lat="49.6674337796866893768310546875" lon="-123.1509482301771640777587890625">
        <ele>460</ele>
        <time>2023-07-16T20:01:49.000Z</time>
        <extensions>
          <ns3:TrackPointExtension>
            <ns3:hr>159</ns3:hr>
          </ns3:TrackPointExtension>
        </extensions>
      </trkpt>
      <trkpt lat="49.66743235476315021514892578125" lon="-123.15095418132841587066650390625">
        <ele>460.600006103515625</ele>
        <time>2023-07-16T20:01:54.000Z</time>
        <extensions>
          <ns3:TrackPointExtension>
            <ns3:hr>162</ns3:hr>
          </ns3:TrackPointExtension>
        </extensions>
      </trkpt>
      <trkpt lat="49.66743235476315021514892578125" lon="-123.15095418132841587066650390625">
        <ele>460.600006103515625</ele>
        <time>2023-07-16T20:01:55.000Z</time>
        <extensions>
          <ns3:TrackPointExtension>
            <ns3:hr>163</ns3:hr>
          </ns3:TrackPointExtension>
        </extensions>
      </trkpt>
      <trkpt lat="49.66743235476315021514892578125" lon="-123.15095367841422557830810546875">
        <ele>460.600006103515625</ele>
        <time>2023-07-16T20:02:10.000Z</time>
        <extensions>
          <ns3:TrackPointExtension>
            <ns3:hr>167</ns3:hr>
          </ns3:TrackPointExtension>
        </extensions>
      </trkpt>
      <trkpt lat="49.66743235476315021514892578125" lon="-123.1509505771100521087646484375">
        <ele>460.399993896484375</ele>
        <time>2023-07-16T20:02:13.000Z</time>
        <extensions>
          <ns3:TrackPointExtension>
            <ns3:hr>170</ns3:hr>
          </ns3:TrackPointExtension>
        </extensions>
      </trkpt>
      <trkpt lat="49.66743000783026218414306640625" lon="-123.15093507058918476104736328125">
        <ele>459.79998779296875</ele>
        <time>2023-07-16T20:02:27.000Z</time>
        <extensions>
          <ns3:TrackPointExtension>
            <ns3:hr>167</ns3:hr>
          </ns3:TrackPointExtension>
        </extensions>
      </trkpt>
      <trkpt lat="49.6674384735524654388427734375" lon="-123.15090321935713291168212890625">
        <ele>459</ele>
        <time>2023-07-16T20:03:00.000Z</time>
        <extensions>
          <ns3:TrackPointExtension>
            <ns3:hr>167</ns3:hr>
          </ns3:TrackPointExtension>
        </extensions>
      </trkpt>
      <trkpt lat="49.66743252240121364593505859375" lon="-123.1508763134479522705078125">
        <ele>459.399993896484375</ele>
        <time>2023-07-16T20:03:13.000Z</time>
        <extensions>
          <ns3:TrackPointExtension>
            <ns3:hr>170</ns3:hr>
          </ns3:TrackPointExtension>
        </extensions>
      </trkpt>
      <trkpt lat="49.6674203686416149139404296875" lon="-123.1508312188088893890380859375">
        <ele>459.79998779296875</ele>
        <time>2023-07-16T20:03:15.000Z</time>
        <extensions>
          <ns3:TrackPointExtension>
            <ns3:hr>168</ns3:hr>
          </ns3:TrackPointExtension>
        </extensions>
      </trkpt>
      <trkpt lat="49.667419530451297760009765625" lon="-123.150818310678005218505859375">
        <ele>460</ele>
        <time>2023-07-16T20:03:16.000Z</time>
        <extensions>
          <ns3:TrackPointExtension>
            <ns3:hr>168</ns3:hr>
          </ns3:TrackPointExtension>
        </extensions>
      </trkpt>
      <trkpt lat="49.66742112301290035247802734375" lon="-123.15073440782725811004638671875">
        <ele>461</ele>
        <time>2023-07-16T20:03:21.000Z</time>
        <extensions>
          <ns3:TrackPointExtension>
            <ns3:hr>166</ns3:hr>
          </ns3:TrackPointExtension>
        </extensions>
      </trkpt>
      <trkpt lat="49.66742414049804210662841796875" lon="-123.1507246010005474090576171875">
        <ele>461.20001220703125</ele>
        <time>2023-07-16T20:03:22.000Z</time>
        <extensions>
          <ns3:TrackPointExtension>
            <ns3:hr>166</ns3:hr>
          </ns3:TrackPointExtension>
        </extensions>
      </trkpt>
      <trkpt lat="49.6674223802983760833740234375" lon="-123.15067858435213565826416015625">
        <ele>462.20001220703125</ele>
        <time>2023-07-16T20:03:27.000Z</time>
        <extensions>
          <ns3:TrackPointExtension>
            <ns3:hr>166</ns3:hr>
          </ns3:TrackPointExtension>
        </extensions>
      </trkpt>
      <trkpt lat="49.6674151718616485595703125" lon="-123.15067674033343791961669921875">
        <ele>462.399993896484375</ele>
        <time>2023-07-16T20:03:28.000Z</time>
        <extensions>
          <ns3:TrackPointExtension>
            <ns3:hr>165</ns3:hr>
          </ns3:TrackPointExtension>
        </extensions>
      </trkpt>
      <trkpt lat="49.66740720905363559722900390625" lon="-123.1506595574319362640380859375">
        <ele>462.20001220703125</ele>
        <time>2023-07-16T20:03:33.000Z</time>
        <extensions>
          <ns3:TrackPointExtension>
            <ns3:hr>164</ns3:hr>
          </ns3:TrackPointExtension>
        </extensions>
      </trkpt>
      <trkpt lat="49.66743067838251590728759765625" lon="-123.1506295502185821533203125">
        <ele>461.20001220703125</ele>
        <time>2023-07-16T20:03:37.000Z</time>
        <extensions>
          <ns3:TrackPointExtension>
            <ns3:hr>162</ns3:hr>
          </ns3:TrackPointExtension>
        </extensions>
      </trkpt>
      <trkpt lat="49.66745196841657161712646484375" lon="-123.150617145001888275146484375">
        <ele>460.600006103515625</ele>
        <time>2023-07-16T20:03:41.000Z</time>
        <extensions>
          <ns3:TrackPointExtension>
            <ns3:hr>161</ns3:hr>
          </ns3:TrackPointExtension>
        </extensions>
      </trkpt>
      <trkpt lat="49.6674592606723308563232421875" lon="-123.1506189890205860137939453125">
        <ele>460.20001220703125</ele>
        <time>2023-07-16T20:03:44.000Z</time>
        <extensions>
          <ns3:TrackPointExtension>
            <ns3:hr>161</ns3:hr>
          </ns3:TrackPointExtension>
        </extensions>
      </trkpt>
      <trkpt lat="49.66745196841657161712646484375" lon="-123.15061303786933422088623046875">
        <ele>459.600006103515625</ele>
        <time>2023-07-16T20:03:47.000Z</time>
        <extensions>
          <ns3:TrackPointExtension>
            <ns3:hr>161</ns3:hr>
          </ns3:TrackPointExtension>
        </extensions>
      </trkpt>
      <trkpt lat="49.66746940277516841888427734375" lon="-123.15059476532042026519775390625">
        <ele>459.20001220703125</ele>
        <time>2023-07-16T20:03:50.000Z</time>
        <extensions>
          <ns3:TrackPointExtension>
            <ns3:hr>160</ns3:hr>
          </ns3:TrackPointExtension>
        </extensions>
      </trkpt>
      <trkpt lat="49.66747795231640338897705078125" lon="-123.15058722160756587982177734375">
        <ele>459</ele>
        <time>2023-07-16T20:03:51.000Z</time>
        <extensions>
          <ns3:TrackPointExtension>
            <ns3:hr>160</ns3:hr>
          </ns3:TrackPointExtension>
        </extensions>
      </trkpt>
      <trkpt lat="49.66749454848468303680419921875" lon="-123.1505777500569820404052734375">
        <ele>458</ele>
        <time>2023-07-16T20:03:56.000Z</time>
        <extensions>
          <ns3:TrackPointExtension>
            <ns3:hr>161</ns3:hr>
          </ns3:TrackPointExtension>
        </extensions>
      </trkpt>
      <trkpt lat="49.66749823652207851409912109375" lon="-123.15057967789471149444580078125">
        <ele>457.79998779296875</ele>
        <time>2023-07-16T20:03:57.000Z</time>
        <extensions>
          <ns3:TrackPointExtension>
            <ns3:hr>161</ns3:hr>
          </ns3:TrackPointExtension>
        </extensions>
      </trkpt>
      <trkpt lat="49.66751483269035816192626953125" lon="-123.1505583040416240692138671875">
        <ele>457.399993896484375</ele>
        <time>2023-07-16T20:04:05.000Z</time>
        <extensions>
          <ns3:TrackPointExtension>
            <ns3:hr>161</ns3:hr>
          </ns3:TrackPointExtension>
        </extensions>
      </trkpt>
      <trkpt lat="49.66752053238451480865478515625" lon="-123.150528632104396820068359375">
        <ele>458.399993896484375</ele>
        <time>2023-07-16T20:04:14.000Z</time>
        <extensions>
          <ns3:TrackPointExtension>
            <ns3:hr>160</ns3:hr>
          </ns3:TrackPointExtension>
        </extensions>
      </trkpt>
      <trkpt lat="49.66752053238451480865478515625" lon="-123.150528632104396820068359375">
        <ele>458.79998779296875</ele>
        <time>2023-07-16T20:04:20.000Z</time>
        <extensions>
          <ns3:TrackPointExtension>
            <ns3:hr>160</ns3:hr>
          </ns3:TrackPointExtension>
        </extensions>
      </trkpt>
      <trkpt lat="49.66752053238451480865478515625" lon="-123.150528632104396820068359375">
        <ele>459.20001220703125</ele>
        <time>2023-07-16T20:04:21.000Z</time>
        <extensions>
          <ns3:TrackPointExtension>
            <ns3:hr>160</ns3:hr>
          </ns3:TrackPointExtension>
        </extensions>
      </trkpt>
      <trkpt lat="49.66752053238451480865478515625" lon="-123.150528632104396820068359375">
        <ele>460.20001220703125</ele>
        <time>2023-07-16T20:04:25.000Z</time>
        <extensions>
          <ns3:TrackPointExtension>
            <ns3:hr>161</ns3:hr>
          </ns3:TrackPointExtension>
        </extensions>
      </trkpt>
      <trkpt lat="49.66752103529870510101318359375" lon="-123.150528632104396820068359375">
        <ele>461.600006103515625</ele>
        <time>2023-07-16T20:04:29.000Z</time>
        <extensions>
          <ns3:TrackPointExtension>
            <ns3:hr>161</ns3:hr>
          </ns3:TrackPointExtension>
        </extensions>
      </trkpt>
      <trkpt lat="49.667535535991191864013671875" lon="-123.15047490410506725311279296875">
        <ele>462.600006103515625</ele>
        <time>2023-07-16T20:04:38.000Z</time>
        <extensions>
          <ns3:TrackPointExtension>
            <ns3:hr>159</ns3:hr>
          </ns3:TrackPointExtension>
        </extensions>
      </trkpt>
      <trkpt lat="49.66754467226564884185791015625" lon="-123.1504573859274387359619140625">
        <ele>463.20001220703125</ele>
        <time>2023-07-16T20:04:42.000Z</time>
        <extensions>
          <ns3:TrackPointExtension>
            <ns3:hr>163</ns3:hr>
          </ns3:TrackPointExtension>
        </extensions>
      </trkpt>
      <trkpt lat="49.66754517517983913421630859375" lon="-123.1504543684422969818115234375">
        <ele>463.399993896484375</ele>
        <time>2023-07-16T20:04:43.000Z</time>
        <extensions>
          <ns3:TrackPointExtension>
            <ns3:hr>166</ns3:hr>
          </ns3:TrackPointExtension>
        </extensions>
      </trkpt>
      <trkpt lat="49.66754592955112457275390625" lon="-123.15044925548136234283447265625">
        <ele>463.399993896484375</ele>
        <time>2023-07-16T20:04:44.000Z</time>
        <extensions>
          <ns3:TrackPointExtension>
            <ns3:hr>169</ns3:hr>
          </ns3:TrackPointExtension>
        </extensions>
      </trkpt>
      <trkpt lat="49.66754634864628314971923828125" lon="-123.150446154177188873291015625">
        <ele>463.600006103515625</ele>
        <time>2023-07-16T20:04:45.000Z</time>
        <extensions>
          <ns3:TrackPointExtension>
            <ns3:hr>166</ns3:hr>
          </ns3:TrackPointExtension>
        </extensions>
      </trkpt>
      <trkpt lat="49.66754651628434658050537109375" lon="-123.15044338814914226531982421875">
        <ele>463.600006103515625</ele>
        <time>2023-07-16T20:04:46.000Z</time>
        <extensions>
          <ns3:TrackPointExtension>
            <ns3:hr>166</ns3:hr>
          </ns3:TrackPointExtension>
        </extensions>
      </trkpt>
      <trkpt lat="49.66755053959786891937255859375" lon="-123.15044171176850795745849609375">
        <ele>463.600006103515625</ele>
        <time>2023-07-16T20:04:47.000Z</time>
        <extensions>
          <ns3:TrackPointExtension>
            <ns3:hr>169</ns3:hr>
          </ns3:TrackPointExtension>
        </extensions>
      </trkpt>
      <trkpt lat="49.66756210662424564361572265625" lon="-123.150436095893383026123046875">
        <ele>463.600006103515625</ele>
        <time>2023-07-16T20:04:49.000Z</time>
        <extensions>
          <ns3:TrackPointExtension>
            <ns3:hr>167</ns3:hr>
          </ns3:TrackPointExtension>
        </extensions>
      </trkpt>
      <trkpt lat="49.66757920570671558380126953125" lon="-123.150421679019927978515625">
        <ele>463.600006103515625</ele>
        <time>2023-07-16T20:04:53.000Z</time>
        <extensions>
          <ns3:TrackPointExtension>
            <ns3:hr>169</ns3:hr>
          </ns3:TrackPointExtension>
        </extensions>
      </trkpt>
      <trkpt lat="49.6675823070108890533447265625" lon="-123.1504211761057376861572265625">
        <ele>463.79998779296875</ele>
        <time>2023-07-16T20:04:54.000Z</time>
        <extensions>
          <ns3:TrackPointExtension>
            <ns3:hr>170</ns3:hr>
          </ns3:TrackPointExtension>
        </extensions>
      </trkpt>
      <trkpt lat="49.66759261675179004669189453125" lon="-123.15041488967835903167724609375">
        <ele>463.79998779296875</ele>
        <time>2023-07-16T20:04:55.000Z</time>
        <extensions>
          <ns3:TrackPointExtension>
            <ns3:hr>171</ns3:hr>
          </ns3:TrackPointExtension>
        </extensions>
      </trkpt>
      <trkpt lat="49.6676309220492839813232421875" lon="-123.15035537816584110260009765625">
        <ele>464.399993896484375</ele>
        <time>2023-07-16T20:04:58.000Z</time>
        <extensions>
          <ns3:TrackPointExtension>
            <ns3:hr>173</ns3:hr>
          </ns3:TrackPointExtension>
        </extensions>
      </trkpt>
      <trkpt lat="49.66764525510370731353759765625" lon="-123.150335848331451416015625">
        <ele>464.399993896484375</ele>
        <time>2023-07-16T20:04:59.000Z</time>
        <extensions>
          <ns3:TrackPointExtension>
            <ns3:hr>174</ns3:hr>
          </ns3:TrackPointExtension>
        </extensions>
      </trkpt>
      <trkpt lat="49.66767199337482452392578125" lon="-123.15029704011976718902587890625">
        <ele>464.600006103515625</ele>
        <time>2023-07-16T20:05:01.000Z</time>
        <extensions>
          <ns3:TrackPointExtension>
            <ns3:hr>175</ns3:hr>
          </ns3:TrackPointExtension>
        </extensions>
      </trkpt>
      <trkpt lat="49.6676889248192310333251953125" lon="-123.1502850539982318878173828125">
        <ele>464.79998779296875</ele>
        <time>2023-07-16T20:05:02.000Z</time>
        <extensions>
          <ns3:TrackPointExtension>
            <ns3:hr>175</ns3:hr>
          </ns3:TrackPointExtension>
        </extensions>
      </trkpt>
      <trkpt lat="49.66771893203258514404296875" lon="-123.1502327509224414825439453125">
        <ele>465.600006103515625</ele>
        <time>2023-07-16T20:05:06.000Z</time>
        <extensions>
          <ns3:TrackPointExtension>
            <ns3:hr>175</ns3:hr>
          </ns3:TrackPointExtension>
        </extensions>
      </trkpt>
      <trkpt lat="49.66774885542690753936767578125" lon="-123.1502086110413074493408203125">
        <ele>465.600006103515625</ele>
        <time>2023-07-16T20:05:11.000Z</time>
        <extensions>
          <ns3:TrackPointExtension>
            <ns3:hr>174</ns3:hr>
          </ns3:TrackPointExtension>
        </extensions>
      </trkpt>
      <trkpt lat="49.66773477382957935333251953125" lon="-123.15020299516618251800537109375">
        <ele>465.399993896484375</ele>
        <time>2023-07-16T20:05:16.000Z</time>
        <extensions>
          <ns3:TrackPointExtension>
            <ns3:hr>173</ns3:hr>
          </ns3:TrackPointExtension>
        </extensions>
      </trkpt>
      <trkpt lat="49.667737372219562530517578125" lon="-123.15019570291042327880859375">
        <ele>465.600006103515625</ele>
        <time>2023-07-16T20:05:20.000Z</time>
        <extensions>
          <ns3:TrackPointExtension>
            <ns3:hr>172</ns3:hr>
          </ns3:TrackPointExtension>
        </extensions>
      </trkpt>
      <trkpt lat="49.66773829422891139984130859375" lon="-123.15019796602427959442138671875">
        <ele>465.600006103515625</ele>
        <time>2023-07-16T20:05:24.000Z</time>
        <extensions>
          <ns3:TrackPointExtension>
            <ns3:hr>169</ns3:hr>
          </ns3:TrackPointExtension>
        </extensions>
      </trkpt>
      <trkpt lat="49.66773829422891139984130859375" lon="-123.15019796602427959442138671875">
        <ele>465.79998779296875</ele>
        <time>2023-07-16T20:05:26.000Z</time>
        <extensions>
          <ns3:TrackPointExtension>
            <ns3:hr>169</ns3:hr>
          </ns3:TrackPointExtension>
        </extensions>
      </trkpt>
      <trkpt lat="49.6677385456860065460205078125" lon="-123.15019796602427959442138671875">
        <ele>465.79998779296875</ele>
        <time>2023-07-16T20:05:36.000Z</time>
        <extensions>
          <ns3:TrackPointExtension>
            <ns3:hr>167</ns3:hr>
          </ns3:TrackPointExtension>
        </extensions>
      </trkpt>
      <trkpt lat="49.66773862950503826141357421875" lon="-123.15019796602427959442138671875">
        <ele>467</ele>
        <time>2023-07-16T20:05:39.000Z</time>
        <extensions>
          <ns3:TrackPointExtension>
            <ns3:hr>166</ns3:hr>
          </ns3:TrackPointExtension>
        </extensions>
      </trkpt>
      <trkpt lat="49.66773946769535541534423828125" lon="-123.15019696019589900970458984375">
        <ele>466.79998779296875</ele>
        <time>2023-07-16T20:05:48.000Z</time>
        <extensions>
          <ns3:TrackPointExtension>
            <ns3:hr>163</ns3:hr>
          </ns3:TrackPointExtension>
        </extensions>
      </trkpt>
      <trkpt lat="49.66774575412273406982421875" lon="-123.15018832683563232421875">
        <ele>466.79998779296875</ele>
        <time>2023-07-16T20:06:06.000Z</time>
        <extensions>
          <ns3:TrackPointExtension>
            <ns3:hr>160</ns3:hr>
          </ns3:TrackPointExtension>
        </extensions>
      </trkpt>
      <trkpt lat="49.6677472628653049468994140625" lon="-123.15018723718822002410888671875">
        <ele>466.79998779296875</ele>
        <time>2023-07-16T20:06:12.000Z</time>
        <extensions>
          <ns3:TrackPointExtension>
            <ns3:hr>157</ns3:hr>
          </ns3:TrackPointExtension>
        </extensions>
      </trkpt>
      <trkpt lat="49.667748101055622100830078125" lon="-123.1501869857311248779296875">
        <ele>466.79998779296875</ele>
        <time>2023-07-16T20:06:15.000Z</time>
        <extensions>
          <ns3:TrackPointExtension>
            <ns3:hr>154</ns3:hr>
          </ns3:TrackPointExtension>
        </extensions>
      </trkpt>
      <trkpt lat="49.6677499450743198394775390625" lon="-123.15018639899790287017822265625">
        <ele>466.79998779296875</ele>
        <time>2023-07-16T20:06:18.000Z</time>
        <extensions>
          <ns3:TrackPointExtension>
            <ns3:hr>151</ns3:hr>
          </ns3:TrackPointExtension>
        </extensions>
      </trkpt>
      <trkpt lat="49.66775380074977874755859375" lon="-123.15018220804631710052490234375">
        <ele>466.399993896484375</ele>
        <time>2023-07-16T20:06:37.000Z</time>
        <extensions>
          <ns3:TrackPointExtension>
            <ns3:hr>148</ns3:hr>
          </ns3:TrackPointExtension>
        </extensions>
      </trkpt>
      <trkpt lat="49.66775807552039623260498046875" lon="-123.15018019638955593109130859375">
        <ele>466</ele>
        <time>2023-07-16T20:06:42.000Z</time>
        <extensions>
          <ns3:TrackPointExtension>
            <ns3:hr>148</ns3:hr>
          </ns3:TrackPointExtension>
        </extensions>
      </trkpt>
      <trkpt lat="49.667769558727741241455078125" lon="-123.1501767598092555999755859375">
        <ele>466.600006103515625</ele>
        <time>2023-07-16T20:06:49.000Z</time>
        <extensions>
          <ns3:TrackPointExtension>
            <ns3:hr>151</ns3:hr>
          </ns3:TrackPointExtension>
        </extensions>
      </trkpt>
      <trkpt lat="49.66781473718583583831787109375" lon="-123.15011934377253055572509765625">
        <ele>466.79998779296875</ele>
        <time>2023-07-16T20:06:54.000Z</time>
        <extensions>
          <ns3:TrackPointExtension>
            <ns3:hr>149</ns3:hr>
          </ns3:TrackPointExtension>
        </extensions>
      </trkpt>
      <trkpt lat="49.667831249535083770751953125" lon="-123.15008707344532012939453125">
        <ele>467</ele>
        <time>2023-07-16T20:06:56.000Z</time>
        <extensions>
          <ns3:TrackPointExtension>
            <ns3:hr>149</ns3:hr>
          </ns3:TrackPointExtension>
        </extensions>
      </trkpt>
      <trkpt lat="49.66783954761922359466552734375" lon="-123.1500691361725330352783203125">
        <ele>467</ele>
        <time>2023-07-16T20:06:57.000Z</time>
        <extensions>
          <ns3:TrackPointExtension>
            <ns3:hr>149</ns3:hr>
          </ns3:TrackPointExtension>
        </extensions>
      </trkpt>
      <trkpt lat="49.6678562276065349578857421875" lon="-123.15003904514014720916748046875">
        <ele>467.20001220703125</ele>
        <time>2023-07-16T20:06:59.000Z</time>
        <extensions>
          <ns3:TrackPointExtension>
            <ns3:hr>149</ns3:hr>
          </ns3:TrackPointExtension>
        </extensions>
      </trkpt>
      <trkpt lat="49.66787424869835376739501953125" lon="-123.1499903462827205657958984375">
        <ele>467.399993896484375</ele>
        <time>2023-07-16T20:07:01.000Z</time>
        <extensions>
          <ns3:TrackPointExtension>
            <ns3:hr>149</ns3:hr>
          </ns3:TrackPointExtension>
        </extensions>
      </trkpt>
      <trkpt lat="49.66787894256412982940673828125" lon="-123.14997785724699497222900390625">
        <ele>467.600006103515625</ele>
        <time>2023-07-16T20:07:02.000Z</time>
        <extensions>
          <ns3:TrackPointExtension>
            <ns3:hr>149</ns3:hr>
          </ns3:TrackPointExtension>
        </extensions>
      </trkpt>
      <trkpt lat="49.6679028309881687164306640625" lon="-123.1499464251101016998291015625">
        <ele>467.20001220703125</ele>
        <time>2023-07-16T20:07:09.000Z</time>
        <extensions>
          <ns3:TrackPointExtension>
            <ns3:hr>150</ns3:hr>
          </ns3:TrackPointExtension>
        </extensions>
      </trkpt>
      <trkpt lat="49.6679048426449298858642578125" lon="-123.149891607463359832763671875">
        <ele>467</ele>
        <time>2023-07-16T20:07:16.000Z</time>
        <extensions>
          <ns3:TrackPointExtension>
            <ns3:hr>151</ns3:hr>
          </ns3:TrackPointExtension>
        </extensions>
      </trkpt>
      <trkpt lat="49.6679722331464290618896484375" lon="-123.14986771903932094573974609375">
        <ele>467</ele>
        <time>2023-07-16T20:07:22.000Z</time>
        <extensions>
          <ns3:TrackPointExtension>
            <ns3:hr>152</ns3:hr>
          </ns3:TrackPointExtension>
        </extensions>
      </trkpt>
      <trkpt lat="49.6679809503257274627685546875" lon="-123.14984894357621669769287109375">
        <ele>467</ele>
        <time>2023-07-16T20:07:27.000Z</time>
        <extensions>
          <ns3:TrackPointExtension>
            <ns3:hr>152</ns3:hr>
          </ns3:TrackPointExtension>
        </extensions>
      </trkpt>
      <trkpt lat="49.6679849736392498016357421875" lon="-123.149823881685733795166015625">
        <ele>467</ele>
        <time>2023-07-16T20:07:35.000Z</time>
        <extensions>
          <ns3:TrackPointExtension>
            <ns3:hr>151</ns3:hr>
          </ns3:TrackPointExtension>
        </extensions>
      </trkpt>
      <trkpt lat="49.66800718568265438079833984375" lon="-123.149792365729808807373046875">
        <ele>467</ele>
        <time>2023-07-16T20:07:41.000Z</time>
        <extensions>
          <ns3:TrackPointExtension>
            <ns3:hr>149</ns3:hr>
          </ns3:TrackPointExtension>
        </extensions>
      </trkpt>
      <trkpt lat="49.668047167360782623291015625" lon="-123.1497482769191265106201171875">
        <ele>467</ele>
        <time>2023-07-16T20:07:47.000Z</time>
        <extensions>
          <ns3:TrackPointExtension>
            <ns3:hr>148</ns3:hr>
          </ns3:TrackPointExtension>
        </extensions>
      </trkpt>
      <trkpt lat="49.6680627577006816864013671875" lon="-123.149726651608943939208984375">
        <ele>467</ele>
        <time>2023-07-16T20:07:52.000Z</time>
        <extensions>
          <ns3:TrackPointExtension>
            <ns3:hr>145</ns3:hr>
          </ns3:TrackPointExtension>
        </extensions>
      </trkpt>
      <trkpt lat="49.66807927004992961883544921875" lon="-123.14965113066136837005615234375">
        <ele>467</ele>
        <time>2023-07-16T20:07:59.000Z</time>
        <extensions>
          <ns3:TrackPointExtension>
            <ns3:hr>143</ns3:hr>
          </ns3:TrackPointExtension>
        </extensions>
      </trkpt>
      <trkpt lat="49.668094106018543243408203125" lon="-123.14962573349475860595703125">
        <ele>467</ele>
        <time>2023-07-16T20:08:03.000Z</time>
        <extensions>
          <ns3:TrackPointExtension>
            <ns3:hr>142</ns3:hr>
          </ns3:TrackPointExtension>
        </extensions>
      </trkpt>
      <trkpt lat="49.66809578239917755126953125" lon="-123.14961902797222137451171875">
        <ele>463.79998779296875</ele>
        <time>2023-07-16T20:08:04.000Z</time>
        <extensions>
          <ns3:TrackPointExtension>
            <ns3:hr>142</ns3:hr>
          </ns3:TrackPointExtension>
        </extensions>
      </trkpt>
      <trkpt lat="49.66811246238648891448974609375" lon="-123.1496074609458446502685546875">
        <ele>462</ele>
        <time>2023-07-16T20:08:05.000Z</time>
        <extensions>
          <ns3:TrackPointExtension>
            <ns3:hr>144</ns3:hr>
          </ns3:TrackPointExtension>
        </extensions>
      </trkpt>
      <trkpt lat="49.66811631806194782257080078125" lon="-123.14960368908941745758056640625">
        <ele>460.79998779296875</ele>
        <time>2023-07-16T20:08:06.000Z</time>
        <extensions>
          <ns3:TrackPointExtension>
            <ns3:hr>142</ns3:hr>
          </ns3:TrackPointExtension>
        </extensions>
      </trkpt>
      <trkpt lat="49.668129980564117431640625" lon="-123.14958013594150543212890625">
        <ele>460</ele>
        <time>2023-07-16T20:08:08.000Z</time>
        <extensions>
          <ns3:TrackPointExtension>
            <ns3:hr>142</ns3:hr>
          </ns3:TrackPointExtension>
        </extensions>
      </trkpt>
      <trkpt lat="49.668150432407855987548828125" lon="-123.14957167021930217742919921875">
        <ele>459.600006103515625</ele>
        <time>2023-07-16T20:08:09.000Z</time>
        <extensions>
          <ns3:TrackPointExtension>
            <ns3:hr>142</ns3:hr>
          </ns3:TrackPointExtension>
        </extensions>
      </trkpt>
      <trkpt lat="49.66819770634174346923828125" lon="-123.149547278881072998046875">
        <ele>458.79998779296875</ele>
        <time>2023-07-16T20:08:12.000Z</time>
        <extensions>
          <ns3:TrackPointExtension>
            <ns3:hr>141</ns3:hr>
          </ns3:TrackPointExtension>
        </extensions>
      </trkpt>
      <trkpt lat="49.66822343878448009490966796875" lon="-123.1495363824069499969482421875">
        <ele>458.600006103515625</ele>
        <time>2023-07-16T20:08:16.000Z</time>
        <extensions>
          <ns3:TrackPointExtension>
            <ns3:hr>141</ns3:hr>
          </ns3:TrackPointExtension>
        </extensions>
      </trkpt>
      <trkpt lat="49.66822318732738494873046875" lon="-123.149536885321140289306640625">
        <ele>458.399993896484375</ele>
        <time>2023-07-16T20:08:17.000Z</time>
        <extensions>
          <ns3:TrackPointExtension>
            <ns3:hr>141</ns3:hr>
          </ns3:TrackPointExtension>
        </extensions>
      </trkpt>
      <trkpt lat="49.668238945305347442626953125" lon="-123.14948919229209423065185546875">
        <ele>457.79998779296875</ele>
        <time>2023-07-16T20:08:26.000Z</time>
        <extensions>
          <ns3:TrackPointExtension>
            <ns3:hr>143</ns3:hr>
          </ns3:TrackPointExtension>
        </extensions>
      </trkpt>
      <trkpt lat="49.668251015245914459228515625" lon="-123.14946454949676990509033203125">
        <ele>457.399993896484375</ele>
        <time>2023-07-16T20:08:29.000Z</time>
        <extensions>
          <ns3:TrackPointExtension>
            <ns3:hr>144</ns3:hr>
          </ns3:TrackPointExtension>
        </extensions>
      </trkpt>
      <trkpt lat="49.66825495474040508270263671875" lon="-123.14945583231747150421142578125">
        <ele>457</ele>
        <time>2023-07-16T20:08:32.000Z</time>
        <extensions>
          <ns3:TrackPointExtension>
            <ns3:hr>145</ns3:hr>
          </ns3:TrackPointExtension>
        </extensions>
      </trkpt>
      <trkpt lat="49.66825269162654876708984375" lon="-123.14944460056722164154052734375">
        <ele>456.399993896484375</ele>
        <time>2023-07-16T20:08:38.000Z</time>
        <extensions>
          <ns3:TrackPointExtension>
            <ns3:hr>145</ns3:hr>
          </ns3:TrackPointExtension>
        </extensions>
      </trkpt>
      <trkpt lat="49.6683068387210369110107421875" lon="-123.14939145930111408233642578125">
        <ele>456.600006103515625</ele>
        <time>2023-07-16T20:08:45.000Z</time>
        <extensions>
          <ns3:TrackPointExtension>
            <ns3:hr>145</ns3:hr>
          </ns3:TrackPointExtension>
        </extensions>
      </trkpt>
      <trkpt lat="49.6683396957814693450927734375" lon="-123.14935944043099880218505859375">
        <ele>456.399993896484375</ele>
        <time>2023-07-16T20:08:51.000Z</time>
        <extensions>
          <ns3:TrackPointExtension>
            <ns3:hr>142</ns3:hr>
          </ns3:TrackPointExtension>
        </extensions>
      </trkpt>
      <trkpt lat="49.668338187038898468017578125" lon="-123.1493264995515346527099609375">
        <ele>456.79998779296875</ele>
        <time>2023-07-16T20:08:54.000Z</time>
        <extensions>
          <ns3:TrackPointExtension>
            <ns3:hr>140</ns3:hr>
          </ns3:TrackPointExtension>
        </extensions>
      </trkpt>
      <trkpt lat="49.66833760030567646026611328125" lon="-123.1493010185658931732177734375">
        <ele>457.399993896484375</ele>
        <time>2023-07-16T20:08:56.000Z</time>
        <extensions>
          <ns3:TrackPointExtension>
            <ns3:hr>138</ns3:hr>
          </ns3:TrackPointExtension>
        </extensions>
      </trkpt>
      <trkpt lat="49.66833424754440784454345703125" lon="-123.14929582178592681884765625">
        <ele>457.600006103515625</ele>
        <time>2023-07-16T20:08:57.000Z</time>
        <extensions>
          <ns3:TrackPointExtension>
            <ns3:hr>137</ns3:hr>
          </ns3:TrackPointExtension>
        </extensions>
      </trkpt>
      <trkpt lat="49.6683417074382305145263671875" lon="-123.14924477599561214447021484375">
        <ele>458.399993896484375</ele>
        <time>2023-07-16T20:09:01.000Z</time>
        <extensions>
          <ns3:TrackPointExtension>
            <ns3:hr>136</ns3:hr>
          </ns3:TrackPointExtension>
        </extensions>
      </trkpt>
      <trkpt lat="49.66834112070500850677490234375" lon="-123.14923689700663089752197265625">
        <ele>458.399993896484375</ele>
        <time>2023-07-16T20:09:02.000Z</time>
        <extensions>
          <ns3:TrackPointExtension>
            <ns3:hr>136</ns3:hr>
          </ns3:TrackPointExtension>
        </extensions>
      </trkpt>
      <trkpt lat="49.66834095306694507598876953125" lon="-123.14920772798359394073486328125">
        <ele>458.600006103515625</ele>
        <time>2023-07-16T20:09:05.000Z</time>
        <extensions>
          <ns3:TrackPointExtension>
            <ns3:hr>134</ns3:hr>
          </ns3:TrackPointExtension>
        </extensions>
      </trkpt>
      <trkpt lat="49.6683380194008350372314453125" lon="-123.14920387230813503265380859375">
        <ele>458.600006103515625</ele>
        <time>2023-07-16T20:09:06.000Z</time>
        <extensions>
          <ns3:TrackPointExtension>
            <ns3:hr>136</ns3:hr>
          </ns3:TrackPointExtension>
        </extensions>
      </trkpt>
      <trkpt lat="49.66833659447729587554931640625" lon="-123.14920119009912014007568359375">
        <ele>458.600006103515625</ele>
        <time>2023-07-16T20:09:07.000Z</time>
        <extensions>
          <ns3:TrackPointExtension>
            <ns3:hr>136</ns3:hr>
          </ns3:TrackPointExtension>
        </extensions>
      </trkpt>
      <trkpt lat="49.66837347485125064849853515625" lon="-123.14915223978459835052490234375">
        <ele>458.79998779296875</ele>
        <time>2023-07-16T20:09:10.000Z</time>
        <extensions>
          <ns3:TrackPointExtension>
            <ns3:hr>135</ns3:hr>
          </ns3:TrackPointExtension>
        </extensions>
      </trkpt>
      <trkpt lat="49.66838571242988109588623046875" lon="-123.14910965971648693084716796875">
        <ele>459</ele>
        <time>2023-07-16T20:09:12.000Z</time>
        <extensions>
          <ns3:TrackPointExtension>
            <ns3:hr>135</ns3:hr>
          </ns3:TrackPointExtension>
        </extensions>
      </trkpt>
      <trkpt lat="49.66841789893805980682373046875" lon="-123.149071522057056427001953125">
        <ele>459</ele>
        <time>2023-07-16T20:09:14.000Z</time>
        <extensions>
          <ns3:TrackPointExtension>
            <ns3:hr>135</ns3:hr>
          </ns3:TrackPointExtension>
        </extensions>
      </trkpt>
      <trkpt lat="49.668444134294986724853515625" lon="-123.14904444850981235504150390625">
        <ele>458.600006103515625</ele>
        <time>2023-07-16T20:09:17.000Z</time>
        <extensions>
          <ns3:TrackPointExtension>
            <ns3:hr>135</ns3:hr>
          </ns3:TrackPointExtension>
        </extensions>
      </trkpt>
      <trkpt lat="49.66844446957111358642578125" lon="-123.14904042519629001617431640625">
        <ele>458.399993896484375</ele>
        <time>2023-07-16T20:09:18.000Z</time>
        <extensions>
          <ns3:TrackPointExtension>
            <ns3:hr>135</ns3:hr>
          </ns3:TrackPointExtension>
        </extensions>
      </trkpt>
      <trkpt lat="49.66845989227294921875" lon="-123.14895677380263805389404296875">
        <ele>457.79998779296875</ele>
        <time>2023-07-16T20:09:23.000Z</time>
        <extensions>
          <ns3:TrackPointExtension>
            <ns3:hr>136</ns3:hr>
          </ns3:TrackPointExtension>
        </extensions>
      </trkpt>
      <trkpt lat="49.66849082149565219879150390625" lon="-123.1488819234073162078857421875">
        <ele>458</ele>
        <time>2023-07-16T20:09:29.000Z</time>
        <extensions>
          <ns3:TrackPointExtension>
            <ns3:hr>137</ns3:hr>
          </ns3:TrackPointExtension>
        </extensions>
      </trkpt>
      <trkpt lat="49.668517895042896270751953125" lon="-123.1488775648176670074462890625">
        <ele>458</ele>
        <time>2023-07-16T20:09:35.000Z</time>
        <extensions>
          <ns3:TrackPointExtension>
            <ns3:hr>137</ns3:hr>
          </ns3:TrackPointExtension>
        </extensions>
      </trkpt>
      <trkpt lat="49.66854899190366268157958984375" lon="-123.14890178851783275604248046875">
        <ele>458</ele>
        <time>2023-07-16T20:09:40.000Z</time>
        <extensions>
          <ns3:TrackPointExtension>
            <ns3:hr>136</ns3:hr>
          </ns3:TrackPointExtension>
        </extensions>
      </trkpt>
      <trkpt lat="49.66856173239648342132568359375" lon="-123.1489167921245098114013671875">
        <ele>458</ele>
        <time>2023-07-16T20:09:45.000Z</time>
        <extensions>
          <ns3:TrackPointExtension>
            <ns3:hr>136</ns3:hr>
          </ns3:TrackPointExtension>
        </extensions>
      </trkpt>
      <trkpt lat="49.6685468964278697967529296875" lon="-123.14893028698861598968505859375">
        <ele>458</ele>
        <time>2023-07-16T20:09:52.000Z</time>
        <extensions>
          <ns3:TrackPointExtension>
            <ns3:hr>137</ns3:hr>
          </ns3:TrackPointExtension>
        </extensions>
      </trkpt>
      <trkpt lat="49.668549410998821258544921875" lon="-123.14893548376858234405517578125">
        <ele>458</ele>
        <time>2023-07-16T20:09:54.000Z</time>
        <extensions>
          <ns3:TrackPointExtension>
            <ns3:hr>134</ns3:hr>
          </ns3:TrackPointExtension>
        </extensions>
      </trkpt>
      <trkpt lat="49.66854371130466461181640625" lon="-123.148937411606311798095703125">
        <ele>458</ele>
        <time>2023-07-16T20:09:56.000Z</time>
        <extensions>
          <ns3:TrackPointExtension>
            <ns3:hr>133</ns3:hr>
          </ns3:TrackPointExtension>
        </extensions>
      </trkpt>
      <trkpt lat="49.6685586310923099517822265625" lon="-123.14893296919763088226318359375">
        <ele>458</ele>
        <time>2023-07-16T20:10:00.000Z</time>
        <extensions>
          <ns3:TrackPointExtension>
            <ns3:hr>134</ns3:hr>
          </ns3:TrackPointExtension>
        </extensions>
      </trkpt>
      <trkpt lat="49.66857816092669963836669921875" lon="-123.1489161215722560882568359375">
        <ele>458</ele>
        <time>2023-07-16T20:10:05.000Z</time>
        <extensions>
          <ns3:TrackPointExtension>
            <ns3:hr>135</ns3:hr>
          </ns3:TrackPointExtension>
        </extensions>
      </trkpt>
      <trkpt lat="49.6685606427490711212158203125" lon="-123.14887915737926959991455078125">
        <ele>458</ele>
        <time>2023-07-16T20:10:10.000Z</time>
        <extensions>
          <ns3:TrackPointExtension>
            <ns3:hr>136</ns3:hr>
          </ns3:TrackPointExtension>
        </extensions>
      </trkpt>
      <trkpt lat="49.66855402104556560516357421875" lon="-123.14886457286775112152099609375">
        <ele>458</ele>
        <time>2023-07-16T20:10:14.000Z</time>
        <extensions>
          <ns3:TrackPointExtension>
            <ns3:hr>136</ns3:hr>
          </ns3:TrackPointExtension>
        </extensions>
      </trkpt>
      <trkpt lat="49.66856743209064006805419921875" lon="-123.14885971136391162872314453125">
        <ele>450.600006103515625</ele>
        <time>2023-07-16T20:10:30.000Z</time>
        <extensions>
          <ns3:TrackPointExtension>
            <ns3:hr>135</ns3:hr>
          </ns3:TrackPointExtension>
        </extensions>
      </trkpt>
      <trkpt lat="49.668567515909671783447265625" lon="-123.1487380899488925933837890625">
        <ele>450.600006103515625</ele>
        <time>2023-07-16T20:10:36.000Z</time>
        <extensions>
          <ns3:TrackPointExtension>
            <ns3:hr>137</ns3:hr>
          </ns3:TrackPointExtension>
        </extensions>
      </trkpt>
      <trkpt lat="49.66855100356042385101318359375" lon="-123.14865469001233577728271484375">
        <ele>450.399993896484375</ele>
        <time>2023-07-16T20:10:39.000Z</time>
        <extensions>
          <ns3:TrackPointExtension>
            <ns3:hr>138</ns3:hr>
          </ns3:TrackPointExtension>
        </extensions>
      </trkpt>
      <trkpt lat="49.66854630969464778900146484375" lon="-123.148621581494808197021484375">
        <ele>450.600006103515625</ele>
        <time>2023-07-16T20:10:41.000Z</time>
        <extensions>
          <ns3:TrackPointExtension>
            <ns3:hr>138</ns3:hr>
          </ns3:TrackPointExtension>
        </extensions>
      </trkpt>
      <trkpt lat="49.6685596369206905364990234375" lon="-123.14859635196626186370849609375">
        <ele>451.20001220703125</ele>
        <time>2023-07-16T20:10:45.000Z</time>
        <extensions>
          <ns3:TrackPointExtension>
            <ns3:hr>139</ns3:hr>
          </ns3:TrackPointExtension>
        </extensions>
      </trkpt>
      <trkpt lat="49.668564498424530029296875" lon="-123.1485811807215213775634765625">
        <ele>451.600006103515625</ele>
        <time>2023-07-16T20:10:47.000Z</time>
        <extensions>
          <ns3:TrackPointExtension>
            <ns3:hr>140</ns3:hr>
          </ns3:TrackPointExtension>
        </extensions>
      </trkpt>
      <trkpt lat="49.66857028193771839141845703125" lon="-123.1485736370086669921875">
        <ele>451.600006103515625</ele>
        <time>2023-07-16T20:10:48.000Z</time>
        <extensions>
          <ns3:TrackPointExtension>
            <ns3:hr>139</ns3:hr>
          </ns3:TrackPointExtension>
        </extensions>
      </trkpt>
      <trkpt lat="49.668569862842559814453125" lon="-123.1485736370086669921875">
        <ele>452</ele>
        <time>2023-07-16T20:10:49.000Z</time>
        <extensions>
          <ns3:TrackPointExtension>
            <ns3:hr>139</ns3:hr>
          </ns3:TrackPointExtension>
        </extensions>
      </trkpt>
      <trkpt lat="49.6685717068612575531005859375" lon="-123.14856802113354206085205078125">
        <ele>452.20001220703125</ele>
        <time>2023-07-16T20:10:51.000Z</time>
        <extensions>
          <ns3:TrackPointExtension>
            <ns3:hr>139</ns3:hr>
          </ns3:TrackPointExtension>
        </extensions>
      </trkpt>
      <trkpt lat="49.66858721338212490081787109375" lon="-123.14857522957026958465576171875">
        <ele>452.600006103515625</ele>
        <time>2023-07-16T20:10:53.000Z</time>
        <extensions>
          <ns3:TrackPointExtension>
            <ns3:hr>138</ns3:hr>
          </ns3:TrackPointExtension>
        </extensions>
      </trkpt>
      <trkpt lat="49.66858394443988800048828125" lon="-123.1485758163034915924072265625">
        <ele>453</ele>
        <time>2023-07-16T20:10:54.000Z</time>
        <extensions>
          <ns3:TrackPointExtension>
            <ns3:hr>137</ns3:hr>
          </ns3:TrackPointExtension>
        </extensions>
      </trkpt>
      <trkpt lat="49.66858369298279285430908203125" lon="-123.148575983941555023193359375">
        <ele>453.20001220703125</ele>
        <time>2023-07-16T20:10:55.000Z</time>
        <extensions>
          <ns3:TrackPointExtension>
            <ns3:hr>136</ns3:hr>
          </ns3:TrackPointExtension>
        </extensions>
      </trkpt>
      <trkpt lat="49.66856424696743488311767578125" lon="-123.1485409475862979888916015625">
        <ele>453.600006103515625</ele>
        <time>2023-07-16T20:10:58.000Z</time>
        <extensions>
          <ns3:TrackPointExtension>
            <ns3:hr>133</ns3:hr>
          </ns3:TrackPointExtension>
        </extensions>
      </trkpt>
      <trkpt lat="49.66857112012803554534912109375" lon="-123.1485349126160144805908203125">
        <ele>453.79998779296875</ele>
        <time>2023-07-16T20:10:59.000Z</time>
        <extensions>
          <ns3:TrackPointExtension>
            <ns3:hr>133</ns3:hr>
          </ns3:TrackPointExtension>
        </extensions>
      </trkpt>
      <trkpt lat="49.668568857014179229736328125" lon="-123.148533068597316741943359375">
        <ele>454</ele>
        <time>2023-07-16T20:11:00.000Z</time>
        <extensions>
          <ns3:TrackPointExtension>
            <ns3:hr>133</ns3:hr>
          </ns3:TrackPointExtension>
        </extensions>
      </trkpt>
      <trkpt lat="49.668592996895313262939453125" lon="-123.148495852947235107421875">
        <ele>455</ele>
        <time>2023-07-16T20:11:05.000Z</time>
        <extensions>
          <ns3:TrackPointExtension>
            <ns3:hr>137</ns3:hr>
          </ns3:TrackPointExtension>
        </extensions>
      </trkpt>
      <trkpt lat="49.668595679104328155517578125" lon="-123.148491494357585906982421875">
        <ele>455.20001220703125</ele>
        <time>2023-07-16T20:11:06.000Z</time>
        <extensions>
          <ns3:TrackPointExtension>
            <ns3:hr>138</ns3:hr>
          </ns3:TrackPointExtension>
        </extensions>
      </trkpt>
      <trkpt lat="49.66860364191234111785888671875" lon="-123.14848721958696842193603515625">
        <ele>455.20001220703125</ele>
        <time>2023-07-16T20:11:07.000Z</time>
        <extensions>
          <ns3:TrackPointExtension>
            <ns3:hr>139</ns3:hr>
          </ns3:TrackPointExtension>
        </extensions>
      </trkpt>
      <trkpt lat="49.6686099283397197723388671875" lon="-123.1484792567789554595947265625">
        <ele>455.399993896484375</ele>
        <time>2023-07-16T20:11:08.000Z</time>
        <extensions>
          <ns3:TrackPointExtension>
            <ns3:hr>141</ns3:hr>
          </ns3:TrackPointExtension>
        </extensions>
      </trkpt>
      <trkpt lat="49.6686136163771152496337890625" lon="-123.14846961759030818939208984375">
        <ele>456</ele>
        <time>2023-07-16T20:11:10.000Z</time>
        <extensions>
          <ns3:TrackPointExtension>
            <ns3:hr>144</ns3:hr>
          </ns3:TrackPointExtension>
        </extensions>
      </trkpt>
      <trkpt lat="49.668611772358417510986328125" lon="-123.14845754764974117279052734375">
        <ele>456</ele>
        <time>2023-07-16T20:11:11.000Z</time>
        <extensions>
          <ns3:TrackPointExtension>
            <ns3:hr>144</ns3:hr>
          </ns3:TrackPointExtension>
        </extensions>
      </trkpt>
      <trkpt lat="49.668613113462924957275390625" lon="-123.14845369197428226470947265625">
        <ele>456.399993896484375</ele>
        <time>2023-07-16T20:11:12.000Z</time>
        <extensions>
          <ns3:TrackPointExtension>
            <ns3:hr>144</ns3:hr>
          </ns3:TrackPointExtension>
        </extensions>
      </trkpt>
      <trkpt lat="49.66861571185290813446044921875" lon="-123.1484470702707767486572265625">
        <ele>457</ele>
        <time>2023-07-16T20:11:14.000Z</time>
        <extensions>
          <ns3:TrackPointExtension>
            <ns3:hr>146</ns3:hr>
          </ns3:TrackPointExtension>
        </extensions>
      </trkpt>
      <trkpt lat="49.6686092577874660491943359375" lon="-123.14843944273889064788818359375">
        <ele>457.20001220703125</ele>
        <time>2023-07-16T20:11:15.000Z</time>
        <extensions>
          <ns3:TrackPointExtension>
            <ns3:hr>146</ns3:hr>
          </ns3:TrackPointExtension>
        </extensions>
      </trkpt>
      <trkpt lat="49.6686099283397197723388671875" lon="-123.14843759872019290924072265625">
        <ele>457.399993896484375</ele>
        <time>2023-07-16T20:11:16.000Z</time>
        <extensions>
          <ns3:TrackPointExtension>
            <ns3:hr>150</ns3:hr>
          </ns3:TrackPointExtension>
        </extensions>
      </trkpt>
      <trkpt lat="49.66861076653003692626953125" lon="-123.14843508414924144744873046875">
        <ele>457.399993896484375</ele>
        <time>2023-07-16T20:11:17.000Z</time>
        <extensions>
          <ns3:TrackPointExtension>
            <ns3:hr>150</ns3:hr>
          </ns3:TrackPointExtension>
        </extensions>
      </trkpt>
      <trkpt lat="49.668610095977783203125" lon="-123.14842276275157928466796875">
        <ele>457.20001220703125</ele>
        <time>2023-07-16T20:11:20.000Z</time>
        <extensions>
          <ns3:TrackPointExtension>
            <ns3:hr>150</ns3:hr>
          </ns3:TrackPointExtension>
        </extensions>
      </trkpt>
      <trkpt lat="49.668623171746730804443359375" lon="-123.1484101898968219757080078125">
        <ele>457.20001220703125</ele>
        <time>2023-07-16T20:11:22.000Z</time>
        <extensions>
          <ns3:TrackPointExtension>
            <ns3:hr>152</ns3:hr>
          </ns3:TrackPointExtension>
        </extensions>
      </trkpt>
      <trkpt lat="49.66862023808062076568603515625" lon="-123.148406334221363067626953125">
        <ele>457.20001220703125</ele>
        <time>2023-07-16T20:11:23.000Z</time>
        <extensions>
          <ns3:TrackPointExtension>
            <ns3:hr>152</ns3:hr>
          </ns3:TrackPointExtension>
        </extensions>
      </trkpt>
      <trkpt lat="49.668621160089969635009765625" lon="-123.148391246795654296875">
        <ele>457</ele>
        <time>2023-07-16T20:11:26.000Z</time>
        <extensions>
          <ns3:TrackPointExtension>
            <ns3:hr>151</ns3:hr>
          </ns3:TrackPointExtension>
        </extensions>
      </trkpt>
      <trkpt lat="49.66862526722252368927001953125" lon="-123.14839133061468601226806640625">
        <ele>457</ele>
        <time>2023-07-16T20:11:29.000Z</time>
        <extensions>
          <ns3:TrackPointExtension>
            <ns3:hr>153</ns3:hr>
          </ns3:TrackPointExtension>
        </extensions>
      </trkpt>
      <trkpt lat="49.66862878762185573577880859375" lon="-123.1483847089111804962158203125">
        <ele>456.79998779296875</ele>
        <time>2023-07-16T20:11:31.000Z</time>
        <extensions>
          <ns3:TrackPointExtension>
            <ns3:hr>153</ns3:hr>
          </ns3:TrackPointExtension>
        </extensions>
      </trkpt>
      <trkpt lat="49.6686266921460628509521484375" lon="-123.14835704863071441650390625">
        <ele>456.399993896484375</ele>
        <time>2023-07-16T20:11:34.000Z</time>
        <extensions>
          <ns3:TrackPointExtension>
            <ns3:hr>152</ns3:hr>
          </ns3:TrackPointExtension>
        </extensions>
      </trkpt>
      <trkpt lat="49.668644629418849945068359375" lon="-123.1483121216297149658203125">
        <ele>456</ele>
        <time>2023-07-16T20:11:37.000Z</time>
        <extensions>
          <ns3:TrackPointExtension>
            <ns3:hr>153</ns3:hr>
          </ns3:TrackPointExtension>
        </extensions>
      </trkpt>
      <trkpt lat="49.6686729602515697479248046875" lon="-123.1482780911028385162353515625">
        <ele>455.600006103515625</ele>
        <time>2023-07-16T20:11:42.000Z</time>
        <extensions>
          <ns3:TrackPointExtension>
            <ns3:hr>151</ns3:hr>
          </ns3:TrackPointExtension>
        </extensions>
      </trkpt>
      <trkpt lat="49.66866985894739627838134765625" lon="-123.1482703797519207000732421875">
        <ele>455.399993896484375</ele>
        <time>2023-07-16T20:11:44.000Z</time>
        <extensions>
          <ns3:TrackPointExtension>
            <ns3:hr>151</ns3:hr>
          </ns3:TrackPointExtension>
        </extensions>
      </trkpt>
      <trkpt lat="49.6686846949160099029541015625" lon="-123.14826576970517635345458984375">
        <ele>455.20001220703125</ele>
        <time>2023-07-16T20:11:48.000Z</time>
        <extensions>
          <ns3:TrackPointExtension>
            <ns3:hr>150</ns3:hr>
          </ns3:TrackPointExtension>
        </extensions>
      </trkpt>
      <trkpt lat="49.668707661330699920654296875" lon="-123.14820525236427783966064453125">
        <ele>455.20001220703125</ele>
        <time>2023-07-16T20:11:53.000Z</time>
        <extensions>
          <ns3:TrackPointExtension>
            <ns3:hr>150</ns3:hr>
          </ns3:TrackPointExtension>
        </extensions>
      </trkpt>
      <trkpt lat="49.66868947260081768035888671875" lon="-123.14811020158231258392333984375">
        <ele>455</ele>
        <time>2023-07-16T20:11:57.000Z</time>
        <extensions>
          <ns3:TrackPointExtension>
            <ns3:hr>147</ns3:hr>
          </ns3:TrackPointExtension>
        </extensions>
      </trkpt>
      <trkpt lat="49.66867589391767978668212890625" lon="-123.1480236165225505828857421875">
        <ele>454.399993896484375</ele>
        <time>2023-07-16T20:12:00.000Z</time>
        <extensions>
          <ns3:TrackPointExtension>
            <ns3:hr>148</ns3:hr>
          </ns3:TrackPointExtension>
        </extensions>
      </trkpt>
      <trkpt lat="49.66867782175540924072265625" lon="-123.14800173975527286529541015625">
        <ele>454.399993896484375</ele>
        <time>2023-07-16T20:12:03.000Z</time>
        <extensions>
          <ns3:TrackPointExtension>
            <ns3:hr>148</ns3:hr>
          </ns3:TrackPointExtension>
        </extensions>
      </trkpt>
      <trkpt lat="49.66869366355240345001220703125" lon="-123.14798916690051555633544921875">
        <ele>454.399993896484375</ele>
        <time>2023-07-16T20:12:04.000Z</time>
        <extensions>
          <ns3:TrackPointExtension>
            <ns3:hr>147</ns3:hr>
          </ns3:TrackPointExtension>
        </extensions>
      </trkpt>
      <trkpt lat="49.66870732605457305908203125" lon="-123.14795513637363910675048828125">
        <ele>454.20001220703125</ele>
        <time>2023-07-16T20:12:07.000Z</time>
        <extensions>
          <ns3:TrackPointExtension>
            <ns3:hr>146</ns3:hr>
          </ns3:TrackPointExtension>
        </extensions>
      </trkpt>
      <trkpt lat="49.668713696300983428955078125" lon="-123.14794071950018405914306640625">
        <ele>454</ele>
        <time>2023-07-16T20:12:12.000Z</time>
        <extensions>
          <ns3:TrackPointExtension>
            <ns3:hr>144</ns3:hr>
          </ns3:TrackPointExtension>
        </extensions>
      </trkpt>
      <trkpt lat="49.66871428303420543670654296875" lon="-123.147934265434741973876953125">
        <ele>453.600006103515625</ele>
        <time>2023-07-16T20:12:17.000Z</time>
        <extensions>
          <ns3:TrackPointExtension>
            <ns3:hr>141</ns3:hr>
          </ns3:TrackPointExtension>
        </extensions>
      </trkpt>
      <trkpt lat="49.66871646232903003692626953125" lon="-123.14793250523507595062255859375">
        <ele>453.600006103515625</ele>
        <time>2023-07-16T20:12:18.000Z</time>
        <extensions>
          <ns3:TrackPointExtension>
            <ns3:hr>141</ns3:hr>
          </ns3:TrackPointExtension>
        </extensions>
      </trkpt>
      <trkpt lat="49.6687393449246883392333984375" lon="-123.1479025818407535552978515625">
        <ele>453.399993896484375</ele>
        <time>2023-07-16T20:12:23.000Z</time>
        <extensions>
          <ns3:TrackPointExtension>
            <ns3:hr>140</ns3:hr>
          </ns3:TrackPointExtension>
        </extensions>
      </trkpt>
      <trkpt lat="49.66874311678111553192138671875" lon="-123.14789746887981891632080078125">
        <ele>453.600006103515625</ele>
        <time>2023-07-16T20:12:24.000Z</time>
        <extensions>
          <ns3:TrackPointExtension>
            <ns3:hr>140</ns3:hr>
          </ns3:TrackPointExtension>
        </extensions>
      </trkpt>
      <trkpt lat="49.6687333099544048309326171875" lon="-123.14788606949150562286376953125">
        <ele>454</ele>
        <time>2023-07-16T20:12:27.000Z</time>
        <extensions>
          <ns3:TrackPointExtension>
            <ns3:hr>139</ns3:hr>
          </ns3:TrackPointExtension>
        </extensions>
      </trkpt>
      <trkpt lat="49.6687339805066585540771484375" lon="-123.147881962358951568603515625">
        <ele>454.20001220703125</ele>
        <time>2023-07-16T20:12:29.000Z</time>
        <extensions>
          <ns3:TrackPointExtension>
            <ns3:hr>139</ns3:hr>
          </ns3:TrackPointExtension>
        </extensions>
      </trkpt>
      <trkpt lat="49.66874445788562297821044921875" lon="-123.14785413444042205810546875">
        <ele>454.600006103515625</ele>
        <time>2023-07-16T20:12:32.000Z</time>
        <extensions>
          <ns3:TrackPointExtension>
            <ns3:hr>139</ns3:hr>
          </ns3:TrackPointExtension>
        </extensions>
      </trkpt>
      <trkpt lat="49.668759293854236602783203125" lon="-123.14784667454659938812255859375">
        <ele>454.79998779296875</ele>
        <time>2023-07-16T20:12:33.000Z</time>
        <extensions>
          <ns3:TrackPointExtension>
            <ns3:hr>139</ns3:hr>
          </ns3:TrackPointExtension>
        </extensions>
      </trkpt>
      <trkpt lat="49.66880329884588718414306640625" lon="-123.147847764194011688232421875">
        <ele>454.79998779296875</ele>
        <time>2023-07-16T20:12:36.000Z</time>
        <extensions>
          <ns3:TrackPointExtension>
            <ns3:hr>139</ns3:hr>
          </ns3:TrackPointExtension>
        </extensions>
      </trkpt>
      <trkpt lat="49.66881000436842441558837890625" lon="-123.14784415997564792633056640625">
        <ele>454.600006103515625</ele>
        <time>2023-07-16T20:12:39.000Z</time>
        <extensions>
          <ns3:TrackPointExtension>
            <ns3:hr>139</ns3:hr>
          </ns3:TrackPointExtension>
        </extensions>
      </trkpt>
      <trkpt lat="49.66880933381617069244384765625" lon="-123.14784583635628223419189453125">
        <ele>454.600006103515625</ele>
        <time>2023-07-16T20:12:40.000Z</time>
        <extensions>
          <ns3:TrackPointExtension>
            <ns3:hr>139</ns3:hr>
          </ns3:TrackPointExtension>
        </extensions>
      </trkpt>
      <trkpt lat="49.66880128718912601470947265625" lon="-123.14783359877765178680419921875">
        <ele>454.600006103515625</ele>
        <time>2023-07-16T20:12:44.000Z</time>
        <extensions>
          <ns3:TrackPointExtension>
            <ns3:hr>140</ns3:hr>
          </ns3:TrackPointExtension>
        </extensions>
      </trkpt>
      <trkpt lat="49.6687966771423816680908203125" lon="-123.147828318178653717041015625">
        <ele>455</ele>
        <time>2023-07-16T20:12:50.000Z</time>
        <extensions>
          <ns3:TrackPointExtension>
            <ns3:hr>139</ns3:hr>
          </ns3:TrackPointExtension>
        </extensions>
      </trkpt>
      <trkpt lat="49.66878569684922695159912109375" lon="-123.14780795015394687652587890625">
        <ele>455.399993896484375</ele>
        <time>2023-07-16T20:12:52.000Z</time>
        <extensions>
          <ns3:TrackPointExtension>
            <ns3:hr>138</ns3:hr>
          </ns3:TrackPointExtension>
        </extensions>
      </trkpt>
      <trkpt lat="49.66878888197243213653564453125" lon="-123.14778598956763744354248046875">
        <ele>456.399993896484375</ele>
        <time>2023-07-16T20:12:56.000Z</time>
        <extensions>
          <ns3:TrackPointExtension>
            <ns3:hr>139</ns3:hr>
          </ns3:TrackPointExtension>
        </extensions>
      </trkpt>
      <trkpt lat="49.66878712177276611328125" lon="-123.14778381027281284332275390625">
        <ele>456.600006103515625</ele>
        <time>2023-07-16T20:12:57.000Z</time>
        <extensions>
          <ns3:TrackPointExtension>
            <ns3:hr>140</ns3:hr>
          </ns3:TrackPointExtension>
        </extensions>
      </trkpt>
      <trkpt lat="49.66875158250331878662109375" lon="-123.14774977974593639373779296875">
        <ele>457.399993896484375</ele>
        <time>2023-07-16T20:13:03.000Z</time>
        <extensions>
          <ns3:TrackPointExtension>
            <ns3:hr>141</ns3:hr>
          </ns3:TrackPointExtension>
        </extensions>
      </trkpt>
      <trkpt lat="49.6687219105660915374755859375" lon="-123.1477091275155544281005859375">
        <ele>458.20001220703125</ele>
        <time>2023-07-16T20:13:09.000Z</time>
        <extensions>
          <ns3:TrackPointExtension>
            <ns3:hr>140</ns3:hr>
          </ns3:TrackPointExtension>
        </extensions>
      </trkpt>
      <trkpt lat="49.6687366627156734466552734375" lon="-123.14769479446113109588623046875">
        <ele>458.600006103515625</ele>
        <time>2023-07-16T20:13:13.000Z</time>
        <extensions>
          <ns3:TrackPointExtension>
            <ns3:hr>140</ns3:hr>
          </ns3:TrackPointExtension>
        </extensions>
      </trkpt>
      <trkpt lat="49.6687369979918003082275390625" lon="-123.1476923637092113494873046875">
        <ele>459</ele>
        <time>2023-07-16T20:13:14.000Z</time>
        <extensions>
          <ns3:TrackPointExtension>
            <ns3:hr>140</ns3:hr>
          </ns3:TrackPointExtension>
        </extensions>
      </trkpt>
      <trkpt lat="49.668741859495639801025390625" lon="-123.14766948111355304718017578125">
        <ele>459.79998779296875</ele>
        <time>2023-07-16T20:13:18.000Z</time>
        <extensions>
          <ns3:TrackPointExtension>
            <ns3:hr>141</ns3:hr>
          </ns3:TrackPointExtension>
        </extensions>
      </trkpt>
      <trkpt lat="49.6687500737607479095458984375" lon="-123.1476504541933536529541015625">
        <ele>460</ele>
        <time>2023-07-16T20:13:20.000Z</time>
        <extensions>
          <ns3:TrackPointExtension>
            <ns3:hr>144</ns3:hr>
          </ns3:TrackPointExtension>
        </extensions>
      </trkpt>
      <trkpt lat="49.66876273043453693389892578125" lon="-123.14764467068016529083251953125">
        <ele>460.20001220703125</ele>
        <time>2023-07-16T20:13:21.000Z</time>
        <extensions>
          <ns3:TrackPointExtension>
            <ns3:hr>145</ns3:hr>
          </ns3:TrackPointExtension>
        </extensions>
      </trkpt>
      <trkpt lat="49.66877161525189876556396484375" lon="-123.14764433540403842926025390625">
        <ele>460.399993896484375</ele>
        <time>2023-07-16T20:13:23.000Z</time>
        <extensions>
          <ns3:TrackPointExtension>
            <ns3:hr>148</ns3:hr>
          </ns3:TrackPointExtension>
        </extensions>
      </trkpt>
      <trkpt lat="49.668763317167758941650390625" lon="-123.14763042144477367401123046875">
        <ele>461</ele>
        <time>2023-07-16T20:13:27.000Z</time>
        <extensions>
          <ns3:TrackPointExtension>
            <ns3:hr>147</ns3:hr>
          </ns3:TrackPointExtension>
        </extensions>
      </trkpt>
      <trkpt lat="49.668752253055572509765625" lon="-123.1476028449833393096923828125">
        <ele>461.79998779296875</ele>
        <time>2023-07-16T20:13:32.000Z</time>
        <extensions>
          <ns3:TrackPointExtension>
            <ns3:hr>146</ns3:hr>
          </ns3:TrackPointExtension>
        </extensions>
      </trkpt>
      <trkpt lat="49.66875032521784305572509765625" lon="-123.14758867956697940826416015625">
        <ele>462</ele>
        <time>2023-07-16T20:13:34.000Z</time>
        <extensions>
          <ns3:TrackPointExtension>
            <ns3:hr>145</ns3:hr>
          </ns3:TrackPointExtension>
        </extensions>
      </trkpt>
      <trkpt lat="49.66875049285590648651123046875" lon="-123.14757945947349071502685546875">
        <ele>463</ele>
        <time>2023-07-16T20:13:40.000Z</time>
        <extensions>
          <ns3:TrackPointExtension>
            <ns3:hr>146</ns3:hr>
          </ns3:TrackPointExtension>
        </extensions>
      </trkpt>
      <trkpt lat="49.66875133104622364044189453125" lon="-123.14757694490253925323486328125">
        <ele>464.20001220703125</ele>
        <time>2023-07-16T20:13:48.000Z</time>
        <extensions>
          <ns3:TrackPointExtension>
            <ns3:hr>147</ns3:hr>
          </ns3:TrackPointExtension>
        </extensions>
      </trkpt>
      <trkpt lat="49.66875049285590648651123046875" lon="-123.14757929183542728424072265625">
        <ele>465</ele>
        <time>2023-07-16T20:13:54.000Z</time>
        <extensions>
          <ns3:TrackPointExtension>
            <ns3:hr>148</ns3:hr>
          </ns3:TrackPointExtension>
        </extensions>
      </trkpt>
      <trkpt lat="49.6687504090368747711181640625" lon="-123.14757945947349071502685546875">
        <ele>465.20001220703125</ele>
        <time>2023-07-16T20:13:55.000Z</time>
        <extensions>
          <ns3:TrackPointExtension>
            <ns3:hr>148</ns3:hr>
          </ns3:TrackPointExtension>
        </extensions>
      </trkpt>
      <trkpt lat="49.668736495077610015869140625" lon="-123.14758432097733020782470703125">
        <ele>466.20001220703125</ele>
        <time>2023-07-16T20:14:00.000Z</time>
        <extensions>
          <ns3:TrackPointExtension>
            <ns3:hr>147</ns3:hr>
          </ns3:TrackPointExtension>
        </extensions>
      </trkpt>
      <trkpt lat="49.6687267720699310302734375" lon="-123.14758029766380786895751953125">
        <ele>467.399993896484375</ele>
        <time>2023-07-16T20:14:04.000Z</time>
        <extensions>
          <ns3:TrackPointExtension>
            <ns3:hr>148</ns3:hr>
          </ns3:TrackPointExtension>
        </extensions>
      </trkpt>
      <trkpt lat="49.668711014091968536376953125" lon="-123.14757962711155414581298828125">
        <ele>467.79998779296875</ele>
        <time>2023-07-16T20:14:07.000Z</time>
        <extensions>
          <ns3:TrackPointExtension>
            <ns3:hr>151</ns3:hr>
          </ns3:TrackPointExtension>
        </extensions>
      </trkpt>
      <trkpt lat="49.668705649673938751220703125" lon="-123.1475790403783321380615234375">
        <ele>468</ele>
        <time>2023-07-16T20:14:11.000Z</time>
        <extensions>
          <ns3:TrackPointExtension>
            <ns3:hr>154</ns3:hr>
          </ns3:TrackPointExtension>
        </extensions>
      </trkpt>
      <trkpt lat="49.66871294192969799041748046875" lon="-123.14755079336464405059814453125">
        <ele>468.20001220703125</ele>
        <time>2023-07-16T20:14:18.000Z</time>
        <extensions>
          <ns3:TrackPointExtension>
            <ns3:hr>154</ns3:hr>
          </ns3:TrackPointExtension>
        </extensions>
      </trkpt>
      <trkpt lat="49.668728448450565338134765625" lon="-123.147545345127582550048828125">
        <ele>468</ele>
        <time>2023-07-16T20:14:22.000Z</time>
        <extensions>
          <ns3:TrackPointExtension>
            <ns3:hr>154</ns3:hr>
          </ns3:TrackPointExtension>
        </extensions>
      </trkpt>
      <trkpt lat="49.6687401831150054931640625" lon="-123.14752950333058834075927734375">
        <ele>467.399993896484375</ele>
        <time>2023-07-16T20:14:28.000Z</time>
        <extensions>
          <ns3:TrackPointExtension>
            <ns3:hr>153</ns3:hr>
          </ns3:TrackPointExtension>
        </extensions>
      </trkpt>
      <trkpt lat="49.66875719837844371795654296875" lon="-123.14748256467282772064208984375">
        <ele>467.20001220703125</ele>
        <time>2023-07-16T20:14:33.000Z</time>
        <extensions>
          <ns3:TrackPointExtension>
            <ns3:hr>151</ns3:hr>
          </ns3:TrackPointExtension>
        </extensions>
      </trkpt>
      <trkpt lat="49.668755270540714263916015625" lon="-123.1474596820771694183349609375">
        <ele>468</ele>
        <time>2023-07-16T20:14:40.000Z</time>
        <extensions>
          <ns3:TrackPointExtension>
            <ns3:hr>150</ns3:hr>
          </ns3:TrackPointExtension>
        </extensions>
      </trkpt>
      <trkpt lat="49.6687648259103298187255859375" lon="-123.14746320247650146484375">
        <ele>468.399993896484375</ele>
        <time>2023-07-16T20:14:42.000Z</time>
        <extensions>
          <ns3:TrackPointExtension>
            <ns3:hr>149</ns3:hr>
          </ns3:TrackPointExtension>
        </extensions>
      </trkpt>
      <trkpt lat="49.6687705256044864654541015625" lon="-123.1474546529352664947509765625">
        <ele>468.600006103515625</ele>
        <time>2023-07-16T20:14:43.000Z</time>
        <extensions>
          <ns3:TrackPointExtension>
            <ns3:hr>148</ns3:hr>
          </ns3:TrackPointExtension>
        </extensions>
      </trkpt>
      <trkpt lat="49.66878100298345088958740234375" lon="-123.14744283445179462432861328125">
        <ele>468.600006103515625</ele>
        <time>2023-07-16T20:14:44.000Z</time>
        <extensions>
          <ns3:TrackPointExtension>
            <ns3:hr>147</ns3:hr>
          </ns3:TrackPointExtension>
        </extensions>
      </trkpt>
      <trkpt lat="49.66879977844655513763427734375" lon="-123.14740595407783985137939453125">
        <ele>469.20001220703125</ele>
        <time>2023-07-16T20:14:46.000Z</time>
        <extensions>
          <ns3:TrackPointExtension>
            <ns3:hr>149</ns3:hr>
          </ns3:TrackPointExtension>
        </extensions>
      </trkpt>
      <trkpt lat="49.66879676096141338348388671875" lon="-123.14740159548819065093994140625">
        <ele>469.600006103515625</ele>
        <time>2023-07-16T20:14:47.000Z</time>
        <extensions>
          <ns3:TrackPointExtension>
            <ns3:hr>149</ns3:hr>
          </ns3:TrackPointExtension>
        </extensions>
      </trkpt>
      <trkpt lat="49.6687956713140010833740234375" lon="-123.14739572815597057342529296875">
        <ele>469.79998779296875</ele>
        <time>2023-07-16T20:14:48.000Z</time>
        <extensions>
          <ns3:TrackPointExtension>
            <ns3:hr>148</ns3:hr>
          </ns3:TrackPointExtension>
        </extensions>
      </trkpt>
      <trkpt lat="49.668795503675937652587890625" lon="-123.14739220775663852691650390625">
        <ele>469.79998779296875</ele>
        <time>2023-07-16T20:14:49.000Z</time>
        <extensions>
          <ns3:TrackPointExtension>
            <ns3:hr>148</ns3:hr>
          </ns3:TrackPointExtension>
        </extensions>
      </trkpt>
      <trkpt lat="49.66879525221884250640869140625" lon="-123.14738365821540355682373046875">
        <ele>470.600006103515625</ele>
        <time>2023-07-16T20:14:51.000Z</time>
        <extensions>
          <ns3:TrackPointExtension>
            <ns3:hr>150</ns3:hr>
          </ns3:TrackPointExtension>
        </extensions>
      </trkpt>
      <trkpt lat="49.6687936596572399139404296875" lon="-123.14737695269286632537841796875">
        <ele>471.399993896484375</ele>
        <time>2023-07-16T20:14:55.000Z</time>
        <extensions>
          <ns3:TrackPointExtension>
            <ns3:hr>154</ns3:hr>
          </ns3:TrackPointExtension>
        </extensions>
      </trkpt>
      <trkpt lat="49.66879407875239849090576171875" lon="-123.14737225882709026336669921875">
        <ele>471.600006103515625</ele>
        <time>2023-07-16T20:14:56.000Z</time>
        <extensions>
          <ns3:TrackPointExtension>
            <ns3:hr>154</ns3:hr>
          </ns3:TrackPointExtension>
        </extensions>
      </trkpt>
      <trkpt lat="49.66879860498011112213134765625" lon="-123.1473644636571407318115234375">
        <ele>471.600006103515625</ele>
        <time>2023-07-16T20:14:57.000Z</time>
        <extensions>
          <ns3:TrackPointExtension>
            <ns3:hr>156</ns3:hr>
          </ns3:TrackPointExtension>
        </extensions>
      </trkpt>
      <trkpt lat="49.66880321502685546875" lon="-123.14732464961707592010498046875">
        <ele>472.79998779296875</ele>
        <time>2023-07-16T20:15:02.000Z</time>
        <extensions>
          <ns3:TrackPointExtension>
            <ns3:hr>156</ns3:hr>
          </ns3:TrackPointExtension>
        </extensions>
      </trkpt>
      <trkpt lat="49.66880413703620433807373046875" lon="-123.14731501042842864990234375">
        <ele>472.79998779296875</ele>
        <time>2023-07-16T20:15:03.000Z</time>
        <extensions>
          <ns3:TrackPointExtension>
            <ns3:hr>156</ns3:hr>
          </ns3:TrackPointExtension>
        </extensions>
      </trkpt>
      <trkpt lat="49.6688359044492244720458984375" lon="-123.147278130054473876953125">
        <ele>473.600006103515625</ele>
        <time>2023-07-16T20:15:08.000Z</time>
        <extensions>
          <ns3:TrackPointExtension>
            <ns3:hr>159</ns3:hr>
          </ns3:TrackPointExtension>
        </extensions>
      </trkpt>
      <trkpt lat="49.66883766464889049530029296875" lon="-123.1472766213119029998779296875">
        <ele>473.600006103515625</ele>
        <time>2023-07-16T20:15:09.000Z</time>
        <extensions>
          <ns3:TrackPointExtension>
            <ns3:hr>159</ns3:hr>
          </ns3:TrackPointExtension>
        </extensions>
      </trkpt>
      <trkpt lat="49.66883749701082706451416015625" lon="-123.1472561694681644439697265625">
        <ele>473.79998779296875</ele>
        <time>2023-07-16T20:15:14.000Z</time>
        <extensions>
          <ns3:TrackPointExtension>
            <ns3:hr>158</ns3:hr>
          </ns3:TrackPointExtension>
        </extensions>
      </trkpt>
      <trkpt lat="49.6688174642622470855712890625" lon="-123.14723613671958446502685546875">
        <ele>474</ele>
        <time>2023-07-16T20:15:16.000Z</time>
        <extensions>
          <ns3:TrackPointExtension>
            <ns3:hr>158</ns3:hr>
          </ns3:TrackPointExtension>
        </extensions>
      </trkpt>
      <trkpt lat="49.66882123611867427825927734375" lon="-123.1472280062735080718994140625">
        <ele>474.600006103515625</ele>
        <time>2023-07-16T20:15:21.000Z</time>
        <extensions>
          <ns3:TrackPointExtension>
            <ns3:hr>157</ns3:hr>
          </ns3:TrackPointExtension>
        </extensions>
      </trkpt>
      <trkpt lat="49.66881352476775646209716796875" lon="-123.1472360529005527496337890625">
        <ele>474.79998779296875</ele>
        <time>2023-07-16T20:15:23.000Z</time>
        <extensions>
          <ns3:TrackPointExtension>
            <ns3:hr>157</ns3:hr>
          </ns3:TrackPointExtension>
        </extensions>
      </trkpt>
      <trkpt lat="49.6688067354261875152587890625" lon="-123.1472424231469631195068359375">
        <ele>475</ele>
        <time>2023-07-16T20:15:24.000Z</time>
        <extensions>
          <ns3:TrackPointExtension>
            <ns3:hr>158</ns3:hr>
          </ns3:TrackPointExtension>
        </extensions>
      </trkpt>
      <trkpt lat="49.66879374347627162933349609375" lon="-123.1472471170127391815185546875">
        <ele>476</ele>
        <time>2023-07-16T20:15:29.000Z</time>
        <extensions>
          <ns3:TrackPointExtension>
            <ns3:hr>161</ns3:hr>
          </ns3:TrackPointExtension>
        </extensions>
      </trkpt>
      <trkpt lat="49.668791480362415313720703125" lon="-123.14724753610789775848388671875">
        <ele>476</ele>
        <time>2023-07-16T20:15:30.000Z</time>
        <extensions>
          <ns3:TrackPointExtension>
            <ns3:hr>162</ns3:hr>
          </ns3:TrackPointExtension>
        </extensions>
      </trkpt>
      <trkpt lat="49.66878871433436870574951171875" lon="-123.1472474522888660430908203125">
        <ele>476.20001220703125</ele>
        <time>2023-07-16T20:15:31.000Z</time>
        <extensions>
          <ns3:TrackPointExtension>
            <ns3:hr>162</ns3:hr>
          </ns3:TrackPointExtension>
        </extensions>
      </trkpt>
      <trkpt lat="49.6687911450862884521484375" lon="-123.14724938012659549713134765625">
        <ele>476.79998779296875</ele>
        <time>2023-07-16T20:15:35.000Z</time>
        <extensions>
          <ns3:TrackPointExtension>
            <ns3:hr>165</ns3:hr>
          </ns3:TrackPointExtension>
        </extensions>
      </trkpt>
      <trkpt lat="49.66879785060882568359375" lon="-123.1472565047442913055419921875">
        <ele>477</ele>
        <time>2023-07-16T20:15:37.000Z</time>
        <extensions>
          <ns3:TrackPointExtension>
            <ns3:hr>165</ns3:hr>
          </ns3:TrackPointExtension>
        </extensions>
      </trkpt>
      <trkpt lat="49.66880095191299915313720703125" lon="-123.14725759439170360565185546875">
        <ele>477.20001220703125</ele>
        <time>2023-07-16T20:15:38.000Z</time>
        <extensions>
          <ns3:TrackPointExtension>
            <ns3:hr>166</ns3:hr>
          </ns3:TrackPointExtension>
        </extensions>
      </trkpt>
      <trkpt lat="49.668810926377773284912109375" lon="-123.1472172774374485015869140625">
        <ele>478.399993896484375</ele>
        <time>2023-07-16T20:15:49.000Z</time>
        <extensions>
          <ns3:TrackPointExtension>
            <ns3:hr>168</ns3:hr>
          </ns3:TrackPointExtension>
        </extensions>
      </trkpt>
      <trkpt lat="49.66881067492067813873291015625" lon="-123.14721417613327503204345703125">
        <ele>478.399993896484375</ele>
        <time>2023-07-16T20:15:50.000Z</time>
        <extensions>
          <ns3:TrackPointExtension>
            <ns3:hr>166</ns3:hr>
          </ns3:TrackPointExtension>
        </extensions>
      </trkpt>
      <trkpt lat="49.66879743151366710662841796875" lon="-123.14718098379671573638916015625">
        <ele>478.79998779296875</ele>
        <time>2023-07-16T20:15:57.000Z</time>
        <extensions>
          <ns3:TrackPointExtension>
            <ns3:hr>166</ns3:hr>
          </ns3:TrackPointExtension>
        </extensions>
      </trkpt>
      <trkpt lat="49.66877865605056285858154296875" lon="-123.1471592746675014495849609375">
        <ele>479</ele>
        <time>2023-07-16T20:16:04.000Z</time>
        <extensions>
          <ns3:TrackPointExtension>
            <ns3:hr>166</ns3:hr>
          </ns3:TrackPointExtension>
        </extensions>
      </trkpt>
      <trkpt lat="49.6687750518321990966796875" lon="-123.1471244059503078460693359375">
        <ele>479.399993896484375</ele>
        <time>2023-07-16T20:16:08.000Z</time>
        <extensions>
          <ns3:TrackPointExtension>
            <ns3:hr>163</ns3:hr>
          </ns3:TrackPointExtension>
        </extensions>
      </trkpt>
      <trkpt lat="49.668773375451564788818359375" lon="-123.14709238708019256591796875">
        <ele>480.20001220703125</ele>
        <time>2023-07-16T20:16:14.000Z</time>
        <extensions>
          <ns3:TrackPointExtension>
            <ns3:hr>163</ns3:hr>
          </ns3:TrackPointExtension>
        </extensions>
      </trkpt>
      <trkpt lat="49.66877304017543792724609375" lon="-123.14706958830356597900390625">
        <ele>480.399993896484375</ele>
        <time>2023-07-16T20:16:16.000Z</time>
        <extensions>
          <ns3:TrackPointExtension>
            <ns3:hr>162</ns3:hr>
          </ns3:TrackPointExtension>
        </extensions>
      </trkpt>
      <trkpt lat="49.66875082813203334808349609375" lon="-123.1470305286347866058349609375">
        <ele>481</ele>
        <time>2023-07-16T20:16:20.000Z</time>
        <extensions>
          <ns3:TrackPointExtension>
            <ns3:hr>162</ns3:hr>
          </ns3:TrackPointExtension>
        </extensions>
      </trkpt>
      <trkpt lat="49.668747223913669586181640625" lon="-123.14702625386416912078857421875">
        <ele>481.20001220703125</ele>
        <time>2023-07-16T20:16:21.000Z</time>
        <extensions>
          <ns3:TrackPointExtension>
            <ns3:hr>162</ns3:hr>
          </ns3:TrackPointExtension>
        </extensions>
      </trkpt>
      <trkpt lat="49.6687209047377109527587890625" lon="-123.1470107473433017730712890625">
        <ele>481.600006103515625</ele>
        <time>2023-07-16T20:16:23.000Z</time>
        <extensions>
          <ns3:TrackPointExtension>
            <ns3:hr>162</ns3:hr>
          </ns3:TrackPointExtension>
        </extensions>
      </trkpt>
      <trkpt lat="49.6687175519764423370361328125" lon="-123.14700664021074771881103515625">
        <ele>481.79998779296875</ele>
        <time>2023-07-16T20:16:24.000Z</time>
        <extensions>
          <ns3:TrackPointExtension>
            <ns3:hr>162</ns3:hr>
          </ns3:TrackPointExtension>
        </extensions>
      </trkpt>
      <trkpt lat="49.668715707957744598388671875" lon="-123.14700345508754253387451171875">
        <ele>482</ele>
        <time>2023-07-16T20:16:25.000Z</time>
        <extensions>
          <ns3:TrackPointExtension>
            <ns3:hr>162</ns3:hr>
          </ns3:TrackPointExtension>
        </extensions>
      </trkpt>
      <trkpt lat="49.66870841570198535919189453125" lon="-123.14699037931859493255615234375">
        <ele>482.399993896484375</ele>
        <time>2023-07-16T20:16:28.000Z</time>
        <extensions>
          <ns3:TrackPointExtension>
            <ns3:hr>162</ns3:hr>
          </ns3:TrackPointExtension>
        </extensions>
      </trkpt>
      <trkpt lat="49.66870598495006561279296875" lon="-123.14698970876634120941162109375">
        <ele>482.399993896484375</ele>
        <time>2023-07-16T20:16:29.000Z</time>
        <extensions>
          <ns3:TrackPointExtension>
            <ns3:hr>163</ns3:hr>
          </ns3:TrackPointExtension>
        </extensions>
      </trkpt>
      <trkpt lat="49.6687017939984798431396484375" lon="-123.14697344787418842315673828125">
        <ele>482.600006103515625</ele>
        <time>2023-07-16T20:16:32.000Z</time>
        <extensions>
          <ns3:TrackPointExtension>
            <ns3:hr>163</ns3:hr>
          </ns3:TrackPointExtension>
        </extensions>
      </trkpt>
      <trkpt lat="49.6687007881700992584228515625" lon="-123.14696439541876316070556640625">
        <ele>482.79998779296875</ele>
        <time>2023-07-16T20:16:33.000Z</time>
        <extensions>
          <ns3:TrackPointExtension>
            <ns3:hr>162</ns3:hr>
          </ns3:TrackPointExtension>
        </extensions>
      </trkpt>
      <trkpt lat="49.66870120726525783538818359375" lon="-123.14695333130657672882080078125">
        <ele>482.79998779296875</ele>
        <time>2023-07-16T20:16:34.000Z</time>
        <extensions>
          <ns3:TrackPointExtension>
            <ns3:hr>162</ns3:hr>
          </ns3:TrackPointExtension>
        </extensions>
      </trkpt>
      <trkpt lat="49.66869818978011608123779296875" lon="-123.14691829495131969451904296875">
        <ele>483.20001220703125</ele>
        <time>2023-07-16T20:16:36.000Z</time>
        <extensions>
          <ns3:TrackPointExtension>
            <ns3:hr>162</ns3:hr>
          </ns3:TrackPointExtension>
        </extensions>
      </trkpt>
      <trkpt lat="49.66869735158979892730712890625" lon="-123.14689767546951770782470703125">
        <ele>483.20001220703125</ele>
        <time>2023-07-16T20:16:37.000Z</time>
        <extensions>
          <ns3:TrackPointExtension>
            <ns3:hr>162</ns3:hr>
          </ns3:TrackPointExtension>
        </extensions>
      </trkpt>
      <trkpt lat="49.66869617812335491180419921875" lon="-123.14685903489589691162109375">
        <ele>483.399993896484375</ele>
        <time>2023-07-16T20:16:39.000Z</time>
        <extensions>
          <ns3:TrackPointExtension>
            <ns3:hr>162</ns3:hr>
          </ns3:TrackPointExtension>
        </extensions>
      </trkpt>
      <trkpt lat="49.66869114898145198822021484375" lon="-123.14683531410992145538330078125">
        <ele>483.79998779296875</ele>
        <time>2023-07-16T20:16:41.000Z</time>
        <extensions>
          <ns3:TrackPointExtension>
            <ns3:hr>162</ns3:hr>
          </ns3:TrackPointExtension>
        </extensions>
      </trkpt>
      <trkpt lat="49.66869902797043323516845703125" lon="-123.14683397300541400909423828125">
        <ele>484</ele>
        <time>2023-07-16T20:16:42.000Z</time>
        <extensions>
          <ns3:TrackPointExtension>
            <ns3:hr>161</ns3:hr>
          </ns3:TrackPointExtension>
        </extensions>
      </trkpt>
      <trkpt lat="49.66871713288128376007080078125" lon="-123.14680027775466442108154296875">
        <ele>484.600006103515625</ele>
        <time>2023-07-16T20:16:46.000Z</time>
        <extensions>
          <ns3:TrackPointExtension>
            <ns3:hr>162</ns3:hr>
          </ns3:TrackPointExtension>
        </extensions>
      </trkpt>
      <trkpt lat="49.6687155403196811676025390625" lon="-123.14679508097469806671142578125">
        <ele>484.600006103515625</ele>
        <time>2023-07-16T20:16:47.000Z</time>
        <extensions>
          <ns3:TrackPointExtension>
            <ns3:hr>162</ns3:hr>
          </ns3:TrackPointExtension>
        </extensions>
      </trkpt>
      <trkpt lat="49.66870204545557498931884765625" lon="-123.14677588641643524169921875">
        <ele>484.79998779296875</ele>
        <time>2023-07-16T20:16:49.000Z</time>
        <extensions>
          <ns3:TrackPointExtension>
            <ns3:hr>164</ns3:hr>
          </ns3:TrackPointExtension>
        </extensions>
      </trkpt>
      <trkpt lat="49.66870606876909732818603515625" lon="-123.146760128438472747802734375">
        <ele>485</ele>
        <time>2023-07-16T20:16:51.000Z</time>
        <extensions>
          <ns3:TrackPointExtension>
            <ns3:hr>165</ns3:hr>
          </ns3:TrackPointExtension>
        </extensions>
      </trkpt>
      <trkpt lat="49.6687026321887969970703125" lon="-123.1467505730688571929931640625">
        <ele>485</ele>
        <time>2023-07-16T20:16:52.000Z</time>
        <extensions>
          <ns3:TrackPointExtension>
            <ns3:hr>166</ns3:hr>
          </ns3:TrackPointExtension>
        </extensions>
      </trkpt>
      <trkpt lat="49.66870238073170185089111328125" lon="-123.14674730412662029266357421875">
        <ele>485.399993896484375</ele>
        <time>2023-07-16T20:16:54.000Z</time>
        <extensions>
          <ns3:TrackPointExtension>
            <ns3:hr>166</ns3:hr>
          </ns3:TrackPointExtension>
        </extensions>
      </trkpt>
      <trkpt lat="49.66867907904088497161865234375" lon="-123.14673456363379955291748046875">
        <ele>486</ele>
        <time>2023-07-16T20:16:56.000Z</time>
        <extensions>
          <ns3:TrackPointExtension>
            <ns3:hr>169</ns3:hr>
          </ns3:TrackPointExtension>
        </extensions>
      </trkpt>
      <trkpt lat="49.668670110404491424560546875" lon="-123.14673037268221378326416015625">
        <ele>486.20001220703125</ele>
        <time>2023-07-16T20:16:57.000Z</time>
        <extensions>
          <ns3:TrackPointExtension>
            <ns3:hr>168</ns3:hr>
          </ns3:TrackPointExtension>
        </extensions>
      </trkpt>
      <trkpt lat="49.6686597168445587158203125" lon="-123.14671662636101245880126953125">
        <ele>486.600006103515625</ele>
        <time>2023-07-16T20:17:00.000Z</time>
        <extensions>
          <ns3:TrackPointExtension>
            <ns3:hr>169</ns3:hr>
          </ns3:TrackPointExtension>
        </extensions>
      </trkpt>
      <trkpt lat="49.668655693531036376953125" lon="-123.14670958556234836578369140625">
        <ele>487.399993896484375</ele>
        <time>2023-07-16T20:17:02.000Z</time>
        <extensions>
          <ns3:TrackPointExtension>
            <ns3:hr>170</ns3:hr>
          </ns3:TrackPointExtension>
        </extensions>
      </trkpt>
      <trkpt lat="49.66865594498813152313232421875" lon="-123.1467103399336338043212890625">
        <ele>487.600006103515625</ele>
        <time>2023-07-16T20:17:03.000Z</time>
        <extensions>
          <ns3:TrackPointExtension>
            <ns3:hr>170</ns3:hr>
          </ns3:TrackPointExtension>
        </extensions>
      </trkpt>
      <trkpt lat="49.66864018701016902923583984375" lon="-123.14671377651393413543701171875">
        <ele>488</ele>
        <time>2023-07-16T20:17:07.000Z</time>
        <extensions>
          <ns3:TrackPointExtension>
            <ns3:hr>170</ns3:hr>
          </ns3:TrackPointExtension>
        </extensions>
      </trkpt>
      <trkpt lat="49.66862359084188938140869140625" lon="-123.1467140279710292816162109375">
        <ele>488.399993896484375</ele>
        <time>2023-07-16T20:17:10.000Z</time>
        <extensions>
          <ns3:TrackPointExtension>
            <ns3:hr>171</ns3:hr>
          </ns3:TrackPointExtension>
        </extensions>
      </trkpt>
      <trkpt lat="49.66861504130065441131591796875" lon="-123.146709837019443511962890625">
        <ele>489</ele>
        <time>2023-07-16T20:17:13.000Z</time>
        <extensions>
          <ns3:TrackPointExtension>
            <ns3:hr>170</ns3:hr>
          </ns3:TrackPointExtension>
        </extensions>
      </trkpt>
      <trkpt lat="49.66861923225224018096923828125" lon="-123.14668594859540462493896484375">
        <ele>489.600006103515625</ele>
        <time>2023-07-16T20:17:16.000Z</time>
        <extensions>
          <ns3:TrackPointExtension>
            <ns3:hr>170</ns3:hr>
          </ns3:TrackPointExtension>
        </extensions>
      </trkpt>
      <trkpt lat="49.668618142604827880859375" lon="-123.14667932689189910888671875">
        <ele>489.600006103515625</ele>
        <time>2023-07-16T20:17:17.000Z</time>
        <extensions>
          <ns3:TrackPointExtension>
            <ns3:hr>170</ns3:hr>
          </ns3:TrackPointExtension>
        </extensions>
      </trkpt>
      <trkpt lat="49.6686221659183502197265625" lon="-123.14668863080441951751708984375">
        <ele>489.79998779296875</ele>
        <time>2023-07-16T20:17:20.000Z</time>
        <extensions>
          <ns3:TrackPointExtension>
            <ns3:hr>171</ns3:hr>
          </ns3:TrackPointExtension>
        </extensions>
      </trkpt>
      <trkpt lat="49.66862560249865055084228515625" lon="-123.1466893851757049560546875">
        <ele>489.79998779296875</ele>
        <time>2023-07-16T20:17:24.000Z</time>
        <extensions>
          <ns3:TrackPointExtension>
            <ns3:hr>170</ns3:hr>
          </ns3:TrackPointExtension>
        </extensions>
      </trkpt>
      <trkpt lat="49.66864295303821563720703125" lon="-123.14666599966585636138916015625">
        <ele>490.20001220703125</ele>
        <time>2023-07-16T20:17:29.000Z</time>
        <extensions>
          <ns3:TrackPointExtension>
            <ns3:hr>169</ns3:hr>
          </ns3:TrackPointExtension>
        </extensions>
      </trkpt>
      <trkpt lat="49.66865007765591144561767578125" lon="-123.1466250121593475341796875">
        <ele>490.399993896484375</ele>
        <time>2023-07-16T20:17:33.000Z</time>
        <extensions>
          <ns3:TrackPointExtension>
            <ns3:hr>167</ns3:hr>
          </ns3:TrackPointExtension>
        </extensions>
      </trkpt>
      <trkpt lat="49.6686468087136745452880859375" lon="-123.14663867466151714324951171875">
        <ele>490.399993896484375</ele>
        <time>2023-07-16T20:17:40.000Z</time>
        <extensions>
          <ns3:TrackPointExtension>
            <ns3:hr>167</ns3:hr>
          </ns3:TrackPointExtension>
        </extensions>
      </trkpt>
      <trkpt lat="49.6686568669974803924560546875" lon="-123.14662962220609188079833984375">
        <ele>490.600006103515625</ele>
        <time>2023-07-16T20:17:43.000Z</time>
        <extensions>
          <ns3:TrackPointExtension>
            <ns3:hr>168</ns3:hr>
          </ns3:TrackPointExtension>
        </extensions>
      </trkpt>
      <trkpt lat="49.6686538495123386383056640625" lon="-123.1466315500438213348388671875">
        <ele>490</ele>
        <time>2023-07-16T20:17:45.000Z</time>
        <extensions>
          <ns3:TrackPointExtension>
            <ns3:hr>167</ns3:hr>
          </ns3:TrackPointExtension>
        </extensions>
      </trkpt>
      <trkpt lat="49.668656028807163238525390625" lon="-123.14664353616535663604736328125">
        <ele>490.399993896484375</ele>
        <time>2023-07-16T20:17:56.000Z</time>
        <extensions>
          <ns3:TrackPointExtension>
            <ns3:hr>163</ns3:hr>
          </ns3:TrackPointExtension>
        </extensions>
      </trkpt>
      <trkpt lat="49.668656028807163238525390625" lon="-123.14664353616535663604736328125">
        <ele>490.20001220703125</ele>
        <time>2023-07-16T20:18:02.000Z</time>
        <extensions>
          <ns3:TrackPointExtension>
            <ns3:hr>160</ns3:hr>
          </ns3:TrackPointExtension>
        </extensions>
      </trkpt>
      <trkpt lat="49.6686357446014881134033203125" lon="-123.1466281972825527191162109375">
        <ele>490.20001220703125</ele>
        <time>2023-07-16T20:18:11.000Z</time>
        <extensions>
          <ns3:TrackPointExtension>
            <ns3:hr>158</ns3:hr>
          </ns3:TrackPointExtension>
        </extensions>
      </trkpt>
      <trkpt lat="49.66859643347561359405517578125" lon="-123.14659508876502513885498046875">
        <ele>491</ele>
        <time>2023-07-16T20:18:18.000Z</time>
        <extensions>
          <ns3:TrackPointExtension>
            <ns3:hr>158</ns3:hr>
          </ns3:TrackPointExtension>
        </extensions>
      </trkpt>
      <trkpt lat="49.66858872212469577789306640625" lon="-123.14657472074031829833984375">
        <ele>491.20001220703125</ele>
        <time>2023-07-16T20:18:23.000Z</time>
        <extensions>
          <ns3:TrackPointExtension>
            <ns3:hr>159</ns3:hr>
          </ns3:TrackPointExtension>
        </extensions>
      </trkpt>
      <trkpt lat="49.66860146261751651763916015625" lon="-123.14655854366719722747802734375">
        <ele>491.600006103515625</ele>
        <time>2023-07-16T20:18:25.000Z</time>
        <extensions>
          <ns3:TrackPointExtension>
            <ns3:hr>159</ns3:hr>
          </ns3:TrackPointExtension>
        </extensions>
      </trkpt>
      <trkpt lat="49.66860950924456119537353515625" lon="-123.14654328860342502593994140625">
        <ele>491.79998779296875</ele>
        <time>2023-07-16T20:18:30.000Z</time>
        <extensions>
          <ns3:TrackPointExtension>
            <ns3:hr>158</ns3:hr>
          </ns3:TrackPointExtension>
        </extensions>
      </trkpt>
      <trkpt lat="49.66862744651734828948974609375" lon="-123.14653105102479457855224609375">
        <ele>492.600006103515625</ele>
        <time>2023-07-16T20:18:37.000Z</time>
        <extensions>
          <ns3:TrackPointExtension>
            <ns3:hr>157</ns3:hr>
          </ns3:TrackPointExtension>
        </extensions>
      </trkpt>
      <trkpt lat="49.66862577013671398162841796875" lon="-123.14652853645384311676025390625">
        <ele>492.79998779296875</ele>
        <time>2023-07-16T20:18:38.000Z</time>
        <extensions>
          <ns3:TrackPointExtension>
            <ns3:hr>157</ns3:hr>
          </ns3:TrackPointExtension>
        </extensions>
      </trkpt>
      <trkpt lat="49.66862627305090427398681640625" lon="-123.146484196186065673828125">
        <ele>493.79998779296875</ele>
        <time>2023-07-16T20:18:43.000Z</time>
        <extensions>
          <ns3:TrackPointExtension>
            <ns3:hr>156</ns3:hr>
          </ns3:TrackPointExtension>
        </extensions>
      </trkpt>
      <trkpt lat="49.6686263568699359893798828125" lon="-123.14647589810192584991455078125">
        <ele>494</ele>
        <time>2023-07-16T20:18:44.000Z</time>
        <extensions>
          <ns3:TrackPointExtension>
            <ns3:hr>156</ns3:hr>
          </ns3:TrackPointExtension>
        </extensions>
      </trkpt>
      <trkpt lat="49.6686344034969806671142578125" lon="-123.146391995251178741455078125">
        <ele>494.600006103515625</ele>
        <time>2023-07-16T20:18:51.000Z</time>
        <extensions>
          <ns3:TrackPointExtension>
            <ns3:hr>154</ns3:hr>
          </ns3:TrackPointExtension>
        </extensions>
      </trkpt>
      <trkpt lat="49.66862224973738193511962890625" lon="-123.1463770754635334014892578125">
        <ele>494.79998779296875</ele>
        <time>2023-07-16T20:18:53.000Z</time>
        <extensions>
          <ns3:TrackPointExtension>
            <ns3:hr>154</ns3:hr>
          </ns3:TrackPointExtension>
        </extensions>
      </trkpt>
      <trkpt lat="49.66863264329731464385986328125" lon="-123.14634564332664012908935546875">
        <ele>495</ele>
        <time>2023-07-16T20:18:55.000Z</time>
        <extensions>
          <ns3:TrackPointExtension>
            <ns3:hr>155</ns3:hr>
          </ns3:TrackPointExtension>
        </extensions>
      </trkpt>
      <trkpt lat="49.66862224973738193511962890625" lon="-123.14627875573933124542236328125">
        <ele>496</ele>
        <time>2023-07-16T20:19:01.000Z</time>
        <extensions>
          <ns3:TrackPointExtension>
            <ns3:hr>153</ns3:hr>
          </ns3:TrackPointExtension>
        </extensions>
      </trkpt>
      <trkpt lat="49.66861822642385959625244140625" lon="-123.14626567997038364410400390625">
        <ele>496.399993896484375</ele>
        <time>2023-07-16T20:19:04.000Z</time>
        <extensions>
          <ns3:TrackPointExtension>
            <ns3:hr>153</ns3:hr>
          </ns3:TrackPointExtension>
        </extensions>
      </trkpt>
      <trkpt lat="49.66861939989030361175537109375" lon="-123.1462629139423370361328125">
        <ele>496.600006103515625</ele>
        <time>2023-07-16T20:19:06.000Z</time>
        <extensions>
          <ns3:TrackPointExtension>
            <ns3:hr>153</ns3:hr>
          </ns3:TrackPointExtension>
        </extensions>
      </trkpt>
      <trkpt lat="49.66863197274506092071533203125" lon="-123.146253190934658050537109375">
        <ele>496.600006103515625</ele>
        <time>2023-07-16T20:19:08.000Z</time>
        <extensions>
          <ns3:TrackPointExtension>
            <ns3:hr>152</ns3:hr>
          </ns3:TrackPointExtension>
        </extensions>
      </trkpt>
      <trkpt lat="49.6686618961393833160400390625" lon="-123.14623617567121982574462890625">
        <ele>496.79998779296875</ele>
        <time>2023-07-16T20:19:13.000Z</time>
        <extensions>
          <ns3:TrackPointExtension>
            <ns3:hr>150</ns3:hr>
          </ns3:TrackPointExtension>
        </extensions>
      </trkpt>
      <trkpt lat="49.668654687702655792236328125" lon="-123.146233074367046356201171875">
        <ele>496.79998779296875</ele>
        <time>2023-07-16T20:19:14.000Z</time>
        <extensions>
          <ns3:TrackPointExtension>
            <ns3:hr>149</ns3:hr>
          </ns3:TrackPointExtension>
        </extensions>
      </trkpt>
      <trkpt lat="49.6686516702175140380859375" lon="-123.1462275423109531402587890625">
        <ele>497</ele>
        <time>2023-07-16T20:19:16.000Z</time>
        <extensions>
          <ns3:TrackPointExtension>
            <ns3:hr>149</ns3:hr>
          </ns3:TrackPointExtension>
        </extensions>
      </trkpt>
      <trkpt lat="49.66865628026425838470458984375" lon="-123.1462191604077816009521484375">
        <ele>497.20001220703125</ele>
        <time>2023-07-16T20:19:17.000Z</time>
        <extensions>
          <ns3:TrackPointExtension>
            <ns3:hr>149</ns3:hr>
          </ns3:TrackPointExtension>
        </extensions>
      </trkpt>
      <trkpt lat="49.66866633854806423187255859375" lon="-123.14619694836437702178955078125">
        <ele>497.79998779296875</ele>
        <time>2023-07-16T20:19:19.000Z</time>
        <extensions>
          <ns3:TrackPointExtension>
            <ns3:hr>149</ns3:hr>
          </ns3:TrackPointExtension>
        </extensions>
      </trkpt>
      <trkpt lat="49.66866910457611083984375" lon="-123.14618554897606372833251953125">
        <ele>498</ele>
        <time>2023-07-16T20:19:20.000Z</time>
        <extensions>
          <ns3:TrackPointExtension>
            <ns3:hr>149</ns3:hr>
          </ns3:TrackPointExtension>
        </extensions>
      </trkpt>
      <trkpt lat="49.66866985894739627838134765625" lon="-123.14617398194968700408935546875">
        <ele>498.20001220703125</ele>
        <time>2023-07-16T20:19:21.000Z</time>
        <extensions>
          <ns3:TrackPointExtension>
            <ns3:hr>151</ns3:hr>
          </ns3:TrackPointExtension>
        </extensions>
      </trkpt>
      <trkpt lat="49.66867120005190372467041015625" lon="-123.146173395216464996337890625">
        <ele>498.600006103515625</ele>
        <time>2023-07-16T20:19:25.000Z</time>
        <extensions>
          <ns3:TrackPointExtension>
            <ns3:hr>154</ns3:hr>
          </ns3:TrackPointExtension>
        </extensions>
      </trkpt>
      <trkpt lat="49.66866985894739627838134765625" lon="-123.14617582596838474273681640625">
        <ele>498.79998779296875</ele>
        <time>2023-07-16T20:19:26.000Z</time>
        <extensions>
          <ns3:TrackPointExtension>
            <ns3:hr>154</ns3:hr>
          </ns3:TrackPointExtension>
        </extensions>
      </trkpt>
      <trkpt lat="49.6686746366322040557861328125" lon="-123.14618714153766632080078125">
        <ele>499</ele>
        <time>2023-07-16T20:19:28.000Z</time>
        <extensions>
          <ns3:TrackPointExtension>
            <ns3:hr>156</ns3:hr>
          </ns3:TrackPointExtension>
        </extensions>
      </trkpt>
      <trkpt lat="49.6686838567256927490234375" lon="-123.14619250595569610595703125">
        <ele>499.20001220703125</ele>
        <time>2023-07-16T20:19:30.000Z</time>
        <extensions>
          <ns3:TrackPointExtension>
            <ns3:hr>158</ns3:hr>
          </ns3:TrackPointExtension>
        </extensions>
      </trkpt>
      <trkpt lat="49.66868645511567592620849609375" lon="-123.14619393087923526763916015625">
        <ele>499.399993896484375</ele>
        <time>2023-07-16T20:19:31.000Z</time>
        <extensions>
          <ns3:TrackPointExtension>
            <ns3:hr>158</ns3:hr>
          </ns3:TrackPointExtension>
        </extensions>
      </trkpt>
      <trkpt lat="49.66868980787694454193115234375" lon="-123.1461943499743938446044921875">
        <ele>499.600006103515625</ele>
        <time>2023-07-16T20:19:33.000Z</time>
        <extensions>
          <ns3:TrackPointExtension>
            <ns3:hr>161</ns3:hr>
          </ns3:TrackPointExtension>
        </extensions>
      </trkpt>
      <trkpt lat="49.66869215480983257293701171875" lon="-123.1461797654628753662109375">
        <ele>499.79998779296875</ele>
        <time>2023-07-16T20:19:38.000Z</time>
        <extensions>
          <ns3:TrackPointExtension>
            <ns3:hr>164</ns3:hr>
          </ns3:TrackPointExtension>
        </extensions>
      </trkpt>
      <trkpt lat="49.6686920709908008575439453125" lon="-123.14618311822414398193359375">
        <ele>499.79998779296875</ele>
        <time>2023-07-16T20:19:39.000Z</time>
        <extensions>
          <ns3:TrackPointExtension>
            <ns3:hr>165</ns3:hr>
          </ns3:TrackPointExtension>
        </extensions>
      </trkpt>
      <trkpt lat="49.668696932494640350341796875" lon="-123.146180771291255950927734375">
        <ele>499.600006103515625</ele>
        <time>2023-07-16T20:19:46.000Z</time>
        <extensions>
          <ns3:TrackPointExtension>
            <ns3:hr>166</ns3:hr>
          </ns3:TrackPointExtension>
        </extensions>
      </trkpt>
      <trkpt lat="49.66870489530265331268310546875" lon="-123.1461966969072818756103515625">
        <ele>499.399993896484375</ele>
        <time>2023-07-16T20:19:52.000Z</time>
        <extensions>
          <ns3:TrackPointExtension>
            <ns3:hr>164</ns3:hr>
          </ns3:TrackPointExtension>
        </extensions>
      </trkpt>
      <trkpt lat="49.6687198989093303680419921875" lon="-123.1461557932198047637939453125">
        <ele>500</ele>
        <time>2023-07-16T20:19:58.000Z</time>
        <extensions>
          <ns3:TrackPointExtension>
            <ns3:hr>163</ns3:hr>
          </ns3:TrackPointExtension>
        </extensions>
      </trkpt>
      <trkpt lat="49.6687175519764423370361328125" lon="-123.146153278648853302001953125">
        <ele>500.399993896484375</ele>
        <time>2023-07-16T20:19:59.000Z</time>
        <extensions>
          <ns3:TrackPointExtension>
            <ns3:hr>163</ns3:hr>
          </ns3:TrackPointExtension>
        </extensions>
      </trkpt>
      <trkpt lat="49.66872786171734333038330078125" lon="-123.14612117595970630645751953125">
        <ele>501.399993896484375</ele>
        <time>2023-07-16T20:20:04.000Z</time>
        <extensions>
          <ns3:TrackPointExtension>
            <ns3:hr>164</ns3:hr>
          </ns3:TrackPointExtension>
        </extensions>
      </trkpt>
      <trkpt lat="49.6687214076519012451171875" lon="-123.14611832611262798309326171875">
        <ele>502.399993896484375</ele>
        <time>2023-07-16T20:20:08.000Z</time>
        <extensions>
          <ns3:TrackPointExtension>
            <ns3:hr>166</ns3:hr>
          </ns3:TrackPointExtension>
        </extensions>
      </trkpt>
      <trkpt lat="49.66871914453804492950439453125" lon="-123.14611614681780338287353515625">
        <ele>502.79998779296875</ele>
        <time>2023-07-16T20:20:10.000Z</time>
        <extensions>
          <ns3:TrackPointExtension>
            <ns3:hr>166</ns3:hr>
          </ns3:TrackPointExtension>
        </extensions>
      </trkpt>
      <trkpt lat="49.668719731271266937255859375" lon="-123.146076835691928863525390625">
        <ele>503.600006103515625</ele>
        <time>2023-07-16T20:20:15.000Z</time>
        <extensions>
          <ns3:TrackPointExtension>
            <ns3:hr>168</ns3:hr>
          </ns3:TrackPointExtension>
        </extensions>
      </trkpt>
      <trkpt lat="49.66870036907494068145751953125" lon="-123.1460686214268207550048828125">
        <ele>504</ele>
        <time>2023-07-16T20:20:18.000Z</time>
        <extensions>
          <ns3:TrackPointExtension>
            <ns3:hr>168</ns3:hr>
          </ns3:TrackPointExtension>
        </extensions>
      </trkpt>
      <trkpt lat="49.668702296912670135498046875" lon="-123.1460240297019481658935546875">
        <ele>504.399993896484375</ele>
        <time>2023-07-16T20:20:23.000Z</time>
        <extensions>
          <ns3:TrackPointExtension>
            <ns3:hr>164</ns3:hr>
          </ns3:TrackPointExtension>
        </extensions>
      </trkpt>
      <trkpt lat="49.668715037405490875244140625" lon="-123.1460002250969409942626953125">
        <ele>504.79998779296875</ele>
        <time>2023-07-16T20:20:25.000Z</time>
        <extensions>
          <ns3:TrackPointExtension>
            <ns3:hr>163</ns3:hr>
          </ns3:TrackPointExtension>
        </extensions>
      </trkpt>
      <trkpt lat="49.668704308569431304931640625" lon="-123.14597415737807750701904296875">
        <ele>505.600006103515625</ele>
        <time>2023-07-16T20:20:30.000Z</time>
        <extensions>
          <ns3:TrackPointExtension>
            <ns3:hr>160</ns3:hr>
          </ns3:TrackPointExtension>
        </extensions>
      </trkpt>
      <trkpt lat="49.6686900593340396881103515625" lon="-123.14595638774335384368896484375">
        <ele>506</ele>
        <time>2023-07-16T20:20:34.000Z</time>
        <extensions>
          <ns3:TrackPointExtension>
            <ns3:hr>159</ns3:hr>
          </ns3:TrackPointExtension>
        </extensions>
      </trkpt>
      <trkpt lat="49.6686830185353755950927734375" lon="-123.14594306051731109619140625">
        <ele>506</ele>
        <time>2023-07-16T20:20:36.000Z</time>
        <extensions>
          <ns3:TrackPointExtension>
            <ns3:hr>159</ns3:hr>
          </ns3:TrackPointExtension>
        </extensions>
      </trkpt>
      <trkpt lat="49.668660722672939300537109375" lon="-123.14592336304485797882080078125">
        <ele>506.399993896484375</ele>
        <time>2023-07-16T20:20:41.000Z</time>
        <extensions>
          <ns3:TrackPointExtension>
            <ns3:hr>158</ns3:hr>
          </ns3:TrackPointExtension>
        </extensions>
      </trkpt>
      <trkpt lat="49.66864957474172115325927734375" lon="-123.1459140591323375701904296875">
        <ele>507</ele>
        <time>2023-07-16T20:20:45.000Z</time>
        <extensions>
          <ns3:TrackPointExtension>
            <ns3:hr>158</ns3:hr>
          </ns3:TrackPointExtension>
        </extensions>
      </trkpt>
      <trkpt lat="49.66864169575273990631103515625" lon="-123.14591850154101848602294921875">
        <ele>507</ele>
        <time>2023-07-16T20:20:46.000Z</time>
        <extensions>
          <ns3:TrackPointExtension>
            <ns3:hr>158</ns3:hr>
          </ns3:TrackPointExtension>
        </extensions>
      </trkpt>
      <trkpt lat="49.66864027082920074462890625" lon="-123.14592101611196994781494140625">
        <ele>507</ele>
        <time>2023-07-16T20:20:52.000Z</time>
        <extensions>
          <ns3:TrackPointExtension>
            <ns3:hr>156</ns3:hr>
          </ns3:TrackPointExtension>
        </extensions>
      </trkpt>
      <trkpt lat="49.6686327271163463592529296875" lon="-123.14588195644319057464599609375">
        <ele>507</ele>
        <time>2023-07-16T20:20:57.000Z</time>
        <extensions>
          <ns3:TrackPointExtension>
            <ns3:hr>155</ns3:hr>
          </ns3:TrackPointExtension>
        </extensions>
      </trkpt>
      <trkpt lat="49.66865234076976776123046875" lon="-123.145869635045528411865234375">
        <ele>506.399993896484375</ele>
        <time>2023-07-16T20:21:04.000Z</time>
        <extensions>
          <ns3:TrackPointExtension>
            <ns3:hr>154</ns3:hr>
          </ns3:TrackPointExtension>
        </extensions>
      </trkpt>
      <trkpt lat="49.66864873655140399932861328125" lon="-123.14584692008793354034423828125">
        <ele>506.79998779296875</ele>
        <time>2023-07-16T20:21:11.000Z</time>
        <extensions>
          <ns3:TrackPointExtension>
            <ns3:hr>152</ns3:hr>
          </ns3:TrackPointExtension>
        </extensions>
      </trkpt>
      <trkpt lat="49.66862560249865055084228515625" lon="-123.14582529477775096893310546875">
        <ele>507</ele>
        <time>2023-07-16T20:21:17.000Z</time>
        <extensions>
          <ns3:TrackPointExtension>
            <ns3:hr>151</ns3:hr>
          </ns3:TrackPointExtension>
        </extensions>
      </trkpt>
      <trkpt lat="49.668624512851238250732421875" lon="-123.145807944238185882568359375">
        <ele>508</ele>
        <time>2023-07-16T20:21:23.000Z</time>
        <extensions>
          <ns3:TrackPointExtension>
            <ns3:hr>152</ns3:hr>
          </ns3:TrackPointExtension>
        </extensions>
      </trkpt>
      <trkpt lat="49.668621160089969635009765625" lon="-123.1458064354956150054931640625">
        <ele>508</ele>
        <time>2023-07-16T20:21:24.000Z</time>
        <extensions>
          <ns3:TrackPointExtension>
            <ns3:hr>154</ns3:hr>
          </ns3:TrackPointExtension>
        </extensions>
      </trkpt>
      <trkpt lat="49.6686102636158466339111328125" lon="-123.1458061002194881439208984375">
        <ele>507.79998779296875</ele>
        <time>2023-07-16T20:21:26.000Z</time>
        <extensions>
          <ns3:TrackPointExtension>
            <ns3:hr>151</ns3:hr>
          </ns3:TrackPointExtension>
        </extensions>
      </trkpt>
      <trkpt lat="49.66859743930399417877197265625" lon="-123.1457963772118091583251953125">
        <ele>507.79998779296875</ele>
        <time>2023-07-16T20:21:30.000Z</time>
        <extensions>
          <ns3:TrackPointExtension>
            <ns3:hr>151</ns3:hr>
          </ns3:TrackPointExtension>
        </extensions>
      </trkpt>
      <trkpt lat="49.6685857884585857391357421875" lon="-123.14579017460346221923828125">
        <ele>508.20001220703125</ele>
        <time>2023-07-16T20:21:35.000Z</time>
        <extensions>
          <ns3:TrackPointExtension>
            <ns3:hr>147</ns3:hr>
          </ns3:TrackPointExtension>
        </extensions>
      </trkpt>
      <trkpt lat="49.66858469881117343902587890625" lon="-123.14578942023217678070068359375">
        <ele>508.399993896484375</ele>
        <time>2023-07-16T20:21:36.000Z</time>
        <extensions>
          <ns3:TrackPointExtension>
            <ns3:hr>145</ns3:hr>
          </ns3:TrackPointExtension>
        </extensions>
      </trkpt>
      <trkpt lat="49.6685676835477352142333984375" lon="-123.145785816013813018798828125">
        <ele>509.20001220703125</ele>
        <time>2023-07-16T20:21:44.000Z</time>
        <extensions>
          <ns3:TrackPointExtension>
            <ns3:hr>146</ns3:hr>
          </ns3:TrackPointExtension>
        </extensions>
      </trkpt>
      <trkpt lat="49.6685676835477352142333984375" lon="-123.145788498222827911376953125">
        <ele>509.600006103515625</ele>
        <time>2023-07-16T20:21:45.000Z</time>
        <extensions>
          <ns3:TrackPointExtension>
            <ns3:hr>147</ns3:hr>
          </ns3:TrackPointExtension>
        </extensions>
      </trkpt>
      <trkpt lat="49.668568186461925506591796875" lon="-123.14578078687191009521484375">
        <ele>510.399993896484375</ele>
        <time>2023-07-16T20:21:51.000Z</time>
        <extensions>
          <ns3:TrackPointExtension>
            <ns3:hr>147</ns3:hr>
          </ns3:TrackPointExtension>
        </extensions>
      </trkpt>
      <trkpt lat="49.66856089420616626739501953125" lon="-123.14575555734336376190185546875">
        <ele>511.600006103515625</ele>
        <time>2023-07-16T20:21:57.000Z</time>
        <extensions>
          <ns3:TrackPointExtension>
            <ns3:hr>146</ns3:hr>
          </ns3:TrackPointExtension>
        </extensions>
      </trkpt>
      <trkpt lat="49.6685572899878025054931640625" lon="-123.145754635334014892578125">
        <ele>512</ele>
        <time>2023-07-16T20:21:58.000Z</time>
        <extensions>
          <ns3:TrackPointExtension>
            <ns3:hr>145</ns3:hr>
          </ns3:TrackPointExtension>
        </extensions>
      </trkpt>
      <trkpt lat="49.668552093207836151123046875" lon="-123.145773746073246002197265625">
        <ele>512.79998779296875</ele>
        <time>2023-07-16T20:22:01.000Z</time>
        <extensions>
          <ns3:TrackPointExtension>
            <ns3:hr>146</ns3:hr>
          </ns3:TrackPointExtension>
        </extensions>
      </trkpt>
      <trkpt lat="49.66855502687394618988037109375" lon="-123.145771734416484832763671875">
        <ele>513.4000244140625</ele>
        <time>2023-07-16T20:22:04.000Z</time>
        <extensions>
          <ns3:TrackPointExtension>
            <ns3:hr>147</ns3:hr>
          </ns3:TrackPointExtension>
        </extensions>
      </trkpt>
      <trkpt lat="49.66855502687394618988037109375" lon="-123.145771734416484832763671875">
        <ele>514</ele>
        <time>2023-07-16T20:22:09.000Z</time>
        <extensions>
          <ns3:TrackPointExtension>
            <ns3:hr>146</ns3:hr>
          </ns3:TrackPointExtension>
        </extensions>
      </trkpt>
      <trkpt lat="49.66854513622820377349853515625" lon="-123.1457345187664031982421875">
        <ele>514.5999755859375</ele>
        <time>2023-07-16T20:22:14.000Z</time>
        <extensions>
          <ns3:TrackPointExtension>
            <ns3:hr>148</ns3:hr>
          </ns3:TrackPointExtension>
        </extensions>
      </trkpt>
      <trkpt lat="49.66854295693337917327880859375" lon="-123.14572940580546855926513671875">
        <ele>514.79998779296875</ele>
        <time>2023-07-16T20:22:15.000Z</time>
        <extensions>
          <ns3:TrackPointExtension>
            <ns3:hr>147</ns3:hr>
          </ns3:TrackPointExtension>
        </extensions>
      </trkpt>
      <trkpt lat="49.66854966245591640472412109375" lon="-123.145726807415485382080078125">
        <ele>514.79998779296875</ele>
        <time>2023-07-16T20:22:16.000Z</time>
        <extensions>
          <ns3:TrackPointExtension>
            <ns3:hr>147</ns3:hr>
          </ns3:TrackPointExtension>
        </extensions>
      </trkpt>
      <trkpt lat="49.6685522608458995819091796875" lon="-123.14568665809929370880126953125">
        <ele>514.5999755859375</ele>
        <time>2023-07-16T20:22:19.000Z</time>
        <extensions>
          <ns3:TrackPointExtension>
            <ns3:hr>146</ns3:hr>
          </ns3:TrackPointExtension>
        </extensions>
      </trkpt>
      <trkpt lat="49.6685525961220264434814453125" lon="-123.14568062312901020050048828125">
        <ele>514.5999755859375</ele>
        <time>2023-07-16T20:22:20.000Z</time>
        <extensions>
          <ns3:TrackPointExtension>
            <ns3:hr>145</ns3:hr>
          </ns3:TrackPointExtension>
        </extensions>
      </trkpt>
      <trkpt lat="49.6685603074729442596435546875" lon="-123.14566670916974544525146484375">
        <ele>514.5999755859375</ele>
        <time>2023-07-16T20:22:22.000Z</time>
        <extensions>
          <ns3:TrackPointExtension>
            <ns3:hr>146</ns3:hr>
          </ns3:TrackPointExtension>
        </extensions>
      </trkpt>
      <trkpt lat="49.66855888254940509796142578125" lon="-123.1456669606268405914306640625">
        <ele>514.4000244140625</ele>
        <time>2023-07-16T20:22:25.000Z</time>
        <extensions>
          <ns3:TrackPointExtension>
            <ns3:hr>147</ns3:hr>
          </ns3:TrackPointExtension>
        </extensions>
      </trkpt>
      <trkpt lat="49.668570868670940399169921875" lon="-123.1456384621560573577880859375">
        <ele>514.79998779296875</ele>
        <time>2023-07-16T20:22:27.000Z</time>
        <extensions>
          <ns3:TrackPointExtension>
            <ns3:hr>150</ns3:hr>
          </ns3:TrackPointExtension>
        </extensions>
      </trkpt>
      <trkpt lat="49.66858905740082263946533203125" lon="-123.14560585655272006988525390625">
        <ele>515.20001220703125</ele>
        <time>2023-07-16T20:22:28.000Z</time>
        <extensions>
          <ns3:TrackPointExtension>
            <ns3:hr>150</ns3:hr>
          </ns3:TrackPointExtension>
        </extensions>
      </trkpt>
      <trkpt lat="49.6686173044145107269287109375" lon="-123.14556880854070186614990234375">
        <ele>515.5999755859375</ele>
        <time>2023-07-16T20:22:30.000Z</time>
        <extensions>
          <ns3:TrackPointExtension>
            <ns3:hr>150</ns3:hr>
          </ns3:TrackPointExtension>
        </extensions>
      </trkpt>
      <trkpt lat="49.66863163746893405914306640625" lon="-123.1455375440418720245361328125">
        <ele>516</ele>
        <time>2023-07-16T20:22:32.000Z</time>
        <extensions>
          <ns3:TrackPointExtension>
            <ns3:hr>150</ns3:hr>
          </ns3:TrackPointExtension>
        </extensions>
      </trkpt>
      <trkpt lat="49.6686243452131748199462890625" lon="-123.1455378793179988861083984375">
        <ele>516</ele>
        <time>2023-07-16T20:22:33.000Z</time>
        <extensions>
          <ns3:TrackPointExtension>
            <ns3:hr>150</ns3:hr>
          </ns3:TrackPointExtension>
        </extensions>
      </trkpt>
      <trkpt lat="49.66862157918512821197509765625" lon="-123.14553444273769855499267578125">
        <ele>516.4000244140625</ele>
        <time>2023-07-16T20:22:34.000Z</time>
        <extensions>
          <ns3:TrackPointExtension>
            <ns3:hr>149</ns3:hr>
          </ns3:TrackPointExtension>
        </extensions>
      </trkpt>
      <trkpt lat="49.6686209924519062042236328125" lon="-123.14553025178611278533935546875">
        <ele>517</ele>
        <time>2023-07-16T20:22:37.000Z</time>
        <extensions>
          <ns3:TrackPointExtension>
            <ns3:hr>150</ns3:hr>
          </ns3:TrackPointExtension>
        </extensions>
      </trkpt>
      <trkpt lat="49.66863113455474376678466796875" lon="-123.1455144099891185760498046875">
        <ele>517.20001220703125</ele>
        <time>2023-07-16T20:22:40.000Z</time>
        <extensions>
          <ns3:TrackPointExtension>
            <ns3:hr>153</ns3:hr>
          </ns3:TrackPointExtension>
        </extensions>
      </trkpt>
      <trkpt lat="49.668628871440887451171875" lon="-123.14549689181149005889892578125">
        <ele>517</ele>
        <time>2023-07-16T20:22:43.000Z</time>
        <extensions>
          <ns3:TrackPointExtension>
            <ns3:hr>155</ns3:hr>
          </ns3:TrackPointExtension>
        </extensions>
      </trkpt>
      <trkpt lat="49.6686173044145107269287109375" lon="-123.1454872526228427886962890625">
        <ele>517.4000244140625</ele>
        <time>2023-07-16T20:22:46.000Z</time>
        <extensions>
          <ns3:TrackPointExtension>
            <ns3:hr>158</ns3:hr>
          </ns3:TrackPointExtension>
        </extensions>
      </trkpt>
      <trkpt lat="49.66861839406192302703857421875" lon="-123.1454714946448802947998046875">
        <ele>518</ele>
        <time>2023-07-16T20:22:50.000Z</time>
        <extensions>
          <ns3:TrackPointExtension>
            <ns3:hr>157</ns3:hr>
          </ns3:TrackPointExtension>
        </extensions>
      </trkpt>
      <trkpt lat="49.6686162985861301422119140625" lon="-123.1454528868198394775390625">
        <ele>518.79998779296875</ele>
        <time>2023-07-16T20:22:53.000Z</time>
        <extensions>
          <ns3:TrackPointExtension>
            <ns3:hr>157</ns3:hr>
          </ns3:TrackPointExtension>
        </extensions>
      </trkpt>
      <trkpt lat="49.6686162985861301422119140625" lon="-123.1454528868198394775390625">
        <ele>519.20001220703125</ele>
        <time>2023-07-16T20:22:57.000Z</time>
        <extensions>
          <ns3:TrackPointExtension>
            <ns3:hr>157</ns3:hr>
          </ns3:TrackPointExtension>
        </extensions>
      </trkpt>
      <trkpt lat="49.6686162985861301422119140625" lon="-123.1454528868198394775390625">
        <ele>519.5999755859375</ele>
        <time>2023-07-16T20:23:00.000Z</time>
        <extensions>
          <ns3:TrackPointExtension>
            <ns3:hr>160</ns3:hr>
          </ns3:TrackPointExtension>
        </extensions>
      </trkpt>
      <trkpt lat="49.6686162985861301422119140625" lon="-123.1454528868198394775390625">
        <ele>519.79998779296875</ele>
        <time>2023-07-16T20:23:02.000Z</time>
        <extensions>
          <ns3:TrackPointExtension>
            <ns3:hr>160</ns3:hr>
          </ns3:TrackPointExtension>
        </extensions>
      </trkpt>
      <trkpt lat="49.6686162985861301422119140625" lon="-123.1454528868198394775390625">
        <ele>520</ele>
        <time>2023-07-16T20:23:04.000Z</time>
        <extensions>
          <ns3:TrackPointExtension>
            <ns3:hr>156</ns3:hr>
          </ns3:TrackPointExtension>
        </extensions>
      </trkpt>
      <trkpt lat="49.66861487366259098052978515625" lon="-123.1454493664205074310302734375">
        <ele>520.4000244140625</ele>
        <time>2023-07-16T20:23:10.000Z</time>
        <extensions>
          <ns3:TrackPointExtension>
            <ns3:hr>154</ns3:hr>
          </ns3:TrackPointExtension>
        </extensions>
      </trkpt>
      <trkpt lat="49.66860967688262462615966796875" lon="-123.14540904946625232696533203125">
        <ele>520.5999755859375</ele>
        <time>2023-07-16T20:23:13.000Z</time>
        <extensions>
          <ns3:TrackPointExtension>
            <ns3:hr>151</ns3:hr>
          </ns3:TrackPointExtension>
        </extensions>
      </trkpt>
      <trkpt lat="49.668609090149402618408203125" lon="-123.14539396204054355621337890625">
        <ele>520.79998779296875</ele>
        <time>2023-07-16T20:23:14.000Z</time>
        <extensions>
          <ns3:TrackPointExtension>
            <ns3:hr>151</ns3:hr>
          </ns3:TrackPointExtension>
        </extensions>
      </trkpt>
      <trkpt lat="49.66859911568462848663330078125" lon="-123.1453375518321990966796875">
        <ele>521.79998779296875</ele>
        <time>2023-07-16T20:23:22.000Z</time>
        <extensions>
          <ns3:TrackPointExtension>
            <ns3:hr>153</ns3:hr>
          </ns3:TrackPointExtension>
        </extensions>
      </trkpt>
      <trkpt lat="49.66859542764723300933837890625" lon="-123.1453373841941356658935546875">
        <ele>522.79998779296875</ele>
        <time>2023-07-16T20:23:27.000Z</time>
        <extensions>
          <ns3:TrackPointExtension>
            <ns3:hr>155</ns3:hr>
          </ns3:TrackPointExtension>
        </extensions>
      </trkpt>
      <trkpt lat="49.66859308071434497833251953125" lon="-123.1453373841941356658935546875">
        <ele>523.79998779296875</ele>
        <time>2023-07-16T20:23:34.000Z</time>
        <extensions>
          <ns3:TrackPointExtension>
            <ns3:hr>156</ns3:hr>
          </ns3:TrackPointExtension>
        </extensions>
      </trkpt>
      <trkpt lat="49.6685562841594219207763671875" lon="-123.145343251526355743408203125">
        <ele>523.79998779296875</ele>
        <time>2023-07-16T20:23:47.000Z</time>
        <extensions>
          <ns3:TrackPointExtension>
            <ns3:hr>156</ns3:hr>
          </ns3:TrackPointExtension>
        </extensions>
      </trkpt>
      <trkpt lat="49.66854102909564971923828125" lon="-123.14536697231233119964599609375">
        <ele>524</ele>
        <time>2023-07-16T20:23:52.000Z</time>
        <extensions>
          <ns3:TrackPointExtension>
            <ns3:hr>155</ns3:hr>
          </ns3:TrackPointExtension>
        </extensions>
      </trkpt>
      <trkpt lat="49.668548740446567535400390625" lon="-123.1453675590455532073974609375">
        <ele>524.20001220703125</ele>
        <time>2023-07-16T20:24:00.000Z</time>
        <extensions>
          <ns3:TrackPointExtension>
            <ns3:hr>156</ns3:hr>
          </ns3:TrackPointExtension>
        </extensions>
      </trkpt>
      <trkpt lat="49.668548740446567535400390625" lon="-123.145367391407489776611328125">
        <ele>524.20001220703125</ele>
        <time>2023-07-16T20:24:05.000Z</time>
        <extensions>
          <ns3:TrackPointExtension>
            <ns3:hr>153</ns3:hr>
          </ns3:TrackPointExtension>
        </extensions>
      </trkpt>
      <trkpt lat="49.6685375086963176727294921875" lon="-123.1453088857233524322509765625">
        <ele>524.4000244140625</ele>
        <time>2023-07-16T20:24:13.000Z</time>
        <extensions>
          <ns3:TrackPointExtension>
            <ns3:hr>152</ns3:hr>
          </ns3:TrackPointExtension>
        </extensions>
      </trkpt>
      <trkpt lat="49.668544046580791473388671875" lon="-123.14529069699347019195556640625">
        <ele>525</ele>
        <time>2023-07-16T20:24:17.000Z</time>
        <extensions>
          <ns3:TrackPointExtension>
            <ns3:hr>152</ns3:hr>
          </ns3:TrackPointExtension>
        </extensions>
      </trkpt>
      <trkpt lat="49.668526947498321533203125" lon="-123.145293295383453369140625">
        <ele>525.20001220703125</ele>
        <time>2023-07-16T20:24:19.000Z</time>
        <extensions>
          <ns3:TrackPointExtension>
            <ns3:hr>153</ns3:hr>
          </ns3:TrackPointExtension>
        </extensions>
      </trkpt>
      <trkpt lat="49.6684902347624301910400390625" lon="-123.1452787108719348907470703125">
        <ele>525.20001220703125</ele>
        <time>2023-07-16T20:24:22.000Z</time>
        <extensions>
          <ns3:TrackPointExtension>
            <ns3:hr>152</ns3:hr>
          </ns3:TrackPointExtension>
        </extensions>
      </trkpt>
      <trkpt lat="49.66842812485992908477783203125" lon="-123.1452535651624202728271484375">
        <ele>525.5999755859375</ele>
        <time>2023-07-16T20:24:29.000Z</time>
        <extensions>
          <ns3:TrackPointExtension>
            <ns3:hr>154</ns3:hr>
          </ns3:TrackPointExtension>
        </extensions>
      </trkpt>
      <trkpt lat="49.66840163804590702056884765625" lon="-123.1452463567256927490234375">
        <ele>526</ele>
        <time>2023-07-16T20:24:33.000Z</time>
        <extensions>
          <ns3:TrackPointExtension>
            <ns3:hr>151</ns3:hr>
          </ns3:TrackPointExtension>
        </extensions>
      </trkpt>
      <trkpt lat="49.66840616427361965179443359375" lon="-123.1452356278896331787109375">
        <ele>526.4000244140625</ele>
        <time>2023-07-16T20:24:36.000Z</time>
        <extensions>
          <ns3:TrackPointExtension>
            <ns3:hr>153</ns3:hr>
          </ns3:TrackPointExtension>
        </extensions>
      </trkpt>
      <trkpt lat="49.668401889503002166748046875" lon="-123.14523763954639434814453125">
        <ele>527.20001220703125</ele>
        <time>2023-07-16T20:24:40.000Z</time>
        <extensions>
          <ns3:TrackPointExtension>
            <ns3:hr>153</ns3:hr>
          </ns3:TrackPointExtension>
        </extensions>
      </trkpt>
      <trkpt lat="49.66840297915041446685791015625" lon="-123.14523571170866489410400390625">
        <ele>527.79998779296875</ele>
        <time>2023-07-16T20:24:43.000Z</time>
        <extensions>
          <ns3:TrackPointExtension>
            <ns3:hr>154</ns3:hr>
          </ns3:TrackPointExtension>
        </extensions>
      </trkpt>
      <trkpt lat="49.66840297915041446685791015625" lon="-123.14523571170866489410400390625">
        <ele>528.20001220703125</ele>
        <time>2023-07-16T20:24:45.000Z</time>
        <extensions>
          <ns3:TrackPointExtension>
            <ns3:hr>157</ns3:hr>
          </ns3:TrackPointExtension>
        </extensions>
      </trkpt>
      <trkpt lat="49.66840297915041446685791015625" lon="-123.14523571170866489410400390625">
        <ele>528.4000244140625</ele>
        <time>2023-07-16T20:24:46.000Z</time>
        <extensions>
          <ns3:TrackPointExtension>
            <ns3:hr>157</ns3:hr>
          </ns3:TrackPointExtension>
        </extensions>
      </trkpt>
      <trkpt lat="49.66840297915041446685791015625" lon="-123.14523571170866489410400390625">
        <ele>529.5999755859375</ele>
        <time>2023-07-16T20:24:51.000Z</time>
        <extensions>
          <ns3:TrackPointExtension>
            <ns3:hr>160</ns3:hr>
          </ns3:TrackPointExtension>
        </extensions>
      </trkpt>
      <trkpt lat="49.66840147040784358978271484375" lon="-123.14523571170866489410400390625">
        <ele>529.79998779296875</ele>
        <time>2023-07-16T20:24:55.000Z</time>
        <extensions>
          <ns3:TrackPointExtension>
            <ns3:hr>163</ns3:hr>
          </ns3:TrackPointExtension>
        </extensions>
      </trkpt>
      <trkpt lat="49.66839342378079891204833984375" lon="-123.1452356278896331787109375">
        <ele>530.5999755859375</ele>
        <time>2023-07-16T20:24:59.000Z</time>
        <extensions>
          <ns3:TrackPointExtension>
            <ns3:hr>163</ns3:hr>
          </ns3:TrackPointExtension>
        </extensions>
      </trkpt>
      <trkpt lat="49.6683762408792972564697265625" lon="-123.14521626569330692291259765625">
        <ele>531.5999755859375</ele>
        <time>2023-07-16T20:25:04.000Z</time>
        <extensions>
          <ns3:TrackPointExtension>
            <ns3:hr>163</ns3:hr>
          </ns3:TrackPointExtension>
        </extensions>
      </trkpt>
      <trkpt lat="49.6683745644986629486083984375" lon="-123.14521291293203830718994140625">
        <ele>531.79998779296875</ele>
        <time>2023-07-16T20:25:05.000Z</time>
        <extensions>
          <ns3:TrackPointExtension>
            <ns3:hr>165</ns3:hr>
          </ns3:TrackPointExtension>
        </extensions>
      </trkpt>
      <trkpt lat="49.6683688648045063018798828125" lon="-123.14521190710365772247314453125">
        <ele>531.79998779296875</ele>
        <time>2023-07-16T20:25:06.000Z</time>
        <extensions>
          <ns3:TrackPointExtension>
            <ns3:hr>164</ns3:hr>
          </ns3:TrackPointExtension>
        </extensions>
      </trkpt>
      <trkpt lat="49.66836090199649333953857421875" lon="-123.14520436339080333709716796875">
        <ele>532.79998779296875</ele>
        <time>2023-07-16T20:25:11.000Z</time>
        <extensions>
          <ns3:TrackPointExtension>
            <ns3:hr>163</ns3:hr>
          </ns3:TrackPointExtension>
        </extensions>
      </trkpt>
      <trkpt lat="49.6683400310575962066650390625" lon="-123.14518759958446025848388671875">
        <ele>533.4000244140625</ele>
        <time>2023-07-16T20:25:16.000Z</time>
        <extensions>
          <ns3:TrackPointExtension>
            <ns3:hr>159</ns3:hr>
          </ns3:TrackPointExtension>
        </extensions>
      </trkpt>
      <trkpt lat="49.6683376841247081756591796875" lon="-123.14517519436776638031005859375">
        <ele>534</ele>
        <time>2023-07-16T20:25:18.000Z</time>
        <extensions>
          <ns3:TrackPointExtension>
            <ns3:hr>158</ns3:hr>
          </ns3:TrackPointExtension>
        </extensions>
      </trkpt>
      <trkpt lat="49.66833743266761302947998046875" lon="-123.145170249044895172119140625">
        <ele>534.4000244140625</ele>
        <time>2023-07-16T20:25:19.000Z</time>
        <extensions>
          <ns3:TrackPointExtension>
            <ns3:hr>158</ns3:hr>
          </ns3:TrackPointExtension>
        </extensions>
      </trkpt>
      <trkpt lat="49.6683353371918201446533203125" lon="-123.145155496895313262939453125">
        <ele>535.4000244140625</ele>
        <time>2023-07-16T20:25:22.000Z</time>
        <extensions>
          <ns3:TrackPointExtension>
            <ns3:hr>157</ns3:hr>
          </ns3:TrackPointExtension>
        </extensions>
      </trkpt>
      <trkpt lat="49.66832972131669521331787109375" lon="-123.14514166675508022308349609375">
        <ele>536.20001220703125</ele>
        <time>2023-07-16T20:25:25.000Z</time>
        <extensions>
          <ns3:TrackPointExtension>
            <ns3:hr>158</ns3:hr>
          </ns3:TrackPointExtension>
        </extensions>
      </trkpt>
      <trkpt lat="49.66830591671168804168701171875" lon="-123.1451197899878025054931640625">
        <ele>536.5999755859375</ele>
        <time>2023-07-16T20:25:30.000Z</time>
        <extensions>
          <ns3:TrackPointExtension>
            <ns3:hr>160</ns3:hr>
          </ns3:TrackPointExtension>
        </extensions>
      </trkpt>
      <trkpt lat="49.6682957746088504791259765625" lon="-123.1451097317039966583251953125">
        <ele>537.20001220703125</ele>
        <time>2023-07-16T20:25:33.000Z</time>
        <extensions>
          <ns3:TrackPointExtension>
            <ns3:hr>160</ns3:hr>
          </ns3:TrackPointExtension>
        </extensions>
      </trkpt>
      <trkpt lat="49.66828278265893459320068359375" lon="-123.14509690739214420318603515625">
        <ele>537.5999755859375</ele>
        <time>2023-07-16T20:25:35.000Z</time>
        <extensions>
          <ns3:TrackPointExtension>
            <ns3:hr>160</ns3:hr>
          </ns3:TrackPointExtension>
        </extensions>
      </trkpt>
      <trkpt lat="49.66826082207262516021728515625" lon="-123.1450798921287059783935546875">
        <ele>538.20001220703125</ele>
        <time>2023-07-16T20:25:38.000Z</time>
        <extensions>
          <ns3:TrackPointExtension>
            <ns3:hr>157</ns3:hr>
          </ns3:TrackPointExtension>
        </extensions>
      </trkpt>
      <trkpt lat="49.66824053786695003509521484375" lon="-123.1450688280165195465087890625">
        <ele>538.4000244140625</ele>
        <time>2023-07-16T20:25:39.000Z</time>
        <extensions>
          <ns3:TrackPointExtension>
            <ns3:hr>158</ns3:hr>
          </ns3:TrackPointExtension>
        </extensions>
      </trkpt>
      <trkpt lat="49.66822452843189239501953125" lon="-123.1450611166656017303466796875">
        <ele>538.79998779296875</ele>
        <time>2023-07-16T20:25:41.000Z</time>
        <extensions>
          <ns3:TrackPointExtension>
            <ns3:hr>158</ns3:hr>
          </ns3:TrackPointExtension>
        </extensions>
      </trkpt>
      <trkpt lat="49.6681871451437473297119140625" lon="-123.1450336240231990814208984375">
        <ele>539.20001220703125</ele>
        <time>2023-07-16T20:25:48.000Z</time>
        <extensions>
          <ns3:TrackPointExtension>
            <ns3:hr>156</ns3:hr>
          </ns3:TrackPointExtension>
        </extensions>
      </trkpt>
      <trkpt lat="49.668183624744415283203125" lon="-123.14502264373004436492919921875">
        <ele>539.5999755859375</ele>
        <time>2023-07-16T20:25:52.000Z</time>
        <extensions>
          <ns3:TrackPointExtension>
            <ns3:hr>152</ns3:hr>
          </ns3:TrackPointExtension>
        </extensions>
      </trkpt>
      <trkpt lat="49.66817717067897319793701171875" lon="-123.1450098194181919097900390625">
        <ele>540</ele>
        <time>2023-07-16T20:25:53.000Z</time>
        <extensions>
          <ns3:TrackPointExtension>
            <ns3:hr>155</ns3:hr>
          </ns3:TrackPointExtension>
        </extensions>
      </trkpt>
      <trkpt lat="49.66816241852939128875732421875" lon="-123.14499632455408573150634765625">
        <ele>540.4000244140625</ele>
        <time>2023-07-16T20:25:54.000Z</time>
        <extensions>
          <ns3:TrackPointExtension>
            <ns3:hr>155</ns3:hr>
          </ns3:TrackPointExtension>
        </extensions>
      </trkpt>
      <trkpt lat="49.6681542880833148956298828125" lon="-123.1449715979397296905517578125">
        <ele>540.79998779296875</ele>
        <time>2023-07-16T20:25:56.000Z</time>
        <extensions>
          <ns3:TrackPointExtension>
            <ns3:hr>159</ns3:hr>
          </ns3:TrackPointExtension>
        </extensions>
      </trkpt>
      <trkpt lat="49.6681546233594417572021484375" lon="-123.144958354532718658447265625">
        <ele>541</ele>
        <time>2023-07-16T20:25:58.000Z</time>
        <extensions>
          <ns3:TrackPointExtension>
            <ns3:hr>158</ns3:hr>
          </ns3:TrackPointExtension>
        </extensions>
      </trkpt>
      <trkpt lat="49.6681459061801433563232421875" lon="-123.14495265483856201171875">
        <ele>541</ele>
        <time>2023-07-16T20:25:59.000Z</time>
        <extensions>
          <ns3:TrackPointExtension>
            <ns3:hr>158</ns3:hr>
          </ns3:TrackPointExtension>
        </extensions>
      </trkpt>
      <trkpt lat="49.66812662780284881591796875" lon="-123.14493580721318721771240234375">
        <ele>541</ele>
        <time>2023-07-16T20:26:02.000Z</time>
        <extensions>
          <ns3:TrackPointExtension>
            <ns3:hr>155</ns3:hr>
          </ns3:TrackPointExtension>
        </extensions>
      </trkpt>
      <trkpt lat="49.668116234242916107177734375" lon="-123.1449146009981632232666015625">
        <ele>540.79998779296875</ele>
        <time>2023-07-16T20:26:08.000Z</time>
        <extensions>
          <ns3:TrackPointExtension>
            <ns3:hr>153</ns3:hr>
          </ns3:TrackPointExtension>
        </extensions>
      </trkpt>
      <trkpt lat="49.668121598660945892333984375" lon="-123.14494720660150051116943359375">
        <ele>540.79998779296875</ele>
        <time>2023-07-16T20:26:16.000Z</time>
        <extensions>
          <ns3:TrackPointExtension>
            <ns3:hr>153</ns3:hr>
          </ns3:TrackPointExtension>
        </extensions>
      </trkpt>
      <trkpt lat="49.66813459061086177825927734375" lon="-123.14499263651669025421142578125">
        <ele>540.4000244140625</ele>
        <time>2023-07-16T20:26:21.000Z</time>
        <extensions>
          <ns3:TrackPointExtension>
            <ns3:hr>153</ns3:hr>
          </ns3:TrackPointExtension>
        </extensions>
      </trkpt>
      <trkpt lat="49.66813660226762294769287109375" lon="-123.1449897028505802154541015625">
        <ele>540</ele>
        <time>2023-07-16T20:26:27.000Z</time>
        <extensions>
          <ns3:TrackPointExtension>
            <ns3:hr>152</ns3:hr>
          </ns3:TrackPointExtension>
        </extensions>
      </trkpt>
      <trkpt lat="49.66813660226762294769287109375" lon="-123.1449897028505802154541015625">
        <ele>540</ele>
        <time>2023-07-16T20:26:30.000Z</time>
        <extensions>
          <ns3:TrackPointExtension>
            <ns3:hr>151</ns3:hr>
          </ns3:TrackPointExtension>
        </extensions>
      </trkpt>
      <trkpt lat="49.66813266277313232421875" lon="-123.144992552697658538818359375">
        <ele>540.20001220703125</ele>
        <time>2023-07-16T20:26:47.000Z</time>
        <extensions>
          <ns3:TrackPointExtension>
            <ns3:hr>148</ns3:hr>
          </ns3:TrackPointExtension>
        </extensions>
      </trkpt>
      <trkpt lat="49.66812822036445140838623046875" lon="-123.14499649219214916229248046875">
        <ele>540.20001220703125</ele>
        <time>2023-07-16T20:26:54.000Z</time>
        <extensions>
          <ns3:TrackPointExtension>
            <ns3:hr>151</ns3:hr>
          </ns3:TrackPointExtension>
        </extensions>
      </trkpt>
      <trkpt lat="49.66812369413673877716064453125" lon="-123.14499850384891033172607421875">
        <ele>540.20001220703125</ele>
        <time>2023-07-16T20:27:00.000Z</time>
        <extensions>
          <ns3:TrackPointExtension>
            <ns3:hr>154</ns3:hr>
          </ns3:TrackPointExtension>
        </extensions>
      </trkpt>
      <trkpt lat="49.66812369413673877716064453125" lon="-123.14499867148697376251220703125">
        <ele>540.20001220703125</ele>
        <time>2023-07-16T20:27:02.000Z</time>
        <extensions>
          <ns3:TrackPointExtension>
            <ns3:hr>159</ns3:hr>
          </ns3:TrackPointExtension>
        </extensions>
      </trkpt>
      <trkpt lat="49.66812369413673877716064453125" lon="-123.1449997611343860626220703125">
        <ele>540.20001220703125</ele>
        <time>2023-07-16T20:27:03.000Z</time>
        <extensions>
          <ns3:TrackPointExtension>
            <ns3:hr>159</ns3:hr>
          </ns3:TrackPointExtension>
        </extensions>
      </trkpt>
      <trkpt lat="49.66812369413673877716064453125" lon="-123.14500018022954463958740234375">
        <ele>540.20001220703125</ele>
        <time>2023-07-16T20:27:08.000Z</time>
        <extensions>
          <ns3:TrackPointExtension>
            <ns3:hr>162</ns3:hr>
          </ns3:TrackPointExtension>
        </extensions>
      </trkpt>
      <trkpt lat="49.6681395359337329864501953125" lon="-123.14499565400183200836181640625">
        <ele>540.20001220703125</ele>
        <time>2023-07-16T20:27:31.000Z</time>
        <extensions>
          <ns3:TrackPointExtension>
            <ns3:hr>159</ns3:hr>
          </ns3:TrackPointExtension>
        </extensions>
      </trkpt>
      <trkpt lat="49.66815453954041004180908203125" lon="-123.14499766565859317779541015625">
        <ele>540.20001220703125</ele>
        <time>2023-07-16T20:27:45.000Z</time>
        <extensions>
          <ns3:TrackPointExtension>
            <ns3:hr>162</ns3:hr>
          </ns3:TrackPointExtension>
        </extensions>
      </trkpt>
      <trkpt lat="49.6681616641581058502197265625" lon="-123.144997917115688323974609375">
        <ele>540.20001220703125</ele>
        <time>2023-07-16T20:28:02.000Z</time>
        <extensions>
          <ns3:TrackPointExtension>
            <ns3:hr>159</ns3:hr>
          </ns3:TrackPointExtension>
        </extensions>
      </trkpt>
      <trkpt lat="49.668167866766452789306640625" lon="-123.1449739448726177215576171875">
        <ele>540.20001220703125</ele>
        <time>2023-07-16T20:28:19.000Z</time>
        <extensions>
          <ns3:TrackPointExtension>
            <ns3:hr>156</ns3:hr>
          </ns3:TrackPointExtension>
        </extensions>
      </trkpt>
      <trkpt lat="49.66816493310034275054931640625" lon="-123.144957013428211212158203125">
        <ele>540.20001220703125</ele>
        <time>2023-07-16T20:28:25.000Z</time>
        <extensions>
          <ns3:TrackPointExtension>
            <ns3:hr>153</ns3:hr>
          </ns3:TrackPointExtension>
        </extensions>
      </trkpt>
      <trkpt lat="49.66812637634575366973876953125" lon="-123.14491015858948230743408203125">
        <ele>540.20001220703125</ele>
        <time>2023-07-16T20:28:38.000Z</time>
        <extensions>
          <ns3:TrackPointExtension>
            <ns3:hr>150</ns3:hr>
          </ns3:TrackPointExtension>
        </extensions>
      </trkpt>
      <trkpt lat="49.66810785233974456787109375" lon="-123.14488702453672885894775390625">
        <ele>540.20001220703125</ele>
        <time>2023-07-16T20:28:40.000Z</time>
        <extensions>
          <ns3:TrackPointExtension>
            <ns3:hr>150</ns3:hr>
          </ns3:TrackPointExtension>
        </extensions>
      </trkpt>
      <trkpt lat="49.668070971965789794921875" lon="-123.1448381580412387847900390625">
        <ele>540.20001220703125</ele>
        <time>2023-07-16T20:28:46.000Z</time>
        <extensions>
          <ns3:TrackPointExtension>
            <ns3:hr>152</ns3:hr>
          </ns3:TrackPointExtension>
        </extensions>
      </trkpt>
      <trkpt lat="49.66804037801921367645263671875" lon="-123.1448224000632762908935546875">
        <ele>540.20001220703125</ele>
        <time>2023-07-16T20:28:53.000Z</time>
        <extensions>
          <ns3:TrackPointExtension>
            <ns3:hr>155</ns3:hr>
          </ns3:TrackPointExtension>
        </extensions>
      </trkpt>
      <trkpt lat="49.6679903380572795867919921875" lon="-123.14477001316845417022705078125">
        <ele>540.20001220703125</ele>
        <time>2023-07-16T20:29:00.000Z</time>
        <extensions>
          <ns3:TrackPointExtension>
            <ns3:hr>156</ns3:hr>
          </ns3:TrackPointExtension>
        </extensions>
      </trkpt>
      <trkpt lat="49.6679873205721378326416015625" lon="-123.1447694264352321624755859375">
        <ele>540.20001220703125</ele>
        <time>2023-07-16T20:29:06.000Z</time>
        <extensions>
          <ns3:TrackPointExtension>
            <ns3:hr>156</ns3:hr>
          </ns3:TrackPointExtension>
        </extensions>
      </trkpt>
      <trkpt lat="49.6679729036986827850341796875" lon="-123.14475727267563343048095703125">
        <ele>540.20001220703125</ele>
        <time>2023-07-16T20:29:16.000Z</time>
        <extensions>
          <ns3:TrackPointExtension>
            <ns3:hr>154</ns3:hr>
          </ns3:TrackPointExtension>
        </extensions>
      </trkpt>
      <trkpt lat="49.6679729036986827850341796875" lon="-123.1447580270469188690185546875">
        <ele>540.20001220703125</ele>
        <time>2023-07-16T20:29:35.000Z</time>
        <extensions>
          <ns3:TrackPointExtension>
            <ns3:hr>151</ns3:hr>
          </ns3:TrackPointExtension>
        </extensions>
      </trkpt>
      <trkpt lat="49.667972736060619354248046875" lon="-123.14475744031369686126708984375">
        <ele>540.20001220703125</ele>
        <time>2023-07-16T20:29:38.000Z</time>
        <extensions>
          <ns3:TrackPointExtension>
            <ns3:hr>151</ns3:hr>
          </ns3:TrackPointExtension>
        </extensions>
      </trkpt>
      <trkpt lat="49.66797097586095333099365234375" lon="-123.14470781944692134857177734375">
        <ele>540.20001220703125</ele>
        <time>2023-07-16T20:29:49.000Z</time>
        <extensions>
          <ns3:TrackPointExtension>
            <ns3:hr>148</ns3:hr>
          </ns3:TrackPointExtension>
        </extensions>
      </trkpt>
      <trkpt lat="49.667969383299350738525390625" lon="-123.14465233124792575836181640625">
        <ele>540.20001220703125</ele>
        <time>2023-07-16T20:30:03.000Z</time>
        <extensions>
          <ns3:TrackPointExtension>
            <ns3:hr>151</ns3:hr>
          </ns3:TrackPointExtension>
        </extensions>
      </trkpt>
      <trkpt lat="49.66794557869434356689453125" lon="-123.1445276923477649688720703125">
        <ele>540.20001220703125</ele>
        <time>2023-07-16T20:30:09.000Z</time>
        <extensions>
          <ns3:TrackPointExtension>
            <ns3:hr>150</ns3:hr>
          </ns3:TrackPointExtension>
        </extensions>
      </trkpt>
      <trkpt lat="49.66792403720319271087646484375" lon="-123.14441897906363010406494140625">
        <ele>540.20001220703125</ele>
        <time>2023-07-16T20:30:14.000Z</time>
        <extensions>
          <ns3:TrackPointExtension>
            <ns3:hr>148</ns3:hr>
          </ns3:TrackPointExtension>
        </extensions>
      </trkpt>
      <trkpt lat="49.66792018152773380279541015625" lon="-123.14433918334543704986572265625">
        <ele>540.20001220703125</ele>
        <time>2023-07-16T20:30:20.000Z</time>
        <extensions>
          <ns3:TrackPointExtension>
            <ns3:hr>146</ns3:hr>
          </ns3:TrackPointExtension>
        </extensions>
      </trkpt>
      <trkpt lat="49.667920768260955810546875" lon="-123.14429886639118194580078125">
        <ele>540.20001220703125</ele>
        <time>2023-07-16T20:30:22.000Z</time>
        <extensions>
          <ns3:TrackPointExtension>
            <ns3:hr>145</ns3:hr>
          </ns3:TrackPointExtension>
        </extensions>
      </trkpt>
      <trkpt lat="49.66793275438249111175537109375" lon="-123.1442722119390964508056640625">
        <ele>539.20001220703125</ele>
        <time>2023-07-16T20:30:25.000Z</time>
        <extensions>
          <ns3:TrackPointExtension>
            <ns3:hr>144</ns3:hr>
          </ns3:TrackPointExtension>
        </extensions>
      </trkpt>
      <trkpt lat="49.667937867343425750732421875" lon="-123.1442691944539546966552734375">
        <ele>538.79998779296875</ele>
        <time>2023-07-16T20:30:26.000Z</time>
        <extensions>
          <ns3:TrackPointExtension>
            <ns3:hr>143</ns3:hr>
          </ns3:TrackPointExtension>
        </extensions>
      </trkpt>
      <trkpt lat="49.66793208383023738861083984375" lon="-123.1442001275718212127685546875">
        <ele>538.79998779296875</ele>
        <time>2023-07-16T20:30:31.000Z</time>
        <extensions>
          <ns3:TrackPointExtension>
            <ns3:hr>142</ns3:hr>
          </ns3:TrackPointExtension>
        </extensions>
      </trkpt>
      <trkpt lat="49.66795362532138824462890625" lon="-123.144114799797534942626953125">
        <ele>539.79998779296875</ele>
        <time>2023-07-16T20:30:37.000Z</time>
        <extensions>
          <ns3:TrackPointExtension>
            <ns3:hr>141</ns3:hr>
          </ns3:TrackPointExtension>
        </extensions>
      </trkpt>
      <trkpt lat="49.66796971857547760009765625" lon="-123.1440609879791736602783203125">
        <ele>540.4000244140625</ele>
        <time>2023-07-16T20:30:43.000Z</time>
        <extensions>
          <ns3:TrackPointExtension>
            <ns3:hr>140</ns3:hr>
          </ns3:TrackPointExtension>
        </extensions>
      </trkpt>
      <trkpt lat="49.66797533445060253143310546875" lon="-123.14402050338685512542724609375">
        <ele>540.4000244140625</ele>
        <time>2023-07-16T20:30:46.000Z</time>
        <extensions>
          <ns3:TrackPointExtension>
            <ns3:hr>139</ns3:hr>
          </ns3:TrackPointExtension>
        </extensions>
      </trkpt>
      <trkpt lat="49.6679755859076976776123046875" lon="-123.1440049968659877777099609375">
        <ele>540.4000244140625</ele>
        <time>2023-07-16T20:30:47.000Z</time>
        <extensions>
          <ns3:TrackPointExtension>
            <ns3:hr>139</ns3:hr>
          </ns3:TrackPointExtension>
        </extensions>
      </trkpt>
      <trkpt lat="49.66797650791704654693603515625" lon="-123.1439694575965404510498046875">
        <ele>540.4000244140625</ele>
        <time>2023-07-16T20:30:49.000Z</time>
        <extensions>
          <ns3:TrackPointExtension>
            <ns3:hr>140</ns3:hr>
          </ns3:TrackPointExtension>
        </extensions>
      </trkpt>
      <trkpt lat="49.66797374188899993896484375" lon="-123.143946826457977294921875">
        <ele>539.79998779296875</ele>
        <time>2023-07-16T20:30:51.000Z</time>
        <extensions>
          <ns3:TrackPointExtension>
            <ns3:hr>139</ns3:hr>
          </ns3:TrackPointExtension>
        </extensions>
      </trkpt>
      <trkpt lat="49.6679650247097015380859375" lon="-123.14392679370939731597900390625">
        <ele>539.4000244140625</ele>
        <time>2023-07-16T20:30:55.000Z</time>
        <extensions>
          <ns3:TrackPointExtension>
            <ns3:hr>134</ns3:hr>
          </ns3:TrackPointExtension>
        </extensions>
      </trkpt>
      <trkpt lat="49.66796443797647953033447265625" lon="-123.143921680748462677001953125">
        <ele>539.20001220703125</ele>
        <time>2023-07-16T20:30:56.000Z</time>
        <extensions>
          <ns3:TrackPointExtension>
            <ns3:hr>135</ns3:hr>
          </ns3:TrackPointExtension>
        </extensions>
      </trkpt>
      <trkpt lat="49.66796795837581157684326171875" lon="-123.14390382729470729827880859375">
        <ele>538.79998779296875</ele>
        <time>2023-07-16T20:30:58.000Z</time>
        <extensions>
          <ns3:TrackPointExtension>
            <ns3:hr>132</ns3:hr>
          </ns3:TrackPointExtension>
        </extensions>
      </trkpt>
      <trkpt lat="49.6679658629000186920166015625" lon="-123.1438903324306011199951171875">
        <ele>538.5999755859375</ele>
        <time>2023-07-16T20:30:59.000Z</time>
        <extensions>
          <ns3:TrackPointExtension>
            <ns3:hr>133</ns3:hr>
          </ns3:TrackPointExtension>
        </extensions>
      </trkpt>
      <trkpt lat="49.66796929948031902313232421875" lon="-123.1438796035945415496826171875">
        <ele>538.20001220703125</ele>
        <time>2023-07-16T20:31:01.000Z</time>
        <extensions>
          <ns3:TrackPointExtension>
            <ns3:hr>132</ns3:hr>
          </ns3:TrackPointExtension>
        </extensions>
      </trkpt>
      <trkpt lat="49.6679735742509365081787109375" lon="-123.14386175014078617095947265625">
        <ele>538</ele>
        <time>2023-07-16T20:31:03.000Z</time>
        <extensions>
          <ns3:TrackPointExtension>
            <ns3:hr>133</ns3:hr>
          </ns3:TrackPointExtension>
        </extensions>
      </trkpt>
      <trkpt lat="49.66797382570803165435791015625" lon="-123.1438487581908702850341796875">
        <ele>538</ele>
        <time>2023-07-16T20:31:04.000Z</time>
        <extensions>
          <ns3:TrackPointExtension>
            <ns3:hr>133</ns3:hr>
          </ns3:TrackPointExtension>
        </extensions>
      </trkpt>
      <trkpt lat="49.66796703636646270751953125" lon="-123.14383408986032009124755859375">
        <ele>537.5999755859375</ele>
        <time>2023-07-16T20:31:10.000Z</time>
        <extensions>
          <ns3:TrackPointExtension>
            <ns3:hr>133</ns3:hr>
          </ns3:TrackPointExtension>
        </extensions>
      </trkpt>
      <trkpt lat="49.66798245906829833984375" lon="-123.143787570297718048095703125">
        <ele>537</ele>
        <time>2023-07-16T20:31:15.000Z</time>
        <extensions>
          <ns3:TrackPointExtension>
            <ns3:hr>135</ns3:hr>
          </ns3:TrackPointExtension>
        </extensions>
      </trkpt>
      <trkpt lat="49.66798245906829833984375" lon="-123.14377239905297756195068359375">
        <ele>536.79998779296875</ele>
        <time>2023-07-16T20:31:16.000Z</time>
        <extensions>
          <ns3:TrackPointExtension>
            <ns3:hr>134</ns3:hr>
          </ns3:TrackPointExtension>
        </extensions>
      </trkpt>
      <trkpt lat="49.66798044741153717041015625" lon="-123.14372428692877292633056640625">
        <ele>536.79998779296875</ele>
        <time>2023-07-16T20:31:24.000Z</time>
        <extensions>
          <ns3:TrackPointExtension>
            <ns3:hr>133</ns3:hr>
          </ns3:TrackPointExtension>
        </extensions>
      </trkpt>
      <trkpt lat="49.6679596602916717529296875" lon="-123.143684305250644683837890625">
        <ele>536.5999755859375</ele>
        <time>2023-07-16T20:31:28.000Z</time>
        <extensions>
          <ns3:TrackPointExtension>
            <ns3:hr>133</ns3:hr>
          </ns3:TrackPointExtension>
        </extensions>
      </trkpt>
      <trkpt lat="49.6679454110562801361083984375" lon="-123.143666870892047882080078125">
        <ele>536.5999755859375</ele>
        <time>2023-07-16T20:31:31.000Z</time>
        <extensions>
          <ns3:TrackPointExtension>
            <ns3:hr>134</ns3:hr>
          </ns3:TrackPointExtension>
        </extensions>
      </trkpt>
      <trkpt lat="49.667925126850605010986328125" lon="-123.14355145208537578582763671875">
        <ele>536.4000244140625</ele>
        <time>2023-07-16T20:31:36.000Z</time>
        <extensions>
          <ns3:TrackPointExtension>
            <ns3:hr>135</ns3:hr>
          </ns3:TrackPointExtension>
        </extensions>
      </trkpt>
      <trkpt lat="49.6679430641233921051025390625" lon="-123.14353032968938350677490234375">
        <ele>536.4000244140625</ele>
        <time>2023-07-16T20:31:38.000Z</time>
        <extensions>
          <ns3:TrackPointExtension>
            <ns3:hr>136</ns3:hr>
          </ns3:TrackPointExtension>
        </extensions>
      </trkpt>
      <trkpt lat="49.6679393760859966278076171875" lon="-123.143505938351154327392578125">
        <ele>536.79998779296875</ele>
        <time>2023-07-16T20:31:44.000Z</time>
        <extensions>
          <ns3:TrackPointExtension>
            <ns3:hr>138</ns3:hr>
          </ns3:TrackPointExtension>
        </extensions>
      </trkpt>
      <trkpt lat="49.667945913970470428466796875" lon="-123.143517673015594482421875">
        <ele>537</ele>
        <time>2023-07-16T20:31:49.000Z</time>
        <extensions>
          <ns3:TrackPointExtension>
            <ns3:hr>137</ns3:hr>
          </ns3:TrackPointExtension>
        </extensions>
      </trkpt>
      <trkpt lat="49.66793845407664775848388671875" lon="-123.14349780790507793426513671875">
        <ele>537</ele>
        <time>2023-07-16T20:31:54.000Z</time>
        <extensions>
          <ns3:TrackPointExtension>
            <ns3:hr>137</ns3:hr>
          </ns3:TrackPointExtension>
        </extensions>
      </trkpt>
      <trkpt lat="49.66792621649801731109619140625" lon="-123.14350065775215625762939453125">
        <ele>537</ele>
        <time>2023-07-16T20:32:02.000Z</time>
        <extensions>
          <ns3:TrackPointExtension>
            <ns3:hr>136</ns3:hr>
          </ns3:TrackPointExtension>
        </extensions>
      </trkpt>
      <trkpt lat="49.66792621649801731109619140625" lon="-123.14349948428571224212646484375">
        <ele>537</ele>
        <time>2023-07-16T20:32:12.000Z</time>
        <extensions>
          <ns3:TrackPointExtension>
            <ns3:hr>140</ns3:hr>
          </ns3:TrackPointExtension>
        </extensions>
      </trkpt>
      <trkpt lat="49.667926132678985595703125" lon="-123.14349780790507793426513671875">
        <ele>537</ele>
        <time>2023-07-16T20:32:14.000Z</time>
        <extensions>
          <ns3:TrackPointExtension>
            <ns3:hr>143</ns3:hr>
          </ns3:TrackPointExtension>
        </extensions>
      </trkpt>
      <trkpt lat="49.66791649349033832550048828125" lon="-123.1434953771531581878662109375">
        <ele>537</ele>
        <time>2023-07-16T20:32:17.000Z</time>
        <extensions>
          <ns3:TrackPointExtension>
            <ns3:hr>146</ns3:hr>
          </ns3:TrackPointExtension>
        </extensions>
      </trkpt>
      <trkpt lat="49.66790878213942050933837890625" lon="-123.14347852952778339385986328125">
        <ele>537.4000244140625</ele>
        <time>2023-07-16T20:32:25.000Z</time>
        <extensions>
          <ns3:TrackPointExtension>
            <ns3:hr>143</ns3:hr>
          </ns3:TrackPointExtension>
        </extensions>
      </trkpt>
      <trkpt lat="49.66790744103491306304931640625" lon="-123.14347408711910247802734375">
        <ele>537.4000244140625</ele>
        <time>2023-07-16T20:32:26.000Z</time>
        <extensions>
          <ns3:TrackPointExtension>
            <ns3:hr>146</ns3:hr>
          </ns3:TrackPointExtension>
        </extensions>
      </trkpt>
      <trkpt lat="49.66790542937815189361572265625" lon="-123.14345120452344417572021484375">
        <ele>537.5999755859375</ele>
        <time>2023-07-16T20:32:28.000Z</time>
        <extensions>
          <ns3:TrackPointExtension>
            <ns3:hr>149</ns3:hr>
          </ns3:TrackPointExtension>
        </extensions>
      </trkpt>
      <trkpt lat="49.66790459118783473968505859375" lon="-123.14344349317252635955810546875">
        <ele>537.5999755859375</ele>
        <time>2023-07-16T20:32:29.000Z</time>
        <extensions>
          <ns3:TrackPointExtension>
            <ns3:hr>151</ns3:hr>
          </ns3:TrackPointExtension>
        </extensions>
      </trkpt>
      <trkpt lat="49.667904339730739593505859375" lon="-123.14343276433646678924560546875">
        <ele>537.79998779296875</ele>
        <time>2023-07-16T20:32:31.000Z</time>
        <extensions>
          <ns3:TrackPointExtension>
            <ns3:hr>154</ns3:hr>
          </ns3:TrackPointExtension>
        </extensions>
      </trkpt>
      <trkpt lat="49.6679033339023590087890625" lon="-123.14341952092945575714111328125">
        <ele>538</ele>
        <time>2023-07-16T20:32:34.000Z</time>
        <extensions>
          <ns3:TrackPointExtension>
            <ns3:hr>157</ns3:hr>
          </ns3:TrackPointExtension>
        </extensions>
      </trkpt>
      <trkpt lat="49.6678736619651317596435546875" lon="-123.14338532276451587677001953125">
        <ele>538.5999755859375</ele>
        <time>2023-07-16T20:32:38.000Z</time>
        <extensions>
          <ns3:TrackPointExtension>
            <ns3:hr>159</ns3:hr>
          </ns3:TrackPointExtension>
        </extensions>
      </trkpt>
      <trkpt lat="49.66785438358783721923828125" lon="-123.14335464499890804290771484375">
        <ele>539</ele>
        <time>2023-07-16T20:32:40.000Z</time>
        <extensions>
          <ns3:TrackPointExtension>
            <ns3:hr>156</ns3:hr>
          </ns3:TrackPointExtension>
        </extensions>
      </trkpt>
      <trkpt lat="49.6678228676319122314453125" lon="-123.143316172063350677490234375">
        <ele>539.5999755859375</ele>
        <time>2023-07-16T20:32:43.000Z</time>
        <extensions>
          <ns3:TrackPointExtension>
            <ns3:hr>153</ns3:hr>
          </ns3:TrackPointExtension>
        </extensions>
      </trkpt>
      <trkpt lat="49.66780467890202999114990234375" lon="-123.14327870495617389678955078125">
        <ele>539.79998779296875</ele>
        <time>2023-07-16T20:32:45.000Z</time>
        <extensions>
          <ns3:TrackPointExtension>
            <ns3:hr>152</ns3:hr>
          </ns3:TrackPointExtension>
        </extensions>
      </trkpt>
      <trkpt lat="49.66780669055879116058349609375" lon="-123.14325037412345409393310546875">
        <ele>540.20001220703125</ele>
        <time>2023-07-16T20:32:50.000Z</time>
        <extensions>
          <ns3:TrackPointExtension>
            <ns3:hr>152</ns3:hr>
          </ns3:TrackPointExtension>
        </extensions>
      </trkpt>
      <trkpt lat="49.667812474071979522705078125" lon="-123.14322003163397312164306640625">
        <ele>540.5999755859375</ele>
        <time>2023-07-16T20:32:55.000Z</time>
        <extensions>
          <ns3:TrackPointExtension>
            <ns3:hr>152</ns3:hr>
          </ns3:TrackPointExtension>
        </extensions>
      </trkpt>
      <trkpt lat="49.667802751064300537109375" lon="-123.1431869231164455413818359375">
        <ele>540.79998779296875</ele>
        <time>2023-07-16T20:32:58.000Z</time>
        <extensions>
          <ns3:TrackPointExtension>
            <ns3:hr>152</ns3:hr>
          </ns3:TrackPointExtension>
        </extensions>
      </trkpt>
      <trkpt lat="49.66779177077114582061767578125" lon="-123.14317259006202220916748046875">
        <ele>541.4000244140625</ele>
        <time>2023-07-16T20:33:01.000Z</time>
        <extensions>
          <ns3:TrackPointExtension>
            <ns3:hr>152</ns3:hr>
          </ns3:TrackPointExtension>
        </extensions>
      </trkpt>
      <trkpt lat="49.66778104193508625030517578125" lon="-123.1431664712727069854736328125">
        <ele>541.5999755859375</ele>
        <time>2023-07-16T20:33:03.000Z</time>
        <extensions>
          <ns3:TrackPointExtension>
            <ns3:hr>155</ns3:hr>
          </ns3:TrackPointExtension>
        </extensions>
      </trkpt>
      <trkpt lat="49.66777131892740726470947265625" lon="-123.1431488692760467529296875">
        <ele>542</ele>
        <time>2023-07-16T20:33:05.000Z</time>
        <extensions>
          <ns3:TrackPointExtension>
            <ns3:hr>158</ns3:hr>
          </ns3:TrackPointExtension>
        </extensions>
      </trkpt>
      <trkpt lat="49.667762182652950286865234375" lon="-123.1431255675852298736572265625">
        <ele>542</ele>
        <time>2023-07-16T20:33:06.000Z</time>
        <extensions>
          <ns3:TrackPointExtension>
            <ns3:hr>159</ns3:hr>
          </ns3:TrackPointExtension>
        </extensions>
      </trkpt>
      <trkpt lat="49.6677529625594615936279296875" lon="-123.14310737885534763336181640625">
        <ele>542.20001220703125</ele>
        <time>2023-07-16T20:33:07.000Z</time>
        <extensions>
          <ns3:TrackPointExtension>
            <ns3:hr>160</ns3:hr>
          </ns3:TrackPointExtension>
        </extensions>
      </trkpt>
      <trkpt lat="49.667740724980831146240234375" lon="-123.143078126013278961181640625">
        <ele>543</ele>
        <time>2023-07-16T20:33:10.000Z</time>
        <extensions>
          <ns3:TrackPointExtension>
            <ns3:hr>161</ns3:hr>
          </ns3:TrackPointExtension>
        </extensions>
      </trkpt>
      <trkpt lat="49.6677424013614654541015625" lon="-123.14307535998523235321044921875">
        <ele>543.79998779296875</ele>
        <time>2023-07-16T20:33:12.000Z</time>
        <extensions>
          <ns3:TrackPointExtension>
            <ns3:hr>162</ns3:hr>
          </ns3:TrackPointExtension>
        </extensions>
      </trkpt>
      <trkpt lat="49.667725302278995513916015625" lon="-123.14307083375751972198486328125">
        <ele>544</ele>
        <time>2023-07-16T20:33:14.000Z</time>
        <extensions>
          <ns3:TrackPointExtension>
            <ns3:hr>164</ns3:hr>
          </ns3:TrackPointExtension>
        </extensions>
      </trkpt>
      <trkpt lat="49.6677182614803314208984375" lon="-123.14303177408874034881591796875">
        <ele>544.5999755859375</ele>
        <time>2023-07-16T20:33:18.000Z</time>
        <extensions>
          <ns3:TrackPointExtension>
            <ns3:hr>163</ns3:hr>
          </ns3:TrackPointExtension>
        </extensions>
      </trkpt>
      <trkpt lat="49.66771348379552364349365234375" lon="-123.1430112384259700775146484375">
        <ele>545</ele>
        <time>2023-07-16T20:33:19.000Z</time>
        <extensions>
          <ns3:TrackPointExtension>
            <ns3:hr>163</ns3:hr>
          </ns3:TrackPointExtension>
        </extensions>
      </trkpt>
      <trkpt lat="49.667703174054622650146484375" lon="-123.14298667944967746734619140625">
        <ele>545.5999755859375</ele>
        <time>2023-07-16T20:33:23.000Z</time>
        <extensions>
          <ns3:TrackPointExtension>
            <ns3:hr>162</ns3:hr>
          </ns3:TrackPointExtension>
        </extensions>
      </trkpt>
      <trkpt lat="49.6676976419985294342041015625" lon="-123.142972178757190704345703125">
        <ele>546.20001220703125</ele>
        <time>2023-07-16T20:33:25.000Z</time>
        <extensions>
          <ns3:TrackPointExtension>
            <ns3:hr>162</ns3:hr>
          </ns3:TrackPointExtension>
        </extensions>
      </trkpt>
      <trkpt lat="49.6676919423043727874755859375" lon="-123.1429495476186275482177734375">
        <ele>546.79998779296875</ele>
        <time>2023-07-16T20:33:29.000Z</time>
        <extensions>
          <ns3:TrackPointExtension>
            <ns3:hr>162</ns3:hr>
          </ns3:TrackPointExtension>
        </extensions>
      </trkpt>
      <trkpt lat="49.66769454069435596466064453125" lon="-123.1429438479244709014892578125">
        <ele>547.4000244140625</ele>
        <time>2023-07-16T20:33:31.000Z</time>
        <extensions>
          <ns3:TrackPointExtension>
            <ns3:hr>162</ns3:hr>
          </ns3:TrackPointExtension>
        </extensions>
      </trkpt>
      <trkpt lat="49.66769018210470676422119140625" lon="-123.1429321132600307464599609375">
        <ele>548.20001220703125</ele>
        <time>2023-07-16T20:33:36.000Z</time>
        <extensions>
          <ns3:TrackPointExtension>
            <ns3:hr>162</ns3:hr>
          </ns3:TrackPointExtension>
        </extensions>
      </trkpt>
      <trkpt lat="49.66770493425428867340087890625" lon="-123.14292834140360355377197265625">
        <ele>548.20001220703125</ele>
        <time>2023-07-16T20:33:42.000Z</time>
        <extensions>
          <ns3:TrackPointExtension>
            <ns3:hr>162</ns3:hr>
          </ns3:TrackPointExtension>
        </extensions>
      </trkpt>
      <trkpt lat="49.66769076883792877197265625" lon="-123.1429190374910831451416015625">
        <ele>548.4000244140625</ele>
        <time>2023-07-16T20:33:45.000Z</time>
        <extensions>
          <ns3:TrackPointExtension>
            <ns3:hr>161</ns3:hr>
          </ns3:TrackPointExtension>
        </extensions>
      </trkpt>
      <trkpt lat="49.66768599115312099456787109375" lon="-123.14291744492948055267333984375">
        <ele>548.4000244140625</ele>
        <time>2023-07-16T20:33:46.000Z</time>
        <extensions>
          <ns3:TrackPointExtension>
            <ns3:hr>161</ns3:hr>
          </ns3:TrackPointExtension>
        </extensions>
      </trkpt>
      <trkpt lat="49.6676538884639739990234375" lon="-123.142886348068714141845703125">
        <ele>548.79998779296875</ele>
        <time>2023-07-16T20:33:53.000Z</time>
        <extensions>
          <ns3:TrackPointExtension>
            <ns3:hr>159</ns3:hr>
          </ns3:TrackPointExtension>
        </extensions>
      </trkpt>
      <trkpt lat="49.66764651238918304443359375" lon="-123.142852820456027984619140625">
        <ele>549.4000244140625</ele>
        <time>2023-07-16T20:33:57.000Z</time>
        <extensions>
          <ns3:TrackPointExtension>
            <ns3:hr>158</ns3:hr>
          </ns3:TrackPointExtension>
        </extensions>
      </trkpt>
      <trkpt lat="49.66762949712574481964111328125" lon="-123.14282407052814960479736328125">
        <ele>550.4000244140625</ele>
        <time>2023-07-16T20:34:00.000Z</time>
        <extensions>
          <ns3:TrackPointExtension>
            <ns3:hr>156</ns3:hr>
          </ns3:TrackPointExtension>
        </extensions>
      </trkpt>
      <trkpt lat="49.6676218695938587188720703125" lon="-123.14281971193850040435791015625">
        <ele>550.5999755859375</ele>
        <time>2023-07-16T20:34:01.000Z</time>
        <extensions>
          <ns3:TrackPointExtension>
            <ns3:hr>157</ns3:hr>
          </ns3:TrackPointExtension>
        </extensions>
      </trkpt>
      <trkpt lat="49.6676082909107208251953125" lon="-123.14281015656888484954833984375">
        <ele>551.5999755859375</ele>
        <time>2023-07-16T20:34:04.000Z</time>
        <extensions>
          <ns3:TrackPointExtension>
            <ns3:hr>158</ns3:hr>
          </ns3:TrackPointExtension>
        </extensions>
      </trkpt>
      <trkpt lat="49.667607285082340240478515625" lon="-123.14279926009476184844970703125">
        <ele>552</ele>
        <time>2023-07-16T20:34:05.000Z</time>
        <extensions>
          <ns3:TrackPointExtension>
            <ns3:hr>159</ns3:hr>
          </ns3:TrackPointExtension>
        </extensions>
      </trkpt>
      <trkpt lat="49.66760116629302501678466796875" lon="-123.1427433528006076812744140625">
        <ele>552.79998779296875</ele>
        <time>2023-07-16T20:34:09.000Z</time>
        <extensions>
          <ns3:TrackPointExtension>
            <ns3:hr>161</ns3:hr>
          </ns3:TrackPointExtension>
        </extensions>
      </trkpt>
      <trkpt lat="49.66759194619953632354736328125" lon="-123.14273170195519924163818359375">
        <ele>553</ele>
        <time>2023-07-16T20:34:10.000Z</time>
        <extensions>
          <ns3:TrackPointExtension>
            <ns3:hr>161</ns3:hr>
          </ns3:TrackPointExtension>
        </extensions>
      </trkpt>
      <trkpt lat="49.6675913594663143157958984375" lon="-123.14272432588040828704833984375">
        <ele>553.20001220703125</ele>
        <time>2023-07-16T20:34:13.000Z</time>
        <extensions>
          <ns3:TrackPointExtension>
            <ns3:hr>162</ns3:hr>
          </ns3:TrackPointExtension>
        </extensions>
      </trkpt>
      <trkpt lat="49.6675635315477848052978515625" lon="-123.142709992825984954833984375">
        <ele>553.4000244140625</ele>
        <time>2023-07-16T20:34:15.000Z</time>
        <extensions>
          <ns3:TrackPointExtension>
            <ns3:hr>162</ns3:hr>
          </ns3:TrackPointExtension>
        </extensions>
      </trkpt>
      <trkpt lat="49.66754986904561519622802734375" lon="-123.14270840026438236236572265625">
        <ele>553.4000244140625</ele>
        <time>2023-07-16T20:34:16.000Z</time>
        <extensions>
          <ns3:TrackPointExtension>
            <ns3:hr>162</ns3:hr>
          </ns3:TrackPointExtension>
        </extensions>
      </trkpt>
      <trkpt lat="49.66754886321723461151123046875" lon="-123.142705298960208892822265625">
        <ele>553.5999755859375</ele>
        <time>2023-07-16T20:34:19.000Z</time>
        <extensions>
          <ns3:TrackPointExtension>
            <ns3:hr>163</ns3:hr>
          </ns3:TrackPointExtension>
        </extensions>
      </trkpt>
      <trkpt lat="49.66754995286464691162109375" lon="-123.142696581780910491943359375">
        <ele>553.5999755859375</ele>
        <time>2023-07-16T20:34:20.000Z</time>
        <extensions>
          <ns3:TrackPointExtension>
            <ns3:hr>163</ns3:hr>
          </ns3:TrackPointExtension>
        </extensions>
      </trkpt>
      <trkpt lat="49.6675492823123931884765625" lon="-123.1426928937435150146484375">
        <ele>553.5999755859375</ele>
        <time>2023-07-16T20:34:21.000Z</time>
        <extensions>
          <ns3:TrackPointExtension>
            <ns3:hr>163</ns3:hr>
          </ns3:TrackPointExtension>
        </extensions>
      </trkpt>
      <trkpt lat="49.6675343625247478485107421875" lon="-123.14266271889209747314453125">
        <ele>553.5999755859375</ele>
        <time>2023-07-16T20:34:25.000Z</time>
        <extensions>
          <ns3:TrackPointExtension>
            <ns3:hr>164</ns3:hr>
          </ns3:TrackPointExtension>
        </extensions>
      </trkpt>
      <trkpt lat="49.6675343625247478485107421875" lon="-123.1426580250263214111328125">
        <ele>553.5999755859375</ele>
        <time>2023-07-16T20:34:26.000Z</time>
        <extensions>
          <ns3:TrackPointExtension>
            <ns3:hr>164</ns3:hr>
          </ns3:TrackPointExtension>
        </extensions>
      </trkpt>
      <trkpt lat="49.66752589680254459381103515625" lon="-123.14264503307640552520751953125">
        <ele>553.79998779296875</ele>
        <time>2023-07-16T20:34:29.000Z</time>
        <extensions>
          <ns3:TrackPointExtension>
            <ns3:hr>164</ns3:hr>
          </ns3:TrackPointExtension>
        </extensions>
      </trkpt>
      <trkpt lat="49.66752841137349605560302734375" lon="-123.1426384113729000091552734375">
        <ele>553.79998779296875</ele>
        <time>2023-07-16T20:34:32.000Z</time>
        <extensions>
          <ns3:TrackPointExtension>
            <ns3:hr>166</ns3:hr>
          </ns3:TrackPointExtension>
        </extensions>
      </trkpt>
      <trkpt lat="49.66753679327666759490966796875" lon="-123.1426109187304973602294921875">
        <ele>554</ele>
        <time>2023-07-16T20:34:34.000Z</time>
        <extensions>
          <ns3:TrackPointExtension>
            <ns3:hr>166</ns3:hr>
          </ns3:TrackPointExtension>
        </extensions>
      </trkpt>
      <trkpt lat="49.6675424091517925262451171875" lon="-123.14260044135153293609619140625">
        <ele>554</ele>
        <time>2023-07-16T20:34:35.000Z</time>
        <extensions>
          <ns3:TrackPointExtension>
            <ns3:hr>166</ns3:hr>
          </ns3:TrackPointExtension>
        </extensions>
      </trkpt>
      <trkpt lat="49.66753193177282810211181640625" lon="-123.14260798506438732147216796875">
        <ele>554</ele>
        <time>2023-07-16T20:34:38.000Z</time>
        <extensions>
          <ns3:TrackPointExtension>
            <ns3:hr>165</ns3:hr>
          </ns3:TrackPointExtension>
        </extensions>
      </trkpt>
      <trkpt lat="49.66752153821289539337158203125" lon="-123.14259809441864490509033203125">
        <ele>554.20001220703125</ele>
        <time>2023-07-16T20:34:42.000Z</time>
        <extensions>
          <ns3:TrackPointExtension>
            <ns3:hr>166</ns3:hr>
          </ns3:TrackPointExtension>
        </extensions>
      </trkpt>
      <trkpt lat="49.6675199456512928009033203125" lon="-123.14260161481797695159912109375">
        <ele>554.79998779296875</ele>
        <time>2023-07-16T20:34:46.000Z</time>
        <extensions>
          <ns3:TrackPointExtension>
            <ns3:hr>167</ns3:hr>
          </ns3:TrackPointExtension>
        </extensions>
      </trkpt>
      <trkpt lat="49.6675199456512928009033203125" lon="-123.14260161481797695159912109375">
        <ele>554.79998779296875</ele>
        <time>2023-07-16T20:34:49.000Z</time>
        <extensions>
          <ns3:TrackPointExtension>
            <ns3:hr>171</ns3:hr>
          </ns3:TrackPointExtension>
        </extensions>
      </trkpt>
      <trkpt lat="49.6675199456512928009033203125" lon="-123.14260161481797695159912109375">
        <ele>554.79998779296875</ele>
        <time>2023-07-16T20:34:51.000Z</time>
        <extensions>
          <ns3:TrackPointExtension>
            <ns3:hr>172</ns3:hr>
          </ns3:TrackPointExtension>
        </extensions>
      </trkpt>
      <trkpt lat="49.66752170585095882415771484375" lon="-123.142601363360881805419921875">
        <ele>553.79998779296875</ele>
        <time>2023-07-16T20:34:56.000Z</time>
        <extensions>
          <ns3:TrackPointExtension>
            <ns3:hr>169</ns3:hr>
          </ns3:TrackPointExtension>
        </extensions>
      </trkpt>
      <trkpt lat="49.66752170585095882415771484375" lon="-123.142601363360881805419921875">
        <ele>553.5999755859375</ele>
        <time>2023-07-16T20:34:57.000Z</time>
        <extensions>
          <ns3:TrackPointExtension>
            <ns3:hr>168</ns3:hr>
          </ns3:TrackPointExtension>
        </extensions>
      </trkpt>
      <trkpt lat="49.66752170585095882415771484375" lon="-123.142601363360881805419921875">
        <ele>553.5999755859375</ele>
        <time>2023-07-16T20:35:00.000Z</time>
        <extensions>
          <ns3:TrackPointExtension>
            <ns3:hr>165</ns3:hr>
          </ns3:TrackPointExtension>
        </extensions>
      </trkpt>
      <trkpt lat="49.66752170585095882415771484375" lon="-123.142601363360881805419921875">
        <ele>553.79998779296875</ele>
        <time>2023-07-16T20:35:04.000Z</time>
        <extensions>
          <ns3:TrackPointExtension>
            <ns3:hr>161</ns3:hr>
          </ns3:TrackPointExtension>
        </extensions>
      </trkpt>
      <trkpt lat="49.66752975247800350189208984375" lon="-123.1425985135138034820556640625">
        <ele>553.5999755859375</ele>
        <time>2023-07-16T20:35:12.000Z</time>
        <extensions>
          <ns3:TrackPointExtension>
            <ns3:hr>158</ns3:hr>
          </ns3:TrackPointExtension>
        </extensions>
      </trkpt>
      <trkpt lat="49.6675826422870159149169921875" lon="-123.1426105834543704986572265625">
        <ele>553.4000244140625</ele>
        <time>2023-07-16T20:35:17.000Z</time>
        <extensions>
          <ns3:TrackPointExtension>
            <ns3:hr>157</ns3:hr>
          </ns3:TrackPointExtension>
        </extensions>
      </trkpt>
      <trkpt lat="49.66757333837449550628662109375" lon="-123.1426119245588779449462890625">
        <ele>553.20001220703125</ele>
        <time>2023-07-16T20:35:21.000Z</time>
        <extensions>
          <ns3:TrackPointExtension>
            <ns3:hr>156</ns3:hr>
          </ns3:TrackPointExtension>
        </extensions>
      </trkpt>
      <trkpt lat="49.6675286628305912017822265625" lon="-123.142569176852703094482421875">
        <ele>553.4000244140625</ele>
        <time>2023-07-16T20:35:26.000Z</time>
        <extensions>
          <ns3:TrackPointExtension>
            <ns3:hr>155</ns3:hr>
          </ns3:TrackPointExtension>
        </extensions>
      </trkpt>
      <trkpt lat="49.66749270446598529815673828125" lon="-123.1425534188747406005859375">
        <ele>553.5999755859375</ele>
        <time>2023-07-16T20:35:29.000Z</time>
        <extensions>
          <ns3:TrackPointExtension>
            <ns3:hr>154</ns3:hr>
          </ns3:TrackPointExtension>
        </extensions>
      </trkpt>
      <trkpt lat="49.667449034750461578369140625" lon="-123.14254629425704479217529296875">
        <ele>554.20001220703125</ele>
        <time>2023-07-16T20:35:34.000Z</time>
        <extensions>
          <ns3:TrackPointExtension>
            <ns3:hr>153</ns3:hr>
          </ns3:TrackPointExtension>
        </extensions>
      </trkpt>
      <trkpt lat="49.6673932112753391265869140625" lon="-123.1425354816019535064697265625">
        <ele>554.4000244140625</ele>
        <time>2023-07-16T20:35:40.000Z</time>
        <extensions>
          <ns3:TrackPointExtension>
            <ns3:hr>152</ns3:hr>
          </ns3:TrackPointExtension>
        </extensions>
      </trkpt>
      <trkpt lat="49.6673707477748394012451171875" lon="-123.142523579299449920654296875">
        <ele>554.4000244140625</ele>
        <time>2023-07-16T20:35:43.000Z</time>
        <extensions>
          <ns3:TrackPointExtension>
            <ns3:hr>154</ns3:hr>
          </ns3:TrackPointExtension>
        </extensions>
      </trkpt>
      <trkpt lat="49.66735557653009891510009765625" lon="-123.14252416603267192840576171875">
        <ele>554.4000244140625</ele>
        <time>2023-07-16T20:35:44.000Z</time>
        <extensions>
          <ns3:TrackPointExtension>
            <ns3:hr>153</ns3:hr>
          </ns3:TrackPointExtension>
        </extensions>
      </trkpt>
      <trkpt lat="49.6673046983778476715087890625" lon="-123.14251310192048549652099609375">
        <ele>554.5999755859375</ele>
        <time>2023-07-16T20:35:47.000Z</time>
        <extensions>
          <ns3:TrackPointExtension>
            <ns3:hr>153</ns3:hr>
          </ns3:TrackPointExtension>
        </extensions>
      </trkpt>
      <trkpt lat="49.66727829538285732269287109375" lon="-123.14251226373016834259033203125">
        <ele>554.79998779296875</ele>
        <time>2023-07-16T20:35:48.000Z</time>
        <extensions>
          <ns3:TrackPointExtension>
            <ns3:hr>153</ns3:hr>
          </ns3:TrackPointExtension>
        </extensions>
      </trkpt>
      <trkpt lat="49.6672510541975498199462890625" lon="-123.142504133284091949462890625">
        <ele>555</ele>
        <time>2023-07-16T20:35:49.000Z</time>
        <extensions>
          <ns3:TrackPointExtension>
            <ns3:hr>153</ns3:hr>
          </ns3:TrackPointExtension>
        </extensions>
      </trkpt>
      <trkpt lat="49.66721207834780216217041015625" lon="-123.14247236587107181549072265625">
        <ele>555.4000244140625</ele>
        <time>2023-07-16T20:35:51.000Z</time>
        <extensions>
          <ns3:TrackPointExtension>
            <ns3:hr>154</ns3:hr>
          </ns3:TrackPointExtension>
        </extensions>
      </trkpt>
      <trkpt lat="49.66720394790172576904296875" lon="-123.142445124685764312744140625">
        <ele>555.79998779296875</ele>
        <time>2023-07-16T20:35:53.000Z</time>
        <extensions>
          <ns3:TrackPointExtension>
            <ns3:hr>155</ns3:hr>
          </ns3:TrackPointExtension>
        </extensions>
      </trkpt>
      <trkpt lat="49.6671880222856998443603515625" lon="-123.1424040533602237701416015625">
        <ele>556.79998779296875</ele>
        <time>2023-07-16T20:35:57.000Z</time>
        <extensions>
          <ns3:TrackPointExtension>
            <ns3:hr>157</ns3:hr>
          </ns3:TrackPointExtension>
        </extensions>
      </trkpt>
      <trkpt lat="49.66718559153378009796142578125" lon="-123.1424032151699066162109375">
        <ele>557</ele>
        <time>2023-07-16T20:35:58.000Z</time>
        <extensions>
          <ns3:TrackPointExtension>
            <ns3:hr>157</ns3:hr>
          </ns3:TrackPointExtension>
        </extensions>
      </trkpt>
      <trkpt lat="49.66716798953711986541748046875" lon="-123.1423742137849330902099609375">
        <ele>557.5999755859375</ele>
        <time>2023-07-16T20:36:02.000Z</time>
        <extensions>
          <ns3:TrackPointExtension>
            <ns3:hr>159</ns3:hr>
          </ns3:TrackPointExtension>
        </extensions>
      </trkpt>
      <trkpt lat="49.66716078110039234161376953125" lon="-123.1423648260533809661865234375">
        <ele>558</ele>
        <time>2023-07-16T20:36:03.000Z</time>
        <extensions>
          <ns3:TrackPointExtension>
            <ns3:hr>159</ns3:hr>
          </ns3:TrackPointExtension>
        </extensions>
      </trkpt>
      <trkpt lat="49.66714837588369846343994140625" lon="-123.1423522531986236572265625">
        <ele>558.20001220703125</ele>
        <time>2023-07-16T20:36:04.000Z</time>
        <extensions>
          <ns3:TrackPointExtension>
            <ns3:hr>160</ns3:hr>
          </ns3:TrackPointExtension>
        </extensions>
      </trkpt>
      <trkpt lat="49.66702784411609172821044921875" lon="-123.142289556562900543212890625">
        <ele>559</ele>
        <time>2023-07-16T20:36:10.000Z</time>
        <extensions>
          <ns3:TrackPointExtension>
            <ns3:hr>162</ns3:hr>
          </ns3:TrackPointExtension>
        </extensions>
      </trkpt>
      <trkpt lat="49.6669892035424709320068359375" lon="-123.14228779636323451995849609375">
        <ele>559.20001220703125</ele>
        <time>2023-07-16T20:36:12.000Z</time>
        <extensions>
          <ns3:TrackPointExtension>
            <ns3:hr>162</ns3:hr>
          </ns3:TrackPointExtension>
        </extensions>
      </trkpt>
      <trkpt lat="49.66697285883128643035888671875" lon="-123.1422561965882778167724609375">
        <ele>559.4000244140625</ele>
        <time>2023-07-16T20:36:15.000Z</time>
        <extensions>
          <ns3:TrackPointExtension>
            <ns3:hr>160</ns3:hr>
          </ns3:TrackPointExtension>
        </extensions>
      </trkpt>
      <trkpt lat="49.66695827431976795196533203125" lon="-123.14223918132483959197998046875">
        <ele>559.5999755859375</ele>
        <time>2023-07-16T20:36:17.000Z</time>
        <extensions>
          <ns3:TrackPointExtension>
            <ns3:hr>160</ns3:hr>
          </ns3:TrackPointExtension>
        </extensions>
      </trkpt>
      <trkpt lat="49.666934721171855926513671875" lon="-123.14222744666039943695068359375">
        <ele>560</ele>
        <time>2023-07-16T20:36:20.000Z</time>
        <extensions>
          <ns3:TrackPointExtension>
            <ns3:hr>159</ns3:hr>
          </ns3:TrackPointExtension>
        </extensions>
      </trkpt>
      <trkpt lat="49.66687814332544803619384765625" lon="-123.1422181427478790283203125">
        <ele>560.20001220703125</ele>
        <time>2023-07-16T20:36:24.000Z</time>
        <extensions>
          <ns3:TrackPointExtension>
            <ns3:hr>157</ns3:hr>
          </ns3:TrackPointExtension>
        </extensions>
      </trkpt>
      <trkpt lat="49.66685660183429718017578125" lon="-123.142209090292453765869140625">
        <ele>560.5999755859375</ele>
        <time>2023-07-16T20:36:27.000Z</time>
        <extensions>
          <ns3:TrackPointExtension>
            <ns3:hr>156</ns3:hr>
          </ns3:TrackPointExtension>
        </extensions>
      </trkpt>
      <trkpt lat="49.66684612445533275604248046875" lon="-123.14220984466373920440673828125">
        <ele>560.79998779296875</ele>
        <time>2023-07-16T20:36:29.000Z</time>
        <extensions>
          <ns3:TrackPointExtension>
            <ns3:hr>154</ns3:hr>
          </ns3:TrackPointExtension>
        </extensions>
      </trkpt>
      <trkpt lat="49.6668336354196071624755859375" lon="-123.14216877333819866180419921875">
        <ele>561.4000244140625</ele>
        <time>2023-07-16T20:36:33.000Z</time>
        <extensions>
          <ns3:TrackPointExtension>
            <ns3:hr>152</ns3:hr>
          </ns3:TrackPointExtension>
        </extensions>
      </trkpt>
      <trkpt lat="49.66682265512645244598388671875" lon="-123.142140693962574005126953125">
        <ele>562</ele>
        <time>2023-07-16T20:36:35.000Z</time>
        <extensions>
          <ns3:TrackPointExtension>
            <ns3:hr>151</ns3:hr>
          </ns3:TrackPointExtension>
        </extensions>
      </trkpt>
      <trkpt lat="49.66681226156651973724365234375" lon="-123.14212485216557979583740234375">
        <ele>562.20001220703125</ele>
        <time>2023-07-16T20:36:36.000Z</time>
        <extensions>
          <ns3:TrackPointExtension>
            <ns3:hr>151</ns3:hr>
          </ns3:TrackPointExtension>
        </extensions>
      </trkpt>
      <trkpt lat="49.66680974699556827545166015625" lon="-123.14210188575088977813720703125">
        <ele>562.4000244140625</ele>
        <time>2023-07-16T20:36:37.000Z</time>
        <extensions>
          <ns3:TrackPointExtension>
            <ns3:hr>151</ns3:hr>
          </ns3:TrackPointExtension>
        </extensions>
      </trkpt>
      <trkpt lat="49.666798599064350128173828125" lon="-123.1420500017702579498291015625">
        <ele>563</ele>
        <time>2023-07-16T20:36:40.000Z</time>
        <extensions>
          <ns3:TrackPointExtension>
            <ns3:hr>154</ns3:hr>
          </ns3:TrackPointExtension>
        </extensions>
      </trkpt>
      <trkpt lat="49.66679491102695465087890625" lon="-123.14204120077192783355712890625">
        <ele>563</ele>
        <time>2023-07-16T20:36:41.000Z</time>
        <extensions>
          <ns3:TrackPointExtension>
            <ns3:hr>155</ns3:hr>
          </ns3:TrackPointExtension>
        </extensions>
      </trkpt>
      <trkpt lat="49.6667944081127643585205078125" lon="-123.1420292146503925323486328125">
        <ele>563.4000244140625</ele>
        <time>2023-07-16T20:36:42.000Z</time>
        <extensions>
          <ns3:TrackPointExtension>
            <ns3:hr>156</ns3:hr>
          </ns3:TrackPointExtension>
        </extensions>
      </trkpt>
      <trkpt lat="49.6667934022843837738037109375" lon="-123.14201236702501773834228515625">
        <ele>563.5999755859375</ele>
        <time>2023-07-16T20:36:43.000Z</time>
        <extensions>
          <ns3:TrackPointExtension>
            <ns3:hr>157</ns3:hr>
          </ns3:TrackPointExtension>
        </extensions>
      </trkpt>
      <trkpt lat="49.6667752973735332489013671875" lon="-123.14195570535957813262939453125">
        <ele>564</ele>
        <time>2023-07-16T20:36:46.000Z</time>
        <extensions>
          <ns3:TrackPointExtension>
            <ns3:hr>160</ns3:hr>
          </ns3:TrackPointExtension>
        </extensions>
      </trkpt>
      <trkpt lat="49.66677521355450153350830078125" lon="-123.14193106256425380706787109375">
        <ele>564.4000244140625</ele>
        <time>2023-07-16T20:36:48.000Z</time>
        <extensions>
          <ns3:TrackPointExtension>
            <ns3:hr>162</ns3:hr>
          </ns3:TrackPointExtension>
        </extensions>
      </trkpt>
      <trkpt lat="49.6667679212987422943115234375" lon="-123.1419158913195133209228515625">
        <ele>564.5999755859375</ele>
        <time>2023-07-16T20:36:49.000Z</time>
        <extensions>
          <ns3:TrackPointExtension>
            <ns3:hr>163</ns3:hr>
          </ns3:TrackPointExtension>
        </extensions>
      </trkpt>
      <trkpt lat="49.666783846914768218994140625" lon="-123.141895942389965057373046875">
        <ele>564.79998779296875</ele>
        <time>2023-07-16T20:36:52.000Z</time>
        <extensions>
          <ns3:TrackPointExtension>
            <ns3:hr>164</ns3:hr>
          </ns3:TrackPointExtension>
        </extensions>
      </trkpt>
      <trkpt lat="49.666771106421947479248046875" lon="-123.14186132512986660003662109375">
        <ele>565.20001220703125</ele>
        <time>2023-07-16T20:36:54.000Z</time>
        <extensions>
          <ns3:TrackPointExtension>
            <ns3:hr>165</ns3:hr>
          </ns3:TrackPointExtension>
        </extensions>
      </trkpt>
      <trkpt lat="49.6667984314262866973876953125" lon="-123.1418280489742755889892578125">
        <ele>565.5999755859375</ele>
        <time>2023-07-16T20:36:57.000Z</time>
        <extensions>
          <ns3:TrackPointExtension>
            <ns3:hr>165</ns3:hr>
          </ns3:TrackPointExtension>
        </extensions>
      </trkpt>
      <trkpt lat="49.6668051369488239288330078125" lon="-123.14181220717728137969970703125">
        <ele>565.5999755859375</ele>
        <time>2023-07-16T20:36:58.000Z</time>
        <extensions>
          <ns3:TrackPointExtension>
            <ns3:hr>167</ns3:hr>
          </ns3:TrackPointExtension>
        </extensions>
      </trkpt>
      <trkpt lat="49.66680563986301422119140625" lon="-123.14179510809481143951416015625">
        <ele>565.79998779296875</ele>
        <time>2023-07-16T20:37:01.000Z</time>
        <extensions>
          <ns3:TrackPointExtension>
            <ns3:hr>168</ns3:hr>
          </ns3:TrackPointExtension>
        </extensions>
      </trkpt>
      <trkpt lat="49.66682148166000843048095703125" lon="-123.14176107756793498992919921875">
        <ele>566</ele>
        <time>2023-07-16T20:37:04.000Z</time>
        <extensions>
          <ns3:TrackPointExtension>
            <ns3:hr>170</ns3:hr>
          </ns3:TrackPointExtension>
        </extensions>
      </trkpt>
      <trkpt lat="49.66685366816818714141845703125" lon="-123.14173844642937183380126953125">
        <ele>566.20001220703125</ele>
        <time>2023-07-16T20:37:07.000Z</time>
        <extensions>
          <ns3:TrackPointExtension>
            <ns3:hr>174</ns3:hr>
          </ns3:TrackPointExtension>
        </extensions>
      </trkpt>
      <trkpt lat="49.6668653190135955810546875" lon="-123.1417221017181873321533203125">
        <ele>566.5999755859375</ele>
        <time>2023-07-16T20:37:10.000Z</time>
        <extensions>
          <ns3:TrackPointExtension>
            <ns3:hr>176</ns3:hr>
          </ns3:TrackPointExtension>
        </extensions>
      </trkpt>
      <trkpt lat="49.66685987077653408050537109375" lon="-123.14171229489147663116455078125">
        <ele>566.79998779296875</ele>
        <time>2023-07-16T20:37:13.000Z</time>
        <extensions>
          <ns3:TrackPointExtension>
            <ns3:hr>178</ns3:hr>
          </ns3:TrackPointExtension>
        </extensions>
      </trkpt>
      <trkpt lat="49.66690178029239177703857421875" lon="-123.1417499296367168426513671875">
        <ele>567.20001220703125</ele>
        <time>2023-07-16T20:37:16.000Z</time>
        <extensions>
          <ns3:TrackPointExtension>
            <ns3:hr>179</ns3:hr>
          </ns3:TrackPointExtension>
        </extensions>
      </trkpt>
      <trkpt lat="49.66691904701292514801025390625" lon="-123.14176619052886962890625">
        <ele>567.20001220703125</ele>
        <time>2023-07-16T20:37:17.000Z</time>
        <extensions>
          <ns3:TrackPointExtension>
            <ns3:hr>179</ns3:hr>
          </ns3:TrackPointExtension>
        </extensions>
      </trkpt>
      <trkpt lat="49.66694377362728118896484375" lon="-123.14177365042269229888916015625">
        <ele>567.20001220703125</ele>
        <time>2023-07-16T20:37:20.000Z</time>
        <extensions>
          <ns3:TrackPointExtension>
            <ns3:hr>180</ns3:hr>
          </ns3:TrackPointExtension>
        </extensions>
      </trkpt>
      <trkpt lat="49.66694251634180545806884765625" lon="-123.1417750753462314605712890625">
        <ele>567</ele>
        <time>2023-07-16T20:37:22.000Z</time>
        <extensions>
          <ns3:TrackPointExtension>
            <ns3:hr>180</ns3:hr>
          </ns3:TrackPointExtension>
        </extensions>
      </trkpt>
      <trkpt lat="49.66694452799856662750244140625" lon="-123.14177834428846836090087890625">
        <ele>567</ele>
        <time>2023-07-16T20:37:23.000Z</time>
        <extensions>
          <ns3:TrackPointExtension>
            <ns3:hr>179</ns3:hr>
          </ns3:TrackPointExtension>
        </extensions>
      </trkpt>
      <trkpt lat="49.66694603674113750457763671875" lon="-123.1417809426784515380859375">
        <ele>567</ele>
        <time>2023-07-16T20:37:25.000Z</time>
        <extensions>
          <ns3:TrackPointExtension>
            <ns3:hr>179</ns3:hr>
          </ns3:TrackPointExtension>
        </extensions>
      </trkpt>
      <trkpt lat="49.6669350564479827880859375" lon="-123.14176258631050586700439453125">
        <ele>566.79998779296875</ele>
        <time>2023-07-16T20:37:28.000Z</time>
        <extensions>
          <ns3:TrackPointExtension>
            <ns3:hr>178</ns3:hr>
          </ns3:TrackPointExtension>
        </extensions>
      </trkpt>
      <trkpt lat="49.66693966649472713470458984375" lon="-123.1417432241141796112060546875">
        <ele>567</ele>
        <time>2023-07-16T20:37:29.000Z</time>
        <extensions>
          <ns3:TrackPointExtension>
            <ns3:hr>178</ns3:hr>
          </ns3:TrackPointExtension>
        </extensions>
      </trkpt>
      <trkpt lat="49.6669325418770313262939453125" lon="-123.1416972912847995758056640625">
        <ele>567.4000244140625</ele>
        <time>2023-07-16T20:37:32.000Z</time>
        <extensions>
          <ns3:TrackPointExtension>
            <ns3:hr>176</ns3:hr>
          </ns3:TrackPointExtension>
        </extensions>
      </trkpt>
      <trkpt lat="49.66694033704698085784912109375" lon="-123.14167826436460018157958984375">
        <ele>567.79998779296875</ele>
        <time>2023-07-16T20:37:34.000Z</time>
        <extensions>
          <ns3:TrackPointExtension>
            <ns3:hr>176</ns3:hr>
          </ns3:TrackPointExtension>
        </extensions>
      </trkpt>
      <trkpt lat="49.6669385768473148345947265625" lon="-123.14166937954723834991455078125">
        <ele>568</ele>
        <time>2023-07-16T20:37:35.000Z</time>
        <extensions>
          <ns3:TrackPointExtension>
            <ns3:hr>175</ns3:hr>
          </ns3:TrackPointExtension>
        </extensions>
      </trkpt>
      <trkpt lat="49.66693111695349216461181640625" lon="-123.14161824993789196014404296875">
        <ele>568.20001220703125</ele>
        <time>2023-07-16T20:37:38.000Z</time>
        <extensions>
          <ns3:TrackPointExtension>
            <ns3:hr>175</ns3:hr>
          </ns3:TrackPointExtension>
        </extensions>
      </trkpt>
      <trkpt lat="49.66692022047936916351318359375" lon="-123.14157516695559024810791015625">
        <ele>568.5999755859375</ele>
        <time>2023-07-16T20:37:40.000Z</time>
        <extensions>
          <ns3:TrackPointExtension>
            <ns3:hr>174</ns3:hr>
          </ns3:TrackPointExtension>
        </extensions>
      </trkpt>
      <trkpt lat="49.66691988520324230194091796875" lon="-123.1415661983191967010498046875">
        <ele>568.79998779296875</ele>
        <time>2023-07-16T20:37:42.000Z</time>
        <extensions>
          <ns3:TrackPointExtension>
            <ns3:hr>174</ns3:hr>
          </ns3:TrackPointExtension>
        </extensions>
      </trkpt>
      <trkpt lat="49.66692089103162288665771484375" lon="-123.1415475904941558837890625">
        <ele>568.79998779296875</ele>
        <time>2023-07-16T20:37:43.000Z</time>
        <extensions>
          <ns3:TrackPointExtension>
            <ns3:hr>174</ns3:hr>
          </ns3:TrackPointExtension>
        </extensions>
      </trkpt>
      <trkpt lat="49.666925333440303802490234375" lon="-123.14152236096560955047607421875">
        <ele>569.5999755859375</ele>
        <time>2023-07-16T20:37:46.000Z</time>
        <extensions>
          <ns3:TrackPointExtension>
            <ns3:hr>175</ns3:hr>
          </ns3:TrackPointExtension>
        </extensions>
      </trkpt>
      <trkpt lat="49.66693161986768245697021484375" lon="-123.14150894992053508758544921875">
        <ele>569.79998779296875</ele>
        <time>2023-07-16T20:37:47.000Z</time>
        <extensions>
          <ns3:TrackPointExtension>
            <ns3:hr>173</ns3:hr>
          </ns3:TrackPointExtension>
        </extensions>
      </trkpt>
      <trkpt lat="49.6669350564479827880859375" lon="-123.14149998128414154052734375">
        <ele>570</ele>
        <time>2023-07-16T20:37:48.000Z</time>
        <extensions>
          <ns3:TrackPointExtension>
            <ns3:hr>173</ns3:hr>
          </ns3:TrackPointExtension>
        </extensions>
      </trkpt>
      <trkpt lat="49.666939415037631988525390625" lon="-123.141484558582305908203125">
        <ele>570.5999755859375</ele>
        <time>2023-07-16T20:37:51.000Z</time>
        <extensions>
          <ns3:TrackPointExtension>
            <ns3:hr>174</ns3:hr>
          </ns3:TrackPointExtension>
        </extensions>
      </trkpt>
      <trkpt lat="49.666939415037631988525390625" lon="-123.1414820440113544464111328125">
        <ele>570.79998779296875</ele>
        <time>2023-07-16T20:37:52.000Z</time>
        <extensions>
          <ns3:TrackPointExtension>
            <ns3:hr>173</ns3:hr>
          </ns3:TrackPointExtension>
        </extensions>
      </trkpt>
      <trkpt lat="49.66694511473178863525390625" lon="-123.14147676341235637664794921875">
        <ele>570.79998779296875</ele>
        <time>2023-07-16T20:37:54.000Z</time>
        <extensions>
          <ns3:TrackPointExtension>
            <ns3:hr>174</ns3:hr>
          </ns3:TrackPointExtension>
        </extensions>
      </trkpt>
      <trkpt lat="49.6669563464820384979248046875" lon="-123.141478858888149261474609375">
        <ele>571</ele>
        <time>2023-07-16T20:37:55.000Z</time>
        <extensions>
          <ns3:TrackPointExtension>
            <ns3:hr>173</ns3:hr>
          </ns3:TrackPointExtension>
        </extensions>
      </trkpt>
      <trkpt lat="49.66695676557719707489013671875" lon="-123.14147290773689746856689453125">
        <ele>571.4000244140625</ele>
        <time>2023-07-16T20:37:56.000Z</time>
        <extensions>
          <ns3:TrackPointExtension>
            <ns3:hr>174</ns3:hr>
          </ns3:TrackPointExtension>
        </extensions>
      </trkpt>
      <trkpt lat="49.6669543348252773284912109375" lon="-123.14147542230784893035888671875">
        <ele>571.4000244140625</ele>
        <time>2023-07-16T20:37:57.000Z</time>
        <extensions>
          <ns3:TrackPointExtension>
            <ns3:hr>173</ns3:hr>
          </ns3:TrackPointExtension>
        </extensions>
      </trkpt>
      <trkpt lat="49.66695542447268962860107421875" lon="-123.14147123135626316070556640625">
        <ele>571.5999755859375</ele>
        <time>2023-07-16T20:37:59.000Z</time>
        <extensions>
          <ns3:TrackPointExtension>
            <ns3:hr>173</ns3:hr>
          </ns3:TrackPointExtension>
        </extensions>
      </trkpt>
      <trkpt lat="49.66697704978287220001220703125" lon="-123.1414689682424068450927734375">
        <ele>571.5999755859375</ele>
        <time>2023-07-16T20:38:00.000Z</time>
        <extensions>
          <ns3:TrackPointExtension>
            <ns3:hr>173</ns3:hr>
          </ns3:TrackPointExtension>
        </extensions>
      </trkpt>
      <trkpt lat="49.667003452777862548828125" lon="-123.14147139899432659149169921875">
        <ele>571.5999755859375</ele>
        <time>2023-07-16T20:38:02.000Z</time>
        <extensions>
          <ns3:TrackPointExtension>
            <ns3:hr>173</ns3:hr>
          </ns3:TrackPointExtension>
        </extensions>
      </trkpt>
      <trkpt lat="49.66701979748904705047607421875" lon="-123.141462765634059906005859375">
        <ele>571.5999755859375</ele>
        <time>2023-07-16T20:38:06.000Z</time>
        <extensions>
          <ns3:TrackPointExtension>
            <ns3:hr>172</ns3:hr>
          </ns3:TrackPointExtension>
        </extensions>
      </trkpt>
      <trkpt lat="49.66701476834714412689208984375" lon="-123.1414575688540935516357421875">
        <ele>571.4000244140625</ele>
        <time>2023-07-16T20:38:09.000Z</time>
        <extensions>
          <ns3:TrackPointExtension>
            <ns3:hr>169</ns3:hr>
          </ns3:TrackPointExtension>
        </extensions>
      </trkpt>
      <trkpt lat="49.66701443307101726531982421875" lon="-123.14145580865442752838134765625">
        <ele>571.5999755859375</ele>
        <time>2023-07-16T20:38:11.000Z</time>
        <extensions>
          <ns3:TrackPointExtension>
            <ns3:hr>167</ns3:hr>
          </ns3:TrackPointExtension>
        </extensions>
      </trkpt>
      <trkpt lat="49.66700471006333827972412109375" lon="-123.1413968838751316070556640625">
        <ele>571.5999755859375</ele>
        <time>2023-07-16T20:38:21.000Z</time>
        <extensions>
          <ns3:TrackPointExtension>
            <ns3:hr>165</ns3:hr>
          </ns3:TrackPointExtension>
        </extensions>
      </trkpt>
      <trkpt lat="49.6670012734830379486083984375" lon="-123.1413831375539302825927734375">
        <ele>571</ele>
        <time>2023-07-16T20:38:29.000Z</time>
        <extensions>
          <ns3:TrackPointExtension>
            <ns3:hr>164</ns3:hr>
          </ns3:TrackPointExtension>
        </extensions>
      </trkpt>
      <trkpt lat="49.667037315666675567626953125" lon="-123.14132555387914180755615234375">
        <ele>571.20001220703125</ele>
        <time>2023-07-16T20:38:37.000Z</time>
        <extensions>
          <ns3:TrackPointExtension>
            <ns3:hr>162</ns3:hr>
          </ns3:TrackPointExtension>
        </extensions>
      </trkpt>
      <trkpt lat="49.66708081774413585662841796875" lon="-123.141266293823719024658203125">
        <ele>571.5999755859375</ele>
        <time>2023-07-16T20:38:45.000Z</time>
        <extensions>
          <ns3:TrackPointExtension>
            <ns3:hr>161</ns3:hr>
          </ns3:TrackPointExtension>
        </extensions>
      </trkpt>
      <trkpt lat="49.66709934175014495849609375" lon="-123.14123871736228466033935546875">
        <ele>572</ele>
        <time>2023-07-16T20:38:50.000Z</time>
        <extensions>
          <ns3:TrackPointExtension>
            <ns3:hr>160</ns3:hr>
          </ns3:TrackPointExtension>
        </extensions>
      </trkpt>
      <trkpt lat="49.6671013534069061279296875" lon="-123.141226060688495635986328125">
        <ele>572.20001220703125</ele>
        <time>2023-07-16T20:38:51.000Z</time>
        <extensions>
          <ns3:TrackPointExtension>
            <ns3:hr>160</ns3:hr>
          </ns3:TrackPointExtension>
        </extensions>
      </trkpt>
      <trkpt lat="49.66710261069238185882568359375" lon="-123.1412007473409175872802734375">
        <ele>572.4000244140625</ele>
        <time>2023-07-16T20:38:52.000Z</time>
        <extensions>
          <ns3:TrackPointExtension>
            <ns3:hr>160</ns3:hr>
          </ns3:TrackPointExtension>
        </extensions>
      </trkpt>
      <trkpt lat="49.6671363897621631622314453125" lon="-123.14108826220035552978515625">
        <ele>573.20001220703125</ele>
        <time>2023-07-16T20:38:58.000Z</time>
        <extensions>
          <ns3:TrackPointExtension>
            <ns3:hr>158</ns3:hr>
          </ns3:TrackPointExtension>
        </extensions>
      </trkpt>
      <trkpt lat="49.667141921818256378173828125" lon="-123.1410569138824939727783203125">
        <ele>573.4000244140625</ele>
        <time>2023-07-16T20:39:00.000Z</time>
        <extensions>
          <ns3:TrackPointExtension>
            <ns3:hr>158</ns3:hr>
          </ns3:TrackPointExtension>
        </extensions>
      </trkpt>
      <trkpt lat="49.66715357266366481781005859375" lon="-123.1410106457769870758056640625">
        <ele>573.5999755859375</ele>
        <time>2023-07-16T20:39:02.000Z</time>
        <extensions>
          <ns3:TrackPointExtension>
            <ns3:hr>157</ns3:hr>
          </ns3:TrackPointExtension>
        </extensions>
      </trkpt>
      <trkpt lat="49.66715156100690364837646484375" lon="-123.14098675735294818878173828125">
        <ele>573.5999755859375</ele>
        <time>2023-07-16T20:39:04.000Z</time>
        <extensions>
          <ns3:TrackPointExtension>
            <ns3:hr>157</ns3:hr>
          </ns3:TrackPointExtension>
        </extensions>
      </trkpt>
      <trkpt lat="49.66715826652944087982177734375" lon="-123.14097988419234752655029296875">
        <ele>573.79998779296875</ele>
        <time>2023-07-16T20:39:05.000Z</time>
        <extensions>
          <ns3:TrackPointExtension>
            <ns3:hr>158</ns3:hr>
          </ns3:TrackPointExtension>
        </extensions>
      </trkpt>
      <trkpt lat="49.6671789698302745819091796875" lon="-123.14096965827047824859619140625">
        <ele>574</ele>
        <time>2023-07-16T20:39:07.000Z</time>
        <extensions>
          <ns3:TrackPointExtension>
            <ns3:hr>159</ns3:hr>
          </ns3:TrackPointExtension>
        </extensions>
      </trkpt>
      <trkpt lat="49.6672041155397891998291015625" lon="-123.1409011781215667724609375">
        <ele>574.4000244140625</ele>
        <time>2023-07-16T20:39:10.000Z</time>
        <extensions>
          <ns3:TrackPointExtension>
            <ns3:hr>161</ns3:hr>
          </ns3:TrackPointExtension>
        </extensions>
      </trkpt>
      <trkpt lat="49.66720101423561573028564453125" lon="-123.1408751942217350006103515625">
        <ele>574.5999755859375</ele>
        <time>2023-07-16T20:39:11.000Z</time>
        <extensions>
          <ns3:TrackPointExtension>
            <ns3:hr>161</ns3:hr>
          </ns3:TrackPointExtension>
        </extensions>
      </trkpt>
      <trkpt lat="49.6672094799578189849853515625" lon="-123.14083470962941646575927734375">
        <ele>575</ele>
        <time>2023-07-16T20:39:15.000Z</time>
        <extensions>
          <ns3:TrackPointExtension>
            <ns3:hr>164</ns3:hr>
          </ns3:TrackPointExtension>
        </extensions>
      </trkpt>
      <trkpt lat="49.66720889322459697723388671875" lon="-123.1407907046377658843994140625">
        <ele>575</ele>
        <time>2023-07-16T20:39:18.000Z</time>
        <extensions>
          <ns3:TrackPointExtension>
            <ns3:hr>164</ns3:hr>
          </ns3:TrackPointExtension>
        </extensions>
      </trkpt>
      <trkpt lat="49.6672059595584869384765625" lon="-123.14076312817633152008056640625">
        <ele>575.20001220703125</ele>
        <time>2023-07-16T20:39:21.000Z</time>
        <extensions>
          <ns3:TrackPointExtension>
            <ns3:hr>161</ns3:hr>
          </ns3:TrackPointExtension>
        </extensions>
      </trkpt>
      <trkpt lat="49.66720369644463062286376953125" lon="-123.1407457776367664337158203125">
        <ele>575.4000244140625</ele>
        <time>2023-07-16T20:39:22.000Z</time>
        <extensions>
          <ns3:TrackPointExtension>
            <ns3:hr>164</ns3:hr>
          </ns3:TrackPointExtension>
        </extensions>
      </trkpt>
      <trkpt lat="49.66720554046332836151123046875" lon="-123.1407186202704906463623046875">
        <ele>575.5999755859375</ele>
        <time>2023-07-16T20:39:24.000Z</time>
        <extensions>
          <ns3:TrackPointExtension>
            <ns3:hr>164</ns3:hr>
          </ns3:TrackPointExtension>
        </extensions>
      </trkpt>
      <trkpt lat="49.66721274890005588531494140625" lon="-123.1406892836093902587890625">
        <ele>575.79998779296875</ele>
        <time>2023-07-16T20:39:26.000Z</time>
        <extensions>
          <ns3:TrackPointExtension>
            <ns3:hr>163</ns3:hr>
          </ns3:TrackPointExtension>
        </extensions>
      </trkpt>
      <trkpt lat="49.66720302589237689971923828125" lon="-123.1406519003212451934814453125">
        <ele>576.4000244140625</ele>
        <time>2023-07-16T20:39:29.000Z</time>
        <extensions>
          <ns3:TrackPointExtension>
            <ns3:hr>163</ns3:hr>
          </ns3:TrackPointExtension>
        </extensions>
      </trkpt>
      <trkpt lat="49.66719799675047397613525390625" lon="-123.1406217254698276519775390625">
        <ele>576.5999755859375</ele>
        <time>2023-07-16T20:39:31.000Z</time>
        <extensions>
          <ns3:TrackPointExtension>
            <ns3:hr>163</ns3:hr>
          </ns3:TrackPointExtension>
        </extensions>
      </trkpt>
      <trkpt lat="49.667199589312076568603515625" lon="-123.14060747623443603515625">
        <ele>576.79998779296875</ele>
        <time>2023-07-16T20:39:32.000Z</time>
        <extensions>
          <ns3:TrackPointExtension>
            <ns3:hr>163</ns3:hr>
          </ns3:TrackPointExtension>
        </extensions>
      </trkpt>
      <trkpt lat="49.6671791374683380126953125" lon="-123.14056280069053173065185546875">
        <ele>577.4000244140625</ele>
        <time>2023-07-16T20:39:35.000Z</time>
        <extensions>
          <ns3:TrackPointExtension>
            <ns3:hr>163</ns3:hr>
          </ns3:TrackPointExtension>
        </extensions>
      </trkpt>
      <trkpt lat="49.66715633869171142578125" lon="-123.1405067257583141326904296875">
        <ele>577.5999755859375</ele>
        <time>2023-07-16T20:39:38.000Z</time>
        <extensions>
          <ns3:TrackPointExtension>
            <ns3:hr>163</ns3:hr>
          </ns3:TrackPointExtension>
        </extensions>
      </trkpt>
      <trkpt lat="49.6671531535685062408447265625" lon="-123.140487782657146453857421875">
        <ele>577.5999755859375</ele>
        <time>2023-07-16T20:39:39.000Z</time>
        <extensions>
          <ns3:TrackPointExtension>
            <ns3:hr>163</ns3:hr>
          </ns3:TrackPointExtension>
        </extensions>
      </trkpt>
      <trkpt lat="49.66715969145298004150390625" lon="-123.14045769162476062774658203125">
        <ele>578.20001220703125</ele>
        <time>2023-07-16T20:39:41.000Z</time>
        <extensions>
          <ns3:TrackPointExtension>
            <ns3:hr>163</ns3:hr>
          </ns3:TrackPointExtension>
        </extensions>
      </trkpt>
      <trkpt lat="49.66716111637651920318603515625" lon="-123.140421397984027862548828125">
        <ele>578.4000244140625</ele>
        <time>2023-07-16T20:39:43.000Z</time>
        <extensions>
          <ns3:TrackPointExtension>
            <ns3:hr>162</ns3:hr>
          </ns3:TrackPointExtension>
        </extensions>
      </trkpt>
      <trkpt lat="49.66715969145298004150390625" lon="-123.140407986938953399658203125">
        <ele>578.5999755859375</ele>
        <time>2023-07-16T20:39:44.000Z</time>
        <extensions>
          <ns3:TrackPointExtension>
            <ns3:hr>162</ns3:hr>
          </ns3:TrackPointExtension>
        </extensions>
      </trkpt>
      <trkpt lat="49.6671632118523120880126953125" lon="-123.14039365388453006744384765625">
        <ele>578.79998779296875</ele>
        <time>2023-07-16T20:39:45.000Z</time>
        <extensions>
          <ns3:TrackPointExtension>
            <ns3:hr>161</ns3:hr>
          </ns3:TrackPointExtension>
        </extensions>
      </trkpt>
      <trkpt lat="49.667159020900726318359375" lon="-123.1403325498104095458984375">
        <ele>579.20001220703125</ele>
        <time>2023-07-16T20:39:49.000Z</time>
        <extensions>
          <ns3:TrackPointExtension>
            <ns3:hr>161</ns3:hr>
          </ns3:TrackPointExtension>
        </extensions>
      </trkpt>
      <trkpt lat="49.66716614551842212677001953125" lon="-123.14031637273728847503662109375">
        <ele>579.4000244140625</ele>
        <time>2023-07-16T20:39:50.000Z</time>
        <extensions>
          <ns3:TrackPointExtension>
            <ns3:hr>161</ns3:hr>
          </ns3:TrackPointExtension>
        </extensions>
      </trkpt>
      <trkpt lat="49.6671632118523120880126953125" lon="-123.14030447043478488922119140625">
        <ele>579.5999755859375</ele>
        <time>2023-07-16T20:39:51.000Z</time>
        <extensions>
          <ns3:TrackPointExtension>
            <ns3:hr>161</ns3:hr>
          </ns3:TrackPointExtension>
        </extensions>
      </trkpt>
      <trkpt lat="49.66715223155915737152099609375" lon="-123.14026189036667346954345703125">
        <ele>579.79998779296875</ele>
        <time>2023-07-16T20:39:53.000Z</time>
        <extensions>
          <ns3:TrackPointExtension>
            <ns3:hr>162</ns3:hr>
          </ns3:TrackPointExtension>
        </extensions>
      </trkpt>
      <trkpt lat="49.66715675778687000274658203125" lon="-123.1402428634464740753173828125">
        <ele>579.79998779296875</ele>
        <time>2023-07-16T20:39:54.000Z</time>
        <extensions>
          <ns3:TrackPointExtension>
            <ns3:hr>162</ns3:hr>
          </ns3:TrackPointExtension>
        </extensions>
      </trkpt>
      <trkpt lat="49.6671736054122447967529296875" lon="-123.140212856233119964599609375">
        <ele>580.20001220703125</ele>
        <time>2023-07-16T20:39:56.000Z</time>
        <extensions>
          <ns3:TrackPointExtension>
            <ns3:hr>165</ns3:hr>
          </ns3:TrackPointExtension>
        </extensions>
      </trkpt>
      <trkpt lat="49.66716161929070949554443359375" lon="-123.14015426672995090484619140625">
        <ele>581</ele>
        <time>2023-07-16T20:40:00.000Z</time>
        <extensions>
          <ns3:TrackPointExtension>
            <ns3:hr>164</ns3:hr>
          </ns3:TrackPointExtension>
        </extensions>
      </trkpt>
      <trkpt lat="49.667165391147136688232421875" lon="-123.14009123481810092926025390625">
        <ele>581.4000244140625</ele>
        <time>2023-07-16T20:40:04.000Z</time>
        <extensions>
          <ns3:TrackPointExtension>
            <ns3:hr>165</ns3:hr>
          </ns3:TrackPointExtension>
        </extensions>
      </trkpt>
      <trkpt lat="49.66717444360256195068359375" lon="-123.139986209571361541748046875">
        <ele>582</ele>
        <time>2023-07-16T20:40:10.000Z</time>
        <extensions>
          <ns3:TrackPointExtension>
            <ns3:hr>165</ns3:hr>
          </ns3:TrackPointExtension>
        </extensions>
      </trkpt>
      <trkpt lat="49.66718106530606746673583984375" lon="-123.139959387481212615966796875">
        <ele>581.79998779296875</ele>
        <time>2023-07-16T20:40:12.000Z</time>
        <extensions>
          <ns3:TrackPointExtension>
            <ns3:hr>166</ns3:hr>
          </ns3:TrackPointExtension>
        </extensions>
      </trkpt>
      <trkpt lat="49.66719782911241054534912109375" lon="-123.13982686959207057952880859375">
        <ele>582.20001220703125</ele>
        <time>2023-07-16T20:40:21.000Z</time>
        <extensions>
          <ns3:TrackPointExtension>
            <ns3:hr>168</ns3:hr>
          </ns3:TrackPointExtension>
        </extensions>
      </trkpt>
      <trkpt lat="49.667196907103061676025390625" lon="-123.13980189152061939239501953125">
        <ele>582.20001220703125</ele>
        <time>2023-07-16T20:40:24.000Z</time>
        <extensions>
          <ns3:TrackPointExtension>
            <ns3:hr>167</ns3:hr>
          </ns3:TrackPointExtension>
        </extensions>
      </trkpt>
      <trkpt lat="49.66720134951174259185791015625" lon="-123.13976459205150604248046875">
        <ele>582.20001220703125</ele>
        <time>2023-07-16T20:40:26.000Z</time>
        <extensions>
          <ns3:TrackPointExtension>
            <ns3:hr>167</ns3:hr>
          </ns3:TrackPointExtension>
        </extensions>
      </trkpt>
      <trkpt lat="49.66719967313110828399658203125" lon="-123.139740116894245147705078125">
        <ele>582.4000244140625</ele>
        <time>2023-07-16T20:40:27.000Z</time>
        <extensions>
          <ns3:TrackPointExtension>
            <ns3:hr>166</ns3:hr>
          </ns3:TrackPointExtension>
        </extensions>
      </trkpt>
      <trkpt lat="49.66719112358987331390380859375" lon="-123.13964162953197956085205078125">
        <ele>582</ele>
        <time>2023-07-16T20:40:32.000Z</time>
        <extensions>
          <ns3:TrackPointExtension>
            <ns3:hr>163</ns3:hr>
          </ns3:TrackPointExtension>
        </extensions>
      </trkpt>
      <trkpt lat="49.667190872132778167724609375" lon="-123.139631487429141998291015625">
        <ele>582</ele>
        <time>2023-07-16T20:40:33.000Z</time>
        <extensions>
          <ns3:TrackPointExtension>
            <ns3:hr>163</ns3:hr>
          </ns3:TrackPointExtension>
        </extensions>
      </trkpt>
      <trkpt lat="49.66716212220489978790283203125" lon="-123.13954791985452175140380859375">
        <ele>581.4000244140625</ele>
        <time>2023-07-16T20:40:40.000Z</time>
        <extensions>
          <ns3:TrackPointExtension>
            <ns3:hr>163</ns3:hr>
          </ns3:TrackPointExtension>
        </extensions>
      </trkpt>
      <trkpt lat="49.66715323738753795623779296875" lon="-123.13951238058507442474365234375">
        <ele>581</ele>
        <time>2023-07-16T20:40:45.000Z</time>
        <extensions>
          <ns3:TrackPointExtension>
            <ns3:hr>164</ns3:hr>
          </ns3:TrackPointExtension>
        </extensions>
      </trkpt>
      <trkpt lat="49.66715340502560138702392578125" lon="-123.1395173259079456329345703125">
        <ele>581</ele>
        <time>2023-07-16T20:40:46.000Z</time>
        <extensions>
          <ns3:TrackPointExtension>
            <ns3:hr>163</ns3:hr>
          </ns3:TrackPointExtension>
        </extensions>
      </trkpt>
      <trkpt lat="49.66715424321591854095458984375" lon="-123.13951657153666019439697265625">
        <ele>581</ele>
        <time>2023-07-16T20:40:47.000Z</time>
        <extensions>
          <ns3:TrackPointExtension>
            <ns3:hr>163</ns3:hr>
          </ns3:TrackPointExtension>
        </extensions>
      </trkpt>
      <trkpt lat="49.66716706752777099609375" lon="-123.13952361233532428741455078125">
        <ele>580.79998779296875</ele>
        <time>2023-07-16T20:40:49.000Z</time>
        <extensions>
          <ns3:TrackPointExtension>
            <ns3:hr>163</ns3:hr>
          </ns3:TrackPointExtension>
        </extensions>
      </trkpt>
      <trkpt lat="49.6671719290316104888916015625" lon="-123.139520175755023956298828125">
        <ele>580.79998779296875</ele>
        <time>2023-07-16T20:40:52.000Z</time>
        <extensions>
          <ns3:TrackPointExtension>
            <ns3:hr>162</ns3:hr>
          </ns3:TrackPointExtension>
        </extensions>
      </trkpt>
      <trkpt lat="49.667176790535449981689453125" lon="-123.139524199068546295166015625">
        <ele>580.79998779296875</ele>
        <time>2023-07-16T20:40:53.000Z</time>
        <extensions>
          <ns3:TrackPointExtension>
            <ns3:hr>162</ns3:hr>
          </ns3:TrackPointExtension>
        </extensions>
      </trkpt>
      <trkpt lat="49.66717670671641826629638671875" lon="-123.139536939561367034912109375">
        <ele>580.5999755859375</ele>
        <time>2023-07-16T20:40:56.000Z</time>
        <extensions>
          <ns3:TrackPointExtension>
            <ns3:hr>162</ns3:hr>
          </ns3:TrackPointExtension>
        </extensions>
      </trkpt>
      <trkpt lat="49.66717402450740337371826171875" lon="-123.13953853212296962738037109375">
        <ele>580.4000244140625</ele>
        <time>2023-07-16T20:40:57.000Z</time>
        <extensions>
          <ns3:TrackPointExtension>
            <ns3:hr>162</ns3:hr>
          </ns3:TrackPointExtension>
        </extensions>
      </trkpt>
      <trkpt lat="49.66717922128736972808837890625" lon="-123.13953702338039875030517578125">
        <ele>580.4000244140625</ele>
        <time>2023-07-16T20:40:58.000Z</time>
        <extensions>
          <ns3:TrackPointExtension>
            <ns3:hr>162</ns3:hr>
          </ns3:TrackPointExtension>
        </extensions>
      </trkpt>
      <trkpt lat="49.66720067895948886871337890625" lon="-123.13953484408557415008544921875">
        <ele>580.20001220703125</ele>
        <time>2023-07-16T20:41:04.000Z</time>
        <extensions>
          <ns3:TrackPointExtension>
            <ns3:hr>161</ns3:hr>
          </ns3:TrackPointExtension>
        </extensions>
      </trkpt>
      <trkpt lat="49.66721056960523128509521484375" lon="-123.13953434117138385772705078125">
        <ele>580.20001220703125</ele>
        <time>2023-07-16T20:41:07.000Z</time>
        <extensions>
          <ns3:TrackPointExtension>
            <ns3:hr>161</ns3:hr>
          </ns3:TrackPointExtension>
        </extensions>
      </trkpt>
      <trkpt lat="49.6672208793461322784423828125" lon="-123.1395374424755573272705078125">
        <ele>580.4000244140625</ele>
        <time>2023-07-16T20:41:09.000Z</time>
        <extensions>
          <ns3:TrackPointExtension>
            <ns3:hr>161</ns3:hr>
          </ns3:TrackPointExtension>
        </extensions>
      </trkpt>
      <trkpt lat="49.66723655350506305694580078125" lon="-123.13951975665986537933349609375">
        <ele>580.4000244140625</ele>
        <time>2023-07-16T20:41:12.000Z</time>
        <extensions>
          <ns3:TrackPointExtension>
            <ns3:hr>160</ns3:hr>
          </ns3:TrackPointExtension>
        </extensions>
      </trkpt>
      <trkpt lat="49.6672369726002216339111328125" lon="-123.1395193375647068023681640625">
        <ele>580.4000244140625</ele>
        <time>2023-07-16T20:41:13.000Z</time>
        <extensions>
          <ns3:TrackPointExtension>
            <ns3:hr>160</ns3:hr>
          </ns3:TrackPointExtension>
        </extensions>
      </trkpt>
      <trkpt lat="49.66723571531474590301513671875" lon="-123.1395144760608673095703125">
        <ele>580.5999755859375</ele>
        <time>2023-07-16T20:41:14.000Z</time>
        <extensions>
          <ns3:TrackPointExtension>
            <ns3:hr>159</ns3:hr>
          </ns3:TrackPointExtension>
        </extensions>
      </trkpt>
      <trkpt lat="49.6672111563384532928466796875" lon="-123.13946527428925037384033203125">
        <ele>580.79998779296875</ele>
        <time>2023-07-16T20:41:20.000Z</time>
        <extensions>
          <ns3:TrackPointExtension>
            <ns3:hr>156</ns3:hr>
          </ns3:TrackPointExtension>
        </extensions>
      </trkpt>
      <trkpt lat="49.66718190349638462066650390625" lon="-123.13941598869860172271728515625">
        <ele>580.79998779296875</ele>
        <time>2023-07-16T20:41:25.000Z</time>
        <extensions>
          <ns3:TrackPointExtension>
            <ns3:hr>153</ns3:hr>
          </ns3:TrackPointExtension>
        </extensions>
      </trkpt>
      <trkpt lat="49.6671739406883716583251953125" lon="-123.1394026614725589752197265625">
        <ele>580.79998779296875</ele>
        <time>2023-07-16T20:41:26.000Z</time>
        <extensions>
          <ns3:TrackPointExtension>
            <ns3:hr>153</ns3:hr>
          </ns3:TrackPointExtension>
        </extensions>
      </trkpt>
      <trkpt lat="49.66714284382760524749755859375" lon="-123.13930367119610309600830078125">
        <ele>580.79998779296875</ele>
        <time>2023-07-16T20:41:32.000Z</time>
        <extensions>
          <ns3:TrackPointExtension>
            <ns3:hr>152</ns3:hr>
          </ns3:TrackPointExtension>
        </extensions>
      </trkpt>
      <trkpt lat="49.66711283661425113677978515625" lon="-123.1392382085323333740234375">
        <ele>580.79998779296875</ele>
        <time>2023-07-16T20:41:36.000Z</time>
        <extensions>
          <ns3:TrackPointExtension>
            <ns3:hr>149</ns3:hr>
          </ns3:TrackPointExtension>
        </extensions>
      </trkpt>
      <trkpt lat="49.667103029787540435791015625" lon="-123.13922789879143238067626953125">
        <ele>580.79998779296875</ele>
        <time>2023-07-16T20:41:37.000Z</time>
        <extensions>
          <ns3:TrackPointExtension>
            <ns3:hr>152</ns3:hr>
          </ns3:TrackPointExtension>
        </extensions>
      </trkpt>
      <trkpt lat="49.667101688683032989501953125" lon="-123.13922035507857799530029296875">
        <ele>580.79998779296875</ele>
        <time>2023-07-16T20:41:39.000Z</time>
        <extensions>
          <ns3:TrackPointExtension>
            <ns3:hr>151</ns3:hr>
          </ns3:TrackPointExtension>
        </extensions>
      </trkpt>
      <trkpt lat="49.66710059903562068939208984375" lon="-123.1392108835279941558837890625">
        <ele>580.79998779296875</ele>
        <time>2023-07-16T20:41:43.000Z</time>
        <extensions>
          <ns3:TrackPointExtension>
            <ns3:hr>151</ns3:hr>
          </ns3:TrackPointExtension>
        </extensions>
      </trkpt>
      <trkpt lat="49.66708065010607242584228515625" lon="-123.1391394697129726409912109375">
        <ele>580.79998779296875</ele>
        <time>2023-07-16T20:41:49.000Z</time>
        <extensions>
          <ns3:TrackPointExtension>
            <ns3:hr>150</ns3:hr>
          </ns3:TrackPointExtension>
        </extensions>
      </trkpt>
      <trkpt lat="49.66707059182226657867431640625" lon="-123.139031343162059783935546875">
        <ele>581.20001220703125</ele>
        <time>2023-07-16T20:41:55.000Z</time>
        <extensions>
          <ns3:TrackPointExtension>
            <ns3:hr>150</ns3:hr>
          </ns3:TrackPointExtension>
        </extensions>
      </trkpt>
      <trkpt lat="49.6670736931264400482177734375" lon="-123.13892648555338382720947265625">
        <ele>581.4000244140625</ele>
        <time>2023-07-16T20:42:02.000Z</time>
        <extensions>
          <ns3:TrackPointExtension>
            <ns3:hr>150</ns3:hr>
          </ns3:TrackPointExtension>
        </extensions>
      </trkpt>
      <trkpt lat="49.6671035327017307281494140625" lon="-123.138830177485942840576171875">
        <ele>581.4000244140625</ele>
        <time>2023-07-16T20:42:08.000Z</time>
        <extensions>
          <ns3:TrackPointExtension>
            <ns3:hr>150</ns3:hr>
          </ns3:TrackPointExtension>
        </extensions>
      </trkpt>
      <trkpt lat="49.667133204638957977294921875" lon="-123.13874660991132259368896484375">
        <ele>582</ele>
        <time>2023-07-16T20:42:15.000Z</time>
        <extensions>
          <ns3:TrackPointExtension>
            <ns3:hr>150</ns3:hr>
          </ns3:TrackPointExtension>
        </extensions>
      </trkpt>
      <trkpt lat="49.667159356176853179931640625" lon="-123.13867117278277873992919921875">
        <ele>582.4000244140625</ele>
        <time>2023-07-16T20:42:21.000Z</time>
        <extensions>
          <ns3:TrackPointExtension>
            <ns3:hr>151</ns3:hr>
          </ns3:TrackPointExtension>
        </extensions>
      </trkpt>
      <trkpt lat="49.66716195456683635711669921875" lon="-123.1386566720902919769287109375">
        <ele>582.4000244140625</ele>
        <time>2023-07-16T20:42:22.000Z</time>
        <extensions>
          <ns3:TrackPointExtension>
            <ns3:hr>151</ns3:hr>
          </ns3:TrackPointExtension>
        </extensions>
      </trkpt>
      <trkpt lat="49.66715566813945770263671875" lon="-123.13861551694571971893310546875">
        <ele>582.5999755859375</ele>
        <time>2023-07-16T20:42:24.000Z</time>
        <extensions>
          <ns3:TrackPointExtension>
            <ns3:hr>151</ns3:hr>
          </ns3:TrackPointExtension>
        </extensions>
      </trkpt>
      <trkpt lat="49.66715566813945770263671875" lon="-123.13860210590064525604248046875">
        <ele>582.79998779296875</ele>
        <time>2023-07-16T20:42:26.000Z</time>
        <extensions>
          <ns3:TrackPointExtension>
            <ns3:hr>152</ns3:hr>
          </ns3:TrackPointExtension>
        </extensions>
      </trkpt>
      <trkpt lat="49.66715432703495025634765625" lon="-123.13859271816909313201904296875">
        <ele>582.79998779296875</ele>
        <time>2023-07-16T20:42:27.000Z</time>
        <extensions>
          <ns3:TrackPointExtension>
            <ns3:hr>152</ns3:hr>
          </ns3:TrackPointExtension>
        </extensions>
      </trkpt>
      <trkpt lat="49.667155332863330841064453125" lon="-123.1385892815887928009033203125">
        <ele>582.79998779296875</ele>
        <time>2023-07-16T20:42:28.000Z</time>
        <extensions>
          <ns3:TrackPointExtension>
            <ns3:hr>152</ns3:hr>
          </ns3:TrackPointExtension>
        </extensions>
      </trkpt>
      <trkpt lat="49.66718810610473155975341796875" lon="-123.1385624594986438751220703125">
        <ele>582.79998779296875</ele>
        <time>2023-07-16T20:42:31.000Z</time>
        <extensions>
          <ns3:TrackPointExtension>
            <ns3:hr>153</ns3:hr>
          </ns3:TrackPointExtension>
        </extensions>
      </trkpt>
      <trkpt lat="49.6672051213681697845458984375" lon="-123.13854745589196681976318359375">
        <ele>583</ele>
        <time>2023-07-16T20:42:33.000Z</time>
        <extensions>
          <ns3:TrackPointExtension>
            <ns3:hr>153</ns3:hr>
          </ns3:TrackPointExtension>
        </extensions>
      </trkpt>
      <trkpt lat="49.6672151796519756317138671875" lon="-123.1385386548936367034912109375">
        <ele>582.79998779296875</ele>
        <time>2023-07-16T20:42:34.000Z</time>
        <extensions>
          <ns3:TrackPointExtension>
            <ns3:hr>154</ns3:hr>
          </ns3:TrackPointExtension>
        </extensions>
      </trkpt>
      <trkpt lat="49.66725616715848445892333984375" lon="-123.138528428971767425537109375">
        <ele>583</ele>
        <time>2023-07-16T20:42:38.000Z</time>
        <extensions>
          <ns3:TrackPointExtension>
            <ns3:hr>154</ns3:hr>
          </ns3:TrackPointExtension>
        </extensions>
      </trkpt>
      <trkpt lat="49.6673117391765117645263671875" lon="-123.13848517835140228271484375">
        <ele>583</ele>
        <time>2023-07-16T20:42:44.000Z</time>
        <extensions>
          <ns3:TrackPointExtension>
            <ns3:hr>153</ns3:hr>
          </ns3:TrackPointExtension>
        </extensions>
      </trkpt>
      <trkpt lat="49.66731735505163669586181640625" lon="-123.13848123885691165924072265625">
        <ele>583</ele>
        <time>2023-07-16T20:42:45.000Z</time>
        <extensions>
          <ns3:TrackPointExtension>
            <ns3:hr>153</ns3:hr>
          </ns3:TrackPointExtension>
        </extensions>
      </trkpt>
      <trkpt lat="49.6673214621841907501220703125" lon="-123.1384783051908016204833984375">
        <ele>583</ele>
        <time>2023-07-16T20:42:47.000Z</time>
        <extensions>
          <ns3:TrackPointExtension>
            <ns3:hr>152</ns3:hr>
          </ns3:TrackPointExtension>
        </extensions>
      </trkpt>
      <trkpt lat="49.667331688106060028076171875" lon="-123.1384685821831226348876953125">
        <ele>583</ele>
        <time>2023-07-16T20:42:50.000Z</time>
        <extensions>
          <ns3:TrackPointExtension>
            <ns3:hr>152</ns3:hr>
          </ns3:TrackPointExtension>
        </extensions>
      </trkpt>
      <trkpt lat="49.66733646579086780548095703125" lon="-123.1384630501270294189453125">
        <ele>583</ele>
        <time>2023-07-16T20:42:51.000Z</time>
        <extensions>
          <ns3:TrackPointExtension>
            <ns3:hr>152</ns3:hr>
          </ns3:TrackPointExtension>
        </extensions>
      </trkpt>
      <trkpt lat="49.6673415787518024444580078125" lon="-123.13846564851701259613037109375">
        <ele>583</ele>
        <time>2023-07-16T20:42:52.000Z</time>
        <extensions>
          <ns3:TrackPointExtension>
            <ns3:hr>152</ns3:hr>
          </ns3:TrackPointExtension>
        </extensions>
      </trkpt>
      <trkpt lat="49.66736898757517337799072265625" lon="-123.13847486861050128936767578125">
        <ele>583</ele>
        <time>2023-07-16T20:42:56.000Z</time>
        <extensions>
          <ns3:TrackPointExtension>
            <ns3:hr>152</ns3:hr>
          </ns3:TrackPointExtension>
        </extensions>
      </trkpt>
      <trkpt lat="49.667400084435939788818359375" lon="-123.13849280588328838348388671875">
        <ele>583.20001220703125</ele>
        <time>2023-07-16T20:43:00.000Z</time>
        <extensions>
          <ns3:TrackPointExtension>
            <ns3:hr>151</ns3:hr>
          </ns3:TrackPointExtension>
        </extensions>
      </trkpt>
      <trkpt lat="49.66741357930004596710205078125" lon="-123.13850504346191883087158203125">
        <ele>583.20001220703125</ele>
        <time>2023-07-16T20:43:02.000Z</time>
        <extensions>
          <ns3:TrackPointExtension>
            <ns3:hr>151</ns3:hr>
          </ns3:TrackPointExtension>
        </extensions>
      </trkpt>
      <trkpt lat="49.66741944663226604461669921875" lon="-123.1385041214525699615478515625">
        <ele>583.20001220703125</ele>
        <time>2023-07-16T20:43:03.000Z</time>
        <extensions>
          <ns3:TrackPointExtension>
            <ns3:hr>151</ns3:hr>
          </ns3:TrackPointExtension>
        </extensions>
      </trkpt>
      <trkpt lat="49.667482562363147735595703125" lon="-123.13851543702185153961181640625">
        <ele>583.5999755859375</ele>
        <time>2023-07-16T20:43:10.000Z</time>
        <extensions>
          <ns3:TrackPointExtension>
            <ns3:hr>150</ns3:hr>
          </ns3:TrackPointExtension>
        </extensions>
      </trkpt>
      <trkpt lat="49.667493291199207305908203125" lon="-123.138521723449230194091796875">
        <ele>584</ele>
        <time>2023-07-16T20:43:12.000Z</time>
        <extensions>
          <ns3:TrackPointExtension>
            <ns3:hr>150</ns3:hr>
          </ns3:TrackPointExtension>
        </extensions>
      </trkpt>
      <trkpt lat="49.66749438084661960601806640625" lon="-123.138523735105991363525390625">
        <ele>584.20001220703125</ele>
        <time>2023-07-16T20:43:13.000Z</time>
        <extensions>
          <ns3:TrackPointExtension>
            <ns3:hr>150</ns3:hr>
          </ns3:TrackPointExtension>
        </extensions>
      </trkpt>
      <trkpt lat="49.66752304695546627044677734375" lon="-123.13851912505924701690673828125">
        <ele>584.5999755859375</ele>
        <time>2023-07-16T20:43:16.000Z</time>
        <extensions>
          <ns3:TrackPointExtension>
            <ns3:hr>150</ns3:hr>
          </ns3:TrackPointExtension>
        </extensions>
      </trkpt>
      <trkpt lat="49.6675239689648151397705078125" lon="-123.13851962797343730926513671875">
        <ele>584.5999755859375</ele>
        <time>2023-07-16T20:43:17.000Z</time>
        <extensions>
          <ns3:TrackPointExtension>
            <ns3:hr>150</ns3:hr>
          </ns3:TrackPointExtension>
        </extensions>
      </trkpt>
      <trkpt lat="49.66755397617816925048828125" lon="-123.13854494132101535797119140625">
        <ele>584.79998779296875</ele>
        <time>2023-07-16T20:43:20.000Z</time>
        <extensions>
          <ns3:TrackPointExtension>
            <ns3:hr>151</ns3:hr>
          </ns3:TrackPointExtension>
        </extensions>
      </trkpt>
      <trkpt lat="49.66756328009068965911865234375" lon="-123.1385587714612483978271484375">
        <ele>585</ele>
        <time>2023-07-16T20:43:22.000Z</time>
        <extensions>
          <ns3:TrackPointExtension>
            <ns3:hr>151</ns3:hr>
          </ns3:TrackPointExtension>
        </extensions>
      </trkpt>
      <trkpt lat="49.66757082380354404449462890625" lon="-123.13856723718345165252685546875">
        <ele>585</ele>
        <time>2023-07-16T20:43:23.000Z</time>
        <extensions>
          <ns3:TrackPointExtension>
            <ns3:hr>151</ns3:hr>
          </ns3:TrackPointExtension>
        </extensions>
      </trkpt>
      <trkpt lat="49.667585827410221099853515625" lon="-123.138570003211498260498046875">
        <ele>585.20001220703125</ele>
        <time>2023-07-16T20:43:24.000Z</time>
        <extensions>
          <ns3:TrackPointExtension>
            <ns3:hr>151</ns3:hr>
          </ns3:TrackPointExtension>
        </extensions>
      </trkpt>
      <trkpt lat="49.66762681491672992706298828125" lon="-123.13856966793537139892578125">
        <ele>585.5999755859375</ele>
        <time>2023-07-16T20:43:29.000Z</time>
        <extensions>
          <ns3:TrackPointExtension>
            <ns3:hr>153</ns3:hr>
          </ns3:TrackPointExtension>
        </extensions>
      </trkpt>
      <trkpt lat="49.6676379628479480743408203125" lon="-123.1385805644094944000244140625">
        <ele>585.79998779296875</ele>
        <time>2023-07-16T20:43:32.000Z</time>
        <extensions>
          <ns3:TrackPointExtension>
            <ns3:hr>153</ns3:hr>
          </ns3:TrackPointExtension>
        </extensions>
      </trkpt>
      <trkpt lat="49.66763687320053577423095703125" lon="-123.138575367629528045654296875">
        <ele>585.79998779296875</ele>
        <time>2023-07-16T20:43:34.000Z</time>
        <extensions>
          <ns3:TrackPointExtension>
            <ns3:hr>155</ns3:hr>
          </ns3:TrackPointExtension>
        </extensions>
      </trkpt>
      <trkpt lat="49.6676379628479480743408203125" lon="-123.1385758705437183380126953125">
        <ele>585.79998779296875</ele>
        <time>2023-07-16T20:43:35.000Z</time>
        <extensions>
          <ns3:TrackPointExtension>
            <ns3:hr>155</ns3:hr>
          </ns3:TrackPointExtension>
        </extensions>
      </trkpt>
      <trkpt lat="49.6677231229841709136962890625" lon="-123.1386218033730983734130859375">
        <ele>586</ele>
        <time>2023-07-16T20:43:37.000Z</time>
        <extensions>
          <ns3:TrackPointExtension>
            <ns3:hr>156</ns3:hr>
          </ns3:TrackPointExtension>
        </extensions>
      </trkpt>
      <trkpt lat="49.66774835251271724700927734375" lon="-123.13863513059914112091064453125">
        <ele>586.20001220703125</ele>
        <time>2023-07-16T20:43:38.000Z</time>
        <extensions>
          <ns3:TrackPointExtension>
            <ns3:hr>156</ns3:hr>
          </ns3:TrackPointExtension>
        </extensions>
      </trkpt>
      <trkpt lat="49.66777953319251537322998046875" lon="-123.13864116556942462921142578125">
        <ele>586.4000244140625</ele>
        <time>2023-07-16T20:43:40.000Z</time>
        <extensions>
          <ns3:TrackPointExtension>
            <ns3:hr>156</ns3:hr>
          </ns3:TrackPointExtension>
        </extensions>
      </trkpt>
      <trkpt lat="49.66780744493007659912109375" lon="-123.1386543251574039459228515625">
        <ele>586.79998779296875</ele>
        <time>2023-07-16T20:43:44.000Z</time>
        <extensions>
          <ns3:TrackPointExtension>
            <ns3:hr>156</ns3:hr>
          </ns3:TrackPointExtension>
        </extensions>
      </trkpt>
      <trkpt lat="49.66781808994710445404052734375" lon="-123.138672597706317901611328125">
        <ele>587</ele>
        <time>2023-07-16T20:43:46.000Z</time>
        <extensions>
          <ns3:TrackPointExtension>
            <ns3:hr>154</ns3:hr>
          </ns3:TrackPointExtension>
        </extensions>
      </trkpt>
      <trkpt lat="49.66784323565661907196044921875" lon="-123.1386710889637470245361328125">
        <ele>587.20001220703125</ele>
        <time>2023-07-16T20:43:49.000Z</time>
        <extensions>
          <ns3:TrackPointExtension>
            <ns3:hr>155</ns3:hr>
          </ns3:TrackPointExtension>
        </extensions>
      </trkpt>
      <trkpt lat="49.667852707207202911376953125" lon="-123.1386707536876201629638671875">
        <ele>587.4000244140625</ele>
        <time>2023-07-16T20:43:50.000Z</time>
        <extensions>
          <ns3:TrackPointExtension>
            <ns3:hr>156</ns3:hr>
          </ns3:TrackPointExtension>
        </extensions>
      </trkpt>
      <trkpt lat="49.66788346879184246063232421875" lon="-123.138675950467586517333984375">
        <ele>587.5999755859375</ele>
        <time>2023-07-16T20:43:52.000Z</time>
        <extensions>
          <ns3:TrackPointExtension>
            <ns3:hr>156</ns3:hr>
          </ns3:TrackPointExtension>
        </extensions>
      </trkpt>
      <trkpt lat="49.66792948544025421142578125" lon="-123.13865524716675281524658203125">
        <ele>588</ele>
        <time>2023-07-16T20:43:56.000Z</time>
        <extensions>
          <ns3:TrackPointExtension>
            <ns3:hr>157</ns3:hr>
          </ns3:TrackPointExtension>
        </extensions>
      </trkpt>
      <trkpt lat="49.66793560422956943511962890625" lon="-123.13864368014037609100341796875">
        <ele>588.20001220703125</ele>
        <time>2023-07-16T20:43:57.000Z</time>
        <extensions>
          <ns3:TrackPointExtension>
            <ns3:hr>158</ns3:hr>
          </ns3:TrackPointExtension>
        </extensions>
      </trkpt>
      <trkpt lat="49.66794465668499469757080078125" lon="-123.13863077200949192047119140625">
        <ele>588.4000244140625</ele>
        <time>2023-07-16T20:43:59.000Z</time>
        <extensions>
          <ns3:TrackPointExtension>
            <ns3:hr>158</ns3:hr>
          </ns3:TrackPointExtension>
        </extensions>
      </trkpt>
      <trkpt lat="49.66795907355844974517822265625" lon="-123.13860227353870868682861328125">
        <ele>588.79998779296875</ele>
        <time>2023-07-16T20:44:04.000Z</time>
        <extensions>
          <ns3:TrackPointExtension>
            <ns3:hr>160</ns3:hr>
          </ns3:TrackPointExtension>
        </extensions>
      </trkpt>
      <trkpt lat="49.66798715293407440185546875" lon="-123.13857972621917724609375">
        <ele>589</ele>
        <time>2023-07-16T20:44:06.000Z</time>
        <extensions>
          <ns3:TrackPointExtension>
            <ns3:hr>158</ns3:hr>
          </ns3:TrackPointExtension>
        </extensions>
      </trkpt>
      <trkpt lat="49.6680050902068614959716796875" lon="-123.13854913227260112762451171875">
        <ele>589.20001220703125</ele>
        <time>2023-07-16T20:44:09.000Z</time>
        <extensions>
          <ns3:TrackPointExtension>
            <ns3:hr>159</ns3:hr>
          </ns3:TrackPointExtension>
        </extensions>
      </trkpt>
      <trkpt lat="49.66802529059350490570068359375" lon="-123.138532452285289764404296875">
        <ele>589.4000244140625</ele>
        <time>2023-07-16T20:44:11.000Z</time>
        <extensions>
          <ns3:TrackPointExtension>
            <ns3:hr>158</ns3:hr>
          </ns3:TrackPointExtension>
        </extensions>
      </trkpt>
      <trkpt lat="49.6680319122970104217529296875" lon="-123.13852180726826190948486328125">
        <ele>589.4000244140625</ele>
        <time>2023-07-16T20:44:12.000Z</time>
        <extensions>
          <ns3:TrackPointExtension>
            <ns3:hr>159</ns3:hr>
          </ns3:TrackPointExtension>
        </extensions>
      </trkpt>
      <trkpt lat="49.668045826256275177001953125" lon="-123.1385121680796146392822265625">
        <ele>589.5999755859375</ele>
        <time>2023-07-16T20:44:13.000Z</time>
        <extensions>
          <ns3:TrackPointExtension>
            <ns3:hr>158</ns3:hr>
          </ns3:TrackPointExtension>
        </extensions>
      </trkpt>
      <trkpt lat="49.6680704690515995025634765625" lon="-123.13850001432001590728759765625">
        <ele>589.79998779296875</ele>
        <time>2023-07-16T20:44:15.000Z</time>
        <extensions>
          <ns3:TrackPointExtension>
            <ns3:hr>158</ns3:hr>
          </ns3:TrackPointExtension>
        </extensions>
      </trkpt>
      <trkpt lat="49.6681123785674571990966796875" lon="-123.13845441676676273345947265625">
        <ele>590.20001220703125</ele>
        <time>2023-07-16T20:44:19.000Z</time>
        <extensions>
          <ns3:TrackPointExtension>
            <ns3:hr>159</ns3:hr>
          </ns3:TrackPointExtension>
        </extensions>
      </trkpt>
      <trkpt lat="49.66812352649867534637451171875" lon="-123.13843128271400928497314453125">
        <ele>590.4000244140625</ele>
        <time>2023-07-16T20:44:20.000Z</time>
        <extensions>
          <ns3:TrackPointExtension>
            <ns3:hr>160</ns3:hr>
          </ns3:TrackPointExtension>
        </extensions>
      </trkpt>
      <trkpt lat="49.668126963078975677490234375" lon="-123.138411082327365875244140625">
        <ele>590.5999755859375</ele>
        <time>2023-07-16T20:44:21.000Z</time>
        <extensions>
          <ns3:TrackPointExtension>
            <ns3:hr>160</ns3:hr>
          </ns3:TrackPointExtension>
        </extensions>
      </trkpt>
      <trkpt lat="49.66813123784959316253662109375" lon="-123.13836045563220977783203125">
        <ele>591.5999755859375</ele>
        <time>2023-07-16T20:44:25.000Z</time>
        <extensions>
          <ns3:TrackPointExtension>
            <ns3:hr>160</ns3:hr>
          </ns3:TrackPointExtension>
        </extensions>
      </trkpt>
      <trkpt lat="49.66814163140952587127685546875" lon="-123.13834662549197673797607421875">
        <ele>592</ele>
        <time>2023-07-16T20:44:27.000Z</time>
        <extensions>
          <ns3:TrackPointExtension>
            <ns3:hr>158</ns3:hr>
          </ns3:TrackPointExtension>
        </extensions>
      </trkpt>
      <trkpt lat="49.66814003884792327880859375" lon="-123.13833095133304595947265625">
        <ele>592</ele>
        <time>2023-07-16T20:44:28.000Z</time>
        <extensions>
          <ns3:TrackPointExtension>
            <ns3:hr>160</ns3:hr>
          </ns3:TrackPointExtension>
        </extensions>
      </trkpt>
      <trkpt lat="49.66813869774341583251953125" lon="-123.13829868100583553314208984375">
        <ele>592.4000244140625</ele>
        <time>2023-07-16T20:44:30.000Z</time>
        <extensions>
          <ns3:TrackPointExtension>
            <ns3:hr>162</ns3:hr>
          </ns3:TrackPointExtension>
        </extensions>
      </trkpt>
      <trkpt lat="49.6681418828666210174560546875" lon="-123.1382717750966548919677734375">
        <ele>592.5999755859375</ele>
        <time>2023-07-16T20:44:33.000Z</time>
        <extensions>
          <ns3:TrackPointExtension>
            <ns3:hr>163</ns3:hr>
          </ns3:TrackPointExtension>
        </extensions>
      </trkpt>
      <trkpt lat="49.66813894920051097869873046875" lon="-123.13825107179582118988037109375">
        <ele>592.79998779296875</ele>
        <time>2023-07-16T20:44:35.000Z</time>
        <extensions>
          <ns3:TrackPointExtension>
            <ns3:hr>163</ns3:hr>
          </ns3:TrackPointExtension>
        </extensions>
      </trkpt>
      <trkpt lat="49.66814364306628704071044921875" lon="-123.1382120959460735321044921875">
        <ele>593</ele>
        <time>2023-07-16T20:44:37.000Z</time>
        <extensions>
          <ns3:TrackPointExtension>
            <ns3:hr>163</ns3:hr>
          </ns3:TrackPointExtension>
        </extensions>
      </trkpt>
      <trkpt lat="49.66813945211470127105712890625" lon="-123.13819457776844501495361328125">
        <ele>593.20001220703125</ele>
        <time>2023-07-16T20:44:38.000Z</time>
        <extensions>
          <ns3:TrackPointExtension>
            <ns3:hr>163</ns3:hr>
          </ns3:TrackPointExtension>
        </extensions>
      </trkpt>
      <trkpt lat="49.66813157312572002410888671875" lon="-123.13812802545726299285888671875">
        <ele>593.4000244140625</ele>
        <time>2023-07-16T20:44:44.000Z</time>
        <extensions>
          <ns3:TrackPointExtension>
            <ns3:hr>164</ns3:hr>
          </ns3:TrackPointExtension>
        </extensions>
      </trkpt>
      <trkpt lat="49.6681247837841510772705078125" lon="-123.13806264661252498626708984375">
        <ele>593.4000244140625</ele>
        <time>2023-07-16T20:44:48.000Z</time>
        <extensions>
          <ns3:TrackPointExtension>
            <ns3:hr>166</ns3:hr>
          </ns3:TrackPointExtension>
        </extensions>
      </trkpt>
      <trkpt lat="49.6681205928325653076171875" lon="-123.13805468380451202392578125">
        <ele>593.5999755859375</ele>
        <time>2023-07-16T20:44:50.000Z</time>
        <extensions>
          <ns3:TrackPointExtension>
            <ns3:hr>163</ns3:hr>
          </ns3:TrackPointExtension>
        </extensions>
      </trkpt>
      <trkpt lat="49.6681147255003452301025390625" lon="-123.13803632743656635284423828125">
        <ele>593.5999755859375</ele>
        <time>2023-07-16T20:44:52.000Z</time>
        <extensions>
          <ns3:TrackPointExtension>
            <ns3:hr>165</ns3:hr>
          </ns3:TrackPointExtension>
        </extensions>
      </trkpt>
      <trkpt lat="49.66811413876712322235107421875" lon="-123.1380209885537624359130859375">
        <ele>593.5999755859375</ele>
        <time>2023-07-16T20:44:55.000Z</time>
        <extensions>
          <ns3:TrackPointExtension>
            <ns3:hr>164</ns3:hr>
          </ns3:TrackPointExtension>
        </extensions>
      </trkpt>
      <trkpt lat="49.6681479178369045257568359375" lon="-123.1380178034305572509765625">
        <ele>593.5999755859375</ele>
        <time>2023-07-16T20:44:58.000Z</time>
        <extensions>
          <ns3:TrackPointExtension>
            <ns3:hr>164</ns3:hr>
          </ns3:TrackPointExtension>
        </extensions>
      </trkpt>
      <trkpt lat="49.66818018816411495208740234375" lon="-123.137994669377803802490234375">
        <ele>593.5999755859375</ele>
        <time>2023-07-16T20:44:59.000Z</time>
        <extensions>
          <ns3:TrackPointExtension>
            <ns3:hr>164</ns3:hr>
          </ns3:TrackPointExtension>
        </extensions>
      </trkpt>
      <trkpt lat="49.66818337328732013702392578125" lon="-123.13797681592404842376708984375">
        <ele>593.79998779296875</ele>
        <time>2023-07-16T20:45:00.000Z</time>
        <extensions>
          <ns3:TrackPointExtension>
            <ns3:hr>164</ns3:hr>
          </ns3:TrackPointExtension>
        </extensions>
      </trkpt>
      <trkpt lat="49.66818563640117645263671875" lon="-123.137970864772796630859375">
        <ele>594</ele>
        <time>2023-07-16T20:45:01.000Z</time>
        <extensions>
          <ns3:TrackPointExtension>
            <ns3:hr>164</ns3:hr>
          </ns3:TrackPointExtension>
        </extensions>
      </trkpt>
      <trkpt lat="49.66819292865693569183349609375" lon="-123.1379774026572704315185546875">
        <ele>594</ele>
        <time>2023-07-16T20:45:03.000Z</time>
        <extensions>
          <ns3:TrackPointExtension>
            <ns3:hr>164</ns3:hr>
          </ns3:TrackPointExtension>
        </extensions>
      </trkpt>
      <trkpt lat="49.668191336095333099365234375" lon="-123.13797614537179470062255859375">
        <ele>593.79998779296875</ele>
        <time>2023-07-16T20:45:05.000Z</time>
        <extensions>
          <ns3:TrackPointExtension>
            <ns3:hr>163</ns3:hr>
          </ns3:TrackPointExtension>
        </extensions>
      </trkpt>
      <trkpt lat="49.66818136163055896759033203125" lon="-123.13797547481954097747802734375">
        <ele>593.79998779296875</ele>
        <time>2023-07-16T20:45:06.000Z</time>
        <extensions>
          <ns3:TrackPointExtension>
            <ns3:hr>163</ns3:hr>
          </ns3:TrackPointExtension>
        </extensions>
      </trkpt>
      <trkpt lat="49.66817549429833889007568359375" lon="-123.13797782175242900848388671875">
        <ele>593.79998779296875</ele>
        <time>2023-07-16T20:45:08.000Z</time>
        <extensions>
          <ns3:TrackPointExtension>
            <ns3:hr>162</ns3:hr>
          </ns3:TrackPointExtension>
        </extensions>
      </trkpt>
      <trkpt lat="49.66817800886929035186767578125" lon="-123.13797899521887302398681640625">
        <ele>593.79998779296875</ele>
        <time>2023-07-16T20:45:09.000Z</time>
        <extensions>
          <ns3:TrackPointExtension>
            <ns3:hr>163</ns3:hr>
          </ns3:TrackPointExtension>
        </extensions>
      </trkpt>
      <trkpt lat="49.6681784279644489288330078125" lon="-123.13797815702855587005615234375">
        <ele>593.79998779296875</ele>
        <time>2023-07-16T20:45:11.000Z</time>
        <extensions>
          <ns3:TrackPointExtension>
            <ns3:hr>161</ns3:hr>
          </ns3:TrackPointExtension>
        </extensions>
      </trkpt>
      <trkpt lat="49.6681784279644489288330078125" lon="-123.1379884667694568634033203125">
        <ele>593.79998779296875</ele>
        <time>2023-07-16T20:45:15.000Z</time>
        <extensions>
          <ns3:TrackPointExtension>
            <ns3:hr>157</ns3:hr>
          </ns3:TrackPointExtension>
        </extensions>
      </trkpt>
      <trkpt lat="49.6681764163076877593994140625" lon="-123.13799089752137660980224609375">
        <ele>593.79998779296875</ele>
        <time>2023-07-16T20:45:16.000Z</time>
        <extensions>
          <ns3:TrackPointExtension>
            <ns3:hr>157</ns3:hr>
          </ns3:TrackPointExtension>
        </extensions>
      </trkpt>
      <trkpt lat="49.668164514005184173583984375" lon="-123.13798469491302967071533203125">
        <ele>593.79998779296875</ele>
        <time>2023-07-16T20:45:20.000Z</time>
        <extensions>
          <ns3:TrackPointExtension>
            <ns3:hr>154</ns3:hr>
          </ns3:TrackPointExtension>
        </extensions>
      </trkpt>
      <trkpt lat="49.66816107742488384246826171875" lon="-123.137981593608856201171875">
        <ele>594</ele>
        <time>2023-07-16T20:45:22.000Z</time>
        <extensions>
          <ns3:TrackPointExtension>
            <ns3:hr>153</ns3:hr>
          </ns3:TrackPointExtension>
        </extensions>
      </trkpt>
      <trkpt lat="49.66817515902221202850341796875" lon="-123.137993998825550079345703125">
        <ele>593.5999755859375</ele>
        <time>2023-07-16T20:45:28.000Z</time>
        <extensions>
          <ns3:TrackPointExtension>
            <ns3:hr>152</ns3:hr>
          </ns3:TrackPointExtension>
        </extensions>
      </trkpt>
      <trkpt lat="49.6681847982108592987060546875" lon="-123.13798134215176105499267578125">
        <ele>593.5999755859375</ele>
        <time>2023-07-16T20:45:32.000Z</time>
        <extensions>
          <ns3:TrackPointExtension>
            <ns3:hr>149</ns3:hr>
          </ns3:TrackPointExtension>
        </extensions>
      </trkpt>
      <trkpt lat="49.6681982092559337615966796875" lon="-123.13797681592404842376708984375">
        <ele>593.5999755859375</ele>
        <time>2023-07-16T20:45:34.000Z</time>
        <extensions>
          <ns3:TrackPointExtension>
            <ns3:hr>148</ns3:hr>
          </ns3:TrackPointExtension>
        </extensions>
      </trkpt>
      <trkpt lat="49.6681760810315608978271484375" lon="-123.13791613094508647918701171875">
        <ele>594</ele>
        <time>2023-07-16T20:45:42.000Z</time>
        <extensions>
          <ns3:TrackPointExtension>
            <ns3:hr>150</ns3:hr>
          </ns3:TrackPointExtension>
        </extensions>
      </trkpt>
      <trkpt lat="49.66818605549633502960205078125" lon="-123.1379204057157039642333984375">
        <ele>594.4000244140625</ele>
        <time>2023-07-16T20:45:46.000Z</time>
        <extensions>
          <ns3:TrackPointExtension>
            <ns3:hr>153</ns3:hr>
          </ns3:TrackPointExtension>
        </extensions>
      </trkpt>
      <trkpt lat="49.66819368302822113037109375" lon="-123.13792786560952663421630859375">
        <ele>594.5999755859375</ele>
        <time>2023-07-16T20:45:47.000Z</time>
        <extensions>
          <ns3:TrackPointExtension>
            <ns3:hr>155</ns3:hr>
          </ns3:TrackPointExtension>
        </extensions>
      </trkpt>
      <trkpt lat="49.668202735483646392822265625" lon="-123.1379358284175395965576171875">
        <ele>594.79998779296875</ele>
        <time>2023-07-16T20:45:49.000Z</time>
        <extensions>
          <ns3:TrackPointExtension>
            <ns3:hr>158</ns3:hr>
          </ns3:TrackPointExtension>
        </extensions>
      </trkpt>
      <trkpt lat="49.668205417692661285400390625" lon="-123.13793876208364963531494140625">
        <ele>594.79998779296875</ele>
        <time>2023-07-16T20:45:50.000Z</time>
        <extensions>
          <ns3:TrackPointExtension>
            <ns3:hr>160</ns3:hr>
          </ns3:TrackPointExtension>
        </extensions>
      </trkpt>
      <trkpt lat="49.66822008602321147918701171875" lon="-123.13795519061386585235595703125">
        <ele>595.20001220703125</ele>
        <time>2023-07-16T20:45:52.000Z</time>
        <extensions>
          <ns3:TrackPointExtension>
            <ns3:hr>160</ns3:hr>
          </ns3:TrackPointExtension>
        </extensions>
      </trkpt>
      <trkpt lat="49.6682542003691196441650390625" lon="-123.1379975192248821258544921875">
        <ele>595</ele>
        <time>2023-07-16T20:45:56.000Z</time>
        <extensions>
          <ns3:TrackPointExtension>
            <ns3:hr>158</ns3:hr>
          </ns3:TrackPointExtension>
        </extensions>
      </trkpt>
      <trkpt lat="49.668284542858600616455078125" lon="-123.13803900964558124542236328125">
        <ele>595.20001220703125</ele>
        <time>2023-07-16T20:45:59.000Z</time>
        <extensions>
          <ns3:TrackPointExtension>
            <ns3:hr>157</ns3:hr>
          </ns3:TrackPointExtension>
        </extensions>
      </trkpt>
      <trkpt lat="49.66830373741686344146728515625" lon="-123.1380541808903217315673828125">
        <ele>595.4000244140625</ele>
        <time>2023-07-16T20:46:01.000Z</time>
        <extensions>
          <ns3:TrackPointExtension>
            <ns3:hr>157</ns3:hr>
          </ns3:TrackPointExtension>
        </extensions>
      </trkpt>
      <trkpt lat="49.66831882484257221221923828125" lon="-123.1380768120288848876953125">
        <ele>595.4000244140625</ele>
        <time>2023-07-16T20:46:04.000Z</time>
        <extensions>
          <ns3:TrackPointExtension>
            <ns3:hr>156</ns3:hr>
          </ns3:TrackPointExtension>
        </extensions>
      </trkpt>
      <trkpt lat="49.66834866441786289215087890625" lon="-123.1381250917911529541015625">
        <ele>595.79998779296875</ele>
        <time>2023-07-16T20:46:06.000Z</time>
        <extensions>
          <ns3:TrackPointExtension>
            <ns3:hr>156</ns3:hr>
          </ns3:TrackPointExtension>
        </extensions>
      </trkpt>
      <trkpt lat="49.6683551184833049774169921875" lon="-123.13816130161285400390625">
        <ele>596</ele>
        <time>2023-07-16T20:46:08.000Z</time>
        <extensions>
          <ns3:TrackPointExtension>
            <ns3:hr>156</ns3:hr>
          </ns3:TrackPointExtension>
        </extensions>
      </trkpt>
      <trkpt lat="49.66836391948163509368896484375" lon="-123.13817496411502361297607421875">
        <ele>596</ele>
        <time>2023-07-16T20:46:09.000Z</time>
        <extensions>
          <ns3:TrackPointExtension>
            <ns3:hr>156</ns3:hr>
          </ns3:TrackPointExtension>
        </extensions>
      </trkpt>
      <trkpt lat="49.66837515123188495635986328125" lon="-123.138187117874622344970703125">
        <ele>596</ele>
        <time>2023-07-16T20:46:10.000Z</time>
        <extensions>
          <ns3:TrackPointExtension>
            <ns3:hr>156</ns3:hr>
          </ns3:TrackPointExtension>
        </extensions>
      </trkpt>
      <trkpt lat="49.6684007160365581512451171875" lon="-123.13818669877946376800537109375">
        <ele>596</ele>
        <time>2023-07-16T20:46:12.000Z</time>
        <extensions>
          <ns3:TrackPointExtension>
            <ns3:hr>156</ns3:hr>
          </ns3:TrackPointExtension>
        </extensions>
      </trkpt>
      <trkpt lat="49.66841957531869411468505859375" lon="-123.13819156028330326080322265625">
        <ele>596.20001220703125</ele>
        <time>2023-07-16T20:46:14.000Z</time>
        <extensions>
          <ns3:TrackPointExtension>
            <ns3:hr>156</ns3:hr>
          </ns3:TrackPointExtension>
        </extensions>
      </trkpt>
      <trkpt lat="49.668455533683300018310546875" lon="-123.13825316727161407470703125">
        <ele>596.4000244140625</ele>
        <time>2023-07-16T20:46:20.000Z</time>
        <extensions>
          <ns3:TrackPointExtension>
            <ns3:hr>156</ns3:hr>
          </ns3:TrackPointExtension>
        </extensions>
      </trkpt>
      <trkpt lat="49.66845796443521976470947265625" lon="-123.13828275538980960845947265625">
        <ele>596.4000244140625</ele>
        <time>2023-07-16T20:46:21.000Z</time>
        <extensions>
          <ns3:TrackPointExtension>
            <ns3:hr>156</ns3:hr>
          </ns3:TrackPointExtension>
        </extensions>
      </trkpt>
      <trkpt lat="49.6684671007096767425537109375" lon="-123.1383584439754486083984375">
        <ele>597</ele>
        <time>2023-07-16T20:46:27.000Z</time>
        <extensions>
          <ns3:TrackPointExtension>
            <ns3:hr>155</ns3:hr>
          </ns3:TrackPointExtension>
        </extensions>
      </trkpt>
      <trkpt lat="49.66846718452870845794677734375" lon="-123.13838250003755092620849609375">
        <ele>597.4000244140625</ele>
        <time>2023-07-16T20:46:30.000Z</time>
        <extensions>
          <ns3:TrackPointExtension>
            <ns3:hr>154</ns3:hr>
          </ns3:TrackPointExtension>
        </extensions>
      </trkpt>
      <trkpt lat="49.66846131719648838043212890625" lon="-123.138390965759754180908203125">
        <ele>597.5999755859375</ele>
        <time>2023-07-16T20:46:31.000Z</time>
        <extensions>
          <ns3:TrackPointExtension>
            <ns3:hr>153</ns3:hr>
          </ns3:TrackPointExtension>
        </extensions>
      </trkpt>
      <trkpt lat="49.668462909758090972900390625" lon="-123.13842809759080410003662109375">
        <ele>598.20001220703125</ele>
        <time>2023-07-16T20:46:34.000Z</time>
        <extensions>
          <ns3:TrackPointExtension>
            <ns3:hr>153</ns3:hr>
          </ns3:TrackPointExtension>
        </extensions>
      </trkpt>
      <trkpt lat="49.6684630773961544036865234375" lon="-123.13845844008028507232666015625">
        <ele>598.4000244140625</ele>
        <time>2023-07-16T20:46:36.000Z</time>
        <extensions>
          <ns3:TrackPointExtension>
            <ns3:hr>155</ns3:hr>
          </ns3:TrackPointExtension>
        </extensions>
      </trkpt>
      <trkpt lat="49.66847271658480167388916015625" lon="-123.13847176730632781982421875">
        <ele>598.5999755859375</ele>
        <time>2023-07-16T20:46:37.000Z</time>
        <extensions>
          <ns3:TrackPointExtension>
            <ns3:hr>154</ns3:hr>
          </ns3:TrackPointExtension>
        </extensions>
      </trkpt>
      <trkpt lat="49.6684795059263706207275390625" lon="-123.13851795159280300140380859375">
        <ele>599.20001220703125</ele>
        <time>2023-07-16T20:46:41.000Z</time>
        <extensions>
          <ns3:TrackPointExtension>
            <ns3:hr>155</ns3:hr>
          </ns3:TrackPointExtension>
        </extensions>
      </trkpt>
      <trkpt lat="49.668489396572113037109375" lon="-123.13853622414171695709228515625">
        <ele>599.4000244140625</ele>
        <time>2023-07-16T20:46:42.000Z</time>
        <extensions>
          <ns3:TrackPointExtension>
            <ns3:hr>154</ns3:hr>
          </ns3:TrackPointExtension>
        </extensions>
      </trkpt>
      <trkpt lat="49.66852384619414806365966796875" lon="-123.13860227353870868682861328125">
        <ele>600.20001220703125</ele>
        <time>2023-07-16T20:46:48.000Z</time>
        <extensions>
          <ns3:TrackPointExtension>
            <ns3:hr>157</ns3:hr>
          </ns3:TrackPointExtension>
        </extensions>
      </trkpt>
      <trkpt lat="49.668533317744731903076171875" lon="-123.13861819915473461151123046875">
        <ele>600.20001220703125</ele>
        <time>2023-07-16T20:46:49.000Z</time>
        <extensions>
          <ns3:TrackPointExtension>
            <ns3:hr>157</ns3:hr>
          </ns3:TrackPointExtension>
        </extensions>
      </trkpt>
      <trkpt lat="49.66856055893003940582275390625" lon="-123.138657175004482269287109375">
        <ele>600.5999755859375</ele>
        <time>2023-07-16T20:46:52.000Z</time>
        <extensions>
          <ns3:TrackPointExtension>
            <ns3:hr>157</ns3:hr>
          </ns3:TrackPointExtension>
        </extensions>
      </trkpt>
      <trkpt lat="49.6685658395290374755859375" lon="-123.13867452554404735565185546875">
        <ele>600.5999755859375</ele>
        <time>2023-07-16T20:46:53.000Z</time>
        <extensions>
          <ns3:TrackPointExtension>
            <ns3:hr>157</ns3:hr>
          </ns3:TrackPointExtension>
        </extensions>
      </trkpt>
      <trkpt lat="49.66855921782553195953369140625" lon="-123.13870109617710113525390625">
        <ele>601</ele>
        <time>2023-07-16T20:46:57.000Z</time>
        <extensions>
          <ns3:TrackPointExtension>
            <ns3:hr>159</ns3:hr>
          </ns3:TrackPointExtension>
        </extensions>
      </trkpt>
      <trkpt lat="49.668556787073612213134765625" lon="-123.1387046165764331817626953125">
        <ele>601.20001220703125</ele>
        <time>2023-07-16T20:46:58.000Z</time>
        <extensions>
          <ns3:TrackPointExtension>
            <ns3:hr>158</ns3:hr>
          </ns3:TrackPointExtension>
        </extensions>
      </trkpt>
      <trkpt lat="49.66857765801250934600830078125" lon="-123.13871291466057300567626953125">
        <ele>601.4000244140625</ele>
        <time>2023-07-16T20:47:00.000Z</time>
        <extensions>
          <ns3:TrackPointExtension>
            <ns3:hr>160</ns3:hr>
          </ns3:TrackPointExtension>
        </extensions>
      </trkpt>
      <trkpt lat="49.66861453838646411895751953125" lon="-123.138749711215496063232421875">
        <ele>601.5999755859375</ele>
        <time>2023-07-16T20:47:03.000Z</time>
        <extensions>
          <ns3:TrackPointExtension>
            <ns3:hr>160</ns3:hr>
          </ns3:TrackPointExtension>
        </extensions>
      </trkpt>
      <trkpt lat="49.6686206571757793426513671875" lon="-123.1387626193463802337646484375">
        <ele>601.79998779296875</ele>
        <time>2023-07-16T20:47:04.000Z</time>
        <extensions>
          <ns3:TrackPointExtension>
            <ns3:hr>160</ns3:hr>
          </ns3:TrackPointExtension>
        </extensions>
      </trkpt>
      <trkpt lat="49.66865560971200466156005859375" lon="-123.13882053829729557037353515625">
        <ele>601.79998779296875</ele>
        <time>2023-07-16T20:47:08.000Z</time>
        <extensions>
          <ns3:TrackPointExtension>
            <ns3:hr>160</ns3:hr>
          </ns3:TrackPointExtension>
        </extensions>
      </trkpt>
      <trkpt lat="49.6686813421547412872314453125" lon="-123.1388648785650730133056640625">
        <ele>601.79998779296875</ele>
        <time>2023-07-16T20:47:12.000Z</time>
        <extensions>
          <ns3:TrackPointExtension>
            <ns3:hr>160</ns3:hr>
          </ns3:TrackPointExtension>
        </extensions>
      </trkpt>
      <trkpt lat="49.66869651339948177337646484375" lon="-123.138893209397792816162109375">
        <ele>601.5999755859375</ele>
        <time>2023-07-16T20:47:16.000Z</time>
        <extensions>
          <ns3:TrackPointExtension>
            <ns3:hr>161</ns3:hr>
          </ns3:TrackPointExtension>
        </extensions>
      </trkpt>
      <trkpt lat="49.66870724223554134368896484375" lon="-123.1389163434505462646484375">
        <ele>601.5999755859375</ele>
        <time>2023-07-16T20:47:18.000Z</time>
        <extensions>
          <ns3:TrackPointExtension>
            <ns3:hr>160</ns3:hr>
          </ns3:TrackPointExtension>
        </extensions>
      </trkpt>
      <trkpt lat="49.66875719837844371795654296875" lon="-123.13893537037074565887451171875">
        <ele>601.4000244140625</ele>
        <time>2023-07-16T20:47:21.000Z</time>
        <extensions>
          <ns3:TrackPointExtension>
            <ns3:hr>157</ns3:hr>
          </ns3:TrackPointExtension>
        </extensions>
      </trkpt>
      <trkpt lat="49.66878703795373439788818359375" lon="-123.1389324367046356201171875">
        <ele>601.20001220703125</ele>
        <time>2023-07-16T20:47:25.000Z</time>
        <extensions>
          <ns3:TrackPointExtension>
            <ns3:hr>158</ns3:hr>
          </ns3:TrackPointExtension>
        </extensions>
      </trkpt>
      <trkpt lat="49.668787457048892974853515625" lon="-123.138948194682598114013671875">
        <ele>601</ele>
        <time>2023-07-16T20:47:29.000Z</time>
        <extensions>
          <ns3:TrackPointExtension>
            <ns3:hr>155</ns3:hr>
          </ns3:TrackPointExtension>
        </extensions>
      </trkpt>
      <trkpt lat="49.66884755529463291168212890625" lon="-123.13898398540914058685302734375">
        <ele>601</ele>
        <time>2023-07-16T20:47:32.000Z</time>
        <extensions>
          <ns3:TrackPointExtension>
            <ns3:hr>154</ns3:hr>
          </ns3:TrackPointExtension>
        </extensions>
      </trkpt>
      <trkpt lat="49.6688608825206756591796875" lon="-123.13899320550262928009033203125">
        <ele>601</ele>
        <time>2023-07-16T20:47:33.000Z</time>
        <extensions>
          <ns3:TrackPointExtension>
            <ns3:hr>154</ns3:hr>
          </ns3:TrackPointExtension>
        </extensions>
      </trkpt>
      <trkpt lat="49.6689089946448802947998046875" lon="-123.1390110589563846588134765625">
        <ele>601</ele>
        <time>2023-07-16T20:47:39.000Z</time>
        <extensions>
          <ns3:TrackPointExtension>
            <ns3:hr>151</ns3:hr>
          </ns3:TrackPointExtension>
        </extensions>
      </trkpt>
      <trkpt lat="49.668956436216831207275390625" lon="-123.13907668925821781158447265625">
        <ele>601.4000244140625</ele>
        <time>2023-07-16T20:47:46.000Z</time>
        <extensions>
          <ns3:TrackPointExtension>
            <ns3:hr>149</ns3:hr>
          </ns3:TrackPointExtension>
        </extensions>
      </trkpt>
      <trkpt lat="49.66899423860013484954833984375" lon="-123.13911273144185543060302734375">
        <ele>601.20001220703125</ele>
        <time>2023-07-16T20:47:49.000Z</time>
        <extensions>
          <ns3:TrackPointExtension>
            <ns3:hr>149</ns3:hr>
          </ns3:TrackPointExtension>
        </extensions>
      </trkpt>
      <trkpt lat="49.6690152771770954132080078125" lon="-123.13914877362549304962158203125">
        <ele>601.20001220703125</ele>
        <time>2023-07-16T20:47:51.000Z</time>
        <extensions>
          <ns3:TrackPointExtension>
            <ns3:hr>148</ns3:hr>
          </ns3:TrackPointExtension>
        </extensions>
      </trkpt>
      <trkpt lat="49.66901049949228763580322265625" lon="-123.1391604244709014892578125">
        <ele>601.20001220703125</ele>
        <time>2023-07-16T20:47:52.000Z</time>
        <extensions>
          <ns3:TrackPointExtension>
            <ns3:hr>147</ns3:hr>
          </ns3:TrackPointExtension>
        </extensions>
      </trkpt>
      <trkpt lat="49.669040255248546600341796875" lon="-123.13917408697307109832763671875">
        <ele>601</ele>
        <time>2023-07-16T20:47:56.000Z</time>
        <extensions>
          <ns3:TrackPointExtension>
            <ns3:hr>144</ns3:hr>
          </ns3:TrackPointExtension>
        </extensions>
      </trkpt>
      <trkpt lat="49.669052325189113616943359375" lon="-123.13916972838342189788818359375">
        <ele>601</ele>
        <time>2023-07-16T20:47:57.000Z</time>
        <extensions>
          <ns3:TrackPointExtension>
            <ns3:hr>145</ns3:hr>
          </ns3:TrackPointExtension>
        </extensions>
      </trkpt>
      <trkpt lat="49.6690695919096469879150390625" lon="-123.13922488130629062652587890625">
        <ele>601.20001220703125</ele>
        <time>2023-07-16T20:48:02.000Z</time>
        <extensions>
          <ns3:TrackPointExtension>
            <ns3:hr>147</ns3:hr>
          </ns3:TrackPointExtension>
        </extensions>
      </trkpt>
      <trkpt lat="49.66908191330730915069580078125" lon="-123.13923879526555538177490234375">
        <ele>601.20001220703125</ele>
        <time>2023-07-16T20:48:03.000Z</time>
        <extensions>
          <ns3:TrackPointExtension>
            <ns3:hr>143</ns3:hr>
          </ns3:TrackPointExtension>
        </extensions>
      </trkpt>
      <trkpt lat="49.66908954083919525146484375" lon="-123.13925254158675670623779296875">
        <ele>601.20001220703125</ele>
        <time>2023-07-16T20:48:04.000Z</time>
        <extensions>
          <ns3:TrackPointExtension>
            <ns3:hr>143</ns3:hr>
          </ns3:TrackPointExtension>
        </extensions>
      </trkpt>
      <trkpt lat="49.6691279299557209014892578125" lon="-123.13928741030395030975341796875">
        <ele>600.5999755859375</ele>
        <time>2023-07-16T20:48:09.000Z</time>
        <extensions>
          <ns3:TrackPointExtension>
            <ns3:hr>141</ns3:hr>
          </ns3:TrackPointExtension>
        </extensions>
      </trkpt>
      <trkpt lat="49.66914947144687175750732421875" lon="-123.1393000669777393341064453125">
        <ele>600.5999755859375</ele>
        <time>2023-07-16T20:48:10.000Z</time>
        <extensions>
          <ns3:TrackPointExtension>
            <ns3:hr>141</ns3:hr>
          </ns3:TrackPointExtension>
        </extensions>
      </trkpt>
      <trkpt lat="49.66922339983284473419189453125" lon="-123.139343149960041046142578125">
        <ele>600.79998779296875</ele>
        <time>2023-07-16T20:48:16.000Z</time>
        <extensions>
          <ns3:TrackPointExtension>
            <ns3:hr>142</ns3:hr>
          </ns3:TrackPointExtension>
        </extensions>
      </trkpt>
      <trkpt lat="49.66931442730128765106201171875" lon="-123.13944582827389240264892578125">
        <ele>600.4000244140625</ele>
        <time>2023-07-16T20:48:22.000Z</time>
        <extensions>
          <ns3:TrackPointExtension>
            <ns3:hr>144</ns3:hr>
          </ns3:TrackPointExtension>
        </extensions>
      </trkpt>
      <trkpt lat="49.66932901181280612945556640625" lon="-123.13945219852030277252197265625">
        <ele>600</ele>
        <time>2023-07-16T20:48:23.000Z</time>
        <extensions>
          <ns3:TrackPointExtension>
            <ns3:hr>144</ns3:hr>
          </ns3:TrackPointExtension>
        </extensions>
      </trkpt>
      <trkpt lat="49.66934242285788059234619140625" lon="-123.1394527852535247802734375">
        <ele>599.5999755859375</ele>
        <time>2023-07-16T20:48:24.000Z</time>
        <extensions>
          <ns3:TrackPointExtension>
            <ns3:hr>145</ns3:hr>
          </ns3:TrackPointExtension>
        </extensions>
      </trkpt>
      <trkpt lat="49.66938190162181854248046875" lon="-123.13950852490961551666259765625">
        <ele>598.79998779296875</ele>
        <time>2023-07-16T20:48:32.000Z</time>
        <extensions>
          <ns3:TrackPointExtension>
            <ns3:hr>144</ns3:hr>
          </ns3:TrackPointExtension>
        </extensions>
      </trkpt>
      <trkpt lat="49.6694280020892620086669921875" lon="-123.139576502144336700439453125">
        <ele>598.79998779296875</ele>
        <time>2023-07-16T20:48:38.000Z</time>
        <extensions>
          <ns3:TrackPointExtension>
            <ns3:hr>144</ns3:hr>
          </ns3:TrackPointExtension>
        </extensions>
      </trkpt>
      <trkpt lat="49.6694404073059558868408203125" lon="-123.1395897455513477325439453125">
        <ele>599.20001220703125</ele>
        <time>2023-07-16T20:48:44.000Z</time>
        <extensions>
          <ns3:TrackPointExtension>
            <ns3:hr>144</ns3:hr>
          </ns3:TrackPointExtension>
        </extensions>
      </trkpt>
      <trkpt lat="49.6694316901266574859619140625" lon="-123.13960290513932704925537109375">
        <ele>599</ele>
        <time>2023-07-16T20:48:49.000Z</time>
        <extensions>
          <ns3:TrackPointExtension>
            <ns3:hr>144</ns3:hr>
          </ns3:TrackPointExtension>
        </extensions>
      </trkpt>
      <trkpt lat="49.66943529434502124786376953125" lon="-123.1395642645657062530517578125">
        <ele>599</ele>
        <time>2023-07-16T20:48:55.000Z</time>
        <extensions>
          <ns3:TrackPointExtension>
            <ns3:hr>144</ns3:hr>
          </ns3:TrackPointExtension>
        </extensions>
      </trkpt>
      <trkpt lat="49.66944803483784198760986328125" lon="-123.13957541249692440032958984375">
        <ele>599.20001220703125</ele>
        <time>2023-07-16T20:48:58.000Z</time>
        <extensions>
          <ns3:TrackPointExtension>
            <ns3:hr>141</ns3:hr>
          </ns3:TrackPointExtension>
        </extensions>
      </trkpt>
      <trkpt lat="49.6694494597613811492919921875" lon="-123.139572478830814361572265625">
        <ele>599.20001220703125</ele>
        <time>2023-07-16T20:48:59.000Z</time>
        <extensions>
          <ns3:TrackPointExtension>
            <ns3:hr>144</ns3:hr>
          </ns3:TrackPointExtension>
        </extensions>
      </trkpt>
      <trkpt lat="49.66944853775203227996826171875" lon="-123.139569796621799468994140625">
        <ele>599.20001220703125</ele>
        <time>2023-07-16T20:49:01.000Z</time>
        <extensions>
          <ns3:TrackPointExtension>
            <ns3:hr>142</ns3:hr>
          </ns3:TrackPointExtension>
        </extensions>
      </trkpt>
      <trkpt lat="49.6694541536271572113037109375" lon="-123.13957474194467067718505859375">
        <ele>599.20001220703125</ele>
        <time>2023-07-16T20:49:07.000Z</time>
        <extensions>
          <ns3:TrackPointExtension>
            <ns3:hr>142</ns3:hr>
          </ns3:TrackPointExtension>
        </extensions>
      </trkpt>
      <trkpt lat="49.6694541536271572113037109375" lon="-123.13957474194467067718505859375">
        <ele>598.5999755859375</ele>
        <time>2023-07-16T20:49:11.000Z</time>
        <extensions>
          <ns3:TrackPointExtension>
            <ns3:hr>139</ns3:hr>
          </ns3:TrackPointExtension>
        </extensions>
      </trkpt>
      <trkpt lat="49.66946815140545368194580078125" lon="-123.139591924846172332763671875">
        <ele>598.4000244140625</ele>
        <time>2023-07-16T20:49:14.000Z</time>
        <extensions>
          <ns3:TrackPointExtension>
            <ns3:hr>142</ns3:hr>
          </ns3:TrackPointExtension>
        </extensions>
      </trkpt>
      <trkpt lat="49.66947133652865886688232421875" lon="-123.13959963619709014892578125">
        <ele>598.20001220703125</ele>
        <time>2023-07-16T20:49:15.000Z</time>
        <extensions>
          <ns3:TrackPointExtension>
            <ns3:hr>142</ns3:hr>
          </ns3:TrackPointExtension>
        </extensions>
      </trkpt>
      <trkpt lat="49.66949664987623691558837890625" lon="-123.139633834362030029296875">
        <ele>598.4000244140625</ele>
        <time>2023-07-16T20:49:20.000Z</time>
        <extensions>
          <ns3:TrackPointExtension>
            <ns3:hr>141</ns3:hr>
          </ns3:TrackPointExtension>
        </extensions>
      </trkpt>
      <trkpt lat="49.669547192752361297607421875" lon="-123.1396779231727123260498046875">
        <ele>598.5999755859375</ele>
        <time>2023-07-16T20:49:26.000Z</time>
        <extensions>
          <ns3:TrackPointExtension>
            <ns3:hr>142</ns3:hr>
          </ns3:TrackPointExtension>
        </extensions>
      </trkpt>
      <trkpt lat="49.66961768455803394317626953125" lon="-123.1397825293242931365966796875">
        <ele>598.20001220703125</ele>
        <time>2023-07-16T20:49:34.000Z</time>
        <extensions>
          <ns3:TrackPointExtension>
            <ns3:hr>143</ns3:hr>
          </ns3:TrackPointExtension>
        </extensions>
      </trkpt>
      <trkpt lat="49.669649787247180938720703125" lon="-123.139802478253841400146484375">
        <ele>597.79998779296875</ele>
        <time>2023-07-16T20:49:38.000Z</time>
        <extensions>
          <ns3:TrackPointExtension>
            <ns3:hr>142</ns3:hr>
          </ns3:TrackPointExtension>
        </extensions>
      </trkpt>
      <trkpt lat="49.66966487467288970947265625" lon="-123.13982837833464145660400390625">
        <ele>597.5999755859375</ele>
        <time>2023-07-16T20:49:40.000Z</time>
        <extensions>
          <ns3:TrackPointExtension>
            <ns3:hr>140</ns3:hr>
          </ns3:TrackPointExtension>
        </extensions>
      </trkpt>
      <trkpt lat="49.6696797944605350494384765625" lon="-123.13988604582846164703369140625">
        <ele>597.4000244140625</ele>
        <time>2023-07-16T20:49:44.000Z</time>
        <extensions>
          <ns3:TrackPointExtension>
            <ns3:hr>135</ns3:hr>
          </ns3:TrackPointExtension>
        </extensions>
      </trkpt>
      <trkpt lat="49.66967602260410785675048828125" lon="-123.1399015523493289947509765625">
        <ele>597.5999755859375</ele>
        <time>2023-07-16T20:49:45.000Z</time>
        <extensions>
          <ns3:TrackPointExtension>
            <ns3:hr>133</ns3:hr>
          </ns3:TrackPointExtension>
        </extensions>
      </trkpt>
      <trkpt lat="49.66968021355569362640380859375" lon="-123.13994430005550384521484375">
        <ele>597.4000244140625</ele>
        <time>2023-07-16T20:49:47.000Z</time>
        <extensions>
          <ns3:TrackPointExtension>
            <ns3:hr>133</ns3:hr>
          </ns3:TrackPointExtension>
        </extensions>
      </trkpt>
      <trkpt lat="49.66973167844116687774658203125" lon="-123.14001998864114284515380859375">
        <ele>597.20001220703125</ele>
        <time>2023-07-16T20:49:54.000Z</time>
        <extensions>
          <ns3:TrackPointExtension>
            <ns3:hr>130</ns3:hr>
          </ns3:TrackPointExtension>
        </extensions>
      </trkpt>
      <trkpt lat="49.66977945528924465179443359375" lon="-123.1400879658758640289306640625">
        <ele>598.4000244140625</ele>
        <time>2023-07-16T20:50:02.000Z</time>
        <extensions>
          <ns3:TrackPointExtension>
            <ns3:hr>130</ns3:hr>
          </ns3:TrackPointExtension>
        </extensions>
      </trkpt>
      <trkpt lat="49.6697916090488433837890625" lon="-123.14004865474998950958251953125">
        <ele>598.79998779296875</ele>
        <time>2023-07-16T20:50:05.000Z</time>
        <extensions>
          <ns3:TrackPointExtension>
            <ns3:hr>131</ns3:hr>
          </ns3:TrackPointExtension>
        </extensions>
      </trkpt>
      <trkpt lat="49.66982446610927581787109375" lon="-123.1401218287646770477294921875">
        <ele>599</ele>
        <time>2023-07-16T20:50:09.000Z</time>
        <extensions>
          <ns3:TrackPointExtension>
            <ns3:hr>132</ns3:hr>
          </ns3:TrackPointExtension>
        </extensions>
      </trkpt>
      <trkpt lat="49.6699262224137783050537109375" lon="-123.14024864695966243743896484375">
        <ele>599.5999755859375</ele>
        <time>2023-07-16T20:50:17.000Z</time>
        <extensions>
          <ns3:TrackPointExtension>
            <ns3:hr>134</ns3:hr>
          </ns3:TrackPointExtension>
        </extensions>
      </trkpt>
      <trkpt lat="49.6699158288538455963134765625" lon="-123.1402686797082424163818359375">
        <ele>599.5999755859375</ele>
        <time>2023-07-16T20:50:19.000Z</time>
        <extensions>
          <ns3:TrackPointExtension>
            <ns3:hr>135</ns3:hr>
          </ns3:TrackPointExtension>
        </extensions>
      </trkpt>
      <trkpt lat="49.66991708613932132720947265625" lon="-123.14031603746116161346435546875">
        <ele>599.4000244140625</ele>
        <time>2023-07-16T20:50:22.000Z</time>
        <extensions>
          <ns3:TrackPointExtension>
            <ns3:hr>138</ns3:hr>
          </ns3:TrackPointExtension>
        </extensions>
      </trkpt>
      <trkpt lat="49.66993804089725017547607421875" lon="-123.140333555638790130615234375">
        <ele>599.4000244140625</ele>
        <time>2023-07-16T20:50:23.000Z</time>
        <extensions>
          <ns3:TrackPointExtension>
            <ns3:hr>138</ns3:hr>
          </ns3:TrackPointExtension>
        </extensions>
      </trkpt>
      <trkpt lat="49.6700278110802173614501953125" lon="-123.140408657491207122802734375">
        <ele>599.20001220703125</ele>
        <time>2023-07-16T20:50:31.000Z</time>
        <extensions>
          <ns3:TrackPointExtension>
            <ns3:hr>139</ns3:hr>
          </ns3:TrackPointExtension>
        </extensions>
      </trkpt>
      <trkpt lat="49.6700750850141048431396484375" lon="-123.14045316539704799652099609375">
        <ele>599.20001220703125</ele>
        <time>2023-07-16T20:50:37.000Z</time>
        <extensions>
          <ns3:TrackPointExtension>
            <ns3:hr>139</ns3:hr>
          </ns3:TrackPointExtension>
        </extensions>
      </trkpt>
      <trkpt lat="49.6700888313353061676025390625" lon="-123.1404607929289340972900390625">
        <ele>598.79998779296875</ele>
        <time>2023-07-16T20:50:39.000Z</time>
        <extensions>
          <ns3:TrackPointExtension>
            <ns3:hr>140</ns3:hr>
          </ns3:TrackPointExtension>
        </extensions>
      </trkpt>
      <trkpt lat="49.6701330877840518951416015625" lon="-123.14047244377434253692626953125">
        <ele>598.79998779296875</ele>
        <time>2023-07-16T20:50:45.000Z</time>
        <extensions>
          <ns3:TrackPointExtension>
            <ns3:hr>139</ns3:hr>
          </ns3:TrackPointExtension>
        </extensions>
      </trkpt>
      <trkpt lat="49.67015496455132961273193359375" lon="-123.14048702828586101531982421875">
        <ele>598.79998779296875</ele>
        <time>2023-07-16T20:50:47.000Z</time>
        <extensions>
          <ns3:TrackPointExtension>
            <ns3:hr>138</ns3:hr>
          </ns3:TrackPointExtension>
        </extensions>
      </trkpt>
      <trkpt lat="49.67022185213863849639892578125" lon="-123.14050060696899890899658203125">
        <ele>599.5999755859375</ele>
        <time>2023-07-16T20:50:53.000Z</time>
        <extensions>
          <ns3:TrackPointExtension>
            <ns3:hr>136</ns3:hr>
          </ns3:TrackPointExtension>
        </extensions>
      </trkpt>
      <trkpt lat="49.67022478580474853515625" lon="-123.14050211571156978607177734375">
        <ele>600</ele>
        <time>2023-07-16T20:50:54.000Z</time>
        <extensions>
          <ns3:TrackPointExtension>
            <ns3:hr>136</ns3:hr>
          </ns3:TrackPointExtension>
        </extensions>
      </trkpt>
      <trkpt lat="49.67023107223212718963623046875" lon="-123.1405068933963775634765625">
        <ele>600.4000244140625</ele>
        <time>2023-07-16T20:50:55.000Z</time>
        <extensions>
          <ns3:TrackPointExtension>
            <ns3:hr>135</ns3:hr>
          </ns3:TrackPointExtension>
        </extensions>
      </trkpt>
      <trkpt lat="49.67026895843446254730224609375" lon="-123.140508234500885009765625">
        <ele>600.79998779296875</ele>
        <time>2023-07-16T20:51:00.000Z</time>
        <extensions>
          <ns3:TrackPointExtension>
            <ns3:hr>138</ns3:hr>
          </ns3:TrackPointExtension>
        </extensions>
      </trkpt>
      <trkpt lat="49.67028371058404445648193359375" lon="-123.14051032997667789459228515625">
        <ele>601</ele>
        <time>2023-07-16T20:51:02.000Z</time>
        <extensions>
          <ns3:TrackPointExtension>
            <ns3:hr>139</ns3:hr>
          </ns3:TrackPointExtension>
        </extensions>
      </trkpt>
      <trkpt lat="49.67028790153563022613525390625" lon="-123.1405161134898662567138671875">
        <ele>601.20001220703125</ele>
        <time>2023-07-16T20:51:03.000Z</time>
        <extensions>
          <ns3:TrackPointExtension>
            <ns3:hr>140</ns3:hr>
          </ns3:TrackPointExtension>
        </extensions>
      </trkpt>
      <trkpt lat="49.67031941749155521392822265625" lon="-123.14054871909320354461669921875">
        <ele>601.4000244140625</ele>
        <time>2023-07-16T20:51:07.000Z</time>
        <extensions>
          <ns3:TrackPointExtension>
            <ns3:hr>142</ns3:hr>
          </ns3:TrackPointExtension>
        </extensions>
      </trkpt>
      <trkpt lat="49.67033450491726398468017578125" lon="-123.14055475406348705291748046875">
        <ele>601.79998779296875</ele>
        <time>2023-07-16T20:51:11.000Z</time>
        <extensions>
          <ns3:TrackPointExtension>
            <ns3:hr>143</ns3:hr>
          </ns3:TrackPointExtension>
        </extensions>
      </trkpt>
      <trkpt lat="49.67033282853662967681884765625" lon="-123.14054905436933040618896484375">
        <ele>601.79998779296875</ele>
        <time>2023-07-16T20:51:12.000Z</time>
        <extensions>
          <ns3:TrackPointExtension>
            <ns3:hr>145</ns3:hr>
          </ns3:TrackPointExtension>
        </extensions>
      </trkpt>
      <trkpt lat="49.67032629065215587615966796875" lon="-123.14053446985781192779541015625">
        <ele>602</ele>
        <time>2023-07-16T20:51:14.000Z</time>
        <extensions>
          <ns3:TrackPointExtension>
            <ns3:hr>147</ns3:hr>
          </ns3:TrackPointExtension>
        </extensions>
      </trkpt>
      <trkpt lat="49.67032930813729763031005859375" lon="-123.14051016233861446380615234375">
        <ele>602.79998779296875</ele>
        <time>2023-07-16T20:51:17.000Z</time>
        <extensions>
          <ns3:TrackPointExtension>
            <ns3:hr>149</ns3:hr>
          </ns3:TrackPointExtension>
        </extensions>
      </trkpt>
      <trkpt lat="49.67034674249589443206787109375" lon="-123.14050178043544292449951171875">
        <ele>603.20001220703125</ele>
        <time>2023-07-16T20:51:19.000Z</time>
        <extensions>
          <ns3:TrackPointExtension>
            <ns3:hr>150</ns3:hr>
          </ns3:TrackPointExtension>
        </extensions>
      </trkpt>
      <trkpt lat="49.6703349240124225616455078125" lon="-123.14049272798001766204833984375">
        <ele>603.4000244140625</ele>
        <time>2023-07-16T20:51:21.000Z</time>
        <extensions>
          <ns3:TrackPointExtension>
            <ns3:hr>151</ns3:hr>
          </ns3:TrackPointExtension>
        </extensions>
      </trkpt>
      <trkpt lat="49.67033484019339084625244140625" lon="-123.1404832564294338226318359375">
        <ele>604</ele>
        <time>2023-07-16T20:51:24.000Z</time>
        <extensions>
          <ns3:TrackPointExtension>
            <ns3:hr>151</ns3:hr>
          </ns3:TrackPointExtension>
        </extensions>
      </trkpt>
      <trkpt lat="49.6703426353633403778076171875" lon="-123.1404799036681652069091796875">
        <ele>604.20001220703125</ele>
        <time>2023-07-16T20:51:26.000Z</time>
        <extensions>
          <ns3:TrackPointExtension>
            <ns3:hr>152</ns3:hr>
          </ns3:TrackPointExtension>
        </extensions>
      </trkpt>
      <trkpt lat="49.67033986933529376983642578125" lon="-123.14047747291624546051025390625">
        <ele>604.20001220703125</ele>
        <time>2023-07-16T20:51:29.000Z</time>
        <extensions>
          <ns3:TrackPointExtension>
            <ns3:hr>152</ns3:hr>
          </ns3:TrackPointExtension>
        </extensions>
      </trkpt>
      <trkpt lat="49.6703419648110866546630859375" lon="-123.14047805964946746826171875">
        <ele>604.20001220703125</ele>
        <time>2023-07-16T20:51:30.000Z</time>
        <extensions>
          <ns3:TrackPointExtension>
            <ns3:hr>152</ns3:hr>
          </ns3:TrackPointExtension>
        </extensions>
      </trkpt>
      <trkpt lat="49.6703486703336238861083984375" lon="-123.1404587812721729278564453125">
        <ele>604.20001220703125</ele>
        <time>2023-07-16T20:51:33.000Z</time>
        <extensions>
          <ns3:TrackPointExtension>
            <ns3:hr>152</ns3:hr>
          </ns3:TrackPointExtension>
        </extensions>
      </trkpt>
      <trkpt lat="49.67034003697335720062255859375" lon="-123.14042097888886928558349609375">
        <ele>604</ele>
        <time>2023-07-16T20:51:36.000Z</time>
        <extensions>
          <ns3:TrackPointExtension>
            <ns3:hr>152</ns3:hr>
          </ns3:TrackPointExtension>
        </extensions>
      </trkpt>
      <trkpt lat="49.67034037224948406219482421875" lon="-123.1403937377035617828369140625">
        <ele>604.20001220703125</ele>
        <time>2023-07-16T20:51:40.000Z</time>
        <extensions>
          <ns3:TrackPointExtension>
            <ns3:hr>152</ns3:hr>
          </ns3:TrackPointExtension>
        </extensions>
      </trkpt>
      <trkpt lat="49.670343808829784393310546875" lon="-123.14039197750389575958251953125">
        <ele>604.4000244140625</ele>
        <time>2023-07-16T20:51:41.000Z</time>
        <extensions>
          <ns3:TrackPointExtension>
            <ns3:hr>151</ns3:hr>
          </ns3:TrackPointExtension>
        </extensions>
      </trkpt>
      <trkpt lat="49.670345820486545562744140625" lon="-123.14039080403745174407958984375">
        <ele>604.4000244140625</ele>
        <time>2023-07-16T20:51:42.000Z</time>
        <extensions>
          <ns3:TrackPointExtension>
            <ns3:hr>151</ns3:hr>
          </ns3:TrackPointExtension>
        </extensions>
      </trkpt>
      <trkpt lat="49.67035361565649509429931640625" lon="-123.14039046876132488250732421875">
        <ele>604.79998779296875</ele>
        <time>2023-07-16T20:51:44.000Z</time>
        <extensions>
          <ns3:TrackPointExtension>
            <ns3:hr>150</ns3:hr>
          </ns3:TrackPointExtension>
        </extensions>
      </trkpt>
      <trkpt lat="49.6703882329165935516357421875" lon="-123.14040086232125759124755859375">
        <ele>604.79998779296875</ele>
        <time>2023-07-16T20:51:47.000Z</time>
        <extensions>
          <ns3:TrackPointExtension>
            <ns3:hr>147</ns3:hr>
          </ns3:TrackPointExtension>
        </extensions>
      </trkpt>
      <trkpt lat="49.6704174019396305084228515625" lon="-123.14041896723210811614990234375">
        <ele>605</ele>
        <time>2023-07-16T20:51:48.000Z</time>
        <extensions>
          <ns3:TrackPointExtension>
            <ns3:hr>146</ns3:hr>
          </ns3:TrackPointExtension>
        </extensions>
      </trkpt>
      <trkpt lat="49.67043257318437099456787109375" lon="-123.14039885066449642181396484375">
        <ele>605</ele>
        <time>2023-07-16T20:51:53.000Z</time>
        <extensions>
          <ns3:TrackPointExtension>
            <ns3:hr>145</ns3:hr>
          </ns3:TrackPointExtension>
        </extensions>
      </trkpt>
      <trkpt lat="49.6704438887536525726318359375" lon="-123.1404041312634944915771484375">
        <ele>605</ele>
        <time>2023-07-16T20:51:58.000Z</time>
        <extensions>
          <ns3:TrackPointExtension>
            <ns3:hr>145</ns3:hr>
          </ns3:TrackPointExtension>
        </extensions>
      </trkpt>
      <trkpt lat="49.67045612633228302001953125" lon="-123.14039818011224269866943359375">
        <ele>605.20001220703125</ele>
        <time>2023-07-16T20:52:01.000Z</time>
        <extensions>
          <ns3:TrackPointExtension>
            <ns3:hr>142</ns3:hr>
          </ns3:TrackPointExtension>
        </extensions>
      </trkpt>
      <trkpt lat="49.67046811245381832122802734375" lon="-123.140400946140289306640625">
        <ele>605.20001220703125</ele>
        <time>2023-07-16T20:52:02.000Z</time>
        <extensions>
          <ns3:TrackPointExtension>
            <ns3:hr>142</ns3:hr>
          </ns3:TrackPointExtension>
        </extensions>
      </trkpt>
      <trkpt lat="49.6704737283289432525634765625" lon="-123.14039625227451324462890625">
        <ele>605.4000244140625</ele>
        <time>2023-07-16T20:52:03.000Z</time>
        <extensions>
          <ns3:TrackPointExtension>
            <ns3:hr>142</ns3:hr>
          </ns3:TrackPointExtension>
        </extensions>
      </trkpt>
      <trkpt lat="49.67047917656600475311279296875" lon="-123.14038678072392940521240234375">
        <ele>606.5999755859375</ele>
        <time>2023-07-16T20:52:08.000Z</time>
        <extensions>
          <ns3:TrackPointExtension>
            <ns3:hr>141</ns3:hr>
          </ns3:TrackPointExtension>
        </extensions>
      </trkpt>
      <trkpt lat="49.6704844571650028228759765625" lon="-123.1404004432260990142822265625">
        <ele>607.5999755859375</ele>
        <time>2023-07-16T20:52:13.000Z</time>
        <extensions>
          <ns3:TrackPointExtension>
            <ns3:hr>141</ns3:hr>
          </ns3:TrackPointExtension>
        </extensions>
      </trkpt>
      <trkpt lat="49.67049728147685527801513671875" lon="-123.14042550511658191680908203125">
        <ele>608.20001220703125</ele>
        <time>2023-07-16T20:52:15.000Z</time>
        <extensions>
          <ns3:TrackPointExtension>
            <ns3:hr>144</ns3:hr>
          </ns3:TrackPointExtension>
        </extensions>
      </trkpt>
      <trkpt lat="49.67051790095865726470947265625" lon="-123.14043958671391010284423828125">
        <ele>608.5999755859375</ele>
        <time>2023-07-16T20:52:20.000Z</time>
        <extensions>
          <ns3:TrackPointExtension>
            <ns3:hr>147</ns3:hr>
          </ns3:TrackPointExtension>
        </extensions>
      </trkpt>
      <trkpt lat="49.67051890678703784942626953125" lon="-123.1404450349509716033935546875">
        <ele>608.79998779296875</ele>
        <time>2023-07-16T20:52:22.000Z</time>
        <extensions>
          <ns3:TrackPointExtension>
            <ns3:hr>149</ns3:hr>
          </ns3:TrackPointExtension>
        </extensions>
      </trkpt>
      <trkpt lat="49.6705136261880397796630859375" lon="-123.1404487229883670806884765625">
        <ele>609.20001220703125</ele>
        <time>2023-07-16T20:52:26.000Z</time>
        <extensions>
          <ns3:TrackPointExtension>
            <ns3:hr>152</ns3:hr>
          </ns3:TrackPointExtension>
        </extensions>
      </trkpt>
      <trkpt lat="49.6705099381506443023681640625" lon="-123.140445537865161895751953125">
        <ele>609.4000244140625</ele>
        <time>2023-07-16T20:52:28.000Z</time>
        <extensions>
          <ns3:TrackPointExtension>
            <ns3:hr>154</ns3:hr>
          </ns3:TrackPointExtension>
        </extensions>
      </trkpt>
      <trkpt lat="49.6705042384564876556396484375" lon="-123.140454255044460296630859375">
        <ele>610</ele>
        <time>2023-07-16T20:52:30.000Z</time>
        <extensions>
          <ns3:TrackPointExtension>
            <ns3:hr>155</ns3:hr>
          </ns3:TrackPointExtension>
        </extensions>
      </trkpt>
      <trkpt lat="49.670522511005401611328125" lon="-123.14046674408018589019775390625">
        <ele>610</ele>
        <time>2023-07-16T20:52:31.000Z</time>
        <extensions>
          <ns3:TrackPointExtension>
            <ns3:hr>156</ns3:hr>
          </ns3:TrackPointExtension>
        </extensions>
      </trkpt>
      <trkpt lat="49.6705880574882030487060546875" lon="-123.1404626369476318359375">
        <ele>610.20001220703125</ele>
        <time>2023-07-16T20:52:35.000Z</time>
        <extensions>
          <ns3:TrackPointExtension>
            <ns3:hr>156</ns3:hr>
          </ns3:TrackPointExtension>
        </extensions>
      </trkpt>
      <trkpt lat="49.670589230954647064208984375" lon="-123.1404805742204189300537109375">
        <ele>610.79998779296875</ele>
        <time>2023-07-16T20:52:39.000Z</time>
        <extensions>
          <ns3:TrackPointExtension>
            <ns3:hr>155</ns3:hr>
          </ns3:TrackPointExtension>
        </extensions>
      </trkpt>
      <trkpt lat="49.67058663256466388702392578125" lon="-123.14048384316265583038330078125">
        <ele>611</ele>
        <time>2023-07-16T20:52:40.000Z</time>
        <extensions>
          <ns3:TrackPointExtension>
            <ns3:hr>155</ns3:hr>
          </ns3:TrackPointExtension>
        </extensions>
      </trkpt>
      <trkpt lat="49.67058193869888782501220703125" lon="-123.1404799036681652069091796875">
        <ele>611.20001220703125</ele>
        <time>2023-07-16T20:52:43.000Z</time>
        <extensions>
          <ns3:TrackPointExtension>
            <ns3:hr>155</ns3:hr>
          </ns3:TrackPointExtension>
        </extensions>
      </trkpt>
      <trkpt lat="49.6705625765025615692138671875" lon="-123.140525333583354949951171875">
        <ele>611.4000244140625</ele>
        <time>2023-07-16T20:52:48.000Z</time>
        <extensions>
          <ns3:TrackPointExtension>
            <ns3:hr>154</ns3:hr>
          </ns3:TrackPointExtension>
        </extensions>
      </trkpt>
      <trkpt lat="49.67056333087384700775146484375" lon="-123.14055140130221843719482421875">
        <ele>612</ele>
        <time>2023-07-16T20:52:53.000Z</time>
        <extensions>
          <ns3:TrackPointExtension>
            <ns3:hr>153</ns3:hr>
          </ns3:TrackPointExtension>
        </extensions>
      </trkpt>
      <trkpt lat="49.67056919820606708526611328125" lon="-123.140557520091533660888671875">
        <ele>611.79998779296875</ele>
        <time>2023-07-16T20:52:58.000Z</time>
        <extensions>
          <ns3:TrackPointExtension>
            <ns3:hr>153</ns3:hr>
          </ns3:TrackPointExtension>
        </extensions>
      </trkpt>
      <trkpt lat="49.6705722995102405548095703125" lon="-123.14055525697767734527587890625">
        <ele>612</ele>
        <time>2023-07-16T20:53:06.000Z</time>
        <extensions>
          <ns3:TrackPointExtension>
            <ns3:hr>151</ns3:hr>
          </ns3:TrackPointExtension>
        </extensions>
      </trkpt>
      <trkpt lat="49.67054539360105991363525390625" lon="-123.1405258364975452423095703125">
        <ele>611.4000244140625</ele>
        <time>2023-07-16T20:53:46.000Z</time>
        <extensions>
          <ns3:TrackPointExtension>
            <ns3:hr>148</ns3:hr>
          </ns3:TrackPointExtension>
        </extensions>
      </trkpt>
      <trkpt lat="49.67054489068686962127685546875" lon="-123.14050094224512577056884765625">
        <ele>611.4000244140625</ele>
        <time>2023-07-16T20:53:59.000Z</time>
        <extensions>
          <ns3:TrackPointExtension>
            <ns3:hr>151</ns3:hr>
          </ns3:TrackPointExtension>
        </extensions>
      </trkpt>
      <trkpt lat="49.67055645771324634552001953125" lon="-123.1404990144073963165283203125">
        <ele>611.4000244140625</ele>
        <time>2023-07-16T20:54:22.000Z</time>
        <extensions>
          <ns3:TrackPointExtension>
            <ns3:hr>148</ns3:hr>
          </ns3:TrackPointExtension>
        </extensions>
      </trkpt>
      <trkpt lat="49.6705699525773525238037109375" lon="-123.14050798304378986358642578125">
        <ele>611.4000244140625</ele>
        <time>2023-07-16T20:54:28.000Z</time>
        <extensions>
          <ns3:TrackPointExtension>
            <ns3:hr>145</ns3:hr>
          </ns3:TrackPointExtension>
        </extensions>
      </trkpt>
      <trkpt lat="49.6705935895442962646484375" lon="-123.140504546463489532470703125">
        <ele>611.4000244140625</ele>
        <time>2023-07-16T20:54:38.000Z</time>
        <extensions>
          <ns3:TrackPointExtension>
            <ns3:hr>144</ns3:hr>
          </ns3:TrackPointExtension>
        </extensions>
      </trkpt>
      <trkpt lat="49.67064321041107177734375" lon="-123.140483759343624114990234375">
        <ele>611.4000244140625</ele>
        <time>2023-07-16T20:54:44.000Z</time>
        <extensions>
          <ns3:TrackPointExtension>
            <ns3:hr>148</ns3:hr>
          </ns3:TrackPointExtension>
        </extensions>
      </trkpt>
      <trkpt lat="49.67065821401774883270263671875" lon="-123.14048334024846553802490234375">
        <ele>611.4000244140625</ele>
        <time>2023-07-16T20:54:46.000Z</time>
        <extensions>
          <ns3:TrackPointExtension>
            <ns3:hr>151</ns3:hr>
          </ns3:TrackPointExtension>
        </extensions>
      </trkpt>
      <trkpt lat="49.6706832759082317352294921875" lon="-123.14047445543110370635986328125">
        <ele>611.4000244140625</ele>
        <time>2023-07-16T20:54:49.000Z</time>
        <extensions>
          <ns3:TrackPointExtension>
            <ns3:hr>154</ns3:hr>
          </ns3:TrackPointExtension>
        </extensions>
      </trkpt>
      <trkpt lat="49.6706919930875301361083984375" lon="-123.140470348298549652099609375">
        <ele>611.4000244140625</ele>
        <time>2023-07-16T20:54:50.000Z</time>
        <extensions>
          <ns3:TrackPointExtension>
            <ns3:hr>155</ns3:hr>
          </ns3:TrackPointExtension>
        </extensions>
      </trkpt>
      <trkpt lat="49.6707022190093994140625" lon="-123.14045031554996967315673828125">
        <ele>611.4000244140625</ele>
        <time>2023-07-16T20:54:55.000Z</time>
        <extensions>
          <ns3:TrackPointExtension>
            <ns3:hr>157</ns3:hr>
          </ns3:TrackPointExtension>
        </extensions>
      </trkpt>
      <trkpt lat="49.67070884071290493011474609375" lon="-123.14044847153127193450927734375">
        <ele>615.5999755859375</ele>
        <time>2023-07-16T20:54:56.000Z</time>
        <extensions>
          <ns3:TrackPointExtension>
            <ns3:hr>157</ns3:hr>
          </ns3:TrackPointExtension>
        </extensions>
      </trkpt>
      <trkpt lat="49.67071973718702793121337890625" lon="-123.1404520757496356964111328125">
        <ele>615.5999755859375</ele>
        <time>2023-07-16T20:55:01.000Z</time>
        <extensions>
          <ns3:TrackPointExtension>
            <ns3:hr>159</ns3:hr>
          </ns3:TrackPointExtension>
        </extensions>
      </trkpt>
      <trkpt lat="49.67075561173260211944580078125" lon="-123.14044880680739879608154296875">
        <ele>616.5999755859375</ele>
        <time>2023-07-16T20:55:08.000Z</time>
        <extensions>
          <ns3:TrackPointExtension>
            <ns3:hr>160</ns3:hr>
          </ns3:TrackPointExtension>
        </extensions>
      </trkpt>
      <trkpt lat="49.67078142799437046051025390625" lon="-123.14039449207484722137451171875">
        <ele>617</ele>
        <time>2023-07-16T20:55:13.000Z</time>
        <extensions>
          <ns3:TrackPointExtension>
            <ns3:hr>159</ns3:hr>
          </ns3:TrackPointExtension>
        </extensions>
      </trkpt>
      <trkpt lat="49.6707915700972080230712890625" lon="-123.14039801247417926788330078125">
        <ele>617.5999755859375</ele>
        <time>2023-07-16T20:55:17.000Z</time>
        <extensions>
          <ns3:TrackPointExtension>
            <ns3:hr>158</ns3:hr>
          </ns3:TrackPointExtension>
        </extensions>
      </trkpt>
      <trkpt lat="49.67080975882709026336669921875" lon="-123.140428103506565093994140625">
        <ele>618</ele>
        <time>2023-07-16T20:55:21.000Z</time>
        <extensions>
          <ns3:TrackPointExtension>
            <ns3:hr>157</ns3:hr>
          </ns3:TrackPointExtension>
        </extensions>
      </trkpt>
      <trkpt lat="49.67082216404378414154052734375" lon="-123.14043539576232433319091796875">
        <ele>618.5999755859375</ele>
        <time>2023-07-16T20:55:23.000Z</time>
        <extensions>
          <ns3:TrackPointExtension>
            <ns3:hr>156</ns3:hr>
          </ns3:TrackPointExtension>
        </extensions>
      </trkpt>
      <trkpt lat="49.67083574272692203521728515625" lon="-123.14043438993394374847412109375">
        <ele>619.20001220703125</ele>
        <time>2023-07-16T20:55:26.000Z</time>
        <extensions>
          <ns3:TrackPointExtension>
            <ns3:hr>156</ns3:hr>
          </ns3:TrackPointExtension>
        </extensions>
      </trkpt>
      <trkpt lat="49.67085334472358226776123046875" lon="-123.14042014069855213165283203125">
        <ele>619.79998779296875</ele>
        <time>2023-07-16T20:55:28.000Z</time>
        <extensions>
          <ns3:TrackPointExtension>
            <ns3:hr>154</ns3:hr>
          </ns3:TrackPointExtension>
        </extensions>
      </trkpt>
      <trkpt lat="49.6708656661212444305419921875" lon="-123.14038611017167568206787109375">
        <ele>620.4000244140625</ele>
        <time>2023-07-16T20:55:31.000Z</time>
        <extensions>
          <ns3:TrackPointExtension>
            <ns3:hr>153</ns3:hr>
          </ns3:TrackPointExtension>
        </extensions>
      </trkpt>
      <trkpt lat="49.6708673425018787384033203125" lon="-123.14037471078336238861083984375">
        <ele>621</ele>
        <time>2023-07-16T20:55:33.000Z</time>
        <extensions>
          <ns3:TrackPointExtension>
            <ns3:hr>153</ns3:hr>
          </ns3:TrackPointExtension>
        </extensions>
      </trkpt>
      <trkpt lat="49.6708629839122295379638671875" lon="-123.14036381430923938751220703125">
        <ele>621.20001220703125</ele>
        <time>2023-07-16T20:55:34.000Z</time>
        <extensions>
          <ns3:TrackPointExtension>
            <ns3:hr>153</ns3:hr>
          </ns3:TrackPointExtension>
        </extensions>
      </trkpt>
      <trkpt lat="49.670867510139942169189453125" lon="-123.1403598748147487640380859375">
        <ele>621.79998779296875</ele>
        <time>2023-07-16T20:55:37.000Z</time>
        <extensions>
          <ns3:TrackPointExtension>
            <ns3:hr>153</ns3:hr>
          </ns3:TrackPointExtension>
        </extensions>
      </trkpt>
      <trkpt lat="49.6708832681179046630859375" lon="-123.14037571661174297332763671875">
        <ele>622</ele>
        <time>2023-07-16T20:55:40.000Z</time>
        <extensions>
          <ns3:TrackPointExtension>
            <ns3:hr>153</ns3:hr>
          </ns3:TrackPointExtension>
        </extensions>
      </trkpt>
      <trkpt lat="49.67089341022074222564697265625" lon="-123.1403752975165843963623046875">
        <ele>622.4000244140625</ele>
        <time>2023-07-16T20:55:41.000Z</time>
        <extensions>
          <ns3:TrackPointExtension>
            <ns3:hr>153</ns3:hr>
          </ns3:TrackPointExtension>
        </extensions>
      </trkpt>
      <trkpt lat="49.67090447433292865753173828125" lon="-123.14037504605948925018310546875">
        <ele>622.5999755859375</ele>
        <time>2023-07-16T20:55:42.000Z</time>
        <extensions>
          <ns3:TrackPointExtension>
            <ns3:hr>153</ns3:hr>
          </ns3:TrackPointExtension>
        </extensions>
      </trkpt>
      <trkpt lat="49.67091470025479793548583984375" lon="-123.14037806354463100433349609375">
        <ele>622.79998779296875</ele>
        <time>2023-07-16T20:55:43.000Z</time>
        <extensions>
          <ns3:TrackPointExtension>
            <ns3:hr>153</ns3:hr>
          </ns3:TrackPointExtension>
        </extensions>
      </trkpt>
      <trkpt lat="49.6709320507943630218505859375" lon="-123.14038644544780254364013671875">
        <ele>623.20001220703125</ele>
        <time>2023-07-16T20:55:45.000Z</time>
        <extensions>
          <ns3:TrackPointExtension>
            <ns3:hr>153</ns3:hr>
          </ns3:TrackPointExtension>
        </extensions>
      </trkpt>
      <trkpt lat="49.670939929783344268798828125" lon="-123.140393905341625213623046875">
        <ele>623.79998779296875</ele>
        <time>2023-07-16T20:55:48.000Z</time>
        <extensions>
          <ns3:TrackPointExtension>
            <ns3:hr>156</ns3:hr>
          </ns3:TrackPointExtension>
        </extensions>
      </trkpt>
      <trkpt lat="49.67095091007649898529052734375" lon="-123.14039046876132488250732421875">
        <ele>624</ele>
        <time>2023-07-16T20:55:50.000Z</time>
        <extensions>
          <ns3:TrackPointExtension>
            <ns3:hr>157</ns3:hr>
          </ns3:TrackPointExtension>
        </extensions>
      </trkpt>
      <trkpt lat="49.67095141299068927764892578125" lon="-123.1403853558003902435302734375">
        <ele>624</ele>
        <time>2023-07-16T20:55:53.000Z</time>
        <extensions>
          <ns3:TrackPointExtension>
            <ns3:hr>159</ns3:hr>
          </ns3:TrackPointExtension>
        </extensions>
      </trkpt>
      <trkpt lat="49.67093381099402904510498046875" lon="-123.1403638981282711029052734375">
        <ele>623.79998779296875</ele>
        <time>2023-07-16T20:55:56.000Z</time>
        <extensions>
          <ns3:TrackPointExtension>
            <ns3:hr>161</ns3:hr>
          </ns3:TrackPointExtension>
        </extensions>
      </trkpt>
      <trkpt lat="49.67093548737466335296630859375" lon="-123.1403561867773532867431640625">
        <ele>623.79998779296875</ele>
        <time>2023-07-16T20:55:57.000Z</time>
        <extensions>
          <ns3:TrackPointExtension>
            <ns3:hr>162</ns3:hr>
          </ns3:TrackPointExtension>
        </extensions>
      </trkpt>
      <trkpt lat="49.67094990424811840057373046875" lon="-123.1403338909149169921875">
        <ele>624</ele>
        <time>2023-07-16T20:56:03.000Z</time>
        <extensions>
          <ns3:TrackPointExtension>
            <ns3:hr>159</ns3:hr>
          </ns3:TrackPointExtension>
        </extensions>
      </trkpt>
      <trkpt lat="49.67094152234494686126708984375" lon="-123.14032022841274738311767578125">
        <ele>624</ele>
        <time>2023-07-16T20:56:04.000Z</time>
        <extensions>
          <ns3:TrackPointExtension>
            <ns3:hr>159</ns3:hr>
          </ns3:TrackPointExtension>
        </extensions>
      </trkpt>
      <trkpt lat="49.67092911712825298309326171875" lon="-123.140310086309909820556640625">
        <ele>624</ele>
        <time>2023-07-16T20:56:05.000Z</time>
        <extensions>
          <ns3:TrackPointExtension>
            <ns3:hr>159</ns3:hr>
          </ns3:TrackPointExtension>
        </extensions>
      </trkpt>
      <trkpt lat="49.6709293685853481292724609375" lon="-123.14029810018837451934814453125">
        <ele>624</ele>
        <time>2023-07-16T20:56:07.000Z</time>
        <extensions>
          <ns3:TrackPointExtension>
            <ns3:hr>158</ns3:hr>
          </ns3:TrackPointExtension>
        </extensions>
      </trkpt>
      <trkpt lat="49.67095325700938701629638671875" lon="-123.14028569497168064117431640625">
        <ele>624</ele>
        <time>2023-07-16T20:56:09.000Z</time>
        <extensions>
          <ns3:TrackPointExtension>
            <ns3:hr>157</ns3:hr>
          </ns3:TrackPointExtension>
        </extensions>
      </trkpt>
      <trkpt lat="49.67096566222608089447021484375" lon="-123.140289969742298126220703125">
        <ele>624</ele>
        <time>2023-07-16T20:56:10.000Z</time>
        <extensions>
          <ns3:TrackPointExtension>
            <ns3:hr>157</ns3:hr>
          </ns3:TrackPointExtension>
        </extensions>
      </trkpt>
      <trkpt lat="49.670968763530254364013671875" lon="-123.14029022119939327239990234375">
        <ele>624.20001220703125</ele>
        <time>2023-07-16T20:56:12.000Z</time>
        <extensions>
          <ns3:TrackPointExtension>
            <ns3:hr>158</ns3:hr>
          </ns3:TrackPointExtension>
        </extensions>
      </trkpt>
      <trkpt lat="49.670980833470821380615234375" lon="-123.1402904726564884185791015625">
        <ele>624.4000244140625</ele>
        <time>2023-07-16T20:56:13.000Z</time>
        <extensions>
          <ns3:TrackPointExtension>
            <ns3:hr>159</ns3:hr>
          </ns3:TrackPointExtension>
        </extensions>
      </trkpt>
      <trkpt lat="49.6710125170648097991943359375" lon="-123.1402928195893764495849609375">
        <ele>625</ele>
        <time>2023-07-16T20:56:17.000Z</time>
        <extensions>
          <ns3:TrackPointExtension>
            <ns3:hr>156</ns3:hr>
          </ns3:TrackPointExtension>
        </extensions>
      </trkpt>
      <trkpt lat="49.671022407710552215576171875" lon="-123.14029709435999393463134765625">
        <ele>625.4000244140625</ele>
        <time>2023-07-16T20:56:18.000Z</time>
        <extensions>
          <ns3:TrackPointExtension>
            <ns3:hr>156</ns3:hr>
          </ns3:TrackPointExtension>
        </extensions>
      </trkpt>
      <trkpt lat="49.6710312925279140472412109375" lon="-123.1403018720448017120361328125">
        <ele>625.5999755859375</ele>
        <time>2023-07-16T20:56:19.000Z</time>
        <extensions>
          <ns3:TrackPointExtension>
            <ns3:hr>158</ns3:hr>
          </ns3:TrackPointExtension>
        </extensions>
      </trkpt>
      <trkpt lat="49.67103841714560985565185546875" lon="-123.14030371606349945068359375">
        <ele>626</ele>
        <time>2023-07-16T20:56:21.000Z</time>
        <extensions>
          <ns3:TrackPointExtension>
            <ns3:hr>152</ns3:hr>
          </ns3:TrackPointExtension>
        </extensions>
      </trkpt>
      <trkpt lat="49.67104311101138591766357421875" lon="-123.140304051339626312255859375">
        <ele>626.20001220703125</ele>
        <time>2023-07-16T20:56:22.000Z</time>
        <extensions>
          <ns3:TrackPointExtension>
            <ns3:hr>152</ns3:hr>
          </ns3:TrackPointExtension>
        </extensions>
      </trkpt>
      <trkpt lat="49.6710447035729885101318359375" lon="-123.14030547626316547393798828125">
        <ele>626.4000244140625</ele>
        <time>2023-07-16T20:56:23.000Z</time>
        <extensions>
          <ns3:TrackPointExtension>
            <ns3:hr>153</ns3:hr>
          </ns3:TrackPointExtension>
        </extensions>
      </trkpt>
      <trkpt lat="49.67104763723909854888916015625" lon="-123.14030245877802371978759765625">
        <ele>626.79998779296875</ele>
        <time>2023-07-16T20:56:24.000Z</time>
        <extensions>
          <ns3:TrackPointExtension>
            <ns3:hr>153</ns3:hr>
          </ns3:TrackPointExtension>
        </extensions>
      </trkpt>
      <trkpt lat="49.67105249874293804168701171875" lon="-123.140293657779693603515625">
        <ele>627.4000244140625</ele>
        <time>2023-07-16T20:56:27.000Z</time>
        <extensions>
          <ns3:TrackPointExtension>
            <ns3:hr>157</ns3:hr>
          </ns3:TrackPointExtension>
        </extensions>
      </trkpt>
      <trkpt lat="49.67106205411255359649658203125" lon="-123.14029172994196414947509765625">
        <ele>628</ele>
        <time>2023-07-16T20:56:29.000Z</time>
        <extensions>
          <ns3:TrackPointExtension>
            <ns3:hr>156</ns3:hr>
          </ns3:TrackPointExtension>
        </extensions>
      </trkpt>
      <trkpt lat="49.6710755489766597747802734375" lon="-123.14029038883745670318603515625">
        <ele>628.4000244140625</ele>
        <time>2023-07-16T20:56:30.000Z</time>
        <extensions>
          <ns3:TrackPointExtension>
            <ns3:hr>156</ns3:hr>
          </ns3:TrackPointExtension>
        </extensions>
      </trkpt>
      <trkpt lat="49.6710909716784954071044921875" lon="-123.1402884609997272491455078125">
        <ele>628.79998779296875</ele>
        <time>2023-07-16T20:56:34.000Z</time>
        <extensions>
          <ns3:TrackPointExtension>
            <ns3:hr>154</ns3:hr>
          </ns3:TrackPointExtension>
        </extensions>
      </trkpt>
      <trkpt lat="49.6710923127830028533935546875" lon="-123.14028762280941009521484375">
        <ele>628.79998779296875</ele>
        <time>2023-07-16T20:56:35.000Z</time>
        <extensions>
          <ns3:TrackPointExtension>
            <ns3:hr>154</ns3:hr>
          </ns3:TrackPointExtension>
        </extensions>
      </trkpt>
      <trkpt lat="49.671086780726909637451171875" lon="-123.1402976810932159423828125">
        <ele>629.20001220703125</ele>
        <time>2023-07-16T20:56:38.000Z</time>
        <extensions>
          <ns3:TrackPointExtension>
            <ns3:hr>154</ns3:hr>
          </ns3:TrackPointExtension>
        </extensions>
      </trkpt>
      <trkpt lat="49.671091474592685699462890625" lon="-123.14029608853161334991455078125">
        <ele>629.4000244140625</ele>
        <time>2023-07-16T20:56:39.000Z</time>
        <extensions>
          <ns3:TrackPointExtension>
            <ns3:hr>154</ns3:hr>
          </ns3:TrackPointExtension>
        </extensions>
      </trkpt>
      <trkpt lat="49.6711305342614650726318359375" lon="-123.14026591368019580841064453125">
        <ele>630</ele>
        <time>2023-07-16T20:56:45.000Z</time>
        <extensions>
          <ns3:TrackPointExtension>
            <ns3:hr>154</ns3:hr>
          </ns3:TrackPointExtension>
        </extensions>
      </trkpt>
      <trkpt lat="49.67113782651722431182861328125" lon="-123.14025434665381908416748046875">
        <ele>630.20001220703125</ele>
        <time>2023-07-16T20:56:46.000Z</time>
        <extensions>
          <ns3:TrackPointExtension>
            <ns3:hr>154</ns3:hr>
          </ns3:TrackPointExtension>
        </extensions>
      </trkpt>
      <trkpt lat="49.67113229446113109588623046875" lon="-123.1402267701923847198486328125">
        <ele>631</ele>
        <time>2023-07-16T20:56:50.000Z</time>
        <extensions>
          <ns3:TrackPointExtension>
            <ns3:hr>154</ns3:hr>
          </ns3:TrackPointExtension>
        </extensions>
      </trkpt>
      <trkpt lat="49.67112039215862751007080078125" lon="-123.1402172148227691650390625">
        <ele>631.20001220703125</ele>
        <time>2023-07-16T20:56:52.000Z</time>
        <extensions>
          <ns3:TrackPointExtension>
            <ns3:hr>154</ns3:hr>
          </ns3:TrackPointExtension>
        </extensions>
      </trkpt>
      <trkpt lat="49.67112391255795955657958984375" lon="-123.14024579711258411407470703125">
        <ele>631.79998779296875</ele>
        <time>2023-07-16T20:56:55.000Z</time>
        <extensions>
          <ns3:TrackPointExtension>
            <ns3:hr>153</ns3:hr>
          </ns3:TrackPointExtension>
        </extensions>
      </trkpt>
      <trkpt lat="49.67115408740937709808349609375" lon="-123.14027379266917705535888671875">
        <ele>632.4000244140625</ele>
        <time>2023-07-16T20:56:59.000Z</time>
        <extensions>
          <ns3:TrackPointExtension>
            <ns3:hr>152</ns3:hr>
          </ns3:TrackPointExtension>
        </extensions>
      </trkpt>
      <trkpt lat="49.6711674146354198455810546875" lon="-123.14026675187051296234130859375">
        <ele>633.4000244140625</ele>
        <time>2023-07-16T20:57:02.000Z</time>
        <extensions>
          <ns3:TrackPointExtension>
            <ns3:hr>150</ns3:hr>
          </ns3:TrackPointExtension>
        </extensions>
      </trkpt>
      <trkpt lat="49.67117093503475189208984375" lon="-123.14026272855699062347412109375">
        <ele>633.5999755859375</ele>
        <time>2023-07-16T20:57:03.000Z</time>
        <extensions>
          <ns3:TrackPointExtension>
            <ns3:hr>149</ns3:hr>
          </ns3:TrackPointExtension>
        </extensions>
      </trkpt>
      <trkpt lat="49.67119331471621990203857421875" lon="-123.14022987149655818939208984375">
        <ele>634.20001220703125</ele>
        <time>2023-07-16T20:57:08.000Z</time>
        <extensions>
          <ns3:TrackPointExtension>
            <ns3:hr>149</ns3:hr>
          </ns3:TrackPointExtension>
        </extensions>
      </trkpt>
      <trkpt lat="49.6711888723075389862060546875" lon="-123.14021310769021511077880859375">
        <ele>634.5999755859375</ele>
        <time>2023-07-16T20:57:11.000Z</time>
        <extensions>
          <ns3:TrackPointExtension>
            <ns3:hr>150</ns3:hr>
          </ns3:TrackPointExtension>
        </extensions>
      </trkpt>
      <trkpt lat="49.6711925603449344635009765625" lon="-123.1402016244828701019287109375">
        <ele>635.4000244140625</ele>
        <time>2023-07-16T20:57:13.000Z</time>
        <extensions>
          <ns3:TrackPointExtension>
            <ns3:hr>150</ns3:hr>
          </ns3:TrackPointExtension>
        </extensions>
      </trkpt>
      <trkpt lat="49.6711845137178897857666015625" lon="-123.1401841901242733001708984375">
        <ele>635.5999755859375</ele>
        <time>2023-07-16T20:57:15.000Z</time>
        <extensions>
          <ns3:TrackPointExtension>
            <ns3:hr>150</ns3:hr>
          </ns3:TrackPointExtension>
        </extensions>
      </trkpt>
      <trkpt lat="49.67118459753692150115966796875" lon="-123.1401796638965606689453125">
        <ele>636.20001220703125</ele>
        <time>2023-07-16T20:57:19.000Z</time>
        <extensions>
          <ns3:TrackPointExtension>
            <ns3:hr>148</ns3:hr>
          </ns3:TrackPointExtension>
        </extensions>
      </trkpt>
      <trkpt lat="49.6711700968444347381591796875" lon="-123.14020958729088306427001953125">
        <ele>636.5999755859375</ele>
        <time>2023-07-16T20:57:25.000Z</time>
        <extensions>
          <ns3:TrackPointExtension>
            <ns3:hr>146</ns3:hr>
          </ns3:TrackPointExtension>
        </extensions>
      </trkpt>
      <trkpt lat="49.6711622178554534912109375" lon="-123.14023221842944622039794921875">
        <ele>636.5999755859375</ele>
        <time>2023-07-16T20:57:28.000Z</time>
        <extensions>
          <ns3:TrackPointExtension>
            <ns3:hr>143</ns3:hr>
          </ns3:TrackPointExtension>
        </extensions>
      </trkpt>
      <trkpt lat="49.6711640618741512298583984375" lon="-123.14023942686617374420166015625">
        <ele>636.5999755859375</ele>
        <time>2023-07-16T20:57:30.000Z</time>
        <extensions>
          <ns3:TrackPointExtension>
            <ns3:hr>144</ns3:hr>
          </ns3:TrackPointExtension>
        </extensions>
      </trkpt>
      <trkpt lat="49.67116079293191432952880859375" lon="-123.14025275409221649169921875">
        <ele>636.5999755859375</ele>
        <time>2023-07-16T20:57:34.000Z</time>
        <extensions>
          <ns3:TrackPointExtension>
            <ns3:hr>143</ns3:hr>
          </ns3:TrackPointExtension>
        </extensions>
      </trkpt>
      <trkpt lat="49.67116079293191432952880859375" lon="-123.14025275409221649169921875">
        <ele>636.79998779296875</ele>
        <time>2023-07-16T20:57:35.000Z</time>
        <extensions>
          <ns3:TrackPointExtension>
            <ns3:hr>143</ns3:hr>
          </ns3:TrackPointExtension>
        </extensions>
      </trkpt>
      <trkpt lat="49.67115526087582111358642578125" lon="-123.1402579508721828460693359375">
        <ele>637.20001220703125</ele>
        <time>2023-07-16T20:57:51.000Z</time>
        <extensions>
          <ns3:TrackPointExtension>
            <ns3:hr>140</ns3:hr>
          </ns3:TrackPointExtension>
        </extensions>
      </trkpt>
      <trkpt lat="49.6711499802768230438232421875" lon="-123.14026608131825923919677734375">
        <ele>637.20001220703125</ele>
        <time>2023-07-16T20:57:53.000Z</time>
        <extensions>
          <ns3:TrackPointExtension>
            <ns3:hr>143</ns3:hr>
          </ns3:TrackPointExtension>
        </extensions>
      </trkpt>
      <trkpt lat="49.671149142086505889892578125" lon="-123.14026926644146442413330078125">
        <ele>637.20001220703125</ele>
        <time>2023-07-16T20:57:54.000Z</time>
        <extensions>
          <ns3:TrackPointExtension>
            <ns3:hr>140</ns3:hr>
          </ns3:TrackPointExtension>
        </extensions>
      </trkpt>
      <trkpt lat="49.67114687897264957427978515625" lon="-123.140276558697223663330078125">
        <ele>637.20001220703125</ele>
        <time>2023-07-16T20:58:03.000Z</time>
        <extensions>
          <ns3:TrackPointExtension>
            <ns3:hr>144</ns3:hr>
          </ns3:TrackPointExtension>
        </extensions>
      </trkpt>
      <trkpt lat="49.67114620842039585113525390625" lon="-123.14027664251625537872314453125">
        <ele>637.20001220703125</ele>
        <time>2023-07-16T20:58:05.000Z</time>
        <extensions>
          <ns3:TrackPointExtension>
            <ns3:hr>148</ns3:hr>
          </ns3:TrackPointExtension>
        </extensions>
      </trkpt>
      <trkpt lat="49.67116230167448520660400390625" lon="-123.14026189036667346954345703125">
        <ele>638</ele>
        <time>2023-07-16T20:58:25.000Z</time>
        <extensions>
          <ns3:TrackPointExtension>
            <ns3:hr>148</ns3:hr>
          </ns3:TrackPointExtension>
        </extensions>
      </trkpt>
      <trkpt lat="49.67119239270687103271484375" lon="-123.1402103416621685028076171875">
        <ele>638.79998779296875</ele>
        <time>2023-07-16T20:58:29.000Z</time>
        <extensions>
          <ns3:TrackPointExtension>
            <ns3:hr>147</ns3:hr>
          </ns3:TrackPointExtension>
        </extensions>
      </trkpt>
      <trkpt lat="49.6712116710841655731201171875" lon="-123.14018678851425647735595703125">
        <ele>638.79998779296875</ele>
        <time>2023-07-16T20:58:31.000Z</time>
        <extensions>
          <ns3:TrackPointExtension>
            <ns3:hr>145</ns3:hr>
          </ns3:TrackPointExtension>
        </extensions>
      </trkpt>
      <trkpt lat="49.6712493896484375" lon="-123.140190057456493377685546875">
        <ele>638.79998779296875</ele>
        <time>2023-07-16T20:58:35.000Z</time>
        <extensions>
          <ns3:TrackPointExtension>
            <ns3:hr>143</ns3:hr>
          </ns3:TrackPointExtension>
        </extensions>
      </trkpt>
      <trkpt lat="49.6712847612798213958740234375" lon="-123.14013565890491008758544921875">
        <ele>639</ele>
        <time>2023-07-16T20:58:40.000Z</time>
        <extensions>
          <ns3:TrackPointExtension>
            <ns3:hr>143</ns3:hr>
          </ns3:TrackPointExtension>
        </extensions>
      </trkpt>
      <trkpt lat="49.671285264194011688232421875" lon="-123.14012476243078708648681640625">
        <ele>639</ele>
        <time>2023-07-16T20:58:41.000Z</time>
        <extensions>
          <ns3:TrackPointExtension>
            <ns3:hr>143</ns3:hr>
          </ns3:TrackPointExtension>
        </extensions>
      </trkpt>
      <trkpt lat="49.67128492891788482666015625" lon="-123.14012132585048675537109375">
        <ele>639.20001220703125</ele>
        <time>2023-07-16T20:58:42.000Z</time>
        <extensions>
          <ns3:TrackPointExtension>
            <ns3:hr>142</ns3:hr>
          </ns3:TrackPointExtension>
        </extensions>
      </trkpt>
      <trkpt lat="49.6712882816791534423828125" lon="-123.14011168666183948516845703125">
        <ele>639.4000244140625</ele>
        <time>2023-07-16T20:58:45.000Z</time>
        <extensions>
          <ns3:TrackPointExtension>
            <ns3:hr>141</ns3:hr>
          </ns3:TrackPointExtension>
        </extensions>
      </trkpt>
      <trkpt lat="49.67129859142005443572998046875" lon="-123.14011336304247379302978515625">
        <ele>639.5999755859375</ele>
        <time>2023-07-16T20:58:47.000Z</time>
        <extensions>
          <ns3:TrackPointExtension>
            <ns3:hr>140</ns3:hr>
          </ns3:TrackPointExtension>
        </extensions>
      </trkpt>
      <trkpt lat="49.67130781151354312896728515625" lon="-123.140112273395061492919921875">
        <ele>640</ele>
        <time>2023-07-16T20:58:51.000Z</time>
        <extensions>
          <ns3:TrackPointExtension>
            <ns3:hr>137</ns3:hr>
          </ns3:TrackPointExtension>
        </extensions>
      </trkpt>
      <trkpt lat="49.6713266707956790924072265625" lon="-123.14009450376033782958984375">
        <ele>640.5999755859375</ele>
        <time>2023-07-16T20:58:57.000Z</time>
        <extensions>
          <ns3:TrackPointExtension>
            <ns3:hr>136</ns3:hr>
          </ns3:TrackPointExtension>
        </extensions>
      </trkpt>
      <trkpt lat="49.67136413790285587310791015625" lon="-123.14009173773229122161865234375">
        <ele>640.5999755859375</ele>
        <time>2023-07-16T20:59:03.000Z</time>
        <extensions>
          <ns3:TrackPointExtension>
            <ns3:hr>137</ns3:hr>
          </ns3:TrackPointExtension>
        </extensions>
      </trkpt>
      <trkpt lat="49.67135466635227203369140625" lon="-123.14008704386651515960693359375">
        <ele>640.5999755859375</ele>
        <time>2023-07-16T20:59:07.000Z</time>
        <extensions>
          <ns3:TrackPointExtension>
            <ns3:hr>135</ns3:hr>
          </ns3:TrackPointExtension>
        </extensions>
      </trkpt>
      <trkpt lat="49.67139129526913166046142578125" lon="-123.1400530971586704254150390625">
        <ele>640</ele>
        <time>2023-07-16T20:59:13.000Z</time>
        <extensions>
          <ns3:TrackPointExtension>
            <ns3:hr>135</ns3:hr>
          </ns3:TrackPointExtension>
        </extensions>
      </trkpt>
      <trkpt lat="49.671444185078144073486328125" lon="-123.14003457315266132354736328125">
        <ele>639.79998779296875</ele>
        <time>2023-07-16T20:59:18.000Z</time>
        <extensions>
          <ns3:TrackPointExtension>
            <ns3:hr>135</ns3:hr>
          </ns3:TrackPointExtension>
        </extensions>
      </trkpt>
      <trkpt lat="49.67145147733390331268310546875" lon="-123.14002878963947296142578125">
        <ele>639.79998779296875</ele>
        <time>2023-07-16T20:59:24.000Z</time>
        <extensions>
          <ns3:TrackPointExtension>
            <ns3:hr>135</ns3:hr>
          </ns3:TrackPointExtension>
        </extensions>
      </trkpt>
      <trkpt lat="49.67145466245710849761962890625" lon="-123.14001898281276226043701171875">
        <ele>640</ele>
        <time>2023-07-16T20:59:34.000Z</time>
        <extensions>
          <ns3:TrackPointExtension>
            <ns3:hr>136</ns3:hr>
          </ns3:TrackPointExtension>
        </extensions>
      </trkpt>
      <trkpt lat="49.6714503876864910125732421875" lon="-123.14001898281276226043701171875">
        <ele>641</ele>
        <time>2023-07-16T20:59:46.000Z</time>
        <extensions>
          <ns3:TrackPointExtension>
            <ns3:hr>138</ns3:hr>
          </ns3:TrackPointExtension>
        </extensions>
      </trkpt>
      <trkpt lat="49.67143245041370391845703125" lon="-123.14003205858170986175537109375">
        <ele>641.79998779296875</ele>
        <time>2023-07-16T21:00:03.000Z</time>
        <extensions>
          <ns3:TrackPointExtension>
            <ns3:hr>141</ns3:hr>
          </ns3:TrackPointExtension>
        </extensions>
      </trkpt>
      <trkpt lat="49.6714322827756404876708984375" lon="-123.14004111103713512420654296875">
        <ele>642.20001220703125</ele>
        <time>2023-07-16T21:00:09.000Z</time>
        <extensions>
          <ns3:TrackPointExtension>
            <ns3:hr>141</ns3:hr>
          </ns3:TrackPointExtension>
        </extensions>
      </trkpt>
      <trkpt lat="49.67143270187079906463623046875" lon="-123.14004563726484775543212890625">
        <ele>641</ele>
        <time>2023-07-16T21:00:28.000Z</time>
        <extensions>
          <ns3:TrackPointExtension>
            <ns3:hr>142</ns3:hr>
          </ns3:TrackPointExtension>
        </extensions>
      </trkpt>
      <trkpt lat="49.67144141905009746551513671875" lon="-123.14005133695900440216064453125">
        <ele>639.79998779296875</ele>
        <time>2023-07-16T21:00:35.000Z</time>
        <extensions>
          <ns3:TrackPointExtension>
            <ns3:hr>142</ns3:hr>
          </ns3:TrackPointExtension>
        </extensions>
      </trkpt>
      <trkpt lat="49.67144896276295185089111328125" lon="-123.14006994478404521942138671875">
        <ele>639.20001220703125</ele>
        <time>2023-07-16T21:00:40.000Z</time>
        <extensions>
          <ns3:TrackPointExtension>
            <ns3:hr>140</ns3:hr>
          </ns3:TrackPointExtension>
        </extensions>
      </trkpt>
      <trkpt lat="49.6714547462761402130126953125" lon="-123.14010900445282459259033203125">
        <ele>638.79998779296875</ele>
        <time>2023-07-16T21:00:43.000Z</time>
        <extensions>
          <ns3:TrackPointExtension>
            <ns3:hr>139</ns3:hr>
          </ns3:TrackPointExtension>
        </extensions>
      </trkpt>
      <trkpt lat="49.67144988477230072021484375" lon="-123.1401178054511547088623046875">
        <ele>638</ele>
        <time>2023-07-16T21:00:46.000Z</time>
        <extensions>
          <ns3:TrackPointExtension>
            <ns3:hr>138</ns3:hr>
          </ns3:TrackPointExtension>
        </extensions>
      </trkpt>
      <trkpt lat="49.6714262478053569793701171875" lon="-123.1401178054511547088623046875">
        <ele>637.79998779296875</ele>
        <time>2023-07-16T21:00:48.000Z</time>
        <extensions>
          <ns3:TrackPointExtension>
            <ns3:hr>137</ns3:hr>
          </ns3:TrackPointExtension>
        </extensions>
      </trkpt>
      <trkpt lat="49.671391882002353668212890625" lon="-123.14015594311058521270751953125">
        <ele>636.79998779296875</ele>
        <time>2023-07-16T21:00:54.000Z</time>
        <extensions>
          <ns3:TrackPointExtension>
            <ns3:hr>137</ns3:hr>
          </ns3:TrackPointExtension>
        </extensions>
      </trkpt>
      <trkpt lat="49.67139548622071743011474609375" lon="-123.14016717486083507537841796875">
        <ele>636.5999755859375</ele>
        <time>2023-07-16T21:00:55.000Z</time>
        <extensions>
          <ns3:TrackPointExtension>
            <ns3:hr>136</ns3:hr>
          </ns3:TrackPointExtension>
        </extensions>
      </trkpt>
      <trkpt lat="49.6714138425886631011962890625" lon="-123.14019240438938140869140625">
        <ele>636.4000244140625</ele>
        <time>2023-07-16T21:00:58.000Z</time>
        <extensions>
          <ns3:TrackPointExtension>
            <ns3:hr>133</ns3:hr>
          </ns3:TrackPointExtension>
        </extensions>
      </trkpt>
      <trkpt lat="49.6714259125292301177978515625" lon="-123.140207491815090179443359375">
        <ele>636.20001220703125</ele>
        <time>2023-07-16T21:01:02.000Z</time>
        <extensions>
          <ns3:TrackPointExtension>
            <ns3:hr>132</ns3:hr>
          </ns3:TrackPointExtension>
        </extensions>
      </trkpt>
      <trkpt lat="49.67145734466612339019775390625" lon="-123.1402227468788623809814453125">
        <ele>636.4000244140625</ele>
        <time>2023-07-16T21:01:10.000Z</time>
        <extensions>
          <ns3:TrackPointExtension>
            <ns3:hr>132</ns3:hr>
          </ns3:TrackPointExtension>
        </extensions>
      </trkpt>
      <trkpt lat="49.67147025279700756072998046875" lon="-123.1402113474905490875244140625">
        <ele>636.79998779296875</ele>
        <time>2023-07-16T21:01:15.000Z</time>
        <extensions>
          <ns3:TrackPointExtension>
            <ns3:hr>130</ns3:hr>
          </ns3:TrackPointExtension>
        </extensions>
      </trkpt>
      <trkpt lat="49.67151828110218048095703125" lon="-123.1401858665049076080322265625">
        <ele>637.4000244140625</ele>
        <time>2023-07-16T21:01:21.000Z</time>
        <extensions>
          <ns3:TrackPointExtension>
            <ns3:hr>131</ns3:hr>
          </ns3:TrackPointExtension>
        </extensions>
      </trkpt>
      <trkpt lat="49.67151752673089504241943359375" lon="-123.14017522148787975311279296875">
        <ele>637.5999755859375</ele>
        <time>2023-07-16T21:01:25.000Z</time>
        <extensions>
          <ns3:TrackPointExtension>
            <ns3:hr>132</ns3:hr>
          </ns3:TrackPointExtension>
        </extensions>
      </trkpt>
      <trkpt lat="49.671517945826053619384765625" lon="-123.14018460921943187713623046875">
        <ele>637.5999755859375</ele>
        <time>2023-07-16T21:01:31.000Z</time>
        <extensions>
          <ns3:TrackPointExtension>
            <ns3:hr>133</ns3:hr>
          </ns3:TrackPointExtension>
        </extensions>
      </trkpt>
      <trkpt lat="49.671520292758941650390625" lon="-123.14019768498837947845458984375">
        <ele>637.79998779296875</ele>
        <time>2023-07-16T21:01:33.000Z</time>
        <extensions>
          <ns3:TrackPointExtension>
            <ns3:hr>132</ns3:hr>
          </ns3:TrackPointExtension>
        </extensions>
      </trkpt>
      <trkpt lat="49.67153663747012615203857421875" lon="-123.14018444158136844635009765625">
        <ele>638</ele>
        <time>2023-07-16T21:01:35.000Z</time>
        <extensions>
          <ns3:TrackPointExtension>
            <ns3:hr>133</ns3:hr>
          </ns3:TrackPointExtension>
        </extensions>
      </trkpt>
      <trkpt lat="49.671589024364948272705078125" lon="-123.1401325576007366180419921875">
        <ele>638.4000244140625</ele>
        <time>2023-07-16T21:01:41.000Z</time>
        <extensions>
          <ns3:TrackPointExtension>
            <ns3:hr>131</ns3:hr>
          </ns3:TrackPointExtension>
        </extensions>
      </trkpt>
      <trkpt lat="49.67162749730050563812255859375" lon="-123.14011470414698123931884765625">
        <ele>638.5999755859375</ele>
        <time>2023-07-16T21:01:45.000Z</time>
        <extensions>
          <ns3:TrackPointExtension>
            <ns3:hr>131</ns3:hr>
          </ns3:TrackPointExtension>
        </extensions>
      </trkpt>
      <trkpt lat="49.67163772322237491607666015625" lon="-123.14011638052761554718017578125">
        <ele>639</ele>
        <time>2023-07-16T21:01:47.000Z</time>
        <extensions>
          <ns3:TrackPointExtension>
            <ns3:hr>131</ns3:hr>
          </ns3:TrackPointExtension>
        </extensions>
      </trkpt>
      <trkpt lat="49.67164711095392704010009765625" lon="-123.1401110999286174774169921875">
        <ele>639.4000244140625</ele>
        <time>2023-07-16T21:01:50.000Z</time>
        <extensions>
          <ns3:TrackPointExtension>
            <ns3:hr>132</ns3:hr>
          </ns3:TrackPointExtension>
        </extensions>
      </trkpt>
      <trkpt lat="49.67166270129382610321044921875" lon="-123.1401288695633411407470703125">
        <ele>639.79998779296875</ele>
        <time>2023-07-16T21:01:54.000Z</time>
        <extensions>
          <ns3:TrackPointExtension>
            <ns3:hr>131</ns3:hr>
          </ns3:TrackPointExtension>
        </extensions>
      </trkpt>
      <trkpt lat="49.67166488058865070343017578125" lon="-123.14012291841208934783935546875">
        <ele>640</ele>
        <time>2023-07-16T21:01:55.000Z</time>
        <extensions>
          <ns3:TrackPointExtension>
            <ns3:hr>130</ns3:hr>
          </ns3:TrackPointExtension>
        </extensions>
      </trkpt>
      <trkpt lat="49.671656750142574310302734375" lon="-123.1400997005403041839599609375">
        <ele>640.20001220703125</ele>
        <time>2023-07-16T21:01:59.000Z</time>
        <extensions>
          <ns3:TrackPointExtension>
            <ns3:hr>130</ns3:hr>
          </ns3:TrackPointExtension>
        </extensions>
      </trkpt>
      <trkpt lat="49.6717025153338909149169921875" lon="-123.14009592868387699127197265625">
        <ele>640.79998779296875</ele>
        <time>2023-07-16T21:02:03.000Z</time>
        <extensions>
          <ns3:TrackPointExtension>
            <ns3:hr>133</ns3:hr>
          </ns3:TrackPointExtension>
        </extensions>
      </trkpt>
      <trkpt lat="49.67171936295926570892333984375" lon="-123.14008872024714946746826171875">
        <ele>641</ele>
        <time>2023-07-16T21:02:04.000Z</time>
        <extensions>
          <ns3:TrackPointExtension>
            <ns3:hr>133</ns3:hr>
          </ns3:TrackPointExtension>
        </extensions>
      </trkpt>
      <trkpt lat="49.6717313490808010101318359375" lon="-123.14007430337369441986083984375">
        <ele>642.20001220703125</ele>
        <time>2023-07-16T21:02:09.000Z</time>
        <extensions>
          <ns3:TrackPointExtension>
            <ns3:hr>133</ns3:hr>
          </ns3:TrackPointExtension>
        </extensions>
      </trkpt>
      <trkpt lat="49.6717380546033382415771484375" lon="-123.1400437094271183013916015625">
        <ele>642.79998779296875</ele>
        <time>2023-07-16T21:02:13.000Z</time>
        <extensions>
          <ns3:TrackPointExtension>
            <ns3:hr>136</ns3:hr>
          </ns3:TrackPointExtension>
        </extensions>
      </trkpt>
      <trkpt lat="49.6717410720884799957275390625" lon="-123.14001529477536678314208984375">
        <ele>643</ele>
        <time>2023-07-16T21:02:15.000Z</time>
        <extensions>
          <ns3:TrackPointExtension>
            <ns3:hr>139</ns3:hr>
          </ns3:TrackPointExtension>
        </extensions>
      </trkpt>
      <trkpt lat="49.67174266465008258819580078125" lon="-123.140006326138973236083984375">
        <ele>643.20001220703125</ele>
        <time>2023-07-16T21:02:16.000Z</time>
        <extensions>
          <ns3:TrackPointExtension>
            <ns3:hr>140</ns3:hr>
          </ns3:TrackPointExtension>
        </extensions>
      </trkpt>
      <trkpt lat="49.67174626886844635009765625" lon="-123.14000590704381465911865234375">
        <ele>643.20001220703125</ele>
        <time>2023-07-16T21:02:18.000Z</time>
        <extensions>
          <ns3:TrackPointExtension>
            <ns3:hr>143</ns3:hr>
          </ns3:TrackPointExtension>
        </extensions>
      </trkpt>
      <trkpt lat="49.6717608533799648284912109375" lon="-123.14000657759606838226318359375">
        <ele>643.20001220703125</ele>
        <time>2023-07-16T21:02:20.000Z</time>
        <extensions>
          <ns3:TrackPointExtension>
            <ns3:hr>144</ns3:hr>
          </ns3:TrackPointExtension>
        </extensions>
      </trkpt>
      <trkpt lat="49.67177652753889560699462890625" lon="-123.1400125287473201751708984375">
        <ele>643</ele>
        <time>2023-07-16T21:02:21.000Z</time>
        <extensions>
          <ns3:TrackPointExtension>
            <ns3:hr>147</ns3:hr>
          </ns3:TrackPointExtension>
        </extensions>
      </trkpt>
      <trkpt lat="49.67177937738597393035888671875" lon="-123.14001948572695255279541015625">
        <ele>643</ele>
        <time>2023-07-16T21:02:23.000Z</time>
        <extensions>
          <ns3:TrackPointExtension>
            <ns3:hr>144</ns3:hr>
          </ns3:TrackPointExtension>
        </extensions>
      </trkpt>
      <trkpt lat="49.6717762760818004608154296875" lon="-123.1400252692401409149169921875">
        <ele>643</ele>
        <time>2023-07-16T21:02:25.000Z</time>
        <extensions>
          <ns3:TrackPointExtension>
            <ns3:hr>145</ns3:hr>
          </ns3:TrackPointExtension>
        </extensions>
      </trkpt>
      <trkpt lat="49.6717507950961589813232421875" lon="-123.14005133695900440216064453125">
        <ele>643.20001220703125</ele>
        <time>2023-07-16T21:02:31.000Z</time>
        <extensions>
          <ns3:TrackPointExtension>
            <ns3:hr>143</ns3:hr>
          </ns3:TrackPointExtension>
        </extensions>
      </trkpt>
      <trkpt lat="49.6717518009245395660400390625" lon="-123.140048570930957794189453125">
        <ele>643.5999755859375</ele>
        <time>2023-07-16T21:02:35.000Z</time>
        <extensions>
          <ns3:TrackPointExtension>
            <ns3:hr>140</ns3:hr>
          </ns3:TrackPointExtension>
        </extensions>
      </trkpt>
      <trkpt lat="49.6717518009245395660400390625" lon="-123.140048570930957794189453125">
        <ele>644</ele>
        <time>2023-07-16T21:02:40.000Z</time>
        <extensions>
          <ns3:TrackPointExtension>
            <ns3:hr>140</ns3:hr>
          </ns3:TrackPointExtension>
        </extensions>
      </trkpt>
      <trkpt lat="49.6717518009245395660400390625" lon="-123.140048570930957794189453125">
        <ele>644</ele>
        <time>2023-07-16T21:02:42.000Z</time>
        <extensions>
          <ns3:TrackPointExtension>
            <ns3:hr>137</ns3:hr>
          </ns3:TrackPointExtension>
        </extensions>
      </trkpt>
      <trkpt lat="49.67174760997295379638671875" lon="-123.14005066640675067901611328125">
        <ele>644.20001220703125</ele>
        <time>2023-07-16T21:02:51.000Z</time>
        <extensions>
          <ns3:TrackPointExtension>
            <ns3:hr>134</ns3:hr>
          </ns3:TrackPointExtension>
        </extensions>
      </trkpt>
      <trkpt lat="49.67174584977328777313232421875" lon="-123.140051253139972686767578125">
        <ele>644.20001220703125</ele>
        <time>2023-07-16T21:02:52.000Z</time>
        <extensions>
          <ns3:TrackPointExtension>
            <ns3:hr>135</ns3:hr>
          </ns3:TrackPointExtension>
        </extensions>
      </trkpt>
      <trkpt lat="49.67172137461602687835693359375" lon="-123.1400524266064167022705078125">
        <ele>644.4000244140625</ele>
        <time>2023-07-16T21:02:58.000Z</time>
        <extensions>
          <ns3:TrackPointExtension>
            <ns3:hr>134</ns3:hr>
          </ns3:TrackPointExtension>
        </extensions>
      </trkpt>
      <trkpt lat="49.671737886965274810791015625" lon="-123.14006768167018890380859375">
        <ele>645.4000244140625</ele>
        <time>2023-07-16T21:03:03.000Z</time>
        <extensions>
          <ns3:TrackPointExtension>
            <ns3:hr>134</ns3:hr>
          </ns3:TrackPointExtension>
        </extensions>
      </trkpt>
      <trkpt lat="49.67179723083972930908203125" lon="-123.14004278741776943206787109375">
        <ele>646.20001220703125</ele>
        <time>2023-07-16T21:03:08.000Z</time>
        <extensions>
          <ns3:TrackPointExtension>
            <ns3:hr>134</ns3:hr>
          </ns3:TrackPointExtension>
        </extensions>
      </trkpt>
      <trkpt lat="49.6718086302280426025390625" lon="-123.1400192342698574066162109375">
        <ele>646.20001220703125</ele>
        <time>2023-07-16T21:03:10.000Z</time>
        <extensions>
          <ns3:TrackPointExtension>
            <ns3:hr>134</ns3:hr>
          </ns3:TrackPointExtension>
        </extensions>
      </trkpt>
      <trkpt lat="49.6718114800751209259033203125" lon="-123.140011020004749298095703125">
        <ele>646.4000244140625</ele>
        <time>2023-07-16T21:03:11.000Z</time>
        <extensions>
          <ns3:TrackPointExtension>
            <ns3:hr>133</ns3:hr>
          </ns3:TrackPointExtension>
        </extensions>
      </trkpt>
      <trkpt lat="49.67181759886443614959716796875" lon="-123.1400105170905590057373046875">
        <ele>646.5999755859375</ele>
        <time>2023-07-16T21:03:12.000Z</time>
        <extensions>
          <ns3:TrackPointExtension>
            <ns3:hr>133</ns3:hr>
          </ns3:TrackPointExtension>
        </extensions>
      </trkpt>
      <trkpt lat="49.67182430438697338104248046875" lon="-123.1399944238364696502685546875">
        <ele>646.79998779296875</ele>
        <time>2023-07-16T21:03:13.000Z</time>
        <extensions>
          <ns3:TrackPointExtension>
            <ns3:hr>133</ns3:hr>
          </ns3:TrackPointExtension>
        </extensions>
      </trkpt>
      <trkpt lat="49.67185816727578639984130859375" lon="-123.13997506164014339447021484375">
        <ele>647.20001220703125</ele>
        <time>2023-07-16T21:03:18.000Z</time>
        <extensions>
          <ns3:TrackPointExtension>
            <ns3:hr>132</ns3:hr>
          </ns3:TrackPointExtension>
        </extensions>
      </trkpt>
      <trkpt lat="49.671904183924198150634765625" lon="-123.13996952958405017852783203125">
        <ele>647.20001220703125</ele>
        <time>2023-07-16T21:03:21.000Z</time>
        <extensions>
          <ns3:TrackPointExtension>
            <ns3:hr>136</ns3:hr>
          </ns3:TrackPointExtension>
        </extensions>
      </trkpt>
      <trkpt lat="49.67190812341868877410888671875" lon="-123.13996651209890842437744140625">
        <ele>647.4000244140625</ele>
        <time>2023-07-16T21:03:22.000Z</time>
        <extensions>
          <ns3:TrackPointExtension>
            <ns3:hr>137</ns3:hr>
          </ns3:TrackPointExtension>
        </extensions>
      </trkpt>
      <trkpt lat="49.6719271503388881683349609375" lon="-123.1399712897837162017822265625">
        <ele>647.5999755859375</ele>
        <time>2023-07-16T21:03:24.000Z</time>
        <extensions>
          <ns3:TrackPointExtension>
            <ns3:hr>138</ns3:hr>
          </ns3:TrackPointExtension>
        </extensions>
      </trkpt>
      <trkpt lat="49.67194207012653350830078125" lon="-123.1399669311940670013427734375">
        <ele>647.79998779296875</ele>
        <time>2023-07-16T21:03:26.000Z</time>
        <extensions>
          <ns3:TrackPointExtension>
            <ns3:hr>139</ns3:hr>
          </ns3:TrackPointExtension>
        </extensions>
      </trkpt>
      <trkpt lat="49.67197425663471221923828125" lon="-123.13994639553129673004150390625">
        <ele>648</ele>
        <time>2023-07-16T21:03:28.000Z</time>
        <extensions>
          <ns3:TrackPointExtension>
            <ns3:hr>141</ns3:hr>
          </ns3:TrackPointExtension>
        </extensions>
      </trkpt>
      <trkpt lat="49.671985991299152374267578125" lon="-123.13993818126618862152099609375">
        <ele>648.20001220703125</ele>
        <time>2023-07-16T21:03:30.000Z</time>
        <extensions>
          <ns3:TrackPointExtension>
            <ns3:hr>142</ns3:hr>
          </ns3:TrackPointExtension>
        </extensions>
      </trkpt>
      <trkpt lat="49.6719811297953128814697265625" lon="-123.139929883182048797607421875">
        <ele>648.20001220703125</ele>
        <time>2023-07-16T21:03:32.000Z</time>
        <extensions>
          <ns3:TrackPointExtension>
            <ns3:hr>144</ns3:hr>
          </ns3:TrackPointExtension>
        </extensions>
      </trkpt>
      <trkpt lat="49.6719915233552455902099609375" lon="-123.1398988701403141021728515625">
        <ele>648.5999755859375</ele>
        <time>2023-07-16T21:03:34.000Z</time>
        <extensions>
          <ns3:TrackPointExtension>
            <ns3:hr>144</ns3:hr>
          </ns3:TrackPointExtension>
        </extensions>
      </trkpt>
      <trkpt lat="49.67199747450649738311767578125" lon="-123.13989073969423770904541015625">
        <ele>648.79998779296875</ele>
        <time>2023-07-16T21:03:35.000Z</time>
        <extensions>
          <ns3:TrackPointExtension>
            <ns3:hr>146</ns3:hr>
          </ns3:TrackPointExtension>
        </extensions>
      </trkpt>
      <trkpt lat="49.67198657803237438201904296875" lon="-123.13989333808422088623046875">
        <ele>649</ele>
        <time>2023-07-16T21:03:37.000Z</time>
        <extensions>
          <ns3:TrackPointExtension>
            <ns3:hr>146</ns3:hr>
          </ns3:TrackPointExtension>
        </extensions>
      </trkpt>
      <trkpt lat="49.6719888411462306976318359375" lon="-123.13989191316068172454833984375">
        <ele>649.20001220703125</ele>
        <time>2023-07-16T21:03:39.000Z</time>
        <extensions>
          <ns3:TrackPointExtension>
            <ns3:hr>147</ns3:hr>
          </ns3:TrackPointExtension>
        </extensions>
      </trkpt>
      <trkpt lat="49.67199596576392650604248046875" lon="-123.1398686952888965606689453125">
        <ele>649.5999755859375</ele>
        <time>2023-07-16T21:03:41.000Z</time>
        <extensions>
          <ns3:TrackPointExtension>
            <ns3:hr>149</ns3:hr>
          </ns3:TrackPointExtension>
        </extensions>
      </trkpt>
      <trkpt lat="49.6720022521913051605224609375" lon="-123.13986643217504024505615234375">
        <ele>649.79998779296875</ele>
        <time>2023-07-16T21:03:42.000Z</time>
        <extensions>
          <ns3:TrackPointExtension>
            <ns3:hr>149</ns3:hr>
          </ns3:TrackPointExtension>
        </extensions>
      </trkpt>
      <trkpt lat="49.6720448322594165802001953125" lon="-123.1398727186024188995361328125">
        <ele>650.20001220703125</ele>
        <time>2023-07-16T21:03:46.000Z</time>
        <extensions>
          <ns3:TrackPointExtension>
            <ns3:hr>148</ns3:hr>
          </ns3:TrackPointExtension>
        </extensions>
      </trkpt>
      <trkpt lat="49.67204994522035121917724609375" lon="-123.13986727036535739898681640625">
        <ele>650.4000244140625</ele>
        <time>2023-07-16T21:03:48.000Z</time>
        <extensions>
          <ns3:TrackPointExtension>
            <ns3:hr>145</ns3:hr>
          </ns3:TrackPointExtension>
        </extensions>
      </trkpt>
      <trkpt lat="49.67204960994422435760498046875" lon="-123.13985503278672695159912109375">
        <ele>650.5999755859375</ele>
        <time>2023-07-16T21:03:51.000Z</time>
        <extensions>
          <ns3:TrackPointExtension>
            <ns3:hr>143</ns3:hr>
          </ns3:TrackPointExtension>
        </extensions>
      </trkpt>
      <trkpt lat="49.67205380089581012725830078125" lon="-123.13985469751060009002685546875">
        <ele>650.5999755859375</ele>
        <time>2023-07-16T21:03:52.000Z</time>
        <extensions>
          <ns3:TrackPointExtension>
            <ns3:hr>144</ns3:hr>
          </ns3:TrackPointExtension>
        </extensions>
      </trkpt>
      <trkpt lat="49.67205329798161983489990234375" lon="-123.13982552848756313323974609375">
        <ele>650.79998779296875</ele>
        <time>2023-07-16T21:03:55.000Z</time>
        <extensions>
          <ns3:TrackPointExtension>
            <ns3:hr>147</ns3:hr>
          </ns3:TrackPointExtension>
        </extensions>
      </trkpt>
      <trkpt lat="49.672073833644390106201171875" lon="-123.13979602418839931488037109375">
        <ele>651.20001220703125</ele>
        <time>2023-07-16T21:04:00.000Z</time>
        <extensions>
          <ns3:TrackPointExtension>
            <ns3:hr>147</ns3:hr>
          </ns3:TrackPointExtension>
        </extensions>
      </trkpt>
      <trkpt lat="49.67209872789680957794189453125" lon="-123.13979870639741420745849609375">
        <ele>651.20001220703125</ele>
        <time>2023-07-16T21:04:02.000Z</time>
        <extensions>
          <ns3:TrackPointExtension>
            <ns3:hr>146</ns3:hr>
          </ns3:TrackPointExtension>
        </extensions>
      </trkpt>
      <trkpt lat="49.67214281670749187469482421875" lon="-123.139787055552005767822265625">
        <ele>651.5999755859375</ele>
        <time>2023-07-16T21:04:06.000Z</time>
        <extensions>
          <ns3:TrackPointExtension>
            <ns3:hr>146</ns3:hr>
          </ns3:TrackPointExtension>
        </extensions>
      </trkpt>
      <trkpt lat="49.67216469347476959228515625" lon="-123.13976534642279148101806640625">
        <ele>652.20001220703125</ele>
        <time>2023-07-16T21:04:10.000Z</time>
        <extensions>
          <ns3:TrackPointExtension>
            <ns3:hr>150</ns3:hr>
          </ns3:TrackPointExtension>
        </extensions>
      </trkpt>
      <trkpt lat="49.672167710959911346435546875" lon="-123.13976735807955265045166015625">
        <ele>652.5999755859375</ele>
        <time>2023-07-16T21:04:12.000Z</time>
        <extensions>
          <ns3:TrackPointExtension>
            <ns3:hr>149</ns3:hr>
          </ns3:TrackPointExtension>
        </extensions>
      </trkpt>
      <trkpt lat="49.67217483557760715484619140625" lon="-123.13977255485951900482177734375">
        <ele>652.79998779296875</ele>
        <time>2023-07-16T21:04:14.000Z</time>
        <extensions>
          <ns3:TrackPointExtension>
            <ns3:hr>151</ns3:hr>
          </ns3:TrackPointExtension>
        </extensions>
      </trkpt>
      <trkpt lat="49.67217600904405117034912109375" lon="-123.13974824734032154083251953125">
        <ele>653</ele>
        <time>2023-07-16T21:04:17.000Z</time>
        <extensions>
          <ns3:TrackPointExtension>
            <ns3:hr>150</ns3:hr>
          </ns3:TrackPointExtension>
        </extensions>
      </trkpt>
      <trkpt lat="49.67218707315623760223388671875" lon="-123.13970097340643405914306640625">
        <ele>653.20001220703125</ele>
        <time>2023-07-16T21:04:20.000Z</time>
        <extensions>
          <ns3:TrackPointExtension>
            <ns3:hr>151</ns3:hr>
          </ns3:TrackPointExtension>
        </extensions>
      </trkpt>
      <trkpt lat="49.672190509736537933349609375" lon="-123.139698542654514312744140625">
        <ele>653.20001220703125</ele>
        <time>2023-07-16T21:04:21.000Z</time>
        <extensions>
          <ns3:TrackPointExtension>
            <ns3:hr>151</ns3:hr>
          </ns3:TrackPointExtension>
        </extensions>
      </trkpt>
      <trkpt lat="49.67219914309680461883544921875" lon="-123.1396571360528469085693359375">
        <ele>653.4000244140625</ele>
        <time>2023-07-16T21:04:24.000Z</time>
        <extensions>
          <ns3:TrackPointExtension>
            <ns3:hr>151</ns3:hr>
          </ns3:TrackPointExtension>
        </extensions>
      </trkpt>
      <trkpt lat="49.67220048420131206512451171875" lon="-123.139650262892246246337890625">
        <ele>653.5999755859375</ele>
        <time>2023-07-16T21:04:26.000Z</time>
        <extensions>
          <ns3:TrackPointExtension>
            <ns3:hr>151</ns3:hr>
          </ns3:TrackPointExtension>
        </extensions>
      </trkpt>
      <trkpt lat="49.6722014062106609344482421875" lon="-123.1396413780748844146728515625">
        <ele>653.5999755859375</ele>
        <time>2023-07-16T21:04:28.000Z</time>
        <extensions>
          <ns3:TrackPointExtension>
            <ns3:hr>151</ns3:hr>
          </ns3:TrackPointExtension>
        </extensions>
      </trkpt>
      <trkpt lat="49.67218640260398387908935546875" lon="-123.1396366842091083526611328125">
        <ele>653.79998779296875</ele>
        <time>2023-07-16T21:04:29.000Z</time>
        <extensions>
          <ns3:TrackPointExtension>
            <ns3:hr>153</ns3:hr>
          </ns3:TrackPointExtension>
        </extensions>
      </trkpt>
      <trkpt lat="49.67215798795223236083984375" lon="-123.13963559456169605255126953125">
        <ele>654</ele>
        <time>2023-07-16T21:04:34.000Z</time>
        <extensions>
          <ns3:TrackPointExtension>
            <ns3:hr>150</ns3:hr>
          </ns3:TrackPointExtension>
        </extensions>
      </trkpt>
      <trkpt lat="49.67215890996158123016357421875" lon="-123.13962184824049472808837890625">
        <ele>654</ele>
        <time>2023-07-16T21:04:35.000Z</time>
        <extensions>
          <ns3:TrackPointExtension>
            <ns3:hr>148</ns3:hr>
          </ns3:TrackPointExtension>
        </extensions>
      </trkpt>
      <trkpt lat="49.672201909124851226806640625" lon="-123.139565773308277130126953125">
        <ele>654.5999755859375</ele>
        <time>2023-07-16T21:04:42.000Z</time>
        <extensions>
          <ns3:TrackPointExtension>
            <ns3:hr>145</ns3:hr>
          </ns3:TrackPointExtension>
        </extensions>
      </trkpt>
      <trkpt lat="49.672206602990627288818359375" lon="-123.13956686295568943023681640625">
        <ele>654.79998779296875</ele>
        <time>2023-07-16T21:04:44.000Z</time>
        <extensions>
          <ns3:TrackPointExtension>
            <ns3:hr>142</ns3:hr>
          </ns3:TrackPointExtension>
        </extensions>
      </trkpt>
      <trkpt lat="49.67219746671617031097412109375" lon="-123.1395716406404972076416015625">
        <ele>654.5999755859375</ele>
        <time>2023-07-16T21:04:47.000Z</time>
        <extensions>
          <ns3:TrackPointExtension>
            <ns3:hr>138</ns3:hr>
          </ns3:TrackPointExtension>
        </extensions>
      </trkpt>
      <trkpt lat="49.672193191945552825927734375" lon="-123.13955110497772693634033203125">
        <ele>654.4000244140625</ele>
        <time>2023-07-16T21:04:51.000Z</time>
        <extensions>
          <ns3:TrackPointExtension>
            <ns3:hr>136</ns3:hr>
          </ns3:TrackPointExtension>
        </extensions>
      </trkpt>
      <trkpt lat="49.672182463109493255615234375" lon="-123.13955512829124927520751953125">
        <ele>654.5999755859375</ele>
        <time>2023-07-16T21:04:55.000Z</time>
        <extensions>
          <ns3:TrackPointExtension>
            <ns3:hr>133</ns3:hr>
          </ns3:TrackPointExtension>
        </extensions>
      </trkpt>
      <trkpt lat="49.67222227714955806732177734375" lon="-123.13955797813832759857177734375">
        <ele>655.20001220703125</ele>
        <time>2023-07-16T21:05:01.000Z</time>
        <extensions>
          <ns3:TrackPointExtension>
            <ns3:hr>132</ns3:hr>
          </ns3:TrackPointExtension>
        </extensions>
      </trkpt>
      <trkpt lat="49.6722295694053173065185546875" lon="-123.139559067785739898681640625">
        <ele>655.5999755859375</ele>
        <time>2023-07-16T21:05:06.000Z</time>
        <extensions>
          <ns3:TrackPointExtension>
            <ns3:hr>133</ns3:hr>
          </ns3:TrackPointExtension>
        </extensions>
      </trkpt>
      <trkpt lat="49.67223384417593479156494140625" lon="-123.13955848105251789093017578125">
        <ele>655.79998779296875</ele>
        <time>2023-07-16T21:05:07.000Z</time>
        <extensions>
          <ns3:TrackPointExtension>
            <ns3:hr>133</ns3:hr>
          </ns3:TrackPointExtension>
        </extensions>
      </trkpt>
      <trkpt lat="49.6722718141973018646240234375" lon="-123.1395592354238033294677734375">
        <ele>656.4000244140625</ele>
        <time>2023-07-16T21:05:12.000Z</time>
        <extensions>
          <ns3:TrackPointExtension>
            <ns3:hr>135</ns3:hr>
          </ns3:TrackPointExtension>
        </extensions>
      </trkpt>
      <trkpt lat="49.672303833067417144775390625" lon="-123.139535598456859588623046875">
        <ele>656.79998779296875</ele>
        <time>2023-07-16T21:05:18.000Z</time>
        <extensions>
          <ns3:TrackPointExtension>
            <ns3:hr>136</ns3:hr>
          </ns3:TrackPointExtension>
        </extensions>
      </trkpt>
      <trkpt lat="49.67232185415923595428466796875" lon="-123.13951975665986537933349609375">
        <ele>657.4000244140625</ele>
        <time>2023-07-16T21:05:21.000Z</time>
        <extensions>
          <ns3:TrackPointExtension>
            <ns3:hr>134</ns3:hr>
          </ns3:TrackPointExtension>
        </extensions>
      </trkpt>
      <trkpt lat="49.67235169373452663421630859375" lon="-123.13948094844818115234375">
        <ele>657.79998779296875</ele>
        <time>2023-07-16T21:05:27.000Z</time>
        <extensions>
          <ns3:TrackPointExtension>
            <ns3:hr>135</ns3:hr>
          </ns3:TrackPointExtension>
        </extensions>
      </trkpt>
      <trkpt lat="49.67235856689512729644775390625" lon="-123.13946996815502643585205078125">
        <ele>658</ele>
        <time>2023-07-16T21:05:28.000Z</time>
        <extensions>
          <ns3:TrackPointExtension>
            <ns3:hr>135</ns3:hr>
          </ns3:TrackPointExtension>
        </extensions>
      </trkpt>
      <trkpt lat="49.6723787672817707061767578125" lon="-123.13946560956537723541259765625">
        <ele>658.5999755859375</ele>
        <time>2023-07-16T21:05:34.000Z</time>
        <extensions>
          <ns3:TrackPointExtension>
            <ns3:hr>134</ns3:hr>
          </ns3:TrackPointExtension>
        </extensions>
      </trkpt>
      <trkpt lat="49.67236007563769817352294921875" lon="-123.1394415535032749176025390625">
        <ele>659.20001220703125</ele>
        <time>2023-07-16T21:05:39.000Z</time>
        <extensions>
          <ns3:TrackPointExtension>
            <ns3:hr>133</ns3:hr>
          </ns3:TrackPointExtension>
        </extensions>
      </trkpt>
      <trkpt lat="49.67236124910414218902587890625" lon="-123.13940341584384441375732421875">
        <ele>659.5999755859375</ele>
        <time>2023-07-16T21:05:45.000Z</time>
        <extensions>
          <ns3:TrackPointExtension>
            <ns3:hr>132</ns3:hr>
          </ns3:TrackPointExtension>
        </extensions>
      </trkpt>
      <trkpt lat="49.6723606623709201812744140625" lon="-123.13935345970094203948974609375">
        <ele>660.20001220703125</ele>
        <time>2023-07-16T21:05:50.000Z</time>
        <extensions>
          <ns3:TrackPointExtension>
            <ns3:hr>133</ns3:hr>
          </ns3:TrackPointExtension>
        </extensions>
      </trkpt>
      <trkpt lat="49.67236694879829883575439453125" lon="-123.13934507779777050018310546875">
        <ele>660.20001220703125</ele>
        <time>2023-07-16T21:05:52.000Z</time>
        <extensions>
          <ns3:TrackPointExtension>
            <ns3:hr>135</ns3:hr>
          </ns3:TrackPointExtension>
        </extensions>
      </trkpt>
      <trkpt lat="49.67238731682300567626953125" lon="-123.1393537111580371856689453125">
        <ele>660.20001220703125</ele>
        <time>2023-07-16T21:05:54.000Z</time>
        <extensions>
          <ns3:TrackPointExtension>
            <ns3:hr>138</ns3:hr>
          </ns3:TrackPointExtension>
        </extensions>
      </trkpt>
      <trkpt lat="49.6723982132971286773681640625" lon="-123.13935563899576663970947265625">
        <ele>660.20001220703125</ele>
        <time>2023-07-16T21:05:55.000Z</time>
        <extensions>
          <ns3:TrackPointExtension>
            <ns3:hr>139</ns3:hr>
          </ns3:TrackPointExtension>
        </extensions>
      </trkpt>
      <trkpt lat="49.67238924466073513031005859375" lon="-123.13932311721146106719970703125">
        <ele>660.20001220703125</ele>
        <time>2023-07-16T21:06:00.000Z</time>
        <extensions>
          <ns3:TrackPointExtension>
            <ns3:hr>139</ns3:hr>
          </ns3:TrackPointExtension>
        </extensions>
      </trkpt>
      <trkpt lat="49.67240567319095134735107421875" lon="-123.13930249772965908050537109375">
        <ele>660.20001220703125</ele>
        <time>2023-07-16T21:06:06.000Z</time>
        <extensions>
          <ns3:TrackPointExtension>
            <ns3:hr>140</ns3:hr>
          </ns3:TrackPointExtension>
        </extensions>
      </trkpt>
      <trkpt lat="49.6724005602300167083740234375" lon="-123.13928179442882537841796875">
        <ele>661</ele>
        <time>2023-07-16T21:06:11.000Z</time>
        <extensions>
          <ns3:TrackPointExtension>
            <ns3:hr>142</ns3:hr>
          </ns3:TrackPointExtension>
        </extensions>
      </trkpt>
      <trkpt lat="49.67238220386207103729248046875" lon="-123.139269389212131500244140625">
        <ele>661.20001220703125</ele>
        <time>2023-07-16T21:06:14.000Z</time>
        <extensions>
          <ns3:TrackPointExtension>
            <ns3:hr>145</ns3:hr>
          </ns3:TrackPointExtension>
        </extensions>
      </trkpt>
      <trkpt lat="49.67236694879829883575439453125" lon="-123.13926243223249912261962890625">
        <ele>661.5999755859375</ele>
        <time>2023-07-16T21:06:18.000Z</time>
        <extensions>
          <ns3:TrackPointExtension>
            <ns3:hr>148</ns3:hr>
          </ns3:TrackPointExtension>
        </extensions>
      </trkpt>
      <trkpt lat="49.67237181030213832855224609375" lon="-123.1392598338425159454345703125">
        <ele>662.4000244140625</ele>
        <time>2023-07-16T21:06:24.000Z</time>
        <extensions>
          <ns3:TrackPointExtension>
            <ns3:hr>146</ns3:hr>
          </ns3:TrackPointExtension>
        </extensions>
      </trkpt>
      <trkpt lat="49.67237516306340694427490234375" lon="-123.139260001480579376220703125">
        <ele>663.4000244140625</ele>
        <time>2023-07-16T21:06:29.000Z</time>
        <extensions>
          <ns3:TrackPointExtension>
            <ns3:hr>149</ns3:hr>
          </ns3:TrackPointExtension>
        </extensions>
      </trkpt>
      <trkpt lat="49.67237516306340694427490234375" lon="-123.139260001480579376220703125">
        <ele>663.4000244140625</ele>
        <time>2023-07-16T21:06:30.000Z</time>
        <extensions>
          <ns3:TrackPointExtension>
            <ns3:hr>149</ns3:hr>
          </ns3:TrackPointExtension>
        </extensions>
      </trkpt>
      <trkpt lat="49.67237516306340694427490234375" lon="-123.139260001480579376220703125">
        <ele>663.5999755859375</ele>
        <time>2023-07-16T21:06:31.000Z</time>
        <extensions>
          <ns3:TrackPointExtension>
            <ns3:hr>150</ns3:hr>
          </ns3:TrackPointExtension>
        </extensions>
      </trkpt>
      <trkpt lat="49.67239896766841411590576171875" lon="-123.13924281857907772064208984375">
        <ele>664</ele>
        <time>2023-07-16T21:06:34.000Z</time>
        <extensions>
          <ns3:TrackPointExtension>
            <ns3:hr>151</ns3:hr>
          </ns3:TrackPointExtension>
        </extensions>
      </trkpt>
      <trkpt lat="49.67240743339061737060546875" lon="-123.139231838285923004150390625">
        <ele>664.20001220703125</ele>
        <time>2023-07-16T21:06:35.000Z</time>
        <extensions>
          <ns3:TrackPointExtension>
            <ns3:hr>151</ns3:hr>
          </ns3:TrackPointExtension>
        </extensions>
      </trkpt>
      <trkpt lat="49.67241740785539150238037109375" lon="-123.13921197317540645599365234375">
        <ele>664.79998779296875</ele>
        <time>2023-07-16T21:06:37.000Z</time>
        <extensions>
          <ns3:TrackPointExtension>
            <ns3:hr>152</ns3:hr>
          </ns3:TrackPointExtension>
        </extensions>
      </trkpt>
      <trkpt lat="49.6724297292530536651611328125" lon="-123.1391850672662258148193359375">
        <ele>665.20001220703125</ele>
        <time>2023-07-16T21:06:38.000Z</time>
        <extensions>
          <ns3:TrackPointExtension>
            <ns3:hr>153</ns3:hr>
          </ns3:TrackPointExtension>
        </extensions>
      </trkpt>
      <trkpt lat="49.67245294712483882904052734375" lon="-123.13912748359143733978271484375">
        <ele>665.79998779296875</ele>
        <time>2023-07-16T21:06:42.000Z</time>
        <extensions>
          <ns3:TrackPointExtension>
            <ns3:hr>153</ns3:hr>
          </ns3:TrackPointExtension>
        </extensions>
      </trkpt>
      <trkpt lat="49.67245227657258510589599609375" lon="-123.13912245444953441619873046875">
        <ele>666</ele>
        <time>2023-07-16T21:06:43.000Z</time>
        <extensions>
          <ns3:TrackPointExtension>
            <ns3:hr>153</ns3:hr>
          </ns3:TrackPointExtension>
        </extensions>
      </trkpt>
      <trkpt lat="49.67244087718427181243896484375" lon="-123.1390935368835926055908203125">
        <ele>666.4000244140625</ele>
        <time>2023-07-16T21:06:48.000Z</time>
        <extensions>
          <ns3:TrackPointExtension>
            <ns3:hr>152</ns3:hr>
          </ns3:TrackPointExtension>
        </extensions>
      </trkpt>
      <trkpt lat="49.67244976200163364410400390625" lon="-123.13907953910529613494873046875">
        <ele>666.4000244140625</ele>
        <time>2023-07-16T21:06:50.000Z</time>
        <extensions>
          <ns3:TrackPointExtension>
            <ns3:hr>151</ns3:hr>
          </ns3:TrackPointExtension>
        </extensions>
      </trkpt>
      <trkpt lat="49.67241405509412288665771484375" lon="-123.13908942975103855133056640625">
        <ele>666.5999755859375</ele>
        <time>2023-07-16T21:06:55.000Z</time>
        <extensions>
          <ns3:TrackPointExtension>
            <ns3:hr>152</ns3:hr>
          </ns3:TrackPointExtension>
        </extensions>
      </trkpt>
      <trkpt lat="49.67241154052317142486572265625" lon="-123.1390700675547122955322265625">
        <ele>666.5999755859375</ele>
        <time>2023-07-16T21:07:01.000Z</time>
        <extensions>
          <ns3:TrackPointExtension>
            <ns3:hr>150</ns3:hr>
          </ns3:TrackPointExtension>
        </extensions>
      </trkpt>
      <trkpt lat="49.6724099479615688323974609375" lon="-123.139038719236850738525390625">
        <ele>666.79998779296875</ele>
        <time>2023-07-16T21:07:04.000Z</time>
        <extensions>
          <ns3:TrackPointExtension>
            <ns3:hr>147</ns3:hr>
          </ns3:TrackPointExtension>
        </extensions>
      </trkpt>
      <trkpt lat="49.67240232042968273162841796875" lon="-123.1390231288969516754150390625">
        <ele>667.20001220703125</ele>
        <time>2023-07-16T21:07:07.000Z</time>
        <extensions>
          <ns3:TrackPointExtension>
            <ns3:hr>144</ns3:hr>
          </ns3:TrackPointExtension>
        </extensions>
      </trkpt>
      <trkpt lat="49.67245437204837799072265625" lon="-123.13897996209561824798583984375">
        <ele>668</ele>
        <time>2023-07-16T21:07:12.000Z</time>
        <extensions>
          <ns3:TrackPointExtension>
            <ns3:hr>144</ns3:hr>
          </ns3:TrackPointExtension>
        </extensions>
      </trkpt>
      <trkpt lat="49.672436602413654327392578125" lon="-123.13895666040480136871337890625">
        <ele>668.79998779296875</ele>
        <time>2023-07-16T21:07:16.000Z</time>
        <extensions>
          <ns3:TrackPointExtension>
            <ns3:hr>145</ns3:hr>
          </ns3:TrackPointExtension>
        </extensions>
      </trkpt>
      <trkpt lat="49.6724552102386951446533203125" lon="-123.1389302574098110198974609375">
        <ele>669</ele>
        <time>2023-07-16T21:07:21.000Z</time>
        <extensions>
          <ns3:TrackPointExtension>
            <ns3:hr>146</ns3:hr>
          </ns3:TrackPointExtension>
        </extensions>
      </trkpt>
      <trkpt lat="49.67244825325906276702880859375" lon="-123.13891340978443622589111328125">
        <ele>670</ele>
        <time>2023-07-16T21:07:25.000Z</time>
        <extensions>
          <ns3:TrackPointExtension>
            <ns3:hr>145</ns3:hr>
          </ns3:TrackPointExtension>
        </extensions>
      </trkpt>
      <trkpt lat="49.672451019287109375" lon="-123.13891156576573848724365234375">
        <ele>670.20001220703125</ele>
        <time>2023-07-16T21:07:26.000Z</time>
        <extensions>
          <ns3:TrackPointExtension>
            <ns3:hr>145</ns3:hr>
          </ns3:TrackPointExtension>
        </extensions>
      </trkpt>
      <trkpt lat="49.67243601568043231964111328125" lon="-123.13890569843351840972900390625">
        <ele>671</ele>
        <time>2023-07-16T21:07:31.000Z</time>
        <extensions>
          <ns3:TrackPointExtension>
            <ns3:hr>146</ns3:hr>
          </ns3:TrackPointExtension>
        </extensions>
      </trkpt>
      <trkpt lat="49.67242578975856304168701171875" lon="-123.13890360295772552490234375">
        <ele>671.20001220703125</ele>
        <time>2023-07-16T21:07:33.000Z</time>
        <extensions>
          <ns3:TrackPointExtension>
            <ns3:hr>143</ns3:hr>
          </ns3:TrackPointExtension>
        </extensions>
      </trkpt>
      <trkpt lat="49.67245445586740970611572265625" lon="-123.1388769485056400299072265625">
        <ele>671.20001220703125</ele>
        <time>2023-07-16T21:07:38.000Z</time>
        <extensions>
          <ns3:TrackPointExtension>
            <ns3:hr>143</ns3:hr>
          </ns3:TrackPointExtension>
        </extensions>
      </trkpt>
      <trkpt lat="49.67242394573986530303955078125" lon="-123.1388742662966251373291015625">
        <ele>672.4000244140625</ele>
        <time>2023-07-16T21:07:42.000Z</time>
        <extensions>
          <ns3:TrackPointExtension>
            <ns3:hr>143</ns3:hr>
          </ns3:TrackPointExtension>
        </extensions>
      </trkpt>
      <trkpt lat="49.67242025770246982574462890625" lon="-123.138873092830181121826171875">
        <ele>672.4000244140625</ele>
        <time>2023-07-16T21:07:43.000Z</time>
        <extensions>
          <ns3:TrackPointExtension>
            <ns3:hr>145</ns3:hr>
          </ns3:TrackPointExtension>
        </extensions>
      </trkpt>
      <trkpt lat="49.67240181751549243927001953125" lon="-123.13886873424053192138671875">
        <ele>673</ele>
        <time>2023-07-16T21:07:47.000Z</time>
        <extensions>
          <ns3:TrackPointExtension>
            <ns3:hr>144</ns3:hr>
          </ns3:TrackPointExtension>
        </extensions>
      </trkpt>
      <trkpt lat="49.67239930294454097747802734375" lon="-123.13884702511131763458251953125">
        <ele>673.20001220703125</ele>
        <time>2023-07-16T21:07:54.000Z</time>
        <extensions>
          <ns3:TrackPointExtension>
            <ns3:hr>144</ns3:hr>
          </ns3:TrackPointExtension>
        </extensions>
      </trkpt>
      <trkpt lat="49.6723848022520542144775390625" lon="-123.1388259865343570709228515625">
        <ele>673.20001220703125</ele>
        <time>2023-07-16T21:08:00.000Z</time>
        <extensions>
          <ns3:TrackPointExtension>
            <ns3:hr>144</ns3:hr>
          </ns3:TrackPointExtension>
        </extensions>
      </trkpt>
      <trkpt lat="49.67237331904470920562744140625" lon="-123.13881718553602695465087890625">
        <ele>673.4000244140625</ele>
        <time>2023-07-16T21:08:02.000Z</time>
        <extensions>
          <ns3:TrackPointExtension>
            <ns3:hr>143</ns3:hr>
          </ns3:TrackPointExtension>
        </extensions>
      </trkpt>
      <trkpt lat="49.67236594296991825103759765625" lon="-123.1388278305530548095703125">
        <ele>674.5999755859375</ele>
        <time>2023-07-16T21:08:05.000Z</time>
        <extensions>
          <ns3:TrackPointExtension>
            <ns3:hr>142</ns3:hr>
          </ns3:TrackPointExtension>
        </extensions>
      </trkpt>
      <trkpt lat="49.672366194427013397216796875" lon="-123.13882640562951564788818359375">
        <ele>674.79998779296875</ele>
        <time>2023-07-16T21:08:06.000Z</time>
        <extensions>
          <ns3:TrackPointExtension>
            <ns3:hr>143</ns3:hr>
          </ns3:TrackPointExtension>
        </extensions>
      </trkpt>
      <trkpt lat="49.67236879281699657440185546875" lon="-123.1388246454298496246337890625">
        <ele>675.5999755859375</ele>
        <time>2023-07-16T21:08:20.000Z</time>
        <extensions>
          <ns3:TrackPointExtension>
            <ns3:hr>142</ns3:hr>
          </ns3:TrackPointExtension>
        </extensions>
      </trkpt>
      <trkpt lat="49.67236879281699657440185546875" lon="-123.13882070593535900115966796875">
        <ele>675.4000244140625</ele>
        <time>2023-07-16T21:08:23.000Z</time>
        <extensions>
          <ns3:TrackPointExtension>
            <ns3:hr>139</ns3:hr>
          </ns3:TrackPointExtension>
        </extensions>
      </trkpt>
      <trkpt lat="49.67237130738794803619384765625" lon="-123.13881785608828067779541015625">
        <ele>675.20001220703125</ele>
        <time>2023-07-16T21:08:29.000Z</time>
        <extensions>
          <ns3:TrackPointExtension>
            <ns3:hr>136</ns3:hr>
          </ns3:TrackPointExtension>
        </extensions>
      </trkpt>
      <trkpt lat="49.67237935401499271392822265625" lon="-123.13881517387926578521728515625">
        <ele>675.5999755859375</ele>
        <time>2023-07-16T21:08:34.000Z</time>
        <extensions>
          <ns3:TrackPointExtension>
            <ns3:hr>133</ns3:hr>
          </ns3:TrackPointExtension>
        </extensions>
      </trkpt>
      <trkpt lat="49.67238186858594417572021484375" lon="-123.1388112343847751617431640625">
        <ele>675.79998779296875</ele>
        <time>2023-07-16T21:08:35.000Z</time>
        <extensions>
          <ns3:TrackPointExtension>
            <ns3:hr>133</ns3:hr>
          </ns3:TrackPointExtension>
        </extensions>
      </trkpt>
      <trkpt lat="49.67238320969045162200927734375" lon="-123.13880528323352336883544921875">
        <ele>676.79998779296875</ele>
        <time>2023-07-16T21:08:43.000Z</time>
        <extensions>
          <ns3:TrackPointExtension>
            <ns3:hr>133</ns3:hr>
          </ns3:TrackPointExtension>
        </extensions>
      </trkpt>
      <trkpt lat="49.6723837964236736297607421875" lon="-123.13880243338644504547119140625">
        <ele>677</ele>
        <time>2023-07-16T21:08:46.000Z</time>
        <extensions>
          <ns3:TrackPointExtension>
            <ns3:hr>136</ns3:hr>
          </ns3:TrackPointExtension>
        </extensions>
      </trkpt>
      <trkpt lat="49.67238320969045162200927734375" lon="-123.1387971527874469757080078125">
        <ele>676.4000244140625</ele>
        <time>2023-07-16T21:08:55.000Z</time>
        <extensions>
          <ns3:TrackPointExtension>
            <ns3:hr>132</ns3:hr>
          </ns3:TrackPointExtension>
        </extensions>
      </trkpt>
      <trkpt lat="49.67238287441432476043701171875" lon="-123.13878516666591167449951171875">
        <ele>676</ele>
        <time>2023-07-16T21:08:59.000Z</time>
        <extensions>
          <ns3:TrackPointExtension>
            <ns3:hr>135</ns3:hr>
          </ns3:TrackPointExtension>
        </extensions>
      </trkpt>
      <trkpt lat="49.67238237150013446807861328125" lon="-123.13878432847559452056884765625">
        <ele>676</ele>
        <time>2023-07-16T21:09:02.000Z</time>
        <extensions>
          <ns3:TrackPointExtension>
            <ns3:hr>131</ns3:hr>
          </ns3:TrackPointExtension>
        </extensions>
      </trkpt>
      <trkpt lat="49.6723445691168308258056640625" lon="-123.1387542374432086944580078125">
        <ele>677.20001220703125</ele>
        <time>2023-07-16T21:09:23.000Z</time>
        <extensions>
          <ns3:TrackPointExtension>
            <ns3:hr>131</ns3:hr>
          </ns3:TrackPointExtension>
        </extensions>
      </trkpt>
      <trkpt lat="49.672344736754894256591796875" lon="-123.138739652931690216064453125">
        <ele>677.79998779296875</ele>
        <time>2023-07-16T21:09:26.000Z</time>
        <extensions>
          <ns3:TrackPointExtension>
            <ns3:hr>130</ns3:hr>
          </ns3:TrackPointExtension>
        </extensions>
      </trkpt>
      <trkpt lat="49.67234306037425994873046875" lon="-123.13871727325022220611572265625">
        <ele>679</ele>
        <time>2023-07-16T21:09:29.000Z</time>
        <extensions>
          <ns3:TrackPointExtension>
            <ns3:hr>131</ns3:hr>
          </ns3:TrackPointExtension>
        </extensions>
      </trkpt>
      <trkpt lat="49.6723707206547260284423828125" lon="-123.13867561519145965576171875">
        <ele>680</ele>
        <time>2023-07-16T21:09:33.000Z</time>
        <extensions>
          <ns3:TrackPointExtension>
            <ns3:hr>130</ns3:hr>
          </ns3:TrackPointExtension>
        </extensions>
      </trkpt>
      <trkpt lat="49.67237700708210468292236328125" lon="-123.1386754475533962249755859375">
        <ele>680.4000244140625</ele>
        <time>2023-07-16T21:09:36.000Z</time>
        <extensions>
          <ns3:TrackPointExtension>
            <ns3:hr>126</ns3:hr>
          </ns3:TrackPointExtension>
        </extensions>
      </trkpt>
      <trkpt lat="49.6723767556250095367431640625" lon="-123.1386747770011425018310546875">
        <ele>680.4000244140625</ele>
        <time>2023-07-16T21:09:37.000Z</time>
        <extensions>
          <ns3:TrackPointExtension>
            <ns3:hr>132</ns3:hr>
          </ns3:TrackPointExtension>
        </extensions>
      </trkpt>
      <trkpt lat="49.6723770909011363983154296875" lon="-123.138673603534698486328125">
        <ele>680.4000244140625</ele>
        <time>2023-07-16T21:09:38.000Z</time>
        <extensions>
          <ns3:TrackPointExtension>
            <ns3:hr>137</ns3:hr>
          </ns3:TrackPointExtension>
        </extensions>
      </trkpt>
      <trkpt lat="49.67237331904470920562744140625" lon="-123.13867268152534961700439453125">
        <ele>680.4000244140625</ele>
        <time>2023-07-16T21:09:40.000Z</time>
        <extensions>
          <ns3:TrackPointExtension>
            <ns3:hr>143</ns3:hr>
          </ns3:TrackPointExtension>
        </extensions>
      </trkpt>
      <trkpt lat="49.67237248085439205169677734375" lon="-123.13867452554404735565185546875">
        <ele>680.4000244140625</ele>
        <time>2023-07-16T21:09:41.000Z</time>
        <extensions>
          <ns3:TrackPointExtension>
            <ns3:hr>142</ns3:hr>
          </ns3:TrackPointExtension>
        </extensions>
      </trkpt>
      <trkpt lat="49.6723703853785991668701171875" lon="-123.13867670483887195587158203125">
        <ele>680.4000244140625</ele>
        <time>2023-07-16T21:09:42.000Z</time>
        <extensions>
          <ns3:TrackPointExtension>
            <ns3:hr>138</ns3:hr>
          </ns3:TrackPointExtension>
        </extensions>
      </trkpt>
      <trkpt lat="49.67236661352217197418212890625" lon="-123.13867821358144283294677734375">
        <ele>680.20001220703125</ele>
        <time>2023-07-16T21:09:44.000Z</time>
        <extensions>
          <ns3:TrackPointExtension>
            <ns3:hr>141</ns3:hr>
          </ns3:TrackPointExtension>
        </extensions>
      </trkpt>
      <trkpt lat="49.67235621996223926544189453125" lon="-123.13867033459246158599853515625">
        <ele>680</ele>
        <time>2023-07-16T21:09:50.000Z</time>
        <extensions>
          <ns3:TrackPointExtension>
            <ns3:hr>141</ns3:hr>
          </ns3:TrackPointExtension>
        </extensions>
      </trkpt>
      <trkpt lat="49.67235420830547809600830078125" lon="-123.1386717595160007476806640625">
        <ele>679.79998779296875</ele>
        <time>2023-07-16T21:10:12.000Z</time>
        <extensions>
          <ns3:TrackPointExtension>
            <ns3:hr>140</ns3:hr>
          </ns3:TrackPointExtension>
        </extensions>
      </trkpt>
      <trkpt lat="49.67235504649579524993896484375" lon="-123.1386734358966350555419921875">
        <ele>679.79998779296875</ele>
        <time>2023-07-16T21:10:25.000Z</time>
        <extensions>
          <ns3:TrackPointExtension>
            <ns3:hr>137</ns3:hr>
          </ns3:TrackPointExtension>
        </extensions>
      </trkpt>
      <trkpt lat="49.6723623387515544891357421875" lon="-123.13868089579045772552490234375">
        <ele>679.4000244140625</ele>
        <time>2023-07-16T21:10:43.000Z</time>
        <extensions>
          <ns3:TrackPointExtension>
            <ns3:hr>134</ns3:hr>
          </ns3:TrackPointExtension>
        </extensions>
      </trkpt>
      <trkpt lat="49.6723623387515544891357421875" lon="-123.13868106342852115631103515625">
        <ele>679.4000244140625</ele>
        <time>2023-07-16T21:10:49.000Z</time>
        <extensions>
          <ns3:TrackPointExtension>
            <ns3:hr>137</ns3:hr>
          </ns3:TrackPointExtension>
        </extensions>
      </trkpt>
      <trkpt lat="49.67234029434621334075927734375" lon="-123.13867100514471530914306640625">
        <ele>680.5999755859375</ele>
        <time>2023-07-16T21:11:00.000Z</time>
        <extensions>
          <ns3:TrackPointExtension>
            <ns3:hr>134</ns3:hr>
          </ns3:TrackPointExtension>
        </extensions>
      </trkpt>
      <trkpt lat="49.67233912087976932525634765625" lon="-123.13866782002151012420654296875">
        <ele>681.4000244140625</ele>
        <time>2023-07-16T21:11:03.000Z</time>
        <extensions>
          <ns3:TrackPointExtension>
            <ns3:hr>135</ns3:hr>
          </ns3:TrackPointExtension>
        </extensions>
      </trkpt>
      <trkpt lat="49.67233761213719844818115234375" lon="-123.13866597600281238555908203125">
        <ele>682.4000244140625</ele>
        <time>2023-07-16T21:11:07.000Z</time>
        <extensions>
          <ns3:TrackPointExtension>
            <ns3:hr>130</ns3:hr>
          </ns3:TrackPointExtension>
        </extensions>
      </trkpt>
      <trkpt lat="49.6723244525492191314697265625" lon="-123.13864368014037609100341796875">
        <ele>683</ele>
        <time>2023-07-16T21:11:11.000Z</time>
        <extensions>
          <ns3:TrackPointExtension>
            <ns3:hr>127</ns3:hr>
          </ns3:TrackPointExtension>
        </extensions>
      </trkpt>
      <trkpt lat="49.6723227761685848236083984375" lon="-123.13862808980047702789306640625">
        <ele>683.5999755859375</ele>
        <time>2023-07-16T21:11:14.000Z</time>
        <extensions>
          <ns3:TrackPointExtension>
            <ns3:hr>129</ns3:hr>
          </ns3:TrackPointExtension>
        </extensions>
      </trkpt>
      <trkpt lat="49.67232151888310909271240234375" lon="-123.138604201376438140869140625">
        <ele>684.79998779296875</ele>
        <time>2023-07-16T21:11:18.000Z</time>
        <extensions>
          <ns3:TrackPointExtension>
            <ns3:hr>128</ns3:hr>
          </ns3:TrackPointExtension>
        </extensions>
      </trkpt>
      <trkpt lat="49.6723204292356967926025390625" lon="-123.13859053887426853179931640625">
        <ele>685.79998779296875</ele>
        <time>2023-07-16T21:11:23.000Z</time>
        <extensions>
          <ns3:TrackPointExtension>
            <ns3:hr>129</ns3:hr>
          </ns3:TrackPointExtension>
        </extensions>
      </trkpt>
      <trkpt lat="49.67230240814387798309326171875" lon="-123.1385420076549053192138671875">
        <ele>686.4000244140625</ele>
        <time>2023-07-16T21:11:39.000Z</time>
        <extensions>
          <ns3:TrackPointExtension>
            <ns3:hr>132</ns3:hr>
          </ns3:TrackPointExtension>
        </extensions>
      </trkpt>
      <trkpt lat="49.67229746282100677490234375" lon="-123.13854418694972991943359375">
        <ele>686.5999755859375</ele>
        <time>2023-07-16T21:11:50.000Z</time>
        <extensions>
          <ns3:TrackPointExtension>
            <ns3:hr>129</ns3:hr>
          </ns3:TrackPointExtension>
        </extensions>
      </trkpt>
      <trkpt lat="49.67229737900197505950927734375" lon="-123.13854552805423736572265625">
        <ele>687</ele>
        <time>2023-07-16T21:11:52.000Z</time>
        <extensions>
          <ns3:TrackPointExtension>
            <ns3:hr>129</ns3:hr>
          </ns3:TrackPointExtension>
        </extensions>
      </trkpt>
      <trkpt lat="49.67229737900197505950927734375" lon="-123.13854645006358623504638671875">
        <ele>687.79998779296875</ele>
        <time>2023-07-16T21:11:55.000Z</time>
        <extensions>
          <ns3:TrackPointExtension>
            <ns3:hr>126</ns3:hr>
          </ns3:TrackPointExtension>
        </extensions>
      </trkpt>
      <trkpt lat="49.67229880392551422119140625" lon="-123.1385480426251888275146484375">
        <ele>687.20001220703125</ele>
        <time>2023-07-16T21:12:04.000Z</time>
        <extensions>
          <ns3:TrackPointExtension>
            <ns3:hr>123</ns3:hr>
          </ns3:TrackPointExtension>
        </extensions>
      </trkpt>
      <trkpt lat="49.67230039648711681365966796875" lon="-123.1385480426251888275146484375">
        <ele>687.79998779296875</ele>
        <time>2023-07-16T21:12:08.000Z</time>
        <extensions>
          <ns3:TrackPointExtension>
            <ns3:hr>127</ns3:hr>
          </ns3:TrackPointExtension>
        </extensions>
      </trkpt>
      <trkpt lat="49.672300815582275390625" lon="-123.1385480426251888275146484375">
        <ele>688.20001220703125</ele>
        <time>2023-07-16T21:12:10.000Z</time>
        <extensions>
          <ns3:TrackPointExtension>
            <ns3:hr>127</ns3:hr>
          </ns3:TrackPointExtension>
        </extensions>
      </trkpt>
      <trkpt lat="49.67230123467743396759033203125" lon="-123.13854795880615711212158203125">
        <ele>688.4000244140625</ele>
        <time>2023-07-16T21:12:12.000Z</time>
        <extensions>
          <ns3:TrackPointExtension>
            <ns3:hr>131</ns3:hr>
          </ns3:TrackPointExtension>
        </extensions>
      </trkpt>
      <trkpt lat="49.67230525799095630645751953125" lon="-123.1385470367968082427978515625">
        <ele>689.4000244140625</ele>
        <time>2023-07-16T21:12:16.000Z</time>
        <extensions>
          <ns3:TrackPointExtension>
            <ns3:hr>133</ns3:hr>
          </ns3:TrackPointExtension>
        </extensions>
      </trkpt>
      <trkpt lat="49.6723180823028087615966796875" lon="-123.138533122837543487548828125">
        <ele>690.5999755859375</ele>
        <time>2023-07-16T21:12:20.000Z</time>
        <extensions>
          <ns3:TrackPointExtension>
            <ns3:hr>131</ns3:hr>
          </ns3:TrackPointExtension>
        </extensions>
      </trkpt>
      <trkpt lat="49.67232721857726573944091796875" lon="-123.13850856386125087738037109375">
        <ele>691.79998779296875</ele>
        <time>2023-07-16T21:12:24.000Z</time>
        <extensions>
          <ns3:TrackPointExtension>
            <ns3:hr>132</ns3:hr>
          </ns3:TrackPointExtension>
        </extensions>
      </trkpt>
      <trkpt lat="49.67233308590948581695556640625" lon="-123.1384826637804508209228515625">
        <ele>693</ele>
        <time>2023-07-16T21:12:28.000Z</time>
        <extensions>
          <ns3:TrackPointExtension>
            <ns3:hr>132</ns3:hr>
          </ns3:TrackPointExtension>
        </extensions>
      </trkpt>
      <trkpt lat="49.672342725098133087158203125" lon="-123.13845726661384105682373046875">
        <ele>693.20001220703125</ele>
        <time>2023-07-16T21:12:32.000Z</time>
        <extensions>
          <ns3:TrackPointExtension>
            <ns3:hr>128</ns3:hr>
          </ns3:TrackPointExtension>
        </extensions>
      </trkpt>
      <trkpt lat="49.6723512746393680572509765625" lon="-123.1384286843240261077880859375">
        <ele>692.5999755859375</ele>
        <time>2023-07-16T21:12:37.000Z</time>
        <extensions>
          <ns3:TrackPointExtension>
            <ns3:hr>133</ns3:hr>
          </ns3:TrackPointExtension>
        </extensions>
      </trkpt>
      <trkpt lat="49.67235337011516094207763671875" lon="-123.1384228169918060302734375">
        <ele>692.79998779296875</ele>
        <time>2023-07-16T21:12:39.000Z</time>
        <extensions>
          <ns3:TrackPointExtension>
            <ns3:hr>136</ns3:hr>
          </ns3:TrackPointExtension>
        </extensions>
      </trkpt>
      <trkpt lat="49.67235789634287357330322265625" lon="-123.1384176202118396759033203125">
        <ele>692.79998779296875</ele>
        <time>2023-07-16T21:12:42.000Z</time>
        <extensions>
          <ns3:TrackPointExtension>
            <ns3:hr>133</ns3:hr>
          </ns3:TrackPointExtension>
        </extensions>
      </trkpt>
      <trkpt lat="49.6723620034754276275634765625" lon="-123.1384147703647613525390625">
        <ele>693</ele>
        <time>2023-07-16T21:12:45.000Z</time>
        <extensions>
          <ns3:TrackPointExtension>
            <ns3:hr>136</ns3:hr>
          </ns3:TrackPointExtension>
        </extensions>
      </trkpt>
      <trkpt lat="49.67236761935055255889892578125" lon="-123.13841250725090503692626953125">
        <ele>693.20001220703125</ele>
        <time>2023-07-16T21:12:50.000Z</time>
        <extensions>
          <ns3:TrackPointExtension>
            <ns3:hr>139</ns3:hr>
          </ns3:TrackPointExtension>
        </extensions>
      </trkpt>
      <trkpt lat="49.6724350936710834503173828125" lon="-123.13838861882686614990234375">
        <ele>693.5999755859375</ele>
        <time>2023-07-16T21:13:04.000Z</time>
        <extensions>
          <ns3:TrackPointExtension>
            <ns3:hr>137</ns3:hr>
          </ns3:TrackPointExtension>
        </extensions>
      </trkpt>
      <trkpt lat="49.672462753951549530029296875" lon="-123.13838618807494640350341796875">
        <ele>693.5999755859375</ele>
        <time>2023-07-16T21:13:07.000Z</time>
        <extensions>
          <ns3:TrackPointExtension>
            <ns3:hr>136</ns3:hr>
          </ns3:TrackPointExtension>
        </extensions>
      </trkpt>
      <trkpt lat="49.67247524298727512359619140625" lon="-123.138374872505664825439453125">
        <ele>693.79998779296875</ele>
        <time>2023-07-16T21:13:09.000Z</time>
        <extensions>
          <ns3:TrackPointExtension>
            <ns3:hr>137</ns3:hr>
          </ns3:TrackPointExtension>
        </extensions>
      </trkpt>
      <trkpt lat="49.67248253524303436279296875" lon="-123.13837327994406223297119140625">
        <ele>694</ele>
        <time>2023-07-16T21:13:10.000Z</time>
        <extensions>
          <ns3:TrackPointExtension>
            <ns3:hr>136</ns3:hr>
          </ns3:TrackPointExtension>
        </extensions>
      </trkpt>
      <trkpt lat="49.6724914200603961944580078125" lon="-123.1383750401437282562255859375">
        <ele>694.20001220703125</ele>
        <time>2023-07-16T21:13:11.000Z</time>
        <extensions>
          <ns3:TrackPointExtension>
            <ns3:hr>138</ns3:hr>
          </ns3:TrackPointExtension>
        </extensions>
      </trkpt>
      <trkpt lat="49.67251899652183055877685546875" lon="-123.13837118446826934814453125">
        <ele>694.5999755859375</ele>
        <time>2023-07-16T21:13:14.000Z</time>
        <extensions>
          <ns3:TrackPointExtension>
            <ns3:hr>139</ns3:hr>
          </ns3:TrackPointExtension>
        </extensions>
      </trkpt>
      <trkpt lat="49.67255705036222934722900390625" lon="-123.1383646465837955474853515625">
        <ele>694.79998779296875</ele>
        <time>2023-07-16T21:13:18.000Z</time>
        <extensions>
          <ns3:TrackPointExtension>
            <ns3:hr>139</ns3:hr>
          </ns3:TrackPointExtension>
        </extensions>
      </trkpt>
      <trkpt lat="49.67256409116089344024658203125" lon="-123.13837059773504734039306640625">
        <ele>694.79998779296875</ele>
        <time>2023-07-16T21:13:19.000Z</time>
        <extensions>
          <ns3:TrackPointExtension>
            <ns3:hr>140</ns3:hr>
          </ns3:TrackPointExtension>
        </extensions>
      </trkpt>
      <trkpt lat="49.672574065625667572021484375" lon="-123.1383643113076686859130859375">
        <ele>695</ele>
        <time>2023-07-16T21:13:21.000Z</time>
        <extensions>
          <ns3:TrackPointExtension>
            <ns3:hr>140</ns3:hr>
          </ns3:TrackPointExtension>
        </extensions>
      </trkpt>
      <trkpt lat="49.6725936792790889739990234375" lon="-123.13834981061518192291259765625">
        <ele>695.20001220703125</ele>
        <time>2023-07-16T21:13:23.000Z</time>
        <extensions>
          <ns3:TrackPointExtension>
            <ns3:hr>140</ns3:hr>
          </ns3:TrackPointExtension>
        </extensions>
      </trkpt>
      <trkpt lat="49.6726186573505401611328125" lon="-123.138321228325366973876953125">
        <ele>695.20001220703125</ele>
        <time>2023-07-16T21:13:26.000Z</time>
        <extensions>
          <ns3:TrackPointExtension>
            <ns3:hr>140</ns3:hr>
          </ns3:TrackPointExtension>
        </extensions>
      </trkpt>
      <trkpt lat="49.67264707200229167938232421875" lon="-123.1382967531681060791015625">
        <ele>696</ele>
        <time>2023-07-16T21:13:31.000Z</time>
        <extensions>
          <ns3:TrackPointExtension>
            <ns3:hr>140</ns3:hr>
          </ns3:TrackPointExtension>
        </extensions>
      </trkpt>
      <trkpt lat="49.672651179134845733642578125" lon="-123.13829516060650348663330078125">
        <ele>696.20001220703125</ele>
        <time>2023-07-16T21:13:32.000Z</time>
        <extensions>
          <ns3:TrackPointExtension>
            <ns3:hr>139</ns3:hr>
          </ns3:TrackPointExtension>
        </extensions>
      </trkpt>
      <trkpt lat="49.6726533584296703338623046875" lon="-123.13829499296844005584716796875">
        <ele>696.20001220703125</ele>
        <time>2023-07-16T21:13:33.000Z</time>
        <extensions>
          <ns3:TrackPointExtension>
            <ns3:hr>139</ns3:hr>
          </ns3:TrackPointExtension>
        </extensions>
      </trkpt>
      <trkpt lat="49.67265687882900238037109375" lon="-123.13829314894974231719970703125">
        <ele>696.4000244140625</ele>
        <time>2023-07-16T21:13:34.000Z</time>
        <extensions>
          <ns3:TrackPointExtension>
            <ns3:hr>139</ns3:hr>
          </ns3:TrackPointExtension>
        </extensions>
      </trkpt>
      <trkpt lat="49.67266685329377651214599609375" lon="-123.13828677870333194732666015625">
        <ele>696.4000244140625</ele>
        <time>2023-07-16T21:13:36.000Z</time>
        <extensions>
          <ns3:TrackPointExtension>
            <ns3:hr>139</ns3:hr>
          </ns3:TrackPointExtension>
        </extensions>
      </trkpt>
      <trkpt lat="49.67266358435153961181640625" lon="-123.138282336294651031494140625">
        <ele>696.5999755859375</ele>
        <time>2023-07-16T21:13:38.000Z</time>
        <extensions>
          <ns3:TrackPointExtension>
            <ns3:hr>137</ns3:hr>
          </ns3:TrackPointExtension>
        </extensions>
      </trkpt>
      <trkpt lat="49.67266249470412731170654296875" lon="-123.13827621750533580780029296875">
        <ele>696.5999755859375</ele>
        <time>2023-07-16T21:13:41.000Z</time>
        <extensions>
          <ns3:TrackPointExtension>
            <ns3:hr>141</ns3:hr>
          </ns3:TrackPointExtension>
        </extensions>
      </trkpt>
      <trkpt lat="49.672663919627666473388671875" lon="-123.13827202655375003814697265625">
        <ele>696.79998779296875</ele>
        <time>2023-07-16T21:13:42.000Z</time>
        <extensions>
          <ns3:TrackPointExtension>
            <ns3:hr>139</ns3:hr>
          </ns3:TrackPointExtension>
        </extensions>
      </trkpt>
      <trkpt lat="49.672662578523159027099609375" lon="-123.138270936906337738037109375">
        <ele>696.79998779296875</ele>
        <time>2023-07-16T21:13:43.000Z</time>
        <extensions>
          <ns3:TrackPointExtension>
            <ns3:hr>139</ns3:hr>
          </ns3:TrackPointExtension>
        </extensions>
      </trkpt>
      <trkpt lat="49.67268294654786586761474609375" lon="-123.1382449530065059661865234375">
        <ele>697.20001220703125</ele>
        <time>2023-07-16T21:13:48.000Z</time>
        <extensions>
          <ns3:TrackPointExtension>
            <ns3:hr>139</ns3:hr>
          </ns3:TrackPointExtension>
        </extensions>
      </trkpt>
      <trkpt lat="49.672690071165561676025390625" lon="-123.13823397271335124969482421875">
        <ele>697.5999755859375</ele>
        <time>2023-07-16T21:13:49.000Z</time>
        <extensions>
          <ns3:TrackPointExtension>
            <ns3:hr>138</ns3:hr>
          </ns3:TrackPointExtension>
        </extensions>
      </trkpt>
      <trkpt lat="49.67270004563033580780029296875" lon="-123.13820346258580684661865234375">
        <ele>698.20001220703125</ele>
        <time>2023-07-16T21:13:52.000Z</time>
        <extensions>
          <ns3:TrackPointExtension>
            <ns3:hr>140</ns3:hr>
          </ns3:TrackPointExtension>
        </extensions>
      </trkpt>
      <trkpt lat="49.67270557768642902374267578125" lon="-123.13819994218647480010986328125">
        <ele>698.20001220703125</ele>
        <time>2023-07-16T21:13:53.000Z</time>
        <extensions>
          <ns3:TrackPointExtension>
            <ns3:hr>140</ns3:hr>
          </ns3:TrackPointExtension>
        </extensions>
      </trkpt>
      <trkpt lat="49.672721587121486663818359375" lon="-123.1382097490131855010986328125">
        <ele>698.4000244140625</ele>
        <time>2023-07-16T21:13:55.000Z</time>
        <extensions>
          <ns3:TrackPointExtension>
            <ns3:hr>140</ns3:hr>
          </ns3:TrackPointExtension>
        </extensions>
      </trkpt>
      <trkpt lat="49.672737680375576019287109375" lon="-123.13820916227996349334716796875">
        <ele>698.79998779296875</ele>
        <time>2023-07-16T21:13:58.000Z</time>
        <extensions>
          <ns3:TrackPointExtension>
            <ns3:hr>141</ns3:hr>
          </ns3:TrackPointExtension>
        </extensions>
      </trkpt>
      <trkpt lat="49.672745056450366973876953125" lon="-123.13819843344390392303466796875">
        <ele>699</ele>
        <time>2023-07-16T21:14:00.000Z</time>
        <extensions>
          <ns3:TrackPointExtension>
            <ns3:hr>140</ns3:hr>
          </ns3:TrackPointExtension>
        </extensions>
      </trkpt>
      <trkpt lat="49.67274715192615985870361328125" lon="-123.1381970085203647613525390625">
        <ele>699</ele>
        <time>2023-07-16T21:14:01.000Z</time>
        <extensions>
          <ns3:TrackPointExtension>
            <ns3:hr>140</ns3:hr>
          </ns3:TrackPointExtension>
        </extensions>
      </trkpt>
      <trkpt lat="49.67275033704936504364013671875" lon="-123.1381789036095142364501953125">
        <ele>699.20001220703125</ele>
        <time>2023-07-16T21:14:04.000Z</time>
        <extensions>
          <ns3:TrackPointExtension>
            <ns3:hr>140</ns3:hr>
          </ns3:TrackPointExtension>
        </extensions>
      </trkpt>
      <trkpt lat="49.67276240698993206024169921875" lon="-123.13814051449298858642578125">
        <ele>700.20001220703125</ele>
        <time>2023-07-16T21:14:09.000Z</time>
        <extensions>
          <ns3:TrackPointExtension>
            <ns3:hr>139</ns3:hr>
          </ns3:TrackPointExtension>
        </extensions>
      </trkpt>
      <trkpt lat="49.67276860959827899932861328125" lon="-123.1381209008395671844482421875">
        <ele>700.4000244140625</ele>
        <time>2023-07-16T21:14:11.000Z</time>
        <extensions>
          <ns3:TrackPointExtension>
            <ns3:hr>141</ns3:hr>
          </ns3:TrackPointExtension>
        </extensions>
      </trkpt>
      <trkpt lat="49.672772884368896484375" lon="-123.13810707069933414459228515625">
        <ele>700.4000244140625</ele>
        <time>2023-07-16T21:14:13.000Z</time>
        <extensions>
          <ns3:TrackPointExtension>
            <ns3:hr>139</ns3:hr>
          </ns3:TrackPointExtension>
        </extensions>
      </trkpt>
      <trkpt lat="49.672780595719814300537109375" lon="-123.13809835352003574371337890625">
        <ele>700.5999755859375</ele>
        <time>2023-07-16T21:14:14.000Z</time>
        <extensions>
          <ns3:TrackPointExtension>
            <ns3:hr>140</ns3:hr>
          </ns3:TrackPointExtension>
        </extensions>
      </trkpt>
      <trkpt lat="49.6727795898914337158203125" lon="-123.13809114508330821990966796875">
        <ele>700.5999755859375</ele>
        <time>2023-07-16T21:14:15.000Z</time>
        <extensions>
          <ns3:TrackPointExtension>
            <ns3:hr>140</ns3:hr>
          </ns3:TrackPointExtension>
        </extensions>
      </trkpt>
      <trkpt lat="49.67278554104268550872802734375" lon="-123.13805895857512950897216796875">
        <ele>701.20001220703125</ele>
        <time>2023-07-16T21:14:21.000Z</time>
        <extensions>
          <ns3:TrackPointExtension>
            <ns3:hr>140</ns3:hr>
          </ns3:TrackPointExtension>
        </extensions>
      </trkpt>
      <trkpt lat="49.67278721742331981658935546875" lon="-123.138051331043243408203125">
        <ele>701.4000244140625</ele>
        <time>2023-07-16T21:14:22.000Z</time>
        <extensions>
          <ns3:TrackPointExtension>
            <ns3:hr>141</ns3:hr>
          </ns3:TrackPointExtension>
        </extensions>
      </trkpt>
      <trkpt lat="49.67279635369777679443359375" lon="-123.13802115619182586669921875">
        <ele>702</ele>
        <time>2023-07-16T21:14:26.000Z</time>
        <extensions>
          <ns3:TrackPointExtension>
            <ns3:hr>138</ns3:hr>
          </ns3:TrackPointExtension>
        </extensions>
      </trkpt>
      <trkpt lat="49.6727894805371761322021484375" lon="-123.13801704905927181243896484375">
        <ele>702.4000244140625</ele>
        <time>2023-07-16T21:14:31.000Z</time>
        <extensions>
          <ns3:TrackPointExtension>
            <ns3:hr>138</ns3:hr>
          </ns3:TrackPointExtension>
        </extensions>
      </trkpt>
      <trkpt lat="49.67279979027807712554931640625" lon="-123.1380246765911579132080078125">
        <ele>702.4000244140625</ele>
        <time>2023-07-16T21:14:36.000Z</time>
        <extensions>
          <ns3:TrackPointExtension>
            <ns3:hr>136</ns3:hr>
          </ns3:TrackPointExtension>
        </extensions>
      </trkpt>
      <trkpt lat="49.67279459349811077117919921875" lon="-123.13803884200751781463623046875">
        <ele>702.4000244140625</ele>
        <time>2023-07-16T21:14:40.000Z</time>
        <extensions>
          <ns3:TrackPointExtension>
            <ns3:hr>134</ns3:hr>
          </ns3:TrackPointExtension>
        </extensions>
      </trkpt>
      <trkpt lat="49.672794006764888763427734375" lon="-123.13801721669733524322509765625">
        <ele>702.4000244140625</ele>
        <time>2023-07-16T21:14:44.000Z</time>
        <extensions>
          <ns3:TrackPointExtension>
            <ns3:hr>132</ns3:hr>
          </ns3:TrackPointExtension>
        </extensions>
      </trkpt>
      <trkpt lat="49.6727715432643890380859375" lon="-123.13800506293773651123046875">
        <ele>703</ele>
        <time>2023-07-16T21:14:49.000Z</time>
        <extensions>
          <ns3:TrackPointExtension>
            <ns3:hr>131</ns3:hr>
          </ns3:TrackPointExtension>
        </extensions>
      </trkpt>
      <trkpt lat="49.67276710085570812225341796875" lon="-123.137968517839908599853515625">
        <ele>703.4000244140625</ele>
        <time>2023-07-16T21:14:53.000Z</time>
        <extensions>
          <ns3:TrackPointExtension>
            <ns3:hr>131</ns3:hr>
          </ns3:TrackPointExtension>
        </extensions>
      </trkpt>
      <trkpt lat="49.672791995108127593994140625" lon="-123.1379599682986736297607421875">
        <ele>703.4000244140625</ele>
        <time>2023-07-16T21:14:55.000Z</time>
        <extensions>
          <ns3:TrackPointExtension>
            <ns3:hr>130</ns3:hr>
          </ns3:TrackPointExtension>
        </extensions>
      </trkpt>
      <trkpt lat="49.672818817198276519775390625" lon="-123.13794739544391632080078125">
        <ele>703.4000244140625</ele>
        <time>2023-07-16T21:14:56.000Z</time>
        <extensions>
          <ns3:TrackPointExtension>
            <ns3:hr>130</ns3:hr>
          </ns3:TrackPointExtension>
        </extensions>
      </trkpt>
      <trkpt lat="49.6728159673511981964111328125" lon="-123.1379507482051849365234375">
        <ele>703.4000244140625</ele>
        <time>2023-07-16T21:14:58.000Z</time>
        <extensions>
          <ns3:TrackPointExtension>
            <ns3:hr>131</ns3:hr>
          </ns3:TrackPointExtension>
        </extensions>
      </trkpt>
      <trkpt lat="49.67282443307340145111083984375" lon="-123.13795736990869045257568359375">
        <ele>703.79998779296875</ele>
        <time>2023-07-16T21:15:01.000Z</time>
        <extensions>
          <ns3:TrackPointExtension>
            <ns3:hr>132</ns3:hr>
          </ns3:TrackPointExtension>
        </extensions>
      </trkpt>
      <trkpt lat="49.67283935286104679107666015625" lon="-123.1379400193691253662109375">
        <ele>704.4000244140625</ele>
        <time>2023-07-16T21:15:06.000Z</time>
        <extensions>
          <ns3:TrackPointExtension>
            <ns3:hr>131</ns3:hr>
          </ns3:TrackPointExtension>
        </extensions>
      </trkpt>
      <trkpt lat="49.6728370897471904754638671875" lon="-123.13794337213039398193359375">
        <ele>704.4000244140625</ele>
        <time>2023-07-16T21:15:10.000Z</time>
        <extensions>
          <ns3:TrackPointExtension>
            <ns3:hr>131</ns3:hr>
          </ns3:TrackPointExtension>
        </extensions>
      </trkpt>
      <trkpt lat="49.6728370897471904754638671875" lon="-123.13794337213039398193359375">
        <ele>704.4000244140625</ele>
        <time>2023-07-16T21:15:13.000Z</time>
        <extensions>
          <ns3:TrackPointExtension>
            <ns3:hr>130</ns3:hr>
          </ns3:TrackPointExtension>
        </extensions>
      </trkpt>
      <trkpt lat="49.6728370897471904754638671875" lon="-123.13794337213039398193359375">
        <ele>704</ele>
        <time>2023-07-16T21:15:19.000Z</time>
        <extensions>
          <ns3:TrackPointExtension>
            <ns3:hr>127</ns3:hr>
          </ns3:TrackPointExtension>
        </extensions>
      </trkpt>
      <trkpt lat="49.67281839810311794281005859375" lon="-123.137969858944416046142578125">
        <ele>703.4000244140625</ele>
        <time>2023-07-16T21:15:30.000Z</time>
        <extensions>
          <ns3:TrackPointExtension>
            <ns3:hr>126</ns3:hr>
          </ns3:TrackPointExtension>
        </extensions>
      </trkpt>
      <trkpt lat="49.6728163026273250579833984375" lon="-123.137985952198505401611328125">
        <ele>702.79998779296875</ele>
        <time>2023-07-16T21:15:40.000Z</time>
        <extensions>
          <ns3:TrackPointExtension>
            <ns3:hr>122</ns3:hr>
          </ns3:TrackPointExtension>
        </extensions>
      </trkpt>
      <trkpt lat="49.67281621880829334259033203125" lon="-123.13798720948398113250732421875">
        <ele>702.79998779296875</ele>
        <time>2023-07-16T21:15:44.000Z</time>
        <extensions>
          <ns3:TrackPointExtension>
            <ns3:hr>119</ns3:hr>
          </ns3:TrackPointExtension>
        </extensions>
      </trkpt>
      <trkpt lat="49.6728159673511981964111328125" lon="-123.13799123279750347137451171875">
        <ele>702.79998779296875</ele>
        <time>2023-07-16T21:15:48.000Z</time>
        <extensions>
          <ns3:TrackPointExtension>
            <ns3:hr>116</ns3:hr>
          </ns3:TrackPointExtension>
        </extensions>
      </trkpt>
      <trkpt lat="49.6728163026273250579833984375" lon="-123.1379958428442478179931640625">
        <ele>703</ele>
        <time>2023-07-16T21:16:00.000Z</time>
        <extensions>
          <ns3:TrackPointExtension>
            <ns3:hr>113</ns3:hr>
          </ns3:TrackPointExtension>
        </extensions>
      </trkpt>
      <trkpt lat="49.672818146646022796630859375" lon="-123.137992322444915771484375">
        <ele>703</ele>
        <time>2023-07-16T21:16:11.000Z</time>
        <extensions>
          <ns3:TrackPointExtension>
            <ns3:hr>116</ns3:hr>
          </ns3:TrackPointExtension>
        </extensions>
      </trkpt>
      <trkpt lat="49.67281839810311794281005859375" lon="-123.1379770673811435699462890625">
        <ele>702.79998779296875</ele>
        <time>2023-07-16T21:16:30.000Z</time>
        <extensions>
          <ns3:TrackPointExtension>
            <ns3:hr>113</ns3:hr>
          </ns3:TrackPointExtension>
        </extensions>
      </trkpt>
      <trkpt lat="49.67281219549477100372314453125" lon="-123.13797363080084323883056640625">
        <ele>702.4000244140625</ele>
        <time>2023-07-16T21:16:39.000Z</time>
        <extensions>
          <ns3:TrackPointExtension>
            <ns3:hr>115</ns3:hr>
          </ns3:TrackPointExtension>
        </extensions>
      </trkpt>
      <trkpt lat="49.67286801896989345550537109375" lon="-123.13791428692638874053955078125">
        <ele>702.20001220703125</ele>
        <time>2023-07-16T21:16:48.000Z</time>
        <extensions>
          <ns3:TrackPointExtension>
            <ns3:hr>116</ns3:hr>
          </ns3:TrackPointExtension>
        </extensions>
      </trkpt>
      <trkpt lat="49.67289693653583526611328125" lon="-123.1378540210425853729248046875">
        <ele>702.5999755859375</ele>
        <time>2023-07-16T21:16:51.000Z</time>
        <extensions>
          <ns3:TrackPointExtension>
            <ns3:hr>116</ns3:hr>
          </ns3:TrackPointExtension>
        </extensions>
      </trkpt>
      <trkpt lat="49.672902636229991912841796875" lon="-123.137835748493671417236328125">
        <ele>702.5999755859375</ele>
        <time>2023-07-16T21:16:52.000Z</time>
        <extensions>
          <ns3:TrackPointExtension>
            <ns3:hr>116</ns3:hr>
          </ns3:TrackPointExtension>
        </extensions>
      </trkpt>
      <trkpt lat="49.672915376722812652587890625" lon="-123.13778738491237163543701171875">
        <ele>702.79998779296875</ele>
        <time>2023-07-16T21:16:55.000Z</time>
        <extensions>
          <ns3:TrackPointExtension>
            <ns3:hr>115</ns3:hr>
          </ns3:TrackPointExtension>
        </extensions>
      </trkpt>
      <trkpt lat="49.67291705310344696044921875" lon="-123.13777841627597808837890625">
        <ele>703</ele>
        <time>2023-07-16T21:16:56.000Z</time>
        <extensions>
          <ns3:TrackPointExtension>
            <ns3:hr>115</ns3:hr>
          </ns3:TrackPointExtension>
        </extensions>
      </trkpt>
      <trkpt lat="49.67291965149343013763427734375" lon="-123.1377675198018550872802734375">
        <ele>703.20001220703125</ele>
        <time>2023-07-16T21:16:57.000Z</time>
        <extensions>
          <ns3:TrackPointExtension>
            <ns3:hr>115</ns3:hr>
          </ns3:TrackPointExtension>
        </extensions>
      </trkpt>
      <trkpt lat="49.672928787767887115478515625" lon="-123.1377152167260646820068359375">
        <ele>703.20001220703125</ele>
        <time>2023-07-16T21:17:01.000Z</time>
        <extensions>
          <ns3:TrackPointExtension>
            <ns3:hr>116</ns3:hr>
          </ns3:TrackPointExtension>
        </extensions>
      </trkpt>
      <trkpt lat="49.6729276143014430999755859375" lon="-123.13770071603357791900634765625">
        <ele>703.4000244140625</ele>
        <time>2023-07-16T21:17:02.000Z</time>
        <extensions>
          <ns3:TrackPointExtension>
            <ns3:hr>114</ns3:hr>
          </ns3:TrackPointExtension>
        </extensions>
      </trkpt>
      <trkpt lat="49.67293188907206058502197265625" lon="-123.137688897550106048583984375">
        <ele>703.5999755859375</ele>
        <time>2023-07-16T21:17:03.000Z</time>
        <extensions>
          <ns3:TrackPointExtension>
            <ns3:hr>114</ns3:hr>
          </ns3:TrackPointExtension>
        </extensions>
      </trkpt>
      <trkpt lat="49.67294462956488132476806640625" lon="-123.1376619078218936920166015625">
        <ele>703.79998779296875</ele>
        <time>2023-07-16T21:17:05.000Z</time>
        <extensions>
          <ns3:TrackPointExtension>
            <ns3:hr>114</ns3:hr>
          </ns3:TrackPointExtension>
        </extensions>
      </trkpt>
      <trkpt lat="49.6729611419141292572021484375" lon="-123.13762980513274669647216796875">
        <ele>704</ele>
        <time>2023-07-16T21:17:08.000Z</time>
        <extensions>
          <ns3:TrackPointExtension>
            <ns3:hr>114</ns3:hr>
          </ns3:TrackPointExtension>
        </extensions>
      </trkpt>
      <trkpt lat="49.67299810610711574554443359375" lon="-123.1375873088836669921875">
        <ele>704.4000244140625</ele>
        <time>2023-07-16T21:17:13.000Z</time>
        <extensions>
          <ns3:TrackPointExtension>
            <ns3:hr>114</ns3:hr>
          </ns3:TrackPointExtension>
        </extensions>
      </trkpt>
      <trkpt lat="49.67301235534250736236572265625" lon="-123.1375760771334171295166015625">
        <ele>704.5999755859375</ele>
        <time>2023-07-16T21:17:14.000Z</time>
        <extensions>
          <ns3:TrackPointExtension>
            <ns3:hr>114</ns3:hr>
          </ns3:TrackPointExtension>
        </extensions>
      </trkpt>
      <trkpt lat="49.673039428889751434326171875" lon="-123.13746065832674503326416015625">
        <ele>705.4000244140625</ele>
        <time>2023-07-16T21:17:21.000Z</time>
        <extensions>
          <ns3:TrackPointExtension>
            <ns3:hr>116</ns3:hr>
          </ns3:TrackPointExtension>
        </extensions>
      </trkpt>
      <trkpt lat="49.67303900979459285736083984375" lon="-123.1374513544142246246337890625">
        <ele>705.5999755859375</ele>
        <time>2023-07-16T21:17:22.000Z</time>
        <extensions>
          <ns3:TrackPointExtension>
            <ns3:hr>116</ns3:hr>
          </ns3:TrackPointExtension>
        </extensions>
      </trkpt>
      <trkpt lat="49.6730268560349941253662109375" lon="-123.137444816529750823974609375">
        <ele>705.5999755859375</ele>
        <time>2023-07-16T21:17:23.000Z</time>
        <extensions>
          <ns3:TrackPointExtension>
            <ns3:hr>117</ns3:hr>
          </ns3:TrackPointExtension>
        </extensions>
      </trkpt>
      <trkpt lat="49.6730151213705539703369140625" lon="-123.13742696307599544525146484375">
        <ele>705.79998779296875</ele>
        <time>2023-07-16T21:17:25.000Z</time>
        <extensions>
          <ns3:TrackPointExtension>
            <ns3:hr>117</ns3:hr>
          </ns3:TrackPointExtension>
        </extensions>
      </trkpt>
      <trkpt lat="49.67301721684634685516357421875" lon="-123.13740801997482776641845703125">
        <ele>706</ele>
        <time>2023-07-16T21:17:28.000Z</time>
        <extensions>
          <ns3:TrackPointExtension>
            <ns3:hr>120</ns3:hr>
          </ns3:TrackPointExtension>
        </extensions>
      </trkpt>
      <trkpt lat="49.673011936247348785400390625" lon="-123.13738991506397724151611328125">
        <ele>706.4000244140625</ele>
        <time>2023-07-16T21:17:30.000Z</time>
        <extensions>
          <ns3:TrackPointExtension>
            <ns3:hr>122</ns3:hr>
          </ns3:TrackPointExtension>
        </extensions>
      </trkpt>
      <trkpt lat="49.6730171330273151397705078125" lon="-123.13738287426531314849853515625">
        <ele>706.5999755859375</ele>
        <time>2023-07-16T21:17:31.000Z</time>
        <extensions>
          <ns3:TrackPointExtension>
            <ns3:hr>123</ns3:hr>
          </ns3:TrackPointExtension>
        </extensions>
      </trkpt>
      <trkpt lat="49.67304177582263946533203125" lon="-123.13734666444361209869384765625">
        <ele>707.20001220703125</ele>
        <time>2023-07-16T21:17:35.000Z</time>
        <extensions>
          <ns3:TrackPointExtension>
            <ns3:hr>123</ns3:hr>
          </ns3:TrackPointExtension>
        </extensions>
      </trkpt>
      <trkpt lat="49.67305979691445827484130859375" lon="-123.1373095326125621795654296875">
        <ele>707.4000244140625</ele>
        <time>2023-07-16T21:17:36.000Z</time>
        <extensions>
          <ns3:TrackPointExtension>
            <ns3:hr>126</ns3:hr>
          </ns3:TrackPointExtension>
        </extensions>
      </trkpt>
      <trkpt lat="49.6730563603341579437255859375" lon="-123.1372897513210773468017578125">
        <ele>707.4000244140625</ele>
        <time>2023-07-16T21:17:37.000Z</time>
        <extensions>
          <ns3:TrackPointExtension>
            <ns3:hr>127</ns3:hr>
          </ns3:TrackPointExtension>
        </extensions>
      </trkpt>
      <trkpt lat="49.67307723127305507659912109375" lon="-123.137264437973499298095703125">
        <ele>707.4000244140625</ele>
        <time>2023-07-16T21:17:39.000Z</time>
        <extensions>
          <ns3:TrackPointExtension>
            <ns3:hr>127</ns3:hr>
          </ns3:TrackPointExtension>
        </extensions>
      </trkpt>
      <trkpt lat="49.67309332452714443206787109375" lon="-123.13723635859787464141845703125">
        <ele>707.5999755859375</ele>
        <time>2023-07-16T21:17:41.000Z</time>
        <extensions>
          <ns3:TrackPointExtension>
            <ns3:hr>127</ns3:hr>
          </ns3:TrackPointExtension>
        </extensions>
      </trkpt>
      <trkpt lat="49.67308594845235347747802734375" lon="-123.1372247077524662017822265625">
        <ele>707.5999755859375</ele>
        <time>2023-07-16T21:17:42.000Z</time>
        <extensions>
          <ns3:TrackPointExtension>
            <ns3:hr>128</ns3:hr>
          </ns3:TrackPointExtension>
        </extensions>
      </trkpt>
      <trkpt lat="49.67308309860527515411376953125" lon="-123.1372076086699962615966796875">
        <ele>707.5999755859375</ele>
        <time>2023-07-16T21:17:43.000Z</time>
        <extensions>
          <ns3:TrackPointExtension>
            <ns3:hr>129</ns3:hr>
          </ns3:TrackPointExtension>
        </extensions>
      </trkpt>
      <trkpt lat="49.67303900979459285736083984375" lon="-123.13716293312609195709228515625">
        <ele>707.79998779296875</ele>
        <time>2023-07-16T21:17:47.000Z</time>
        <extensions>
          <ns3:TrackPointExtension>
            <ns3:hr>132</ns3:hr>
          </ns3:TrackPointExtension>
        </extensions>
      </trkpt>
      <trkpt lat="49.67303850688040256500244140625" lon="-123.1371610052883625030517578125">
        <ele>707.79998779296875</ele>
        <time>2023-07-16T21:17:48.000Z</time>
        <extensions>
          <ns3:TrackPointExtension>
            <ns3:hr>132</ns3:hr>
          </ns3:TrackPointExtension>
        </extensions>
      </trkpt>
      <trkpt lat="49.673037417232990264892578125" lon="-123.1371358595788478851318359375">
        <ele>708</ele>
        <time>2023-07-16T21:17:52.000Z</time>
        <extensions>
          <ns3:TrackPointExtension>
            <ns3:hr>135</ns3:hr>
          </ns3:TrackPointExtension>
        </extensions>
      </trkpt>
      <trkpt lat="49.6730389259755611419677734375" lon="-123.1371281482279300689697265625">
        <ele>708.20001220703125</ele>
        <time>2023-07-16T21:17:53.000Z</time>
        <extensions>
          <ns3:TrackPointExtension>
            <ns3:hr>135</ns3:hr>
          </ns3:TrackPointExtension>
        </extensions>
      </trkpt>
      <trkpt lat="49.6730506606400012969970703125" lon="-123.13709353096783161163330078125">
        <ele>708.79998779296875</ele>
        <time>2023-07-16T21:17:56.000Z</time>
        <extensions>
          <ns3:TrackPointExtension>
            <ns3:hr>135</ns3:hr>
          </ns3:TrackPointExtension>
        </extensions>
      </trkpt>
      <trkpt lat="49.6730343997478485107421875" lon="-123.1371636874973773956298828125">
        <ele>709.4000244140625</ele>
        <time>2023-07-16T21:17:59.000Z</time>
        <extensions>
          <ns3:TrackPointExtension>
            <ns3:hr>134</ns3:hr>
          </ns3:TrackPointExtension>
        </extensions>
      </trkpt>
      <trkpt lat="49.67302559874951839447021484375" lon="-123.13718338496983051300048828125">
        <ele>709.79998779296875</ele>
        <time>2023-07-16T21:18:01.000Z</time>
        <extensions>
          <ns3:TrackPointExtension>
            <ns3:hr>134</ns3:hr>
          </ns3:TrackPointExtension>
        </extensions>
      </trkpt>
      <trkpt lat="49.6730312146246433258056640625" lon="-123.137192688882350921630859375">
        <ele>709.79998779296875</ele>
        <time>2023-07-16T21:18:02.000Z</time>
        <extensions>
          <ns3:TrackPointExtension>
            <ns3:hr>133</ns3:hr>
          </ns3:TrackPointExtension>
        </extensions>
      </trkpt>
      <trkpt lat="49.6730317175388336181640625" lon="-123.13717550598084926605224609375">
        <ele>710.4000244140625</ele>
        <time>2023-07-16T21:18:05.000Z</time>
        <extensions>
          <ns3:TrackPointExtension>
            <ns3:hr>133</ns3:hr>
          </ns3:TrackPointExtension>
        </extensions>
      </trkpt>
      <trkpt lat="49.6730349026620388031005859375" lon="-123.1371675431728363037109375">
        <ele>710.4000244140625</ele>
        <time>2023-07-16T21:18:06.000Z</time>
        <extensions>
          <ns3:TrackPointExtension>
            <ns3:hr>133</ns3:hr>
          </ns3:TrackPointExtension>
        </extensions>
      </trkpt>
      <trkpt lat="49.67303314246237277984619140625" lon="-123.1371573172509670257568359375">
        <ele>710.79998779296875</ele>
        <time>2023-07-16T21:18:08.000Z</time>
        <extensions>
          <ns3:TrackPointExtension>
            <ns3:hr>133</ns3:hr>
          </ns3:TrackPointExtension>
        </extensions>
      </trkpt>
      <trkpt lat="49.67305208556354045867919921875" lon="-123.13712689094245433807373046875">
        <ele>711.20001220703125</ele>
        <time>2023-07-16T21:18:11.000Z</time>
        <extensions>
          <ns3:TrackPointExtension>
            <ns3:hr>131</ns3:hr>
          </ns3:TrackPointExtension>
        </extensions>
      </trkpt>
      <trkpt lat="49.67308469116687774658203125" lon="-123.13707073219120502471923828125">
        <ele>712</ele>
        <time>2023-07-16T21:18:17.000Z</time>
        <extensions>
          <ns3:TrackPointExtension>
            <ns3:hr>130</ns3:hr>
          </ns3:TrackPointExtension>
        </extensions>
      </trkpt>
      <trkpt lat="49.67313758097589015960693359375" lon="-123.13700862228870391845703125">
        <ele>712.5999755859375</ele>
        <time>2023-07-16T21:18:22.000Z</time>
        <extensions>
          <ns3:TrackPointExtension>
            <ns3:hr>132</ns3:hr>
          </ns3:TrackPointExtension>
        </extensions>
      </trkpt>
      <trkpt lat="49.6731415204703807830810546875" lon="-123.13700057566165924072265625">
        <ele>712.79998779296875</ele>
        <time>2023-07-16T21:18:23.000Z</time>
        <extensions>
          <ns3:TrackPointExtension>
            <ns3:hr>129</ns3:hr>
          </ns3:TrackPointExtension>
        </extensions>
      </trkpt>
      <trkpt lat="49.6731328032910823822021484375" lon="-123.13697484321892261505126953125">
        <ele>713.20001220703125</ele>
        <time>2023-07-16T21:18:25.000Z</time>
        <extensions>
          <ns3:TrackPointExtension>
            <ns3:hr>128</ns3:hr>
          </ns3:TrackPointExtension>
        </extensions>
      </trkpt>
      <trkpt lat="49.67312282882630825042724609375" lon="-123.13695321790874004364013671875">
        <ele>713.20001220703125</ele>
        <time>2023-07-16T21:18:26.000Z</time>
        <extensions>
          <ns3:TrackPointExtension>
            <ns3:hr>128</ns3:hr>
          </ns3:TrackPointExtension>
        </extensions>
      </trkpt>
      <trkpt lat="49.67312282882630825042724609375" lon="-123.13692136667668819427490234375">
        <ele>713.20001220703125</ele>
        <time>2023-07-16T21:18:28.000Z</time>
        <extensions>
          <ns3:TrackPointExtension>
            <ns3:hr>129</ns3:hr>
          </ns3:TrackPointExtension>
        </extensions>
      </trkpt>
      <trkpt lat="49.673121906816959381103515625" lon="-123.13691298477351665496826171875">
        <ele>713.20001220703125</ele>
        <time>2023-07-16T21:18:30.000Z</time>
        <extensions>
          <ns3:TrackPointExtension>
            <ns3:hr>128</ns3:hr>
          </ns3:TrackPointExtension>
        </extensions>
      </trkpt>
      <trkpt lat="49.6731336414813995361328125" lon="-123.13688616268336772918701171875">
        <ele>713.20001220703125</ele>
        <time>2023-07-16T21:18:32.000Z</time>
        <extensions>
          <ns3:TrackPointExtension>
            <ns3:hr>128</ns3:hr>
          </ns3:TrackPointExtension>
        </extensions>
      </trkpt>
      <trkpt lat="49.673134647309780120849609375" lon="-123.13685816712677478790283203125">
        <ele>713.20001220703125</ele>
        <time>2023-07-16T21:18:34.000Z</time>
        <extensions>
          <ns3:TrackPointExtension>
            <ns3:hr>128</ns3:hr>
          </ns3:TrackPointExtension>
        </extensions>
      </trkpt>
      <trkpt lat="49.6731089986860752105712890625" lon="-123.136819191277027130126953125">
        <ele>713.4000244140625</ele>
        <time>2023-07-16T21:18:36.000Z</time>
        <extensions>
          <ns3:TrackPointExtension>
            <ns3:hr>128</ns3:hr>
          </ns3:TrackPointExtension>
        </extensions>
      </trkpt>
      <trkpt lat="49.67311260290443897247314453125" lon="-123.1367137469351291656494140625">
        <ele>713.5999755859375</ele>
        <time>2023-07-16T21:18:40.000Z</time>
        <extensions>
          <ns3:TrackPointExtension>
            <ns3:hr>127</ns3:hr>
          </ns3:TrackPointExtension>
        </extensions>
      </trkpt>
      <trkpt lat="49.67313489876687526702880859375" lon="-123.13668541610240936279296875">
        <ele>713.79998779296875</ele>
        <time>2023-07-16T21:18:41.000Z</time>
        <extensions>
          <ns3:TrackPointExtension>
            <ns3:hr>128</ns3:hr>
          </ns3:TrackPointExtension>
        </extensions>
      </trkpt>
      <trkpt lat="49.67311478219926357269287109375" lon="-123.1366590969264507293701171875">
        <ele>714</ele>
        <time>2023-07-16T21:18:43.000Z</time>
        <extensions>
          <ns3:TrackPointExtension>
            <ns3:hr>125</ns3:hr>
          </ns3:TrackPointExtension>
        </extensions>
      </trkpt>
      <trkpt lat="49.67307287268340587615966796875" lon="-123.1366423331201076507568359375">
        <ele>714</ele>
        <time>2023-07-16T21:18:45.000Z</time>
        <extensions>
          <ns3:TrackPointExtension>
            <ns3:hr>125</ns3:hr>
          </ns3:TrackPointExtension>
        </extensions>
      </trkpt>
      <trkpt lat="49.6730583719909191131591796875" lon="-123.1366419978439807891845703125">
        <ele>714</ele>
        <time>2023-07-16T21:18:46.000Z</time>
        <extensions>
          <ns3:TrackPointExtension>
            <ns3:hr>121</ns3:hr>
          </ns3:TrackPointExtension>
        </extensions>
      </trkpt>
      <trkpt lat="49.67303968034684658050537109375" lon="-123.13665750436484813690185546875">
        <ele>714</ele>
        <time>2023-07-16T21:18:47.000Z</time>
        <extensions>
          <ns3:TrackPointExtension>
            <ns3:hr>121</ns3:hr>
          </ns3:TrackPointExtension>
        </extensions>
      </trkpt>
      <trkpt lat="49.67302425764501094818115234375" lon="-123.13666664063930511474609375">
        <ele>714</ele>
        <time>2023-07-16T21:18:49.000Z</time>
        <extensions>
          <ns3:TrackPointExtension>
            <ns3:hr>121</ns3:hr>
          </ns3:TrackPointExtension>
        </extensions>
      </trkpt>
      <trkpt lat="49.673015289008617401123046875" lon="-123.1366564147174358367919921875">
        <ele>714</ele>
        <time>2023-07-16T21:18:51.000Z</time>
        <extensions>
          <ns3:TrackPointExtension>
            <ns3:hr>120</ns3:hr>
          </ns3:TrackPointExtension>
        </extensions>
      </trkpt>
      <trkpt lat="49.67299844138324260711669921875" lon="-123.13667259179055690765380859375">
        <ele>714</ele>
        <time>2023-07-16T21:18:55.000Z</time>
        <extensions>
          <ns3:TrackPointExtension>
            <ns3:hr>119</ns3:hr>
          </ns3:TrackPointExtension>
        </extensions>
      </trkpt>
      <trkpt lat="49.672994501888751983642578125" lon="-123.136675693094730377197265625">
        <ele>714</ele>
        <time>2023-07-16T21:18:56.000Z</time>
        <extensions>
          <ns3:TrackPointExtension>
            <ns3:hr>120</ns3:hr>
          </ns3:TrackPointExtension>
        </extensions>
      </trkpt>
      <trkpt lat="49.67292836867272853851318359375" lon="-123.13662833534181118011474609375">
        <ele>714</ele>
        <time>2023-07-16T21:18:59.000Z</time>
        <extensions>
          <ns3:TrackPointExtension>
            <ns3:hr>119</ns3:hr>
          </ns3:TrackPointExtension>
        </extensions>
      </trkpt>
      <trkpt lat="49.67290037311613559722900390625" lon="-123.13662230037152767181396484375">
        <ele>713.79998779296875</ele>
        <time>2023-07-16T21:19:00.000Z</time>
        <extensions>
          <ns3:TrackPointExtension>
            <ns3:hr>119</ns3:hr>
          </ns3:TrackPointExtension>
        </extensions>
      </trkpt>
      <trkpt lat="49.6728815138339996337890625" lon="-123.1366289220750331878662109375">
        <ele>713.5999755859375</ele>
        <time>2023-07-16T21:19:04.000Z</time>
        <extensions>
          <ns3:TrackPointExtension>
            <ns3:hr>120</ns3:hr>
          </ns3:TrackPointExtension>
        </extensions>
      </trkpt>
      <trkpt lat="49.672861397266387939453125" lon="-123.13662213273346424102783203125">
        <ele>713.5999755859375</ele>
        <time>2023-07-16T21:19:05.000Z</time>
        <extensions>
          <ns3:TrackPointExtension>
            <ns3:hr>120</ns3:hr>
          </ns3:TrackPointExtension>
        </extensions>
      </trkpt>
      <trkpt lat="49.6728198230266571044921875" lon="-123.1365886889398097991943359375">
        <ele>713.20001220703125</ele>
        <time>2023-07-16T21:19:09.000Z</time>
        <extensions>
          <ns3:TrackPointExtension>
            <ns3:hr>121</ns3:hr>
          </ns3:TrackPointExtension>
        </extensions>
      </trkpt>
      <trkpt lat="49.67280850745737552642822265625" lon="-123.13657972030341625213623046875">
        <ele>713</ele>
        <time>2023-07-16T21:19:10.000Z</time>
        <extensions>
          <ns3:TrackPointExtension>
            <ns3:hr>121</ns3:hr>
          </ns3:TrackPointExtension>
        </extensions>
      </trkpt>
      <trkpt lat="49.6728109382092952728271484375" lon="-123.1365484558045864105224609375">
        <ele>713</ele>
        <time>2023-07-16T21:19:14.000Z</time>
        <extensions>
          <ns3:TrackPointExtension>
            <ns3:hr>122</ns3:hr>
          </ns3:TrackPointExtension>
        </extensions>
      </trkpt>
      <trkpt lat="49.67279543168842792510986328125" lon="-123.13654434867203235626220703125">
        <ele>713.20001220703125</ele>
        <time>2023-07-16T21:19:15.000Z</time>
        <extensions>
          <ns3:TrackPointExtension>
            <ns3:hr>123</ns3:hr>
          </ns3:TrackPointExtension>
        </extensions>
      </trkpt>
      <trkpt lat="49.67277514748275279998779296875" lon="-123.1365226395428180694580078125">
        <ele>713.20001220703125</ele>
        <time>2023-07-16T21:19:17.000Z</time>
        <extensions>
          <ns3:TrackPointExtension>
            <ns3:hr>122</ns3:hr>
          </ns3:TrackPointExtension>
        </extensions>
      </trkpt>
      <trkpt lat="49.672758467495441436767578125" lon="-123.1364572606980800628662109375">
        <ele>713.20001220703125</ele>
        <time>2023-07-16T21:19:21.000Z</time>
        <extensions>
          <ns3:TrackPointExtension>
            <ns3:hr>123</ns3:hr>
          </ns3:TrackPointExtension>
        </extensions>
      </trkpt>
      <trkpt lat="49.6727582998573780059814453125" lon="-123.13643655739724636077880859375">
        <ele>713.20001220703125</ele>
        <time>2023-07-16T21:19:23.000Z</time>
        <extensions>
          <ns3:TrackPointExtension>
            <ns3:hr>122</ns3:hr>
          </ns3:TrackPointExtension>
        </extensions>
      </trkpt>
      <trkpt lat="49.67275855131447315216064453125" lon="-123.1363915465772151947021484375">
        <ele>713.20001220703125</ele>
        <time>2023-07-16T21:19:26.000Z</time>
        <extensions>
          <ns3:TrackPointExtension>
            <ns3:hr>123</ns3:hr>
          </ns3:TrackPointExtension>
        </extensions>
      </trkpt>
      <trkpt lat="49.67275880277156829833984375" lon="-123.13637034036219120025634765625">
        <ele>713.4000244140625</ele>
        <time>2023-07-16T21:19:28.000Z</time>
        <extensions>
          <ns3:TrackPointExtension>
            <ns3:hr>124</ns3:hr>
          </ns3:TrackPointExtension>
        </extensions>
      </trkpt>
      <trkpt lat="49.672756455838680267333984375" lon="-123.13634611666202545166015625">
        <ele>713.4000244140625</ele>
        <time>2023-07-16T21:19:30.000Z</time>
        <extensions>
          <ns3:TrackPointExtension>
            <ns3:hr>125</ns3:hr>
          </ns3:TrackPointExtension>
        </extensions>
      </trkpt>
      <trkpt lat="49.6727582998573780059814453125" lon="-123.13634150661528110504150390625">
        <ele>713.4000244140625</ele>
        <time>2023-07-16T21:19:31.000Z</time>
        <extensions>
          <ns3:TrackPointExtension>
            <ns3:hr>128</ns3:hr>
          </ns3:TrackPointExtension>
        </extensions>
      </trkpt>
      <trkpt lat="49.6727589704096317291259765625" lon="-123.1363385729491710662841796875">
        <ele>713.79998779296875</ele>
        <time>2023-07-16T21:19:32.000Z</time>
        <extensions>
          <ns3:TrackPointExtension>
            <ns3:hr>129</ns3:hr>
          </ns3:TrackPointExtension>
        </extensions>
      </trkpt>
      <trkpt lat="49.672765843570232391357421875" lon="-123.136340416967868804931640625">
        <ele>714.4000244140625</ele>
        <time>2023-07-16T21:19:33.000Z</time>
        <extensions>
          <ns3:TrackPointExtension>
            <ns3:hr>129</ns3:hr>
          </ns3:TrackPointExtension>
        </extensions>
      </trkpt>
      <trkpt lat="49.6727375127375125885009765625" lon="-123.13631032593548297882080078125">
        <ele>714.79998779296875</ele>
        <time>2023-07-16T21:19:35.000Z</time>
        <extensions>
          <ns3:TrackPointExtension>
            <ns3:hr>127</ns3:hr>
          </ns3:TrackPointExtension>
        </extensions>
      </trkpt>
      <trkpt lat="49.67274312861263751983642578125" lon="-123.136295489966869354248046875">
        <ele>715</ele>
        <time>2023-07-16T21:19:36.000Z</time>
        <extensions>
          <ns3:TrackPointExtension>
            <ns3:hr>131</ns3:hr>
          </ns3:TrackPointExtension>
        </extensions>
      </trkpt>
      <trkpt lat="49.67273659072816371917724609375" lon="-123.13628333620727062225341796875">
        <ele>715</ele>
        <time>2023-07-16T21:19:37.000Z</time>
        <extensions>
          <ns3:TrackPointExtension>
            <ns3:hr>131</ns3:hr>
          </ns3:TrackPointExtension>
        </extensions>
      </trkpt>
      <trkpt lat="49.67270649969577789306640625" lon="-123.13624142669141292572021484375">
        <ele>714.20001220703125</ele>
        <time>2023-07-16T21:19:40.000Z</time>
        <extensions>
          <ns3:TrackPointExtension>
            <ns3:hr>132</ns3:hr>
          </ns3:TrackPointExtension>
        </extensions>
      </trkpt>
      <trkpt lat="49.67269417829811573028564453125" lon="-123.136227428913116455078125">
        <ele>714</ele>
        <time>2023-07-16T21:19:41.000Z</time>
        <extensions>
          <ns3:TrackPointExtension>
            <ns3:hr>133</ns3:hr>
          </ns3:TrackPointExtension>
        </extensions>
      </trkpt>
      <trkpt lat="49.6726912446320056915283203125" lon="-123.13620722852647304534912109375">
        <ele>714</ele>
        <time>2023-07-16T21:19:42.000Z</time>
        <extensions>
          <ns3:TrackPointExtension>
            <ns3:hr>134</ns3:hr>
          </ns3:TrackPointExtension>
        </extensions>
      </trkpt>
      <trkpt lat="49.6726831980049610137939453125" lon="-123.13618325628340244293212890625">
        <ele>714</ele>
        <time>2023-07-16T21:19:44.000Z</time>
        <extensions>
          <ns3:TrackPointExtension>
            <ns3:hr>133</ns3:hr>
          </ns3:TrackPointExtension>
        </extensions>
      </trkpt>
      <trkpt lat="49.67268009670078754425048828125" lon="-123.1361716054379940032958984375">
        <ele>714.20001220703125</ele>
        <time>2023-07-16T21:19:46.000Z</time>
        <extensions>
          <ns3:TrackPointExtension>
            <ns3:hr>133</ns3:hr>
          </ns3:TrackPointExtension>
        </extensions>
      </trkpt>
      <trkpt lat="49.67268361710011959075927734375" lon="-123.1361571885645389556884765625">
        <ele>714.20001220703125</ele>
        <time>2023-07-16T21:19:47.000Z</time>
        <extensions>
          <ns3:TrackPointExtension>
            <ns3:hr>133</ns3:hr>
          </ns3:TrackPointExtension>
        </extensions>
      </trkpt>
      <trkpt lat="49.672684706747531890869140625" lon="-123.13608451746404170989990234375">
        <ele>715</ele>
        <time>2023-07-16T21:19:52.000Z</time>
        <extensions>
          <ns3:TrackPointExtension>
            <ns3:hr>133</ns3:hr>
          </ns3:TrackPointExtension>
        </extensions>
      </trkpt>
      <trkpt lat="49.6726791746914386749267578125" lon="-123.13607026822865009307861328125">
        <ele>715</ele>
        <time>2023-07-16T21:19:53.000Z</time>
        <extensions>
          <ns3:TrackPointExtension>
            <ns3:hr>134</ns3:hr>
          </ns3:TrackPointExtension>
        </extensions>
      </trkpt>
      <trkpt lat="49.672680012881755828857421875" lon="-123.13604210503399372100830078125">
        <ele>715.4000244140625</ele>
        <time>2023-07-16T21:19:55.000Z</time>
        <extensions>
          <ns3:TrackPointExtension>
            <ns3:hr>134</ns3:hr>
          </ns3:TrackPointExtension>
        </extensions>
      </trkpt>
      <trkpt lat="49.67267456464469432830810546875" lon="-123.13602852635085582733154296875">
        <ele>715.4000244140625</ele>
        <time>2023-07-16T21:19:56.000Z</time>
        <extensions>
          <ns3:TrackPointExtension>
            <ns3:hr>133</ns3:hr>
          </ns3:TrackPointExtension>
        </extensions>
      </trkpt>
      <trkpt lat="49.67268110252916812896728515625" lon="-123.1359996087849140167236328125">
        <ele>715.5999755859375</ele>
        <time>2023-07-16T21:19:59.000Z</time>
        <extensions>
          <ns3:TrackPointExtension>
            <ns3:hr>133</ns3:hr>
          </ns3:TrackPointExtension>
        </extensions>
      </trkpt>
      <trkpt lat="49.67268696986138820648193359375" lon="-123.13598678447306156158447265625">
        <ele>715.5999755859375</ele>
        <time>2023-07-16T21:20:00.000Z</time>
        <extensions>
          <ns3:TrackPointExtension>
            <ns3:hr>133</ns3:hr>
          </ns3:TrackPointExtension>
        </extensions>
      </trkpt>
      <trkpt lat="49.672686718404293060302734375" lon="-123.13594554550945758819580078125">
        <ele>715.79998779296875</ele>
        <time>2023-07-16T21:20:04.000Z</time>
        <extensions>
          <ns3:TrackPointExtension>
            <ns3:hr>132</ns3:hr>
          </ns3:TrackPointExtension>
        </extensions>
      </trkpt>
      <trkpt lat="49.672675319015979766845703125" lon="-123.1359245069324970245361328125">
        <ele>716.4000244140625</ele>
        <time>2023-07-16T21:20:08.000Z</time>
        <extensions>
          <ns3:TrackPointExtension>
            <ns3:hr>131</ns3:hr>
          </ns3:TrackPointExtension>
        </extensions>
      </trkpt>
      <trkpt lat="49.67268194071948528289794921875" lon="-123.13591101206839084625244140625">
        <ele>716.5999755859375</ele>
        <time>2023-07-16T21:20:09.000Z</time>
        <extensions>
          <ns3:TrackPointExtension>
            <ns3:hr>131</ns3:hr>
          </ns3:TrackPointExtension>
        </extensions>
      </trkpt>
      <trkpt lat="49.6726771630346775054931640625" lon="-123.1359087489545345306396484375">
        <ele>717.20001220703125</ele>
        <time>2023-07-16T21:20:12.000Z</time>
        <extensions>
          <ns3:TrackPointExtension>
            <ns3:hr>130</ns3:hr>
          </ns3:TrackPointExtension>
        </extensions>
      </trkpt>
      <trkpt lat="49.67267221771180629730224609375" lon="-123.13589022494852542877197265625">
        <ele>717.5999755859375</ele>
        <time>2023-07-16T21:20:14.000Z</time>
        <extensions>
          <ns3:TrackPointExtension>
            <ns3:hr>130</ns3:hr>
          </ns3:TrackPointExtension>
        </extensions>
      </trkpt>
      <trkpt lat="49.67266559600830078125" lon="-123.135846890509128570556640625">
        <ele>718.4000244140625</ele>
        <time>2023-07-16T21:20:18.000Z</time>
        <extensions>
          <ns3:TrackPointExtension>
            <ns3:hr>130</ns3:hr>
          </ns3:TrackPointExtension>
        </extensions>
      </trkpt>
      <trkpt lat="49.6726669371128082275390625" lon="-123.1358426995575428009033203125">
        <ele>718.5999755859375</ele>
        <time>2023-07-16T21:20:19.000Z</time>
        <extensions>
          <ns3:TrackPointExtension>
            <ns3:hr>131</ns3:hr>
          </ns3:TrackPointExtension>
        </extensions>
      </trkpt>
      <trkpt lat="49.67268177308142185211181640625" lon="-123.1358296237885951995849609375">
        <ele>718.5999755859375</ele>
        <time>2023-07-16T21:20:20.000Z</time>
        <extensions>
          <ns3:TrackPointExtension>
            <ns3:hr>131</ns3:hr>
          </ns3:TrackPointExtension>
        </extensions>
      </trkpt>
      <trkpt lat="49.6726991236209869384765625" lon="-123.13577950000762939453125">
        <ele>719</ele>
        <time>2023-07-16T21:20:23.000Z</time>
        <extensions>
          <ns3:TrackPointExtension>
            <ns3:hr>130</ns3:hr>
          </ns3:TrackPointExtension>
        </extensions>
      </trkpt>
      <trkpt lat="49.67270138673484325408935546875" lon="-123.13575695268809795379638671875">
        <ele>719.20001220703125</ele>
        <time>2023-07-16T21:20:24.000Z</time>
        <extensions>
          <ns3:TrackPointExtension>
            <ns3:hr>130</ns3:hr>
          </ns3:TrackPointExtension>
        </extensions>
      </trkpt>
      <trkpt lat="49.67271010391414165496826171875" lon="-123.13573884777724742889404296875">
        <ele>719.20001220703125</ele>
        <time>2023-07-16T21:20:27.000Z</time>
        <extensions>
          <ns3:TrackPointExtension>
            <ns3:hr>130</ns3:hr>
          </ns3:TrackPointExtension>
        </extensions>
      </trkpt>
      <trkpt lat="49.67273122631013393402099609375" lon="-123.1357243470847606658935546875">
        <ele>719.4000244140625</ele>
        <time>2023-07-16T21:20:29.000Z</time>
        <extensions>
          <ns3:TrackPointExtension>
            <ns3:hr>129</ns3:hr>
          </ns3:TrackPointExtension>
        </extensions>
      </trkpt>
      <trkpt lat="49.67274279333651065826416015625" lon="-123.1356918253004550933837890625">
        <ele>719.5999755859375</ele>
        <time>2023-07-16T21:20:33.000Z</time>
        <extensions>
          <ns3:TrackPointExtension>
            <ns3:hr>130</ns3:hr>
          </ns3:TrackPointExtension>
        </extensions>
      </trkpt>
      <trkpt lat="49.67274480499327182769775390625" lon="-123.13568604178726673126220703125">
        <ele>719.79998779296875</ele>
        <time>2023-07-16T21:20:34.000Z</time>
        <extensions>
          <ns3:TrackPointExtension>
            <ns3:hr>129</ns3:hr>
          </ns3:TrackPointExtension>
        </extensions>
      </trkpt>
      <trkpt lat="49.67275075614452362060546875" lon="-123.135628961026668548583984375">
        <ele>720.79998779296875</ele>
        <time>2023-07-16T21:20:40.000Z</time>
        <extensions>
          <ns3:TrackPointExtension>
            <ns3:hr>128</ns3:hr>
          </ns3:TrackPointExtension>
        </extensions>
      </trkpt>
      <trkpt lat="49.67274933122098445892333984375" lon="-123.13561982475221157073974609375">
        <ele>721.20001220703125</ele>
        <time>2023-07-16T21:20:41.000Z</time>
        <extensions>
          <ns3:TrackPointExtension>
            <ns3:hr>128</ns3:hr>
          </ns3:TrackPointExtension>
        </extensions>
      </trkpt>
      <trkpt lat="49.67272535897791385650634765625" lon="-123.13559065572917461395263671875">
        <ele>721.79998779296875</ele>
        <time>2023-07-16T21:20:45.000Z</time>
        <extensions>
          <ns3:TrackPointExtension>
            <ns3:hr>129</ns3:hr>
          </ns3:TrackPointExtension>
        </extensions>
      </trkpt>
      <trkpt lat="49.67274195514619350433349609375" lon="-123.13555897213518619537353515625">
        <ele>722.20001220703125</ele>
        <time>2023-07-16T21:20:48.000Z</time>
        <extensions>
          <ns3:TrackPointExtension>
            <ns3:hr>132</ns3:hr>
          </ns3:TrackPointExtension>
        </extensions>
      </trkpt>
      <trkpt lat="49.6727244369685649871826171875" lon="-123.13554204069077968597412109375">
        <ele>722.79998779296875</ele>
        <time>2023-07-16T21:20:53.000Z</time>
        <extensions>
          <ns3:TrackPointExtension>
            <ns3:hr>134</ns3:hr>
          </ns3:TrackPointExtension>
        </extensions>
      </trkpt>
      <trkpt lat="49.67272334732115268707275390625" lon="-123.1355381011962890625">
        <ele>723</ele>
        <time>2023-07-16T21:20:54.000Z</time>
        <extensions>
          <ns3:TrackPointExtension>
            <ns3:hr>135</ns3:hr>
          </ns3:TrackPointExtension>
        </extensions>
      </trkpt>
      <trkpt lat="49.67268638312816619873046875" lon="-123.13552695326507091522216796875">
        <ele>723</ele>
        <time>2023-07-16T21:20:59.000Z</time>
        <extensions>
          <ns3:TrackPointExtension>
            <ns3:hr>133</ns3:hr>
          </ns3:TrackPointExtension>
        </extensions>
      </trkpt>
      <trkpt lat="49.67267473228275775909423828125" lon="-123.1354792602360248565673828125">
        <ele>723.5999755859375</ele>
        <time>2023-07-16T21:21:03.000Z</time>
        <extensions>
          <ns3:TrackPointExtension>
            <ns3:hr>131</ns3:hr>
          </ns3:TrackPointExtension>
        </extensions>
      </trkpt>
      <trkpt lat="49.67266299761831760406494140625" lon="-123.135460652410984039306640625">
        <ele>724</ele>
        <time>2023-07-16T21:21:06.000Z</time>
        <extensions>
          <ns3:TrackPointExtension>
            <ns3:hr>131</ns3:hr>
          </ns3:TrackPointExtension>
        </extensions>
      </trkpt>
      <trkpt lat="49.6726530231535434722900390625" lon="-123.13544891774654388427734375">
        <ele>724.20001220703125</ele>
        <time>2023-07-16T21:21:08.000Z</time>
        <extensions>
          <ns3:TrackPointExtension>
            <ns3:hr>131</ns3:hr>
          </ns3:TrackPointExtension>
        </extensions>
      </trkpt>
      <trkpt lat="49.67264908365905284881591796875" lon="-123.13544380478560924530029296875">
        <ele>724.20001220703125</ele>
        <time>2023-07-16T21:21:10.000Z</time>
        <extensions>
          <ns3:TrackPointExtension>
            <ns3:hr>130</ns3:hr>
          </ns3:TrackPointExtension>
        </extensions>
      </trkpt>
      <trkpt lat="49.672643803060054779052734375" lon="-123.13543542288243770599365234375">
        <ele>724.4000244140625</ele>
        <time>2023-07-16T21:21:12.000Z</time>
        <extensions>
          <ns3:TrackPointExtension>
            <ns3:hr>131</ns3:hr>
          </ns3:TrackPointExtension>
        </extensions>
      </trkpt>
      <trkpt lat="49.67263273894786834716796875" lon="-123.13542486168444156646728515625">
        <ele>724.4000244140625</ele>
        <time>2023-07-16T21:21:13.000Z</time>
        <extensions>
          <ns3:TrackPointExtension>
            <ns3:hr>131</ns3:hr>
          </ns3:TrackPointExtension>
        </extensions>
      </trkpt>
      <trkpt lat="49.6726272068917751312255859375" lon="-123.135417737066745758056640625">
        <ele>724.4000244140625</ele>
        <time>2023-07-16T21:21:14.000Z</time>
        <extensions>
          <ns3:TrackPointExtension>
            <ns3:hr>130</ns3:hr>
          </ns3:TrackPointExtension>
        </extensions>
      </trkpt>
      <trkpt lat="49.67260097153484821319580078125" lon="-123.1354053318500518798828125">
        <ele>724.4000244140625</ele>
        <time>2023-07-16T21:21:17.000Z</time>
        <extensions>
          <ns3:TrackPointExtension>
            <ns3:hr>130</ns3:hr>
          </ns3:TrackPointExtension>
        </extensions>
      </trkpt>
      <trkpt lat="49.67260197736322879791259765625" lon="-123.13540424220263957977294921875">
        <ele>724.4000244140625</ele>
        <time>2023-07-16T21:21:22.000Z</time>
        <extensions>
          <ns3:TrackPointExtension>
            <ns3:hr>131</ns3:hr>
          </ns3:TrackPointExtension>
        </extensions>
      </trkpt>
      <trkpt lat="49.67258538119494915008544921875" lon="-123.1354111991822719573974609375">
        <ele>725.20001220703125</ele>
        <time>2023-07-16T21:21:27.000Z</time>
        <extensions>
          <ns3:TrackPointExtension>
            <ns3:hr>132</ns3:hr>
          </ns3:TrackPointExtension>
        </extensions>
      </trkpt>
      <trkpt lat="49.67258705757558345794677734375" lon="-123.13540776260197162628173828125">
        <ele>725.4000244140625</ele>
        <time>2023-07-16T21:21:28.000Z</time>
        <extensions>
          <ns3:TrackPointExtension>
            <ns3:hr>131</ns3:hr>
          </ns3:TrackPointExtension>
        </extensions>
      </trkpt>
      <trkpt lat="49.6725849620997905731201171875" lon="-123.13535395078361034393310546875">
        <ele>726.5999755859375</ele>
        <time>2023-07-16T21:21:33.000Z</time>
        <extensions>
          <ns3:TrackPointExtension>
            <ns3:hr>130</ns3:hr>
          </ns3:TrackPointExtension>
        </extensions>
      </trkpt>
      <trkpt lat="49.672566018998622894287109375" lon="-123.1353505142033100128173828125">
        <ele>727</ele>
        <time>2023-07-16T21:21:34.000Z</time>
        <extensions>
          <ns3:TrackPointExtension>
            <ns3:hr>130</ns3:hr>
          </ns3:TrackPointExtension>
        </extensions>
      </trkpt>
      <trkpt lat="49.67253291048109531402587890625" lon="-123.13533224165439605712890625">
        <ele>727.20001220703125</ele>
        <time>2023-07-16T21:21:39.000Z</time>
        <extensions>
          <ns3:TrackPointExtension>
            <ns3:hr>130</ns3:hr>
          </ns3:TrackPointExtension>
        </extensions>
      </trkpt>
      <trkpt lat="49.67251530848443508148193359375" lon="-123.1353542022407054901123046875">
        <ele>727.4000244140625</ele>
        <time>2023-07-16T21:21:42.000Z</time>
        <extensions>
          <ns3:TrackPointExtension>
            <ns3:hr>131</ns3:hr>
          </ns3:TrackPointExtension>
        </extensions>
      </trkpt>
      <trkpt lat="49.67255453579127788543701171875" lon="-123.135354034602642059326171875">
        <ele>727.79998779296875</ele>
        <time>2023-07-16T21:21:45.000Z</time>
        <extensions>
          <ns3:TrackPointExtension>
            <ns3:hr>131</ns3:hr>
          </ns3:TrackPointExtension>
        </extensions>
      </trkpt>
      <trkpt lat="49.6725571341812610626220703125" lon="-123.1353518553078174591064453125">
        <ele>728</ele>
        <time>2023-07-16T21:21:47.000Z</time>
        <extensions>
          <ns3:TrackPointExtension>
            <ns3:hr>131</ns3:hr>
          </ns3:TrackPointExtension>
        </extensions>
      </trkpt>
      <trkpt lat="49.672572053968906402587890625" lon="-123.13535160385072231292724609375">
        <ele>728.4000244140625</ele>
        <time>2023-07-16T21:21:49.000Z</time>
        <extensions>
          <ns3:TrackPointExtension>
            <ns3:hr>132</ns3:hr>
          </ns3:TrackPointExtension>
        </extensions>
      </trkpt>
      <trkpt lat="49.6725762449204921722412109375" lon="-123.1353474967181682586669921875">
        <ele>728.79998779296875</ele>
        <time>2023-07-16T21:21:51.000Z</time>
        <extensions>
          <ns3:TrackPointExtension>
            <ns3:hr>132</ns3:hr>
          </ns3:TrackPointExtension>
        </extensions>
      </trkpt>
      <trkpt lat="49.6725809387862682342529296875" lon="-123.1353474967181682586669921875">
        <ele>729.20001220703125</ele>
        <time>2023-07-16T21:21:53.000Z</time>
        <extensions>
          <ns3:TrackPointExtension>
            <ns3:hr>132</ns3:hr>
          </ns3:TrackPointExtension>
        </extensions>
      </trkpt>
      <trkpt lat="49.67258420772850513458251953125" lon="-123.13531707040965557098388671875">
        <ele>729.5999755859375</ele>
        <time>2023-07-16T21:21:57.000Z</time>
        <extensions>
          <ns3:TrackPointExtension>
            <ns3:hr>133</ns3:hr>
          </ns3:TrackPointExtension>
        </extensions>
      </trkpt>
      <trkpt lat="49.672586135566234588623046875" lon="-123.13531405292451381683349609375">
        <ele>729.5999755859375</ele>
        <time>2023-07-16T21:21:58.000Z</time>
        <extensions>
          <ns3:TrackPointExtension>
            <ns3:hr>133</ns3:hr>
          </ns3:TrackPointExtension>
        </extensions>
      </trkpt>
      <trkpt lat="49.67258454300463199615478515625" lon="-123.13531078398227691650390625">
        <ele>729.5999755859375</ele>
        <time>2023-07-16T21:21:59.000Z</time>
        <extensions>
          <ns3:TrackPointExtension>
            <ns3:hr>132</ns3:hr>
          </ns3:TrackPointExtension>
        </extensions>
      </trkpt>
      <trkpt lat="49.6725846268236637115478515625" lon="-123.13530617393553256988525390625">
        <ele>729.79998779296875</ele>
        <time>2023-07-16T21:22:00.000Z</time>
        <extensions>
          <ns3:TrackPointExtension>
            <ns3:hr>134</ns3:hr>
          </ns3:TrackPointExtension>
        </extensions>
      </trkpt>
      <trkpt lat="49.67259577475488185882568359375" lon="-123.1352576427161693572998046875">
        <ele>730.79998779296875</ele>
        <time>2023-07-16T21:22:07.000Z</time>
        <extensions>
          <ns3:TrackPointExtension>
            <ns3:hr>136</ns3:hr>
          </ns3:TrackPointExtension>
        </extensions>
      </trkpt>
      <trkpt lat="49.672586806118488311767578125" lon="-123.13524850644171237945556640625">
        <ele>731</ele>
        <time>2023-07-16T21:22:08.000Z</time>
        <extensions>
          <ns3:TrackPointExtension>
            <ns3:hr>136</ns3:hr>
          </ns3:TrackPointExtension>
        </extensions>
      </trkpt>
      <trkpt lat="49.67258571647107601165771484375" lon="-123.1351746618747711181640625">
        <ele>731.20001220703125</ele>
        <time>2023-07-16T21:22:13.000Z</time>
        <extensions>
          <ns3:TrackPointExtension>
            <ns3:hr>134</ns3:hr>
          </ns3:TrackPointExtension>
        </extensions>
      </trkpt>
      <trkpt lat="49.67257347889244556427001953125" lon="-123.13512839376926422119140625">
        <ele>731.79998779296875</ele>
        <time>2023-07-16T21:22:18.000Z</time>
        <extensions>
          <ns3:TrackPointExtension>
            <ns3:hr>136</ns3:hr>
          </ns3:TrackPointExtension>
        </extensions>
      </trkpt>
      <trkpt lat="49.67257381416857242584228515625" lon="-123.135127387940883636474609375">
        <ele>732</ele>
        <time>2023-07-16T21:22:19.000Z</time>
        <extensions>
          <ns3:TrackPointExtension>
            <ns3:hr>136</ns3:hr>
          </ns3:TrackPointExtension>
        </extensions>
      </trkpt>
      <trkpt lat="49.67261773534119129180908203125" lon="-123.135019429028034210205078125">
        <ele>732.5999755859375</ele>
        <time>2023-07-16T21:22:27.000Z</time>
        <extensions>
          <ns3:TrackPointExtension>
            <ns3:hr>134</ns3:hr>
          </ns3:TrackPointExtension>
        </extensions>
      </trkpt>
      <trkpt lat="49.6726148016750812530517578125" lon="-123.13498891890048980712890625">
        <ele>733</ele>
        <time>2023-07-16T21:22:29.000Z</time>
        <extensions>
          <ns3:TrackPointExtension>
            <ns3:hr>135</ns3:hr>
          </ns3:TrackPointExtension>
        </extensions>
      </trkpt>
      <trkpt lat="49.67259560711681842803955078125" lon="-123.13496746122837066650390625">
        <ele>733.5999755859375</ele>
        <time>2023-07-16T21:22:32.000Z</time>
        <extensions>
          <ns3:TrackPointExtension>
            <ns3:hr>133</ns3:hr>
          </ns3:TrackPointExtension>
        </extensions>
      </trkpt>
      <trkpt lat="49.67257280834019184112548828125" lon="-123.1349558942019939422607421875">
        <ele>734</ele>
        <time>2023-07-16T21:22:35.000Z</time>
        <extensions>
          <ns3:TrackPointExtension>
            <ns3:hr>133</ns3:hr>
          </ns3:TrackPointExtension>
        </extensions>
      </trkpt>
      <trkpt lat="49.67255788855254650115966796875" lon="-123.1349320895969867706298828125">
        <ele>734.4000244140625</ele>
        <time>2023-07-16T21:22:37.000Z</time>
        <extensions>
          <ns3:TrackPointExtension>
            <ns3:hr>133</ns3:hr>
          </ns3:TrackPointExtension>
        </extensions>
      </trkpt>
      <trkpt lat="49.6724823676049709320068359375" lon="-123.13493753783404827117919921875">
        <ele>735.20001220703125</ele>
        <time>2023-07-16T21:22:42.000Z</time>
        <extensions>
          <ns3:TrackPointExtension>
            <ns3:hr>132</ns3:hr>
          </ns3:TrackPointExtension>
        </extensions>
      </trkpt>
      <trkpt lat="49.672482199966907501220703125" lon="-123.13491390086710453033447265625">
        <ele>735.20001220703125</ele>
        <time>2023-07-16T21:22:45.000Z</time>
        <extensions>
          <ns3:TrackPointExtension>
            <ns3:hr>132</ns3:hr>
          </ns3:TrackPointExtension>
        </extensions>
      </trkpt>
      <trkpt lat="49.67247272841632366180419921875" lon="-123.13489772379398345947265625">
        <ele>735</ele>
        <time>2023-07-16T21:22:49.000Z</time>
        <extensions>
          <ns3:TrackPointExtension>
            <ns3:hr>133</ns3:hr>
          </ns3:TrackPointExtension>
        </extensions>
      </trkpt>
      <trkpt lat="49.67244087718427181243896484375" lon="-123.13488473184406757354736328125">
        <ele>734.79998779296875</ele>
        <time>2023-07-16T21:22:55.000Z</time>
        <extensions>
          <ns3:TrackPointExtension>
            <ns3:hr>134</ns3:hr>
          </ns3:TrackPointExtension>
        </extensions>
      </trkpt>
      <trkpt lat="49.672409780323505401611328125" lon="-123.134869225323200225830078125">
        <ele>734.79998779296875</ele>
        <time>2023-07-16T21:23:06.000Z</time>
        <extensions>
          <ns3:TrackPointExtension>
            <ns3:hr>135</ns3:hr>
          </ns3:TrackPointExtension>
        </extensions>
      </trkpt>
      <trkpt lat="49.672433920204639434814453125" lon="-123.13485338352620601654052734375">
        <ele>734.5999755859375</ele>
        <time>2023-07-16T21:23:16.000Z</time>
        <extensions>
          <ns3:TrackPointExtension>
            <ns3:hr>134</ns3:hr>
          </ns3:TrackPointExtension>
        </extensions>
      </trkpt>
      <trkpt lat="49.6724186651408672332763671875" lon="-123.1348688900470733642578125">
        <ele>735.20001220703125</ele>
        <time>2023-07-16T21:23:23.000Z</time>
        <extensions>
          <ns3:TrackPointExtension>
            <ns3:hr>134</ns3:hr>
          </ns3:TrackPointExtension>
        </extensions>
      </trkpt>
      <trkpt lat="49.6724200062453746795654296875" lon="-123.13486914150416851043701171875">
        <ele>734.79998779296875</ele>
        <time>2023-07-16T21:23:35.000Z</time>
        <extensions>
          <ns3:TrackPointExtension>
            <ns3:hr>131</ns3:hr>
          </ns3:TrackPointExtension>
        </extensions>
      </trkpt>
      <trkpt lat="49.67242076061666011810302734375" lon="-123.13486914150416851043701171875">
        <ele>734.5999755859375</ele>
        <time>2023-07-16T21:23:37.000Z</time>
        <extensions>
          <ns3:TrackPointExtension>
            <ns3:hr>131</ns3:hr>
          </ns3:TrackPointExtension>
        </extensions>
      </trkpt>
      <trkpt lat="49.672427885234355926513671875" lon="-123.134869895875453948974609375">
        <ele>734.20001220703125</ele>
        <time>2023-07-16T21:23:54.000Z</time>
        <extensions>
          <ns3:TrackPointExtension>
            <ns3:hr>135</ns3:hr>
          </ns3:TrackPointExtension>
        </extensions>
      </trkpt>
      <trkpt lat="49.6724280528724193572998046875" lon="-123.134869895875453948974609375">
        <ele>734.20001220703125</ele>
        <time>2023-07-16T21:23:55.000Z</time>
        <extensions>
          <ns3:TrackPointExtension>
            <ns3:hr>139</ns3:hr>
          </ns3:TrackPointExtension>
        </extensions>
      </trkpt>
      <trkpt lat="49.6724283881485462188720703125" lon="-123.13486956059932708740234375">
        <ele>734</ele>
        <time>2023-07-16T21:23:56.000Z</time>
        <extensions>
          <ns3:TrackPointExtension>
            <ns3:hr>142</ns3:hr>
          </ns3:TrackPointExtension>
        </extensions>
      </trkpt>
      <trkpt lat="49.6724287234246730804443359375" lon="-123.1348690576851367950439453125">
        <ele>734</ele>
        <time>2023-07-16T21:23:58.000Z</time>
        <extensions>
          <ns3:TrackPointExtension>
            <ns3:hr>145</ns3:hr>
          </ns3:TrackPointExtension>
        </extensions>
      </trkpt>
      <trkpt lat="49.6724290587007999420166015625" lon="-123.1348633579909801483154296875">
        <ele>735.20001220703125</ele>
        <time>2023-07-16T21:24:06.000Z</time>
        <extensions>
          <ns3:TrackPointExtension>
            <ns3:hr>144</ns3:hr>
          </ns3:TrackPointExtension>
        </extensions>
      </trkpt>
      <trkpt lat="49.6724290587007999420166015625" lon="-123.1348616816103458404541015625">
        <ele>736.4000244140625</ele>
        <time>2023-07-16T21:24:10.000Z</time>
        <extensions>
          <ns3:TrackPointExtension>
            <ns3:hr>143</ns3:hr>
          </ns3:TrackPointExtension>
        </extensions>
      </trkpt>
      <trkpt lat="49.672428555786609649658203125" lon="-123.13485992141067981719970703125">
        <ele>737.5999755859375</ele>
        <time>2023-07-16T21:24:15.000Z</time>
        <extensions>
          <ns3:TrackPointExtension>
            <ns3:hr>143</ns3:hr>
          </ns3:TrackPointExtension>
        </extensions>
      </trkpt>
      <trkpt lat="49.67242444865405559539794921875" lon="-123.13485422171652317047119140625">
        <ele>738.79998779296875</ele>
        <time>2023-07-16T21:24:18.000Z</time>
        <extensions>
          <ns3:TrackPointExtension>
            <ns3:hr>143</ns3:hr>
          </ns3:TrackPointExtension>
        </extensions>
      </trkpt>
      <trkpt lat="49.67242109589278697967529296875" lon="-123.134843744337558746337890625">
        <ele>740.20001220703125</ele>
        <time>2023-07-16T21:24:21.000Z</time>
        <extensions>
          <ns3:TrackPointExtension>
            <ns3:hr>142</ns3:hr>
          </ns3:TrackPointExtension>
        </extensions>
      </trkpt>
      <trkpt lat="49.67241120524704456329345703125" lon="-123.13482522033154964447021484375">
        <ele>741</ele>
        <time>2023-07-16T21:24:30.000Z</time>
        <extensions>
          <ns3:TrackPointExtension>
            <ns3:hr>138</ns3:hr>
          </ns3:TrackPointExtension>
        </extensions>
      </trkpt>
      <trkpt lat="49.67241086997091770172119140625" lon="-123.134822286665439605712890625">
        <ele>741.4000244140625</ele>
        <time>2023-07-16T21:24:31.000Z</time>
        <extensions>
          <ns3:TrackPointExtension>
            <ns3:hr>137</ns3:hr>
          </ns3:TrackPointExtension>
        </extensions>
      </trkpt>
      <trkpt lat="49.67238597571849822998046875" lon="-123.13480116426944732666015625">
        <ele>742.4000244140625</ele>
        <time>2023-07-16T21:24:41.000Z</time>
        <extensions>
          <ns3:TrackPointExtension>
            <ns3:hr>140</ns3:hr>
          </ns3:TrackPointExtension>
        </extensions>
      </trkpt>
      <trkpt lat="49.672379605472087860107421875" lon="-123.134796135127544403076171875">
        <ele>742.4000244140625</ele>
        <time>2023-07-16T21:24:42.000Z</time>
        <extensions>
          <ns3:TrackPointExtension>
            <ns3:hr>140</ns3:hr>
          </ns3:TrackPointExtension>
        </extensions>
      </trkpt>
      <trkpt lat="49.67234146781265735626220703125" lon="-123.1347305886447429656982421875">
        <ele>742.79998779296875</ele>
        <time>2023-07-16T21:24:51.000Z</time>
        <extensions>
          <ns3:TrackPointExtension>
            <ns3:hr>137</ns3:hr>
          </ns3:TrackPointExtension>
        </extensions>
      </trkpt>
      <trkpt lat="49.6723321639001369476318359375" lon="-123.13467887230217456817626953125">
        <ele>743.4000244140625</ele>
        <time>2023-07-16T21:25:00.000Z</time>
        <extensions>
          <ns3:TrackPointExtension>
            <ns3:hr>135</ns3:hr>
          </ns3:TrackPointExtension>
        </extensions>
      </trkpt>
      <trkpt lat="49.6723284758627414703369140625" lon="-123.1346393935382366180419921875">
        <ele>743.79998779296875</ele>
        <time>2023-07-16T21:25:02.000Z</time>
        <extensions>
          <ns3:TrackPointExtension>
            <ns3:hr>135</ns3:hr>
          </ns3:TrackPointExtension>
        </extensions>
      </trkpt>
      <trkpt lat="49.67232470400631427764892578125" lon="-123.13461651094257831573486328125">
        <ele>744</ele>
        <time>2023-07-16T21:25:03.000Z</time>
        <extensions>
          <ns3:TrackPointExtension>
            <ns3:hr>135</ns3:hr>
          </ns3:TrackPointExtension>
        </extensions>
      </trkpt>
      <trkpt lat="49.67230425216257572174072265625" lon="-123.13450821675360202789306640625">
        <ele>744.4000244140625</ele>
        <time>2023-07-16T21:25:08.000Z</time>
        <extensions>
          <ns3:TrackPointExtension>
            <ns3:hr>135</ns3:hr>
          </ns3:TrackPointExtension>
        </extensions>
      </trkpt>
      <trkpt lat="49.67229452915489673614501953125" lon="-123.1344932131469249725341796875">
        <ele>745</ele>
        <time>2023-07-16T21:25:10.000Z</time>
        <extensions>
          <ns3:TrackPointExtension>
            <ns3:hr>137</ns3:hr>
          </ns3:TrackPointExtension>
        </extensions>
      </trkpt>
      <trkpt lat="49.67230592854321002960205078125" lon="-123.1345067918300628662109375">
        <ele>745.4000244140625</ele>
        <time>2023-07-16T21:25:12.000Z</time>
        <extensions>
          <ns3:TrackPointExtension>
            <ns3:hr>138</ns3:hr>
          </ns3:TrackPointExtension>
        </extensions>
      </trkpt>
      <trkpt lat="49.6723063476383686065673828125" lon="-123.13450905494391918182373046875">
        <ele>745.5999755859375</ele>
        <time>2023-07-16T21:25:14.000Z</time>
        <extensions>
          <ns3:TrackPointExtension>
            <ns3:hr>140</ns3:hr>
          </ns3:TrackPointExtension>
        </extensions>
      </trkpt>
      <trkpt lat="49.67229939065873622894287109375" lon="-123.134527243673801422119140625">
        <ele>745.5999755859375</ele>
        <time>2023-07-16T21:25:15.000Z</time>
        <extensions>
          <ns3:TrackPointExtension>
            <ns3:hr>141</ns3:hr>
          </ns3:TrackPointExtension>
        </extensions>
      </trkpt>
      <trkpt lat="49.6722983010113239288330078125" lon="-123.1345274113118648529052734375">
        <ele>746</ele>
        <time>2023-07-16T21:25:20.000Z</time>
        <extensions>
          <ns3:TrackPointExtension>
            <ns3:hr>144</ns3:hr>
          </ns3:TrackPointExtension>
        </extensions>
      </trkpt>
      <trkpt lat="49.67228396795690059661865234375" lon="-123.13451307825744152069091796875">
        <ele>746.20001220703125</ele>
        <time>2023-07-16T21:25:29.000Z</time>
        <extensions>
          <ns3:TrackPointExtension>
            <ns3:hr>146</ns3:hr>
          </ns3:TrackPointExtension>
        </extensions>
      </trkpt>
      <trkpt lat="49.67228212393820285797119140625" lon="-123.13450737856328487396240234375">
        <ele>746.20001220703125</ele>
        <time>2023-07-16T21:25:30.000Z</time>
        <extensions>
          <ns3:TrackPointExtension>
            <ns3:hr>149</ns3:hr>
          </ns3:TrackPointExtension>
        </extensions>
      </trkpt>
      <trkpt lat="49.6722805313766002655029296875" lon="-123.1344945542514324188232421875">
        <ele>746.4000244140625</ele>
        <time>2023-07-16T21:25:31.000Z</time>
        <extensions>
          <ns3:TrackPointExtension>
            <ns3:hr>146</ns3:hr>
          </ns3:TrackPointExtension>
        </extensions>
      </trkpt>
      <trkpt lat="49.67227273620665073394775390625" lon="-123.13448005355894565582275390625">
        <ele>746.5999755859375</ele>
        <time>2023-07-16T21:25:33.000Z</time>
        <extensions>
          <ns3:TrackPointExtension>
            <ns3:hr>146</ns3:hr>
          </ns3:TrackPointExtension>
        </extensions>
      </trkpt>
      <trkpt lat="49.67226888053119182586669921875" lon="-123.13446144573390483856201171875">
        <ele>747</ele>
        <time>2023-07-16T21:25:36.000Z</time>
        <extensions>
          <ns3:TrackPointExtension>
            <ns3:hr>146</ns3:hr>
          </ns3:TrackPointExtension>
        </extensions>
      </trkpt>
      <trkpt lat="49.672260247170925140380859375" lon="-123.134447447955608367919921875">
        <ele>747.79998779296875</ele>
        <time>2023-07-16T21:25:41.000Z</time>
        <extensions>
          <ns3:TrackPointExtension>
            <ns3:hr>144</ns3:hr>
          </ns3:TrackPointExtension>
        </extensions>
      </trkpt>
      <trkpt lat="49.67226603068411350250244140625" lon="-123.13440310768783092498779296875">
        <ele>749</ele>
        <time>2023-07-16T21:25:46.000Z</time>
        <extensions>
          <ns3:TrackPointExtension>
            <ns3:hr>143</ns3:hr>
          </ns3:TrackPointExtension>
        </extensions>
      </trkpt>
      <trkpt lat="49.67226552776992321014404296875" lon="-123.13440151512622833251953125">
        <ele>749.5999755859375</ele>
        <time>2023-07-16T21:25:50.000Z</time>
        <extensions>
          <ns3:TrackPointExtension>
            <ns3:hr>144</ns3:hr>
          </ns3:TrackPointExtension>
        </extensions>
      </trkpt>
      <trkpt lat="49.67226636596024036407470703125" lon="-123.13440243713557720184326171875">
        <ele>750</ele>
        <time>2023-07-16T21:25:52.000Z</time>
        <extensions>
          <ns3:TrackPointExtension>
            <ns3:hr>142</ns3:hr>
          </ns3:TrackPointExtension>
        </extensions>
      </trkpt>
      <trkpt lat="49.67225211672484874725341796875" lon="-123.13439078629016876220703125">
        <ele>750.4000244140625</ele>
        <time>2023-07-16T21:25:54.000Z</time>
        <extensions>
          <ns3:TrackPointExtension>
            <ns3:hr>141</ns3:hr>
          </ns3:TrackPointExtension>
        </extensions>
      </trkpt>
      <trkpt lat="49.67224155552685260772705078125" lon="-123.13437896780669689178466796875">
        <ele>751.20001220703125</ele>
        <time>2023-07-16T21:25:56.000Z</time>
        <extensions>
          <ns3:TrackPointExtension>
            <ns3:hr>139</ns3:hr>
          </ns3:TrackPointExtension>
        </extensions>
      </trkpt>
      <trkpt lat="49.67225094325840473175048828125" lon="-123.13436237163841724395751953125">
        <ele>751.5999755859375</ele>
        <time>2023-07-16T21:25:59.000Z</time>
        <extensions>
          <ns3:TrackPointExtension>
            <ns3:hr>141</ns3:hr>
          </ns3:TrackPointExtension>
        </extensions>
      </trkpt>
      <trkpt lat="49.67228497378528118133544921875" lon="-123.13436874188482761383056640625">
        <ele>752.20001220703125</ele>
        <time>2023-07-16T21:26:05.000Z</time>
        <extensions>
          <ns3:TrackPointExtension>
            <ns3:hr>141</ns3:hr>
          </ns3:TrackPointExtension>
        </extensions>
      </trkpt>
      <trkpt lat="49.67228312976658344268798828125" lon="-123.13436874188482761383056640625">
        <ele>752.20001220703125</ele>
        <time>2023-07-16T21:26:06.000Z</time>
        <extensions>
          <ns3:TrackPointExtension>
            <ns3:hr>141</ns3:hr>
          </ns3:TrackPointExtension>
        </extensions>
      </trkpt>
      <trkpt lat="49.6723046712577342987060546875" lon="-123.13435398973524570465087890625">
        <ele>752.5999755859375</ele>
        <time>2023-07-16T21:26:11.000Z</time>
        <extensions>
          <ns3:TrackPointExtension>
            <ns3:hr>143</ns3:hr>
          </ns3:TrackPointExtension>
        </extensions>
      </trkpt>
      <trkpt lat="49.672326631844043731689453125" lon="-123.13435097225010395050048828125">
        <ele>752.5999755859375</ele>
        <time>2023-07-16T21:26:14.000Z</time>
        <extensions>
          <ns3:TrackPointExtension>
            <ns3:hr>146</ns3:hr>
          </ns3:TrackPointExtension>
        </extensions>
      </trkpt>
      <trkpt lat="49.67234347946941852569580078125" lon="-123.13434108160436153411865234375">
        <ele>752.79998779296875</ele>
        <time>2023-07-16T21:26:18.000Z</time>
        <extensions>
          <ns3:TrackPointExtension>
            <ns3:hr>145</ns3:hr>
          </ns3:TrackPointExtension>
        </extensions>
      </trkpt>
      <trkpt lat="49.6723626740276813507080078125" lon="-123.13428391702473163604736328125">
        <ele>753.4000244140625</ele>
        <time>2023-07-16T21:26:24.000Z</time>
        <extensions>
          <ns3:TrackPointExtension>
            <ns3:hr>144</ns3:hr>
          </ns3:TrackPointExtension>
        </extensions>
      </trkpt>
      <trkpt lat="49.67236661352217197418212890625" lon="-123.134275786578655242919921875">
        <ele>753.5999755859375</ele>
        <time>2023-07-16T21:26:25.000Z</time>
        <extensions>
          <ns3:TrackPointExtension>
            <ns3:hr>144</ns3:hr>
          </ns3:TrackPointExtension>
        </extensions>
      </trkpt>
      <trkpt lat="49.67236141674220561981201171875" lon="-123.13429079018533229827880859375">
        <ele>754.4000244140625</ele>
        <time>2023-07-16T21:26:29.000Z</time>
        <extensions>
          <ns3:TrackPointExtension>
            <ns3:hr>143</ns3:hr>
          </ns3:TrackPointExtension>
        </extensions>
      </trkpt>
      <trkpt lat="49.67235638760030269622802734375" lon="-123.13428483903408050537109375">
        <ele>754.5999755859375</ele>
        <time>2023-07-16T21:26:31.000Z</time>
        <extensions>
          <ns3:TrackPointExtension>
            <ns3:hr>144</ns3:hr>
          </ns3:TrackPointExtension>
        </extensions>
      </trkpt>
      <trkpt lat="49.6723244525492191314697265625" lon="-123.13425927422940731048583984375">
        <ele>755.20001220703125</ele>
        <time>2023-07-16T21:26:37.000Z</time>
        <extensions>
          <ns3:TrackPointExtension>
            <ns3:hr>141</ns3:hr>
          </ns3:TrackPointExtension>
        </extensions>
      </trkpt>
      <trkpt lat="49.672308862209320068359375" lon="-123.13422172330319881439208984375">
        <ele>755.4000244140625</ele>
        <time>2023-07-16T21:26:43.000Z</time>
        <extensions>
          <ns3:TrackPointExtension>
            <ns3:hr>139</ns3:hr>
          </ns3:TrackPointExtension>
        </extensions>
      </trkpt>
      <trkpt lat="49.672300815582275390625" lon="-123.13420127145946025848388671875">
        <ele>755.4000244140625</ele>
        <time>2023-07-16T21:26:45.000Z</time>
        <extensions>
          <ns3:TrackPointExtension>
            <ns3:hr>139</ns3:hr>
          </ns3:TrackPointExtension>
        </extensions>
      </trkpt>
      <trkpt lat="49.67227256856858730316162109375" lon="-123.13417327590286731719970703125">
        <ele>756.20001220703125</ele>
        <time>2023-07-16T21:26:49.000Z</time>
        <extensions>
          <ns3:TrackPointExtension>
            <ns3:hr>140</ns3:hr>
          </ns3:TrackPointExtension>
        </extensions>
      </trkpt>
      <trkpt lat="49.67227793298661708831787109375" lon="-123.13410471193492412567138671875">
        <ele>756.5999755859375</ele>
        <time>2023-07-16T21:26:55.000Z</time>
        <extensions>
          <ns3:TrackPointExtension>
            <ns3:hr>141</ns3:hr>
          </ns3:TrackPointExtension>
        </extensions>
      </trkpt>
      <trkpt lat="49.6722939424216747283935546875" lon="-123.134104795753955841064453125">
        <ele>756.5999755859375</ele>
        <time>2023-07-16T21:26:56.000Z</time>
        <extensions>
          <ns3:TrackPointExtension>
            <ns3:hr>142</ns3:hr>
          </ns3:TrackPointExtension>
        </extensions>
      </trkpt>
      <trkpt lat="49.67229343950748443603515625" lon="-123.13409314490854740142822265625">
        <ele>757</ele>
        <time>2023-07-16T21:26:58.000Z</time>
        <extensions>
          <ns3:TrackPointExtension>
            <ns3:hr>142</ns3:hr>
          </ns3:TrackPointExtension>
        </extensions>
      </trkpt>
      <trkpt lat="49.672279022634029388427734375" lon="-123.13406347297132015228271484375">
        <ele>757.20001220703125</ele>
        <time>2023-07-16T21:27:01.000Z</time>
        <extensions>
          <ns3:TrackPointExtension>
            <ns3:hr>145</ns3:hr>
          </ns3:TrackPointExtension>
        </extensions>
      </trkpt>
      <trkpt lat="49.6722862310707569122314453125" lon="-123.13408928923308849334716796875">
        <ele>757.20001220703125</ele>
        <time>2023-07-16T21:27:02.000Z</time>
        <extensions>
          <ns3:TrackPointExtension>
            <ns3:hr>143</ns3:hr>
          </ns3:TrackPointExtension>
        </extensions>
      </trkpt>
      <trkpt lat="49.67228815890848636627197265625" lon="-123.1340892054140567779541015625">
        <ele>757.20001220703125</ele>
        <time>2023-07-16T21:27:04.000Z</time>
        <extensions>
          <ns3:TrackPointExtension>
            <ns3:hr>146</ns3:hr>
          </ns3:TrackPointExtension>
        </extensions>
      </trkpt>
      <trkpt lat="49.672288410365581512451171875" lon="-123.13408710993826389312744140625">
        <ele>757.4000244140625</ele>
        <time>2023-07-16T21:27:05.000Z</time>
        <extensions>
          <ns3:TrackPointExtension>
            <ns3:hr>143</ns3:hr>
          </ns3:TrackPointExtension>
        </extensions>
      </trkpt>
      <trkpt lat="49.67227357439696788787841796875" lon="-123.1341022811830043792724609375">
        <ele>757.5999755859375</ele>
        <time>2023-07-16T21:27:08.000Z</time>
        <extensions>
          <ns3:TrackPointExtension>
            <ns3:hr>142</ns3:hr>
          </ns3:TrackPointExtension>
        </extensions>
      </trkpt>
      <trkpt lat="49.67228380031883716583251953125" lon="-123.13410756178200244903564453125">
        <ele>758.79998779296875</ele>
        <time>2023-07-16T21:27:12.000Z</time>
        <extensions>
          <ns3:TrackPointExtension>
            <ns3:hr>140</ns3:hr>
          </ns3:TrackPointExtension>
        </extensions>
      </trkpt>
      <trkpt lat="49.67227592132985591888427734375" lon="-123.13411091454327106475830078125">
        <ele>759.20001220703125</ele>
        <time>2023-07-16T21:27:15.000Z</time>
        <extensions>
          <ns3:TrackPointExtension>
            <ns3:hr>139</ns3:hr>
          </ns3:TrackPointExtension>
        </extensions>
      </trkpt>
      <trkpt lat="49.67225186526775360107421875" lon="-123.1341232359409332275390625">
        <ele>759.5999755859375</ele>
        <time>2023-07-16T21:27:20.000Z</time>
        <extensions>
          <ns3:TrackPointExtension>
            <ns3:hr>142</ns3:hr>
          </ns3:TrackPointExtension>
        </extensions>
      </trkpt>
      <trkpt lat="49.672256894409656524658203125" lon="-123.13413740135729312896728515625">
        <ele>759.5999755859375</ele>
        <time>2023-07-16T21:27:26.000Z</time>
        <extensions>
          <ns3:TrackPointExtension>
            <ns3:hr>143</ns3:hr>
          </ns3:TrackPointExtension>
        </extensions>
      </trkpt>
      <trkpt lat="49.6723066829144954681396484375" lon="-123.13408275134861469268798828125">
        <ele>759.79998779296875</ele>
        <time>2023-07-16T21:27:31.000Z</time>
        <extensions>
          <ns3:TrackPointExtension>
            <ns3:hr>143</ns3:hr>
          </ns3:TrackPointExtension>
        </extensions>
      </trkpt>
      <trkpt lat="49.6722994744777679443359375" lon="-123.13408744521439075469970703125">
        <ele>759.79998779296875</ele>
        <time>2023-07-16T21:27:32.000Z</time>
        <extensions>
          <ns3:TrackPointExtension>
            <ns3:hr>143</ns3:hr>
          </ns3:TrackPointExtension>
        </extensions>
      </trkpt>
      <trkpt lat="49.67227474786341190338134765625" lon="-123.13409708440303802490234375">
        <ele>761</ele>
        <time>2023-07-16T21:27:36.000Z</time>
        <extensions>
          <ns3:TrackPointExtension>
            <ns3:hr>143</ns3:hr>
          </ns3:TrackPointExtension>
        </extensions>
      </trkpt>
      <trkpt lat="49.67226150445640087127685546875" lon="-123.1340640597045421600341796875">
        <ele>761.5999755859375</ele>
        <time>2023-07-16T21:27:41.000Z</time>
        <extensions>
          <ns3:TrackPointExtension>
            <ns3:hr>145</ns3:hr>
          </ns3:TrackPointExtension>
        </extensions>
      </trkpt>
      <trkpt lat="49.67225664295256137847900390625" lon="-123.13405659981071949005126953125">
        <ele>762</ele>
        <time>2023-07-16T21:27:43.000Z</time>
        <extensions>
          <ns3:TrackPointExtension>
            <ns3:hr>144</ns3:hr>
          </ns3:TrackPointExtension>
        </extensions>
      </trkpt>
      <trkpt lat="49.67225044034421443939208984375" lon="-123.13404855318367481231689453125">
        <ele>762.4000244140625</ele>
        <time>2023-07-16T21:27:48.000Z</time>
        <extensions>
          <ns3:TrackPointExtension>
            <ns3:hr>142</ns3:hr>
          </ns3:TrackPointExtension>
        </extensions>
      </trkpt>
      <trkpt lat="49.672253541648387908935546875" lon="-123.1340493075549602508544921875">
        <ele>762.5999755859375</ele>
        <time>2023-07-16T21:27:50.000Z</time>
        <extensions>
          <ns3:TrackPointExtension>
            <ns3:hr>141</ns3:hr>
          </ns3:TrackPointExtension>
        </extensions>
      </trkpt>
      <trkpt lat="49.6722503565251827239990234375" lon="-123.13401804305613040924072265625">
        <ele>762.79998779296875</ele>
        <time>2023-07-16T21:27:57.000Z</time>
        <extensions>
          <ns3:TrackPointExtension>
            <ns3:hr>139</ns3:hr>
          </ns3:TrackPointExtension>
        </extensions>
      </trkpt>
      <trkpt lat="49.67222143895924091339111328125" lon="-123.13398920930922031402587890625">
        <ele>763</ele>
        <time>2023-07-16T21:28:03.000Z</time>
        <extensions>
          <ns3:TrackPointExtension>
            <ns3:hr>138</ns3:hr>
          </ns3:TrackPointExtension>
        </extensions>
      </trkpt>
      <trkpt lat="49.672193191945552825927734375" lon="-123.13398434780538082122802734375">
        <ele>763.79998779296875</ele>
        <time>2023-07-16T21:28:09.000Z</time>
        <extensions>
          <ns3:TrackPointExtension>
            <ns3:hr>135</ns3:hr>
          </ns3:TrackPointExtension>
        </extensions>
      </trkpt>
      <trkpt lat="49.672186486423015594482421875" lon="-123.133977390825748443603515625">
        <ele>764</ele>
        <time>2023-07-16T21:28:10.000Z</time>
        <extensions>
          <ns3:TrackPointExtension>
            <ns3:hr>135</ns3:hr>
          </ns3:TrackPointExtension>
        </extensions>
      </trkpt>
      <trkpt lat="49.67218078672885894775390625" lon="-123.13397705554962158203125">
        <ele>764.4000244140625</ele>
        <time>2023-07-16T21:28:11.000Z</time>
        <extensions>
          <ns3:TrackPointExtension>
            <ns3:hr>135</ns3:hr>
          </ns3:TrackPointExtension>
        </extensions>
      </trkpt>
      <trkpt lat="49.672167710959911346435546875" lon="-123.13397915102541446685791015625">
        <ele>764.79998779296875</ele>
        <time>2023-07-16T21:28:16.000Z</time>
        <extensions>
          <ns3:TrackPointExtension>
            <ns3:hr>135</ns3:hr>
          </ns3:TrackPointExtension>
        </extensions>
      </trkpt>
      <trkpt lat="49.67216410674154758453369140625" lon="-123.13396590761840343475341796875">
        <ele>765.4000244140625</ele>
        <time>2023-07-16T21:28:20.000Z</time>
        <extensions>
          <ns3:TrackPointExtension>
            <ns3:hr>136</ns3:hr>
          </ns3:TrackPointExtension>
        </extensions>
      </trkpt>
      <trkpt lat="49.67215723358094692230224609375" lon="-123.13393774442374706268310546875">
        <ele>766</ele>
        <time>2023-07-16T21:28:23.000Z</time>
        <extensions>
          <ns3:TrackPointExtension>
            <ns3:hr>138</ns3:hr>
          </ns3:TrackPointExtension>
        </extensions>
      </trkpt>
      <trkpt lat="49.6721504442393779754638671875" lon="-123.1339542567729949951171875">
        <ele>766.4000244140625</ele>
        <time>2023-07-16T21:28:26.000Z</time>
        <extensions>
          <ns3:TrackPointExtension>
            <ns3:hr>141</ns3:hr>
          </ns3:TrackPointExtension>
        </extensions>
      </trkpt>
      <trkpt lat="49.67216192744672298431396484375" lon="-123.13395601697266101837158203125">
        <ele>766.5999755859375</ele>
        <time>2023-07-16T21:28:28.000Z</time>
        <extensions>
          <ns3:TrackPointExtension>
            <ns3:hr>143</ns3:hr>
          </ns3:TrackPointExtension>
        </extensions>
      </trkpt>
      <trkpt lat="49.67217131517827510833740234375" lon="-123.13394017517566680908203125">
        <ele>766.79998779296875</ele>
        <time>2023-07-16T21:28:30.000Z</time>
        <extensions>
          <ns3:TrackPointExtension>
            <ns3:hr>144</ns3:hr>
          </ns3:TrackPointExtension>
        </extensions>
      </trkpt>
      <trkpt lat="49.672154299914836883544921875" lon="-123.13392718322575092315673828125">
        <ele>767.5999755859375</ele>
        <time>2023-07-16T21:28:34.000Z</time>
        <extensions>
          <ns3:TrackPointExtension>
            <ns3:hr>144</ns3:hr>
          </ns3:TrackPointExtension>
        </extensions>
      </trkpt>
      <trkpt lat="49.67215103097259998321533203125" lon="-123.1339249201118946075439453125">
        <ele>768.20001220703125</ele>
        <time>2023-07-16T21:28:35.000Z</time>
        <extensions>
          <ns3:TrackPointExtension>
            <ns3:hr>144</ns3:hr>
          </ns3:TrackPointExtension>
        </extensions>
      </trkpt>
    </trkseg>
  </trk>
</gpx>
